"id","title","publisher","url","date","accessed","type","strength","crossVerified","usedFor","notes","publishedAt","publishedDateLabel","accessedAt","sourceClass","usageCount","retentionStatus"
"src-yeida-onemap-current","YEIDA ONE official GIS portal","Yamuna Expressway Industrial Development Authority","https://onemap.yamunaexpresswayauthority.com/yeida/citizen","Discovered 2026-08-16","2026-08-16","Official GIS portal","HIGH","true","Current official YEIDA GIS portal, privacy-safe planning polygons and RERA project-parcel crosswalk","Data is exported through the public citizen browser context. Personal contacts, addresses, proprietorship names and unclassified allottee names are excluded.",,"Discovered 2026-08-16","2026-08-16","OFFICIAL","28","REFERENCED"
"src-gnida-onemap","OneMap Greater Noida","Greater Noida Industrial Development Authority / NIC","https://onemapup.nic.in/gnida/Map.aspx","Live service","2026-08-15","Official GIS","HIGH","true","Plot geometry, land use, allotment status, sectors, utilities and transport layers","Current public Plot layer count observed: 73,115. Natural-person cadastral owner names are excluded.",,"Live service","2026-08-15","OFFICIAL","0","CONTEXT_ONLY"
"src-gnida-mapconfig","GNIDA OneMap configuration and ArcGIS layer catalogue","NIC","https://onemapup.nic.in/gnida/config/mapConfig.js","Updated through 2026-08-14","2026-08-15","Official GIS configuration","HIGH","true","Official layer identities and live ArcGIS service discovery","The configuration identifies Plot, KHASRA, sector, road, railway, metro and utility layers.",,"Updated through 2026-08-14","2026-08-15","OFFICIAL","0","CONTEXT_ONLY"
"src-local-onemap-snapshot","GNIDA OneMap warehouse snapshot","Local evidence warehouse derived from official OneMap","https://onemapup.nic.in/gnida/Map.aspx","2026-06-18","2026-08-15","Derived official-data snapshot","HIGH","true","Aggregate plot counts and non-individual land-use context","Snapshot contains 73,120 GNIDA plots; live service now returns 73,115, so five records differ and require reconciliation.","2026-06-18","2026-06-18","2026-08-15","OFFICIAL","0","CONTEXT_ONLY"
"src-noida-onemap","OneMap Noida","New Okhla Industrial Development Authority / NIC","https://onemapup.nic.in/NOIDA/Map.aspx","Live service","2026-08-15","Official GIS","HIGH","true","Plot geometry, land use, allotment status, sectors, villages and utility layers","Current public Plot layer and the 2026-06-18 snapshot both contain 67,442 records.",,"Live service","2026-08-15","OFFICIAL","1","REFERENCED"
"src-noida-mapconfig","Noida OneMap configuration and ArcGIS layer catalogue","NIC","https://onemapup.nic.in/NOIDA/config/mapConfig.js","Updated through 2026-08-14","2026-08-15","Official GIS configuration","HIGH","true","Official Plot, KHASRA, sector, village, utility, work-contract and Gati Shakti service discovery","Applicant, tenant, project and milestone fields exist in schema but public records inspected contain blank placeholders.",,"Updated through 2026-08-14","2026-08-15","OFFICIAL","0","CONTEXT_ONLY"
"src-local-noida-snapshot","Noida OneMap warehouse snapshot","Local evidence warehouse derived from official OneMap","https://onemapup.nic.in/NOIDA/Map.aspx","2026-06-18","2026-08-15","Derived official-data snapshot","HIGH","true","Aggregate Noida plot counts and non-individual land-use context","Snapshot contains 67,442 Noida plots and matches the live Plot-layer count.","2026-06-18","2026-06-18","2026-08-15","OFFICIAL","0","CONTEXT_ONLY"
"src-rera-up-main","UP RERA project registry","Uttar Pradesh Real Estate Regulatory Authority","https://www.up-rera.in/","Live registry","2026-08-15","Regulatory registry","HIGH","false","Project registration and promoter verification","Project-specific certificates remain preferable to search-result summaries.",,"Live registry","2026-08-15","OFFICIAL","1","REFERENCED"
"src-rera-ats-allure","ATS Allure project details","UP RERA","https://www.up-rera.in/Frm_View_Project_Details.aspx?id=918","Registry record","2026-08-15","Regulatory project record","HIGH","true","ATS Allure promoter, registration and completion",,,"Registry record","2026-08-15","REGULATORY","4","REFERENCED"
"src-housing-ats-allure","ATS Allure sale and rental listings","Housing.com","https://housing.com/in/buy/projects/page/30152-ats-allure-by-ats-infrastructure-limited-in-yeida","Live listings","2026-08-15","Property portal","MEDIUM","true","Asking-price and rent ranges","Listings are not registered transactions.",,"Live listings","2026-08-15","MARKET","4","REFERENCED"
"src-ats-delay-orders","ATS Allure possession and delay-interest orders","SND Legal Associates summary of UP RERA orders","https://www.sndlegalassociates.com/post/up-rera-ats-allure-to-ensure-delivery-of-possession-by-feb-2022-and-payment-of-delay-interest","2022","2026-08-15","Legal case summary","MEDIUM","true","Historic delivery-delay risk","Secondary summary; underlying orders should be preferred for litigation use.",,"2022","2026-08-15","LEGAL","1","REFERENCED"
"src-rera-ace-terra","ACE Terra project summary","UP RERA","https://up-rera.in/Projectsummary?UI0aPA1ISD=ha1rI+Yf8dQ=&NPJ6RAme=RD4WvtmSELODLVTyl8GfiA==&PaURJEMAN4=ZL9MNERkNdYVibfTHi0iwAANqXFIUX8E&IRSAHEB=D6PY3lyims8=","Registry record","2026-08-15","Regulatory project record","HIGH","true","ACE Terra registration and declared completion",,,"Registry record","2026-08-15","REGULATORY","3","REFERENCED"
"src-ace-terra","ACE Terra Sector 22D project page","ACE Group","https://acegroupindia.com/sector-22d-yamuna-expressway.php","Live project page","2026-08-15","Promoter disclosure","HIGH","true","Configuration and location claims","Commercial claims require independent verification.",,"Live project page","2026-08-15","CORPORATE","2","REFERENCED"
"src-rera-sunbliss","Purvanchal Sunbliss project summary","UP RERA","https://up-rera.in/Projectsummary?UI0aPA1ISD=xR+wyQ0QrY4=&NPJ6RAme=Oq4WtnhfFzTXEiqh0qQW8/Vn1+0WJAKd8UDJQSWO763Eud1LcQC2p0iIZorH6SkBpOKqurRu4VQ=&PaURJEMAN4=ZL9MNERkNdZt8EFRNGdqs9nU3sH6FbM7&IRSAHEB=D6PY3lyims8=","Registry record","2026-08-15","Regulatory project record","HIGH","true","Sunbliss registration, promoter and completion",,,"Registry record","2026-08-15","REGULATORY","5","REFERENCED"
"src-listing-sunbliss","Purvanchal Sunbliss listings","99acres","https://www.99acres.com/purvanchal-sunbliss-sector-22d-yamuna-expressway-greater-noida-npxid-r438191","Live listings","2026-08-15","Property portal","MEDIUM","false","Configuration and asking-price range","Asking prices only.",,"Live listings","2026-08-15","MARKET","2","REFERENCED"
"src-eldeco-ballads","Eldeco Ballads of Bliss","Eldeco Group","https://www.eldecogroup.com/residential/eldeco-ballads-of-bliss","Live project page","2026-08-15","Promoter disclosure","HIGH","true","Promoter, launch and configuration","Unit-count and pricing claims require regulatory/portal reconciliation.",,"Live project page","2026-08-15","CORPORATE","1","REFERENCED"
"src-listing-eldeco-ballads","Eldeco Ballads of Bliss listings","99acres","https://www.99acres.com/eldeco-ballads-of-bliss-sector-22d-yamuna-expressway-greater-noida-npxid-r442999","Live listings","2026-08-15","Property portal","MEDIUM","false","Advertised configurations and asking prices","Sources conflict on unit count.",,"Live listings","2026-08-15","MARKET","0","CONTEXT_ONLY"
"src-rera-gaur-chrysalis","Gaur Chrysalis project summary","UP RERA","https://up-rera.in/Projectsummary?UI0aPA1ISD=tu9BOTM+k0Q=&NPJ6RAme=sXeiw9OmOTdj60IwKhGm8p55ZbBxMxAXB3HBwDEUnvM=&PaURJEMAN4=ZL9MNERkNdbgL6vHkcx5i07MLmYeVgpw&IRSAHEB=D6PY3lyims8=","Registry record","2026-08-15","Regulatory project record","HIGH","true","Gaur Chrysalis registration and declared schedule",,,"Registry record","2026-08-15","REGULATORY","4","REFERENCED"
"src-rera-tracker-arihant","Arihant Seasons RERA-derived summary","RERA Tracker","https://reratracker.com/arihant-seasons-in-sector-22d-yamuna-expressway-by-arihant-group-rtid5486","Live summary","2026-08-15","RERA-derived portal","MEDIUM","true","Registration, schedule and infrastructure filing summary","Direct UP RERA certificate remains stronger.",,"Live summary","2026-08-15","REGULATORY","2","REFERENCED"
"src-listing-arihant","Arihant Seasons listings","99acres","https://www.99acres.com/arihant-seasons-sector-22d-yamuna-expressway-greater-noida-npxid-r462535","Live listings","2026-08-15","Property portal","MEDIUM","false","Advertised launch/current pricing","Asking prices only.",,"Live listings","2026-08-15","MARKET","2","REFERENCED"
"src-rera-tracker-vvip","VVIP Yamuna RERA-derived summary","RERA Tracker","https://reratracker.com/vvip-yamuna-in-sector-22d-yamuna-expressway-by-vvip-group-rtid5437","Live summary","2026-08-15","RERA-derived portal","MEDIUM","false","Registration and declared site works","Direct apartment schedule remains required.",,"Live summary","2026-08-15","REGULATORY","3","REFERENCED"
"src-rera-greenbay","Greenbay Golf Homes project record","UP RERA","https://up-rera.in/Frm_View_Project_Details.aspx?id=9693","Registry record","2026-08-15","Regulatory project record","HIGH","true","Greenbay registration and promoter",,,"Registry record","2026-08-15","REGULATORY","1","REFERENCED"
"src-greenbay-dues","Greenbay authority-dues default","MagicBricks News","https://www.magicbricks.com/news/greenbay-infrastructure-defaults-on-rs-101-crore-installment--township-project-in-sector-22d-may-be-cancelled/140767.html","2025","2026-08-15","Established property news","MEDIUM","true","Authority dues and cancellation risk","Current authority demand should be refreshed before transaction.",,"2025","2026-08-15","MARKET","2","REFERENCED"
"src-supertech-cirp","NCLT admits Supertech Township Projects insolvency","Hindustan Times","https://www.hindustantimes.com/cities/noida-news/nclt-begins-insolvency-resolution-process-against-supertech-101721586740411.html","2024-07","2026-08-15","Established media / legal proceeding report","MEDIUM","true","Supertech Golf Country insolvency risk","Current CIRP orders and resolution status require transaction-time refresh.",,"2024-07","2026-08-15","LEGAL","2","REFERENCED"
"src-rera-supertech","Supertech Golf Country phase project record","UP RERA","https://up-rera.in/Frm_View_Project_Details.aspx?id=5863","Registry record","2026-08-15","Regulatory project record","HIGH","true","Golf Country phase status",,,"Registry record","2026-08-15","REGULATORY","2","REFERENCED"
"src-affordable-rera-mirror","YEIDA Affordable Housing RERA record mirror","Aurum PropTech","https://www.aurumproptech.in/pulse/rera/uttar-pradesh/gautam-buddha-nagar/affordable-housing-sector-22d-yeida/upreraprj8647","Registry mirror","2026-08-15","RERA-derived portal","MEDIUM","false","Affordable Housing registration reference","Direct UP RERA record is preferred.",,"Registry mirror","2026-08-15","REGULATORY","0","CONTEXT_ONLY"
"src-affordable-oc-warning","YEIDA Affordable Housing completion-document review","QuietList","https://quietlist.in/noida/affordable-housing-sector-22d-yeida","Live review","2026-08-15","Independent property review","LOW","false","OC/CC evidence-gap warning","Low-strength source; unit-level authority confirmation required.",,"Live review","2026-08-15","MARKET","1","REFERENCED"
"src-yeida-auction-2024","YEIDA allots Sector 22D group-housing plots","Times of India","https://timesofindia.indiatimes.com/city/noida/yeida-allots-2-plots-for-housing-societies-near-noida-airport/articleshow/111765531.cms","2024-07","2026-08-15","Established media reporting official auction","MEDIUM","true","Purvanchal and Eldeco plot area and consideration","Authority auction result should be retained as ultimate source when available.",,"2024-07","2026-08-15","OFFICIAL","7","REFERENCED"
"src-yeida-auction-moneycontrol","YEIDA group-housing auction allotments","Moneycontrol","https://www.moneycontrol.com/news/business/real-estate/realty-firms-eldeco-purvanchal-projects-arihant-buildwell-buy-group-housing-plots-near-noida-airport-12850085.html","2024","2026-08-15","Established business media reporting official auction","MEDIUM","true","Allottee names, parcel sizes and auction consideration","Land allotment does not authorize apartment sale without project RERA.",,"2024","2026-08-15","OFFICIAL","3","REFERENCED"
"src-nia-operations","Noida International Airport commercial operations","Noida International Airport","https://www.niairport.in/en/company/news/2026/2026-06-15","2026-06-15","2026-08-15","Operator announcement","HIGH","true","Airport operational milestone","Local direct headcount was not disclosed.","2026-06-15","2026-06-15","2026-08-15","CORPORATE","11","REFERENCED"
"src-nia-cargo","Noida International Airport cargo","Noida International Airport","https://www.niairport.in/en/company/cargo","Live operator page","2026-08-15","Operator disclosure","HIGH","true","AISATS structure and cargo capacity","Company-wide AISATS employment is not local terminal employment.",,"Live operator page","2026-08-15","CORPORATE","3","REFERENCED"
"src-vivo-start","Vivo begins production near Yamuna Expressway","Times of India","https://timesofindia.indiatimes.com/city/noida/smartphone-maker-starts-production-off-yamuna-expressway/articleshow/110545402.cms","2024","2026-08-15","Established media","MEDIUM","true","Vivo facility operating milestone and reported employment","Reported workforce is not independently filed.",,"2024","2026-08-15","MEDIA","3","REFERENCED"
"src-vivo-dixon","Vivo-Dixon joint venture and plant transfer","Moneycontrol","https://www.moneycontrol.com/technology/vivo-s-dixon-jv-to-anchor-india-localisation-strategy-greater-noida-plant-transfer-iot-manufacturing-planned-article-13972453.html","2026","2026-08-15","Established business media","MEDIUM","true","Ownership/asset transition and double-count prevention","The transaction is not a second factory.",,"2026","2026-08-15","MEDIA","4","REFERENCED"
"src-haier-expansion","Haier expands Greater Noida plant","Haier India","https://www.haier.com/in/about-haier/news/with-a-focus-on-made-in-india-made-for-india-haier-expands-greater-noida-plant.shtml","Company release","2026-08-15","Commercial filing-derived profile","HIGH","true","Existing operations, investment, employment and expansion","Existing and incremental employment are kept separate.",,"Company release","2026-08-15","OTHER","2","REFERENCED"
"src-bhagwati-ramp","Bhagwati Products workforce ramp","Manufacturing Today India","https://www.manufacturingtodayindia.com/bhagwati-products-gears-up-for-next-growth-phase-in-greater-noida","2025","2026-08-15","Trade media","MEDIUM","false","Operating status and reported workforce ramp","Exact facility headcount lacks a public filing.",,"2025","2026-08-15","MEDIA","1","REFERENCED"
"src-samsung-noida","Samsung inaugurates expanded Noida mobile factory","Samsung India","https://news.samsung.com/in/samsung-inaugurates-worlds-largest-mobile-factory-in-india","2018","2026-08-15","Company disclosure","HIGH","true","Factory scale, historic capex and incremental-job announcement","Historic incremental jobs are not current headcount.",,"2018","2026-08-15","CORPORATE","1","REFERENCED"
"src-yeida-14-operational","Fourteen companies begin operations in YEIDA region","Hindustan Times","https://www.hindustantimes.com/cities/noida-news/14-companies-begin-operations-in-yeida-region-in-noida-101740153088836.html","2025-02","2026-08-15","Established media reporting authority data","MEDIUM","false","Avery Dennison, Surya Global, Bikanerwala and Mtandt operational milestones","Facility jobs were not disclosed.",,"2025-02","2026-08-15","OFFICIAL","15","REFERENCED"
"src-avaada-dadri","Avaada Dadri plant inauguration and expansion","Avaada Electro","https://avaadaelectro.com/wp-content/uploads/2025/05/Dadri-Plant-Inauguration.pdf","2025-05","2026-08-15","Company release","HIGH","true","Dadri operations and Ecotech-16 construction","Expansion jobs are not cleanly split by facility.",,"2025-05","2026-08-15","CORPORATE","2","REFERENCED"
"src-ntt-noida2","NTT opens Noida 2 data-centre campus","NTT Global Data Centers","https://services.global.ntt/en-us/newsroom/ntt-expands-india-footprint-with-new-data-center-campus-in-noida","2024-01","2026-08-15","Company release","HIGH","true","Operational date, area and power capacity","Local jobs not disclosed.",,"2024-01","2026-08-15","CORPORATE","1","REFERENCED"
"src-yotta-d1","Yotta launches Greater Noida D1","Yotta Infrastructure","https://yotta.com/press-releases/yotta-launches-north-indias-first-hyperscale-data-center-yotta-d1-in-greater-noida/","2022-10","2026-08-15","Company release","HIGH","true","D1 operational date, racks and power capacity","Campus MoU values are not substituted for converted D1 capex.",,"2022-10","2026-08-15","CORPORATE","2","REFERENCED"
"src-sify-noida","Sify Noida data centre","Sify Technologies","https://www.sifytechnologies.com/data-center/noida-data-center/","Live company page","2026-08-15","Company disclosure","HIGH","false","Operational status and MW capacity","Local employment not disclosed.",,"Live company page","2026-08-15","CORPORATE","1","REFERENCED"
"src-fortis-greater-noida","Fortis expands Greater Noida footprint","IHH Healthcare","https://www.ihhhealthcare.com/newsroom/care-in-action/fortis-healthcare-expands-footprint-with-new-200-bed-hospital-in-greater-noida","2025","2026-08-15","Company disclosure","HIGH","true","Hospital operating arrangement and bed capacity","This is an operating-arrangement conversion, not a new greenfield hospital.",,"2025","2026-08-15","CORPORATE","1","REFERENCED"
"src-india-chip","Foundation stone for India Chip Jewar facility","HCL","https://hcl.com/media_management/honble-prime-minister-of-india-shri-narendra-modi-lays-the-foundation-stone-for-india-chip-pvt-ltd-in-jewar/","2026-02-21","2026-08-15","Company release","HIGH","true","Physical start, ownership, capex, jobs and target","Direct/indirect job split was not published.","2026-02-21","2026-02-21","2026-08-15","CORPORATE","3","REFERENCED"
"src-amber-disclosures","Amber Group regulatory disclosures","Amber Enterprises India Ltd","https://www.ir.ambergroupindia.com/investor-information/announcements/disclosures-under-regulation-30/","2026","2026-08-15","Listed-company disclosure","HIGH","true","YEIDA allotments and combined programme economics","Amber and Ascent figures are combined and not additive.",,"2026","2026-08-15","CORPORATE","3","REFERENCED"
"src-amber-groundbreaking","Amber Group electronics-project groundbreaking","Manufacturing Today India","https://www.manufacturingtodayindia.com/amber-group-breaks-ground-on-%E2%82%B96785-crore-electronics-project","2026-06","2026-08-15","Trade media","MEDIUM","true","Physical groundbreaking","Combined capex must not be counted per facility.",,"2026-06","2026-08-15","MEDIA","2","REFERENCED"
"src-sael-release","SAEL integrated solar facility release","SAEL Industries","https://www.sael.co/newsroom/press-release/sael-to-set-up-rs8200-crore-integrated-solar-facility-in-uttar-pradesh/","2025","2026-08-15","Company release","HIGH","true","Project economics and Letter of Comfort","Company release does not prove substantial construction.",,"2025","2026-08-15","CORPORATE","1","REFERENCED"
"src-sael-allotment","YEIDA allots 200 acres to SAEL solar hub","Hindustan Times","https://www.hindustantimes.com/cities/noida-news/yeida-allots-200-acres-land-to-build-8-200-crore-solar-hub-101763320024281.html","2025","2026-08-15","Established media reporting authority action","MEDIUM","true","Land-allotment milestone","Construction remains unverified.",,"2025","2026-08-15","OFFICIAL","1","REFERENCED"
"src-investup-may2026","YEIDA land-allotment event","Invest UP","https://invest.up.gov.in/yeida-land-allotment/","2026-05-22","2026-08-15","Government release","HIGH","true","CESC, institutional and other allotment-letter milestones","Allotment letter is not lease, possession or construction.","2026-05-22","2026-05-22","2026-08-15","OFFICIAL","19","REFERENCED"
"src-may2026-allotments","UP issues YEIDA allotment letters","Business Standard","https://www.business-standard.com/economy/news/up-govt-signs-5k-cr-allotment-letters-with-companies-for-yeida-development-126052400664_1.html","2026-05","2026-08-15","Established business media","MEDIUM","true","CESC and Integrated Batteries project claims","Projected jobs remain outside committed employment.",,"2026-05","2026-08-15","MEDIA","2","REFERENCED"
"src-premier-medical","YEIDA allots Medical Device Park plot to Premier Medical","Hindustan Times","https://www.hindustantimes.com/cities/noida-news/yeida-allots-3-acres-to-a-medical-device-manufacturing-unit-101756839951917.html","2025-09-03","2026-08-16","Established media reporting authority action","MEDIUM","true","Premier Medical LOI, area, products, capex and jobs; also park/TI construction snapshot","The article reports an LOI, not a final allotment letter, lease deed, possession or construction. Its 23 signed-deed figure is lower than the 36 deeds reported on 2025-03-28; do not merge those snapshots without YEIDA's underlying register.","2025-09-03","2025-09-03","2026-08-16","OFFICIAL","5","REFERENCED"
"src-medical-device-park","Medical Device Park allotments","Invest UP","https://invest.up.gov.in/wp-content/uploads/2023/04/presse-28-04-23-6.pdf","2023-04","2026-08-15","Government-hosted Times of India clipping","MEDIUM","true","Medical Device Park company allotments","Current construction status needs plot-level authority records.",,"2023-04","2026-08-15","OFFICIAL","3","REFERENCED"
"src-toi-mdp-letters","Uttar Pradesh: 26 companies get allotment letters for plots at Medical Device Park","Times of India","https://timesofindia.indiatimes.com/city/noida/26-cos-get-allotment-letters-for-plots-at-medical-device-park/articleshow/99801369.cms","2023-04-27","2026-08-16","Established media covering YEIDA handover","MEDIUM","true","Mixed Phase-1 possession and Phase-2 allotment-letter/checklist event; Heidelco direct quote","The story does not map each named company to possession versus letter/checklist status.","2023-04-27","2023-04-27","2026-08-16","MEDIA","1","REFERENCED"
"src-india-infra-mdp-allottees","UP's First Medical Device Park: 26 Allottees Receive Nod To Establish Their Units","India Infra Hub","https://indiainfrahub.com/featured/ups-first-medical-device-park-26-allottees-receive-nod-to-establish-their-units-at-sector-28-in-yeida-region/","2023-04-27","2026-08-16","Infrastructure media covering YEIDA handover","MEDIUM","false","Auzein/Auxein, Heidelco, Q-Line, Ramsons/Romsons and Genuince/Genuine names, 4,000-sqm areas, products and capex","Published spellings are retained and registry matches are flagged where the source appears to contain a typo.","2023-04-27","2023-04-27","2026-08-16","MEDIA","5","REFERENCED"
"src-toi-mdp-named-allottees","First manufacturing unit ready at Medical Device Park","Times of India","https://timesofindia.indiatimes.com/city/noida/first-manufacturing-unit-ready-at-medical-device-park/articleshow/119612215.cms","2025-03-28","2026-08-16","Established media quoting YEIDA","MEDIUM","false","Named allottee list: Vanguard Diagnostics, Q-line Biotech, Bioradmedisys, Allengers, Epsilon, Romsons, Betamed, Avienbio and DiaSys; 74 plots/36 deeds/one completed/seven started","Names are reported as brands/shorthand; legal-entity matching requires corporate sources.","2025-03-28","2025-03-28","2026-08-16","MEDIA","9","REFERENCED"
"src-toi-ti-medical","Murugappa gets land to set up factory for nebulisers, needles","Times of India","https://timesofindia.indiatimes.com/city/noida/murugappa-group-to-set-up-factory-for-nebulisers-and-needles-in-noida/articleshow/111524548.cms","2024-07-06","2026-08-16","Established media reporting authority allotment","MEDIUM","true","TI Medical allotment date, 11-acre area, shareholding, products and Rs 215-crore proposal","No plot number, premium, deed or possession date is disclosed.","2024-07-06","2024-07-06","2026-08-16","OFFICIAL","2","REFERENCED"
"src-digital-health-krish","Krish Biomedicals Set to Launch Operations at YEIDA Medical Device Park","Digital Health News","https://www.digitalhealthnews.com/krish-biomedicals-set-to-launch-operations-at-yeida-medical-device-park","2025-09","2026-08-16","Healthcare industry news","MEDIUM","true","Krish plot 49, 1,000-sqm area, 2023 allotment, products, capacity and Rs 6-crore capex","The article does not publish the allotment letter, lease deed or legal-entity CIN.",,"2025-09","2026-08-16","MEDIA","1","REFERENCED"
"src-krish-inauguration","First manufacturing unit inaugurated at YEIDA Medical Device Park","Medical Buyer","https://www.medicalbuyer.co.in/first-manufacturing-unit-inaugurated-at-yeida-medical-device-park/","2025-09-22","2026-08-16","Medical-device trade media","MEDIUM","true","Krish Biomedicals inauguration and first-operational-unit status","Corporate landholding identity is not stated.","2025-09-22","2025-09-22","2026-08-16","MEDIA","2","REFERENCED"
"src-krish-company","Krish Biomedicals contact and manufacturing address","Krish Biomedicals","https://www.krishbiomedicals.in/contact-us","Live company page","2026-08-16","Company disclosure","HIGH","true","Plot 49, Sector 28 manufacturing address","The page uses the brand/company-facing name but does not state the leaseholding CIN.",,"Live company page","2026-08-16","CORPORATE","1","REFERENCED"
"src-corp-krish","Krish Biomedicals Private Limited corporate profile","ZaubaCorp","https://www.zaubacorp.com/KRISH-BIOMEDICALS-PRIVATE-LIMITED-U33110DL2014PTC271717","MCA-compatible registry mirror","2026-08-16","Corporate registry mirror","MEDIUM","false","Closest exact company-name/CIN match and strike-off warning","The allotment/lease deed is required to prove this is the legal plot holder; a separate active similarly named company exists.",,"MCA-compatible registry mirror","2026-08-16","OFFICIAL","1","REFERENCED"
"src-avience-rhp","Avience Biomedicals Limited Red Herring Prospectus","Avience Biomedicals Limited","https://avienbio.com/wp-content/uploads/2026/06/RHP.pdf","2026-06-12","2026-08-16","SEBI-regulated issuer disclosure","HIGH","true","Plot 70, area, allotment letter, land cost, lease deed, building-plan approval, project capex, construction and commissioning schedule","Key pages: RHP pp. 96-97 and internal p. 126 (PDF p. 130) for the implementation schedule; October 2026 is a target, not operation evidence.","2026-06-12","2026-06-12","2026-08-16","CORPORATE","1","REFERENCED"
"src-impressive-mdp-review","YEIDA Medical Devices Park review and construction progress","Impressive Times","https://impressivetimes.com/latest/yeida-medical-devices-park-review-construction-progress/","2025-07-12","2026-08-16","Local media covering official review visit","MEDIUM","true","89 plots, 65 checklists, 47 registrations, 10 plans, seven construction sites and Avience Rs 22-crore mention","The Rs 22-crore mention predates the later RHP project-cost disclosure and is not used as final project capex.","2025-07-12","2025-07-12","2026-08-16","OFFICIAL","1","REFERENCED"
"src-qline-facility","Proposed manufacturing plant at Medical Devices Park, YEIDA","Q-Line Biotech Limited","https://qlinebiotech.com/our-facility-proposed-manufacturing-plant-at-medical-devices-park-yeida","Live company page","2026-08-16","Company disclosure","HIGH","true","Proposed approximately 10,000-sqm YEIDA IVD facility and product scope","The company's area description conflicts with the 4,000-sqm 2023 handover report and does not identify a plot number.",,"Live company page","2026-08-16","CORPORATE","1","REFERENCED"
"src-qline-rhp","Q-Line Biotech Limited Red Herring Prospectus","Q-Line Biotech Limited","https://admin.qlinebiotech.com/uploads/investor/4787d1e29d94c4d14f528626ac9c2b2c.pdf","2026-05-16","2026-08-16","SEBI-regulated issuer disclosure","HIGH","true","CIN and YEIDA property investment carrying value through 2025-12-31","The filing does not disclose a YEIDA plot number, lease-deed date or construction milestone.","2026-05-16","2026-05-16","2026-08-16","CORPORATE","1","REFERENCED"
"src-fpj-mdp-progress","YEIDA Emerges As A New Hub Of Medical Device Manufacturing, Land Allotted To 101 Units","Free Press Journal","https://www.freepressjournal.in/india/yeida-emerges-as-a-new-hub-of-medical-device-manufacturing-land-allotted-to-101-units","2026-02-04","2026-08-16","Media reproduction of YEIDA progress report","MEDIUM","false","101 plots, 85 investors submitted lease plans, 62 deeds, 49 possessions, 23 building plans and 12 construction sites","These are plot/unit aggregates, not a named-firm ledger.","2026-02-04","2026-02-04","2026-08-16","MEDIA","1","REFERENCED"
"src-toi-mdp-120","Medical device park to be developed as manufacturing hub","Times of India","https://timesofindia.indiatimes.com/city/noida/medical-device-park-to-be-developed-as-manufacturing-hub/articleshow/132447743.cms","2026-07-17","2026-08-16","Established media quoting YEIDA Additional CEO","MEDIUM","false","Latest public snapshot: 120 industrial plots allotted and over 20 companies started construction","No updated lease, possession, plan or operating-unit counts were supplied.","2026-07-17","2026-07-17","2026-08-16","MEDIA","1","REFERENCED"
"src-corp-ti-medical","TI Medical Private Limited annual report 2024-25","TI Medical Private Limited / Tube Investments of India","https://tiindia.com/wp-content/uploads/2025/07/TI-Medical-20th-AGM-Notice-Annual-Report-2024-25-1.pdf","2025","2026-08-16","Company annual report","HIGH","true","Exact legal entity and corporate operating context","The annual report did not expose plot-level YEIDA dates in searchable text.",,"2025","2026-08-16","CORPORATE","2","REFERENCED"
"src-corp-premier","Premier Medical Systems And Devices Private Ltd corporate profile","The Company Check","https://www.thecompanycheck.com/company/premier-medical-systems-and-devices-private-ltd/U65910DL1987PTC027888","MCA-compatible registry profile","2026-08-16","Corporate registry mirror","MEDIUM","true","Exact legal name and CIN","The HT authority report is the evidence for the YEIDA LOI.",,"MCA-compatible registry profile","2026-08-16","OFFICIAL","2","REFERENCED"
"src-corp-auxein","Auxein Medical Private Limited corporate profile","ZaubaCorp","https://www.zaubacorp.com/company/AUXEIN-MEDICAL-PRIVATE-LIMITED/U33110DL2012PTC241539","MCA-compatible registry mirror","2026-08-16","Corporate registry mirror","MEDIUM","true","Registry match for published 'Auzein Medical' spelling","The allotment instrument is required for conclusive spelling/legal-entity proof.",,"MCA-compatible registry mirror","2026-08-16","OFFICIAL","1","REFERENCED"
"src-corp-heidelco","Heidelco Medicore Private Limited corporate profile","The Company Check","https://www.thecompanycheck.com/company/heidelco-medicore-private-limited/U52100UP2013PTC056558","MCA-compatible registry profile","2026-08-16","Corporate registry mirror","MEDIUM","true","Exact legal name and CIN","YEIDA allotment and product scope are established separately.",,"MCA-compatible registry profile","2026-08-16","OFFICIAL","1","REFERENCED"
"src-corp-genuine","Genuine Medica Private Limited corporate profile","The Company Check","https://www.thecompanycheck.com/company/genuine-medica-private-limited/U74899DL1998PTC092849","MCA-compatible registry profile","2026-08-16","Corporate registry mirror","MEDIUM","true","Probable registry match for published 'Genuince Medica' spelling","The allotment instrument is required for conclusive legal-name proof.",,"MCA-compatible registry profile","2026-08-16","OFFICIAL","1","REFERENCED"
"src-corp-romsons","Romsons Group Private Limited corporate profile","The Company Check","https://www.thecompanycheck.com/company/romsons-group-private-limited/U24236UP1977PTC004511","MCA-compatible registry profile","2026-08-16","Corporate registry mirror","MEDIUM","true","Exact Romsons legal name and CIN","The 2023 'Ramsons Group' spelling/area/capex linkage still requires the deed.",,"MCA-compatible registry profile","2026-08-16","OFFICIAL","1","REFERENCED"
"src-corp-vanguard","Vanguard Diagnostics Private Limited corporate profile","ZaubaCorp","https://www.zaubacorp.com/VANGUARD-DIAGNOSTICS-PRIVATE-LIMITED-U33110DL2015PTC276193","MCA-compatible registry profile","2026-08-16","Corporate registry mirror","MEDIUM","true","Exact legal name and CIN; company activity is corroborated by its official website","TOI supplies allottee evidence; no plot instrument was located.",,"MCA-compatible registry profile","2026-08-16","OFFICIAL","1","REFERENCED"
"src-corp-biorad","Biorad Medisys Private Limited corporate profile","The Company Check","https://www.thecompanycheck.com/company/biorad-medisys-private-limited/U33111MH2000PTC265335","MCA-compatible registry profile","2026-08-16","Corporate registry mirror","MEDIUM","true","Exact Biorad Medisys legal name and CIN","TOI supplies allottee evidence; no plot instrument was located.",,"MCA-compatible registry profile","2026-08-16","OFFICIAL","1","REFERENCED"
"src-corp-allengers","Allengers Medical Systems Limited corporate profile","The Company Check","https://www.thecompanycheck.com/company/allengers-medical-systems-limited/U33111DL1992PLC154688","MCA-compatible registry profile","2026-08-16","Corporate registry mirror","MEDIUM","true","Exact Allengers legal name and CIN","TOI supplies allottee evidence; no plot instrument was located.",,"MCA-compatible registry profile","2026-08-16","OFFICIAL","1","REFERENCED"
"src-corp-diasys","DiaSys Diagnostics India Private Limited corporate profile","ZaubaCorp","https://www.zaubacorp.com/company/DIASYS-DIAGNOSTICS-INDIA-PRIVATE-LIMITED/U74999MH2013PTC248371","MCA-compatible registry profile","2026-08-16","Corporate registry mirror","MEDIUM","true","Exact Indian subsidiary legal name and CIN","The official DiaSys company page corroborates the German parent relationship; the allotment instrument is unavailable.",,"MCA-compatible registry profile","2026-08-16","OFFICIAL","1","REFERENCED"
"src-filmcity-spv","Film City concession SPV","Invest UP","https://invest.up.gov.in/wp-content/uploads/go/pressnews25122024-2.pdf","2024-12","2026-08-15","Government release","HIGH","true","Film City concessionaire and SPV identity",,,"2024-12","2026-08-15","OFFICIAL","2","REFERENCED"
"src-filmcity-finance-delay","YEIDA fines Film City firm over financial-closure delay","Times of India","https://timesofindia.indiatimes.com/city/noida/funding-plan-not-yet-ready-yeida-fines-film-city-firm/articleshow/127952454.cms","2026","2026-08-15","Established media","MEDIUM","true","Financial-closure and execution delay","Concession remains distinct from full construction.",,"2026","2026-08-15","MEDIA","2","REFERENCED"
"src-eight-lois","YEIDA approves eight industrial LOIs","Times of India","https://timesofindia.indiatimes.com/city/noida/med-to-cosmetics-yeida-oks-8-projects-worth-rs-3-2k-crore/articleshow/132101030.cms","2026","2026-08-15","Established media reporting authority action","MEDIUM","false","Eight LOIs, proposed investment and job claims","LOI jobs are excluded from committed-employment totals.",,"2026","2026-08-15","OFFICIAL","10","REFERENCED"
"src-akasa-mro","NIA and Akasa Air MRO partnership","Noida International Airport","https://media.niairport.in/-/jssmedia/dxn/portal/wordpress/news/2026_03_13_nia_akasa_air_mro_facility.pdf","2026-03-13","2026-08-15","Operator announcement","HIGH","false","MRO strategic partnership","No build schedule, area, capex or local jobs disclosed.","2026-03-13","2026-03-13","2026-08-15","CORPORATE","3","REFERENCED"
"src-roseate-selection","Roseate selected for airport hotel","Noida International Airport","https://www.niairport.in/en/company/news/2022/2022-11-28","2022-11-28","2026-08-15","Operator announcement","HIGH","false","Airport-hotel selected-bidder status","No current construction/opening milestone found.","2022-11-28","2022-11-28","2026-08-15","CORPORATE","1","REFERENCED"
"src-data-centre-park-failed","YEIDA data-centre park scaled back after weak interest","Data Center Dynamics","https://www.datacenterdynamics.com/en/news/planned-data-center-park-in-uttar-pradesh-india-scaled-back-due-to-lack-of-interest/","Scheme history","2026-08-15","Specialist trade media","MEDIUM","true","Failed EOI and scheme restructuring","NTT's operating Noida campus is a separate project.",,"Scheme history","2026-08-15","MEDIA","2","REFERENCED"
"src-filmcity-failed-tenders","Fresh Film City bids after failed rounds","Hindustan Times","https://www.hindustantimes.com/cities/lucknow-news/fresh-bids-to-be-invited-for-noida-film-city-project-101663352581163.html","2022","2026-08-15","Established media","MEDIUM","true","Film City failed-tender history","Earlier interested parties were not committed investors.",,"2022","2026-08-15","MEDIA","2","REFERENCED"
"src-cancelled-16","YEIDA cancels sixteen industrial and toy plots","Hindustan Times","https://www.hindustantimes.com/cities/others/yeida-cancels-16-industrial-plot-allotments-over-irregularities-in-sec-29-33-101745874904137.html","2025","2026-08-15","Established media reporting authority action","MEDIUM","false","Cancelled Sector 29/33 allotments","Names were not resolved in the cited public report.",,"2025","2026-08-15","OFFICIAL","2","REFERENCED"
"src-cancelled-39","YEIDA cancels thirty-nine plots over lease-deed defaults","Swarajya","https://swarajyamag.com/news-brief/yamuna-expressway-industrial-development-authority-cancels-39-industrial-plots-after-allottees-miss-lease-deed-deadline","2025-12","2026-08-15","Media report","MEDIUM","false","Lease-default cancellation event","Authority notice is preferable when obtained.",,"2025-12","2026-08-15","MEDIA","2","REFERENCED"
"src-nia-concession","Noida International Airport concession agreement","Ministry of Civil Aviation","https://www.civilaviation.gov.in/sites/default/files/2023-07/1%20Concession%20Agreement_1.pdf","Concession document","2026-08-15","Government concession agreement","HIGH","true","Airport phasing and concession framework","Master-plan capacity is not a committed operating timetable.",,"Concession document","2026-08-15","OFFICIAL","2","REFERENCED"
"src-yeida-yamuna-expressway","Yamuna Expressway project","YEIDA","https://www.yamunaexpresswayauthority.com/About-Us/Infrastructure/yamuna-expressway/yamuna-expressway-project","Official project page","2026-08-15","Authority infrastructure disclosure","HIGH","true","Expressway length, configuration and operating date",,,"Official project page","2026-08-15","OFFICIAL","2","REFERENCED"
"src-pib-dme-jewar","CCEA approval for Delhi-Mumbai Expressway-Jewar spur","Press Information Bureau","https://pib.gov.in/PressReleasePage.aspx?PRID=2237576&reg=3&lang=1","2026-03-10","2026-08-15","Government approval","HIGH","true","Revised cost, scope and construction status","Approval/construction is not operation.","2026-03-10","2026-03-10","2026-08-15","OFFICIAL","1","REFERENCED"
"src-epe-yamuna-link","EPE-Yamuna interchange progress","Times of India","https://timesofindia.indiatimes.com/city/noida/epe-yamuna-link-thatll-reduce-airport-drive-by-30-mins-may-be-ready-in-oct/articleshow/132749468.cms","2026-08","2026-08-15","Established media","MEDIUM","false","Reported physical progress and target","Still under construction at cut-off.",,"2026-08","2026-08-15","MEDIA","1","REFERENCED"
"src-dfccil-milestones","Dedicated Freight Corridor milestones","DFCCIL","https://dfccil.com/Home/DynemicPages?MenuId=74","Official milestone page","2026-08-15","Government rail disclosure","HIGH","true","Khurja-Dadri and New Rewari-New Khurja commissioning",,,"Official milestone page","2026-08-15","OFFICIAL","2","REFERENCED"
"src-nicdc-mmlh","Dadri multimodal logistics and transport hub","NICDC","https://nicdc.in/projects/4-projects-nearing-completion/multi-modal-logistics-and-transport-hub-dadri-greater-noida-up","Official project page","2026-08-15","Government project disclosure","HIGH","true","Dadri MMLH scope and procurement status","The greenfield project is distinct from existing Dadri container facilities.",,"Official project page","2026-08-15","OFFICIAL","2","REFERENCED"
"src-mmlh-rfq","Dadri MMLH RFQ-cum-RFP","NICDC / IITGNL","https://api.nicdc.in/upload/image/RFQ_cum_RFP_MMLH_Dadri.pdf","2025-2026 procurement","2026-08-15","Official procurement document","HIGH","true","DBFOT procurement milestone","Tender is not an awarded or built hub.",,"2025-2026 procurement","2026-08-15","OFFICIAL","1","REFERENCED"
"src-bodaki-metro-approval","Central approval for Aqua Line Bodaki extension","Hindustan Times","https://www.hindustantimes.com/cities/noida-news/central-government-approves-2-6km-metro-extension-in-greater-noida-101753381313026.html","2025-07-25","2026-08-15","Established media reporting government approval","MEDIUM","true","Approval and estimated cost","Civil execution remains.","2025-07-25","2025-07-25","2026-08-15","OFFICIAL","2","REFERENCED"
"src-nmrc","Noida Metro Rail Corporation","NMRC","https://nmrcnoida.com/","Live operator site","2026-08-15","Transit operator","HIGH","true","Aqua Line operational status",,,"Live operator site","2026-08-15","CORPORATE","1","REFERENCED"
"src-nmrc-bodaki-nit","Bodaki extension technical-investigation tender","NMRC","https://nmrcnoida.com/Upload/TenderRecentItems/327/NIT.pdf","Tender document","2026-08-15","Official procurement document","HIGH","true","Pre-construction technical tendering",,,"Tender document","2026-08-15","OFFICIAL","1","REFERENCED"
"src-pib-kp5-metro","PM GatiShakti evaluation of Sector 51-Knowledge Park V metro","Press Information Bureau","https://pib.gov.in/PressReleasePage.aspx?PRID=2132174","2025-05","2026-08-15","Government appraisal","HIGH","true","DPR/appraisal status","NPG evaluation is not Union Cabinet sanction.",,"2025-05","2026-08-15","OFFICIAL","1","REFERENCED"
"src-rerrts-dpr","Ghaziabad-Jewar RRTS DPR under preparation","Economic Times Infra","https://infra.economictimes.indiatimes.com/news/urban-transportation/dpr-underway-for-ghaziabad-jewar-rrts-corridor-to-cut-travel-time-to-noida-airport/132261167","2026-08","2026-08-15","Established infrastructure media","MEDIUM","true","RRTS DPR status and mutable alignment","No sanction, funding or construction.",,"2026-08","2026-08-15","MEDIA","3","REFERENCED"
"src-rrts-india-today","Ghaziabad-Jewar Namo Bharat planning update","India Today","https://www.indiatoday.in/india/story/ghaziabad-jewar-corridor-noida-international-airport-namo-bharat-metro-link-ptag-2969725-2026-08-12","2026-08-12","2026-08-15","Established media","MEDIUM","true","DPR review and corridor concept","Opening dates remain speculative.","2026-08-12","2026-08-12","2026-08-15","MEDIA","2","REFERENCED"
"src-nhsrcl-delhi-varanasi","Delhi-Varanasi HSR survey","NHSRCL","https://www.nhsrcl.in/en/media/press-release/lidar-aerial-ground-survey-delhi-varanasi-high-speed-rail-corridor-starts-today","Survey-stage release","2026-08-15","Government company disclosure","HIGH","true","HSR survey/DPR maturity","No administrative sanction or funding.",,"Survey-stage release","2026-08-15","OFFICIAL","1","REFERENCED"
"src-chola-rail","Chola-Jewar-Palwal rail proposal","Invest UP compilation","https://invest.up.gov.in/wp-content/uploads/2024/05/60km-tracks_220524.pdf","2024-05","2026-08-15","Government compilation","HIGH","false","DPR/route-planning status","No railway construction sanction.",,"2024-05","2026-08-15","OFFICIAL","1","REFERENCED"
"src-nia-buses","Airport intercity-bus partnership","Noida International Airport","https://www.niairport.in/en/company/news/2026/2026-06-11","2026-06-11","2026-08-15","Operator announcement","HIGH","true","Intercity-bus services and staging area",,"2026-06-11","2026-06-11","2026-08-15","CORPORATE","1","REFERENCED"
"src-nia-public-transport","Noida International Airport public transport","Noida International Airport","https://www.niairport.in/en/passengers/transport/transport/public-transport","Live passenger page","2026-08-15","Operator transport disclosure","HIGH","true","State/local bus destinations","Frequency remains weaker than direct rail.",,"Live passenger page","2026-08-15","CORPORATE","1","REFERENCED"
"src-yeida-infrastructure","YEIDA infrastructure status","YEIDA","https://www.yamunaexpresswayauthority.com/about-us/infrastructure","Live authority page","2026-08-15","Authority disclosure","HIGH","true","Sector roads, sewer, drainage, electrification and power status","Regional infrastructure cannot substitute for society-level commissioning evidence.",,"Live authority page","2026-08-15","OFFICIAL","3","REFERENCED"
"src-filmcity-third-round","Film City Phase 1 recast to 230 acres","Times of India","https://timesofindia.indiatimes.com/city/noida/film-city-ph-1-on-230-acres-now-cos-invited-for-3rd-time/articleshow/104096552.cms","2023-09","2026-08-15","Established media reporting tender","MEDIUM","true","Third tender scope and revised phasing",,,"2023-09","2026-08-15","OFFICIAL","1","REFERENCED"
"src-filmcity-award","Bayview wins Film City bid","Economic Times","https://economictimes.indiatimes.com/industry/services/property-/-cstruction/boney-kapoors-bayview-projects-wins-bid-for-the-development-of-film-city-in-noida/articleshow/107259971.cms","2024-01-30","2026-08-15","Established business media","MEDIUM","true","Winning revenue share and competing bids",,"2024-01-30","2024-01-30","2026-08-15","MEDIA","1","REFERENCED"
"src-filmcity-concession","Film City concession agreement signed","ANI","https://www.aninews.in/news/entertainment/out-of-box/boney-kapoor-led-firm-signs-concession-agreement-with-yeida-for-noida-film-city20240627231514/","2024-06-27","2026-08-15","Newswire report","MEDIUM","true","Concession-signing milestone","Signed agreement terms govern over press summaries.","2024-06-27","2024-06-27","2026-08-15","MEDIA","2","REFERENCED"
"src-filmcity-handover","YEIDA hands over Film City site","Invest UP","https://invest.up.gov.in/wp-content/uploads/go/pressnews28022025-1.pdf","2025-02-27","2026-08-15","Government release","HIGH","true","230-acre site-handover milestone",,"2025-02-27","2025-02-27","2026-08-15","OFFICIAL","3","REFERENCED"
"src-filmcity-finance-pending","Film City financial closure remains pending","Free Press Journal","https://www.freepressjournal.in/india/noida-film-city-project-faces-fresh-delay-as-financial-closure-remains-pending-after-six-years","2026-08","2026-08-15","Established media","MEDIUM","true","Financial-close and physical-construction status","Site handover is not construction.",,"2026-08","2026-08-15","MEDIA","5","REFERENCED"
"src-japanese-city","YEIDA Japanese industrial city","Hindustan Times","https://www.hindustantimes.com/cities/noida-news/yeida-to-develop-japanese-industrial-city-near-noida-airport-101768419202525.html","2025-2026","2026-08-15","Established media reporting authority planning","MEDIUM","false","Japanese/Korean sector planning and land acquisition","No public anchor-allottee list.",,"2025-2026","2026-08-15","OFFICIAL","2","REFERENCED"
"src-american-city","US firm proposes American City near airport","Hindustan Times","https://www.hindustantimes.com/cities/noida-news/usfirm-seeks-1-200-acres-near-noida-airport-to-set-up-american-city-project-101730310953523.html","2024","2026-08-15","Established media","MEDIUM","false","Private proposal and requested land","No state sanction, allotment, finance or construction verified.",,"2024","2026-08-15","MEDIA","1","REFERENCED"
"src-medical-park-progress","Medical Device Park completion direction","Times of India","https://timesofindia.indiatimes.com/city/noida/complete-med-device-park-by-january-centre-tells-yeida/articleshow/122305596.cms","2025","2026-08-15","Established media","MEDIUM","true","Leases, plans and construction-stage counts","Individual construction-stage firms were not fully identified.",,"2025","2026-08-15","MEDIA","2","REFERENCED"
"src-toy-park-progress","YEIDA Toy Park progress","Daily Jagran","https://www.thedailyjagran.com/uttar-pradesh/ups-toy-park-near-jewar-airport-takes-shape-143-plots-allotted-as-yogi-government-accelerates-industrial-hub-10297156","2025-2026","2026-08-15","Established media","MEDIUM","false","Allotment, lease, possession and construction counts","15,000 jobs is a park-wide aspiration.",,"2025-2026","2026-08-15","MEDIA","1","REFERENCED"
"src-apparel-park-progress","YEIDA Apparel Park construction progress","Hindustan Times","https://www.hindustantimes.com/cities/noida-news/apparel-park-allottees-warned-of-action-over-slow-construction-yeida-101750357506547.html","2025","2026-08-15","Established media","MEDIUM","false","Lease, possession and construction-stage counts","Three-lakh jobs is promotional, not current employment.",,"2025","2026-08-15","MEDIA","1","REFERENCED"
"src-yeida-status-2015","Industrial allotment status, Sectors 32 and 33","YEIDA","https://yamunaexpresswayauthority.com/uploads/2022/01/statallot111015.pdf","2015","2026-08-15","Official allotment-status PDF","HIGH","false","Historical company allotments","Historical record; current status is unresolved.",,"2015","2026-08-15","OFFICIAL","3","REFERENCED"
"src-patanjali-sublease","Patanjali sub-leasing industrial plots in YEIDA","Patanjali Ayurved","https://patanjaliayurved.org/sub-lease-of-industrial-plots-in-yeida.html","Corporate disclosure","2026-08-15","Company disclosure","HIGH","true","Patanjali land-development context","Exact landholding SPV and parcel event history remain incomplete.",,"Corporate disclosure","2026-08-15","CORPORATE","2","REFERENCED"
"src-yeida-medical-device-project","YEIDA Medical Device Park","YEIDA","https://yamunaexpresswayauthority.com/projects/medical-device-park","Official project page","2026-08-15","Authority project disclosure","HIGH","true","Park purpose, area and authority programme","Company-level event history still requires authority export.",,"Official project page","2026-08-15","OFFICIAL","0","CONTEXT_ONLY"
"src-investup-may2026-pdf","YEIDA allotment-letter distribution record","Invest UP","https://invest.up.gov.in/wp-content/uploads/2026/05/3-UP_250526.pdf","2026-05-25","2026-08-15","Government-hosted press record","HIGH","true","May 2026 allotment-letter batch","Allotment letter is not lease, possession or construction.","2026-05-25","2026-05-25","2026-08-15","OFFICIAL","0","CONTEXT_ONLY"
"src-themed-49","YEIDA allots 49 themed and MSME plots","Times of India","https://timesofindia.indiatimes.com/city/noida/yeida-finishes-allotment-of-49-plots-off-yamuna-expressway/articleshow/124199700.cms","2025-09","2026-08-15","Established media reporting authority event","MEDIUM","false","Themed-park and MSME allotment counts","Lease and construction conversion unavailable.",,"2025-09","2026-08-15","OFFICIAL","5","REFERENCED"
"src-may2026-ht","YEIDA targets Rs 5,800 crore investment after 17 plot allocations","Hindustan Times","https://www.hindustantimes.com/cities/noida-news/yeida-eyes-5-800-cr-investment-10k-jobs-after-plot-allocations-to-17-firms-101779649949726.html","2026-05","2026-08-16","Established media reporting authority statements","MEDIUM","true","CESC Sector 8D and CESC/Integrated Batteries allotted areas","Allotment and promoted jobs do not prove lease, possession, construction or hiring.",,"2026-05","2026-08-16","OFFICIAL","2","REFERENCED"
"src-may2026-toi","YEIDA approves 17 firms in Rs 6,000 crore investment event","Times of India","https://timesofindia.indiatimes.com/city/noida/yeida-oks-17-firms-eyes-rs-6k-crore-investment-10k-jobs/amp_articleshow/131296098.cms","2026-05","2026-08-16","Established media reporting authority statements","MEDIUM","true","Arsenal Infosolutions Sector 16A and May 2026 project details","Parcel number, lease and construction remain undisclosed.",,"2026-05","2026-08-16","OFFICIAL","1","REFERENCED"
"src-may2026-prokerala","Company-level statement from YEIDA allotment-letter event","Prokerala / IANS","https://www.prokerala.com/news/articles/a1766399.html","2026-05","2026-08-16","Newswire reproduction of government statement","MEDIUM","true","Individual capex, jobs and activity claims in the May 2026 batch","Reported project claims are not realised investment or employment.",,"2026-05","2026-08-16","OFFICIAL","10","REFERENCED"
"src-industrial-8000-brochure","Industrial plots up to 8,000 sqm scheme YEA/IND8000(2025-26)-13","YEIDA","https://www.yamunaexpresswayauthority.com/INDUSTRIAL-PLOTS-Brochure-Final-5-8-2025.pdf","2025-08","2026-08-16","Official scheme brochure","HIGH","true","Scheme identity and conditions for the 37 general/MSME/themed e-auction plots","The linked successful-applicant result page is no longer available.",,"2025-08","2026-08-16","OFFICIAL","4","REFERENCED"
"src-mdp-2025-brochure","Medical Device Park scheme YEA/IND-MDP/2025/05","YEIDA","https://www.yamunaexpresswayauthority.com/uploads/2025/06/MDP-BROCHURE-JUNE-2025-2.pdf","2025-06","2026-08-16","Official scheme brochure","HIGH","true","Scheme identity and conditions for the 12 September 2025 Medical Device Park plots","The linked final eligibility/result page is no longer publicly available.",,"2025-06","2026-08-16","OFFICIAL","1","REFERENCED"
"src-yeida-property-archive","YEIDA property scheme archive","YEIDA","https://www.yamunaexpresswayauthority.com/property/archives","Live archive reviewed 2026-08-16","2026-08-16","Official authority archive","HIGH","true","Scheme and formerly linked result-page trail for the September 2025 allotments","Dead result links prevent a safe company-level reconstruction; certified plot ledgers are required.",,"Live archive reviewed 2026-08-16","2026-08-16","OFFICIAL","5","REFERENCED"
"src-sector29-hotels","Sector 29 hotel plots allotted","Times of India","https://timesofindia.indiatimes.com/city/noida/4-hotel-plots-allotted-near-airport-31cr-highest-bid/articleshow/118035070.cms","2025-02","2026-08-15","Established media reporting e-auction","MEDIUM","false","Hotel allottees, plot sizes and bid consideration","No operator, finance, construction or commissioning verified.",,"2025-02","2026-08-15","MEDIA","5","REFERENCED"
"src-sector22e-universities","Three universities receive YEIDA land","Times of India","https://timesofindia.indiatimes.com/city/noida/3-univs-get-land-along-yamuna-e-way-10-more-plots-up-for-grabs/articleshow/113468854.cms","2024-09","2026-08-15","Established media reporting authority event","MEDIUM","false","Sector 22E institutional allotments","Two exact legal allottee entities and later stages remain unresolved.",,"2024-09","2026-08-15","OFFICIAL","3","REFERENCED"
"src-cag-yeida","YEIDA audit, Chapter VI","Comptroller and Auditor General of India","https://cag.gov.in/uploads/download_audit_report/2024/Chapter-VI-(1)-067640f8a456f53.96583947.pdf","2024 audit; data mainly through 2022-09-30","2026-08-15","Statutory audit","HIGH","true","Historical allotment failures, dues, cancellations and township chains","Later court and authority events are separately dated.",,"2024 audit; data mainly through 2022-09-30","2026-08-15","RESEARCH","5","REFERENCED"
"src-supertech-sunworld-cancel","YEIDA cancels Supertech and Sunworld allotments","Hindustan Times","https://www.hindustantimes.com/cities/noida-news/yeida-cancels-allotment-of-two-realtors-over-pending-dues-101719427684071.html","2024-06","2026-08-15","Established media reporting authority action","MEDIUM","true","Township cancellation event","Buyer protections and parcel re-allotment remain legally complex.",,"2024-06","2026-08-15","OFFICIAL","2","REFERENCED"
"src-up-minimum-wage-2026","Uttar Pradesh minimum wage summary, April 2026","SGCMS regulatory update","https://www.sgcms.com/regulatory-updates/minimum-rate-of-wages-uttar-pradesh-april-2026/","2026-04","2026-08-15","Regulatory notification summary","MEDIUM","false","Unskilled, semi-skilled and skilled wage floors","Underlying labour-department notification is preferred for legal use.",,"2026-04","2026-08-15","REGULATORY","2","REFERENCED"
"src-pib-hcl-foxconn","Cabinet approval for HCL-Foxconn semiconductor unit","Press Information Bureau","https://pib.gov.in/PressReleasePage.aspx?PRID=2128604","2025","2026-08-15","Government approval","HIGH","true","Future semiconductor capacity and projected jobs","VLSI-design salaries must not be applied to OSAT shop-floor roles.",,"2025","2026-08-15","OFFICIAL","1","REFERENCED"
"src-icici-home-rates","Home-loan interest-rate card","ICICI Bank","https://www.icici.bank.in/personal-banking/loans/home-loan/interest-rates","Live rate card","2026-08-15","Lender disclosure","HIGH","true","Loan-rate sensitivity","Illustrative range, not a loan quotation.",,"Live rate card","2026-08-15","CORPORATE","0","CONTEXT_ONLY"
"src-bob-home-eligibility","Home-loan eligibility, FOIR, LTV and tenure","Bank of Baroda","https://bankofbaroda.bank.in/loans/home-loan/baroda-home-loan","Live lender page","2026-08-15","Lender disclosure","HIGH","true","Tenure and affordability assumptions","Individual sanction may be lower.",,"Live lender page","2026-08-15","CORPORATE","0","CONTEXT_ONLY"
"src-rbi-housing-finance","Housing Finance Master Circular","Reserve Bank of India","https://www.rbi.org.in/scripts/FS_Notification.aspx?Id=12824","Current framework","2026-08-15","Regulatory framework","HIGH","true","Maximum loan-to-value assumptions","Lenders may apply stricter underwriting.",,"Current framework","2026-08-15","REGULATORY","0","CONTEXT_ONLY"
"src-nism-emergency-fund","Emergency-fund guidance","NISM","https://www.nism.ac.in/save-for-emergencies/","Guidance","2026-08-15","Investor-education guidance","HIGH","false","Emergency-reserve assumptions",,,"Guidance","2026-08-15","CORPORATE","0","CONTEXT_ONLY"
"src-hces-urban","Household Consumption Expenditure Survey indicators","Ministry of Statistics and Programme Implementation","https://esankhyiki.mospi.gov.in/macroindicators?product=hces","HCES 2023-24","2026-08-15","Official statistics","HIGH","true","UP, Haryana and Delhi urban consumption anchors","MPCE includes average housing expenditure and is not a Noida household quote.",,"HCES 2023-24","2026-08-15","OFFICIAL","0","CONTEXT_ONLY"
"src-greater-noida-rental-demand","Greater Noida rental-search demand","Business Today reporting MagicBricks index","https://www.businesstoday.in/personal-finance/real-estate/story/greater-noida-leads-indias-rental-housing-boom-delhi-close-behind-report-487520-2025-08-02","2025-08","2026-08-15","Portal-index media report","MEDIUM","false","Rental-search direction and dominant asking band","Search/listing indicator, not transaction evidence.",,"2025-08","2026-08-15","MARKET","0","CONTEXT_ONLY"
"src-yeida-master-plan","YEIDA Master Plan","YEIDA","https://www.yamunaexpresswayauthority.com/about-us/master-plan","Official planning document","2026-08-15","Authority master plan","HIGH","true","Industrial in-migration and worker-accommodation planning context","Planning recognition is not delivered housing.",,"Official planning document","2026-08-15","OFFICIAL","1","REFERENCED"
"src-niti-safe-housing","S.A.F.E. Accommodation for industrial workers","NITI Aayog","https://www.niti.gov.in/whats-new/safe-accommodation-worker-housing-manufacturing-growth","Policy framework","2026-08-15","Government policy","HIGH","true","Site-adjacent dormitory and worker-housing framework",,,"Policy framework","2026-08-15","OFFICIAL","0","CONTEXT_ONLY"
"src-worldbank-gender-mobility","Gender-responsive urban mobility toolkit","World Bank","https://www.worldbank.org/en/news/press-release/2022/12/08/new-world-bank-toolkit-to-make-transport-and-public-spaces-in-india-more-gender-inclusive","2022-12-08","2026-08-15","Institutional research","HIGH","true","Female workforce transport and safety constraints",,"2022-12-08","2022-12-08","2026-08-15","RESEARCH","0","CONTEXT_ONLY"
"src-ground-staff-1","Ground Staff vacancy, Dadri Road","WorkIndia","https://www.workindia.in/jobs/ground_staff-dadri_road_noida-delhi-10413413/","Undated; accessed 2026-08-16","2026-08-16","Job vacancy","MEDIUM","true","Noida ground-staff compensation observation","One vacancy is not a sector salary distribution.",,"Undated; accessed 2026-08-16","2026-08-16","EMPLOYMENT","1","REFERENCED"
"src-ground-staff-2","Ground Staff vacancy, Noida","WorkIndia","https://www.workindia.in/jobs/ground_staff-dadri_road_noida-delhi-7417085/","Undated; accessed 2026-08-16","2026-08-16","Job vacancy","MEDIUM","true","Second ground-staff compensation observation",,,"Undated; accessed 2026-08-16","2026-08-16","EMPLOYMENT","1","REFERENCED"
"src-nia-careers","Noida International Airport careers","Noida International Airport","https://www.niairport.in/en/company/careers","Live page","2026-08-16","Employer careers page","HIGH","false","Confirms absence of published airport salary bands","No salaries published.",,"Live page","2026-08-16","EMPLOYMENT","1","REFERENCED"
"src-lava-operator","Lava operator/helper vacancy","NCR Job","https://www.ncrjob.in/lava-mobile-company-job-sector-63-noida-2/","Interview 2026-05-20","2026-08-16","Secondary local job board","LOW","true","Electronics operator base-pay observation","Not an employer disclosure.",,"Interview 2026-05-20","2026-08-16","EMPLOYMENT","1","REFERENCED"
"src-dixon-operator","Dixon production-operator vacancy","NCR Job","https://www.ncrjob.in/dixon-electronics-company-sector-85-noida/","2026-08-11","2026-08-16","Secondary local job board","LOW","true","Electronics operator base-pay observation","Not an employer disclosure.","2026-08-11","2026-08-11","2026-08-16","EMPLOYMENT","1","REFERENCED"
"src-haier-apprentice-1","Haier apprenticeship vacancy","NCR Job","https://www.ncrjob.in/haier-company-job-greater-noida-2/","Interview 2026-08-14","2026-08-16","Secondary local job board","LOW","true","Haier apprenticeship-compensation observation","Apprenticeship stipend is not the factory wage distribution.",,"Interview 2026-08-14","2026-08-16","EMPLOYMENT","1","REFERENCED"
"src-haier-apprentice-2","Haier apprentice recruitment","AK Job Portal","https://akjobportal.org/haier-company-jobs-in-greater-noida/","Recruitment 2026-08-10","2026-08-16","Secondary local job board","LOW","true","Second apprenticeship-compensation observation",,,"Recruitment 2026-08-10","2026-08-16","EMPLOYMENT","1","REFERENCED"
"src-hcl-vlsi-salary","HCLTech VLSI Design Engineer salary estimates, Noida","AmbitionBox","https://www.ambitionbox.com/salaries/hcl-technologies-salaries/vlsi-design-engineer/noida-location","Accessed 2026-08-16","2026-08-16","Self-reported salary aggregator","MEDIUM","true","Company-role-experience salary observation","Not employer payroll disclosure.",,"Accessed 2026-08-16","2026-08-16","EMPLOYMENT","1","REFERENCED"
"src-qualcomm-noida-salary","Qualcomm Noida salary estimates","AmbitionBox","https://www.ambitionbox.com/salaries/qualcomm-salaries/noida-location","Accessed 2026-08-16","2026-08-16","Self-reported salary aggregator","MEDIUM","true","Physical/senior design salary observations","Not employer payroll disclosure.",,"Accessed 2026-08-16","2026-08-16","EMPLOYMENT","1","REFERENCED"
"src-synopsys-noida-salary","Synopsys Noida salary estimates","AmbitionBox","https://www.ambitionbox.com/salaries/synopsys-salaries/noida-location","Accessed 2026-08-16","2026-08-16","Self-reported salary aggregator","MEDIUM","true","Staff-engineer salary observation","Not employer payroll disclosure.",,"Accessed 2026-08-16","2026-08-16","EMPLOYMENT","1","REFERENCED"
"src-cadence-noida-salary","Cadence Noida salary estimates","AmbitionBox","https://www.ambitionbox.com/salaries/cadence-design-systems-salaries/noida-location","Accessed 2026-08-16","2026-08-16","Self-reported salary aggregator","MEDIUM","true","Principal-engineer salary observation","Not employer payroll disclosure.",,"Accessed 2026-08-16","2026-08-16","EMPLOYMENT","1","REFERENCED"
"src-solar-design-job","Solar Design Engineer vacancy, Noida","Apna","https://apna.co/job/noida/solar-design-engineer-559881057","2026-08-15","2026-08-16","Dated job vacancy","MEDIUM","false","Solar design-engineer compensation observation","Not a manufacturing-sector band.","2026-08-15","2026-08-15","2026-08-16","EMPLOYMENT","1","REFERENCED"
"src-solar-sales-job","Solar Sales and Marketing Manager vacancy, Noida","Apna","https://apna.co/job/noida/sales-marketing-manager-939173452","2026-08-15","2026-08-16","Dated job vacancy","MEDIUM","false","Solar sales-manager compensation observation","Different function from manufacturing.","2026-08-15","2026-08-15","2026-08-16","EMPLOYMENT","1","REFERENCED"
"src-picker-packer-noida","Picker/Packer vacancy, NSEZ Noida","Apna","https://apna.co/job/noida/picker-packer-109656579","2026-08-15","2026-08-16","Dated job vacancy","MEDIUM","true","Picker/packer compensation observation",,"2026-08-15","2026-08-15","2026-08-16","EMPLOYMENT","1","REFERENCED"
"src-warehouse-executive","Warehouse Executive vacancy, Noida","Apna","https://apna.co/job/noida/warehouse-executive-984258719","2026-08-15","2026-08-16","Dated job vacancy","MEDIUM","false","Warehouse-executive compensation observation",,"2026-08-15","2026-08-15","2026-08-16","EMPLOYMENT","1","REFERENCED"
"src-instamart-picker","Swiggy Instamart picker vacancy, Greater Noida","WorkIndia","https://www.workindia.in/jobs/picker_packer-greater_noida-delhi-8628090/","Accessed 2026-08-16","2026-08-16","Job vacancy","MEDIUM","true","Second picker compensation observation",,,"Accessed 2026-08-16","2026-08-16","EMPLOYMENT","1","REFERENCED"
"src-dc-network-engineer","L2/L3 Data Centre Network Engineer vacancy","Naukri / Cyfuture","https://www.naukri.com/job-listings-network-engineers-l2-l3-cyfuture-noida-3-to-5-years-120626011631","2026-06-12","2026-08-16","Dated job vacancy","MEDIUM","false","Data-centre network-engineer compensation observation",,"2026-06-12","2026-06-12","2026-08-16","EMPLOYMENT","1","REFERENCED"
"src-dc-team-lead","Azure Infrastructure Operations Team Lead vacancy","Naukri / NLB Services","https://www.naukri.com/job-listings-team-lead-azure-infrastructure-digital-services-operations-nlb-services-noida-greater-noida-delhi-ncr-8-to-13-years-050626026645","2026-06-05","2026-08-16","Dated job vacancy","MEDIUM","false","Data-centre/infra team-lead compensation observation",,"2026-06-05","2026-06-05","2026-08-16","EMPLOYMENT","1","REFERENCED"
"src-dc-pmo","Data-centre PMO Analyst vacancy","Naukri / Lobo Business Consultants","https://www.naukri.com/job-listings-analyst-pmo-support-data-centers-lobo-business-consultants-noida-4-to-9-years-290726018493","2026-07-29","2026-08-16","Dated job vacancy","MEDIUM","false","Data-centre PMO compensation observation",,"2026-07-29","2026-07-29","2026-08-16","EMPLOYMENT","1","REFERENCED"
"src-gims-nurse","GIMS Staff Nurse advertisement","Government Institute of Medical Sciences","https://gims.ac.in/assets/pdf/DetailedAdv1.pdf","2026-08-08","2026-08-16","Official recruitment advertisement","HIGH","true","Staff Nurse pay-level observation","Government pay should not be generalised to private support workers.","2026-08-08","2026-08-08","2026-08-16","OFFICIAL","1","REFERENCED"
"src-gims-senior-resident","GIMS Senior Resident advertisement","Government Institute of Medical Sciences","https://www.gims.ac.in/assets/pdf/Recruitments/DetailedAdvertisementSpecialitySeniorResidents.pdf","2026-07-14","2026-08-16","Official recruitment advertisement","HIGH","true","Senior Resident pay-level observation",,"2026-07-14","2026-07-14","2026-08-16","OFFICIAL","1","REFERENCED"
"src-gims-faculty","GIMS contractual faculty advertisement","Government Institute of Medical Sciences","https://www.gims.ac.in/assets/pdf/Recruitments/Contractual%20Faculty%20ADVT%20GIMS%20(1).pdf","2026-04-08","2026-08-16","Official recruitment advertisement","HIGH","true","Faculty compensation observations",,"2026-04-08","2026-04-08","2026-08-16","OFFICIAL","1","REFERENCED"
"src-medanta-mo","Medical Officer vacancy, Medanta Noida","Naukri / Medanta","https://www.naukri.com/job-listings-medical-officer-medanta-noida-0-to-3-years-220726002083","2026-07-22","2026-08-16","Dated job vacancy","MEDIUM","false","Private medical-officer compensation observation",,"2026-07-22","2026-07-22","2026-08-16","EMPLOYMENT","1","REFERENCED"
"src-hospitality-manager","Front Office/Duty Manager vacancy, Greater Noida","Naukri / Antara Senior Care","https://www.naukri.com/job-listings-front-office-manager-duty-manager-antara-senior-living-noida-150-antara-senior-care-greater-noida-8-to-12-years-100726012210","2026-07-10","2026-08-16","Dated job vacancy","MEDIUM","false","Senior front-office compensation observation","No frontline hospitality sample.","2026-07-10","2026-07-10","2026-08-16","EMPLOYMENT","1","REFERENCED"
"src-assistant-video-editor","Assistant Video Editor vacancy, Noida","Apna","https://apna.co/job/noida/assistant-video-editor-639970880","2026-08-15","2026-08-16","Dated job vacancy","MEDIUM","true","Assistant editor compensation observation",,"2026-08-15","2026-08-15","2026-08-16","EMPLOYMENT","1","REFERENCED"
"src-video-editor","Video Editor vacancy, Noida","Apna","https://apna.co/job/noida/video-editor-728985771","2026-08-15","2026-08-16","Dated job vacancy","MEDIUM","true","Editor compensation observation",,"2026-08-15","2026-08-15","2026-08-16","EMPLOYMENT","1","REFERENCED"
"src-senior-video-editor","Senior Video Editor vacancy, Noida","Apna","https://apna.co/job/noida/video-editor-260908521","2026-08-15","2026-08-16","Dated job vacancy","MEDIUM","true","Senior editor compensation observation",,"2026-08-15","2026-08-15","2026-08-16","EMPLOYMENT","1","REFERENCED"
"src-tailor-job","Tailor vacancy, Noida","Apna","https://apna.co/job/noida/tailor-170035024","2026-08-15","2026-08-16","Dated job vacancy","MEDIUM","true","Tailor compensation observation","Includes incentive.","2026-08-15","2026-08-15","2026-08-16","EMPLOYMENT","1","REFERENCED"
"src-cutting-master","Garment Cutting Master vacancy, Noida","Apna","https://apna.co/job/noida/cutting-mastergarment-250440948","2026-08-15","2026-08-16","Dated job vacancy","MEDIUM","true","Cutting-master compensation observation","Includes incentive.","2026-08-15","2026-08-15","2026-08-16","EMPLOYMENT","1","REFERENCED"
"src-garment-supervisor","Garment Production Supervisor vacancy, Noida","Apna","https://apna.co/job/noida/garment-production-supervisor-231885602","2026-08-15","2026-08-16","Dated job vacancy","MEDIUM","true","Production-supervisor compensation observation","Includes incentive.","2026-08-15","2026-08-15","2026-08-16","EMPLOYMENT","1","REFERENCED"
"src-toy-ecommerce","AVS Toys e-commerce vacancy","Apna","https://apna.co/job/noida/e-commerce-executive-438935035","2026-08-15","2026-08-16","Dated job vacancy","MEDIUM","false","Evidence that available role is not factory manufacturing","Not a toy-factory wage proxy.","2026-08-15","2026-08-15","2026-08-16","EMPLOYMENT","1","REFERENCED"
"src-toy-designer-search","Toy designer vacancy search, Greater Noida","Indeed","https://in.indeed.com/q-toy-designer-l-noida,-uttar-pradesh-jobs.html?vjk=f91e3273a4d5848d","Accessed 2026-08-16","2026-08-16","Job-search result","LOW","false","Evidence that available role is design, not factory production","Not a manufacturing-wage proxy.",,"Accessed 2026-08-16","2026-08-16","EMPLOYMENT","1","REFERENCED"
"src-patanjali-extension","Patanjali food park receives two-year extension","Times of India","https://timesofindia.indiatimes.com/city/noida/patanjali-food-park-granted-2-year-extension-for-development/articleshow/112387064.cms","2024","2026-08-16","Established media reporting authority action","MEDIUM","true","Patanjali development-extension timeline","Extension is not operating proof.",,"2024","2026-08-16","OFFICIAL","1","REFERENCED"
"src-patanjali-innova","YEIDA seeks Patanjali land for Innova food park","Hindustan Times","https://www.hindustantimes.com/cities/noida-news/yeida-asks-patanjali-to-give-land-for-food-park-101760300342776.html","2025-11","2026-08-16","Established media","MEDIUM","false","Proposed 50-acre sublease and unresolved consent","Proposal only.",,"2025-11","2026-08-16","MEDIA","2","REFERENCED"
"src-adaniconnex-noida","Noida approves AdaniConneX plot sublease","Data Center Dynamics","https://www.datacenterdynamics.com/en/news/noida-authority-to-sublease-10-acre-plot-to-adaniconnex/","2024-08","2026-08-16","Specialist trade media","MEDIUM","false","Sector 80 sublease and Sector 62 construction context","No operating milestone in cited source.",,"2024-08","2026-08-16","MEDIA","2","REFERENCED"
"src-am-ai-hub-ht","AI hub proposed in Yamuna city","Hindustan Times","https://www.hindustantimes.com/cities/noida-news/ai-hub-to-come-up-in-yamuna-city-by-2030-yeida-signs-mou-101770922131369.html","2026","2026-08-16","Established media","MEDIUM","true","AM Group MoU/LoI, land and target claims","No lease or construction evidence.",,"2026","2026-08-16","MEDIA","2","REFERENCED"
"src-am-ai-hub-et","AM Group and Invest UP sign AI data-centre MoU","ET Government","https://government.economictimes.indiatimes.com/news/technology/am-group-invest-up-sign-mou-to-set-up-25-billion-ai-data-centre-in-uttar-pradesh/128305808","2026","2026-08-16","Established business media","MEDIUM","true","AI/HPC proposal economics","Promoter claims, not realised investment.",,"2026","2026-08-16","MEDIA","2","REFERENCED"
"src-emc-development","YEIDA begins Electronics Manufacturing Cluster development","Hindustan Times","https://www.hindustantimes.com/cities/noida-news/yeida-begins-development-of-electronics-manufacturing-cluster-101754679525929.html","2025","2026-08-16","Established media","MEDIUM","true","Cluster contractor and company LoIs",,,"2025","2026-08-16","MEDIA","2","REFERENCED"
"src-emc-approval","Government approves YEIDA electronics cluster","Hindustan Times","https://www.hindustantimes.com/india-news/govt-approves-rs-417-cr-electronics-manufacturing-cluster-in-up-101750863063324.html","2025-06-25","2026-08-16","Established media reporting government approval","MEDIUM","true","EMC 2.0 approval and infrastructure economics","Cluster approval does not upgrade company LoIs.","2025-06-25","2025-06-25","2026-08-16","OFFICIAL","1","REFERENCED"
"src-fortune-yeida-investments","UP issues YEIDA investment allotment letters","Fortune India","https://www.fortuneindia.com/economy/up-locks-in-5800-crore-yeida-investments-as-solar-electronics-and-it-firms-bet-big-on-the-expressway-corridor/139511","2026-05","2026-08-16","Established business media","MEDIUM","true","Solar, IT/ITES and apparel allotment-letter rows","Jobs remain promoter/authority claims.",,"2026-05","2026-08-16","MEDIA","10","REFERENCED"
"src-park-anchor-outreach","YEIDA seeks anchor units for special industrial parks","Hindustan Times","https://www.hindustantimes.com/cities/noida-news/yeida-begins-outreach-to-bring-anchor-units-for-all-yamuna-city-industrial-parks-101764097547176.html","2025-11","2026-08-16","Established media","MEDIUM","true","Wipro GE outreach and special-park conversion gap","Outreach is not allotment.",,"2025-11","2026-08-16","MEDIA","2","REFERENCED"
"src-esic-medical-college","YEIDA proposes 100 acres for ESIC medical college","Hindustan Times","https://www.hindustantimes.com/cities/noida-news/yeida-decides-to-allot-100-acres-land-for-esic-medical-college-101742493298275.html","2025-03","2026-08-16","Established media reporting authority decision","MEDIUM","false","ESIC planning-stage decision","Final allotment, DPR and construction not verified.",,"2025-03","2026-08-16","OFFICIAL","1","REFERENCED"
"src-aai-traffic-news","AAI Traffic News archive","Airports Authority of India","https://www.aai.aero/en/business-opportunities/aai-traffic-news","Live archive","2026-08-16","Official traffic archive","HIGH","false","Search for airport-level actual passenger/cargo totals","No verified NIA monthly actual was located at cutoff.",,"Live archive","2026-08-16","OFFICIAL","1","REFERENCED"
"src-first-cargo-flight","First cargo flight from Noida airport","Hindustan Times","https://www.hindustantimes.com/cities/gurugram-news/first-cargo-flight-to-take-off-from-noida-airport-on-june-17-101781117242629.html","2026-06","2026-08-16","Established media","MEDIUM","true","Cargo operational milestone","Actual monthly tonnage remains unavailable.",,"2026-06","2026-08-16","MEDIA","2","REFERENCED"
"src-faridabad-jewar-link","Faridabad-Jewar greenfield link progress","India TV","https://www.indiatvnews.com/business/news/faridabad-to-jewar-airport-in-just-20-minutes-31km-greenfield-expressway-to-boost-connectivity-2026-03-04-1032579","2026-03-04","2026-08-16","Media project update","MEDIUM","true","Construction progress and slipped schedule","Full corridor opening not verified.","2026-03-04","2026-03-04","2026-08-16","MEDIA","1","REFERENCED"
"src-nhai-dnd-kmp","DND-KMP package tender","National Highways Authority of India","https://nhai.gov.in/nhai/sites/default/files/tender/OtherDocuments/1_NIT_DND-KMP_Pkg-1.pdf","Tender document","2026-08-16","Official procurement","HIGH","true","Road-package evidence",,,"Tender document","2026-08-16","OFFICIAL","1","REFERENCED"
"src-ganga-airport-link","UP approves airport-Ganga Expressway link","India Today","https://www.indiatoday.in/information/story/jewar-airport-rs-8585-crore-expressway-link-route-cost-benefits-2965651-2026-08-07","2026-08-07","2026-08-16","Established media reporting Cabinet approval","MEDIUM","false","Approved cost, length and next steps","No construction.","2026-08-07","2026-08-07","2026-08-16","MEDIA","2","REFERENCED"
"src-chilla-progress","Chilla elevated road progress","Times of India","https://timesofindia.indiatimes.com/city/noida/chilla-elevated-road-50-done-to-be-ready-in-a-year/articleshow/133058963.cms","2026-08","2026-08-16","Established media","MEDIUM","false","Reported construction progress",,,"2026-08","2026-08-16","MEDIA","1","REFERENCED"
"src-pod-taxi-plan","YEIDA pod-taxi proposal","Invest UP","https://invest.up.gov.in/wp-content/uploads/2023/05/india_090523.pdf","2023","2026-08-16","Government investment document","HIGH","true","Original pod-taxi concept","Subsequent tender failures prevented construction.",,"2023","2026-08-16","OFFICIAL","1","REFERENCED"
"src-botanical142-pib","Cabinet approves Botanical Garden-Sector 142 Aqua Line","Press Information Bureau","https://pib.gov.in/PressReleasePage.aspx?PRID=2227985&reg=3&lang=1","2026-02-14","2026-08-16","Government approval","HIGH","true","Metro funding and scope",,"2026-02-14","2026-02-14","2026-08-16","OFFICIAL","2","REFERENCED"
"src-nmrc-lt-selection","NMRC selects agency for two metro projects","Hindustan Times","https://www.hindustantimes.com/cities/noida-news/nmrc-finalises-agency-for-2-key-metro-projects-101786038746074.html","2026-08","2026-08-16","Established media","MEDIUM","true","L&T selection milestone","Mobilisation is not operation.",,"2026-08","2026-08-16","MEDIA","2","REFERENCED"
"src-gnwest-metro-reset","Greater Noida West metro DPR rejected again","News18","https://www.news18.com/cities/noida/big-setback-for-greater-noida-west-metro-dpr-rejected-again-fresh-plan-ordered-ws-l-10011240.html","2026-04","2026-08-16","Established media","MEDIUM","false","Fresh-DPR/reset status","No funding or construction.",,"2026-04","2026-08-16","MEDIA","1","REFERENCED"
"src-22d-water-tender","Sector 22D water-supply tender 2026_YEIDA_1105538_15","UP eProcurement / YEIDA","https://etender.up.nic.in","2026-01","2026-08-16","Official tender","HIGH","false","Rs 8.41-crore, 365-day water package","Award and completion were not independently verified.",,"2026-01","2026-08-16","OFFICIAL","1","REFERENCED"
"src-yeida-service-masterplan","YEIDA begins future-ready service master plan","Times of India","https://timesofindia.indiatimes.com/city/noida/yeida-to-prepare-future-ready-service-master-plan/articleshow/125953352.cms","2025-12","2026-08-16","Established media","MEDIUM","false","Water, sewer, drainage and flood-capacity planning","Planning indicates remaining delivery work.",,"2025-12","2026-08-16","MEDIA","2","REFERENCED"
"src-yeida-maintenance-corpus","YEIDA creates civic-infrastructure maintenance corpus","Hindustan Times","https://www.hindustantimes.com/cities/noida-news/90th-board-meeting-yeida-to-set-up-corpus-fund-for-civic-infra-maintenance-101780944809223.html","2026-06","2026-08-16","Established media reporting Board decision","MEDIUM","false","Rs 25-crore annual corpus","Funding is not proof of completed repairs.",,"2026-06","2026-08-16","MEDIA","1","REFERENCED"
"src-22d-power-crisis","Sector 22D power reliability ground report","Daily Jagran","https://www.thedailyjagran.com/uttar-pradesh/greater-noida-power-crisis-hits-yeida-sector-22d-officials-trade-blame-as-300-families-suffer-40068446","2025-12","2026-08-16","Established local reporting","MEDIUM","false","Transformer availability and resident impact","Point-in-time local report.",,"2025-12","2026-08-16","MEDIA","2","REFERENCED"
"src-school-brochure","YEIDA Senior Secondary School plot brochure","YEIDA","https://www.yamunaexpresswayauthority.com/uploads/2025/07/SENIOR-SECONDARY-SCHOOL-Brochure.pdf","2025-07","2026-08-16","Official scheme brochure","HIGH","false","School-plot programme","Scheme is not an operating school.",,"2025-07","2026-08-16","OFFICIAL","1","REFERENCED"
"src-hospital-brochure","YEIDA hospital plot brochure","YEIDA","https://www.yamunaexpresswayauthority.com/uploads/2025/06/Hospital-Brochure.pdf","2025-06","2026-08-16","Official scheme brochure","HIGH","false","Hospital/maternity plot programme","Scheme is not operating capacity.",,"2025-06","2026-08-16","OFFICIAL","1","REFERENCED"
"src-airport-height-control","Height restrictions around Noida airport","NDTV","https://www.ndtv.com/noida-news/noida-international-airport-jewar-height-restrictions-put-in-place-within-20-km-radius-of-noida-airport-8863420","2025-07","2026-08-16","Established media","MEDIUM","true","Operational-airport obstacle-control warning","Project-specific AAI NOC is definitive.",,"2025-07","2026-08-16","MEDIA","1","REFERENCED"
"src-aai-nocas","AAI NOCAS","Airports Authority of India","https://nocas2.aai.aero/nocas/","Live system","2026-08-16","Official aviation-height system","HIGH","true","Project-specific obstacle-height verification",,,"Live system","2026-08-16","OFFICIAL","2","REFERENCED"
"src-nrsc-flood-atlas","NRSC flood-hazard atlas","National Remote Sensing Centre","https://ndem.nrsc.gov.in/hydrological_fhz.php","Live official portal","2026-08-16","Government geospatial source","HIGH","false","Flood-hazard context","No report-wide claim is made for every Sector 22D parcel.",,"Live official portal","2026-08-16","OFFICIAL","1","REFERENCED"
"src-airport-expansion-hc","Vijay Pal Singh v State of UP","Allahabad High Court","https://elegalix.allahabadhighcourt.in/elegalix/WebShowJudgment.do?judgmentID=13330496","2026-04-28","2026-08-16","Court judgment","HIGH","true","Airport expansion acquisition and R&R safeguards",,"2026-04-28","2026-04-28","2026-08-16","LEGAL","1","REFERENCED"
"src-airport-compensation-camps","Airport expansion compensation camps begin","ET Realty","https://realty.economictimes.indiatimes.com/news/infrastructure/land-acquisition-camps-start-at-14-villages-for-noida-airport-expansion/130012151","2026-04","2026-08-16","Established infrastructure media","MEDIUM","true","Compensation benchmark and payout process","R&R remains a schedule dependency.",,"2026-04","2026-08-16","MEDIA","1","REFERENCED"
"src-jaypee-supreme-court","Supreme Court permits preparatory Sports City redevelopment","Hindustan Times","https://www.hindustantimes.com/cities/delhi-news/supeme-court-allows-yeida-to-develop-jaypee-residential-projects-101747677994533.html","2025-05-19","2026-08-16","Established legal reporting","MEDIUM","true","Court-controlled redevelopment timeline","Final effect remained subject to court permission.","2025-05-19","2025-05-19","2026-08-16","LEGAL","1","REFERENCED"
"src-aisats-selection","AISATS selected for Noida airport cargo hub","SATS Ltd","https://www.sats.com.sg/media/latest-news/2023/2023-02-aisats-selected-to-build-multi-modal-cargo-hub-at-india's-noida-international-airport","2023-02-13","2026-08-16","Company disclosure","HIGH","true","Named cargo-hub operator commitment",,"2023-02-13","2023-02-13","2026-08-16","CORPORATE","1","REFERENCED"
"src-greenbay-hc","High Court restrains YEIDA from immediate Greenbay cancellation","Hindustan Times","https://www.hindustantimes.com/cities/noida-news/high-court-to-yeida-restrain-from-cancelling-land-allotment-101754246385603.html","2025-08","2026-08-16","Established legal reporting","MEDIUM","true","Greenbay cancellation-dispute status",,,"2025-08","2026-08-16","LEGAL","1","REFERENCED"
"src-investup-vacancy-survey","Invest UP survey finds 94% of YEIDA industrial plots without work","Daily Jagran","https://www.thedailyjagran.com/uttar-pradesh/invest-up-survey-94-yeida-industrial-plots-still-vacant-govt-plans-cancellation-re-allotment-40028146","2026","2026-08-16","Established local reporting official survey","MEDIUM","true","Authority-wide physical-conversion warning","Cutoff and definition may differ from YEIDA headline counts.",,"2026","2026-08-16","OFFICIAL","1","REFERENCED"
"src-airport-license","Noida airport receives aerodrome licence","Noida International Airport","https://www.niairport.in/en/company/news/2026/2026-03-06","2026-03-06","2026-08-16","Operator announcement","HIGH","true","DGCA licence milestone",,"2026-03-06","2026-03-06","2026-08-16","CORPORATE","1","REFERENCED"
"src-pib-airport-license","Government release on airport licence","Press Information Bureau","https://pib.gov.in/PressReleasePage.aspx?PRID=2236062","2026-03","2026-08-16","Government release","HIGH","true","Independent licence corroboration",,,"2026-03","2026-08-16","OFFICIAL","1","REFERENCED"
"src-pib-hcl-groundbreaking","Groundbreaking of HCL-Foxconn semiconductor unit","Press Information Bureau","https://pib.gov.in/PressReleasePage.aspx?PRID=2230857","2026-02-21","2026-08-16","Government release","HIGH","true","Physical-start milestone",,"2026-02-21","2026-02-21","2026-08-16","OFFICIAL","1","REFERENCED"
"src-rrts-etinfra","Ghaziabad-Jewar RRTS station and alignment update","ET Infra","https://infra.economictimes.indiatimes.com/news/railways/ghaziabad-jewar-corridor-to-have-11-namo-bharat-18-metro-stations-ncrtc/133208717","2026-08","2026-08-16","Established infrastructure media","MEDIUM","true","Preliminary DPR/alignment details","No sanction, funding or construction.",,"2026-08","2026-08-16","MEDIA","1","REFERENCED"
"src-amber-bse-fy26","Amber Enterprises FY26 filing","Amber Enterprises","https://www.ir.ambergroupindia.com/wp-content/uploads/2026/02/Investor-Presentation-Q3-FY2026-10022026.pdf","2026-02-10","2026-08-16","Listed-company investor filing","HIGH","true","Amber consolidated scale",,"2026-02-10","2026-02-10","2026-08-16","CORPORATE","2","REFERENCED"
"src-ascent-ownership","Amber acquisition disclosure for Ascent Circuits","Amber Enterprises","https://www.ir.ambergroupindia.com/wp-content/uploads/2026/07/SE-Intimation-Acquisition-Manju_Thomas-03072026.pdf","2026-07-03","2026-08-16","Listed-company disclosure","HIGH","true","Distinguishing Ascent Circuits from Ascent-K Circuit","Ascent Circuits is not the named YEIDA project entity.","2026-07-03","2026-07-03","2026-08-16","CORPORATE","1","REFERENCED"
"src-dixon-loi","YEIDA issues provisional LoI to Dixon","Hindustan Times","https://www.hindustantimes.com/cities/noida-news/yeida-issues-letter-of-intent-to-dixon-tech-for-phone-manufacturing-unit-101750441190579.html","2025-06-21","2026-08-16","Established media reporting authority action","MEDIUM","true","Dixon LoI conditions, area and intent","Not a final allotment or construction milestone.","2025-06-21","2025-06-21","2026-08-16","OFFICIAL","1","REFERENCED"
"src-dixon-financials","Dixon Technologies financial performance","Dixon Technologies","https://dixoninfo.com/financial-performance","FY26","2026-08-16","Listed-company investor page","HIGH","false","Dixon company scale","Official FY26 highlights; dynamic document selector should be retained with a dated snapshot.",,"FY26","2026-08-16","CORPORATE","1","REFERENCED"
"src-aurionpro-toshi-profile","About Aurionpro Toshi Automatic Systems","Aurionpro Toshi","https://aurotoshi.com/about-us","Live company page","2026-08-16","Company disclosure","MEDIUM","false","Automation product and operating-footprint description","Promotional customer claims require independent verification.",,"Live company page","2026-08-16","CORPORATE","1","REFERENCED"
"src-neenjas-loi","New EV manufacturing unit proposed in YEIDA Sector 8D","Hindustan Times","https://www.hindustantimes.com/cities/noida-news/new-ev-manufacturing-unit-planned-in-yeida-sector-8d-101766858475741.html","2025-12","2026-08-16","Established media reporting authority action","MEDIUM","false","Neenjas LoI, land, capex and intent","No lease or construction evidence.",,"2025-12","2026-08-16","OFFICIAL","1","REFERENCED"
"src-anondita-rhp","Anondita Medicare red-herring prospectus","Anondita Medicare / SEBI offer process","https://www.anonditamedicare.com/Final_RHP_Anondita_18_08_2025_AML.pdf","2025-08-18","2026-08-16","Regulatory offer document","HIGH","true","Legal succession and existing product capacity","The YEIDA LoI legal allottee still requires direct verification.","2025-08-18","2025-08-18","2026-08-16","REGULATORY","1","REFERENCED"
"src-crispy-profile","Crispy City Foods legal-entity profile","Tracxn","https://tracxn.com/d/legal-entities/india/crispy-city-foods-private-limited/__Nmxc_Sinqh_4tUNdQfQgrDV87JLu5iB5DBH664TRwBY","Accessed 2026-08-16","2026-08-16","Commercial registry-derived profile","MEDIUM","false","Legal identity and historic scale indication","Not an audited financial source.",,"Accessed 2026-08-16","2026-08-16","OFFICIAL","1","REFERENCED"
"src-innovex-profile","Innovex Products LLP profile","The Company Check","https://www.thecompanycheck.com/company/innovex-products-llp/ACF-9794","Accessed 2026-08-16","2026-08-16","Commercial registry-derived profile","MEDIUM","false","LLP identity and incorporation date","No verified operating scale.",,"Accessed 2026-08-16","2026-08-16","OFFICIAL","1","REFERENCED"
"src-ag-organica-profile","About A.G. Organica","A.G. Organica","https://www.agorganica.com/about-a-g-organica/","Live company page","2026-08-16","Company disclosure","MEDIUM","false","Products, facility and export claims","International-scale claims are promotional.",,"Live company page","2026-08-16","CORPORATE","1","REFERENCED"
"src-apaar-profile","Apaar Infratech company profile","IndiaMART","https://www.indiamart.com/apaar-infratech/aboutus.html","Accessed 2026-08-16","2026-08-16","Marketplace company profile","LOW","false","Known construction-materials product profile","Does not establish PCB capability.",,"Accessed 2026-08-16","2026-08-16","CORPORATE","1","REFERENCED"
"src-arsenal-profile","Arsenal Infosolutions","Tofler","https://www.tofler.in/arsenal-infosolutions-private-limited/company/U74999DL2017PTC314926","Commercial filing profile accessed 2026-08-16","2026-08-16","Company disclosure","MEDIUM","false","Legal identity and FY24 revenue range","Not an audited filing in this report.",,"Commercial filing profile accessed 2026-08-16","2026-08-16","CORPORATE","2","REFERENCED"
"src-virtual-employee-profile","Virtual Employee company and locations","Virtual Employee","https://www.virtualemployee.com/about-us","Live company site","2026-08-16","Company disclosure","MEDIUM","false","Remote-staffing activity and claimed client footprint","Client count is a company claim.",,"Live company site","2026-08-16","CORPORATE","2","REFERENCED"
"src-amadeus-india-profile","Amadeus India legal-entity profile","Tofler","https://www.tofler.in/amadeus-india-private-limited/company/U74899DL1994PTC057786","Accessed 2026-08-16","2026-08-16","Commercial registry-derived profile","MEDIUM","false","Legal entity and FY23 revenue range","Facility scope remains undisclosed.",,"Accessed 2026-08-16","2026-08-16","OFFICIAL","2","REFERENCED"
"src-quarks-profile","Quarks Technosoft","Quarks Technosoft","https://www.qtsolv.com/","Live company site","2026-08-16","Company disclosure","MEDIUM","false","Product-engineering and technology-service activity","Company activity and client claim are official; revenue range is separately sourced.",,"Live company site","2026-08-16","CORPORATE","2","REFERENCED"
"src-sahu-attire-profile","Sahu International Attire legal-entity profile","The Company Check","https://www.thecompanycheck.com/company/sahu-international-attire-private-limited/U14101DL2024PTC428437","Accessed 2026-08-16","2026-08-16","Commercial registry-derived profile","MEDIUM","false","Legal identity and young-company status","No operating scale was verified.",,"Accessed 2026-08-16","2026-08-16","OFFICIAL","2","REFERENCED"
"src-balar-profile","Balar Marketing company profile","Tofler","https://www.tofler.in/balar-marketing-pvt-ltd/company/U36102DL1992PTC050686","Commercial filing profile accessed 2026-08-16","2026-08-16","Commercial filing-derived profile","MEDIUM","false","Legal identity, product category and broad FY25 revenue range","Exact revenue and employee figures were removed.",,"Commercial filing profile accessed 2026-08-16","2026-08-16","OTHER","1","REFERENCED"
"src-triveni-profile","Triveni Almirah company profile","Tofler","https://www.tofler.in/triveni-almirah-private-limited/company/U36912UP2010PTC042824","Commercial filing profile accessed 2026-08-16","2026-08-16","Commercial filing-derived profile","MEDIUM","false","Legal identity, steel-furniture activity and broad FY24 revenue range","Exact revenue and employee figures were removed.",,"Commercial filing profile accessed 2026-08-16","2026-08-16","OTHER","1","REFERENCED"
"src-neenjas-profile","Neenjas Electric company profile","Tofler","https://www.tofler.in/neenjas-electric-private-limited/company/U31909UP2022PTC159504","Commercial filing profile accessed 2026-08-16","2026-08-16","Commercial filing-derived profile","MEDIUM","false","Legal identity and broad FY25 revenue range","Exact revenue was removed.",,"Commercial filing profile accessed 2026-08-16","2026-08-16","OTHER","1","REFERENCED"
"src-arsenal-activity","Arsenal Infosolutions","Arsenal Infosolutions","https://www.arsenalinfosolutions.com/","Live company site","2026-08-16","Company disclosure","MEDIUM","false","Systems-integration, cloud, network and cybersecurity activity",,,"Live company site","2026-08-16","CORPORATE","1","REFERENCED"
"src-amadeus-bird","Amadeus India company overview","Bird Group","https://bird.in/pdf/amadeus-superbrands.pdf","Company publication","2026-08-16","Parent/group publication","MEDIUM","false","Bird/Amadeus India relationship and travel-distribution activity",,,"Company publication","2026-08-16","OTHER","2","REFERENCED"
"src-quarks-scale","Quarks Technosoft company profile","Tofler","https://www.tofler.in/quarks-technosoft-private-limited/company/U72200RJ2009PTC029107","Commercial filing profile accessed 2026-08-16","2026-08-16","Commercial filing-derived profile","MEDIUM","false","Legal identity and broad FY22 revenue range","Exact revenue and employee figures were removed.",,"Commercial filing profile accessed 2026-08-16","2026-08-16","OTHER","2","REFERENCED"
"src-rera-project-register","UP-RERA project register","Uttar Pradesh Real Estate Regulatory Authority","https://www.up-rera.in/View_projects.aspx","Warehouse snapshot 2026-06-18; reviewed 2026-08-16","2026-08-16","Official regulatory register","HIGH","true","Sector 22D project identity, promoter, registration status and completion dates","The live register search is CAPTCHA-bound. Unit counts and OC/occupancy are not uniformly available in the reviewed warehouse extract.",,"Warehouse snapshot 2026-06-18; reviewed 2026-08-16","2026-08-16","OFFICIAL","56","REFERENCED"
"src-yeida-group-housing-current","YEIDA residential group-housing property page","Yamuna Expressway Industrial Development Authority","https://www.yamunaexpresswayauthority.com/property/residential-group-housing","Live page reviewed 2026-08-17","2026-08-17","Official authority property page","HIGH","true","Checking claimed group-housing developer/project names and authority plot evidence","No verified County project/plot identity was found during the official-source refresh.",,"Live page reviewed 2026-08-17","2026-08-17","OFFICIAL","1","REFERENCED"
"src-rera-project-map","UP-RERA official project-map service","Uttar Pradesh Real Estate Regulatory Authority","https://uprera.azurewebsites.net/WebService1.asmx/ProjectOnMAp_all","Live service reviewed 2026-08-16","2026-08-16","Official regulatory map service","HIGH","true","Spatial corroboration where current project detail pages omit parcel identifiers","A point inside a parent parcel is labelled spatial-probable; it never establishes a phase boundary.",,"Live service reviewed 2026-08-16","2026-08-16","OFFICIAL","4","REFERENCED"
"src-yeida-building-regulations","YEIDA Building Regulations 2010","YEIDA","https://bpms.yamunaexpresswayauthority.com/pdf_viewer_index.php?pdf_path=./pdf/byelaws.pdf","Notification 2010-12-20","2026-08-16","Official building regulations","HIGH","true","FAR, ground coverage, dwelling-unit and height controls","Exact application remains scheme/layout and approval specific.",,"Notification 2010-12-20","2026-08-16","OFFICIAL","6","REFERENCED"
"src-yeida-masterplan2041","YEIDA Master Plan 2041 report","YEIDA","https://www.yamunaexpresswayauthority.com/uploads/2026/01/20240902_FULL-REPORT_Master-Plan_YEIDA-2041_pk_print-WO-highlight.pdf","Report dated 2024; official file hosted 2026","2026-08-16","Official draft planning report","HIGH","false","Planning scenarios, airport employment assumption and broader corridor context","Planning assumptions are not realised jobs or housing demand.",,"Report dated 2024; official file hosted 2026","2026-08-16","OFFICIAL","1","REFERENCED"
"src-yeida-housing-scheme-1239","YEIDA 1,239-flat housing scheme","Hindustan Times","https://www.hindustantimes.com/real-estate/yeida-housing-scheme-2024-1200-units-for-sale-near-noida-airport-application-procedure-prices-last-date-and-more-101726803516910.html","2024-09-20","2026-08-16","Established media reporting authority scheme","MEDIUM","true","Verified authority scheme stock and configuration sizes","OC, actual occupancy and current availability remain unavailable.","2024-09-20","2024-09-20","2026-08-16","OFFICIAL","3","REFERENCED"
"src-gh-auction-envelope","YEIDA offers group-housing plots including eight in Sector 22D","Hindustan Times","https://www.hindustantimes.com/cities/noida-news/greater-noida-yeida-offers-19-group-housing-plots-under-new-scheme-101722453643247.html","2024-07-31","2026-08-16","Established media reporting authority scheme","MEDIUM","true","Eight-parcel area envelope and theoretical FAR capacity","Non-additive with parcels subsequently registered in RERA.","2024-07-31","2024-07-31","2026-08-16","OFFICIAL","1","REFERENCED"
"src-136-projects-jobs","YEIDA pipeline of 136 projects and 50,000 committed jobs","Hindustan Times","https://www.hindustantimes.com/cities/noida-news/yeida-eyes-31-000-cr-investment-50-000-jobs-from-136-projects-in-yamuna-city-101779305370724.html","2026-05-20","2026-08-16","Established media reporting authority commitment","MEDIUM","false","Demand-scenario ceiling context","Committed jobs are not realised payroll.","2026-05-20","2026-05-20","2026-08-16","OFFICIAL","4","REFERENCED"
"src-sobha-rivana-official","Sobha Rivana Greater Noida launch disclosure","Sobha Limited","https://sobhaltd.in/updates/sobha-rivana-launched-in-greater-noida-q4-fy26-launch/","2026-03-25","2026-08-17","Listed-company project disclosure","HIGH","false","Research-queue identity, launch date and RERA number","Promotional performance, price and appreciation claims are not accepted as rating evidence.","2026-03-25","2026-03-25","2026-08-17","CORPORATE","1","REFERENCED"
"src-sobha-aurum-official","Sobha Aurum RERA registration disclosure","Sobha Limited","https://sobhaltd.in/updates/sobha-aurum-sector-36-greater-noida-rera-registration-approved/","2025-06-17","2026-08-17","Listed-company project disclosure","HIGH","false","Research-queue identity, RERA number, declared units and completion target","Early-stage project; no delivery outcome, independent progress or transaction evidence inferred.","2025-06-17","2025-06-17","2026-08-17","CORPORATE","1","REFERENCED"