{"type":"FeatureCollection","features":[{"type":"Feature","geometry":{"type":"Polygon","coordinates":[[[77.403798,28.544417],[77.404583,28.544138],[77.405006,28.545448],[77.404392,28.545391],[77.404407,28.545283],[77.404275,28.545275],[77.404265,28.545382],[77.404249,28.545381],[77.403798,28.544417]]]},"properties":{"objectid":61117,"plotmapid":"PHASE-IINAIND","property_t":"Industrial","plotsizesq":0,"sector":"PHASE-II","block":"NA","mplanduse":"B","ppt_type":"IND","ppt_full":"Industrial","authority":"NOIDA","category":"industrial","execution_stage":"unknown"}},{"type":"Feature","geometry":{"type":"Polygon","coordinates":[[[77.405506,28.545497],[77.405006,28.545448],[77.404583,28.544138],[77.405392,28.543856],[77.405506,28.545497]]]},"properties":{"objectid":61118,"plotmapid":"PHASE-IINAIND","property_t":"Industrial","plotsizesq":0,"sector":"PHASE-II","block":"NA","mplanduse":"B","ppt_type":"IND","ppt_full":"Industrial","authority":"NOIDA","category":"industrial","execution_stage":"unknown"}},{"type":"Feature","geometry":{"type":"Polygon","coordinates":[[[77.405925,28.54732],[77.405934,28.547326],[77.405029,28.547231],[77.405093,28.546756],[77.405925,28.54732]]]},"properties":{"objectid":61121,"plotmapid":"PHASE-IINAIND","property_t":"Industrial","plotsizesq":0,"sector":"PHASE-II","block":"NA","mplanduse":"B","ppt_type":"IND","ppt_full":"Industrial","authority":"NOIDA","category":"industrial","execution_stage":"unknown"}},{"type":"Feature","geometry":{"type":"Polygon","coordinates":[[[77.404607,28.545816],[77.406089,28.545963],[77.405934,28.547326],[77.405093,28.546756],[77.4051,28.546705],[77.404996,28.546692],[77.404566,28.545812],[77.404607,28.545816]]]},"properties":{"objectid":61122,"plotmapid":"PHASE-IINAIND","property_t":"Industrial","plotsizesq":0,"sector":"PHASE-II","block":"NA","mplanduse":"B","ppt_type":"IND","ppt_full":"Industrial","authority":"NOIDA","category":"industrial","execution_stage":"unknown"}},{"type":"Feature","geometry":{"type":"Polygon","coordinates":[[[77.406083,28.557611],[77.40605,28.557795],[77.405636,28.557748],[77.405644,28.557704],[77.406083,28.557611]]]},"properties":{"objectid":61135,"plotmapid":"80D221IND","property_t":"Industrial","used":"PLOT","plotsizesq":826,"plot_size":"826 SQMT","plot_no":"221","sector":"80","block":"D","mplanduse":"V","ppt_type":"IND","ppt_full":"Industrial","remark":"As per drone is vacant ,not Alloted & not buildup","authority":"NOIDA","category":"industrial","execution_stage":"unknown"}},{"type":"Feature","geometry":{"type":"Polygon","coordinates":[[[77.405843,28.557772],[77.405781,28.558131],[77.405573,28.558109],[77.405636,28.557748],[77.405843,28.557772]]]},"properties":{"objectid":61143,"plotmapid":"80D219IND","property_t":"Industrial","used":"PLOT","plotsizesq":800,"plot_size":"800 SQMT","plot_no":"219","sector":"80","block":"D","mplanduse":"V","ppt_type":"IND","ppt_full":"Industrial","remark":"As per drone is vacant ,not Alloted & not buildup","authority":"NOIDA","category":"industrial","execution_stage":"unknown"}},{"type":"Feature","geometry":{"type":"Polygon","coordinates":[[[77.404878,28.558197],[77.404848,28.558421],[77.404746,28.55841],[77.404776,28.558186],[77.404878,28.558197]]]},"properties":{"objectid":61164,"plotmapid":"80D202IND","property_t":"Industrial","used":"PLOT","plotsizesq":250,"plot_size":"250 SQMT","plot_no":"202","sector":"80","block":"D","mplanduse":"V","ppt_type":"IND","ppt_full":"Industrial","remark":"As per drone is vacant ,not Alloted & not buildup","authority":"NOIDA","category":"industrial","execution_stage":"unknown"}},{"type":"Feature","geometry":{"type":"Polygon","coordinates":[[[77.40498,28.558208],[77.404951,28.558432],[77.404848,28.558421],[77.404878,28.558197],[77.40498,28.558208]]]},"properties":{"objectid":61165,"plotmapid":"80D203IND","property_t":"Industrial","used":"PLOT","plotsizesq":250,"plot_size":"250 SQMT","plot_no":"203","sector":"80","block":"D","mplanduse":"V","ppt_type":"IND","ppt_full":"Industrial","remark":"As per drone is vacant ,not Alloted & not buildup","authority":"NOIDA","category":"industrial","execution_stage":"unknown"}},{"type":"Feature","geometry":{"type":"Polygon","coordinates":[[[77.405082,28.558219],[77.405053,28.558443],[77.404951,28.558432],[77.40498,28.558208],[77.405082,28.558219]]]},"properties":{"objectid":61166,"plotmapid":"80D204IND","property_t":"Industrial","used":"PLOT","plotsizesq":250,"plot_size":"250 SQMT","plot_no":"204","sector":"80","block":"D","mplanduse":"V","ppt_type":"IND","ppt_full":"Industrial","remark":"As per drone is vacant ,not Alloted & not buildup","authority":"NOIDA","category":"industrial","execution_stage":"unknown"}},{"type":"Feature","geometry":{"type":"Polygon","coordinates":[[[77.405184,28.55823],[77.405155,28.558455],[77.405053,28.558443],[77.405082,28.558219],[77.405184,28.55823]]]},"properties":{"objectid":61167,"plotmapid":"80D205IND","property_t":"Industrial","used":"PLOT","plotsizesq":250,"plot_size":"250 SQMT","plot_no":"205","sector":"80","block":"D","mplanduse":"V","ppt_type":"IND","ppt_full":"Industrial","remark":"As per drone is vacant ,not Alloted & not buildup","authority":"NOIDA","category":"industrial","execution_stage":"unknown"}},{"type":"Feature","geometry":{"type":"Polygon","coordinates":[[[77.405287,28.558242],[77.405257,28.558466],[77.405155,28.558455],[77.405184,28.55823],[77.405287,28.558242]]]},"properties":{"objectid":61168,"plotmapid":"80D206IND","property_t":"Industrial","used":"PLOT","plotsizesq":250,"plot_size":"250 SQMT","plot_no":"206","sector":"80","block":"D","mplanduse":"V","ppt_type":"IND","ppt_full":"Industrial","remark":"As per drone is vacant ,not Alloted & not buildup","authority":"NOIDA","category":"industrial","execution_stage":"unknown"}},{"type":"Feature","geometry":{"type":"Polygon","coordinates":[[[77.405389,28.558253],[77.405359,28.558477],[77.405257,28.558466],[77.405287,28.558242],[77.405389,28.558253]]]},"properties":{"objectid":61169,"plotmapid":"80D207IND","property_t":"Industrial","used":"PLOT","plotsizesq":250,"plot_size":"250 SQMT","plot_no":"207","sector":"80","block":"D","mplanduse":"V","ppt_type":"IND","ppt_full":"Industrial","remark":"As per drone is vacant ,not Alloted & not buildup","authority":"NOIDA","category":"industrial","execution_stage":"unknown"}},{"type":"Feature","geometry":{"type":"Polygon","coordinates":[[[77.405491,28.558264],[77.405461,28.558488],[77.405359,28.558477],[77.405389,28.558253],[77.405491,28.558264]]]},"properties":{"objectid":61170,"plotmapid":"80D208IND","property_t":"Industrial","used":"PLOT","plotsizesq":250,"plot_size":"250 SQMT","plot_no":"208","sector":"80","block":"D","mplanduse":"V","ppt_type":"IND","ppt_full":"Industrial","remark":"As per drone is vacant ,not Alloted & not buildup","authority":"NOIDA","category":"industrial","execution_stage":"unknown"}},{"type":"Feature","geometry":{"type":"Polygon","coordinates":[[[77.405593,28.558275],[77.405564,28.5585],[77.405461,28.558488],[77.405491,28.558264],[77.405593,28.558275]]]},"properties":{"objectid":61171,"plotmapid":"80D209IND","property_t":"Industrial","used":"PLOT","plotsizesq":250,"plot_size":"250 SQMT","plot_no":"209","sector":"80","block":"D","mplanduse":"V","ppt_type":"IND","ppt_full":"Industrial","remark":"As per drone is vacant ,not Alloted & not buildup","authority":"NOIDA","category":"industrial","execution_stage":"unknown"}},{"type":"Feature","geometry":{"type":"Polygon","coordinates":[[[77.405695,28.558287],[77.405666,28.558511],[77.405564,28.5585],[77.405593,28.558275],[77.405695,28.558287]]]},"properties":{"objectid":61172,"plotmapid":"80D210IND","property_t":"Industrial","used":"PLOT","plotsizesq":250,"plot_size":"250 SQMT","plot_no":"210","sector":"80","block":"D","mplanduse":"V","ppt_type":"IND","ppt_full":"Industrial","remark":"As per drone is vacant ,not Alloted & not buildup","authority":"NOIDA","category":"industrial","execution_stage":"unknown"}},{"type":"Feature","geometry":{"type":"Polygon","coordinates":[[[77.405797,28.558298],[77.405768,28.558522],[77.405666,28.558511],[77.405695,28.558287],[77.405797,28.558298]]]},"properties":{"objectid":61173,"plotmapid":"80D211IND","property_t":"Industrial","used":"PLOT","plotsizesq":250,"plot_size":"250 SQMT","plot_no":"211","sector":"80","block":"D","mplanduse":"V","ppt_type":"IND","ppt_full":"Industrial","remark":"As per drone is vacant ,not Alloted & not buildup","authority":"NOIDA","category":"industrial","execution_stage":"unknown"}},{"type":"Feature","geometry":{"type":"Polygon","coordinates":[[[77.4059,28.558309],[77.40587,28.558533],[77.405768,28.558522],[77.405797,28.558298],[77.4059,28.558309]]]},"properties":{"objectid":61174,"plotmapid":"80D212IND","property_t":"Industrial","used":"PLOT","plotsizesq":250,"plot_size":"250 SQMT","plot_no":"212","sector":"80","block":"D","mplanduse":"V","ppt_type":"IND","ppt_full":"Industrial","remark":"As per drone is vacant ,not Alloted & not buildup","authority":"NOIDA","category":"industrial","execution_stage":"unknown"}},{"type":"Feature","geometry":{"type":"Polygon","coordinates":[[[77.404848,28.558421],[77.404819,28.558645],[77.404717,28.558634],[77.404746,28.55841],[77.404848,28.558421]]]},"properties":{"objectid":61187,"plotmapid":"80D201IND","property_t":"Industrial","used":"PLOT","plotsizesq":250,"plot_size":"250 SQMT","plot_no":"201","sector":"80","block":"D","mplanduse":"V","ppt_type":"IND","ppt_full":"Industrial","remark":"As per drone is vacant ,not Alloted & not buildup","authority":"NOIDA","category":"industrial","execution_stage":"unknown"}},{"type":"Feature","geometry":{"type":"Polygon","coordinates":[[[77.404951,28.558432],[77.404921,28.558656],[77.404819,28.558645],[77.404848,28.558421],[77.404951,28.558432]]]},"properties":{"objectid":61188,"plotmapid":"80D200IND","property_t":"Industrial","used":"PLOT","plotsizesq":250,"plot_size":"250 SQMT","plot_no":"200","sector":"80","block":"D","mplanduse":"V","ppt_type":"IND","ppt_full":"Industrial","remark":"As per drone is vacant ,not Alloted & not buildup","authority":"NOIDA","category":"industrial","execution_stage":"unknown"}},{"type":"Feature","geometry":{"type":"Polygon","coordinates":[[[77.405053,28.558443],[77.405023,28.558668],[77.404921,28.558656],[77.404951,28.558432],[77.405053,28.558443]]]},"properties":{"objectid":61189,"plotmapid":"80D199IND","property_t":"Industrial","used":"PLOT","plotsizesq":250,"plot_size":"250 SQMT","plot_no":"199","sector":"80","block":"D","mplanduse":"V","ppt_type":"IND","ppt_full":"Industrial","remark":"As per drone is vacant ,not Alloted & not buildup","authority":"NOIDA","category":"industrial","execution_stage":"unknown"}},{"type":"Feature","geometry":{"type":"Polygon","coordinates":[[[77.405155,28.558455],[77.405125,28.558679],[77.405023,28.558668],[77.405053,28.558443],[77.405155,28.558455]]]},"properties":{"objectid":61190,"plotmapid":"80D198IND","property_t":"Industrial","used":"PLOT","plotsizesq":250,"plot_size":"250 SQMT","plot_no":"198","sector":"80","block":"D","mplanduse":"V","ppt_type":"IND","ppt_full":"Industrial","remark":"As per drone is vacant ,not Alloted & not buildup","authority":"NOIDA","category":"industrial","execution_stage":"unknown"}},{"type":"Feature","geometry":{"type":"Polygon","coordinates":[[[77.405257,28.558466],[77.405228,28.55869],[77.405125,28.558679],[77.405155,28.558455],[77.405257,28.558466]]]},"properties":{"objectid":61191,"plotmapid":"80D197IND","property_t":"Industrial","used":"PLOT","plotsizesq":250,"plot_size":"250 SQMT","plot_no":"197","sector":"80","block":"D","mplanduse":"V","ppt_type":"IND","ppt_full":"Industrial","remark":"As per drone is vacant ,not Alloted & not buildup","authority":"NOIDA","category":"industrial","execution_stage":"unknown"}},{"type":"Feature","geometry":{"type":"Polygon","coordinates":[[[77.405359,28.558477],[77.40533,28.558701],[77.405228,28.55869],[77.405257,28.558466],[77.405359,28.558477]]]},"properties":{"objectid":61192,"plotmapid":"80D196IND","property_t":"Industrial","used":"PLOT","plotsizesq":250,"plot_size":"250 SQMT","plot_no":"196","sector":"80","block":"D","mplanduse":"V","ppt_type":"IND","ppt_full":"Industrial","remark":"As per drone is vacant ,not Alloted & not buildup","authority":"NOIDA","category":"industrial","execution_stage":"unknown"}},{"type":"Feature","geometry":{"type":"Polygon","coordinates":[[[77.405461,28.558488],[77.405432,28.558713],[77.40533,28.558701],[77.405359,28.558477],[77.405461,28.558488]]]},"properties":{"objectid":61193,"plotmapid":"80D195IND","property_t":"Industrial","used":"PLOT","plotsizesq":250,"plot_size":"250 SQMT","plot_no":"195","sector":"80","block":"D","mplanduse":"V","ppt_type":"IND","ppt_full":"Industrial","remark":"As per drone is vacant ,not Alloted & not buildup","authority":"NOIDA","category":"industrial","execution_stage":"unknown"}},{"type":"Feature","geometry":{"type":"Polygon","coordinates":[[[77.405564,28.5585],[77.405534,28.558724],[77.405432,28.558713],[77.405461,28.558488],[77.405564,28.5585]]]},"properties":{"objectid":61194,"plotmapid":"80D194IND","property_t":"Industrial","used":"PLOT","plotsizesq":250,"plot_size":"250 SQMT","plot_no":"194","sector":"80","block":"D","mplanduse":"V","ppt_type":"IND","ppt_full":"Industrial","remark":"As per drone is vacant ,not Alloted & not buildup","authority":"NOIDA","category":"industrial","execution_stage":"unknown"}},{"type":"Feature","geometry":{"type":"Polygon","coordinates":[[[77.405666,28.558511],[77.405636,28.558735],[77.405534,28.558724],[77.405564,28.5585],[77.405666,28.558511]]]},"properties":{"objectid":61195,"plotmapid":"80D193IND","property_t":"Industrial","used":"PLOT","plotsizesq":250,"plot_size":"250 SQMT","plot_no":"193","sector":"80","block":"D","mplanduse":"V","ppt_type":"IND","ppt_full":"Industrial","remark":"As per drone is vacant ,not Alloted & not buildup","authority":"NOIDA","category":"industrial","execution_stage":"unknown"}},{"type":"Feature","geometry":{"type":"Polygon","coordinates":[[[77.405768,28.558522],[77.405738,28.558746],[77.405636,28.558735],[77.405666,28.558511],[77.405768,28.558522]]]},"properties":{"objectid":61196,"plotmapid":"80D192IND","property_t":"Industrial","used":"PLOT","plotsizesq":250,"plot_size":"250 SQMT","plot_no":"192","sector":"80","block":"D","mplanduse":"V","ppt_type":"IND","ppt_full":"Industrial","remark":"As per drone is vacant ,not Alloted & not buildup","authority":"NOIDA","category":"industrial","execution_stage":"unknown"}},{"type":"Feature","geometry":{"type":"Polygon","coordinates":[[[77.40587,28.558533],[77.405841,28.558758],[77.405738,28.558746],[77.405768,28.558522],[77.40587,28.558533]]]},"properties":{"objectid":61197,"plotmapid":"80D191IND","property_t":"Industrial","used":"PLOT","plotsizesq":250,"plot_size":"250 SQMT","plot_no":"191","sector":"80","block":"D","mplanduse":"V","ppt_type":"IND","ppt_full":"Industrial","remark":"As per drone is vacant ,not Alloted & not buildup","authority":"NOIDA","category":"industrial","execution_stage":"unknown"}},{"type":"Feature","geometry":{"type":"Polygon","coordinates":[[[77.404795,28.558804],[77.404764,28.559028],[77.404662,28.559017],[77.404692,28.558793],[77.404795,28.558804]]]},"properties":{"objectid":61215,"plotmapid":"80D178IND","property_t":"Industrial","used":"PLOT","plotsizesq":250,"plot_size":"250 SQMT","plot_no":"178","sector":"80","block":"D","mplanduse":"V","ppt_type":"IND","ppt_full":"Industrial","remark":"As per drone is vacant ,not Alloted & not buildup","authority":"NOIDA","category":"industrial","execution_stage":"unknown"}},{"type":"Feature","geometry":{"type":"Polygon","coordinates":[[[77.404897,28.558815],[77.404867,28.559039],[77.404764,28.559028],[77.404795,28.558804],[77.404897,28.558815]]]},"properties":{"objectid":61216,"plotmapid":"80D179IND","property_t":"Industrial","used":"PLOT","plotsizesq":250,"plot_size":"250 SQMT","plot_no":"179","sector":"80","block":"D","mplanduse":"V","ppt_type":"IND","ppt_full":"Industrial","remark":"As per drone is vacant ,not Alloted & not buildup","authority":"NOIDA","category":"industrial","execution_stage":"unknown"}},{"type":"Feature","geometry":{"type":"Polygon","coordinates":[[[77.405,28.558826],[77.404969,28.55905],[77.404867,28.559039],[77.404897,28.558815],[77.405,28.558826]]]},"properties":{"objectid":61217,"plotmapid":"80D180IND","property_t":"Industrial","used":"PLOT","plotsizesq":250,"plot_size":"250 SQMT","plot_no":"180","sector":"80","block":"D","mplanduse":"V","ppt_type":"IND","ppt_full":"Industrial","remark":"As per drone is vacant ,not Alloted & not buildup","authority":"NOIDA","category":"industrial","execution_stage":"unknown"}},{"type":"Feature","geometry":{"type":"Polygon","coordinates":[[[77.405102,28.558838],[77.405072,28.559061],[77.404969,28.55905],[77.405,28.558826],[77.405102,28.558838]]]},"properties":{"objectid":61218,"plotmapid":"80D181IND","property_t":"Industrial","used":"PLOT","plotsizesq":250,"plot_size":"250 SQMT","plot_no":"181","sector":"80","block":"D","mplanduse":"V","ppt_type":"IND","ppt_full":"Industrial","remark":"As per drone is vacant ,not Alloted & not buildup","authority":"NOIDA","category":"industrial","execution_stage":"unknown"}},{"type":"Feature","geometry":{"type":"Polygon","coordinates":[[[77.405205,28.558849],[77.405175,28.559073],[77.405072,28.559061],[77.405102,28.558838],[77.405205,28.558849]]]},"properties":{"objectid":61219,"plotmapid":"80D182IND","property_t":"Industrial","used":"PLOT","plotsizesq":250,"plot_size":"250 SQMT","plot_no":"182","sector":"80","block":"D","mplanduse":"V","ppt_type":"IND","ppt_full":"Industrial","remark":"As per drone is vacant ,not Alloted & not buildup","authority":"NOIDA","category":"industrial","execution_stage":"unknown"}},{"type":"Feature","geometry":{"type":"Polygon","coordinates":[[[77.405307,28.55886],[77.405277,28.559084],[77.405175,28.559073],[77.405205,28.558849],[77.405307,28.55886]]]},"properties":{"objectid":61220,"plotmapid":"80D183IND","property_t":"Industrial","used":"PLOT","plotsizesq":250,"plot_size":"250 SQMT","plot_no":"183","sector":"80","block":"D","mplanduse":"V","ppt_type":"IND","ppt_full":"Industrial","remark":"As per drone is vacant ,not Alloted & not buildup","authority":"NOIDA","category":"industrial","execution_stage":"unknown"}},{"type":"Feature","geometry":{"type":"Polygon","coordinates":[[[77.40541,28.558871],[77.40538,28.559095],[77.405277,28.559084],[77.405307,28.55886],[77.40541,28.558871]]]},"properties":{"objectid":61221,"plotmapid":"80D184IND","property_t":"Industrial","used":"PLOT","plotsizesq":250,"plot_size":"250 SQMT","plot_no":"184","sector":"80","block":"D","mplanduse":"V","ppt_type":"IND","ppt_full":"Industrial","remark":"As per drone is vacant ,not Alloted & not buildup","authority":"NOIDA","category":"industrial","execution_stage":"unknown"}},{"type":"Feature","geometry":{"type":"Polygon","coordinates":[[[77.405512,28.558882],[77.405482,28.559106],[77.40538,28.559095],[77.40541,28.558871],[77.405512,28.558882]]]},"properties":{"objectid":61222,"plotmapid":"80D185IND","property_t":"Industrial","used":"PLOT","plotsizesq":250,"plot_size":"250 SQMT","plot_no":"185","sector":"80","block":"D","mplanduse":"V","ppt_type":"IND","ppt_full":"Industrial","remark":"As per drone is vacant ,not Alloted & not buildup","authority":"NOIDA","category":"industrial","execution_stage":"unknown"}},{"type":"Feature","geometry":{"type":"Polygon","coordinates":[[[77.405615,28.558894],[77.405585,28.559117],[77.405482,28.559106],[77.405512,28.558882],[77.405615,28.558894]]]},"properties":{"objectid":61223,"plotmapid":"80D186IND","property_t":"Industrial","used":"PLOT","plotsizesq":250,"plot_size":"250 SQMT","plot_no":"186","sector":"80","block":"D","mplanduse":"V","ppt_type":"IND","ppt_full":"Industrial","remark":"As per drone is vacant ,not Alloted & not buildup","authority":"NOIDA","category":"industrial","execution_stage":"unknown"}},{"type":"Feature","geometry":{"type":"Polygon","coordinates":[[[77.405718,28.558905],[77.405687,28.559129],[77.405585,28.559117],[77.405615,28.558894],[77.405718,28.558905]]]},"properties":{"objectid":61224,"plotmapid":"80D187IND","property_t":"Industrial","used":"PLOT","plotsizesq":250,"plot_size":"250 SQMT","plot_no":"187","sector":"80","block":"D","mplanduse":"V","ppt_type":"IND","ppt_full":"Industrial","remark":"As per drone is vacant ,not Alloted & not buildup","authority":"NOIDA","category":"industrial","execution_stage":"unknown"}},{"type":"Feature","geometry":{"type":"Polygon","coordinates":[[[77.40582,28.558916],[77.40579,28.55914],[77.405687,28.559129],[77.405718,28.558905],[77.40582,28.558916]]]},"properties":{"objectid":61225,"plotmapid":"80D188IND","property_t":"Industrial","used":"PLOT","plotsizesq":250,"plot_size":"250 SQMT","plot_no":"188","sector":"80","block":"D","mplanduse":"V","ppt_type":"IND","ppt_full":"Industrial","remark":"As per drone is vacant ,not Alloted & not buildup","authority":"NOIDA","category":"industrial","execution_stage":"unknown"}},{"type":"Feature","geometry":{"type":"Polygon","coordinates":[[[77.40582,28.558916],[77.405923,28.558927],[77.405892,28.559151],[77.40579,28.55914],[77.40582,28.558916]]]},"properties":{"objectid":61226,"plotmapid":"80D189IND","property_t":"Industrial","used":"PLOT","plotsizesq":250,"plot_size":"250 SQMT","plot_no":"189","sector":"80","block":"D","mplanduse":"V","ppt_type":"IND","ppt_full":"Industrial","remark":"As per drone is vacant ,not Alloted & not buildup","authority":"NOIDA","category":"industrial","execution_stage":"unknown"}},{"type":"Feature","geometry":{"type":"Polygon","coordinates":[[[77.404764,28.559028],[77.404867,28.559039],[77.404836,28.559269],[77.404631,28.559247],[77.404662,28.559017],[77.404764,28.559028]]]},"properties":{"objectid":61232,"plotmapid":"80D176&177IND","property_t":"Industrial","used":"PLOT","plotsizesq":250,"plot_size":"250 SQMT","plot_no":"176&177","sector":"80","block":"D","mplanduse":"V","ppt_type":"IND","ppt_full":"Industrial","remark":"As per drone is vacant ,not Alloted & not buildup","authority":"NOIDA","category":"industrial","execution_stage":"unknown"}},{"type":"Feature","geometry":{"type":"Polygon","coordinates":[[[77.404969,28.55905],[77.405072,28.559061],[77.405041,28.559291],[77.404836,28.559269],[77.404867,28.559039],[77.404969,28.55905]]]},"properties":{"objectid":61233,"plotmapid":"80D174-175IND","property_t":"Industrial","used":"PLOT","plotsizesq":250,"plot_size":"250 SQMT","plot_no":"174-175","sector":"80","block":"D","mplanduse":"V","ppt_type":"IND","ppt_full":"Industrial","remark":"As per drone is vacant ,not Alloted & not buildup","authority":"NOIDA","category":"industrial","execution_stage":"unknown"}},{"type":"Feature","geometry":{"type":"Polygon","coordinates":[[[77.405175,28.559073],[77.405277,28.559084],[77.405246,28.559314],[77.405041,28.559291],[77.405072,28.559061],[77.405175,28.559073]]]},"properties":{"objectid":61234,"plotmapid":"80D172-173IND","property_t":"Industrial","used":"PLOT","plotsizesq":250,"plot_size":"250 SQMT","plot_no":"172-173","sector":"80","block":"D","mplanduse":"V","ppt_type":"IND","ppt_full":"Industrial","remark":"As per drone is vacant ,not Alloted & not buildup","authority":"NOIDA","category":"industrial","execution_stage":"unknown"}},{"type":"Feature","geometry":{"type":"Polygon","coordinates":[[[77.40538,28.559095],[77.405482,28.559106],[77.405451,28.559336],[77.405246,28.559314],[77.405277,28.559084],[77.40538,28.559095]]]},"properties":{"objectid":61235,"plotmapid":"80D170-171IND","property_t":"Industrial","used":"PLOT","plotsizesq":250,"plot_size":"250 SQMT","plot_no":"170-171","sector":"80","block":"D","mplanduse":"V","ppt_type":"IND","ppt_full":"Industrial","remark":"As per drone is vacant ,not Alloted & not buildup","authority":"NOIDA","category":"industrial","execution_stage":"unknown"}},{"type":"Feature","geometry":{"type":"Polygon","coordinates":[[[77.405585,28.559117],[77.405687,28.559129],[77.405656,28.559359],[77.405451,28.559336],[77.405482,28.559106],[77.405585,28.559117]]]},"properties":{"objectid":61236,"plotmapid":"80D168-169IND","property_t":"Industrial","used":"PLOT","plotsizesq":250,"plot_size":"250 SQMT","plot_no":"168-169","sector":"80","block":"D","mplanduse":"V","ppt_type":"IND","ppt_full":"Industrial","remark":"As per drone is vacant ,not Alloted & not buildup","authority":"NOIDA","category":"industrial","execution_stage":"unknown"}},{"type":"Feature","geometry":{"type":"Polygon","coordinates":[[[77.40579,28.55914],[77.405892,28.559151],[77.405861,28.559381],[77.405656,28.559359],[77.405687,28.559129],[77.40579,28.55914]]]},"properties":{"objectid":61237,"plotmapid":"80D166-167IND","property_t":"Industrial","used":"PLOT","plotsizesq":250,"plot_size":"250 SQMT","plot_no":"166-167","sector":"80","block":"D","mplanduse":"V","ppt_type":"IND","ppt_full":"Industrial","remark":"As per drone is vacant ,not Alloted & not buildup","authority":"NOIDA","category":"industrial","execution_stage":"unknown"}},{"type":"Feature","geometry":{"type":"Polygon","coordinates":[[[77.402704,28.557941],[77.403009,28.558233],[77.402327,28.558571],[77.402117,28.558375],[77.402678,28.557916],[77.402704,28.557941]]]},"properties":{"objectid":61250,"plotmapid":"80C53IND","property_t":"Industrial","used":"PLOT","allotted_p":"Yes","plotsizesq":2805,"plot_size":"3000 SQMT","plot_no":"53","sector":"80","block":"C","mplanduse":"V","ppt_type":"IND","ppt_full":"Industrial","remark":"As per drone is vacant ,not Alloted & not buildup","authority":"NOIDA","category":"industrial","execution_stage":"allotted"}},{"type":"Feature","geometry":{"type":"Polygon","coordinates":[[[77.394911,28.554241],[77.39381,28.555091],[77.392795,28.55428],[77.392818,28.554259],[77.39308,28.554175],[77.395718,28.553466],[77.397334,28.555024],[77.396582,28.55563],[77.395042,28.55414],[77.394911,28.554241]]]},"properties":{"objectid":61264,"plotmapid":"80C24-30IND","property_t":"Industrial","used":"PLOT","plotsizesq":4000,"plot_size":"4000 SQMT","plot_no":"24-30","sector":"80","block":"C","mplanduse":"V","ppt_type":"IND","ppt_full":"Industrial","authority":"NOIDA","category":"industrial","execution_stage":"unknown"}},{"type":"Feature","geometry":{"type":"Polygon","coordinates":[[[77.397608,28.555286],[77.396855,28.555893],[77.396582,28.55563],[77.397334,28.555024],[77.397608,28.555286]]]},"properties":{"objectid":61268,"plotmapid":"80C023IND","property_t":"Industrial","used":"PLOT","allotted_p":"Yes","plotsizesq":4000,"plot_size":"4000 SQMT","plot_no":"023","sector":"80","block":"C","mplanduse":"V","ppt_type":"IND","ppt_full":"Industrial","authority":"NOIDA","category":"industrial","execution_stage":"allotted"}},{"type":"Feature","geometry":{"type":"Polygon","coordinates":[[[77.397666,28.555342],[77.397883,28.555552],[77.397132,28.556161],[77.396855,28.555893],[77.397608,28.555286],[77.397666,28.555342]]]},"properties":{"objectid":61270,"plotmapid":"80C022IND","property_t":"Industrial","used":"PLOT","allotted_p":"Yes","plotsizesq":4000,"plot_size":"4000 SQMT","plot_no":"022","sector":"80","block":"C","mplanduse":"V","ppt_type":"IND","ppt_full":"Industrial","authority":"NOIDA","category":"industrial","execution_stage":"allotted"}},{"type":"Feature","geometry":{"type":"Polygon","coordinates":[[[77.405399,28.55712],[77.405701,28.556875],[77.406045,28.557201],[77.405597,28.557299],[77.405399,28.55712]]]},"properties":{"objectid":61271,"plotmapid":"80B069IND","property_t":"Industrial","used":"PLOT","allotted_p":"Yes","plotsizesq":1000,"plot_size":"1000 SQMT","plot_no":"069","sector":"80","block":"B","mplanduse":"V","ppt_type":"IND","ppt_full":"Industrial","authority":"NOIDA","category":"industrial","execution_stage":"allotted"}},{"type":"Feature","geometry":{"type":"Polygon","coordinates":[[[77.401082,28.556386],[77.40136,28.556657],[77.400801,28.557118],[77.40052,28.556846],[77.401082,28.556386]]]},"properties":{"objectid":61275,"plotmapid":"80C008IND","property_t":"Industrial","used":"PLOT","plotsizesq":3000,"plot_size":"3000 SQMT","plot_no":"008","sector":"80","block":"C","mplanduse":"V","ppt_type":"IND","ppt_full":"Industrial","authority":"NOIDA","category":"industrial","execution_stage":"unknown"}},{"type":"Feature","geometry":{"type":"Polygon","coordinates":[[[77.403316,28.556909],[77.402748,28.557375],[77.40247,28.557108],[77.403034,28.556644],[77.403316,28.556909]]]},"properties":{"objectid":61277,"plotmapid":"80B089IND","property_t":"Industrial","used":"PLOT","allotted_p":"Yes","plotsizesq":3000,"plot_size":"3000 SQMT","plot_no":"089","sector":"80","block":"B","mplanduse":"B","ppt_type":"IND","ppt_full":"Industrial","authority":"NOIDA","category":"industrial","execution_stage":"allotted"}},{"type":"Feature","geometry":{"type":"Polygon","coordinates":[[[77.403713,28.55728],[77.404217,28.557758],[77.403448,28.558043],[77.403023,28.55764],[77.403597,28.557172],[77.403713,28.55728]]]},"properties":{"objectid":61285,"plotmapid":"80B087IND","property_t":"Industrial","used":"PLOT","allotted_p":"Yes","plotsizesq":3000,"plot_size":"3000 SQMT","plot_no":"087","sector":"80","block":"B","mplanduse":"V","ppt_type":"IND","ppt_full":"Industrial","authority":"NOIDA","category":"industrial","execution_stage":"allotted"}},{"type":"Feature","geometry":{"type":"Polygon","coordinates":[[[77.398762,28.557734],[77.39879,28.557762],[77.397811,28.558542],[77.397551,28.558298],[77.398517,28.557492],[77.398762,28.557734]]]},"properties":{"objectid":61330,"plotmapid":"80C044IND","property_t":"Industrial","used":"PLOT","allotted_p":"Yes","plotsizesq":4000,"plot_size":"4000 SQMT","plot_no":"044","sector":"80","block":"C","mplanduse":"V","ppt_type":"IND","ppt_full":"Industrial","authority":"NOIDA","category":"industrial","execution_stage":"allotted"}},{"type":"Feature","geometry":{"type":"Polygon","coordinates":[[[77.399364,28.558303],[77.398399,28.559096],[77.398114,28.558826],[77.399069,28.558024],[77.399364,28.558303]]]},"properties":{"objectid":61331,"plotmapid":"80C046IND","property_t":"Industrial","used":"PLOT","allotted_p":"Yes","plotsizesq":4000,"plot_size":"4000 SQMT","plot_no":"046","sector":"80","block":"C","mplanduse":"V","ppt_type":"IND","ppt_full":"Industrial","authority":"NOIDA","category":"industrial","execution_stage":"allotted"}},{"type":"Feature","geometry":{"type":"Polygon","coordinates":[[[77.395308,28.554397],[77.394146,28.555362],[77.39381,28.555091],[77.395042,28.55414],[77.395308,28.554397]]]},"properties":{"objectid":61333,"plotmapid":"80C031IND","property_t":"Industrial","used":"PLOT","allotted_p":"Yes","plotsizesq":6332,"plot_size":"4000 SQMT","plot_no":"031","sector":"80","block":"C","mplanduse":"V","ppt_type":"IND","ppt_full":"Industrial","authority":"NOIDA","category":"industrial","execution_stage":"allotted"}},{"type":"Feature","geometry":{"type":"Polygon","coordinates":[[[77.395578,28.554658],[77.39463,28.555434],[77.394424,28.555586],[77.394146,28.555362],[77.395308,28.554397],[77.395578,28.554658]]]},"properties":{"objectid":61334,"plotmapid":"80C032IND","property_t":"Industrial","used":"PLOT","allotted_p":"Yes","plotsizesq":6186,"plot_size":"4000 SQMT","plot_no":"032","sector":"80","block":"C","mplanduse":"V","ppt_type":"IND","ppt_full":"Industrial","authority":"NOIDA","category":"industrial","execution_stage":"allotted"}},{"type":"Feature","geometry":{"type":"Polygon","coordinates":[[[77.395847,28.554919],[77.394734,28.555835],[77.394424,28.555586],[77.39463,28.555434],[77.395578,28.554658],[77.395847,28.554919]]]},"properties":{"objectid":61335,"plotmapid":"80C033IND","property_t":"Industrial","used":"PLOT","allotted_p":"Yes","plotsizesq":5914,"plot_size":"4000 SQMT","plot_no":"033","sector":"80","block":"C","mplanduse":"V","ppt_type":"IND","ppt_full":"Industrial","authority":"NOIDA","category":"industrial","execution_stage":"allotted"}},{"type":"Feature","geometry":{"type":"Polygon","coordinates":[[[77.396117,28.555179],[77.395027,28.55607],[77.394734,28.555835],[77.395847,28.554919],[77.396117,28.555179]]]},"properties":{"objectid":61336,"plotmapid":"80C034IND","property_t":"Industrial","used":"PLOT","allotted_p":"Yes","plotsizesq":5890,"plot_size":"4000 SQMT","plot_no":"034","sector":"80","block":"C","mplanduse":"V","ppt_type":"IND","ppt_full":"Industrial","authority":"NOIDA","category":"industrial","execution_stage":"allotted"}},{"type":"Feature","geometry":{"type":"Polygon","coordinates":[[[77.396306,28.555362],[77.395229,28.556232],[77.395027,28.55607],[77.396117,28.555179],[77.396306,28.555362]]]},"properties":{"objectid":61337,"plotmapid":"80C035IND","property_t":"Industrial","used":"PLOT","allotted_p":"Yes","plotsizesq":5752,"plot_size":"4000 SQMT","plot_no":"035","sector":"80","block":"C","mplanduse":"V","ppt_type":"IND","ppt_full":"Industrial","authority":"NOIDA","category":"industrial","execution_stage":"allotted"}},{"type":"Feature","geometry":{"type":"Polygon","coordinates":[[[77.396306,28.555362],[77.396582,28.55563],[77.39553,28.556481],[77.395229,28.556232],[77.396306,28.555362]]]},"properties":{"objectid":61338,"plotmapid":"80C036IND","property_t":"Industrial","used":"PLOT","allotted_p":"Yes","plotsizesq":5610,"plot_size":"4000 SQMT","plot_no":"036","sector":"80","block":"C","mplanduse":"V","ppt_type":"IND","ppt_full":"Industrial","authority":"NOIDA","category":"industrial","execution_stage":"allotted"}},{"type":"Feature","geometry":{"type":"Polygon","coordinates":[[[77.396656,28.555701],[77.396855,28.555893],[77.395828,28.556726],[77.39553,28.556481],[77.396582,28.55563],[77.396656,28.555701]]]},"properties":{"objectid":61339,"plotmapid":"80C037IND","property_t":"Industrial","used":"PLOT","allotted_p":"Yes","plotsizesq":5496,"plot_size":"4000 SQMT","plot_no":"037","sector":"80","block":"C","mplanduse":"V","ppt_type":"IND","ppt_full":"Industrial","authority":"NOIDA","category":"industrial","execution_stage":"allotted"}},{"type":"Feature","geometry":{"type":"Polygon","coordinates":[[[77.396117,28.556981],[77.395828,28.556726],[77.396855,28.555893],[77.397132,28.556161],[77.396117,28.556981]]]},"properties":{"objectid":61340,"plotmapid":"80C038IND","property_t":"Industrial","used":"PLOT","allotted_p":"Yes","plotsizesq":5412,"plot_size":"4000 SQMT","plot_no":"038","sector":"80","block":"C","mplanduse":"V","ppt_type":"IND","ppt_full":"Industrial","authority":"NOIDA","category":"industrial","execution_stage":"allotted"}},{"type":"Feature","geometry":{"type":"Polygon","coordinates":[[[77.396401,28.557231],[77.396117,28.556981],[77.397132,28.556161],[77.397405,28.556424],[77.396401,28.557231]]]},"properties":{"objectid":61341,"plotmapid":"80C039IND","property_t":"Industrial","used":"PLOT","allotted_p":"Yes","plotsizesq":5340,"plot_size":"4000 SQMT","plot_no":"039","sector":"80","block":"C","mplanduse":"V","ppt_type":"IND","ppt_full":"Industrial","authority":"NOIDA","category":"industrial","execution_stage":"allotted"}},{"type":"Feature","geometry":{"type":"Polygon","coordinates":[[[77.397465,28.556482],[77.397682,28.556692],[77.396684,28.557493],[77.396401,28.557231],[77.397405,28.556424],[77.397465,28.556482]]]},"properties":{"objectid":61342,"plotmapid":"80C040IND","property_t":"Industrial","used":"PLOT","allotted_p":"Yes","plotsizesq":4000,"plot_size":"4000 SQMT","plot_no":"040","sector":"80","block":"C","mplanduse":"V","ppt_type":"IND","ppt_full":"Industrial","authority":"NOIDA","category":"industrial","execution_stage":"allotted"}},{"type":"Feature","geometry":{"type":"Polygon","coordinates":[[[77.397735,28.556743],[77.397959,28.556959],[77.396976,28.557763],[77.396684,28.557493],[77.397682,28.556692],[77.397735,28.556743]]]},"properties":{"objectid":61343,"plotmapid":"80C041IND","property_t":"Industrial","used":"PLOT","allotted_p":"Yes","plotsizesq":4000,"plot_size":"4000 SQMT","plot_no":"041","sector":"80","block":"C","mplanduse":"V","ppt_type":"IND","ppt_full":"Industrial","authority":"NOIDA","category":"industrial","execution_stage":"allotted"}},{"type":"Feature","geometry":{"type":"Polygon","coordinates":[[[77.39823,28.557218],[77.397262,28.558029],[77.396976,28.557763],[77.397959,28.556959],[77.39823,28.557218]]]},"properties":{"objectid":61344,"plotmapid":"80C042IND","property_t":"Industrial","used":"PLOT","allotted_p":"Yes","plotsizesq":4000,"plot_size":"4000 SQMT","plot_no":"042","sector":"80","block":"C","mplanduse":"V","ppt_type":"IND","ppt_full":"Industrial","authority":"NOIDA","category":"industrial","execution_stage":"allotted"}},{"type":"Feature","geometry":{"type":"Polygon","coordinates":[[[77.398509,28.557483],[77.398517,28.557492],[77.397551,28.558298],[77.397262,28.558029],[77.398237,28.557224],[77.398509,28.557483]]]},"properties":{"objectid":61345,"plotmapid":"80C043IND","property_t":"Industrial","used":"PLOT","allotted_p":"Yes","plotsizesq":4000,"plot_size":"4000 SQMT","plot_no":"043","sector":"80","block":"C","mplanduse":"V","ppt_type":"IND","ppt_full":"Industrial","authority":"NOIDA","category":"industrial","execution_stage":"allotted"}},{"type":"Feature","geometry":{"type":"Polygon","coordinates":[[[77.399068,28.558025],[77.398114,28.558826],[77.397811,28.558542],[77.39879,28.557762],[77.399068,28.558025]]]},"properties":{"objectid":61346,"plotmapid":"80C045IND","property_t":"Industrial","used":"PLOT","allotted_p":"Yes","plotsizesq":4000,"plot_size":"4000 SQMT","plot_no":"045","sector":"80","block":"C","mplanduse":"V","ppt_type":"IND","ppt_full":"Industrial","authority":"NOIDA","category":"industrial","execution_stage":"allotted"}},{"type":"Feature","geometry":{"type":"Polygon","coordinates":[[[77.399836,28.55743],[77.400109,28.557691],[77.399364,28.558303],[77.399069,28.558024],[77.399819,28.557414],[77.399836,28.55743]]]},"properties":{"objectid":61347,"plotmapid":"80C014IND","property_t":"Industrial","used":"PLOT","allotted_p":"Yes","plotsizesq":4000,"plot_size":"4000 SQMT","plot_no":"014","sector":"80","block":"C","mplanduse":"V","ppt_type":"IND","ppt_full":"Industrial","authority":"NOIDA","category":"industrial","execution_stage":"allotted"}},{"type":"Feature","geometry":{"type":"Polygon","coordinates":[[[77.399401,28.556773],[77.399966,28.556311],[77.400246,28.556581],[77.399682,28.55704],[77.399401,28.556773]]]},"properties":{"objectid":61348,"plotmapid":"80C011IND","property_t":"Industrial","used":"PLOT","allotted_p":"Yes","plotsizesq":3000,"plot_size":"3000 SQMT","plot_no":"011","sector":"80","block":"C","mplanduse":"V","ppt_type":"IND","ppt_full":"Industrial","authority":"NOIDA","category":"industrial","execution_stage":"allotted"}},{"type":"Feature","geometry":{"type":"Polygon","coordinates":[[[77.401845,28.557115],[77.401286,28.557586],[77.401008,28.557322],[77.401571,28.556853],[77.401845,28.557115]]]},"properties":{"objectid":61353,"plotmapid":"80C049IND","property_t":"Industrial","used":"PLOT","allotted_p":"Yes","plotsizesq":3000,"plot_size":"3000 SQMT","plot_no":"049","sector":"80","block":"C","mplanduse":"V","ppt_type":"IND","ppt_full":"Industrial","authority":"NOIDA","category":"industrial","execution_stage":"allotted"}},{"type":"Feature","geometry":{"type":"Polygon","coordinates":[[[77.401865,28.557135],[77.402144,28.557404],[77.401578,28.557865],[77.401286,28.557586],[77.401845,28.557115],[77.401865,28.557135]]]},"properties":{"objectid":61354,"plotmapid":"80C050IND","property_t":"Industrial","used":"PLOT","allotted_p":"Yes","plotsizesq":3000,"plot_size":"3000 SQMT","plot_no":"050","sector":"80","block":"C","mplanduse":"V","ppt_type":"IND","ppt_full":"Industrial","authority":"NOIDA","category":"industrial","execution_stage":"allotted"}},{"type":"Feature","geometry":{"type":"Polygon","coordinates":[[[77.402403,28.557652],[77.401837,28.558115],[77.401578,28.557865],[77.402144,28.557404],[77.402403,28.557652]]]},"properties":{"objectid":61355,"plotmapid":"80C051IND","property_t":"Industrial","used":"PLOT","allotted_p":"Yes","plotsizesq":3000,"plot_size":"3000 SQMT","plot_no":"051","sector":"80","block":"C","mplanduse":"V","ppt_type":"IND","ppt_full":"Industrial","authority":"NOIDA","category":"industrial","execution_stage":"allotted"}},{"type":"Feature","geometry":{"type":"Polygon","coordinates":[[[77.402423,28.557673],[77.402678,28.557916],[77.402117,28.558375],[77.401837,28.558115],[77.402403,28.557652],[77.402423,28.557673]]]},"properties":{"objectid":61356,"plotmapid":"80C052IND","property_t":"Industrial","used":"PLOT","allotted_p":"Yes","plotsizesq":3000,"plot_size":"3000 SQMT","plot_no":"052","sector":"80","block":"C","mplanduse":"V","ppt_type":"IND","ppt_full":"Industrial","authority":"NOIDA","category":"industrial","execution_stage":"allotted"}},{"type":"Feature","geometry":{"type":"Polygon","coordinates":[[[77.402608,28.554104],[77.402214,28.554217],[77.401909,28.553357],[77.402303,28.553248],[77.402608,28.554104]]]},"properties":{"objectid":61357,"plotmapid":"80B040IND","property_t":"Industrial","used":"PLOT","allotted_p":"Yes","plotsizesq":4000,"plot_size":"4000 SQMT","plot_no":"040","sector":"80","block":"B","mplanduse":"V","ppt_type":"IND","ppt_full":"Industrial","authority":"NOIDA","category":"industrial","execution_stage":"allotted"}},{"type":"Feature","geometry":{"type":"Polygon","coordinates":[[[77.403534,28.555341],[77.403653,28.555459],[77.403352,28.555702],[77.403179,28.555532],[77.403483,28.55529],[77.403534,28.555341]]]},"properties":{"objectid":61572,"plotmapid":"80B080IND","property_t":"Industrial","used":"PLOT","allotted_p":"Yes","plotsizesq":1000,"plot_size":"1000 SQMT","plot_no":"080","sector":"80","block":"B","mplanduse":"B","ppt_type":"IND","ppt_full":"Industrial","authority":"NOIDA","category":"industrial","execution_stage":"allotted"}},{"type":"Feature","geometry":{"type":"Polygon","coordinates":[[[77.403828,28.555626],[77.403523,28.55587],[77.403352,28.555702],[77.403653,28.555459],[77.403828,28.555626]]]},"properties":{"objectid":61576,"plotmapid":"80B079IND","property_t":"Industrial","used":"PLOT","allotted_p":"Yes","plotsizesq":1000,"plot_size":"1000 SQMT","plot_no":"079","sector":"80","block":"B","mplanduse":"B","ppt_type":"IND","ppt_full":"Industrial","authority":"NOIDA","category":"industrial","execution_stage":"allotted"}},{"type":"Feature","geometry":{"type":"Polygon","coordinates":[[[77.404001,28.55579],[77.40369,28.556035],[77.403523,28.55587],[77.403828,28.555626],[77.404001,28.55579]]]},"properties":{"objectid":61580,"plotmapid":"80B078IND","property_t":"Industrial","used":"PLOT","allotted_p":"Yes","plotsizesq":1000,"plot_size":"1000 SQMT","plot_no":"078","sector":"80","block":"B","mplanduse":"B","ppt_type":"IND","ppt_full":"Industrial","authority":"NOIDA","category":"industrial","execution_stage":"allotted"}},{"type":"Feature","geometry":{"type":"Polygon","coordinates":[[[77.404042,28.555829],[77.404177,28.555956],[77.403871,28.556201],[77.40369,28.556035],[77.404001,28.55579],[77.404042,28.555829]]]},"properties":{"objectid":61586,"plotmapid":"80B077IND","property_t":"Industrial","used":"PLOT","allotted_p":"Yes","plotsizesq":1000,"plot_size":"1000 SQMT","plot_no":"077","sector":"80","block":"B","mplanduse":"B","ppt_type":"IND","ppt_full":"Industrial","authority":"NOIDA","category":"industrial","execution_stage":"allotted"}},{"type":"Feature","geometry":{"type":"Polygon","coordinates":[[[77.404646,28.55588],[77.404352,28.556121],[77.404177,28.555956],[77.404478,28.555713],[77.404646,28.55588]]]},"properties":{"objectid":61587,"plotmapid":"80B062IND","property_t":"Industrial","used":"PLOT","allotted_p":"Yes","plotsizesq":1000,"plot_size":"1000 SQMT","plot_no":"062","sector":"80","block":"B","mplanduse":"B","ppt_type":"IND","ppt_full":"Industrial","authority":"NOIDA","category":"industrial","execution_stage":"allotted"}},{"type":"Feature","geometry":{"type":"Polygon","coordinates":[[[77.404352,28.556121],[77.404049,28.556367],[77.403871,28.556201],[77.404177,28.555956],[77.404352,28.556121]]]},"properties":{"objectid":61592,"plotmapid":"80B076IND","property_t":"Industrial","used":"PLOT","allotted_p":"Yes","plotsizesq":1000,"plot_size":"1000 SQMT","plot_no":"076","sector":"80","block":"B","mplanduse":"B","ppt_type":"IND","ppt_full":"Industrial","authority":"NOIDA","category":"industrial","execution_stage":"allotted"}},{"type":"Feature","geometry":{"type":"Polygon","coordinates":[[[77.404526,28.556288],[77.404826,28.556045],[77.405001,28.556211],[77.404699,28.556454],[77.404526,28.556288]]]},"properties":{"objectid":61593,"plotmapid":"80B064IND","property_t":"Industrial","used":"PLOT","allotted_p":"Yes","plotsizesq":1000,"plot_size":"1000 SQMT","plot_no":"064","sector":"80","block":"B","mplanduse":"B","ppt_type":"IND","ppt_full":"Industrial","authority":"NOIDA","category":"industrial","execution_stage":"allotted"}},{"type":"Feature","geometry":{"type":"Polygon","coordinates":[[[77.404699,28.556454],[77.405001,28.556211],[77.405175,28.556377],[77.404875,28.55662],[77.404699,28.556454]]]},"properties":{"objectid":61595,"plotmapid":"80B065IND","property_t":"Industrial","used":"PLOT","allotted_p":"Yes","plotsizesq":1000,"plot_size":"1000 SQMT","plot_no":"065","sector":"80","block":"B","mplanduse":"B","ppt_type":"IND","ppt_full":"Industrial","authority":"NOIDA","category":"industrial","execution_stage":"allotted"}},{"type":"Feature","geometry":{"type":"Polygon","coordinates":[[[77.404352,28.556121],[77.404526,28.556288],[77.404221,28.556532],[77.404049,28.556367],[77.404352,28.556121]]]},"properties":{"objectid":61596,"plotmapid":"80B075IND","property_t":"Industrial","used":"PLOT","allotted_p":"Yes","plotsizesq":1000,"plot_size":"1000 SQMT","plot_no":"075","sector":"80","block":"B","mplanduse":"B","ppt_type":"IND","ppt_full":"Industrial","authority":"NOIDA","category":"industrial","execution_stage":"allotted"}},{"type":"Feature","geometry":{"type":"Polygon","coordinates":[[[77.400256,28.555586],[77.39969,28.556045],[77.399409,28.555778],[77.399976,28.555315],[77.400256,28.555586]]]},"properties":{"objectid":61604,"plotmapid":"80C004IND","property_t":"Industrial","used":"PLOT","plotsizesq":3000,"plot_size":"3000 SQMT","plot_no":"004","sector":"80","block":"C","mplanduse":"B","ppt_type":"IND","ppt_full":"Industrial","authority":"NOIDA","category":"industrial","execution_stage":"unknown"}},{"type":"Feature","geometry":{"type":"Polygon","coordinates":[[[77.405351,28.556548],[77.405048,28.556787],[77.404875,28.55662],[77.405175,28.556377],[77.405351,28.556548]]]},"properties":{"objectid":61605,"plotmapid":"80B066IND","property_t":"Industrial","used":"PLOT","allotted_p":"Yes","plotsizesq":1000,"plot_size":"1000 SQMT","plot_no":"066","sector":"80","block":"B","mplanduse":"B","ppt_type":"IND","ppt_full":"Industrial","authority":"NOIDA","category":"industrial","execution_stage":"allotted"}},{"type":"Feature","geometry":{"type":"Polygon","coordinates":[[[77.404699,28.556454],[77.404396,28.556698],[77.404221,28.556532],[77.404526,28.556288],[77.404699,28.556454]]]},"properties":{"objectid":61606,"plotmapid":"80B074IND","property_t":"Industrial","used":"PLOT","allotted_p":"Yes","plotsizesq":800,"plot_size":"1000 SQMT","plot_no":"074","sector":"80","block":"B","mplanduse":"B","ppt_type":"IND","ppt_full":"Industrial","authority":"NOIDA","category":"industrial","execution_stage":"allotted"}},{"type":"Feature","geometry":{"type":"Polygon","coordinates":[[[77.405521,28.556706],[77.405219,28.556949],[77.405048,28.556787],[77.405351,28.556548],[77.405521,28.556706]]]},"properties":{"objectid":61608,"plotmapid":"80B067IND","property_t":"Industrial","used":"PLOT","allotted_p":"Yes","plotsizesq":1000,"plot_size":"1000 SQMT","plot_no":"067","sector":"80","block":"B","mplanduse":"B","ppt_type":"IND","ppt_full":"Industrial","authority":"NOIDA","category":"industrial","execution_stage":"allotted"}},{"type":"Feature","geometry":{"type":"Polygon","coordinates":[[[77.404875,28.55662],[77.404571,28.556863],[77.404396,28.556698],[77.404699,28.556454],[77.404875,28.55662]]]},"properties":{"objectid":61609,"plotmapid":"80B073IND","property_t":"Industrial","used":"PLOT","allotted_p":"Yes","plotsizesq":1000,"plot_size":"1000 SQMT","plot_no":"073","sector":"80","block":"B","mplanduse":"B","ppt_type":"IND","ppt_full":"Industrial","authority":"NOIDA","category":"industrial","execution_stage":"allotted"}},{"type":"Feature","geometry":{"type":"Polygon","coordinates":[[[77.40053,28.555851],[77.399966,28.556311],[77.39969,28.556045],[77.400256,28.555586],[77.40053,28.555851]]]},"properties":{"objectid":61610,"plotmapid":"80C005IND","property_t":"Industrial","used":"PLOT","plotsizesq":3000,"plot_size":"3000 SQMT","plot_no":"005","sector":"80","block":"C","mplanduse":"B","ppt_type":"IND","ppt_full":"Industrial","authority":"NOIDA","category":"industrial","execution_stage":"unknown"}},{"type":"Feature","geometry":{"type":"Polygon","coordinates":[[[77.405701,28.556875],[77.405397,28.557118],[77.405219,28.556949],[77.405521,28.556706],[77.405701,28.556875]]]},"properties":{"objectid":61615,"plotmapid":"80B068IND","property_t":"Industrial","used":"PLOT","allotted_p":"Yes","plotsizesq":1000,"plot_size":"1000 SQMT","plot_no":"068","sector":"80","block":"B","mplanduse":"B","ppt_type":"IND","ppt_full":"Industrial","authority":"NOIDA","category":"industrial","execution_stage":"allotted"}},{"type":"Feature","geometry":{"type":"Polygon","coordinates":[[[77.405044,28.556781],[77.404745,28.557031],[77.404571,28.556863],[77.404875,28.55662],[77.405044,28.556781]]]},"properties":{"objectid":61616,"plotmapid":"80B072IND","property_t":"Industrial","used":"PLOT","allotted_p":"Yes","plotsizesq":1000,"plot_size":"1000 SQMT","plot_no":"072","sector":"80","block":"B","mplanduse":"B","ppt_type":"IND","ppt_full":"Industrial","authority":"NOIDA","category":"industrial","execution_stage":"allotted"}},{"type":"Feature","geometry":{"type":"Polygon","coordinates":[[[77.400535,28.555856],[77.400808,28.55612],[77.400246,28.556581],[77.399966,28.556311],[77.400535,28.555856]]]},"properties":{"objectid":61617,"plotmapid":"80C006IND","property_t":"Industrial","used":"PLOT","plotsizesq":3000,"plot_size":"3000 SQMT","plot_no":"006","sector":"80","block":"C","mplanduse":"B","ppt_type":"IND","ppt_full":"Industrial","authority":"NOIDA","category":"industrial","execution_stage":"unknown"}},{"type":"Feature","geometry":{"type":"Polygon","coordinates":[[[77.402755,28.556382],[77.402193,28.556842],[77.401918,28.556578],[77.402475,28.556118],[77.402755,28.556382]]]},"properties":{"objectid":61618,"plotmapid":"80B091IND","property_t":"Industrial","used":"PLOT","allotted_p":"Yes","plotsizesq":3000,"plot_size":"3000 SQMT","plot_no":"091","sector":"80","block":"B","mplanduse":"B","ppt_type":"IND","ppt_full":"Industrial","authority":"NOIDA","category":"industrial","execution_stage":"allotted"}},{"type":"Feature","geometry":{"type":"Polygon","coordinates":[[[77.405219,28.556949],[77.40492,28.557189],[77.404745,28.557031],[77.405044,28.556781],[77.405219,28.556949]]]},"properties":{"objectid":61623,"plotmapid":"80B071IND","property_t":"Industrial","used":"PLOT","allotted_p":"Yes","plotsizesq":1000,"plot_size":"1000 SQMT","plot_no":"071","sector":"80","block":"B","mplanduse":"B","ppt_type":"IND","ppt_full":"Industrial","authority":"NOIDA","category":"industrial","execution_stage":"allotted"}},{"type":"Feature","geometry":{"type":"Polygon","coordinates":[[[77.397981,28.555646],[77.398158,28.555818],[77.397405,28.556424],[77.397132,28.556161],[77.397883,28.555552],[77.397981,28.555646]]]},"properties":{"objectid":61626,"plotmapid":"80C021IND","property_t":"Industrial","used":"PLOT","allotted_p":"Yes","plotsizesq":4000,"plot_size":"4000 SQMT","plot_no":"021","sector":"80","block":"C","mplanduse":"B","ppt_type":"IND","ppt_full":"Industrial","authority":"NOIDA","category":"industrial","execution_stage":"allotted"}},{"type":"Feature","geometry":{"type":"Polygon","coordinates":[[[77.400813,28.556125],[77.401082,28.556386],[77.40052,28.556846],[77.400246,28.556581],[77.400813,28.556125]]]},"properties":{"objectid":61631,"plotmapid":"80C007IND","property_t":"Industrial","used":"PLOT","plotsizesq":3000,"plot_size":"3000 SQMT","plot_no":"007","sector":"80","block":"C","mplanduse":"B","ppt_type":"IND","ppt_full":"Industrial","authority":"NOIDA","category":"industrial","execution_stage":"unknown"}},{"type":"Feature","geometry":{"type":"Polygon","coordinates":[[[77.405597,28.557299],[77.405168,28.557412],[77.40492,28.557189],[77.405219,28.556949],[77.405597,28.557299]]]},"properties":{"objectid":61632,"plotmapid":"80B070IND","property_t":"Industrial","used":"PLOT","allotted_p":"Yes","plotsizesq":1000,"plot_size":"1000 SQMT","plot_no":"070","sector":"80","block":"B","mplanduse":"B","ppt_type":"IND","ppt_full":"Industrial","authority":"NOIDA","category":"industrial","execution_stage":"allotted"}},{"type":"Feature","geometry":{"type":"Polygon","coordinates":[[[77.403034,28.556644],[77.40247,28.557108],[77.402193,28.556842],[77.402755,28.556382],[77.403034,28.556644]]]},"properties":{"objectid":61633,"plotmapid":"80B090IND","property_t":"Industrial","used":"PLOT","allotted_p":"Yes","plotsizesq":3000,"plot_size":"3000 SQMT","plot_no":"090","sector":"80","block":"B","mplanduse":"B","ppt_type":"IND","ppt_full":"Industrial","authority":"NOIDA","category":"industrial","execution_stage":"allotted"}},{"type":"Feature","geometry":{"type":"Polygon","coordinates":[[[77.398436,28.556087],[77.397682,28.556692],[77.397405,28.556424],[77.398158,28.555818],[77.398436,28.556087]]]},"properties":{"objectid":61639,"plotmapid":"80C020IND","property_t":"Industrial","used":"PLOT","allotted_p":"Yes","plotsizesq":4000,"plot_size":"4000 SQMT","plot_no":"020","sector":"80","block":"C","mplanduse":"B","ppt_type":"IND","ppt_full":"Industrial","authority":"NOIDA","category":"industrial","execution_stage":"allotted"}},{"type":"Feature","geometry":{"type":"Polygon","coordinates":[[[77.404155,28.556711],[77.403597,28.557172],[77.403316,28.556909],[77.403879,28.556445],[77.404155,28.556711]]]},"properties":{"objectid":61640,"plotmapid":"80B084IND","property_t":"Industrial","used":"PLOT","allotted_p":"Yes","plotsizesq":3000,"plot_size":"3000 SQMT","plot_no":"084","sector":"80","block":"B","mplanduse":"B","ppt_type":"IND","ppt_full":"Industrial","authority":"NOIDA","category":"industrial","execution_stage":"allotted"}},{"type":"Feature","geometry":{"type":"Polygon","coordinates":[[[77.398483,28.556131],[77.398714,28.556352],[77.397959,28.556959],[77.397682,28.556692],[77.398436,28.556087],[77.398483,28.556131]]]},"properties":{"objectid":61647,"plotmapid":"80C019IND","property_t":"Industrial","used":"PLOT","allotted_p":"Yes","plotsizesq":4000,"plot_size":"4000 SQMT","plot_no":"019","sector":"80","block":"C","mplanduse":"B","ppt_type":"IND","ppt_full":"Industrial","authority":"NOIDA","category":"industrial","execution_stage":"allotted"}},{"type":"Feature","geometry":{"type":"Polygon","coordinates":[[[77.405015,28.55747],[77.404217,28.557758],[77.403874,28.557433],[77.404442,28.556967],[77.405015,28.55747]]]},"properties":{"objectid":61648,"plotmapid":"80B086IND","property_t":"Industrial","used":"PLOT","allotted_p":"Yes","plotsizesq":3000,"plot_size":"3000 SQMT","plot_no":"086","sector":"80","block":"B","mplanduse":"B","ppt_type":"IND","ppt_full":"Industrial","authority":"NOIDA","category":"industrial","execution_stage":"allotted"}},{"type":"Feature","geometry":{"type":"Polygon","coordinates":[[[77.403597,28.557172],[77.403023,28.55764],[77.402748,28.557375],[77.403316,28.556909],[77.403597,28.557172]]]},"properties":{"objectid":61649,"plotmapid":"80B088IND","property_t":"Industrial","used":"PLOT","allotted_p":"Yes","plotsizesq":3000,"plot_size":"3000 SQMT","plot_no":"088","sector":"80","block":"B","mplanduse":"B","ppt_type":"IND","ppt_full":"Industrial","authority":"NOIDA","category":"industrial","execution_stage":"allotted"}},{"type":"Feature","geometry":{"type":"Polygon","coordinates":[[[77.397959,28.556959],[77.398714,28.556352],[77.398989,28.556617],[77.398237,28.557224],[77.397959,28.556959]]]},"properties":{"objectid":61654,"plotmapid":"80C018IND","property_t":"Industrial","used":"PLOT","allotted_p":"Yes","plotsizesq":4000,"plot_size":"4000 SQMT","plot_no":"018","sector":"80","block":"C","mplanduse":"B","ppt_type":"IND","ppt_full":"Industrial","authority":"NOIDA","category":"industrial","execution_stage":"allotted"}},{"type":"Feature","geometry":{"type":"Polygon","coordinates":[[[77.398237,28.557224],[77.398989,28.556617],[77.399264,28.556882],[77.398517,28.557492],[77.398237,28.557224]]]},"properties":{"objectid":61659,"plotmapid":"80C017IND","property_t":"Industrial","used":"PLOT","allotted_p":"Yes","plotsizesq":4000,"plot_size":"4000 SQMT","plot_no":"017","sector":"80","block":"C","mplanduse":"B","ppt_type":"IND","ppt_full":"Industrial","authority":"NOIDA","category":"industrial","execution_stage":"allotted"}},{"type":"Feature","geometry":{"type":"Polygon","coordinates":[[[77.399294,28.556911],[77.399544,28.55715],[77.39879,28.557762],[77.398517,28.557492],[77.399264,28.556882],[77.399294,28.556911]]]},"properties":{"objectid":61660,"plotmapid":"80C016IND","property_t":"Industrial","used":"PLOT","allotted_p":"Yes","plotsizesq":4000,"plot_size":"4000 SQMT","plot_no":"016","sector":"80","block":"C","mplanduse":"B","ppt_type":"IND","ppt_full":"Industrial","authority":"NOIDA","category":"industrial","execution_stage":"allotted"}},{"type":"Feature","geometry":{"type":"Polygon","coordinates":[[[77.399565,28.557171],[77.399819,28.557414],[77.399068,28.558025],[77.39879,28.557762],[77.399544,28.55715],[77.399565,28.557171]]]},"properties":{"objectid":61661,"plotmapid":"80C015IND","property_t":"Industrial","used":"PLOT","allotted_p":"Yes","plotsizesq":4000,"plot_size":"4000 SQMT","plot_no":"015","sector":"80","block":"C","mplanduse":"B","ppt_type":"IND","ppt_full":"Industrial","authority":"NOIDA","category":"industrial","execution_stage":"allotted"}},{"type":"Feature","geometry":{"type":"Polygon","coordinates":[[[77.399682,28.55704],[77.400246,28.556581],[77.40052,28.556846],[77.399958,28.557304],[77.399682,28.55704]]]},"properties":{"objectid":61664,"plotmapid":"80C010IND","property_t":"Industrial","used":"PLOT","allotted_p":"Yes","plotsizesq":3000,"plot_size":"3000 SQMT","plot_no":"010","sector":"80","block":"C","mplanduse":"B","ppt_type":"IND","ppt_full":"Industrial","authority":"NOIDA","category":"industrial","execution_stage":"allotted"}},{"type":"Feature","geometry":{"type":"Polygon","coordinates":[[[77.398845,28.55624],[77.399409,28.555778],[77.39969,28.556045],[77.399125,28.556505],[77.398845,28.55624]]]},"properties":{"objectid":61665,"plotmapid":"80C013IND","property_t":"Industrial","used":"PLOT","allotted_p":"Yes","plotsizesq":3000,"plot_size":"3000 SQMT","plot_no":"013","sector":"80","block":"C","mplanduse":"B","ppt_type":"IND","ppt_full":"Industrial","authority":"NOIDA","category":"industrial","execution_stage":"allotted"}},{"type":"Feature","geometry":{"type":"Polygon","coordinates":[[[77.399125,28.556505],[77.39969,28.556045],[77.399966,28.556311],[77.399401,28.556773],[77.399125,28.556505]]]},"properties":{"objectid":61666,"plotmapid":"80C012IND","property_t":"Industrial","used":"PLOT","allotted_p":"Yes","plotsizesq":3000,"plot_size":"3000 SQMT","plot_no":"012","sector":"80","block":"C","mplanduse":"B","ppt_type":"IND","ppt_full":"Industrial","authority":"NOIDA","category":"industrial","execution_stage":"allotted"}},{"type":"Feature","geometry":{"type":"Polygon","coordinates":[[[77.399958,28.557304],[77.40052,28.556846],[77.400801,28.557118],[77.400241,28.557579],[77.399958,28.557304]]]},"properties":{"objectid":61667,"plotmapid":"80C009IND","property_t":"Industrial","used":"PLOT","plotsizesq":3000,"plot_size":"3000 SQMT","plot_no":"009","sector":"80","block":"C","mplanduse":"B","ppt_type":"IND","ppt_full":"Industrial","authority":"NOIDA","category":"industrial","execution_stage":"unknown"}},{"type":"Feature","geometry":{"type":"Polygon","coordinates":[[[77.404442,28.556967],[77.403874,28.557433],[77.403597,28.557172],[77.404155,28.556711],[77.404442,28.556967]]]},"properties":{"objectid":61669,"plotmapid":"80B085IND","property_t":"Industrial","used":"PLOT","allotted_p":"Yes","plotsizesq":3000,"plot_size":"3000 SQMT","plot_no":"085","sector":"80","block":"B","mplanduse":"B","ppt_type":"IND","ppt_full":"Industrial","authority":"NOIDA","category":"industrial","execution_stage":"allotted"}},{"type":"Feature","geometry":{"type":"Polygon","coordinates":[[[77.402477,28.556116],[77.403034,28.555656],[77.403316,28.555922],[77.402755,28.556382],[77.402477,28.556116]]]},"properties":{"objectid":61670,"plotmapid":"80B081IND","property_t":"Industrial","used":"PLOT","allotted_p":"Yes","plotsizesq":3000,"plot_size":"3000 SQMT","plot_no":"081","sector":"80","block":"B","mplanduse":"B","ppt_type":"IND","ppt_full":"Industrial","authority":"NOIDA","category":"industrial","execution_stage":"allotted"}},{"type":"Feature","geometry":{"type":"Polygon","coordinates":[[[77.403597,28.556179],[77.403034,28.556644],[77.402755,28.556382],[77.403316,28.555922],[77.403597,28.556179]]]},"properties":{"objectid":61671,"plotmapid":"80B82IND","property_t":"Industrial","used":"PLOT","allotted_p":"Yes","plotsizesq":3000,"plot_size":"3000 SQMT","plot_no":"82","sector":"80","block":"B","mplanduse":"B","ppt_type":"IND","ppt_full":"Industrial","authority":"NOIDA","category":"industrial","execution_stage":"allotted"}},{"type":"Feature","geometry":{"type":"Polygon","coordinates":[[[77.403876,28.556442],[77.403316,28.556909],[77.403034,28.556644],[77.403598,28.55618],[77.403876,28.556442]]]},"properties":{"objectid":61672,"plotmapid":"80B083IND","property_t":"Industrial","used":"PLOT","allotted_p":"Yes","plotsizesq":3000,"plot_size":"3000 SQMT","plot_no":"083","sector":"80","block":"B","mplanduse":"B","ppt_type":"IND","ppt_full":"Industrial","authority":"NOIDA","category":"industrial","execution_stage":"allotted"}},{"type":"Feature","geometry":{"type":"Polygon","coordinates":[[[77.404352,28.556121],[77.404646,28.55588],[77.404826,28.556045],[77.404526,28.556288],[77.404352,28.556121]]]},"properties":{"objectid":61673,"plotmapid":"80B063IND","property_t":"Industrial","used":"PLOT","allotted_p":"Yes","plotsizesq":1000,"plot_size":"1000 SQMT","plot_no":"063","sector":"80","block":"B","mplanduse":"B","ppt_type":"IND","ppt_full":"Industrial","authority":"NOIDA","category":"industrial","execution_stage":"allotted"}},{"type":"Feature","geometry":{"type":"Polygon","coordinates":[[[77.404478,28.555713],[77.404177,28.555956],[77.404001,28.55579],[77.404301,28.555549],[77.404478,28.555713]]]},"properties":{"objectid":61674,"plotmapid":"80B061IND","property_t":"Industrial","used":"PLOT","allotted_p":"Yes","plotsizesq":1000,"plot_size":"1000 SQMT","plot_no":"061","sector":"80","block":"B","mplanduse":"B","ppt_type":"IND","ppt_full":"Industrial","authority":"NOIDA","category":"industrial","execution_stage":"allotted"}},{"type":"Feature","geometry":{"type":"Polygon","coordinates":[[[77.404301,28.555549],[77.404001,28.55579],[77.403828,28.555626],[77.404125,28.555385],[77.404301,28.555549]]]},"properties":{"objectid":61675,"plotmapid":"80B060IND","property_t":"Industrial","used":"PLOT","allotted_p":"Yes","plotsizesq":1000,"plot_size":"1000 SQMT","plot_no":"060","sector":"80","block":"B","mplanduse":"B","ppt_type":"IND","ppt_full":"Industrial","authority":"NOIDA","category":"industrial","execution_stage":"allotted"}},{"type":"Feature","geometry":{"type":"Polygon","coordinates":[[[77.404125,28.555385],[77.403828,28.555626],[77.403653,28.555459],[77.403954,28.555218],[77.404125,28.555385]]]},"properties":{"objectid":61676,"plotmapid":"80B059IND","property_t":"Industrial","used":"PLOT","allotted_p":"Yes","plotsizesq":1000,"plot_size":"1000 SQMT","plot_no":"059","sector":"80","block":"B","mplanduse":"B","ppt_type":"IND","ppt_full":"Industrial","authority":"NOIDA","category":"industrial","execution_stage":"allotted"}},{"type":"Feature","geometry":{"type":"Polygon","coordinates":[[[77.40356,28.555229],[77.40378,28.555052],[77.403954,28.555218],[77.403653,28.555459],[77.403483,28.55529],[77.40356,28.555229]]]},"properties":{"objectid":61677,"plotmapid":"80B058IND","property_t":"Industrial","used":"PLOT","allotted_p":"Yes","plotsizesq":1000,"plot_size":"1000 SQMT","plot_no":"058","sector":"80","block":"B","mplanduse":"B","ppt_type":"IND","ppt_full":"Industrial","authority":"NOIDA","category":"industrial","execution_stage":"allotted"}},{"type":"Feature","geometry":{"type":"Polygon","coordinates":[[[77.406124,28.55316],[77.4064,28.554016],[77.404857,28.554425],[77.404273,28.552706],[77.405839,28.552277],[77.406124,28.55316]]]},"properties":{"objectid":61735,"plotmapid":"80B031-34/50-53IND","property_t":"Industrial","used":"PLOT","plotsizesq":4000,"plot_size":"4000 SQMT","plot_no":"031-34/50-53","sector":"80","block":"B","mplanduse":"B","ppt_type":"IND","ppt_full":"Industrial","authority":"NOIDA","category":"industrial","execution_stage":"unknown"}},{"type":"Feature","geometry":{"type":"Polygon","coordinates":[[[77.40457,28.553576],[77.403789,28.553784],[77.403485,28.552921],[77.404273,28.552706],[77.40457,28.553576]]]},"properties":{"objectid":61736,"plotmapid":"80B035,36IND","property_t":"Industrial","used":"PLOT","plotsizesq":4000,"plot_size":"4000 SQMT","plot_no":"035,36","sector":"80","block":"B","mplanduse":"B","ppt_type":"IND","ppt_full":"Industrial","authority":"NOIDA","category":"industrial","execution_stage":"unknown"}},{"type":"Feature","geometry":{"type":"Polygon","coordinates":[[[77.403488,28.552929],[77.403789,28.553784],[77.403395,28.553883],[77.403091,28.553029],[77.403483,28.552917],[77.403488,28.552929]]]},"properties":{"objectid":61737,"plotmapid":"80B037IND","property_t":"Industrial","used":"PLOT","allotted_p":"Yes","plotsizesq":4000,"plot_size":"4000 SQMT","plot_no":"037","sector":"80","block":"B","mplanduse":"B","ppt_type":"IND","ppt_full":"Industrial","authority":"NOIDA","category":"industrial","execution_stage":"allotted"}},{"type":"Feature","geometry":{"type":"Polygon","coordinates":[[[77.402993,28.553995],[77.402608,28.554104],[77.402303,28.553248],[77.402689,28.55314],[77.402993,28.553995]]]},"properties":{"objectid":61738,"plotmapid":"80B039IND","property_t":"Industrial","used":"PLOT","allotted_p":"Yes","plotsizesq":4000,"plot_size":"4000 SQMT","plot_no":"039","sector":"80","block":"B","mplanduse":"B","ppt_type":"IND","ppt_full":"Industrial","authority":"NOIDA","category":"industrial","execution_stage":"allotted"}},{"type":"Feature","geometry":{"type":"Polygon","coordinates":[[[77.404857,28.554425],[77.403698,28.554734],[77.403388,28.553885],[77.40457,28.553576],[77.404857,28.554425]]]},"properties":{"objectid":61739,"plotmapid":"80B047-49IND","property_t":"Industrial","used":"PLOT","plotsizesq":4000,"plot_size":"4000 SQMT","plot_no":"047-49","sector":"80","block":"B","mplanduse":"B","ppt_type":"IND","ppt_full":"Industrial","authority":"NOIDA","category":"industrial","execution_stage":"unknown"}},{"type":"Feature","geometry":{"type":"Polygon","coordinates":[[[77.402214,28.554217],[77.401824,28.554325],[77.401517,28.553464],[77.401909,28.553357],[77.402214,28.554217]]]},"properties":{"objectid":61740,"plotmapid":"80B041IND","property_t":"Industrial","used":"PLOT","allotted_p":"Yes","plotsizesq":4000,"plot_size":"4000 SQMT","plot_no":"041","sector":"80","block":"B","mplanduse":"B","ppt_type":"IND","ppt_full":"Industrial","authority":"NOIDA","category":"industrial","execution_stage":"allotted"}},{"type":"Feature","geometry":{"type":"Polygon","coordinates":[[[77.401824,28.554325],[77.401435,28.554435],[77.401125,28.553571],[77.401517,28.553464],[77.401824,28.554325]]]},"properties":{"objectid":61741,"plotmapid":"80B042IND","property_t":"Industrial","used":"PLOT","allotted_p":"Yes","plotsizesq":4000,"plot_size":"4000 SQMT","plot_no":"042","sector":"80","block":"B","mplanduse":"B","ppt_type":"IND","ppt_full":"Industrial","authority":"NOIDA","category":"industrial","execution_stage":"allotted"}},{"type":"Feature","geometry":{"type":"Polygon","coordinates":[[[77.400735,28.553677],[77.401125,28.553571],[77.401435,28.554435],[77.401042,28.554543],[77.400735,28.553677]]]},"properties":{"objectid":61742,"plotmapid":"80B043IND","property_t":"Industrial","used":"PLOT","allotted_p":"Yes","plotsizesq":8000,"plot_size":"4000 SQMT","plot_no":"043","sector":"80","block":"B","mplanduse":"B","ppt_type":"IND","ppt_full":"Industrial","authority":"NOIDA","category":"industrial","execution_stage":"allotted"}},{"type":"Feature","geometry":{"type":"Polygon","coordinates":[[[77.400735,28.553678],[77.401042,28.554543],[77.400648,28.554645],[77.400341,28.553785],[77.400735,28.553678]]]},"properties":{"objectid":61743,"plotmapid":"80B044IND","property_t":"Industrial","used":"PLOT","allotted_p":"Yes","plotsizesq":1920,"plot_size":"4000 SQMT","plot_no":"044","sector":"80","block":"B","mplanduse":"B","ppt_type":"IND","ppt_full":"Industrial","authority":"NOIDA","category":"industrial","execution_stage":"allotted"}},{"type":"Feature","geometry":{"type":"Polygon","coordinates":[[[77.400648,28.554645],[77.400257,28.554748],[77.39994,28.553894],[77.400341,28.553785],[77.400648,28.554645]]]},"properties":{"objectid":61744,"plotmapid":"80B045IND","property_t":"Industrial","used":"PLOT","allotted_p":"Yes","plotsizesq":3950,"plot_size":"4000 SQMT","plot_no":"045","sector":"80","block":"B","mplanduse":"B","ppt_type":"IND","ppt_full":"Industrial","authority":"NOIDA","category":"industrial","execution_stage":"allotted"}},{"type":"Feature","geometry":{"type":"Polygon","coordinates":[[[77.403094,28.553036],[77.403395,28.553883],[77.402993,28.553995],[77.402689,28.55314],[77.403094,28.553036]]]},"properties":{"objectid":61745,"plotmapid":"80B038IND","property_t":"Industrial","used":"PLOT","allotted_p":"Yes","plotsizesq":4000,"plot_size":"4000 SQMT","plot_no":"038","sector":"80","block":"B","mplanduse":"B","ppt_type":"IND","ppt_full":"Industrial","authority":"NOIDA","category":"industrial","execution_stage":"allotted"}},{"type":"Feature","geometry":{"type":"Polygon","coordinates":[[[77.404778,28.551747],[77.400452,28.552859],[77.40023,28.552215],[77.404532,28.55104],[77.404778,28.551747]]]},"properties":{"objectid":61749,"plotmapid":"80BIND","property_t":"Industrial","used":"PLOT","plotsizesq":3000,"plot_size":"3000 SQMT","sector":"80","block":"B","mplanduse":"B","ppt_type":"IND","ppt_full":"Industrial","authority":"NOIDA","category":"industrial","execution_stage":"unknown"}},{"type":"Feature","geometry":{"type":"Polygon","coordinates":[[[77.40045,28.552853],[77.400066,28.552962],[77.399838,28.552316],[77.40023,28.552215],[77.40045,28.552853]]]},"properties":{"objectid":61750,"plotmapid":"80B012AIND","property_t":"Industrial","used":"PLOT","allotted_p":"Yes","plotsizesq":3000,"plot_size":"3000 SQMT","plot_no":"012A","sector":"80","block":"B","mplanduse":"B","ppt_type":"IND","ppt_full":"Industrial","authority":"NOIDA","category":"industrial","execution_stage":"allotted"}},{"type":"Feature","geometry":{"type":"Polygon","coordinates":[[[77.400066,28.552962],[77.399673,28.553069],[77.399446,28.552426],[77.399838,28.552316],[77.400066,28.552962]]]},"properties":{"objectid":61751,"plotmapid":"80B012IND","property_t":"Industrial","used":"PLOT","allotted_p":"Yes","plotsizesq":3000,"plot_size":"3000 SQMT","plot_no":"012","sector":"80","block":"B","mplanduse":"B","ppt_type":"IND","ppt_full":"Industrial","authority":"NOIDA","category":"industrial","execution_stage":"allotted"}},{"type":"Feature","geometry":{"type":"Polygon","coordinates":[[[77.405703,28.551919],[77.405769,28.552122],[77.400666,28.553513],[77.400452,28.552859],[77.40557,28.551539],[77.405703,28.551919]]]},"properties":{"objectid":61752,"plotmapid":"80B030IND","property_t":"Industrial","used":"PLOT","plotsizesq":3000,"plot_size":"3000 SQMT","plot_no":"030","sector":"80","block":"B","mplanduse":"B","ppt_type":"IND","ppt_full":"Industrial","authority":"NOIDA","category":"industrial","execution_stage":"unknown"}},{"type":"Feature","geometry":{"type":"Polygon","coordinates":[[[77.400666,28.553513],[77.400297,28.553614],[77.400066,28.552962],[77.400452,28.552859],[77.400666,28.553513]]]},"properties":{"objectid":61753,"plotmapid":"80B016IND","property_t":"Industrial","used":"PLOT","allotted_p":"Yes","plotsizesq":3000,"plot_size":"3000 SQMT","plot_no":"016","sector":"80","block":"B","mplanduse":"B","ppt_type":"IND","ppt_full":"Industrial","authority":"NOIDA","category":"industrial","execution_stage":"allotted"}},{"type":"Feature","geometry":{"type":"Polygon","coordinates":[[[77.400182,28.553291],[77.400293,28.553607],[77.399905,28.553711],[77.399673,28.553069],[77.400066,28.552962],[77.400182,28.553291]]]},"properties":{"objectid":61754,"plotmapid":"80B015IND","property_t":"Industrial","used":"PLOT","allotted_p":"Yes","plotsizesq":3000,"plot_size":"3000 SQMT","plot_no":"015","sector":"80","block":"B","mplanduse":"B","ppt_type":"IND","ppt_full":"Industrial","authority":"NOIDA","category":"industrial","execution_stage":"allotted"}},{"type":"Feature","geometry":{"type":"Polygon","coordinates":[[[77.403944,28.545489],[77.402691,28.545915],[77.402562,28.545423],[77.402424,28.545187],[77.403003,28.544862],[77.403692,28.544445],[77.404053,28.545199],[77.403864,28.545251],[77.403944,28.545489]]]},"properties":{"objectid":61991,"plotmapid":"81B008AIND","property_t":"Industrial","used":"PLOT","plotsizesq":17500,"plot_size":"17500 SQMT","plot_no":"008A","sector":"81","block":"B","mplanduse":"V","ppt_type":"IND","ppt_full":"Industrial","authority":"NOIDA","category":"industrial","execution_stage":"unknown"}},{"type":"Feature","geometry":{"type":"Polygon","coordinates":[[[77.398687,28.548321],[77.398436,28.548389],[77.398268,28.547916],[77.398513,28.54783],[77.398687,28.548321]]]},"properties":{"objectid":61993,"plotmapid":"81B060AIND","property_t":"Industrial","used":"PLOT","plotsizesq":1680,"plot_size":"1680 SQMT","plot_no":"060A","sector":"81","block":"B","mplanduse":"V","ppt_type":"IND","ppt_full":"Industrial","authority":"NOIDA","category":"industrial","execution_stage":"unknown"}},{"type":"Feature","geometry":{"type":"Polygon","coordinates":[[[77.397899,28.548046],[77.398268,28.547916],[77.398436,28.548389],[77.398056,28.548492],[77.397899,28.548046]]]},"properties":{"objectid":61994,"plotmapid":"81B060IND","property_t":"Industrial","used":"PLOT","allotted_p":"Yes","plotsizesq":1920,"plot_size":"1920 SQMT","plot_no":"060","sector":"81","block":"B","mplanduse":"V","ppt_type":"IND","ppt_full":"Industrial","authority":"NOIDA","category":"industrial","execution_stage":"allotted"}},{"type":"Feature","geometry":{"type":"Polygon","coordinates":[[[77.398513,28.54979],[77.399145,28.549615],[77.399236,28.549872],[77.398604,28.550049],[77.398513,28.54979]]]},"properties":{"objectid":61995,"plotmapid":"81B054IND","property_t":"Industrial","used":"PLOT","allotted_p":"Yes","plotsizesq":1920,"plot_size":"1920 SQMT","plot_no":"054","sector":"81","block":"B","mplanduse":"V","ppt_type":"IND","ppt_full":"Industrial","authority":"NOIDA","category":"industrial","execution_stage":"allotted"}},{"type":"Feature","geometry":{"type":"Polygon","coordinates":[[[77.402201,28.546538],[77.403619,28.546027],[77.40398,28.547045],[77.402518,28.547446],[77.402201,28.546538]]]},"properties":{"objectid":61998,"plotmapid":"81B006 TO 011IND","property_t":"Industrial","used":"PLOT","plotsizesq":3000,"plot_size":"3000 SQMT","plot_no":"006 TO 011","sector":"81","block":"B","mplanduse":"B","ppt_type":"IND","ppt_full":"Industrial","authority":"NOIDA","category":"industrial","execution_stage":"unknown"}},{"type":"Feature","geometry":{"type":"Polygon","coordinates":[[[77.402271,28.547283],[77.402462,28.547845],[77.401593,28.548088],[77.401173,28.54689],[77.402034,28.546585],[77.402271,28.547283]]]},"properties":{"objectid":62000,"plotmapid":"81B032TO37IND","property_t":"Industrial","used":"PLOT","plotsizesq":1950,"plot_size":"1950 SQMT","plot_no":"032TO37","sector":"81","block":"B","mplanduse":"B","ppt_type":"IND","ppt_full":"Industrial","authority":"NOIDA","category":"industrial","execution_stage":"unknown"}},{"type":"Feature","geometry":{"type":"Polygon","coordinates":[[[77.404103,28.547388],[77.403377,28.547595],[77.403252,28.547245],[77.40398,28.547045],[77.404103,28.547388]]]},"properties":{"objectid":62001,"plotmapid":"81B005IND","property_t":"Industrial","used":"PLOT","plotsizesq":3000,"plot_size":"3000 SQMT","plot_no":"005","sector":"81","block":"B","mplanduse":"B","ppt_type":"IND","ppt_full":"Industrial","authority":"NOIDA","category":"industrial","execution_stage":"unknown"}},{"type":"Feature","geometry":{"type":"Polygon","coordinates":[[[77.403377,28.547595],[77.402642,28.547806],[77.402518,28.547446],[77.403252,28.547245],[77.403377,28.547595]]]},"properties":{"objectid":62002,"plotmapid":"81B012IND","property_t":"Industrial","used":"PLOT","allotted_p":"Yes","plotsizesq":6000,"plot_size":"3000 SQMT","plot_no":"012","sector":"81","block":"B","mplanduse":"B","ppt_type":"IND","ppt_full":"Industrial","authority":"NOIDA","category":"industrial","execution_stage":"allotted"}},{"type":"Feature","geometry":{"type":"Polygon","coordinates":[[[77.401395,28.547523],[77.4011,28.547604],[77.400888,28.54699],[77.401173,28.54689],[77.401395,28.547523]]]},"properties":{"objectid":62003,"plotmapid":"81B038IND","property_t":"Industrial","used":"PLOT","allotted_p":"Yes","plotsizesq":1950,"plot_size":"1950 SQMT","plot_no":"038","sector":"81","block":"B","mplanduse":"B","ppt_type":"IND","ppt_full":"Industrial","authority":"NOIDA","category":"industrial","execution_stage":"allotted"}},{"type":"Feature","geometry":{"type":"Polygon","coordinates":[[[77.399497,28.549088],[77.399007,28.549224],[77.398931,28.54901],[77.39942,28.548871],[77.399497,28.549088]]]},"properties":{"objectid":62004,"plotmapid":"81B050IND","property_t":"Industrial","used":"PLOT","allotted_p":"Yes","plotsizesq":1250,"plot_size":"1250 SQMT","plot_no":"050","sector":"81","block":"B","mplanduse":"B","ppt_type":"IND","ppt_full":"Industrial","authority":"NOIDA","category":"industrial","execution_stage":"allotted"}},{"type":"Feature","geometry":{"type":"Polygon","coordinates":[[[77.4011,28.547604],[77.40081,28.547683],[77.400608,28.547089],[77.400888,28.54699],[77.4011,28.547604]]]},"properties":{"objectid":62006,"plotmapid":"81B039IND","property_t":"Industrial","used":"PLOT","allotted_p":"Yes","plotsizesq":1950,"plot_size":"1950 SQMT","plot_no":"039","sector":"81","block":"B","mplanduse":"B","ppt_type":"IND","ppt_full":"Industrial","authority":"NOIDA","category":"industrial","execution_stage":"allotted"}},{"type":"Feature","geometry":{"type":"Polygon","coordinates":[[[77.400608,28.547089],[77.40081,28.547683],[77.400515,28.547764],[77.40032,28.547191],[77.400608,28.547089]]]},"properties":{"objectid":62007,"plotmapid":"81B040IND","property_t":"Industrial","used":"PLOT","allotted_p":"Yes","plotsizesq":1950,"plot_size":"1950 SQMT","plot_no":"040","sector":"81","block":"B","mplanduse":"B","ppt_type":"IND","ppt_full":"Industrial","authority":"NOIDA","category":"industrial","execution_stage":"allotted"}},{"type":"Feature","geometry":{"type":"Polygon","coordinates":[[[77.40032,28.547191],[77.400515,28.547764],[77.40022,28.547845],[77.400032,28.547292],[77.40032,28.547191]]]},"properties":{"objectid":62008,"plotmapid":"81B041IND","property_t":"Industrial","used":"PLOT","allotted_p":"Yes","plotsizesq":1950,"plot_size":"1950 SQMT","plot_no":"041","sector":"81","block":"B","mplanduse":"B","ppt_type":"IND","ppt_full":"Industrial","authority":"NOIDA","category":"industrial","execution_stage":"allotted"}},{"type":"Feature","geometry":{"type":"Polygon","coordinates":[[[77.400032,28.547292],[77.40022,28.547845],[77.399925,28.547926],[77.399744,28.547394],[77.400032,28.547292]]]},"properties":{"objectid":62010,"plotmapid":"81B042IND","property_t":"Industrial","used":"PLOT","allotted_p":"Yes","plotsizesq":1950,"plot_size":"1950 SQMT","plot_no":"042","sector":"81","block":"B","mplanduse":"B","ppt_type":"IND","ppt_full":"Industrial","authority":"NOIDA","category":"industrial","execution_stage":"allotted"}},{"type":"Feature","geometry":{"type":"Polygon","coordinates":[[[77.403548,28.548096],[77.402817,28.548298],[77.402696,28.547956],[77.403427,28.547754],[77.403548,28.548096]]]},"properties":{"objectid":62011,"plotmapid":"81B013IND","property_t":"Industrial","used":"PLOT","allotted_p":"Yes","plotsizesq":3000,"plot_size":"NA","plot_no":"013","sector":"81","block":"B","mplanduse":"B","ppt_type":"IND","ppt_full":"Industrial","authority":"NOIDA","category":"industrial","execution_stage":"allotted"}},{"type":"Feature","geometry":{"type":"Polygon","coordinates":[[[77.404403,28.548244],[77.403672,28.548445],[77.403427,28.547754],[77.404158,28.547553],[77.404403,28.548244]]]},"properties":{"objectid":62012,"plotmapid":"81B003,004IND","property_t":"Industrial","used":"PLOT","plotsizesq":6000,"plot_size":"6000 SQMT","plot_no":"003,004","sector":"81","block":"B","mplanduse":"B","ppt_type":"IND","ppt_full":"Industrial","authority":"NOIDA","category":"industrial","execution_stage":"unknown"}},{"type":"Feature","geometry":{"type":"Polygon","coordinates":[[[77.399744,28.547394],[77.399925,28.547926],[77.399638,28.548004],[77.399462,28.547494],[77.399744,28.547394]]]},"properties":{"objectid":62013,"plotmapid":"81B043IND","property_t":"Industrial","used":"PLOT","allotted_p":"Yes","plotsizesq":1950,"plot_size":"1950 SQMT","plot_no":"043","sector":"81","block":"B","mplanduse":"B","ppt_type":"IND","ppt_full":"Industrial","authority":"NOIDA","category":"industrial","execution_stage":"allotted"}},{"type":"Feature","geometry":{"type":"Polygon","coordinates":[[[77.402603,28.548231],[77.402677,28.54843],[77.402282,28.54854],[77.402133,28.548109],[77.402517,28.548001],[77.402603,28.548231]]]},"properties":{"objectid":62014,"plotmapid":"81B018,19IND","property_t":"Industrial","used":"PLOT","plotsizesq":1000,"plot_size":"1000 SQMT","plot_no":"018,19","sector":"81","block":"B","mplanduse":"B","ppt_type":"IND","ppt_full":"Industrial","authority":"NOIDA","category":"industrial","execution_stage":"unknown"}},{"type":"Feature","geometry":{"type":"Polygon","coordinates":[[[77.399462,28.547494],[77.399638,28.548004],[77.399325,28.54809],[77.399154,28.547602],[77.399462,28.547494]]]},"properties":{"objectid":62015,"plotmapid":"81B044IND","property_t":"Industrial","used":"PLOT","allotted_p":"Yes","plotsizesq":1836.3,"plot_size":"1950 SQMT","plot_no":"044","sector":"81","block":"B","mplanduse":"B","ppt_type":"IND","ppt_full":"Industrial","authority":"NOIDA","category":"industrial","execution_stage":"allotted"}},{"type":"Feature","geometry":{"type":"Polygon","coordinates":[[[77.401737,28.548223],[77.402133,28.548109],[77.402212,28.548339],[77.401821,28.548448],[77.401737,28.548223]]]},"properties":{"objectid":62017,"plotmapid":"81B020IND","property_t":"Industrial","used":"PLOT","plotsizesq":1000,"plot_size":"1000 SQMT","plot_no":"020","sector":"81","block":"B","mplanduse":"B","ppt_type":"IND","ppt_full":"Industrial","authority":"NOIDA","category":"industrial","execution_stage":"unknown"}},{"type":"Feature","geometry":{"type":"Polygon","coordinates":[[[77.40445,28.548376],[77.404525,28.548588],[77.403794,28.548789],[77.403672,28.548445],[77.404403,28.548244],[77.40445,28.548376]]]},"properties":{"objectid":62018,"plotmapid":"81B002IND","property_t":"Industrial","used":"PLOT","plotsizesq":0,"plot_size":"NA","plot_no":"002","sector":"81","block":"B","mplanduse":"B","ppt_type":"IND","ppt_full":"Industrial","authority":"NOIDA","category":"industrial","execution_stage":"unknown"}},{"type":"Feature","geometry":{"type":"Polygon","coordinates":[[[77.399105,28.547983],[77.399116,28.548013],[77.398624,28.548144],[77.398513,28.54783],[77.398991,28.547662],[77.399105,28.547983]]]},"properties":{"objectid":62019,"plotmapid":"81B045IND","property_t":"Industrial","used":"PLOT","allotted_p":"Yes","plotsizesq":1906,"plot_size":"1250 SQMT","plot_no":"045","sector":"81","block":"B","mplanduse":"B","ppt_type":"IND","ppt_full":"Industrial","authority":"NOIDA","category":"industrial","execution_stage":"allotted"}},{"type":"Feature","geometry":{"type":"Polygon","coordinates":[[[77.403583,28.548194],[77.403794,28.548789],[77.403063,28.548991],[77.402817,28.548298],[77.403548,28.548096],[77.403583,28.548194]]]},"properties":{"objectid":62020,"plotmapid":"81B014,15IND","property_t":"Industrial","used":"PLOT","plotsizesq":0,"plot_size":"NA","plot_no":"014,15","sector":"81","block":"B","mplanduse":"B","ppt_type":"IND","ppt_full":"Industrial","authority":"NOIDA","category":"industrial","execution_stage":"unknown"}},{"type":"Feature","geometry":{"type":"Polygon","coordinates":[[[77.402282,28.54854],[77.401895,28.548647],[77.401821,28.548448],[77.402212,28.548339],[77.402282,28.54854]]]},"properties":{"objectid":62021,"plotmapid":"81B021IND","property_t":"Industrial","used":"PLOT","allotted_p":"Yes","plotsizesq":1000,"plot_size":"1000 SQMT","plot_no":"021","sector":"81","block":"B","mplanduse":"B","ppt_type":"IND","ppt_full":"Industrial","authority":"NOIDA","category":"industrial","execution_stage":"allotted"}},{"type":"Feature","geometry":{"type":"Polygon","coordinates":[[[77.399179,28.548192],[77.398688,28.548326],[77.398624,28.548144],[77.399116,28.548013],[77.399179,28.548192]]]},"properties":{"objectid":62022,"plotmapid":"81B046IND","property_t":"Industrial","used":"PLOT","allotted_p":"Yes","plotsizesq":1250,"plot_size":"1250 SQMT","plot_no":"046","sector":"81","block":"B","mplanduse":"B","ppt_type":"IND","ppt_full":"Industrial","authority":"NOIDA","category":"industrial","execution_stage":"allotted"}},{"type":"Feature","geometry":{"type":"Polygon","coordinates":[[[77.402754,28.548641],[77.402356,28.548755],[77.402282,28.54854],[77.402677,28.54843],[77.402754,28.548641]]]},"properties":{"objectid":62023,"plotmapid":"81B017IND","property_t":"Industrial","used":"PLOT","allotted_p":"Yes","plotsizesq":1000,"plot_size":"1000 SQMT","plot_no":"017","sector":"81","block":"B","mplanduse":"B","ppt_type":"IND","ppt_full":"Industrial","authority":"NOIDA","category":"industrial","execution_stage":"allotted"}},{"type":"Feature","geometry":{"type":"Polygon","coordinates":[[[77.401975,28.548861],[77.401895,28.548647],[77.402282,28.54854],[77.402356,28.548755],[77.401975,28.548861]]]},"properties":{"objectid":62024,"plotmapid":"81B022IND","property_t":"Industrial","used":"PLOT","allotted_p":"Yes","plotsizesq":1000,"plot_size":"1000 SQMT","plot_no":"022","sector":"81","block":"B","mplanduse":"B","ppt_type":"IND","ppt_full":"Industrial","authority":"NOIDA","category":"industrial","execution_stage":"allotted"}},{"type":"Feature","geometry":{"type":"Polygon","coordinates":[[[77.399183,28.548202],[77.399269,28.548444],[77.398778,28.548578],[77.398688,28.548326],[77.399179,28.548192],[77.399183,28.548202]]]},"properties":{"objectid":62025,"plotmapid":"81B047IND","property_t":"Industrial","used":"PLOT","allotted_p":"Yes","plotsizesq":1250,"plot_size":"1250 SQMT","plot_no":"047","sector":"81","block":"B","mplanduse":"B","ppt_type":"IND","ppt_full":"Industrial","authority":"NOIDA","category":"industrial","execution_stage":"allotted"}},{"type":"Feature","geometry":{"type":"Polygon","coordinates":[[[77.402779,28.548709],[77.40284,28.548875],[77.402443,28.548989],[77.402356,28.548755],[77.402754,28.548641],[77.402779,28.548709]]]},"properties":{"objectid":62026,"plotmapid":"81B016IND","property_t":"Industrial","used":"PLOT","allotted_p":"Yes","plotsizesq":1000,"plot_size":"1000 SQMT","plot_no":"016","sector":"81","block":"B","mplanduse":"B","ppt_type":"IND","ppt_full":"Industrial","authority":"NOIDA","category":"industrial","execution_stage":"allotted"}},{"type":"Feature","geometry":{"type":"Polygon","coordinates":[[[77.406534,28.549997],[77.406269,28.549988],[77.40557,28.550187],[77.405,28.548578],[77.406068,28.548683],[77.406534,28.549997]]]},"properties":{"objectid":62027,"plotmapid":"81A001,2IND","property_t":"Industrial","used":"PLOT","plotsizesq":8000,"plot_size":"8000 SQMT","plot_no":"001,2","sector":"81","block":"A","mplanduse":"B","ppt_type":"IND","ppt_full":"Industrial","authority":"NOIDA","category":"industrial","execution_stage":"unknown"}},{"type":"Feature","geometry":{"type":"Polygon","coordinates":[[[77.392166,28.547745],[77.391965,28.547977],[77.391831,28.547893],[77.392032,28.547661],[77.392166,28.547745]]]},"properties":{"objectid":62028,"plotmapid":"81C017IND","property_t":"Industrial","used":"PLOT","plotsizesq":416,"plot_size":"416 SQMT","plot_no":"017","sector":"81","block":"C","mplanduse":"ISSUE","ppt_type":"IND","ppt_full":"Industrial","authority":"NOIDA","category":"industrial","execution_stage":"unknown"}},{"type":"Feature","geometry":{"type":"Polygon","coordinates":[[[77.402443,28.548989],[77.402051,28.549097],[77.401967,28.548863],[77.402356,28.548755],[77.402443,28.548989]]]},"properties":{"objectid":62029,"plotmapid":"81B023IND","property_t":"Industrial","used":"PLOT","allotted_p":"Yes","plotsizesq":1000,"plot_size":"1000 SQMT","plot_no":"023","sector":"81","block":"B","mplanduse":"B","ppt_type":"IND","ppt_full":"Industrial","authority":"NOIDA","category":"industrial","execution_stage":"allotted"}},{"type":"Feature","geometry":{"type":"Polygon","coordinates":[[[77.399339,28.548641],[77.399346,28.548661],[77.398855,28.548795],[77.398778,28.548578],[77.399269,28.548444],[77.399339,28.548641]]]},"properties":{"objectid":62030,"plotmapid":"81B048IND","property_t":"Industrial","used":"PLOT","allotted_p":"Yes","plotsizesq":1250,"plot_size":"1250 SQMT","plot_no":"048","sector":"81","block":"B","mplanduse":"B","ppt_type":"IND","ppt_full":"Industrial","authority":"NOIDA","category":"industrial","execution_stage":"allotted"}},{"type":"Feature","geometry":{"type":"Polygon","coordinates":[[[77.392274,28.547813],[77.392073,28.548045],[77.391965,28.547977],[77.392166,28.547745],[77.392274,28.547813]]]},"properties":{"objectid":62031,"plotmapid":"81C016IND","property_t":"Industrial","used":"PLOT","plotsizesq":416,"plot_size":"416 SQMT","plot_no":"016","sector":"81","block":"C","mplanduse":"ISSUE","ppt_type":"IND","ppt_full":"Industrial","authority":"NOIDA","category":"industrial","execution_stage":"unknown"}},{"type":"Feature","geometry":{"type":"Polygon","coordinates":[[[77.398778,28.548578],[77.398147,28.548751],[77.398056,28.548492],[77.398687,28.548321],[77.398778,28.548578]]]},"properties":{"objectid":62032,"plotmapid":"81B59IND","property_t":"Industrial","used":"PLOT","allotted_p":"Yes","plotsizesq":1920,"plot_size":"1920 SQMT","plot_no":"59","sector":"81","block":"B","mplanduse":"B","ppt_type":"IND","ppt_full":"Industrial","authority":"NOIDA","category":"industrial","execution_stage":"allotted"}},{"type":"Feature","geometry":{"type":"Polygon","coordinates":[[[77.392383,28.547882],[77.392182,28.548113],[77.392073,28.548045],[77.392274,28.547813],[77.392383,28.547882]]]},"properties":{"objectid":62033,"plotmapid":"81C015IND","property_t":"Industrial","used":"PLOT","plotsizesq":416,"plot_size":"416 SQMT","plot_no":"015","sector":"81","block":"C","mplanduse":"ISSUE","ppt_type":"IND","ppt_full":"Industrial","authority":"NOIDA","category":"industrial","execution_stage":"unknown"}},{"type":"Feature","geometry":{"type":"Polygon","coordinates":[[[77.396849,28.548421],[77.397468,28.548203],[77.39755,28.548418],[77.396915,28.548601],[77.396849,28.548421]]]},"properties":{"objectid":62034,"plotmapid":"81C044IND","property_t":"Industrial","used":"PLOT","allotted_p":"Yes","plotsizesq":1820,"plot_size":"1950 SQMT","plot_no":"044","sector":"81","block":"C","mplanduse":"B","ppt_type":"IND","ppt_full":"Industrial","authority":"NOIDA","category":"industrial","execution_stage":"allotted"}},{"type":"Feature","geometry":{"type":"Polygon","coordinates":[[[77.392492,28.54795],[77.392291,28.548181],[77.392182,28.548113],[77.392383,28.547882],[77.392492,28.54795]]]},"properties":{"objectid":62035,"plotmapid":"81C014IND","property_t":"Industrial","used":"PLOT","plotsizesq":416,"plot_size":"416 SQMT","plot_no":"014","sector":"81","block":"C","mplanduse":"ISSUE","ppt_type":"IND","ppt_full":"Industrial","authority":"NOIDA","category":"industrial","execution_stage":"unknown"}},{"type":"Feature","geometry":{"type":"Polygon","coordinates":[[[77.392601,28.548018],[77.392399,28.54825],[77.392291,28.548181],[77.392492,28.54795],[77.392601,28.548018]]]},"properties":{"objectid":62036,"plotmapid":"81C013IND","property_t":"Industrial","used":"PLOT","plotsizesq":416,"plot_size":"416 SQMT","plot_no":"013","sector":"81","block":"C","mplanduse":"ISSUE","ppt_type":"IND","ppt_full":"Industrial","authority":"NOIDA","category":"industrial","execution_stage":"unknown"}},{"type":"Feature","geometry":{"type":"Polygon","coordinates":[[[77.399417,28.54886],[77.39942,28.548871],[77.398931,28.54901],[77.398855,28.548795],[77.399346,28.548661],[77.399417,28.54886]]]},"properties":{"objectid":62037,"plotmapid":"81B049IND","property_t":"Industrial","used":"PLOT","allotted_p":"Yes","plotsizesq":1250,"plot_size":"1250 SQMT","plot_no":"049","sector":"81","block":"B","mplanduse":"B","ppt_type":"IND","ppt_full":"Industrial","authority":"NOIDA","category":"industrial","execution_stage":"allotted"}},{"type":"Feature","geometry":{"type":"Polygon","coordinates":[[[77.391965,28.547977],[77.391763,28.548208],[77.39163,28.548124],[77.391831,28.547893],[77.391965,28.547977]]]},"properties":{"objectid":62038,"plotmapid":"81C018IND","property_t":"Industrial","used":"PLOT","plotsizesq":416,"plot_size":"416 SQMT","plot_no":"018","sector":"81","block":"C","mplanduse":"ISSUE","ppt_type":"IND","ppt_full":"Industrial","authority":"NOIDA","category":"industrial","execution_stage":"unknown"}},{"type":"Feature","geometry":{"type":"Polygon","coordinates":[[[77.392709,28.548086],[77.392508,28.548318],[77.392399,28.54825],[77.392601,28.548018],[77.392709,28.548086]]]},"properties":{"objectid":62039,"plotmapid":"81C012IND","property_t":"Industrial","used":"PLOT","plotsizesq":416,"plot_size":"416 SQMT","plot_no":"012","sector":"81","block":"C","mplanduse":"ISSUE","ppt_type":"IND","ppt_full":"Industrial","authority":"NOIDA","category":"industrial","execution_stage":"unknown"}},{"type":"Feature","geometry":{"type":"Polygon","coordinates":[[[77.392073,28.548045],[77.391872,28.548276],[77.391763,28.548208],[77.391965,28.547977],[77.392073,28.548045]]]},"properties":{"objectid":62040,"plotmapid":"81C019IND","property_t":"Industrial","used":"PLOT","plotsizesq":416,"plot_size":"416 SQMT","plot_no":"019","sector":"81","block":"C","mplanduse":"ISSUE","ppt_type":"IND","ppt_full":"Industrial","authority":"NOIDA","category":"industrial","execution_stage":"unknown"}},{"type":"Feature","geometry":{"type":"Polygon","coordinates":[[[77.398147,28.548751],[77.398778,28.548578],[77.398871,28.54884],[77.39824,28.549016],[77.398147,28.548751]]]},"properties":{"objectid":62041,"plotmapid":"81B058IND","property_t":"Industrial","used":"PLOT","allotted_p":"Yes","plotsizesq":1920,"plot_size":"1920 SQMT","plot_no":"058","sector":"81","block":"B","mplanduse":"B","ppt_type":"IND","ppt_full":"Industrial","authority":"NOIDA","category":"industrial","execution_stage":"allotted"}},{"type":"Feature","geometry":{"type":"Polygon","coordinates":[[[77.392818,28.548155],[77.392617,28.548386],[77.392508,28.548318],[77.392709,28.548086],[77.392818,28.548155]]]},"properties":{"objectid":62042,"plotmapid":"81C011IND","property_t":"Industrial","used":"PLOT","plotsizesq":416,"plot_size":"416 SQMT","plot_no":"011","sector":"81","block":"C","mplanduse":"ISSUE","ppt_type":"IND","ppt_full":"Industrial","authority":"NOIDA","category":"industrial","execution_stage":"unknown"}},{"type":"Feature","geometry":{"type":"Polygon","coordinates":[[[77.397651,28.548698],[77.397019,28.548882],[77.396915,28.548601],[77.39755,28.548418],[77.397651,28.548698]]]},"properties":{"objectid":62043,"plotmapid":"81C44AIND","property_t":"Industrial","used":"PLOT","allotted_p":"Yes","plotsizesq":1820,"plot_size":"1950 SQMT","plot_no":"44A","sector":"81","block":"C","mplanduse":"B","ppt_type":"IND","ppt_full":"Industrial","authority":"NOIDA","category":"industrial","execution_stage":"allotted"}},{"type":"Feature","geometry":{"type":"Polygon","coordinates":[[[77.392182,28.548113],[77.391981,28.548345],[77.391872,28.548276],[77.392073,28.548045],[77.392182,28.548113]]]},"properties":{"objectid":62044,"plotmapid":"81C020IND","property_t":"Industrial","used":"PLOT","plotsizesq":416,"plot_size":"416 SQMT","plot_no":"020","sector":"81","block":"C","mplanduse":"ISSUE","ppt_type":"IND","ppt_full":"Industrial","authority":"NOIDA","category":"industrial","execution_stage":"unknown"}},{"type":"Feature","geometry":{"type":"Polygon","coordinates":[[[77.392927,28.548223],[77.392725,28.548455],[77.392617,28.548386],[77.392818,28.548155],[77.392927,28.548223]]]},"properties":{"objectid":62045,"plotmapid":"81C010IND","property_t":"Industrial","used":"PLOT","plotsizesq":416,"plot_size":"416 SQMT","plot_no":"010","sector":"81","block":"C","mplanduse":"ISSUE","ppt_type":"IND","ppt_full":"Industrial","authority":"NOIDA","category":"industrial","execution_stage":"unknown"}},{"type":"Feature","geometry":{"type":"Polygon","coordinates":[[[77.392291,28.548181],[77.392089,28.548413],[77.391981,28.548345],[77.392182,28.548113],[77.392291,28.548181]]]},"properties":{"objectid":62047,"plotmapid":"81C021IND","property_t":"Industrial","used":"PLOT","plotsizesq":416,"plot_size":"416 SQMT","plot_no":"021","sector":"81","block":"C","mplanduse":"ISSUE","ppt_type":"IND","ppt_full":"Industrial","authority":"NOIDA","category":"industrial","execution_stage":"unknown"}},{"type":"Feature","geometry":{"type":"Polygon","coordinates":[[[77.393035,28.548291],[77.392834,28.548523],[77.392725,28.548455],[77.392927,28.548223],[77.393035,28.548291]]]},"properties":{"objectid":62048,"plotmapid":"81C009IND","property_t":"Industrial","used":"PLOT","plotsizesq":416,"plot_size":"416 SQMT","plot_no":"009","sector":"81","block":"C","mplanduse":"ISSUE","ppt_type":"IND","ppt_full":"Industrial","authority":"NOIDA","category":"industrial","execution_stage":"unknown"}},{"type":"Feature","geometry":{"type":"Polygon","coordinates":[[[77.392399,28.54825],[77.392198,28.548481],[77.392089,28.548413],[77.392291,28.548181],[77.392399,28.54825]]]},"properties":{"objectid":62050,"plotmapid":"81C022IND","property_t":"Industrial","used":"PLOT","plotsizesq":416,"plot_size":"416 SQMT","plot_no":"022","sector":"81","block":"C","mplanduse":"ISSUE","ppt_type":"IND","ppt_full":"Industrial","authority":"NOIDA","category":"industrial","execution_stage":"unknown"}},{"type":"Feature","geometry":{"type":"Polygon","coordinates":[[[77.393144,28.54836],[77.392943,28.548591],[77.392834,28.548523],[77.393035,28.548291],[77.393144,28.54836]]]},"properties":{"objectid":62051,"plotmapid":"81C008IND","property_t":"Industrial","used":"PLOT","plotsizesq":416,"plot_size":"416 SQMT","plot_no":"008","sector":"81","block":"C","mplanduse":"ISSUE","ppt_type":"IND","ppt_full":"Industrial","authority":"NOIDA","category":"industrial","execution_stage":"unknown"}},{"type":"Feature","geometry":{"type":"Polygon","coordinates":[[[77.392508,28.548318],[77.392307,28.54855],[77.392198,28.548481],[77.392399,28.54825],[77.392508,28.548318]]]},"properties":{"objectid":62052,"plotmapid":"81C023IND","property_t":"Industrial","used":"PLOT","plotsizesq":416,"plot_size":"416 SQMT","plot_no":"023","sector":"81","block":"C","mplanduse":"ISSUE","ppt_type":"IND","ppt_full":"Industrial","authority":"NOIDA","category":"industrial","execution_stage":"unknown"}},{"type":"Feature","geometry":{"type":"Polygon","coordinates":[[[77.393253,28.548428],[77.393051,28.548659],[77.392943,28.548591],[77.393144,28.54836],[77.393253,28.548428]]]},"properties":{"objectid":62053,"plotmapid":"81C007IND","property_t":"Industrial","used":"PLOT","plotsizesq":416,"plot_size":"416 SQMT","plot_no":"007","sector":"81","block":"C","mplanduse":"ISSUE","ppt_type":"IND","ppt_full":"Industrial","authority":"NOIDA","category":"industrial","execution_stage":"unknown"}},{"type":"Feature","geometry":{"type":"Polygon","coordinates":[[[77.39824,28.549016],[77.398871,28.54884],[77.398961,28.549096],[77.398331,28.549273],[77.39824,28.549016]]]},"properties":{"objectid":62054,"plotmapid":"81B057IND","property_t":"Industrial","used":"PLOT","allotted_p":"Yes","plotsizesq":1920,"plot_size":"1920 SQMT","plot_no":"057","sector":"81","block":"B","mplanduse":"B","ppt_type":"IND","ppt_full":"Industrial","authority":"NOIDA","category":"industrial","execution_stage":"allotted"}},{"type":"Feature","geometry":{"type":"Polygon","coordinates":[[[77.396959,28.548718],[77.396328,28.548895],[77.396233,28.548637],[77.396849,28.548421],[77.396959,28.548718]]]},"properties":{"objectid":62055,"plotmapid":"81C045IND","property_t":"Industrial","used":"PLOT","allotted_p":"Yes","plotsizesq":1950,"plot_size":"1950 SQMT","plot_no":"045","sector":"81","block":"C","mplanduse":"B","ppt_type":"IND","ppt_full":"Industrial","authority":"NOIDA","category":"industrial","execution_stage":"allotted"}},{"type":"Feature","geometry":{"type":"Polygon","coordinates":[[[77.392617,28.548386],[77.392416,28.548618],[77.392307,28.54855],[77.392508,28.548318],[77.392617,28.548386]]]},"properties":{"objectid":62056,"plotmapid":"81C024IND","property_t":"Industrial","used":"PLOT","plotsizesq":416,"plot_size":"416 SQMT","plot_no":"024","sector":"81","block":"C","mplanduse":"ISSUE","ppt_type":"IND","ppt_full":"Industrial","authority":"NOIDA","category":"industrial","execution_stage":"unknown"}},{"type":"Feature","geometry":{"type":"Polygon","coordinates":[[[77.397745,28.548958],[77.397114,28.54914],[77.397019,28.548882],[77.397651,28.548698],[77.397745,28.548958]]]},"properties":{"objectid":62057,"plotmapid":"81C043IND","property_t":"Industrial","used":"PLOT","allotted_p":"Yes","plotsizesq":1950,"plot_size":"1950 SQMT","plot_no":"043","sector":"81","block":"C","mplanduse":"B","ppt_type":"IND","ppt_full":"Industrial","authority":"NOIDA","category":"industrial","execution_stage":"allotted"}},{"type":"Feature","geometry":{"type":"Polygon","coordinates":[[[77.393361,28.548496],[77.39316,28.548728],[77.393051,28.548659],[77.393253,28.548428],[77.393361,28.548496]]]},"properties":{"objectid":62058,"plotmapid":"81C006IND","property_t":"Industrial","used":"PLOT","plotsizesq":416,"plot_size":"416 SQMT","plot_no":"006","sector":"81","block":"C","mplanduse":"ISSUE","ppt_type":"IND","ppt_full":"Industrial","authority":"NOIDA","category":"industrial","execution_stage":"unknown"}},{"type":"Feature","geometry":{"type":"Polygon","coordinates":[[[77.392725,28.548455],[77.392524,28.548686],[77.392416,28.548618],[77.392617,28.548386],[77.392725,28.548455]]]},"properties":{"objectid":62059,"plotmapid":"81C025IND","property_t":"Industrial","used":"PLOT","plotsizesq":416,"plot_size":"416 SQMT","plot_no":"025","sector":"81","block":"C","mplanduse":"ISSUE","ppt_type":"IND","ppt_full":"Industrial","authority":"NOIDA","category":"industrial","execution_stage":"unknown"}},{"type":"Feature","geometry":{"type":"Polygon","coordinates":[[[77.39165,28.548338],[77.391449,28.54857],[77.391315,28.548486],[77.391517,28.548254],[77.39165,28.548338]]]},"properties":{"objectid":62060,"plotmapid":"81C067IND","property_t":"Industrial","used":"PLOT","plotsizesq":416,"plot_size":"416 SQMT","plot_no":"067","sector":"81","block":"C","mplanduse":"ISSUE","ppt_type":"IND","ppt_full":"Industrial","authority":"NOIDA","category":"industrial","execution_stage":"unknown"}},{"type":"Feature","geometry":{"type":"Polygon","coordinates":[[[77.399574,28.549304],[77.399083,28.549439],[77.399007,28.549224],[77.399497,28.549088],[77.399574,28.549304]]]},"properties":{"objectid":62061,"plotmapid":"81B051IND","property_t":"Industrial","used":"PLOT","allotted_p":"Yes","plotsizesq":1250,"plot_size":"1250 SQMT","plot_no":"051","sector":"81","block":"B","mplanduse":"B","ppt_type":"IND","ppt_full":"Industrial","authority":"NOIDA","category":"industrial","execution_stage":"allotted"}},{"type":"Feature","geometry":{"type":"Polygon","coordinates":[[[77.39347,28.548565],[77.393269,28.548796],[77.39316,28.548728],[77.393361,28.548496],[77.39347,28.548565]]]},"properties":{"objectid":62062,"plotmapid":"81C005IND","property_t":"Industrial","used":"PLOT","plotsizesq":416,"plot_size":"416 SQMT","plot_no":"005","sector":"81","block":"C","mplanduse":"ISSUE","ppt_type":"IND","ppt_full":"Industrial","authority":"NOIDA","category":"industrial","execution_stage":"unknown"}},{"type":"Feature","geometry":{"type":"Polygon","coordinates":[[[77.392834,28.548523],[77.392633,28.548754],[77.392524,28.548686],[77.392725,28.548455],[77.392834,28.548523]]]},"properties":{"objectid":62063,"plotmapid":"81C026IND","property_t":"Industrial","used":"PLOT","plotsizesq":416,"plot_size":"416 SQMT","plot_no":"026","sector":"81","block":"C","mplanduse":"ISSUE","ppt_type":"IND","ppt_full":"Industrial","authority":"NOIDA","category":"industrial","execution_stage":"unknown"}},{"type":"Feature","geometry":{"type":"Polygon","coordinates":[[[77.391759,28.548407],[77.391558,28.548638],[77.391449,28.54857],[77.39165,28.548338],[77.391759,28.548407]]]},"properties":{"objectid":62064,"plotmapid":"81C066IND","property_t":"Industrial","used":"PLOT","plotsizesq":416,"plot_size":"416 SQMT","plot_no":"066","sector":"81","block":"C","mplanduse":"ISSUE","ppt_type":"IND","ppt_full":"Industrial","authority":"NOIDA","category":"industrial","execution_stage":"unknown"}},{"type":"Feature","geometry":{"type":"Polygon","coordinates":[[[77.393579,28.548633],[77.393378,28.548864],[77.393269,28.548796],[77.39347,28.548565],[77.393579,28.548633]]]},"properties":{"objectid":62065,"plotmapid":"81C004IND","property_t":"Industrial","used":"PLOT","plotsizesq":416,"plot_size":"416 SQMT","plot_no":"004","sector":"81","block":"C","mplanduse":"ISSUE","ppt_type":"IND","ppt_full":"Industrial","authority":"NOIDA","category":"industrial","execution_stage":"unknown"}},{"type":"Feature","geometry":{"type":"Polygon","coordinates":[[[77.392943,28.548591],[77.392742,28.548823],[77.392633,28.548754],[77.392834,28.548523],[77.392943,28.548591]]]},"properties":{"objectid":62066,"plotmapid":"81C027IND","property_t":"Industrial","used":"PLOT","plotsizesq":416,"plot_size":"416 SQMT","plot_no":"027","sector":"81","block":"C","mplanduse":"ISSUE","ppt_type":"IND","ppt_full":"Industrial","authority":"NOIDA","category":"industrial","execution_stage":"unknown"}},{"type":"Feature","geometry":{"type":"Polygon","coordinates":[[[77.391868,28.548475],[77.391666,28.548707],[77.391558,28.548638],[77.391759,28.548407],[77.391868,28.548475]]]},"properties":{"objectid":62067,"plotmapid":"81C065IND","property_t":"Industrial","used":"PLOT","plotsizesq":416,"plot_size":"416 SQMT","plot_no":"065","sector":"81","block":"C","mplanduse":"ISSUE","ppt_type":"IND","ppt_full":"Industrial","authority":"NOIDA","category":"industrial","execution_stage":"unknown"}},{"type":"Feature","geometry":{"type":"Polygon","coordinates":[[[77.393687,28.548701],[77.393486,28.548933],[77.393378,28.548864],[77.393579,28.548633],[77.393687,28.548701]]]},"properties":{"objectid":62068,"plotmapid":"81C003IND","property_t":"Industrial","used":"PLOT","plotsizesq":416,"plot_size":"416 SQMT","plot_no":"003","sector":"81","block":"C","mplanduse":"ISSUE","ppt_type":"IND","ppt_full":"Industrial","authority":"NOIDA","category":"industrial","execution_stage":"unknown"}},{"type":"Feature","geometry":{"type":"Polygon","coordinates":[[[77.393051,28.548659],[77.39285,28.548891],[77.392742,28.548823],[77.392943,28.548591],[77.393051,28.548659]]]},"properties":{"objectid":62069,"plotmapid":"81C028IND","property_t":"Industrial","used":"PLOT","plotsizesq":416,"plot_size":"416 SQMT","plot_no":"028","sector":"81","block":"C","mplanduse":"ISSUE","ppt_type":"IND","ppt_full":"Industrial","authority":"NOIDA","category":"industrial","execution_stage":"unknown"}},{"type":"Feature","geometry":{"type":"Polygon","coordinates":[[[77.398331,28.549273],[77.398961,28.549096],[77.399053,28.549355],[77.398422,28.549533],[77.398331,28.549273]]]},"properties":{"objectid":62070,"plotmapid":"81B056IND","property_t":"Industrial","used":"PLOT","allotted_p":"Yes","plotsizesq":1920,"plot_size":"1920 SQMT","plot_no":"056","sector":"81","block":"B","mplanduse":"B","ppt_type":"IND","ppt_full":"Industrial","authority":"NOIDA","category":"industrial","execution_stage":"allotted"}},{"type":"Feature","geometry":{"type":"Polygon","coordinates":[[[77.391976,28.548543],[77.391775,28.548775],[77.391666,28.548707],[77.391868,28.548475],[77.391976,28.548543]]]},"properties":{"objectid":62071,"plotmapid":"81C064IND","property_t":"Industrial","used":"PLOT","plotsizesq":416,"plot_size":"416 SQMT","plot_no":"064","sector":"81","block":"C","mplanduse":"ISSUE","ppt_type":"IND","ppt_full":"Industrial","authority":"NOIDA","category":"industrial","execution_stage":"unknown"}},{"type":"Feature","geometry":{"type":"Polygon","coordinates":[[[77.397052,28.548972],[77.396422,28.549152],[77.396328,28.548895],[77.396959,28.548718],[77.397052,28.548972]]]},"properties":{"objectid":62073,"plotmapid":"81C046IND","property_t":"Industrial","used":"PLOT","allotted_p":"Yes","plotsizesq":1950,"plot_size":"1950 SQMT","plot_no":"046","sector":"81","block":"C","mplanduse":"B","ppt_type":"IND","ppt_full":"Industrial","authority":"NOIDA","category":"industrial","execution_stage":"allotted"}},{"type":"Feature","geometry":{"type":"Polygon","coordinates":[[[77.393796,28.548769],[77.393595,28.549001],[77.393486,28.548933],[77.393687,28.548701],[77.393796,28.548769]]]},"properties":{"objectid":62074,"plotmapid":"81C002IND","property_t":"Industrial","used":"PLOT","plotsizesq":416,"plot_size":"416 SQMT","plot_no":"002","sector":"81","block":"C","mplanduse":"ISSUE","ppt_type":"IND","ppt_full":"Industrial","authority":"NOIDA","category":"industrial","execution_stage":"unknown"}},{"type":"Feature","geometry":{"type":"Polygon","coordinates":[[[77.397839,28.549218],[77.39721,28.549399],[77.397114,28.54914],[77.397745,28.548958],[77.397839,28.549218]]]},"properties":{"objectid":62075,"plotmapid":"81C042IND","property_t":"Industrial","used":"PLOT","allotted_p":"Yes","plotsizesq":1950,"plot_size":"1950 SQMT","plot_no":"042","sector":"81","block":"C","mplanduse":"B","ppt_type":"IND","ppt_full":"Industrial","authority":"NOIDA","category":"industrial","execution_stage":"allotted"}},{"type":"Feature","geometry":{"type":"Polygon","coordinates":[[[77.396206,28.549081],[77.395567,28.549241],[77.395491,28.549009],[77.3961,28.548801],[77.396206,28.549081]]]},"properties":{"objectid":62076,"plotmapid":"81C035IND","property_t":"Industrial","used":"PLOT","plotsizesq":1950,"plot_size":"1950 SQMT","plot_no":"035","sector":"81","block":"C","mplanduse":"ISSUE","ppt_type":"IND","ppt_full":"Industrial","authority":"NOIDA","category":"industrial","execution_stage":"unknown"}},{"type":"Feature","geometry":{"type":"Polygon","coordinates":[[[77.39965,28.549519],[77.399159,28.549655],[77.399083,28.549439],[77.399574,28.549304],[77.39965,28.549519]]]},"properties":{"objectid":62077,"plotmapid":"81B052IND","property_t":"Industrial","used":"PLOT","allotted_p":"Yes","plotsizesq":1250,"plot_size":"1250 SQMT","plot_no":"052","sector":"81","block":"B","mplanduse":"B","ppt_type":"IND","ppt_full":"Industrial","authority":"NOIDA","category":"industrial","execution_stage":"allotted"}},{"type":"Feature","geometry":{"type":"Polygon","coordinates":[[[77.39316,28.548728],[77.392959,28.548959],[77.39285,28.548891],[77.393051,28.548659],[77.39316,28.548728]]]},"properties":{"objectid":62078,"plotmapid":"81C029IND","property_t":"Industrial","used":"PLOT","plotsizesq":416,"plot_size":"416 SQMT","plot_no":"029","sector":"81","block":"C","mplanduse":"ISSUE","ppt_type":"IND","ppt_full":"Industrial","authority":"NOIDA","category":"industrial","execution_stage":"unknown"}},{"type":"Feature","geometry":{"type":"Polygon","coordinates":[[[77.392085,28.548612],[77.391884,28.548843],[77.391775,28.548775],[77.391976,28.548543],[77.392085,28.548612]]]},"properties":{"objectid":62079,"plotmapid":"81C063IND","property_t":"Industrial","used":"PLOT","plotsizesq":416,"plot_size":"416 SQMT","plot_no":"063","sector":"81","block":"C","mplanduse":"ISSUE","ppt_type":"IND","ppt_full":"Industrial","authority":"NOIDA","category":"industrial","execution_stage":"unknown"}},{"type":"Feature","geometry":{"type":"Polygon","coordinates":[[[77.391449,28.54857],[77.391248,28.548801],[77.391114,28.548718],[77.391315,28.548486],[77.391449,28.54857]]]},"properties":{"objectid":62080,"plotmapid":"81C068IND","property_t":"Industrial","used":"PLOT","plotsizesq":416,"plot_size":"416 SQMT","plot_no":"068","sector":"81","block":"C","mplanduse":"ISSUE","ppt_type":"IND","ppt_full":"Industrial","authority":"NOIDA","category":"industrial","execution_stage":"unknown"}},{"type":"Feature","geometry":{"type":"Polygon","coordinates":[[[77.393796,28.548769],[77.393939,28.548859],[77.393733,28.549088],[77.393595,28.549001],[77.393796,28.548769]]]},"properties":{"objectid":62081,"plotmapid":"81C001IND","property_t":"Industrial","used":"PLOT","plotsizesq":416,"plot_size":"416 SQMT","plot_no":"001","sector":"81","block":"C","mplanduse":"ISSUE","ppt_type":"IND","ppt_full":"Industrial","authority":"NOIDA","category":"industrial","execution_stage":"unknown"}},{"type":"Feature","geometry":{"type":"Polygon","coordinates":[[[77.393269,28.548796],[77.393068,28.549028],[77.392959,28.548959],[77.39316,28.548728],[77.393269,28.548796]]]},"properties":{"objectid":62082,"plotmapid":"81C030IND","property_t":"Industrial","used":"PLOT","plotsizesq":416,"plot_size":"416 SQMT","plot_no":"030","sector":"81","block":"C","mplanduse":"ISSUE","ppt_type":"IND","ppt_full":"Industrial","authority":"NOIDA","category":"industrial","execution_stage":"unknown"}},{"type":"Feature","geometry":{"type":"Polygon","coordinates":[[[77.392194,28.54868],[77.391992,28.548911],[77.391884,28.548843],[77.392085,28.548612],[77.392194,28.54868]]]},"properties":{"objectid":62083,"plotmapid":"81C062IND","property_t":"Industrial","used":"PLOT","plotsizesq":416,"plot_size":"416 SQMT","plot_no":"062","sector":"81","block":"C","mplanduse":"ISSUE","ppt_type":"IND","ppt_full":"Industrial","authority":"NOIDA","category":"industrial","execution_stage":"unknown"}},{"type":"Feature","geometry":{"type":"Polygon","coordinates":[[[77.391558,28.548638],[77.391357,28.54887],[77.391248,28.548801],[77.391449,28.54857],[77.391558,28.548638]]]},"properties":{"objectid":62084,"plotmapid":"81C069IND","property_t":"Industrial","used":"PLOT","plotsizesq":416,"plot_size":"416 SQMT","plot_no":"069","sector":"81","block":"C","mplanduse":"ISSUE","ppt_type":"IND","ppt_full":"Industrial","authority":"NOIDA","category":"industrial","execution_stage":"unknown"}},{"type":"Feature","geometry":{"type":"Polygon","coordinates":[[[77.393378,28.548864],[77.393176,28.549096],[77.393068,28.549028],[77.393269,28.548796],[77.393378,28.548864]]]},"properties":{"objectid":62085,"plotmapid":"81C031IND","property_t":"Industrial","used":"PLOT","plotsizesq":416,"plot_size":"416 SQMT","plot_no":"031","sector":"81","block":"C","mplanduse":"ISSUE","ppt_type":"IND","ppt_full":"Industrial","authority":"NOIDA","category":"industrial","execution_stage":"unknown"}},{"type":"Feature","geometry":{"type":"Polygon","coordinates":[[[77.392302,28.548748],[77.392101,28.54898],[77.391992,28.548911],[77.392194,28.54868],[77.392302,28.548748]]]},"properties":{"objectid":62086,"plotmapid":"81C061IND","property_t":"Industrial","used":"PLOT","plotsizesq":416,"plot_size":"416 SQMT","plot_no":"061","sector":"81","block":"C","mplanduse":"ISSUE","ppt_type":"IND","ppt_full":"Industrial","authority":"NOIDA","category":"industrial","execution_stage":"unknown"}},{"type":"Feature","geometry":{"type":"Polygon","coordinates":[[[77.391666,28.548707],[77.391465,28.548938],[77.391357,28.54887],[77.391558,28.548638],[77.391666,28.548707]]]},"properties":{"objectid":62087,"plotmapid":"81C070IND","property_t":"Industrial","used":"PLOT","plotsizesq":416,"plot_size":"416 SQMT","plot_no":"070","sector":"81","block":"C","mplanduse":"ISSUE","ppt_type":"IND","ppt_full":"Industrial","authority":"NOIDA","category":"industrial","execution_stage":"unknown"}},{"type":"Feature","geometry":{"type":"Polygon","coordinates":[[[77.393486,28.548933],[77.393285,28.549164],[77.393176,28.549096],[77.393378,28.548864],[77.393486,28.548933]]]},"properties":{"objectid":62088,"plotmapid":"81C032IND","property_t":"Industrial","used":"PLOT","plotsizesq":416,"plot_size":"416 SQMT","plot_no":"032","sector":"81","block":"C","mplanduse":"ISSUE","ppt_type":"IND","ppt_full":"Industrial","authority":"NOIDA","category":"industrial","execution_stage":"unknown"}},{"type":"Feature","geometry":{"type":"Polygon","coordinates":[[[77.392411,28.548816],[77.39221,28.549048],[77.392101,28.54898],[77.392302,28.548748],[77.392411,28.548816]]]},"properties":{"objectid":62089,"plotmapid":"81C060IND","property_t":"Industrial","used":"PLOT","plotsizesq":416,"plot_size":"416 SQMT","plot_no":"060","sector":"81","block":"C","mplanduse":"ISSUE","ppt_type":"IND","ppt_full":"Industrial","authority":"NOIDA","category":"industrial","execution_stage":"unknown"}},{"type":"Feature","geometry":{"type":"Polygon","coordinates":[[[77.399145,28.549615],[77.398513,28.54979],[77.398422,28.549533],[77.399053,28.549355],[77.399145,28.549615]]]},"properties":{"objectid":62090,"plotmapid":"81B055IND","property_t":"Industrial","used":"PLOT","allotted_p":"Yes","plotsizesq":1920,"plot_size":"1920 SQMT","plot_no":"055","sector":"81","block":"B","mplanduse":"B","ppt_type":"IND","ppt_full":"Industrial","authority":"NOIDA","category":"industrial","execution_stage":"allotted"}},{"type":"Feature","geometry":{"type":"Polygon","coordinates":[[[77.399726,28.549733],[77.399236,28.549872],[77.399159,28.549655],[77.39965,28.549519],[77.399726,28.549733]]]},"properties":{"objectid":62091,"plotmapid":"81B053IND","property_t":"Industrial","used":"PLOT","allotted_p":"Yes","plotsizesq":1250,"plot_size":"1250 SQMT","plot_no":"053","sector":"81","block":"B","mplanduse":"B","ppt_type":"IND","ppt_full":"Industrial","authority":"NOIDA","category":"industrial","execution_stage":"allotted"}},{"type":"Feature","geometry":{"type":"Polygon","coordinates":[[[77.391775,28.548775],[77.391574,28.549006],[77.391465,28.548938],[77.391666,28.548707],[77.391775,28.548775]]]},"properties":{"objectid":62092,"plotmapid":"81C071IND","property_t":"Industrial","used":"PLOT","plotsizesq":416,"plot_size":"416 SQMT","plot_no":"071","sector":"81","block":"C","mplanduse":"ISSUE","ppt_type":"IND","ppt_full":"Industrial","authority":"NOIDA","category":"industrial","execution_stage":"unknown"}},{"type":"Feature","geometry":{"type":"Polygon","coordinates":[[[77.396422,28.549152],[77.397052,28.548972],[77.397147,28.549228],[77.396517,28.549413],[77.396422,28.549152]]]},"properties":{"objectid":62093,"plotmapid":"81C047IND","property_t":"Industrial","used":"PLOT","allotted_p":"Yes","plotsizesq":1950,"plot_size":"1950 SQMT","plot_no":"047","sector":"81","block":"C","mplanduse":"B","ppt_type":"IND","ppt_full":"Industrial","authority":"NOIDA","category":"industrial","execution_stage":"allotted"}},{"type":"Feature","geometry":{"type":"Polygon","coordinates":[[[77.397932,28.549475],[77.397304,28.549655],[77.39721,28.549399],[77.397839,28.549218],[77.397932,28.549475]]]},"properties":{"objectid":62094,"plotmapid":"81C041IND","property_t":"Industrial","used":"PLOT","allotted_p":"Yes","plotsizesq":1950,"plot_size":"1950 SQMT","plot_no":"041","sector":"81","block":"C","mplanduse":"B","ppt_type":"IND","ppt_full":"Industrial","authority":"NOIDA","category":"industrial","execution_stage":"allotted"}},{"type":"Feature","geometry":{"type":"Polygon","coordinates":[[[77.393595,28.549001],[77.393394,28.549232],[77.393285,28.549164],[77.393486,28.548933],[77.393595,28.549001]]]},"properties":{"objectid":62095,"plotmapid":"81C033IND","property_t":"Industrial","used":"PLOT","plotsizesq":416,"plot_size":"416 SQMT","plot_no":"033","sector":"81","block":"C","mplanduse":"ISSUE","ppt_type":"IND","ppt_full":"Industrial","authority":"NOIDA","category":"industrial","execution_stage":"unknown"}},{"type":"Feature","geometry":{"type":"Polygon","coordinates":[[[77.39252,28.548885],[77.392319,28.549116],[77.39221,28.549048],[77.392411,28.548816],[77.39252,28.548885]]]},"properties":{"objectid":62096,"plotmapid":"81C059IND","property_t":"Industrial","used":"PLOT","plotsizesq":416,"plot_size":"416 SQMT","plot_no":"059","sector":"81","block":"C","mplanduse":"ISSUE","ppt_type":"IND","ppt_full":"Industrial","authority":"NOIDA","category":"industrial","execution_stage":"unknown"}},{"type":"Feature","geometry":{"type":"Polygon","coordinates":[[[77.396297,28.549337],[77.39565,28.549498],[77.395567,28.549241],[77.396206,28.549081],[77.396297,28.549337]]]},"properties":{"objectid":62097,"plotmapid":"81C036IND","property_t":"Industrial","used":"PLOT","plotsizesq":1950,"plot_size":"1950 SQMT","plot_no":"036","sector":"81","block":"C","mplanduse":"ISSUE","ppt_type":"IND","ppt_full":"Industrial","authority":"NOIDA","category":"industrial","execution_stage":"unknown"}},{"type":"Feature","geometry":{"type":"Polygon","coordinates":[[[77.391884,28.548843],[77.391683,28.549075],[77.391574,28.549006],[77.391775,28.548775],[77.391884,28.548843]]]},"properties":{"objectid":62098,"plotmapid":"81C072IND","property_t":"Industrial","used":"PLOT","plotsizesq":416,"plot_size":"416 SQMT","plot_no":"072","sector":"81","block":"C","mplanduse":"ISSUE","ppt_type":"IND","ppt_full":"Industrial","authority":"NOIDA","category":"industrial","execution_stage":"unknown"}},{"type":"Feature","geometry":{"type":"Polygon","coordinates":[[[77.392628,28.548953],[77.392427,28.549185],[77.392319,28.549116],[77.39252,28.548885],[77.392628,28.548953]]]},"properties":{"objectid":62099,"plotmapid":"81C058IND","property_t":"Industrial","used":"PLOT","plotsizesq":416,"plot_size":"416 SQMT","plot_no":"058","sector":"81","block":"C","mplanduse":"ISSUE","ppt_type":"IND","ppt_full":"Industrial","authority":"NOIDA","category":"industrial","execution_stage":"unknown"}},{"type":"Feature","geometry":{"type":"Polygon","coordinates":[[[77.393733,28.549088],[77.393527,28.549316],[77.393394,28.549232],[77.393595,28.549001],[77.393733,28.549088]]]},"properties":{"objectid":62100,"plotmapid":"81C034IND","property_t":"Industrial","used":"PLOT","plotsizesq":416,"plot_size":"416 SQMT","plot_no":"034","sector":"81","block":"C","mplanduse":"ISSUE","ppt_type":"IND","ppt_full":"Industrial","authority":"NOIDA","category":"industrial","execution_stage":"unknown"}},{"type":"Feature","geometry":{"type":"Polygon","coordinates":[[[77.391992,28.548911],[77.391791,28.549143],[77.391683,28.549075],[77.391884,28.548843],[77.391992,28.548911]]]},"properties":{"objectid":62101,"plotmapid":"81C073IND","property_t":"Industrial","used":"PLOT","plotsizesq":416,"plot_size":"416 SQMT","plot_no":"073","sector":"81","block":"C","mplanduse":"ISSUE","ppt_type":"IND","ppt_full":"Industrial","authority":"NOIDA","category":"industrial","execution_stage":"unknown"}},{"type":"Feature","geometry":{"type":"Polygon","coordinates":[[[77.392737,28.549021],[77.392536,28.549253],[77.392427,28.549185],[77.392628,28.548953],[77.392737,28.549021]]]},"properties":{"objectid":62102,"plotmapid":"81C057IND","property_t":"Industrial","used":"PLOT","plotsizesq":416,"plot_size":"416 SQMT","plot_no":"057","sector":"81","block":"C","mplanduse":"ISSUE","ppt_type":"IND","ppt_full":"Industrial","authority":"NOIDA","category":"industrial","execution_stage":"unknown"}},{"type":"Feature","geometry":{"type":"Polygon","coordinates":[[[77.392101,28.54898],[77.3919,28.549211],[77.391791,28.549143],[77.391992,28.548911],[77.392101,28.54898]]]},"properties":{"objectid":62103,"plotmapid":"81C074IND","property_t":"Industrial","used":"PLOT","plotsizesq":416,"plot_size":"416 SQMT","plot_no":"074","sector":"81","block":"C","mplanduse":"ISSUE","ppt_type":"IND","ppt_full":"Industrial","authority":"NOIDA","category":"industrial","execution_stage":"unknown"}},{"type":"Feature","geometry":{"type":"Polygon","coordinates":[[[77.392846,28.54909],[77.392645,28.549321],[77.392536,28.549253],[77.392737,28.549021],[77.392846,28.54909]]]},"properties":{"objectid":62104,"plotmapid":"81C056IND","property_t":"Industrial","used":"PLOT","allotted_p":"Yes","plotsizesq":416,"plot_size":"416 SQMT","plot_no":"056","sector":"81","block":"C","mplanduse":"ISSUE","ppt_type":"IND","ppt_full":"Industrial","authority":"NOIDA","category":"industrial","execution_stage":"allotted"}},{"type":"Feature","geometry":{"type":"Polygon","coordinates":[[[77.39221,28.549048],[77.392009,28.54928],[77.3919,28.549211],[77.392101,28.54898],[77.39221,28.549048]]]},"properties":{"objectid":62105,"plotmapid":"81C075IND","property_t":"Industrial","used":"PLOT","plotsizesq":416,"plot_size":"416 SQMT","plot_no":"075","sector":"81","block":"C","mplanduse":"ISSUE","ppt_type":"IND","ppt_full":"Industrial","authority":"NOIDA","category":"industrial","execution_stage":"unknown"}},{"type":"Feature","geometry":{"type":"Polygon","coordinates":[[[77.391135,28.548932],[77.390933,28.549163],[77.3908,28.549079],[77.391001,28.548848],[77.391135,28.548932]]]},"properties":{"objectid":62106,"plotmapid":"81C108IND","property_t":"Industrial","used":"PLOT","plotsizesq":416,"plot_size":"416 SQMT","plot_no":"108","sector":"81","block":"C","mplanduse":"ISSUE","ppt_type":"IND","ppt_full":"Industrial","authority":"NOIDA","category":"industrial","execution_stage":"unknown"}},{"type":"Feature","geometry":{"type":"Polygon","coordinates":[[[77.392955,28.549158],[77.392753,28.549389],[77.392645,28.549321],[77.392846,28.54909],[77.392955,28.549158]]]},"properties":{"objectid":62107,"plotmapid":"81C055IND","property_t":"Industrial","used":"PLOT","plotsizesq":416,"plot_size":"416 SQMT","plot_no":"055","sector":"81","block":"C","mplanduse":"ISSUE","ppt_type":"IND","ppt_full":"Industrial","authority":"NOIDA","category":"industrial","execution_stage":"unknown"}},{"type":"Feature","geometry":{"type":"Polygon","coordinates":[[[77.396385,28.549593],[77.395734,28.549756],[77.39565,28.549498],[77.396297,28.549337],[77.396385,28.549593]]]},"properties":{"objectid":62108,"plotmapid":"81C037IND","property_t":"Industrial","used":"PLOT","plotsizesq":1950,"plot_size":"1950 SQMT","plot_no":"037","sector":"81","block":"C","mplanduse":"ISSUE","ppt_type":"IND","ppt_full":"Industrial","authority":"NOIDA","category":"industrial","execution_stage":"unknown"}},{"type":"Feature","geometry":{"type":"Polygon","coordinates":[[[77.392319,28.549116],[77.392117,28.549348],[77.392009,28.54928],[77.39221,28.549048],[77.392319,28.549116]]]},"properties":{"objectid":62109,"plotmapid":"81C076IND","property_t":"Industrial","used":"PLOT","plotsizesq":416,"plot_size":"416 SQMT","plot_no":"076","sector":"81","block":"C","mplanduse":"ISSUE","ppt_type":"IND","ppt_full":"Industrial","authority":"NOIDA","category":"industrial","execution_stage":"unknown"}},{"type":"Feature","geometry":{"type":"Polygon","coordinates":[[[77.391243,28.549],[77.391042,28.549232],[77.390933,28.549163],[77.391135,28.548932],[77.391243,28.549]]]},"properties":{"objectid":62110,"plotmapid":"81C107IND","property_t":"Industrial","used":"PLOT","plotsizesq":416,"plot_size":"416 SQMT","plot_no":"107","sector":"81","block":"C","mplanduse":"ISSUE","ppt_type":"IND","ppt_full":"Industrial","authority":"NOIDA","category":"industrial","execution_stage":"unknown"}},{"type":"Feature","geometry":{"type":"Polygon","coordinates":[[[77.393063,28.549226],[77.392862,28.549458],[77.392753,28.549389],[77.392955,28.549158],[77.393063,28.549226]]]},"properties":{"objectid":62111,"plotmapid":"81C054IND","property_t":"Industrial","used":"PLOT","plotsizesq":416,"plot_size":"416 SQMT","plot_no":"054","sector":"81","block":"C","mplanduse":"ISSUE","ppt_type":"IND","ppt_full":"Industrial","authority":"NOIDA","category":"industrial","execution_stage":"unknown"}},{"type":"Feature","geometry":{"type":"Polygon","coordinates":[[[77.392427,28.549185],[77.392226,28.549416],[77.392117,28.549348],[77.392319,28.549116],[77.392427,28.549185]]]},"properties":{"objectid":62112,"plotmapid":"81C077IND","property_t":"Industrial","used":"PLOT","plotsizesq":416,"plot_size":"416 SQMT","plot_no":"077","sector":"81","block":"C","mplanduse":"ISSUE","ppt_type":"IND","ppt_full":"Industrial","authority":"NOIDA","category":"industrial","execution_stage":"unknown"}},{"type":"Feature","geometry":{"type":"Polygon","coordinates":[[[77.391352,28.549068],[77.391151,28.5493],[77.391042,28.549232],[77.391243,28.549],[77.391352,28.549068]]]},"properties":{"objectid":62113,"plotmapid":"81C106IND","property_t":"Industrial","used":"PLOT","plotsizesq":416,"plot_size":"416 SQMT","plot_no":"106","sector":"81","block":"C","mplanduse":"ISSUE","ppt_type":"IND","ppt_full":"Industrial","authority":"NOIDA","category":"industrial","execution_stage":"unknown"}},{"type":"Feature","geometry":{"type":"Polygon","coordinates":[[[77.393172,28.549294],[77.392971,28.549526],[77.392862,28.549458],[77.393063,28.549226],[77.393172,28.549294]]]},"properties":{"objectid":62114,"plotmapid":"81C053IND","property_t":"Industrial","used":"PLOT","plotsizesq":416,"plot_size":"416 SQMT","plot_no":"053","sector":"81","block":"C","mplanduse":"ISSUE","ppt_type":"IND","ppt_full":"Industrial","authority":"NOIDA","category":"industrial","execution_stage":"unknown"}},{"type":"Feature","geometry":{"type":"Polygon","coordinates":[[[77.392536,28.549253],[77.392335,28.549484],[77.392226,28.549416],[77.392427,28.549185],[77.392536,28.549253]]]},"properties":{"objectid":62115,"plotmapid":"81C078IND","property_t":"Industrial","used":"PLOT","plotsizesq":416,"plot_size":"416 SQMT","plot_no":"078","sector":"81","block":"C","mplanduse":"ISSUE","ppt_type":"IND","ppt_full":"Industrial","authority":"NOIDA","category":"industrial","execution_stage":"unknown"}},{"type":"Feature","geometry":{"type":"Polygon","coordinates":[[[77.391461,28.549137],[77.39126,28.549368],[77.391151,28.5493],[77.391352,28.549068],[77.391461,28.549137]]]},"properties":{"objectid":62116,"plotmapid":"81C105IND","property_t":"Industrial","used":"PLOT","plotsizesq":416,"plot_size":"416 SQMT","plot_no":"105","sector":"81","block":"C","mplanduse":"ISSUE","ppt_type":"IND","ppt_full":"Industrial","authority":"NOIDA","category":"industrial","execution_stage":"unknown"}},{"type":"Feature","geometry":{"type":"Polygon","coordinates":[[[77.393281,28.549363],[77.393079,28.549594],[77.392971,28.549526],[77.393172,28.549294],[77.393281,28.549363]]]},"properties":{"objectid":62117,"plotmapid":"81C052IND","property_t":"Industrial","used":"PLOT","plotsizesq":416,"plot_size":"416 SQMT","plot_no":"052","sector":"81","block":"C","mplanduse":"ISSUE","ppt_type":"IND","ppt_full":"Industrial","authority":"NOIDA","category":"industrial","execution_stage":"unknown"}},{"type":"Feature","geometry":{"type":"Polygon","coordinates":[[[77.392645,28.549321],[77.392443,28.549553],[77.392335,28.549484],[77.392536,28.549253],[77.392645,28.549321]]]},"properties":{"objectid":62118,"plotmapid":"81C079IND","property_t":"Industrial","used":"PLOT","plotsizesq":416,"plot_size":"416 SQMT","plot_no":"079","sector":"81","block":"C","mplanduse":"ISSUE","ppt_type":"IND","ppt_full":"Industrial","authority":"NOIDA","category":"industrial","execution_stage":"unknown"}},{"type":"Feature","geometry":{"type":"Polygon","coordinates":[[[77.391569,28.549205],[77.391368,28.549436],[77.39126,28.549368],[77.391461,28.549137],[77.391569,28.549205]]]},"properties":{"objectid":62119,"plotmapid":"81C104IND","property_t":"Industrial","used":"PLOT","plotsizesq":416,"plot_size":"416 SQMT","plot_no":"104","sector":"81","block":"C","mplanduse":"ISSUE","ppt_type":"IND","ppt_full":"Industrial","authority":"NOIDA","category":"industrial","execution_stage":"unknown"}},{"type":"Feature","geometry":{"type":"Polygon","coordinates":[[[77.393281,28.549363],[77.393412,28.549445],[77.393206,28.549674],[77.393079,28.549594],[77.393281,28.549363]]]},"properties":{"objectid":62120,"plotmapid":"81C051IND","property_t":"Industrial","used":"PLOT","plotsizesq":416,"plot_size":"416 SQMT","plot_no":"051","sector":"81","block":"C","mplanduse":"ISSUE","ppt_type":"IND","ppt_full":"Industrial","authority":"NOIDA","category":"industrial","execution_stage":"unknown"}},{"type":"Feature","geometry":{"type":"Polygon","coordinates":[[[77.390933,28.549163],[77.390732,28.549395],[77.390599,28.549311],[77.3908,28.549079],[77.390933,28.549163]]]},"properties":{"objectid":62121,"plotmapid":"81C109IND","property_t":"Industrial","used":"PLOT","plotsizesq":416,"plot_size":"416 SQMT","plot_no":"109","sector":"81","block":"C","mplanduse":"ISSUE","ppt_type":"IND","ppt_full":"Industrial","authority":"NOIDA","category":"industrial","execution_stage":"unknown"}},{"type":"Feature","geometry":{"type":"Polygon","coordinates":[[[77.397932,28.549475],[77.398039,28.549772],[77.397408,28.549936],[77.397304,28.549655],[77.397932,28.549475]]]},"properties":{"objectid":62122,"plotmapid":"81C040IND","property_t":"Industrial","used":"PLOT","allotted_p":"Yes","plotsizesq":1950,"plot_size":"1950 SQMT","plot_no":"040","sector":"81","block":"C","mplanduse":"B","ppt_type":"IND","ppt_full":"Industrial","authority":"NOIDA","category":"industrial","execution_stage":"allotted"}},{"type":"Feature","geometry":{"type":"Polygon","coordinates":[[[77.392753,28.549389],[77.392552,28.549621],[77.392443,28.549553],[77.392645,28.549321],[77.392753,28.549389]]]},"properties":{"objectid":62123,"plotmapid":"81C080IND","property_t":"Industrial","used":"PLOT","plotsizesq":416,"plot_size":"416 SQMT","plot_no":"080","sector":"81","block":"C","mplanduse":"ISSUE","ppt_type":"IND","ppt_full":"Industrial","authority":"NOIDA","category":"industrial","execution_stage":"unknown"}},{"type":"Feature","geometry":{"type":"Polygon","coordinates":[[[77.391678,28.549273],[77.391477,28.549505],[77.391368,28.549436],[77.391569,28.549205],[77.391678,28.549273]]]},"properties":{"objectid":62124,"plotmapid":"81C103IND","property_t":"Industrial","used":"PLOT","plotsizesq":416,"plot_size":"416 SQMT","plot_no":"103","sector":"81","block":"C","mplanduse":"ISSUE","ppt_type":"IND","ppt_full":"Industrial","authority":"NOIDA","category":"industrial","execution_stage":"unknown"}},{"type":"Feature","geometry":{"type":"Polygon","coordinates":[[[77.396473,28.549849],[77.395818,28.550013],[77.395734,28.549756],[77.396385,28.549593],[77.396473,28.549849]]]},"properties":{"objectid":62125,"plotmapid":"81C038IND","property_t":"Industrial","used":"PLOT","plotsizesq":1950,"plot_size":"1950 SQMT","plot_no":"038","sector":"81","block":"C","mplanduse":"ISSUE","ppt_type":"IND","ppt_full":"Industrial","authority":"NOIDA","category":"industrial","execution_stage":"unknown"}},{"type":"Feature","geometry":{"type":"Polygon","coordinates":[[[77.391042,28.549232],[77.390841,28.549463],[77.390732,28.549395],[77.390933,28.549163],[77.391042,28.549232]]]},"properties":{"objectid":62126,"plotmapid":"81C110IND","property_t":"Industrial","used":"PLOT","plotsizesq":416,"plot_size":"416 SQMT","plot_no":"110","sector":"81","block":"C","mplanduse":"ISSUE","ppt_type":"IND","ppt_full":"Industrial","authority":"NOIDA","category":"industrial","execution_stage":"unknown"}},{"type":"Feature","geometry":{"type":"Polygon","coordinates":[[[77.392862,28.549458],[77.392661,28.549689],[77.392552,28.549621],[77.392753,28.549389],[77.392862,28.549458]]]},"properties":{"objectid":62127,"plotmapid":"81C081IND","property_t":"Industrial","used":"PLOT","plotsizesq":416,"plot_size":"416 SQMT","plot_no":"081","sector":"81","block":"C","mplanduse":"ISSUE","ppt_type":"IND","ppt_full":"Industrial","authority":"NOIDA","category":"industrial","execution_stage":"unknown"}},{"type":"Feature","geometry":{"type":"Polygon","coordinates":[[[77.391787,28.549341],[77.391586,28.549573],[77.391477,28.549505],[77.391678,28.549273],[77.391787,28.549341]]]},"properties":{"objectid":62128,"plotmapid":"81C102IND","property_t":"Industrial","used":"PLOT","plotsizesq":416,"plot_size":"416 SQMT","plot_no":"102","sector":"81","block":"C","mplanduse":"ISSUE","ppt_type":"IND","ppt_full":"Industrial","authority":"NOIDA","category":"industrial","execution_stage":"unknown"}},{"type":"Feature","geometry":{"type":"Polygon","coordinates":[[[77.391151,28.5493],[77.39095,28.549531],[77.390841,28.549463],[77.391042,28.549232],[77.391151,28.5493]]]},"properties":{"objectid":62129,"plotmapid":"81C111IND","property_t":"Industrial","used":"PLOT","plotsizesq":416,"plot_size":"416 SQMT","plot_no":"111","sector":"81","block":"C","mplanduse":"ISSUE","ppt_type":"IND","ppt_full":"Industrial","authority":"NOIDA","category":"industrial","execution_stage":"unknown"}},{"type":"Feature","geometry":{"type":"Polygon","coordinates":[[[77.392971,28.549526],[77.39277,28.549758],[77.392661,28.549689],[77.392862,28.549458],[77.392971,28.549526]]]},"properties":{"objectid":62130,"plotmapid":"81C082IND","property_t":"Industrial","used":"PLOT","plotsizesq":416,"plot_size":"416 SQMT","plot_no":"082","sector":"81","block":"C","mplanduse":"ISSUE","ppt_type":"IND","ppt_full":"Industrial","authority":"NOIDA","category":"industrial","execution_stage":"unknown"}},{"type":"Feature","geometry":{"type":"Polygon","coordinates":[[[77.391895,28.54941],[77.391694,28.549641],[77.391586,28.549573],[77.391787,28.549341],[77.391895,28.54941]]]},"properties":{"objectid":62131,"plotmapid":"81C101IND","property_t":"Industrial","used":"PLOT","plotsizesq":416,"plot_size":"416 SQMT","plot_no":"101","sector":"81","block":"C","mplanduse":"ISSUE","ppt_type":"IND","ppt_full":"Industrial","authority":"NOIDA","category":"industrial","execution_stage":"unknown"}},{"type":"Feature","geometry":{"type":"Polygon","coordinates":[[[77.39126,28.549368],[77.391058,28.5496],[77.39095,28.549531],[77.391151,28.5493],[77.39126,28.549368]]]},"properties":{"objectid":62132,"plotmapid":"81C112IND","property_t":"Industrial","used":"PLOT","plotsizesq":416,"plot_size":"416 SQMT","plot_no":"112","sector":"81","block":"C","mplanduse":"ISSUE","ppt_type":"IND","ppt_full":"Industrial","authority":"NOIDA","category":"industrial","execution_stage":"unknown"}},{"type":"Feature","geometry":{"type":"Polygon","coordinates":[[[77.393079,28.549594],[77.392878,28.549826],[77.39277,28.549758],[77.392971,28.549526],[77.393079,28.549594]]]},"properties":{"objectid":62133,"plotmapid":"81C083IND","property_t":"Industrial","used":"PLOT","plotsizesq":416,"plot_size":"416 SQMT","plot_no":"083","sector":"81","block":"C","mplanduse":"ISSUE","ppt_type":"IND","ppt_full":"Industrial","authority":"NOIDA","category":"industrial","execution_stage":"unknown"}},{"type":"Feature","geometry":{"type":"Polygon","coordinates":[[[77.392004,28.549478],[77.391803,28.54971],[77.391694,28.549641],[77.391895,28.54941],[77.392004,28.549478]]]},"properties":{"objectid":62134,"plotmapid":"81C100IND","property_t":"Industrial","used":"PLOT","plotsizesq":416,"plot_size":"416 SQMT","plot_no":"100","sector":"81","block":"C","mplanduse":"ISSUE","ppt_type":"IND","ppt_full":"Industrial","authority":"NOIDA","category":"industrial","execution_stage":"unknown"}},{"type":"Feature","geometry":{"type":"Polygon","coordinates":[[[77.391368,28.549436],[77.391167,28.549668],[77.391058,28.5496],[77.39126,28.549368],[77.391368,28.549436]]]},"properties":{"objectid":62135,"plotmapid":"81C113IND","property_t":"Industrial","used":"PLOT","plotsizesq":416,"plot_size":"416 SQMT","plot_no":"113","sector":"81","block":"C","mplanduse":"ISSUE","ppt_type":"IND","ppt_full":"Industrial","authority":"NOIDA","category":"industrial","execution_stage":"unknown"}},{"type":"Feature","geometry":{"type":"Polygon","coordinates":[[[77.392113,28.549546],[77.391912,28.549778],[77.391803,28.54971],[77.392004,28.549478],[77.392113,28.549546]]]},"properties":{"objectid":62136,"plotmapid":"81C099IND","property_t":"Industrial","used":"PLOT","plotsizesq":416,"plot_size":"416 SQMT","plot_no":"099","sector":"81","block":"C","mplanduse":"ISSUE","ppt_type":"IND","ppt_full":"Industrial","authority":"NOIDA","category":"industrial","execution_stage":"unknown"}},{"type":"Feature","geometry":{"type":"Polygon","coordinates":[[[77.393206,28.549674],[77.393,28.549903],[77.392878,28.549826],[77.393079,28.549594],[77.393206,28.549674]]]},"properties":{"objectid":62137,"plotmapid":"81C084IND","property_t":"Industrial","used":"PLOT","plotsizesq":416,"plot_size":"416 SQMT","plot_no":"084","sector":"81","block":"C","mplanduse":"ISSUE","ppt_type":"IND","ppt_full":"Industrial","authority":"NOIDA","category":"industrial","execution_stage":"unknown"}},{"type":"Feature","geometry":{"type":"Polygon","coordinates":[[[77.391477,28.549505],[77.391276,28.549736],[77.391167,28.549668],[77.391368,28.549436],[77.391477,28.549505]]]},"properties":{"objectid":62138,"plotmapid":"81C114IND","property_t":"Industrial","used":"PLOT","plotsizesq":416,"plot_size":"416 SQMT","plot_no":"114","sector":"81","block":"C","mplanduse":"ISSUE","ppt_type":"IND","ppt_full":"Industrial","authority":"NOIDA","category":"industrial","execution_stage":"unknown"}},{"type":"Feature","geometry":{"type":"Polygon","coordinates":[[[77.392222,28.549615],[77.39202,28.549846],[77.391912,28.549778],[77.392113,28.549546],[77.392222,28.549615]]]},"properties":{"objectid":62139,"plotmapid":"81C098IND","property_t":"Industrial","used":"PLOT","plotsizesq":416,"plot_size":"416 SQMT","plot_no":"098","sector":"81","block":"C","mplanduse":"ISSUE","ppt_type":"IND","ppt_full":"Industrial","authority":"NOIDA","category":"industrial","execution_stage":"unknown"}},{"type":"Feature","geometry":{"type":"Polygon","coordinates":[[[77.396585,28.55016],[77.395924,28.550342],[77.395818,28.550013],[77.396473,28.549849],[77.396585,28.55016]]]},"properties":{"objectid":62141,"plotmapid":"81C039IND","property_t":"Industrial","used":"PLOT","plotsizesq":1950,"plot_size":"1950 SQMT","plot_no":"039","sector":"81","block":"C","mplanduse":"ISSUE","ppt_type":"IND","ppt_full":"Industrial","authority":"NOIDA","category":"industrial","execution_stage":"unknown"}},{"type":"Feature","geometry":{"type":"Polygon","coordinates":[[[77.391586,28.549573],[77.391384,28.549805],[77.391276,28.549736],[77.391477,28.549505],[77.391586,28.549573]]]},"properties":{"objectid":62142,"plotmapid":"81C115IND","property_t":"Industrial","used":"PLOT","plotsizesq":416,"plot_size":"416 SQMT","plot_no":"115","sector":"81","block":"C","mplanduse":"ISSUE","ppt_type":"IND","ppt_full":"Industrial","authority":"NOIDA","category":"industrial","execution_stage":"unknown"}},{"type":"Feature","geometry":{"type":"Polygon","coordinates":[[[77.39233,28.549683],[77.392129,28.549914],[77.39202,28.549846],[77.392222,28.549615],[77.39233,28.549683]]]},"properties":{"objectid":62143,"plotmapid":"81C097IND","property_t":"Industrial","used":"PLOT","plotsizesq":416,"plot_size":"416 SQMT","plot_no":"097","sector":"81","block":"C","mplanduse":"ISSUE","ppt_type":"IND","ppt_full":"Industrial","authority":"NOIDA","category":"industrial","execution_stage":"unknown"}},{"type":"Feature","geometry":{"type":"Polygon","coordinates":[[[77.391694,28.549641],[77.391493,28.549873],[77.391384,28.549805],[77.391586,28.549573],[77.391694,28.549641]]]},"properties":{"objectid":62144,"plotmapid":"81C116IND","property_t":"Industrial","used":"PLOT","plotsizesq":416,"plot_size":"416 SQMT","plot_no":"116","sector":"81","block":"C","mplanduse":"ISSUE","ppt_type":"IND","ppt_full":"Industrial","authority":"NOIDA","category":"industrial","execution_stage":"unknown"}},{"type":"Feature","geometry":{"type":"Polygon","coordinates":[[[77.390657,28.549546],[77.390456,28.549777],[77.390322,28.549694],[77.390523,28.549462],[77.390657,28.549546]]]},"properties":{"objectid":62145,"plotmapid":"81C153IND","property_t":"Industrial","used":"PLOT","plotsizesq":416,"plot_size":"416 SQMT","plot_no":"153","sector":"81","block":"C","mplanduse":"ISSUE","ppt_type":"IND","ppt_full":"Industrial","authority":"NOIDA","category":"industrial","execution_stage":"unknown"}},{"type":"Feature","geometry":{"type":"Polygon","coordinates":[[[77.392439,28.549751],[77.392238,28.549983],[77.392129,28.549914],[77.39233,28.549683],[77.392439,28.549751]]]},"properties":{"objectid":62146,"plotmapid":"81C096IND","property_t":"Industrial","used":"PLOT","plotsizesq":416,"plot_size":"416 SQMT","plot_no":"096","sector":"81","block":"C","mplanduse":"ISSUE","ppt_type":"IND","ppt_full":"Industrial","authority":"NOIDA","category":"industrial","execution_stage":"unknown"}},{"type":"Feature","geometry":{"type":"Polygon","coordinates":[[[77.391803,28.54971],[77.391602,28.549941],[77.391493,28.549873],[77.391694,28.549641],[77.391803,28.54971]]]},"properties":{"objectid":62147,"plotmapid":"81C117IND","property_t":"Industrial","used":"PLOT","plotsizesq":416,"plot_size":"416 SQMT","plot_no":"117","sector":"81","block":"C","mplanduse":"ISSUE","ppt_type":"IND","ppt_full":"Industrial","authority":"NOIDA","category":"industrial","execution_stage":"unknown"}},{"type":"Feature","geometry":{"type":"Polygon","coordinates":[[[77.390766,28.549614],[77.390565,28.549846],[77.390456,28.549777],[77.390657,28.549546],[77.390766,28.549614]]]},"properties":{"objectid":62148,"plotmapid":"81C152IND","property_t":"Industrial","used":"PLOT","plotsizesq":416,"plot_size":"416 SQMT","plot_no":"152","sector":"81","block":"C","mplanduse":"ISSUE","ppt_type":"IND","ppt_full":"Industrial","authority":"NOIDA","category":"industrial","execution_stage":"unknown"}},{"type":"Feature","geometry":{"type":"Polygon","coordinates":[[[77.392548,28.549819],[77.392346,28.550051],[77.392238,28.549983],[77.392439,28.549751],[77.392548,28.549819]]]},"properties":{"objectid":62149,"plotmapid":"81C095IND","property_t":"Industrial","used":"PLOT","plotsizesq":416,"plot_size":"416 SQMT","plot_no":"095","sector":"81","block":"C","mplanduse":"ISSUE","ppt_type":"IND","ppt_full":"Industrial","authority":"NOIDA","category":"industrial","execution_stage":"unknown"}},{"type":"Feature","geometry":{"type":"Polygon","coordinates":[[[77.391912,28.549778],[77.39171,28.550009],[77.391602,28.549941],[77.391803,28.54971],[77.391912,28.549778]]]},"properties":{"objectid":62150,"plotmapid":"81C118IND","property_t":"Industrial","used":"PLOT","plotsizesq":416,"plot_size":"416 SQMT","plot_no":"118","sector":"81","block":"C","mplanduse":"ISSUE","ppt_type":"IND","ppt_full":"Industrial","authority":"NOIDA","category":"industrial","execution_stage":"unknown"}},{"type":"Feature","geometry":{"type":"Polygon","coordinates":[[[77.390874,28.549683],[77.390673,28.549914],[77.390565,28.549846],[77.390766,28.549614],[77.390874,28.549683]]]},"properties":{"objectid":62151,"plotmapid":"81C151IND","property_t":"Industrial","used":"PLOT","plotsizesq":416,"plot_size":"416 SQMT","plot_no":"151","sector":"81","block":"C","mplanduse":"ISSUE","ppt_type":"IND","ppt_full":"Industrial","authority":"NOIDA","category":"industrial","execution_stage":"unknown"}},{"type":"Feature","geometry":{"type":"Polygon","coordinates":[[[77.392656,28.549888],[77.392455,28.550119],[77.392346,28.550051],[77.392548,28.549819],[77.392656,28.549888]]]},"properties":{"objectid":62152,"plotmapid":"81C094IND","property_t":"Industrial","used":"PLOT","plotsizesq":416,"plot_size":"416 SQMT","plot_no":"094","sector":"81","block":"C","mplanduse":"ISSUE","ppt_type":"IND","ppt_full":"Industrial","authority":"NOIDA","category":"industrial","execution_stage":"unknown"}},{"type":"Feature","geometry":{"type":"Polygon","coordinates":[[[77.39202,28.549846],[77.391819,28.550078],[77.39171,28.550009],[77.391912,28.549778],[77.39202,28.549846]]]},"properties":{"objectid":62153,"plotmapid":"81C119IND","property_t":"Industrial","used":"PLOT","plotsizesq":416,"plot_size":"416 SQMT","plot_no":"119","sector":"81","block":"C","mplanduse":"ISSUE","ppt_type":"IND","ppt_full":"Industrial","authority":"NOIDA","category":"industrial","execution_stage":"unknown"}},{"type":"Feature","geometry":{"type":"Polygon","coordinates":[[[77.390983,28.549751],[77.390782,28.549982],[77.390673,28.549914],[77.390874,28.549683],[77.390983,28.549751]]]},"properties":{"objectid":62154,"plotmapid":"81C150IND","property_t":"Industrial","used":"PLOT","plotsizesq":416,"plot_size":"416 SQMT","plot_no":"150","sector":"81","block":"C","mplanduse":"ISSUE","ppt_type":"IND","ppt_full":"Industrial","authority":"NOIDA","category":"industrial","execution_stage":"unknown"}},{"type":"Feature","geometry":{"type":"Polygon","coordinates":[[[77.392765,28.549956],[77.392564,28.550188],[77.392455,28.550119],[77.392656,28.549888],[77.392765,28.549956]]]},"properties":{"objectid":62155,"plotmapid":"81C093IND","property_t":"Industrial","used":"PLOT","plotsizesq":416,"plot_size":"416 SQMT","plot_no":"093","sector":"81","block":"C","mplanduse":"ISSUE","ppt_type":"IND","ppt_full":"Industrial","authority":"NOIDA","category":"industrial","execution_stage":"unknown"}},{"type":"Feature","geometry":{"type":"Polygon","coordinates":[[[77.392129,28.549914],[77.391928,28.550146],[77.391819,28.550078],[77.39202,28.549846],[77.392129,28.549914]]]},"properties":{"objectid":62156,"plotmapid":"81C120IND","property_t":"Industrial","used":"PLOT","plotsizesq":416,"plot_size":"416 SQMT","plot_no":"120","sector":"81","block":"C","mplanduse":"ISSUE","ppt_type":"IND","ppt_full":"Industrial","authority":"NOIDA","category":"industrial","execution_stage":"unknown"}},{"type":"Feature","geometry":{"type":"Polygon","coordinates":[[[77.391092,28.549819],[77.390891,28.550051],[77.390782,28.549982],[77.390983,28.549751],[77.391092,28.549819]]]},"properties":{"objectid":62157,"plotmapid":"81C149IND","property_t":"Industrial","used":"PLOT","plotsizesq":416,"plot_size":"416 SQMT","plot_no":"149","sector":"81","block":"C","mplanduse":"ISSUE","ppt_type":"IND","ppt_full":"Industrial","authority":"NOIDA","category":"industrial","execution_stage":"unknown"}},{"type":"Feature","geometry":{"type":"Polygon","coordinates":[[[77.392874,28.550024],[77.392673,28.550256],[77.392564,28.550188],[77.392765,28.549956],[77.392874,28.550024]]]},"properties":{"objectid":62158,"plotmapid":"81C092IND","property_t":"Industrial","used":"PLOT","plotsizesq":416,"plot_size":"416 SQMT","plot_no":"092","sector":"81","block":"C","mplanduse":"ISSUE","ppt_type":"IND","ppt_full":"Industrial","authority":"NOIDA","category":"industrial","execution_stage":"unknown"}},{"type":"Feature","geometry":{"type":"Polygon","coordinates":[[[77.390456,28.549777],[77.390255,28.550009],[77.390121,28.549925],[77.390322,28.549694],[77.390456,28.549777]]]},"properties":{"objectid":62159,"plotmapid":"81C154IND","property_t":"Industrial","used":"PLOT","plotsizesq":416,"plot_size":"416 SQMT","plot_no":"154","sector":"81","block":"C","mplanduse":"ISSUE","ppt_type":"IND","ppt_full":"Industrial","authority":"NOIDA","category":"industrial","execution_stage":"unknown"}},{"type":"Feature","geometry":{"type":"Polygon","coordinates":[[[77.392238,28.549983],[77.392037,28.550214],[77.391928,28.550146],[77.392129,28.549914],[77.392238,28.549983]]]},"properties":{"objectid":62160,"plotmapid":"81C121IND","property_t":"Industrial","used":"PLOT","plotsizesq":416,"plot_size":"416 SQMT","plot_no":"121","sector":"81","block":"C","mplanduse":"ISSUE","ppt_type":"IND","ppt_full":"Industrial","authority":"NOIDA","category":"industrial","execution_stage":"unknown"}},{"type":"Feature","geometry":{"type":"Polygon","coordinates":[[[77.391201,28.549887],[77.390999,28.550119],[77.390891,28.550051],[77.391092,28.549819],[77.391201,28.549887]]]},"properties":{"objectid":62161,"plotmapid":"81C148IND","property_t":"Industrial","used":"PLOT","plotsizesq":416,"plot_size":"416 SQMT","plot_no":"148","sector":"81","block":"C","mplanduse":"ISSUE","ppt_type":"IND","ppt_full":"Industrial","authority":"NOIDA","category":"industrial","execution_stage":"unknown"}},{"type":"Feature","geometry":{"type":"Polygon","coordinates":[[[77.392982,28.550093],[77.392781,28.550324],[77.392673,28.550256],[77.392874,28.550024],[77.392982,28.550093]]]},"properties":{"objectid":62162,"plotmapid":"81C091IND","property_t":"Industrial","used":"PLOT","plotsizesq":416,"plot_size":"416 SQMT","plot_no":"091","sector":"81","block":"C","mplanduse":"ISSUE","ppt_type":"IND","ppt_full":"Industrial","authority":"NOIDA","category":"industrial","execution_stage":"unknown"}},{"type":"Feature","geometry":{"type":"Polygon","coordinates":[[[77.390565,28.549846],[77.390363,28.550077],[77.390255,28.550009],[77.390456,28.549777],[77.390565,28.549846]]]},"properties":{"objectid":62163,"plotmapid":"81C155IND","property_t":"Industrial","used":"PLOT","plotsizesq":416,"plot_size":"416 SQMT","plot_no":"155","sector":"81","block":"C","mplanduse":"ISSUE","ppt_type":"IND","ppt_full":"Industrial","authority":"NOIDA","category":"industrial","execution_stage":"unknown"}},{"type":"Feature","geometry":{"type":"Polygon","coordinates":[[[77.392346,28.550051],[77.392145,28.550283],[77.392037,28.550214],[77.392238,28.549983],[77.392346,28.550051]]]},"properties":{"objectid":62164,"plotmapid":"81C122IND","property_t":"Industrial","used":"PLOT","plotsizesq":416,"plot_size":"416 SQMT","plot_no":"122","sector":"81","block":"C","mplanduse":"ISSUE","ppt_type":"IND","ppt_full":"Industrial","authority":"NOIDA","category":"industrial","execution_stage":"unknown"}},{"type":"Feature","geometry":{"type":"Polygon","coordinates":[[[77.391309,28.549956],[77.391108,28.550187],[77.390999,28.550119],[77.391201,28.549887],[77.391309,28.549956]]]},"properties":{"objectid":62165,"plotmapid":"81C147IND","property_t":"Industrial","used":"PLOT","plotsizesq":416,"plot_size":"416 SQMT","plot_no":"147","sector":"81","block":"C","mplanduse":"ISSUE","ppt_type":"IND","ppt_full":"Industrial","authority":"NOIDA","category":"industrial","execution_stage":"unknown"}},{"type":"Feature","geometry":{"type":"Polygon","coordinates":[[[77.393091,28.550161],[77.39289,28.550392],[77.392781,28.550324],[77.392982,28.550093],[77.393091,28.550161]]]},"properties":{"objectid":62166,"plotmapid":"81C090IND","property_t":"Industrial","used":"PLOT","plotsizesq":416,"plot_size":"416 SQMT","plot_no":"090","sector":"81","block":"C","mplanduse":"ISSUE","ppt_type":"IND","ppt_full":"Industrial","authority":"NOIDA","category":"industrial","execution_stage":"unknown"}},{"type":"Feature","geometry":{"type":"Polygon","coordinates":[[[77.390673,28.549914],[77.390472,28.550146],[77.390363,28.550077],[77.390565,28.549846],[77.390673,28.549914]]]},"properties":{"objectid":62167,"plotmapid":"81C156IND","property_t":"Industrial","used":"PLOT","plotsizesq":416,"plot_size":"416 SQMT","plot_no":"156","sector":"81","block":"C","mplanduse":"ISSUE","ppt_type":"IND","ppt_full":"Industrial","authority":"NOIDA","category":"industrial","execution_stage":"unknown"}},{"type":"Feature","geometry":{"type":"Polygon","coordinates":[[[77.392455,28.550119],[77.392254,28.550351],[77.392145,28.550283],[77.392346,28.550051],[77.392455,28.550119]]]},"properties":{"objectid":62168,"plotmapid":"81C123IND","property_t":"Industrial","used":"PLOT","plotsizesq":416,"plot_size":"416 SQMT","plot_no":"123","sector":"81","block":"C","mplanduse":"ISSUE","ppt_type":"IND","ppt_full":"Industrial","authority":"NOIDA","category":"industrial","execution_stage":"unknown"}},{"type":"Feature","geometry":{"type":"Polygon","coordinates":[[[77.391418,28.550024],[77.391217,28.550256],[77.391108,28.550187],[77.391309,28.549956],[77.391418,28.550024]]]},"properties":{"objectid":62169,"plotmapid":"81C146IND","property_t":"Industrial","used":"PLOT","plotsizesq":416,"plot_size":"416 SQMT","plot_no":"146","sector":"81","block":"C","mplanduse":"ISSUE","ppt_type":"IND","ppt_full":"Industrial","authority":"NOIDA","category":"industrial","execution_stage":"unknown"}},{"type":"Feature","geometry":{"type":"Polygon","coordinates":[[[77.3932,28.550229],[77.392999,28.550461],[77.39289,28.550392],[77.393091,28.550161],[77.3932,28.550229]]]},"properties":{"objectid":62170,"plotmapid":"81C089IND","property_t":"Industrial","used":"PLOT","plotsizesq":416,"plot_size":"416 SQMT","plot_no":"089","sector":"81","block":"C","mplanduse":"ISSUE","ppt_type":"IND","ppt_full":"Industrial","authority":"NOIDA","category":"industrial","execution_stage":"unknown"}},{"type":"Feature","geometry":{"type":"Polygon","coordinates":[[[77.390782,28.549982],[77.390581,28.550214],[77.390472,28.550146],[77.390673,28.549914],[77.390782,28.549982]]]},"properties":{"objectid":62171,"plotmapid":"81C157IND","property_t":"Industrial","used":"PLOT","plotsizesq":416,"plot_size":"416 SQMT","plot_no":"157","sector":"81","block":"C","mplanduse":"ISSUE","ppt_type":"IND","ppt_full":"Industrial","authority":"NOIDA","category":"industrial","execution_stage":"unknown"}},{"type":"Feature","geometry":{"type":"Polygon","coordinates":[[[77.392564,28.550188],[77.392363,28.550419],[77.392254,28.550351],[77.392455,28.550119],[77.392564,28.550188]]]},"properties":{"objectid":62172,"plotmapid":"81C124IND","property_t":"Industrial","used":"PLOT","plotsizesq":416,"plot_size":"416 SQMT","plot_no":"124","sector":"81","block":"C","mplanduse":"ISSUE","ppt_type":"IND","ppt_full":"Industrial","authority":"NOIDA","category":"industrial","execution_stage":"unknown"}},{"type":"Feature","geometry":{"type":"Polygon","coordinates":[[[77.391527,28.550092],[77.391325,28.550324],[77.391217,28.550256],[77.391418,28.550024],[77.391527,28.550092]]]},"properties":{"objectid":62173,"plotmapid":"81C145IND","property_t":"Industrial","used":"PLOT","plotsizesq":416,"plot_size":"416 SQMT","plot_no":"145","sector":"81","block":"C","mplanduse":"ISSUE","ppt_type":"IND","ppt_full":"Industrial","authority":"NOIDA","category":"industrial","execution_stage":"unknown"}},{"type":"Feature","geometry":{"type":"Polygon","coordinates":[[[77.393309,28.550298],[77.393107,28.550529],[77.392999,28.550461],[77.3932,28.550229],[77.393309,28.550298]]]},"properties":{"objectid":62174,"plotmapid":"81C088IND","property_t":"Industrial","used":"PLOT","plotsizesq":416,"plot_size":"416 SQMT","plot_no":"088","sector":"81","block":"C","mplanduse":"ISSUE","ppt_type":"IND","ppt_full":"Industrial","authority":"NOIDA","category":"industrial","execution_stage":"unknown"}},{"type":"Feature","geometry":{"type":"Polygon","coordinates":[[[77.390891,28.550051],[77.390689,28.550282],[77.390581,28.550214],[77.390782,28.549982],[77.390891,28.550051]]]},"properties":{"objectid":62175,"plotmapid":"81C158IND","property_t":"Industrial","used":"PLOT","plotsizesq":416,"plot_size":"416 SQMT","plot_no":"158","sector":"81","block":"C","mplanduse":"ISSUE","ppt_type":"IND","ppt_full":"Industrial","authority":"NOIDA","category":"industrial","execution_stage":"unknown"}},{"type":"Feature","geometry":{"type":"Polygon","coordinates":[[[77.392673,28.550256],[77.392471,28.550487],[77.392363,28.550419],[77.392564,28.550188],[77.392673,28.550256]]]},"properties":{"objectid":62176,"plotmapid":"81C125IND","property_t":"Industrial","used":"PLOT","plotsizesq":416,"plot_size":"416 SQMT","plot_no":"125","sector":"81","block":"C","mplanduse":"ISSUE","ppt_type":"IND","ppt_full":"Industrial","authority":"NOIDA","category":"industrial","execution_stage":"unknown"}},{"type":"Feature","geometry":{"type":"Polygon","coordinates":[[[77.391635,28.550161],[77.391434,28.550392],[77.391325,28.550324],[77.391527,28.550092],[77.391635,28.550161]]]},"properties":{"objectid":62177,"plotmapid":"81C144IND","property_t":"Industrial","used":"PLOT","plotsizesq":416,"plot_size":"416 SQMT","plot_no":"144","sector":"81","block":"C","mplanduse":"ISSUE","ppt_type":"IND","ppt_full":"Industrial","authority":"NOIDA","category":"industrial","execution_stage":"unknown"}},{"type":"Feature","geometry":{"type":"Polygon","coordinates":[[[77.393417,28.550366],[77.393216,28.550597],[77.393107,28.550529],[77.393309,28.550298],[77.393417,28.550366]]]},"properties":{"objectid":62179,"plotmapid":"81C087IND","property_t":"Industrial","used":"PLOT","plotsizesq":416,"plot_size":"416 SQMT","plot_no":"087","sector":"81","block":"C","mplanduse":"ISSUE","ppt_type":"IND","ppt_full":"Industrial","authority":"NOIDA","category":"industrial","execution_stage":"unknown"}},{"type":"Feature","geometry":{"type":"Polygon","coordinates":[[[77.390999,28.550119],[77.390798,28.55035],[77.390689,28.550282],[77.390891,28.550051],[77.390999,28.550119]]]},"properties":{"objectid":62180,"plotmapid":"81C159IND","property_t":"Industrial","used":"PLOT","plotsizesq":416,"plot_size":"416 SQMT","plot_no":"159","sector":"81","block":"C","mplanduse":"ISSUE","ppt_type":"IND","ppt_full":"Industrial","authority":"NOIDA","category":"industrial","execution_stage":"unknown"}},{"type":"Feature","geometry":{"type":"Polygon","coordinates":[[[77.392781,28.550324],[77.39258,28.550556],[77.392471,28.550487],[77.392673,28.550256],[77.392781,28.550324]]]},"properties":{"objectid":62181,"plotmapid":"81C126IND","property_t":"Industrial","used":"PLOT","plotsizesq":416,"plot_size":"416 SQMT","plot_no":"126","sector":"81","block":"C","mplanduse":"ISSUE","ppt_type":"IND","ppt_full":"Industrial","authority":"NOIDA","category":"industrial","execution_stage":"unknown"}},{"type":"Feature","geometry":{"type":"Polygon","coordinates":[[[77.391744,28.550229],[77.391543,28.55046],[77.391434,28.550392],[77.391635,28.550161],[77.391744,28.550229]]]},"properties":{"objectid":62182,"plotmapid":"81C143IND","property_t":"Industrial","used":"PLOT","plotsizesq":416,"plot_size":"416 SQMT","plot_no":"143","sector":"81","block":"C","mplanduse":"ISSUE","ppt_type":"IND","ppt_full":"Industrial","authority":"NOIDA","category":"industrial","execution_stage":"unknown"}},{"type":"Feature","geometry":{"type":"Polygon","coordinates":[[[77.393526,28.550434],[77.393325,28.550666],[77.393216,28.550597],[77.393417,28.550366],[77.393526,28.550434]]]},"properties":{"objectid":62183,"plotmapid":"81C086IND","property_t":"Industrial","used":"PLOT","plotsizesq":416,"plot_size":"416 SQMT","plot_no":"086","sector":"81","block":"C","mplanduse":"ISSUE","ppt_type":"IND","ppt_full":"Industrial","authority":"NOIDA","category":"industrial","execution_stage":"unknown"}},{"type":"Feature","geometry":{"type":"Polygon","coordinates":[[[77.391108,28.550187],[77.390907,28.550419],[77.390798,28.55035],[77.390999,28.550119],[77.391108,28.550187]]]},"properties":{"objectid":62184,"plotmapid":"81C160IND","property_t":"Industrial","used":"PLOT","plotsizesq":416,"plot_size":"416 SQMT","plot_no":"160","sector":"81","block":"C","mplanduse":"ISSUE","ppt_type":"IND","ppt_full":"Industrial","authority":"NOIDA","category":"industrial","execution_stage":"unknown"}},{"type":"Feature","geometry":{"type":"Polygon","coordinates":[[[77.39289,28.550392],[77.392689,28.550624],[77.39258,28.550556],[77.392781,28.550324],[77.39289,28.550392]]]},"properties":{"objectid":62185,"plotmapid":"81C127IND","property_t":"Industrial","used":"PLOT","plotsizesq":416,"plot_size":"416 SQMT","plot_no":"127","sector":"81","block":"C","mplanduse":"ISSUE","ppt_type":"IND","ppt_full":"Industrial","authority":"NOIDA","category":"industrial","execution_stage":"unknown"}},{"type":"Feature","geometry":{"type":"Polygon","coordinates":[[[77.391853,28.550297],[77.391652,28.550529],[77.391543,28.55046],[77.391744,28.550229],[77.391853,28.550297]]]},"properties":{"objectid":62186,"plotmapid":"81C142IND","property_t":"Industrial","used":"PLOT","plotsizesq":416,"plot_size":"416 SQMT","plot_no":"142","sector":"81","block":"C","mplanduse":"ISSUE","ppt_type":"IND","ppt_full":"Industrial","authority":"NOIDA","category":"industrial","execution_stage":"unknown"}},{"type":"Feature","geometry":{"type":"Polygon","coordinates":[[[77.391217,28.550256],[77.391016,28.550487],[77.390907,28.550419],[77.391108,28.550187],[77.391217,28.550256]]]},"properties":{"objectid":62187,"plotmapid":"81C161IND","property_t":"Industrial","used":"PLOT","plotsizesq":416,"plot_size":"416 SQMT","plot_no":"161","sector":"81","block":"C","mplanduse":"ISSUE","ppt_type":"IND","ppt_full":"Industrial","authority":"NOIDA","category":"industrial","execution_stage":"unknown"}},{"type":"Feature","geometry":{"type":"Polygon","coordinates":[[[77.390132,28.550133],[77.389931,28.550365],[77.389807,28.550287],[77.390008,28.550055],[77.390132,28.550133]]]},"properties":{"objectid":62188,"plotmapid":"81C197IND","property_t":"Industrial","used":"PLOT","plotsizesq":416,"plot_size":"416 SQMT","plot_no":"197","sector":"81","block":"C","mplanduse":"ISSUE","ppt_type":"IND","ppt_full":"Industrial","authority":"NOIDA","category":"industrial","execution_stage":"unknown"}},{"type":"Feature","geometry":{"type":"Polygon","coordinates":[[[77.392999,28.550461],[77.392797,28.550692],[77.392689,28.550624],[77.39289,28.550392],[77.392999,28.550461]]]},"properties":{"objectid":62189,"plotmapid":"81C128IND","property_t":"Industrial","used":"PLOT","plotsizesq":416,"plot_size":"416 SQMT","plot_no":"128","sector":"81","block":"C","mplanduse":"ISSUE","ppt_type":"IND","ppt_full":"Industrial","authority":"NOIDA","category":"industrial","execution_stage":"unknown"}},{"type":"Feature","geometry":{"type":"Polygon","coordinates":[[[77.391961,28.550365],[77.39176,28.550597],[77.391652,28.550529],[77.391853,28.550297],[77.391961,28.550365]]]},"properties":{"objectid":62190,"plotmapid":"81C141IND","property_t":"Industrial","used":"PLOT","plotsizesq":416,"plot_size":"416 SQMT","plot_no":"141","sector":"81","block":"C","mplanduse":"ISSUE","ppt_type":"IND","ppt_full":"Industrial","authority":"NOIDA","category":"industrial","execution_stage":"unknown"}},{"type":"Feature","geometry":{"type":"Polygon","coordinates":[[[77.391325,28.550324],[77.391124,28.550555],[77.391016,28.550487],[77.391217,28.550256],[77.391325,28.550324]]]},"properties":{"objectid":62191,"plotmapid":"81C162IND","property_t":"Industrial","used":"PLOT","plotsizesq":416,"plot_size":"416 SQMT","plot_no":"162","sector":"81","block":"C","mplanduse":"ISSUE","ppt_type":"IND","ppt_full":"Industrial","authority":"NOIDA","category":"industrial","execution_stage":"unknown"}},{"type":"Feature","geometry":{"type":"Polygon","coordinates":[[[77.390241,28.550202],[77.39004,28.550433],[77.389931,28.550365],[77.390132,28.550133],[77.390241,28.550202]]]},"properties":{"objectid":62192,"plotmapid":"81C196IND","property_t":"Industrial","used":"PLOT","plotsizesq":416,"plot_size":"416 SQMT","plot_no":"196","sector":"81","block":"C","mplanduse":"ISSUE","ppt_type":"IND","ppt_full":"Industrial","authority":"NOIDA","category":"industrial","execution_stage":"unknown"}},{"type":"Feature","geometry":{"type":"Polygon","coordinates":[[[77.393107,28.550529],[77.392906,28.550761],[77.392797,28.550692],[77.392999,28.550461],[77.393107,28.550529]]]},"properties":{"objectid":62193,"plotmapid":"81C129IND","property_t":"Industrial","used":"PLOT","plotsizesq":416,"plot_size":"416 SQMT","plot_no":"129","sector":"81","block":"C","mplanduse":"ISSUE","ppt_type":"IND","ppt_full":"Industrial","authority":"NOIDA","category":"industrial","execution_stage":"unknown"}},{"type":"Feature","geometry":{"type":"Polygon","coordinates":[[[77.39207,28.550434],[77.391869,28.550665],[77.39176,28.550597],[77.391961,28.550365],[77.39207,28.550434]]]},"properties":{"objectid":62194,"plotmapid":"81C140IND","property_t":"Industrial","used":"PLOT","plotsizesq":416,"plot_size":"416 SQMT","plot_no":"140","sector":"81","block":"C","mplanduse":"ISSUE","ppt_type":"IND","ppt_full":"Industrial","authority":"NOIDA","category":"industrial","execution_stage":"unknown"}},{"type":"Feature","geometry":{"type":"Polygon","coordinates":[[[77.391434,28.550392],[77.391233,28.550624],[77.391124,28.550555],[77.391325,28.550324],[77.391434,28.550392]]]},"properties":{"objectid":62195,"plotmapid":"81C163IND","property_t":"Industrial","used":"PLOT","plotsizesq":416,"plot_size":"416 SQMT","plot_no":"163","sector":"81","block":"C","mplanduse":"ISSUE","ppt_type":"IND","ppt_full":"Industrial","authority":"NOIDA","category":"industrial","execution_stage":"unknown"}},{"type":"Feature","geometry":{"type":"Polygon","coordinates":[[[77.39035,28.55027],[77.390148,28.550501],[77.39004,28.550433],[77.390241,28.550202],[77.39035,28.55027]]]},"properties":{"objectid":62196,"plotmapid":"81C195IND","property_t":"Industrial","used":"PLOT","plotsizesq":416,"plot_size":"416 SQMT","plot_no":"195","sector":"81","block":"C","mplanduse":"ISSUE","ppt_type":"IND","ppt_full":"Industrial","authority":"NOIDA","category":"industrial","execution_stage":"unknown"}},{"type":"Feature","geometry":{"type":"Polygon","coordinates":[[[77.393216,28.550597],[77.393015,28.550829],[77.392906,28.550761],[77.393107,28.550529],[77.393216,28.550597]]]},"properties":{"objectid":62197,"plotmapid":"81C130IND","property_t":"Industrial","used":"PLOT","plotsizesq":416,"plot_size":"416 SQMT","plot_no":"130","sector":"81","block":"C","mplanduse":"ISSUE","ppt_type":"IND","ppt_full":"Industrial","authority":"NOIDA","category":"industrial","execution_stage":"unknown"}},{"type":"Feature","geometry":{"type":"Polygon","coordinates":[[[77.392179,28.550502],[77.391978,28.550734],[77.391869,28.550665],[77.39207,28.550434],[77.392179,28.550502]]]},"properties":{"objectid":62198,"plotmapid":"81C139IND","property_t":"Industrial","used":"PLOT","plotsizesq":416,"plot_size":"416 SQMT","plot_no":"139","sector":"81","block":"C","mplanduse":"ISSUE","ppt_type":"IND","ppt_full":"Industrial","authority":"NOIDA","category":"industrial","execution_stage":"unknown"}},{"type":"Feature","geometry":{"type":"Polygon","coordinates":[[[77.391543,28.55046],[77.391342,28.550692],[77.391233,28.550624],[77.391434,28.550392],[77.391543,28.55046]]]},"properties":{"objectid":62199,"plotmapid":"81C164IND","property_t":"Industrial","used":"PLOT","plotsizesq":416,"plot_size":"416 SQMT","plot_no":"164","sector":"81","block":"C","mplanduse":"ISSUE","ppt_type":"IND","ppt_full":"Industrial","authority":"NOIDA","category":"industrial","execution_stage":"unknown"}},{"type":"Feature","geometry":{"type":"Polygon","coordinates":[[[77.390458,28.550338],[77.390257,28.55057],[77.390148,28.550501],[77.39035,28.55027],[77.390458,28.550338]]]},"properties":{"objectid":62200,"plotmapid":"81C194IND","property_t":"Industrial","used":"PLOT","plotsizesq":416,"plot_size":"416 SQMT","plot_no":"194","sector":"81","block":"C","mplanduse":"ISSUE","ppt_type":"IND","ppt_full":"Industrial","authority":"NOIDA","category":"industrial","execution_stage":"unknown"}},{"type":"Feature","geometry":{"type":"Polygon","coordinates":[[[77.393325,28.550666],[77.393124,28.550897],[77.393015,28.550829],[77.393216,28.550597],[77.393325,28.550666]]]},"properties":{"objectid":62201,"plotmapid":"81C131IND","property_t":"Industrial","used":"PLOT","plotsizesq":416,"plot_size":"416 SQMT","plot_no":"131","sector":"81","block":"C","mplanduse":"ISSUE","ppt_type":"IND","ppt_full":"Industrial","authority":"NOIDA","category":"industrial","execution_stage":"unknown"}},{"type":"Feature","geometry":{"type":"Polygon","coordinates":[[[77.392288,28.55057],[77.392086,28.550802],[77.391978,28.550734],[77.392179,28.550502],[77.392288,28.55057]]]},"properties":{"objectid":62202,"plotmapid":"81C138IND","property_t":"Industrial","used":"PLOT","plotsizesq":416,"plot_size":"416 SQMT","plot_no":"138","sector":"81","block":"C","mplanduse":"ISSUE","ppt_type":"IND","ppt_full":"Industrial","authority":"NOIDA","category":"industrial","execution_stage":"unknown"}},{"type":"Feature","geometry":{"type":"Polygon","coordinates":[[[77.391652,28.550529],[77.39145,28.55076],[77.391342,28.550692],[77.391543,28.55046],[77.391652,28.550529]]]},"properties":{"objectid":62204,"plotmapid":"81C165IND","property_t":"Industrial","used":"PLOT","plotsizesq":416,"plot_size":"416 SQMT","plot_no":"165","sector":"81","block":"C","mplanduse":"ISSUE","ppt_type":"IND","ppt_full":"Industrial","authority":"NOIDA","category":"industrial","execution_stage":"unknown"}},{"type":"Feature","geometry":{"type":"Polygon","coordinates":[[[77.390567,28.550407],[77.390366,28.550638],[77.390257,28.55057],[77.390458,28.550338],[77.390567,28.550407]]]},"properties":{"objectid":62205,"plotmapid":"81C193IND","property_t":"Industrial","used":"PLOT","plotsizesq":416,"plot_size":"416 SQMT","plot_no":"193","sector":"81","block":"C","mplanduse":"ISSUE","ppt_type":"IND","ppt_full":"Industrial","authority":"NOIDA","category":"industrial","execution_stage":"unknown"}},{"type":"Feature","geometry":{"type":"Polygon","coordinates":[[[77.392396,28.550638],[77.39219,28.550867],[77.392086,28.550802],[77.392288,28.55057],[77.392396,28.550638]]]},"properties":{"objectid":62206,"plotmapid":"81C137IND","property_t":"Industrial","used":"PLOT","plotsizesq":416,"plot_size":"416 SQMT","plot_no":"137","sector":"81","block":"C","mplanduse":"ISSUE","ppt_type":"IND","ppt_full":"Industrial","authority":"NOIDA","category":"industrial","execution_stage":"unknown"}},{"type":"Feature","geometry":{"type":"Polygon","coordinates":[[[77.389931,28.550365],[77.38973,28.550596],[77.389606,28.550518],[77.389807,28.550287],[77.389931,28.550365]]]},"properties":{"objectid":62207,"plotmapid":"81C198IND","property_t":"Industrial","used":"PLOT","plotsizesq":416,"plot_size":"416 SQMT","plot_no":"198","sector":"81","block":"C","mplanduse":"ISSUE","ppt_type":"IND","ppt_full":"Industrial","authority":"NOIDA","category":"industrial","execution_stage":"unknown"}},{"type":"Feature","geometry":{"type":"Polygon","coordinates":[[[77.39176,28.550597],[77.391559,28.550829],[77.39145,28.55076],[77.391652,28.550529],[77.39176,28.550597]]]},"properties":{"objectid":62208,"plotmapid":"81C166IND","property_t":"Industrial","used":"PLOT","plotsizesq":416,"plot_size":"416 SQMT","plot_no":"166","sector":"81","block":"C","mplanduse":"ISSUE","ppt_type":"IND","ppt_full":"Industrial","authority":"NOIDA","category":"industrial","execution_stage":"unknown"}},{"type":"Feature","geometry":{"type":"Polygon","coordinates":[[[77.390676,28.550475],[77.390474,28.550706],[77.390366,28.550638],[77.390567,28.550407],[77.390676,28.550475]]]},"properties":{"objectid":62209,"plotmapid":"81C192IND","property_t":"Industrial","used":"PLOT","plotsizesq":416,"plot_size":"416 SQMT","plot_no":"192","sector":"81","block":"C","mplanduse":"ISSUE","ppt_type":"IND","ppt_full":"Industrial","authority":"NOIDA","category":"industrial","execution_stage":"unknown"}},{"type":"Feature","geometry":{"type":"Polygon","coordinates":[[[77.392505,28.550707],[77.392299,28.550935],[77.39219,28.550867],[77.392396,28.550638],[77.392505,28.550707]]]},"properties":{"objectid":62210,"plotmapid":"81C136IND","property_t":"Industrial","used":"PLOT","plotsizesq":416,"plot_size":"416 SQMT","plot_no":"136","sector":"81","block":"C","mplanduse":"ISSUE","ppt_type":"IND","ppt_full":"Industrial","authority":"NOIDA","category":"industrial","execution_stage":"unknown"}},{"type":"Feature","geometry":{"type":"Polygon","coordinates":[[[77.39004,28.550433],[77.389838,28.550665],[77.38973,28.550596],[77.389931,28.550365],[77.39004,28.550433]]]},"properties":{"objectid":62211,"plotmapid":"81C199IND","property_t":"Industrial","used":"PLOT","plotsizesq":416,"plot_size":"416 SQMT","plot_no":"199","sector":"81","block":"C","mplanduse":"ISSUE","ppt_type":"IND","ppt_full":"Industrial","authority":"NOIDA","category":"industrial","execution_stage":"unknown"}},{"type":"Feature","geometry":{"type":"Polygon","coordinates":[[[77.391869,28.550665],[77.391668,28.550897],[77.391559,28.550829],[77.39176,28.550597],[77.391869,28.550665]]]},"properties":{"objectid":62212,"plotmapid":"81C167IND","property_t":"Industrial","used":"PLOT","plotsizesq":416,"plot_size":"416 SQMT","plot_no":"167","sector":"81","block":"C","mplanduse":"ISSUE","ppt_type":"IND","ppt_full":"Industrial","authority":"NOIDA","category":"industrial","execution_stage":"unknown"}},{"type":"Feature","geometry":{"type":"Polygon","coordinates":[[[77.390784,28.550543],[77.390583,28.550775],[77.390474,28.550706],[77.390676,28.550475],[77.390784,28.550543]]]},"properties":{"objectid":62213,"plotmapid":"81C191IND","property_t":"Industrial","used":"PLOT","plotsizesq":416,"plot_size":"416 SQMT","plot_no":"191","sector":"81","block":"C","mplanduse":"ISSUE","ppt_type":"IND","ppt_full":"Industrial","authority":"NOIDA","category":"industrial","execution_stage":"unknown"}},{"type":"Feature","geometry":{"type":"Polygon","coordinates":[[[77.392613,28.550775],[77.392408,28.551004],[77.392299,28.550935],[77.392505,28.550707],[77.392613,28.550775]]]},"properties":{"objectid":62214,"plotmapid":"81C135IND","property_t":"Industrial","used":"PLOT","plotsizesq":416,"plot_size":"416 SQMT","plot_no":"135","sector":"81","block":"C","mplanduse":"ISSUE","ppt_type":"IND","ppt_full":"Industrial","authority":"NOIDA","category":"industrial","execution_stage":"unknown"}},{"type":"Feature","geometry":{"type":"Polygon","coordinates":[[[77.390148,28.550501],[77.389947,28.550733],[77.389838,28.550665],[77.39004,28.550433],[77.390148,28.550501]]]},"properties":{"objectid":62215,"plotmapid":"81C200IND","property_t":"Industrial","used":"PLOT","plotsizesq":416,"plot_size":"416 SQMT","plot_no":"200","sector":"81","block":"C","mplanduse":"ISSUE","ppt_type":"IND","ppt_full":"Industrial","authority":"NOIDA","category":"industrial","execution_stage":"unknown"}},{"type":"Feature","geometry":{"type":"Polygon","coordinates":[[[77.391978,28.550734],[77.391776,28.550965],[77.391668,28.550897],[77.391869,28.550665],[77.391978,28.550734]]]},"properties":{"objectid":62216,"plotmapid":"81C168IND","property_t":"Industrial","used":"PLOT","plotsizesq":416,"plot_size":"416 SQMT","plot_no":"168","sector":"81","block":"C","mplanduse":"ISSUE","ppt_type":"IND","ppt_full":"Industrial","authority":"NOIDA","category":"industrial","execution_stage":"unknown"}},{"type":"Feature","geometry":{"type":"Polygon","coordinates":[[[77.390893,28.550611],[77.390692,28.550843],[77.390583,28.550775],[77.390784,28.550543],[77.390893,28.550611]]]},"properties":{"objectid":62217,"plotmapid":"81C190IND","property_t":"Industrial","used":"PLOT","plotsizesq":416,"plot_size":"416 SQMT","plot_no":"190","sector":"81","block":"C","mplanduse":"ISSUE","ppt_type":"IND","ppt_full":"Industrial","authority":"NOIDA","category":"industrial","execution_stage":"unknown"}},{"type":"Feature","geometry":{"type":"Polygon","coordinates":[[[77.392722,28.550843],[77.392516,28.551072],[77.392408,28.551004],[77.392613,28.550775],[77.392722,28.550843]]]},"properties":{"objectid":62218,"plotmapid":"81C134IND","property_t":"Industrial","used":"PLOT","plotsizesq":416,"plot_size":"416 SQMT","plot_no":"134","sector":"81","block":"C","mplanduse":"ISSUE","ppt_type":"IND","ppt_full":"Industrial","authority":"NOIDA","category":"industrial","execution_stage":"unknown"}},{"type":"Feature","geometry":{"type":"Polygon","coordinates":[[[77.390257,28.55057],[77.390056,28.550801],[77.389947,28.550733],[77.390148,28.550501],[77.390257,28.55057]]]},"properties":{"objectid":62219,"plotmapid":"81C201IND","property_t":"Industrial","used":"PLOT","plotsizesq":416,"plot_size":"416 SQMT","plot_no":"201","sector":"81","block":"C","mplanduse":"ISSUE","ppt_type":"IND","ppt_full":"Industrial","authority":"NOIDA","category":"industrial","execution_stage":"unknown"}},{"type":"Feature","geometry":{"type":"Polygon","coordinates":[[[77.392086,28.550802],[77.391885,28.551033],[77.391776,28.550965],[77.391978,28.550734],[77.392086,28.550802]]]},"properties":{"objectid":62220,"plotmapid":"81C169IND","property_t":"Industrial","used":"PLOT","plotsizesq":416,"plot_size":"416 SQMT","plot_no":"169","sector":"81","block":"C","mplanduse":"ISSUE","ppt_type":"IND","ppt_full":"Industrial","authority":"NOIDA","category":"industrial","execution_stage":"unknown"}},{"type":"Feature","geometry":{"type":"Polygon","coordinates":[[[77.391002,28.55068],[77.390801,28.550911],[77.390692,28.550843],[77.390893,28.550611],[77.391002,28.55068]]]},"properties":{"objectid":62221,"plotmapid":"81C189IND","property_t":"Industrial","used":"PLOT","plotsizesq":416,"plot_size":"416 SQMT","plot_no":"189","sector":"81","block":"C","mplanduse":"ISSUE","ppt_type":"IND","ppt_full":"Industrial","authority":"NOIDA","category":"industrial","execution_stage":"unknown"}},{"type":"Feature","geometry":{"type":"Polygon","coordinates":[[[77.392831,28.550912],[77.392625,28.55114],[77.392516,28.551072],[77.392722,28.550843],[77.392831,28.550912]]]},"properties":{"objectid":62222,"plotmapid":"81C133IND","property_t":"Industrial","used":"PLOT","plotsizesq":416,"plot_size":"416 SQMT","plot_no":"133","sector":"81","block":"C","mplanduse":"ISSUE","ppt_type":"IND","ppt_full":"Industrial","authority":"NOIDA","category":"industrial","execution_stage":"unknown"}},{"type":"Feature","geometry":{"type":"Polygon","coordinates":[[[77.390366,28.550638],[77.390165,28.55087],[77.390056,28.550801],[77.390257,28.55057],[77.390366,28.550638]]]},"properties":{"objectid":62223,"plotmapid":"81C202IND","property_t":"Industrial","used":"PLOT","plotsizesq":416,"plot_size":"416 SQMT","plot_no":"202","sector":"81","block":"C","mplanduse":"ISSUE","ppt_type":"IND","ppt_full":"Industrial","authority":"NOIDA","category":"industrial","execution_stage":"unknown"}},{"type":"Feature","geometry":{"type":"Polygon","coordinates":[[[77.39219,28.550867],[77.391985,28.551096],[77.391885,28.551033],[77.392086,28.550802],[77.39219,28.550867]]]},"properties":{"objectid":62224,"plotmapid":"81C170IND","property_t":"Industrial","used":"PLOT","plotsizesq":416,"plot_size":"416 SQMT","plot_no":"170","sector":"81","block":"C","mplanduse":"ISSUE","ppt_type":"IND","ppt_full":"Industrial","authority":"NOIDA","category":"industrial","execution_stage":"unknown"}},{"type":"Feature","geometry":{"type":"Polygon","coordinates":[[[77.39111,28.550748],[77.390909,28.55098],[77.390801,28.550911],[77.391002,28.55068],[77.39111,28.550748]]]},"properties":{"objectid":62225,"plotmapid":"81C188IND","property_t":"Industrial","used":"PLOT","plotsizesq":416,"plot_size":"416 SQMT","plot_no":"188","sector":"81","block":"C","mplanduse":"ISSUE","ppt_type":"IND","ppt_full":"Industrial","authority":"NOIDA","category":"industrial","execution_stage":"unknown"}},{"type":"Feature","geometry":{"type":"Polygon","coordinates":[[[77.401677,28.549373],[77.404525,28.548588],[77.405131,28.550307],[77.401823,28.551213],[77.401403,28.550062],[77.401877,28.549938],[77.401677,28.549373]]]},"properties":{"objectid":62226,"plotmapid":"81B001DIND","property_t":"Industrial","used":"EXISTING BULDING","plotsizesq":0,"plot_size":"NA","plot_no":"001D","sector":"81","block":"B","mplanduse":"B","ppt_type":"IND","ppt_full":"Industrial","authority":"NOIDA","category":"industrial","execution_stage":"unknown"}},{"type":"Feature","geometry":{"type":"Polygon","coordinates":[[[77.390474,28.550706],[77.390273,28.550938],[77.390165,28.55087],[77.390366,28.550638],[77.390474,28.550706]]]},"properties":{"objectid":62227,"plotmapid":"81C203IND","property_t":"Industrial","used":"PLOT","plotsizesq":416,"plot_size":"416 SQMT","plot_no":"203","sector":"81","block":"C","mplanduse":"ISSUE","ppt_type":"IND","ppt_full":"Industrial","authority":"NOIDA","category":"industrial","execution_stage":"unknown"}},{"type":"Feature","geometry":{"type":"Polygon","coordinates":[[[77.392299,28.550935],[77.392093,28.551164],[77.391985,28.551096],[77.39219,28.550867],[77.392299,28.550935]]]},"properties":{"objectid":62228,"plotmapid":"81C171IND","property_t":"Industrial","used":"PLOT","plotsizesq":416,"plot_size":"416 SQMT","plot_no":"171","sector":"81","block":"C","mplanduse":"ISSUE","ppt_type":"IND","ppt_full":"Industrial","authority":"NOIDA","category":"industrial","execution_stage":"unknown"}},{"type":"Feature","geometry":{"type":"Polygon","coordinates":[[[77.391219,28.550816],[77.391018,28.551048],[77.390909,28.55098],[77.39111,28.550748],[77.391219,28.550816]]]},"properties":{"objectid":62229,"plotmapid":"81C187IND","property_t":"Industrial","used":"PLOT","plotsizesq":416,"plot_size":"416 SQMT","plot_no":"187","sector":"81","block":"C","mplanduse":"ISSUE","ppt_type":"IND","ppt_full":"Industrial","authority":"NOIDA","category":"industrial","execution_stage":"unknown"}},{"type":"Feature","geometry":{"type":"Polygon","coordinates":[[[77.392831,28.550912],[77.392988,28.55101],[77.392988,28.55103],[77.392977,28.551069],[77.392809,28.551256],[77.392625,28.55114],[77.392831,28.550912]]]},"properties":{"objectid":62230,"plotmapid":"81C132IND","property_t":"Industrial","used":"PLOT","plotsizesq":416,"plot_size":"416 SQMT","plot_no":"132","sector":"81","block":"C","mplanduse":"ISSUE","ppt_type":"IND","ppt_full":"Industrial","authority":"NOIDA","category":"industrial","execution_stage":"unknown"}},{"type":"Feature","geometry":{"type":"Polygon","coordinates":[[[77.390583,28.550775],[77.390382,28.551006],[77.390273,28.550938],[77.390474,28.550706],[77.390583,28.550775]]]},"properties":{"objectid":62231,"plotmapid":"81C204IND","property_t":"Industrial","used":"PLOT","plotsizesq":416,"plot_size":"416 SQMT","plot_no":"204","sector":"81","block":"C","mplanduse":"ISSUE","ppt_type":"IND","ppt_full":"Industrial","authority":"NOIDA","category":"industrial","execution_stage":"unknown"}},{"type":"Feature","geometry":{"type":"Polygon","coordinates":[[[77.392408,28.551004],[77.392202,28.551232],[77.392093,28.551164],[77.392299,28.550935],[77.392408,28.551004]]]},"properties":{"objectid":62232,"plotmapid":"81C172IND","property_t":"Industrial","used":"PLOT","plotsizesq":416,"plot_size":"416 SQMT","plot_no":"172","sector":"81","block":"C","mplanduse":"ISSUE","ppt_type":"IND","ppt_full":"Industrial","authority":"NOIDA","category":"industrial","execution_stage":"unknown"}},{"type":"Feature","geometry":{"type":"Polygon","coordinates":[[[77.391328,28.550885],[77.391127,28.551116],[77.391018,28.551048],[77.391219,28.550816],[77.391328,28.550885]]]},"properties":{"objectid":62233,"plotmapid":"81C186IND","property_t":"Industrial","used":"PLOT","plotsizesq":416,"plot_size":"416 SQMT","plot_no":"186","sector":"81","block":"C","mplanduse":"ISSUE","ppt_type":"IND","ppt_full":"Industrial","authority":"NOIDA","category":"industrial","execution_stage":"unknown"}},{"type":"Feature","geometry":{"type":"Polygon","coordinates":[[[77.390692,28.550843],[77.390491,28.551074],[77.390382,28.551006],[77.390583,28.550775],[77.390692,28.550843]]]},"properties":{"objectid":62234,"plotmapid":"81C205IND","property_t":"Industrial","used":"PLOT","plotsizesq":416,"plot_size":"416 SQMT","plot_no":"205","sector":"81","block":"C","mplanduse":"ISSUE","ppt_type":"IND","ppt_full":"Industrial","authority":"NOIDA","category":"industrial","execution_stage":"unknown"}},{"type":"Feature","geometry":{"type":"Polygon","coordinates":[[[77.392516,28.551072],[77.392311,28.551301],[77.392202,28.551232],[77.392408,28.551004],[77.392516,28.551072]]]},"properties":{"objectid":62235,"plotmapid":"81C173IND","property_t":"Industrial","used":"PLOT","plotsizesq":416,"plot_size":"416 SQMT","plot_no":"173","sector":"81","block":"C","mplanduse":"ISSUE","ppt_type":"IND","ppt_full":"Industrial","authority":"NOIDA","category":"industrial","execution_stage":"unknown"}},{"type":"Feature","geometry":{"type":"Polygon","coordinates":[[[77.391436,28.550953],[77.391235,28.551184],[77.391127,28.551116],[77.391328,28.550885],[77.391436,28.550953]]]},"properties":{"objectid":62236,"plotmapid":"81C185IND","property_t":"Industrial","used":"PLOT","plotsizesq":416,"plot_size":"416 SQMT","plot_no":"185","sector":"81","block":"C","mplanduse":"ISSUE","ppt_type":"IND","ppt_full":"Industrial","authority":"NOIDA","category":"industrial","execution_stage":"unknown"}},{"type":"Feature","geometry":{"type":"Polygon","coordinates":[[[77.390801,28.550911],[77.390599,28.551143],[77.390491,28.551074],[77.390692,28.550843],[77.390801,28.550911]]]},"properties":{"objectid":62237,"plotmapid":"81C206IND","property_t":"Industrial","used":"PLOT","plotsizesq":416,"plot_size":"416 SQMT","plot_no":"206","sector":"81","block":"C","mplanduse":"ISSUE","ppt_type":"IND","ppt_full":"Industrial","authority":"NOIDA","category":"industrial","execution_stage":"unknown"}},{"type":"Feature","geometry":{"type":"Polygon","coordinates":[[[77.392625,28.55114],[77.392419,28.551369],[77.392311,28.551301],[77.392516,28.551072],[77.392625,28.55114]]]},"properties":{"objectid":62238,"plotmapid":"81C174IND","property_t":"Industrial","used":"PLOT","plotsizesq":416,"plot_size":"416 SQMT","plot_no":"174","sector":"81","block":"C","mplanduse":"ISSUE","ppt_type":"IND","ppt_full":"Industrial","authority":"NOIDA","category":"industrial","execution_stage":"unknown"}},{"type":"Feature","geometry":{"type":"Polygon","coordinates":[[[77.391545,28.551021],[77.391344,28.551253],[77.391235,28.551184],[77.391436,28.550953],[77.391545,28.551021]]]},"properties":{"objectid":62239,"plotmapid":"81C184IND","property_t":"Industrial","used":"PLOT","plotsizesq":416,"plot_size":"416 SQMT","plot_no":"184","sector":"81","block":"C","mplanduse":"ISSUE","ppt_type":"IND","ppt_full":"Industrial","authority":"NOIDA","category":"industrial","execution_stage":"unknown"}},{"type":"Feature","geometry":{"type":"Polygon","coordinates":[[[77.390909,28.55098],[77.390708,28.551211],[77.390599,28.551143],[77.390801,28.550911],[77.390909,28.55098]]]},"properties":{"objectid":62240,"plotmapid":"81C207IND","property_t":"Industrial","used":"PLOT","plotsizesq":416,"plot_size":"416 SQMT","plot_no":"207","sector":"81","block":"C","mplanduse":"ISSUE","ppt_type":"IND","ppt_full":"Industrial","authority":"NOIDA","category":"industrial","execution_stage":"unknown"}},{"type":"Feature","geometry":{"type":"Polygon","coordinates":[[[77.391654,28.551089],[77.391453,28.551321],[77.391344,28.551253],[77.391545,28.551021],[77.391654,28.551089]]]},"properties":{"objectid":62241,"plotmapid":"81C183IND","property_t":"Industrial","used":"PLOT","plotsizesq":416,"plot_size":"416 SQMT","plot_no":"183","sector":"81","block":"C","mplanduse":"ISSUE","ppt_type":"IND","ppt_full":"Industrial","authority":"NOIDA","category":"industrial","execution_stage":"unknown"}},{"type":"Feature","geometry":{"type":"Polygon","coordinates":[[[77.389623,28.55073],[77.389325,28.551086],[77.389163,28.550986],[77.389492,28.550649],[77.389623,28.55073]]]},"properties":{"objectid":62242,"plotmapid":"81C234IND","property_t":"Industrial","used":"PLOT","plotsizesq":800,"plot_size":"800 SQMT","plot_no":"234","sector":"81","block":"C","mplanduse":"ISSUE","ppt_type":"IND","ppt_full":"Industrial","authority":"NOIDA","category":"industrial","execution_stage":"unknown"}},{"type":"Feature","geometry":{"type":"Polygon","coordinates":[[[77.391018,28.551048],[77.390817,28.551279],[77.390708,28.551211],[77.390909,28.55098],[77.391018,28.551048]]]},"properties":{"objectid":62243,"plotmapid":"81C208IND","property_t":"Industrial","used":"PLOT","plotsizesq":416,"plot_size":"416 SQMT","plot_no":"208","sector":"81","block":"C","mplanduse":"ISSUE","ppt_type":"IND","ppt_full":"Industrial","authority":"NOIDA","category":"industrial","execution_stage":"unknown"}},{"type":"Feature","geometry":{"type":"Polygon","coordinates":[[[77.392809,28.551256],[77.392605,28.551485],[77.392419,28.551369],[77.392625,28.55114],[77.392809,28.551256]]]},"properties":{"objectid":62244,"plotmapid":"81C175IND","property_t":"Industrial","used":"PLOT","plotsizesq":416,"plot_size":"416 SQMT","plot_no":"175","sector":"81","block":"C","mplanduse":"ISSUE","ppt_type":"IND","ppt_full":"Industrial","authority":"NOIDA","category":"industrial","execution_stage":"unknown"}},{"type":"Feature","geometry":{"type":"Polygon","coordinates":[[[77.391763,28.551158],[77.391561,28.551389],[77.391453,28.551321],[77.391654,28.551089],[77.391763,28.551158]]]},"properties":{"objectid":62245,"plotmapid":"81C182IND","property_t":"Industrial","used":"PLOT","plotsizesq":416,"plot_size":"416 SQMT","plot_no":"182","sector":"81","block":"C","mplanduse":"ISSUE","ppt_type":"IND","ppt_full":"Industrial","authority":"NOIDA","category":"industrial","execution_stage":"unknown"}},{"type":"Feature","geometry":{"type":"Polygon","coordinates":[[[77.391127,28.551116],[77.390925,28.551348],[77.390817,28.551279],[77.391018,28.551048],[77.391127,28.551116]]]},"properties":{"objectid":62246,"plotmapid":"81C209IND","property_t":"Industrial","used":"PLOT","plotsizesq":416,"plot_size":"416 SQMT","plot_no":"209","sector":"81","block":"C","mplanduse":"ISSUE","ppt_type":"IND","ppt_full":"Industrial","authority":"NOIDA","category":"industrial","execution_stage":"unknown"}},{"type":"Feature","geometry":{"type":"Polygon","coordinates":[[[77.38979,28.550836],[77.389493,28.55119],[77.389325,28.551086],[77.389623,28.55073],[77.38979,28.550836]]]},"properties":{"objectid":62247,"plotmapid":"81C233IND","property_t":"Industrial","used":"PLOT","plotsizesq":800,"plot_size":"800 SQMT","plot_no":"233","sector":"81","block":"C","mplanduse":"ISSUE","ppt_type":"IND","ppt_full":"Industrial","authority":"NOIDA","category":"industrial","execution_stage":"unknown"}},{"type":"Feature","geometry":{"type":"Polygon","coordinates":[[[77.391871,28.551226],[77.39167,28.551458],[77.391561,28.551389],[77.391763,28.551158],[77.391871,28.551226]]]},"properties":{"objectid":62248,"plotmapid":"81C181IND","property_t":"Industrial","used":"PLOT","plotsizesq":416,"plot_size":"416 SQMT","plot_no":"181","sector":"81","block":"C","mplanduse":"ISSUE","ppt_type":"IND","ppt_full":"Industrial","authority":"NOIDA","category":"industrial","execution_stage":"unknown"}},{"type":"Feature","geometry":{"type":"Polygon","coordinates":[[[77.391235,28.551184],[77.391034,28.551416],[77.390925,28.551348],[77.391127,28.551116],[77.391235,28.551184]]]},"properties":{"objectid":62249,"plotmapid":"81C210IND","property_t":"Industrial","used":"PLOT","plotsizesq":416,"plot_size":"416 SQMT","plot_no":"210","sector":"81","block":"C","mplanduse":"ISSUE","ppt_type":"IND","ppt_full":"Industrial","authority":"NOIDA","category":"industrial","execution_stage":"unknown"}},{"type":"Feature","geometry":{"type":"Polygon","coordinates":[[[77.39198,28.551294],[77.391779,28.551526],[77.39167,28.551458],[77.391871,28.551226],[77.39198,28.551294]]]},"properties":{"objectid":62250,"plotmapid":"81C180IND","property_t":"Industrial","used":"PLOT","plotsizesq":416,"plot_size":"416 SQMT","plot_no":"180","sector":"81","block":"C","mplanduse":"ISSUE","ppt_type":"IND","ppt_full":"Industrial","authority":"NOIDA","category":"industrial","execution_stage":"unknown"}},{"type":"Feature","geometry":{"type":"Polygon","coordinates":[[[77.389957,28.550941],[77.389661,28.551294],[77.389493,28.55119],[77.38979,28.550836],[77.389957,28.550941]]]},"properties":{"objectid":62251,"plotmapid":"81C232IND","property_t":"Industrial","used":"PLOT","plotsizesq":800,"plot_size":"800 SQMT","plot_no":"232","sector":"81","block":"C","mplanduse":"ISSUE","ppt_type":"IND","ppt_full":"Industrial","authority":"NOIDA","category":"industrial","execution_stage":"unknown"}},{"type":"Feature","geometry":{"type":"Polygon","coordinates":[[[77.391344,28.551253],[77.391143,28.551484],[77.391034,28.551416],[77.391235,28.551184],[77.391344,28.551253]]]},"properties":{"objectid":62252,"plotmapid":"81C211IND","property_t":"Industrial","used":"PLOT","plotsizesq":416,"plot_size":"416 SQMT","plot_no":"211","sector":"81","block":"C","mplanduse":"ISSUE","ppt_type":"IND","ppt_full":"Industrial","authority":"NOIDA","category":"industrial","execution_stage":"unknown"}},{"type":"Feature","geometry":{"type":"Polygon","coordinates":[[[77.392089,28.551363],[77.391887,28.551594],[77.391779,28.551526],[77.39198,28.551294],[77.392089,28.551363]]]},"properties":{"objectid":62253,"plotmapid":"81C179IND","property_t":"Industrial","used":"PLOT","plotsizesq":416,"plot_size":"416 SQMT","plot_no":"179","sector":"81","block":"C","mplanduse":"ISSUE","ppt_type":"IND","ppt_full":"Industrial","authority":"NOIDA","category":"industrial","execution_stage":"unknown"}},{"type":"Feature","geometry":{"type":"Polygon","coordinates":[[[77.391453,28.551321],[77.391251,28.551553],[77.391143,28.551484],[77.391344,28.551253],[77.391453,28.551321]]]},"properties":{"objectid":62254,"plotmapid":"81C212IND","property_t":"Industrial","used":"PLOT","plotsizesq":416,"plot_size":"416 SQMT","plot_no":"212","sector":"81","block":"C","mplanduse":"ISSUE","ppt_type":"IND","ppt_full":"Industrial","authority":"NOIDA","category":"industrial","execution_stage":"unknown"}},{"type":"Feature","geometry":{"type":"Polygon","coordinates":[[[77.390124,28.551046],[77.389829,28.551398],[77.389661,28.551294],[77.389957,28.550941],[77.390124,28.551046]]]},"properties":{"objectid":62255,"plotmapid":"81C231IND","property_t":"Industrial","used":"PLOT","plotsizesq":800,"plot_size":"800 SQMT","plot_no":"231","sector":"81","block":"C","mplanduse":"ISSUE","ppt_type":"IND","ppt_full":"Industrial","authority":"NOIDA","category":"industrial","execution_stage":"unknown"}},{"type":"Feature","geometry":{"type":"Polygon","coordinates":[[[77.392197,28.551431],[77.391996,28.551662],[77.391887,28.551594],[77.392089,28.551363],[77.392197,28.551431]]]},"properties":{"objectid":62256,"plotmapid":"81C178IND","property_t":"Industrial","used":"PLOT","plotsizesq":416,"plot_size":"416 SQMT","plot_no":"178","sector":"81","block":"C","mplanduse":"ISSUE","ppt_type":"IND","ppt_full":"Industrial","authority":"NOIDA","category":"industrial","execution_stage":"unknown"}},{"type":"Feature","geometry":{"type":"Polygon","coordinates":[[[77.391561,28.551389],[77.39136,28.551621],[77.391251,28.551553],[77.391453,28.551321],[77.391561,28.551389]]]},"properties":{"objectid":62257,"plotmapid":"81C213IND","property_t":"Industrial","used":"PLOT","plotsizesq":416,"plot_size":"416 SQMT","plot_no":"213","sector":"81","block":"C","mplanduse":"ISSUE","ppt_type":"IND","ppt_full":"Industrial","authority":"NOIDA","category":"industrial","execution_stage":"unknown"}},{"type":"Feature","geometry":{"type":"Polygon","coordinates":[[[77.392306,28.551499],[77.392105,28.551731],[77.391996,28.551662],[77.392197,28.551431],[77.392306,28.551499]]]},"properties":{"objectid":62258,"plotmapid":"81C177IND","property_t":"Industrial","used":"PLOT","plotsizesq":416,"plot_size":"416 SQMT","plot_no":"177","sector":"81","block":"C","mplanduse":"ISSUE","ppt_type":"IND","ppt_full":"Industrial","authority":"NOIDA","category":"industrial","execution_stage":"unknown"}},{"type":"Feature","geometry":{"type":"Polygon","coordinates":[[[77.390292,28.551151],[77.389997,28.551502],[77.389829,28.551398],[77.390124,28.551046],[77.390292,28.551151]]]},"properties":{"objectid":62259,"plotmapid":"81C230IND","property_t":"Industrial","used":"PLOT","plotsizesq":800,"plot_size":"800 SQMT","plot_no":"230","sector":"81","block":"C","mplanduse":"ISSUE","ppt_type":"IND","ppt_full":"Industrial","authority":"NOIDA","category":"industrial","execution_stage":"unknown"}},{"type":"Feature","geometry":{"type":"Polygon","coordinates":[[[77.39167,28.551458],[77.391469,28.551689],[77.39136,28.551621],[77.391561,28.551389],[77.39167,28.551458]]]},"properties":{"objectid":62260,"plotmapid":"81C214IND","property_t":"Industrial","used":"PLOT","plotsizesq":416,"plot_size":"416 SQMT","plot_no":"214","sector":"81","block":"C","mplanduse":"ISSUE","ppt_type":"IND","ppt_full":"Industrial","authority":"NOIDA","category":"industrial","execution_stage":"unknown"}},{"type":"Feature","geometry":{"type":"Polygon","coordinates":[[[77.389325,28.551086],[77.389037,28.551431],[77.388833,28.551322],[77.389163,28.550986],[77.389325,28.551086]]]},"properties":{"objectid":62261,"plotmapid":"81C235IND","property_t":"Industrial","used":"PLOT","plotsizesq":800,"plot_size":"800 SQMT","plot_no":"235","sector":"81","block":"C","mplanduse":"ISSUE","ppt_type":"IND","ppt_full":"Industrial","authority":"NOIDA","category":"industrial","execution_stage":"unknown"}},{"type":"Feature","geometry":{"type":"Polygon","coordinates":[[[77.391779,28.551526],[77.391578,28.551757],[77.391469,28.551689],[77.39167,28.551458],[77.391779,28.551526]]]},"properties":{"objectid":62262,"plotmapid":"81C215IND","property_t":"Industrial","used":"PLOT","plotsizesq":416,"plot_size":"416 SQMT","plot_no":"215","sector":"81","block":"C","mplanduse":"ISSUE","ppt_type":"IND","ppt_full":"Industrial","authority":"NOIDA","category":"industrial","execution_stage":"unknown"}},{"type":"Feature","geometry":{"type":"Polygon","coordinates":[[[77.392306,28.551499],[77.39249,28.551614],[77.392285,28.551844],[77.392105,28.551731],[77.392306,28.551499]]]},"properties":{"objectid":62263,"plotmapid":"81C176IND","property_t":"Industrial","used":"PLOT","plotsizesq":416,"plot_size":"416 SQMT","plot_no":"176","sector":"81","block":"C","mplanduse":"ISSUE","ppt_type":"IND","ppt_full":"Industrial","authority":"NOIDA","category":"industrial","execution_stage":"unknown"}},{"type":"Feature","geometry":{"type":"Polygon","coordinates":[[[77.390459,28.551256],[77.390165,28.551606],[77.389997,28.551502],[77.390292,28.551151],[77.390459,28.551256]]]},"properties":{"objectid":62264,"plotmapid":"81C229IND","property_t":"Industrial","used":"PLOT","plotsizesq":800,"plot_size":"800 SQMT","plot_no":"229","sector":"81","block":"C","mplanduse":"ISSUE","ppt_type":"IND","ppt_full":"Industrial","authority":"NOIDA","category":"industrial","execution_stage":"unknown"}},{"type":"Feature","geometry":{"type":"Polygon","coordinates":[[[77.389493,28.55119],[77.389213,28.551525],[77.389037,28.551431],[77.389325,28.551086],[77.389493,28.55119]]]},"properties":{"objectid":62265,"plotmapid":"81C236IND","property_t":"Industrial","used":"PLOT","plotsizesq":800,"plot_size":"800 SQMT","plot_no":"236","sector":"81","block":"C","mplanduse":"ISSUE","ppt_type":"IND","ppt_full":"Industrial","authority":"NOIDA","category":"industrial","execution_stage":"unknown"}},{"type":"Feature","geometry":{"type":"Polygon","coordinates":[[[77.391887,28.551594],[77.391686,28.551826],[77.391578,28.551757],[77.391779,28.551526],[77.391887,28.551594]]]},"properties":{"objectid":62266,"plotmapid":"81C216IND","property_t":"Industrial","used":"PLOT","plotsizesq":416,"plot_size":"416 SQMT","plot_no":"216","sector":"81","block":"C","mplanduse":"ISSUE","ppt_type":"IND","ppt_full":"Industrial","authority":"NOIDA","category":"industrial","execution_stage":"unknown"}},{"type":"Feature","geometry":{"type":"Polygon","coordinates":[[[77.390626,28.551361],[77.390334,28.551711],[77.390165,28.551606],[77.390459,28.551256],[77.390626,28.551361]]]},"properties":{"objectid":62267,"plotmapid":"81C228IND","property_t":"Industrial","used":"PLOT","plotsizesq":800,"plot_size":"800 SQMT","plot_no":"228","sector":"81","block":"C","mplanduse":"ISSUE","ppt_type":"IND","ppt_full":"Industrial","authority":"NOIDA","category":"industrial","execution_stage":"unknown"}},{"type":"Feature","geometry":{"type":"Polygon","coordinates":[[[77.389661,28.551294],[77.389389,28.55162],[77.389213,28.551525],[77.389493,28.55119],[77.389661,28.551294]]]},"properties":{"objectid":62268,"plotmapid":"81C237IND","property_t":"Industrial","used":"PLOT","plotsizesq":800,"plot_size":"800 SQMT","plot_no":"237","sector":"81","block":"C","mplanduse":"ISSUE","ppt_type":"IND","ppt_full":"Industrial","authority":"NOIDA","category":"industrial","execution_stage":"unknown"}},{"type":"Feature","geometry":{"type":"Polygon","coordinates":[[[77.391996,28.551662],[77.391795,28.551894],[77.391686,28.551826],[77.391887,28.551594],[77.391996,28.551662]]]},"properties":{"objectid":62269,"plotmapid":"81C217IND","property_t":"Industrial","used":"PLOT","plotsizesq":416,"plot_size":"416 SQMT","plot_no":"217","sector":"81","block":"C","mplanduse":"ISSUE","ppt_type":"IND","ppt_full":"Industrial","authority":"NOIDA","category":"industrial","execution_stage":"unknown"}},{"type":"Feature","geometry":{"type":"Polygon","coordinates":[[[77.392105,28.551731],[77.391904,28.551962],[77.391795,28.551894],[77.391996,28.551662],[77.392105,28.551731]]]},"properties":{"objectid":62270,"plotmapid":"81C218IND","property_t":"Industrial","used":"PLOT","plotsizesq":416,"plot_size":"416 SQMT","plot_no":"218","sector":"81","block":"C","mplanduse":"ISSUE","ppt_type":"IND","ppt_full":"Industrial","authority":"NOIDA","category":"industrial","execution_stage":"unknown"}},{"type":"Feature","geometry":{"type":"Polygon","coordinates":[[[77.390793,28.551466],[77.390502,28.551815],[77.390334,28.551711],[77.390626,28.551361],[77.390793,28.551466]]]},"properties":{"objectid":62271,"plotmapid":"81C227IND","property_t":"Industrial","used":"PLOT","plotsizesq":800,"plot_size":"800 SQMT","plot_no":"227","sector":"81","block":"C","mplanduse":"ISSUE","ppt_type":"IND","ppt_full":"Industrial","authority":"NOIDA","category":"industrial","execution_stage":"unknown"}},{"type":"Feature","geometry":{"type":"Polygon","coordinates":[[[77.389829,28.551398],[77.389563,28.551717],[77.389389,28.55162],[77.389661,28.551294],[77.389829,28.551398]]]},"properties":{"objectid":62272,"plotmapid":"81C238IND","property_t":"Industrial","used":"PLOT","plotsizesq":800,"plot_size":"800 SQMT","plot_no":"238","sector":"81","block":"C","mplanduse":"ISSUE","ppt_type":"IND","ppt_full":"Industrial","authority":"NOIDA","category":"industrial","execution_stage":"unknown"}},{"type":"Feature","geometry":{"type":"Polygon","coordinates":[[[77.392285,28.551844],[77.39208,28.552073],[77.391904,28.551962],[77.392105,28.551731],[77.392285,28.551844]]]},"properties":{"objectid":62273,"plotmapid":"81C219IND","property_t":"Industrial","used":"PLOT","plotsizesq":416,"plot_size":"416 SQMT","plot_no":"219","sector":"81","block":"C","mplanduse":"ISSUE","ppt_type":"IND","ppt_full":"Industrial","authority":"NOIDA","category":"industrial","execution_stage":"unknown"}},{"type":"Feature","geometry":{"type":"Polygon","coordinates":[[[77.390961,28.551571],[77.39067,28.551919],[77.390502,28.551815],[77.390793,28.551466],[77.390961,28.551571]]]},"properties":{"objectid":62274,"plotmapid":"81C226IND","property_t":"Industrial","used":"PLOT","plotsizesq":800,"plot_size":"800 SQMT","plot_no":"226","sector":"81","block":"C","mplanduse":"ISSUE","ppt_type":"IND","ppt_full":"Industrial","authority":"NOIDA","category":"industrial","execution_stage":"unknown"}},{"type":"Feature","geometry":{"type":"Polygon","coordinates":[[[77.389997,28.551502],[77.389732,28.551819],[77.389563,28.551717],[77.389829,28.551398],[77.389997,28.551502]]]},"properties":{"objectid":62275,"plotmapid":"81C239IND","property_t":"Industrial","used":"PLOT","plotsizesq":800,"plot_size":"800 SQMT","plot_no":"239","sector":"81","block":"C","mplanduse":"ISSUE","ppt_type":"IND","ppt_full":"Industrial","authority":"NOIDA","category":"industrial","execution_stage":"unknown"}},{"type":"Feature","geometry":{"type":"Polygon","coordinates":[[[77.391128,28.551676],[77.390838,28.552023],[77.39067,28.551919],[77.390961,28.551571],[77.391128,28.551676]]]},"properties":{"objectid":62276,"plotmapid":"81C225IND","property_t":"Industrial","used":"PLOT","plotsizesq":800,"plot_size":"800 SQMT","plot_no":"225","sector":"81","block":"C","mplanduse":"ISSUE","ppt_type":"IND","ppt_full":"Industrial","authority":"NOIDA","category":"industrial","execution_stage":"unknown"}},{"type":"Feature","geometry":{"type":"Polygon","coordinates":[[[77.390165,28.551606],[77.389902,28.551922],[77.389732,28.551819],[77.389997,28.551502],[77.390165,28.551606]]]},"properties":{"objectid":62277,"plotmapid":"81C240IND","property_t":"Industrial","used":"PLOT","plotsizesq":800,"plot_size":"800 SQMT","plot_no":"240","sector":"81","block":"C","mplanduse":"ISSUE","ppt_type":"IND","ppt_full":"Industrial","authority":"NOIDA","category":"industrial","execution_stage":"unknown"}},{"type":"Feature","geometry":{"type":"Polygon","coordinates":[[[77.391295,28.551781],[77.391006,28.552127],[77.390838,28.552023],[77.391128,28.551676],[77.391295,28.551781]]]},"properties":{"objectid":62279,"plotmapid":"81C224IND","property_t":"Industrial","used":"PLOT","plotsizesq":800,"plot_size":"800 SQMT","plot_no":"224","sector":"81","block":"C","mplanduse":"ISSUE","ppt_type":"IND","ppt_full":"Industrial","authority":"NOIDA","category":"industrial","execution_stage":"unknown"}},{"type":"Feature","geometry":{"type":"Polygon","coordinates":[[[77.390334,28.551711],[77.390071,28.552024],[77.389902,28.551922],[77.390165,28.551606],[77.390334,28.551711]]]},"properties":{"objectid":62280,"plotmapid":"81C241IND","property_t":"Industrial","used":"PLOT","plotsizesq":800,"plot_size":"800 SQMT","plot_no":"241","sector":"81","block":"C","mplanduse":"ISSUE","ppt_type":"IND","ppt_full":"Industrial","authority":"NOIDA","category":"industrial","execution_stage":"unknown"}},{"type":"Feature","geometry":{"type":"Polygon","coordinates":[[[77.391462,28.551886],[77.391174,28.552231],[77.391006,28.552127],[77.391295,28.551781],[77.391462,28.551886]]]},"properties":{"objectid":62281,"plotmapid":"81C223IND","property_t":"Industrial","used":"PLOT","plotsizesq":800,"plot_size":"800 SQMT","plot_no":"223","sector":"81","block":"C","mplanduse":"ISSUE","ppt_type":"IND","ppt_full":"Industrial","authority":"NOIDA","category":"industrial","execution_stage":"unknown"}},{"type":"Feature","geometry":{"type":"Polygon","coordinates":[[[77.390502,28.551815],[77.390241,28.552126],[77.390071,28.552024],[77.390334,28.551711],[77.390502,28.551815]]]},"properties":{"objectid":62282,"plotmapid":"81C242IND","property_t":"Industrial","used":"PLOT","plotsizesq":800,"plot_size":"800 SQMT","plot_no":"242","sector":"81","block":"C","mplanduse":"ISSUE","ppt_type":"IND","ppt_full":"Industrial","authority":"NOIDA","category":"industrial","execution_stage":"unknown"}},{"type":"Feature","geometry":{"type":"Polygon","coordinates":[[[77.39067,28.551919],[77.39041,28.552229],[77.390241,28.552126],[77.390502,28.551815],[77.39067,28.551919]]]},"properties":{"objectid":62283,"plotmapid":"81C243IND","property_t":"Industrial","used":"PLOT","plotsizesq":800,"plot_size":"800 SQMT","plot_no":"243","sector":"81","block":"C","mplanduse":"ISSUE","ppt_type":"IND","ppt_full":"Industrial","authority":"NOIDA","category":"industrial","execution_stage":"unknown"}},{"type":"Feature","geometry":{"type":"Polygon","coordinates":[[[77.39163,28.551991],[77.391342,28.552335],[77.391174,28.552231],[77.391462,28.551886],[77.39163,28.551991]]]},"properties":{"objectid":62284,"plotmapid":"81C222IND","property_t":"Industrial","used":"PLOT","plotsizesq":800,"plot_size":"800 SQMT","plot_no":"222","sector":"81","block":"C","mplanduse":"ISSUE","ppt_type":"IND","ppt_full":"Industrial","authority":"NOIDA","category":"industrial","execution_stage":"unknown"}},{"type":"Feature","geometry":{"type":"Polygon","coordinates":[[[77.390838,28.552023],[77.39058,28.552331],[77.39041,28.552229],[77.39067,28.551919],[77.390838,28.552023]]]},"properties":{"objectid":62285,"plotmapid":"81C244IND","property_t":"Industrial","used":"PLOT","plotsizesq":800,"plot_size":"800 SQMT","plot_no":"244","sector":"81","block":"C","mplanduse":"ISSUE","ppt_type":"IND","ppt_full":"Industrial","authority":"NOIDA","category":"industrial","execution_stage":"unknown"}},{"type":"Feature","geometry":{"type":"Polygon","coordinates":[[[77.391797,28.552096],[77.39151,28.552439],[77.391342,28.552335],[77.39163,28.551991],[77.391797,28.552096]]]},"properties":{"objectid":62286,"plotmapid":"81C221IND","property_t":"Industrial","used":"PLOT","plotsizesq":800,"plot_size":"800 SQMT","plot_no":"221","sector":"81","block":"C","mplanduse":"ISSUE","ppt_type":"IND","ppt_full":"Industrial","authority":"NOIDA","category":"industrial","execution_stage":"unknown"}},{"type":"Feature","geometry":{"type":"Polygon","coordinates":[[[77.391797,28.552096],[77.391965,28.552202],[77.391667,28.552536],[77.39151,28.552439],[77.391797,28.552096]]]},"properties":{"objectid":62287,"plotmapid":"81C220IND","property_t":"Industrial","used":"PLOT","plotsizesq":800,"plot_size":"800 SQMT","plot_no":"220","sector":"81","block":"C","mplanduse":"ISSUE","ppt_type":"IND","ppt_full":"Industrial","authority":"NOIDA","category":"industrial","execution_stage":"unknown"}},{"type":"Feature","geometry":{"type":"Polygon","coordinates":[[[77.391006,28.552127],[77.390746,28.552437],[77.39058,28.552331],[77.390838,28.552023],[77.391006,28.552127]]]},"properties":{"objectid":62288,"plotmapid":"81C245IND","property_t":"Industrial","used":"PLOT","plotsizesq":800,"plot_size":"800 SQMT","plot_no":"245","sector":"81","block":"C","mplanduse":"ISSUE","ppt_type":"IND","ppt_full":"Industrial","authority":"NOIDA","category":"industrial","execution_stage":"unknown"}},{"type":"Feature","geometry":{"type":"Polygon","coordinates":[[[77.391174,28.552231],[77.390911,28.552546],[77.390746,28.552437],[77.391006,28.552127],[77.391174,28.552231]]]},"properties":{"objectid":62289,"plotmapid":"81C246IND","property_t":"Industrial","used":"PLOT","plotsizesq":800,"plot_size":"800 SQMT","plot_no":"246","sector":"81","block":"C","mplanduse":"ISSUE","ppt_type":"IND","ppt_full":"Industrial","authority":"NOIDA","category":"industrial","execution_stage":"unknown"}},{"type":"Feature","geometry":{"type":"Polygon","coordinates":[[[77.391342,28.552335],[77.391075,28.552654],[77.390911,28.552546],[77.391174,28.552231],[77.391342,28.552335]]]},"properties":{"objectid":62290,"plotmapid":"81C247IND","property_t":"Industrial","used":"PLOT","plotsizesq":800,"plot_size":"800 SQMT","plot_no":"247","sector":"81","block":"C","mplanduse":"ISSUE","ppt_type":"IND","ppt_full":"Industrial","authority":"NOIDA","category":"industrial","execution_stage":"unknown"}},{"type":"Feature","geometry":{"type":"Polygon","coordinates":[[[77.39151,28.552439],[77.39124,28.552762],[77.391075,28.552654],[77.391342,28.552335],[77.39151,28.552439]]]},"properties":{"objectid":62291,"plotmapid":"81C248IND","property_t":"Industrial","used":"PLOT","plotsizesq":800,"plot_size":"800 SQMT","plot_no":"248","sector":"81","block":"C","mplanduse":"ISSUE","ppt_type":"IND","ppt_full":"Industrial","authority":"NOIDA","category":"industrial","execution_stage":"unknown"}},{"type":"Feature","geometry":{"type":"Polygon","coordinates":[[[77.391667,28.552536],[77.391383,28.552855],[77.39124,28.552762],[77.39151,28.552439],[77.391667,28.552536]]]},"properties":{"objectid":62292,"plotmapid":"81C249IND","property_t":"Industrial","used":"PLOT","plotsizesq":800,"plot_size":"800 SQMT","plot_no":"249","sector":"81","block":"C","mplanduse":"ISSUE","ppt_type":"IND","ppt_full":"Industrial","authority":"NOIDA","category":"industrial","execution_stage":"unknown"}},{"type":"Feature","geometry":{"type":"Polygon","coordinates":[[[77.404515,28.547177],[77.406407,28.547376],[77.406271,28.548441],[77.404908,28.548313],[77.404515,28.547177]]]},"properties":{"objectid":62293,"plotmapid":"81A006,7IND","property_t":"Industrial","used":"PLOT","plotsizesq":8000,"plot_size":"8000 SQMT","plot_no":"006,7","sector":"81","block":"A","mplanduse":"B","ppt_type":"IND","ppt_full":"Industrial","authority":"NOIDA","category":"industrial","execution_stage":"unknown"}},{"type":"Feature","geometry":{"type":"Polygon","coordinates":[[[77.399646,28.548028],[77.399831,28.548564],[77.39952,28.548648],[77.399325,28.54809],[77.399638,28.548004],[77.399646,28.548028]]]},"properties":{"objectid":62295,"plotmapid":"81B025IND","property_t":"Industrial","used":"PLOT","allotted_p":"Yes","plotsizesq":2015,"plot_size":"1950 SQMT","plot_no":"025","sector":"81","block":"B","mplanduse":"B","ppt_type":"IND","ppt_full":"Industrial","authority":"NOIDA","category":"industrial","execution_stage":"allotted"}},{"type":"Feature","geometry":{"type":"Polygon","coordinates":[[[77.400116,28.548486],[77.399831,28.548564],[77.399638,28.548004],[77.399925,28.547926],[77.400116,28.548486]]]},"properties":{"objectid":62296,"plotmapid":"81B026IND","property_t":"Industrial","used":"PLOT","allotted_p":"Yes","plotsizesq":3900,"plot_size":"1950 SQMT","plot_no":"026","sector":"81","block":"B","mplanduse":"B","ppt_type":"IND","ppt_full":"Industrial","authority":"NOIDA","category":"industrial","execution_stage":"allotted"}},{"type":"Feature","geometry":{"type":"Polygon","coordinates":[[[77.400116,28.548486],[77.399925,28.547926],[77.400515,28.547764],[77.400706,28.548325],[77.400116,28.548486]]]},"properties":{"objectid":62297,"plotmapid":"81B27-28IND","property_t":"Industrial","used":"PLOT","plotsizesq":1950,"plot_size":"1950 SQMT","plot_no":"27-28","sector":"81","block":"B","mplanduse":"B","ppt_type":"IND","ppt_full":"Industrial","authority":"NOIDA","category":"industrial","execution_stage":"unknown"}},{"type":"Feature","geometry":{"type":"Polygon","coordinates":[[[77.400706,28.548325],[77.400515,28.547764],[77.40081,28.547683],[77.401002,28.548247],[77.400706,28.548325]]]},"properties":{"objectid":62298,"plotmapid":"81B029IND","property_t":"Industrial","used":"PLOT","allotted_p":"Yes","plotsizesq":1950,"plot_size":"1950 SQMT","plot_no":"029","sector":"81","block":"B","mplanduse":"B","ppt_type":"IND","ppt_full":"Industrial","authority":"NOIDA","category":"industrial","execution_stage":"allotted"}},{"type":"Feature","geometry":{"type":"Polygon","coordinates":[[[77.401593,28.548088],[77.401002,28.548247],[77.40081,28.547683],[77.401395,28.547523],[77.401593,28.548088]]]},"properties":{"objectid":62299,"plotmapid":"81B030/31IND","property_t":"Industrial","used":"PLOT","plotsizesq":1950,"plot_size":"1950 SQMT","plot_no":"030/31","sector":"81","block":"B","mplanduse":"B","ppt_type":"IND","ppt_full":"Industrial","authority":"NOIDA","category":"industrial","execution_stage":"unknown"}},{"type":"Feature","geometry":{"type":"Polygon","coordinates":[[[77.397338,28.549745],[77.396696,28.549928],[77.396611,28.549669],[77.397242,28.549485],[77.397338,28.549745]]]},"properties":{"objectid":62300,"plotmapid":"81C049IND","property_t":"Industrial","used":"PLOT","allotted_p":"Yes","plotsizesq":1950,"plot_size":"1950 SQMT","plot_no":"049","sector":"81","block":"C","mplanduse":"B","ppt_type":"IND","ppt_full":"Industrial","authority":"NOIDA","category":"industrial","execution_stage":"allotted"}},{"type":"Feature","geometry":{"type":"Polygon","coordinates":[[[77.394127,28.548216],[77.393999,28.548341],[77.392488,28.547277],[77.392563,28.547123],[77.393325,28.547523],[77.394061,28.548215],[77.394127,28.548216]]]},"properties":{"objectid":62304,"plotmapid":"81C120IND","property_t":"Industrial","used":"PLOT","plotsizesq":416,"plot_size":"416 SQMT","plot_no":"120","sector":"81","block":"C","mplanduse":"ISSUE","ppt_type":"IND","ppt_full":"Industrial","authority":"NOIDA","category":"industrial","execution_stage":"unknown"}},{"type":"Feature","geometry":{"type":"Polygon","coordinates":[[[77.396517,28.549413],[77.397147,28.549228],[77.397242,28.549485],[77.396611,28.549669],[77.396517,28.549413]]]},"properties":{"objectid":62306,"plotmapid":"81C048IND","property_t":"Industrial","used":"PLOT","allotted_p":"Yes","plotsizesq":1950,"plot_size":"1950 SQMT","plot_no":"048","sector":"81","block":"C","mplanduse":"B","ppt_type":"IND","ppt_full":"Industrial","authority":"NOIDA","category":"industrial","execution_stage":"allotted"}},{"type":"Feature","geometry":{"type":"Polygon","coordinates":[[[77.405164,28.551648],[77.404778,28.551747],[77.404532,28.55104],[77.404916,28.550936],[77.405164,28.551648]]]},"properties":{"objectid":62325,"plotmapid":"80B002IND","property_t":"Industrial","used":"PLOT","plotsizesq":3000,"plot_size":"3000 SQMT","plot_no":"002","sector":"80","block":"B","mplanduse":"B","ppt_type":"IND","ppt_full":"Industrial","authority":"NOIDA","category":"industrial","execution_stage":"unknown"}},{"type":"Feature","geometry":{"type":"Polygon","coordinates":[[[77.405343,28.550883],[77.40557,28.551539],[77.405164,28.551648],[77.404916,28.550936],[77.405321,28.550826],[77.405343,28.550883]]]},"properties":{"objectid":62326,"plotmapid":"80B001IND","property_t":"Industrial","used":"PLOT","plotsizesq":3000,"plot_size":"3000 SQMT","plot_no":"001","sector":"80","block":"B","mplanduse":"B","ppt_type":"IND","ppt_full":"Industrial","authority":"NOIDA","category":"industrial","execution_stage":"unknown"}},{"type":"Feature","geometry":{"type":"Polygon","coordinates":[[[77.398412,28.550277],[77.401677,28.549373],[77.401877,28.549938],[77.401403,28.550062],[77.401823,28.551213],[77.39904,28.551976],[77.398412,28.550277]]]},"properties":{"objectid":62328,"plotmapid":"81B001CIND","property_t":"Industrial","used":"PROPOSED A","plotsizesq":120000,"plot_size":"120000 SQMT","plot_no":"001C","sector":"81","block":"B","mplanduse":"B","ppt_type":"IND","ppt_full":"Industrial","authority":"NOIDA","category":"industrial","execution_stage":"unknown"}},{"type":"Feature","geometry":{"type":"Polygon","coordinates":[[[77.394927,28.553107],[77.393948,28.553376],[77.393215,28.551297],[77.394185,28.551037],[77.394927,28.553107]]]},"properties":{"objectid":62329,"plotmapid":"81B001IND","property_t":"Industrial","used":"PROPOSED A","plotsizesq":120000,"plot_size":"120000 SQMT","plot_no":"001","sector":"81","block":"B","mplanduse":"B","ppt_type":"IND","ppt_full":"Industrial","authority":"NOIDA","category":"industrial","execution_stage":"unknown"}},{"type":"Feature","geometry":{"type":"Polygon","coordinates":[[[77.396899,28.552565],[77.394927,28.553107],[77.394185,28.551037],[77.396127,28.550514],[77.396899,28.552565]]]},"properties":{"objectid":62330,"plotmapid":"81B001AIND","property_t":"Industrial","used":"PROPOSED A","plotsizesq":120000,"plot_size":"120000 SQMT","plot_no":"001A","sector":"81","block":"B","mplanduse":"B","ppt_type":"IND","ppt_full":"Industrial","authority":"NOIDA","category":"industrial","execution_stage":"unknown"}},{"type":"Feature","geometry":{"type":"Polygon","coordinates":[[[77.39904,28.551976],[77.396899,28.552565],[77.396127,28.550514],[77.398093,28.549982],[77.398219,28.550324],[77.398412,28.550277],[77.39904,28.551976]]]},"properties":{"objectid":62331,"plotmapid":"81B001BIND","property_t":"Industrial","used":"PROPOSED A","plotsizesq":120000,"plot_size":"120000 SQMT","plot_no":"001B","sector":"81","block":"B","mplanduse":"B","ppt_type":"IND","ppt_full":"Industrial","authority":"NOIDA","category":"industrial","execution_stage":"unknown"}},{"type":"Feature","geometry":{"type":"Polygon","coordinates":[[[77.397338,28.549745],[77.397408,28.549936],[77.396757,28.550114],[77.396696,28.549928],[77.397338,28.549745]]]},"properties":{"objectid":62332,"plotmapid":"81C049AIND","property_t":"Industrial","used":"PLOT","allotted_p":"Yes","plotsizesq":1950,"plot_size":"1950 SQMT","plot_no":"049A","sector":"81","block":"C","mplanduse":"V","ppt_type":"IND","ppt_full":"Industrial","authority":"NOIDA","category":"industrial","execution_stage":"allotted"}},{"type":"Feature","geometry":{"type":"Polygon","coordinates":[[[77.397507,28.540626],[77.397493,28.540854],[77.397084,28.540833],[77.397098,28.540607],[77.397507,28.540626]]]},"properties":{"objectid":66468,"plotmapid":"NSEZ119IND","property_t":"Industrial","plotsizesq":0,"plot_no":"119","sector":"NSEZ","mplanduse":"B","ppt_type":"IND","ppt_full":"Industrial","authority":"NOIDA","category":"industrial","execution_stage":"unknown"}},{"type":"Feature","geometry":{"type":"Polygon","coordinates":[[[77.392919,28.542653],[77.393263,28.542121],[77.39419,28.541157],[77.39428,28.541096],[77.395845,28.541193],[77.395711,28.542779],[77.392919,28.542653]]]},"properties":{"objectid":66922,"plotmapid":"NSEZ59IND","property_t":"Industrial","plotsizesq":0,"plot_no":"59","sector":"NSEZ","mplanduse":"B","ppt_type":"IND","ppt_full":"Industrial","authority":"NOIDA","category":"industrial","execution_stage":"unknown"}},{"type":"Feature","geometry":{"type":"Polygon","coordinates":[[[77.397626,28.544473],[77.397646,28.544475],[77.397815,28.545023],[77.396837,28.544982],[77.396869,28.544445],[77.397626,28.544473]]]},"properties":{"objectid":66936,"plotmapid":"NSEZ150IND","property_t":"Industrial","plotsizesq":0,"plot_no":"150","sector":"NSEZ","mplanduse":"B","ppt_type":"IND","ppt_full":"Industrial","authority":"NOIDA","category":"industrial","execution_stage":"unknown"}},{"type":"Feature","geometry":{"type":"Polygon","coordinates":[[[77.397417,28.543718],[77.397646,28.544475],[77.396869,28.544445],[77.396917,28.543477],[77.397338,28.543464],[77.397417,28.543718]]]},"properties":{"objectid":66937,"plotmapid":"NSEZ149IND","property_t":"Industrial","plotsizesq":0,"plot_no":"149","sector":"NSEZ","mplanduse":"B","ppt_type":"IND","ppt_full":"Industrial","authority":"NOIDA","category":"industrial","execution_stage":"unknown"}},{"type":"Feature","geometry":{"type":"Polygon","coordinates":[[[77.399179,28.541437],[77.402186,28.541631],[77.402042,28.543989],[77.401013,28.543064],[77.399067,28.542996],[77.399179,28.541437]]]},"properties":{"objectid":66938,"plotmapid":"NSEZ IND","property_t":"Industrial","used":"Flatted Factory","plotsizesq":0,"sector":"NSEZ","mplanduse":"B","ppt_type":"IND","ppt_full":"Industrial","remark":"Flatted Factory","authority":"NOIDA","category":"industrial","execution_stage":"unknown"}},{"type":"Feature","geometry":{"type":"Polygon","coordinates":[[[77.399064,28.542996],[77.398624,28.542986],[77.398647,28.542576],[77.399096,28.542595],[77.399064,28.542996]]]},"properties":{"objectid":66939,"plotmapid":"NSEZ129DIND","property_t":"Industrial","plotsizesq":0,"plot_no":"129D","sector":"NSEZ","mplanduse":"B","ppt_type":"IND","ppt_full":"Industrial","authority":"NOIDA","category":"industrial","execution_stage":"unknown"}},{"type":"Feature","geometry":{"type":"Polygon","coordinates":[[[77.399123,28.542225],[77.399096,28.542595],[77.398647,28.542576],[77.398668,28.542193],[77.399123,28.542225]]]},"properties":{"objectid":66940,"plotmapid":"NSEZ129EIND","property_t":"Industrial","plotsizesq":0,"plot_no":"129E","sector":"NSEZ","mplanduse":"B","ppt_type":"IND","ppt_full":"Industrial","authority":"NOIDA","category":"industrial","execution_stage":"unknown"}},{"type":"Feature","geometry":{"type":"Polygon","coordinates":[[[77.398668,28.542193],[77.398694,28.541796],[77.399151,28.541827],[77.399123,28.542225],[77.398668,28.542193]]]},"properties":{"objectid":66941,"plotmapid":"NSEZ129FIND","property_t":"Industrial","plotsizesq":0,"plot_no":"129F","sector":"NSEZ","mplanduse":"B","ppt_type":"IND","ppt_full":"Industrial","authority":"NOIDA","category":"industrial","execution_stage":"unknown"}},{"type":"Feature","geometry":{"type":"Polygon","coordinates":[[[77.398715,28.541407],[77.399179,28.541437],[77.399151,28.541827],[77.398694,28.541796],[77.398715,28.541407]]]},"properties":{"objectid":66942,"plotmapid":"NSEZ129GIND","property_t":"Industrial","plotsizesq":0,"plot_no":"129G","sector":"NSEZ","mplanduse":"B","ppt_type":"IND","ppt_full":"Industrial","authority":"NOIDA","category":"industrial","execution_stage":"unknown"}},{"type":"Feature","geometry":{"type":"Polygon","coordinates":[[[77.398071,28.541756],[77.398513,28.541785],[77.398487,28.542168],[77.398021,28.542153],[77.398051,28.541755],[77.398071,28.541756]]]},"properties":{"objectid":66943,"plotmapid":"NSEZ129AIND","property_t":"Industrial","plotsizesq":0,"plot_no":"129A","sector":"NSEZ","mplanduse":"B","ppt_type":"IND","ppt_full":"Industrial","authority":"NOIDA","category":"industrial","execution_stage":"unknown"}},{"type":"Feature","geometry":{"type":"Polygon","coordinates":[[[77.398046,28.542153],[77.398487,28.542168],[77.39846,28.542574],[77.397999,28.542557],[77.398021,28.542153],[77.398046,28.542153]]]},"properties":{"objectid":66944,"plotmapid":"NSEZ129BIND","property_t":"Industrial","plotsizesq":0,"plot_no":"129B","sector":"NSEZ","mplanduse":"B","ppt_type":"IND","ppt_full":"Industrial","authority":"NOIDA","category":"industrial","execution_stage":"unknown"}},{"type":"Feature","geometry":{"type":"Polygon","coordinates":[[[77.398538,28.541387],[77.398513,28.541785],[77.398051,28.541755],[77.398085,28.541355],[77.398538,28.541387]]]},"properties":{"objectid":66945,"plotmapid":"NSEZ129IND","property_t":"Industrial","plotsizesq":0,"plot_no":"129","sector":"NSEZ","mplanduse":"B","ppt_type":"IND","ppt_full":"Industrial","authority":"NOIDA","category":"industrial","execution_stage":"unknown"}},{"type":"Feature","geometry":{"type":"Polygon","coordinates":[[[77.398454,28.542661],[77.398436,28.54298],[77.397976,28.542967],[77.397999,28.542557],[77.39846,28.542574],[77.398454,28.542661]]]},"properties":{"objectid":66946,"plotmapid":"NSEZ129CIND","property_t":"Industrial","plotsizesq":0,"plot_no":"129C","sector":"NSEZ","mplanduse":"B","ppt_type":"IND","ppt_full":"Industrial","authority":"NOIDA","category":"industrial","execution_stage":"unknown"}},{"type":"Feature","geometry":{"type":"Polygon","coordinates":[[[77.397081,28.541289],[77.398085,28.541355],[77.398025,28.542073],[77.397013,28.542012],[77.397064,28.541288],[77.397081,28.541289]]]},"properties":{"objectid":66947,"plotmapid":"NSEZ128IND","property_t":"Industrial","used":"SUB STATION","plotsizesq":0,"plot_no":"128","sector":"NSEZ","mplanduse":"B","ppt_type":"IND","ppt_full":"Industrial","remark":"SUB STATION","authority":"NOIDA","category":"industrial","execution_stage":"unknown"}},{"type":"Feature","geometry":{"type":"Polygon","coordinates":[[[77.397338,28.543464],[77.396917,28.543477],[77.397013,28.542012],[77.398025,28.542073],[77.397976,28.542967],[77.39787,28.542966],[77.397325,28.54343],[77.397338,28.543464]]]},"properties":{"objectid":66948,"plotmapid":"NSEZ130IND","property_t":"Industrial","used":"PARK","plotsizesq":0,"plot_no":"130","sector":"NSEZ","mplanduse":"B","ppt_type":"IND","ppt_full":"Industrial","remark":"PARK","authority":"NOIDA","category":"industrial","execution_stage":"unknown"}},{"type":"Feature","geometry":{"type":"Polygon","coordinates":[[[77.397154,28.545521],[77.396807,28.545502],[77.396824,28.545245],[77.397169,28.545267],[77.397154,28.545521]]]},"properties":{"objectid":66949,"plotmapid":"NSEZ152IND","property_t":"Industrial","plotsizesq":0,"plot_no":"152","sector":"NSEZ","mplanduse":"B","ppt_type":"IND","ppt_full":"Industrial","authority":"NOIDA","category":"industrial","execution_stage":"unknown"}},{"type":"Feature","geometry":{"type":"Polygon","coordinates":[[[77.397186,28.544998],[77.397169,28.545267],[77.396824,28.545245],[77.396837,28.544982],[77.397186,28.544998]]]},"properties":{"objectid":66950,"plotmapid":"NSEZ151IND","property_t":"Industrial","plotsizesq":0,"plot_no":"151","sector":"NSEZ","mplanduse":"B","ppt_type":"IND","ppt_full":"Industrial","authority":"NOIDA","category":"industrial","execution_stage":"unknown"}},{"type":"Feature","geometry":{"type":"Polygon","coordinates":[[[77.397966,28.545567],[77.397524,28.545542],[77.397557,28.545012],[77.397815,28.545023],[77.397983,28.545567],[77.397966,28.545567]]]},"properties":{"objectid":66951,"plotmapid":"NSEZ154IND","property_t":"Industrial","plotsizesq":0,"plot_no":"154","sector":"NSEZ","mplanduse":"B","ppt_type":"IND","ppt_full":"Industrial","authority":"NOIDA","category":"industrial","execution_stage":"unknown"}},{"type":"Feature","geometry":{"type":"Polygon","coordinates":[[[77.397557,28.545012],[77.397524,28.545542],[77.397154,28.545521],[77.397186,28.544998],[77.397557,28.545012]]]},"properties":{"objectid":66952,"plotmapid":"NSEZ153IND","property_t":"Industrial","plotsizesq":0,"plot_no":"153","sector":"NSEZ","mplanduse":"B","ppt_type":"IND","ppt_full":"Industrial","authority":"NOIDA","category":"industrial","execution_stage":"unknown"}},{"type":"Feature","geometry":{"type":"Polygon","coordinates":[[[77.397072,28.546343],[77.396757,28.546331],[77.396773,28.546001],[77.397174,28.546017],[77.39716,28.546315],[77.397069,28.546311],[77.397072,28.546343]]]},"properties":{"objectid":66953,"plotmapid":"NSEZ154AIND","property_t":"Industrial","plotsizesq":0,"plot_no":"154A","sector":"NSEZ","mplanduse":"B","ppt_type":"IND","ppt_full":"Industrial","authority":"NOIDA","category":"industrial","execution_stage":"unknown"}},{"type":"Feature","geometry":{"type":"Polygon","coordinates":[[[77.397135,28.545686],[77.39719,28.545688],[77.397174,28.546017],[77.396773,28.546001],[77.3968,28.545672],[77.397135,28.545686]]]},"properties":{"objectid":66954,"plotmapid":"NSEZ154BIND","property_t":"Industrial","plotsizesq":0,"plot_no":"154B","sector":"NSEZ","mplanduse":"B","ppt_type":"IND","ppt_full":"Industrial","authority":"NOIDA","category":"industrial","execution_stage":"unknown"}},{"type":"Feature","geometry":{"type":"Polygon","coordinates":[[[77.397914,28.545718],[77.398018,28.545722],[77.398214,28.546354],[77.397939,28.546344],[77.397914,28.545718]]]},"properties":{"objectid":66955,"plotmapid":"NSEZ154EIND","property_t":"Industrial","plotsizesq":0,"plot_no":"154E","sector":"NSEZ","mplanduse":"B","ppt_type":"IND","ppt_full":"Industrial","authority":"NOIDA","category":"industrial","execution_stage":"unknown"}},{"type":"Feature","geometry":{"type":"Polygon","coordinates":[[[77.397914,28.545718],[77.397939,28.546344],[77.397521,28.546328],[77.397525,28.545702],[77.397914,28.545718]]]},"properties":{"objectid":66956,"plotmapid":"NSEZ154DIND","property_t":"Industrial","plotsizesq":0,"plot_no":"154D","sector":"NSEZ","mplanduse":"B","ppt_type":"IND","ppt_full":"Industrial","authority":"NOIDA","category":"industrial","execution_stage":"unknown"}},{"type":"Feature","geometry":{"type":"Polygon","coordinates":[[[77.397525,28.545702],[77.397521,28.546328],[77.39716,28.546315],[77.39719,28.545688],[77.397525,28.545702]]]},"properties":{"objectid":66957,"plotmapid":"NSEZ154CIND","property_t":"Industrial","plotsizesq":0,"plot_no":"154C","sector":"NSEZ","mplanduse":"B","ppt_type":"IND","ppt_full":"Industrial","authority":"NOIDA","category":"industrial","execution_stage":"unknown"}},{"type":"Feature","geometry":{"type":"Polygon","coordinates":[[[77.398213,28.546354],[77.398335,28.546737],[77.398261,28.54681],[77.39789,28.546799],[77.39791,28.546342],[77.398213,28.546354]]]},"properties":{"objectid":66958,"plotmapid":"NSEZ146IND","property_t":"Industrial","plotsizesq":0,"plot_no":"146","sector":"NSEZ","mplanduse":"B","ppt_type":"IND","ppt_full":"Industrial","authority":"NOIDA","category":"industrial","execution_stage":"unknown"}},{"type":"Feature","geometry":{"type":"Polygon","coordinates":[[[77.39716,28.546315],[77.397474,28.546326],[77.397524,28.546784],[77.397111,28.546767],[77.397069,28.546311],[77.39716,28.546315]]]},"properties":{"objectid":66959,"plotmapid":"NSEZEQ144IND","property_t":"Industrial","plotsizesq":0,"plot_no":"144","sector":"NSEZ","block":"EQ","mplanduse":"B","ppt_type":"IND","ppt_full":"Industrial","authority":"NOIDA","category":"industrial","execution_stage":"unknown"}},{"type":"Feature","geometry":{"type":"Polygon","coordinates":[[[77.39791,28.546342],[77.39789,28.546799],[77.397524,28.546784],[77.397474,28.546326],[77.39791,28.546342]]]},"properties":{"objectid":66960,"plotmapid":"NSEZEQ145IND","property_t":"Industrial","plotsizesq":0,"plot_no":"145","sector":"NSEZ","block":"EQ","mplanduse":"B","ppt_type":"IND","ppt_full":"Industrial","authority":"NOIDA","category":"industrial","execution_stage":"unknown"}},{"type":"Feature","geometry":{"type":"Polygon","coordinates":[[[77.396848,28.546334],[77.397072,28.546343],[77.397111,28.546767],[77.396729,28.54675],[77.396757,28.546331],[77.396848,28.546334]]]},"properties":{"objectid":66961,"plotmapid":"NSEZ143IND","property_t":"Industrial","plotsizesq":0,"plot_no":"143","sector":"NSEZ","mplanduse":"B","ppt_type":"IND","ppt_full":"Industrial","authority":"NOIDA","category":"industrial","execution_stage":"unknown"}},{"type":"Feature","geometry":{"type":"Polygon","coordinates":[[[77.397189,28.547534],[77.397216,28.54699],[77.398077,28.547034],[77.397808,28.547248],[77.397381,28.54754],[77.397189,28.547534]]]},"properties":{"objectid":66962,"plotmapid":"NSEZ148IND","property_t":"Industrial","used":"EQ","plotsizesq":0,"plot_no":"148","sector":"NSEZ","mplanduse":"B","ppt_type":"IND","ppt_full":"Industrial","remark":"EQ","authority":"NOIDA","category":"industrial","execution_stage":"unknown"}},{"type":"Feature","geometry":{"type":"Polygon","coordinates":[[[77.397189,28.547534],[77.397187,28.54758],[77.396686,28.547492],[77.396709,28.546967],[77.397216,28.54699],[77.397189,28.547534]]]},"properties":{"objectid":66963,"plotmapid":"NSEZ147IND","property_t":"Industrial","plotsizesq":0,"plot_no":"147","sector":"NSEZ","mplanduse":"B","ppt_type":"IND","ppt_full":"Industrial","authority":"NOIDA","category":"industrial","execution_stage":"unknown"}},{"type":"Feature","geometry":{"type":"Polygon","coordinates":[[[77.403985,28.540363],[77.405919,28.543566],[77.404179,28.544189],[77.403783,28.544234],[77.40368,28.544272],[77.402907,28.544743],[77.402848,28.544751],[77.402754,28.544684],[77.402295,28.544214],[77.402431,28.541955],[77.402494,28.54034],[77.403985,28.540363]]]},"properties":{"objectid":66965,"plotmapid":"NSEZ IND","property_t":"Industrial","used":"Flatted Factory","plotsizesq":0,"sector":"NSEZ","mplanduse":"V","ppt_type":"IND","ppt_full":"Industrial","remark":"Flatted Factory","authority":"NOIDA","category":"industrial","execution_stage":"unknown"}},{"type":"Feature","geometry":{"type":"Polygon","coordinates":[[[77.394858,28.54792],[77.394225,28.548218],[77.394061,28.548215],[77.393325,28.547523],[77.392563,28.547123],[77.392957,28.54638],[77.396278,28.546541],[77.396196,28.548031],[77.395466,28.548112],[77.394879,28.547912],[77.394858,28.54792]]]},"properties":{"objectid":66981,"plotmapid":"NSEZ IND","property_t":"Industrial","used":"Flatted Factory","plotsizesq":0,"sector":"NSEZ","mplanduse":"B","ppt_type":"IND","ppt_full":"Industrial","remark":"Flatted Factory","authority":"NOIDA","category":"industrial","execution_stage":"unknown"}},{"type":"Feature","geometry":{"type":"Polygon","coordinates":[[[77.396029,28.545667],[77.396335,28.545682],[77.396278,28.546541],[77.395979,28.546526],[77.396029,28.545667]]]},"properties":{"objectid":66982,"plotmapid":"NSEZ142AIND","property_t":"Industrial","plotsizesq":0,"plot_no":"142A","sector":"NSEZ","mplanduse":"B","ppt_type":"IND","ppt_full":"Industrial","authority":"NOIDA","category":"industrial","execution_stage":"unknown"}},{"type":"Feature","geometry":{"type":"Polygon","coordinates":[[[77.396029,28.545667],[77.395979,28.546526],[77.395676,28.546512],[77.39572,28.545652],[77.396029,28.545667]]]},"properties":{"objectid":66983,"plotmapid":"NSEZ142BIND","property_t":"Industrial","plotsizesq":0,"plot_no":"142B","sector":"NSEZ","mplanduse":"B","ppt_type":"IND","ppt_full":"Industrial","authority":"NOIDA","category":"industrial","execution_stage":"unknown"}},{"type":"Feature","geometry":{"type":"Polygon","coordinates":[[[77.393883,28.545567],[77.393833,28.546422],[77.393526,28.546407],[77.39358,28.545554],[77.393883,28.545567]]]},"properties":{"objectid":66984,"plotmapid":"NSEZ142HIND","property_t":"Industrial","plotsizesq":0,"plot_no":"142H","sector":"NSEZ","mplanduse":"B","ppt_type":"IND","ppt_full":"Industrial","authority":"NOIDA","category":"industrial","execution_stage":"unknown"}},{"type":"Feature","geometry":{"type":"Polygon","coordinates":[[[77.39358,28.545554],[77.393526,28.546407],[77.3932,28.546391],[77.393263,28.545539],[77.39358,28.545554]]]},"properties":{"objectid":66985,"plotmapid":"NSEZ142IIND","property_t":"Industrial","plotsizesq":0,"plot_no":"142I","sector":"NSEZ","mplanduse":"B","ppt_type":"IND","ppt_full":"Industrial","authority":"NOIDA","category":"industrial","execution_stage":"unknown"}},{"type":"Feature","geometry":{"type":"Polygon","coordinates":[[[77.393263,28.545539],[77.3932,28.546391],[77.392957,28.54638],[77.392957,28.54635],[77.393062,28.546112],[77.39303,28.546111],[77.392599,28.545507],[77.393263,28.545539]]]},"properties":{"objectid":66986,"plotmapid":"NSEZ142JIND","property_t":"Industrial","plotsizesq":0,"plot_no":"142J","sector":"NSEZ","mplanduse":"B","ppt_type":"IND","ppt_full":"Industrial","authority":"NOIDA","category":"industrial","execution_stage":"unknown"}},{"type":"Feature","geometry":{"type":"Polygon","coordinates":[[[77.395845,28.542999],[77.396465,28.543027],[77.396394,28.54424],[77.395775,28.544212],[77.395845,28.542999]]]},"properties":{"objectid":66987,"plotmapid":"NSEZ131IND","property_t":"Industrial","plotsizesq":0,"plot_no":"131","sector":"NSEZ","mplanduse":"B","ppt_type":"IND","ppt_full":"Industrial","authority":"NOIDA","category":"industrial","execution_stage":"unknown"}},{"type":"Feature","geometry":{"type":"Polygon","coordinates":[[[77.395845,28.542999],[77.395775,28.544212],[77.395156,28.544185],[77.395226,28.542972],[77.395845,28.542999]]]},"properties":{"objectid":66988,"plotmapid":"NSEZ132IND","property_t":"Industrial","plotsizesq":0,"plot_no":"132","sector":"NSEZ","mplanduse":"B","ppt_type":"IND","ppt_full":"Industrial","authority":"NOIDA","category":"industrial","execution_stage":"unknown"}},{"type":"Feature","geometry":{"type":"Polygon","coordinates":[[[77.394654,28.542947],[77.395226,28.542972],[77.395156,28.544185],[77.394571,28.544159],[77.394654,28.542947]]]},"properties":{"objectid":66989,"plotmapid":"NSEZ133IND","property_t":"Industrial","plotsizesq":0,"plot_no":"133","sector":"NSEZ","mplanduse":"B","ppt_type":"IND","ppt_full":"Industrial","authority":"NOIDA","category":"industrial","execution_stage":"unknown"}},{"type":"Feature","geometry":{"type":"Polygon","coordinates":[[[77.394654,28.542947],[77.394571,28.544159],[77.393918,28.54413],[77.393988,28.542917],[77.394654,28.542947]]]},"properties":{"objectid":66990,"plotmapid":"NSEZ134IND","property_t":"Industrial","plotsizesq":0,"plot_no":"134","sector":"NSEZ","mplanduse":"B","ppt_type":"IND","ppt_full":"Industrial","authority":"NOIDA","category":"industrial","execution_stage":"unknown"}},{"type":"Feature","geometry":{"type":"Polygon","coordinates":[[[77.393988,28.542917],[77.393918,28.54413],[77.393299,28.544103],[77.393369,28.54289],[77.393988,28.542917]]]},"properties":{"objectid":66991,"plotmapid":"NSEZ135IND","property_t":"Industrial","plotsizesq":0,"plot_no":"135","sector":"NSEZ","mplanduse":"B","ppt_type":"IND","ppt_full":"Industrial","authority":"NOIDA","category":"industrial","execution_stage":"unknown"}},{"type":"Feature","geometry":{"type":"Polygon","coordinates":[[[77.392107,28.54405],[77.392783,28.542864],[77.393369,28.54289],[77.393299,28.544103],[77.392107,28.54405]]]},"properties":{"objectid":66992,"plotmapid":"NSEZ136IND","property_t":"Industrial","plotsizesq":0,"plot_no":"136","sector":"NSEZ","mplanduse":"B","ppt_type":"IND","ppt_full":"Industrial","authority":"NOIDA","category":"industrial","execution_stage":"unknown"}},{"type":"Feature","geometry":{"type":"Polygon","coordinates":[[[77.393362,28.544105],[77.393286,28.545318],[77.392476,28.545279],[77.39201,28.544469],[77.392058,28.54427],[77.391995,28.544222],[77.392107,28.54405],[77.393362,28.544105]]]},"properties":{"objectid":66993,"plotmapid":"NSEZ137IND","property_t":"Industrial","plotsizesq":0,"plot_no":"137","sector":"NSEZ","mplanduse":"B","ppt_type":"IND","ppt_full":"Industrial","authority":"NOIDA","category":"industrial","execution_stage":"unknown"}},{"type":"Feature","geometry":{"type":"Polygon","coordinates":[[[77.393973,28.544132],[77.393901,28.545345],[77.393286,28.545318],[77.393362,28.544105],[77.393973,28.544132]]]},"properties":{"objectid":66994,"plotmapid":"NSEZ138IND","property_t":"Industrial","plotsizesq":0,"plot_no":"138","sector":"NSEZ","mplanduse":"B","ppt_type":"IND","ppt_full":"Industrial","authority":"NOIDA","category":"industrial","execution_stage":"unknown"}},{"type":"Feature","geometry":{"type":"Polygon","coordinates":[[[77.393973,28.544132],[77.394537,28.544157],[77.394467,28.54537],[77.393901,28.545345],[77.393973,28.544132]]]},"properties":{"objectid":66995,"plotmapid":"NSEZ139IND","property_t":"Industrial","plotsizesq":0,"plot_no":"139","sector":"NSEZ","mplanduse":"B","ppt_type":"IND","ppt_full":"Industrial","authority":"NOIDA","category":"industrial","execution_stage":"unknown"}},{"type":"Feature","geometry":{"type":"Polygon","coordinates":[[[77.395193,28.544186],[77.395124,28.545399],[77.394467,28.54537],[77.394537,28.544157],[77.395193,28.544186]]]},"properties":{"objectid":66996,"plotmapid":"NSEZ140IND","property_t":"Industrial","plotsizesq":0,"plot_no":"140","sector":"NSEZ","mplanduse":"B","ppt_type":"IND","ppt_full":"Industrial","authority":"NOIDA","category":"industrial","execution_stage":"unknown"}},{"type":"Feature","geometry":{"type":"Polygon","coordinates":[[[77.395775,28.544212],[77.395813,28.544214],[77.395732,28.545426],[77.395124,28.545399],[77.395193,28.544186],[77.395775,28.544212]]]},"properties":{"objectid":66997,"plotmapid":"NSEZ141IND","property_t":"Industrial","plotsizesq":0,"plot_no":"141","sector":"NSEZ","mplanduse":"B","ppt_type":"IND","ppt_full":"Industrial","authority":"NOIDA","category":"industrial","execution_stage":"unknown"}},{"type":"Feature","geometry":{"type":"Polygon","coordinates":[[[77.395813,28.544214],[77.396394,28.54424],[77.396324,28.545453],[77.395732,28.545426],[77.395813,28.544214]]]},"properties":{"objectid":66998,"plotmapid":"NSEZ142IND","property_t":"Industrial","plotsizesq":0,"plot_no":"142","sector":"NSEZ","mplanduse":"B","ppt_type":"IND","ppt_full":"Industrial","authority":"NOIDA","category":"industrial","execution_stage":"unknown"}},{"type":"Feature","geometry":{"type":"Polygon","coordinates":[[[77.395935,28.541197],[77.396602,28.541227],[77.396495,28.542817],[77.395711,28.542779],[77.395845,28.541193],[77.395935,28.541197]]]},"properties":{"objectid":66999,"plotmapid":"NSEZ59GIND","property_t":"Industrial","plotsizesq":0,"plot_no":"59G","sector":"NSEZ","mplanduse":"B","ppt_type":"IND","ppt_full":"Industrial","authority":"NOIDA","category":"industrial","execution_stage":"unknown"}},{"type":"Feature","geometry":{"type":"Polygon","coordinates":[[[77.396671,28.540127],[77.396614,28.541019],[77.396241,28.540995],[77.396284,28.540102],[77.396671,28.540127]]]},"properties":{"objectid":67001,"plotmapid":"NSEZ59BIND","property_t":"Industrial","plotsizesq":0,"plot_no":"59B","sector":"NSEZ","mplanduse":"B","ppt_type":"IND","ppt_full":"Industrial","authority":"NOIDA","category":"industrial","execution_stage":"unknown"}},{"type":"Feature","geometry":{"type":"Polygon","coordinates":[[[77.396284,28.540102],[77.396241,28.540995],[77.395846,28.540969],[77.39589,28.540077],[77.396284,28.540102]]]},"properties":{"objectid":67002,"plotmapid":"NSEZ59CIND","property_t":"Industrial","plotsizesq":0,"plot_no":"59C","sector":"NSEZ","mplanduse":"B","ppt_type":"IND","ppt_full":"Industrial","authority":"NOIDA","category":"industrial","execution_stage":"unknown"}},{"type":"Feature","geometry":{"type":"Polygon","coordinates":[[[77.39589,28.540077],[77.395846,28.540969],[77.395451,28.540944],[77.395495,28.540051],[77.39589,28.540077]]]},"properties":{"objectid":67003,"plotmapid":"NSEZ59DIND","property_t":"Industrial","plotsizesq":0,"plot_no":"59D","sector":"NSEZ","mplanduse":"B","ppt_type":"IND","ppt_full":"Industrial","authority":"NOIDA","category":"industrial","execution_stage":"unknown"}},{"type":"Feature","geometry":{"type":"Polygon","coordinates":[[[77.395101,28.540025],[77.395495,28.540051],[77.395451,28.540944],[77.395057,28.540918],[77.395101,28.540025]]]},"properties":{"objectid":67004,"plotmapid":"NSEZ59EIND","property_t":"Industrial","plotsizesq":0,"plot_no":"59E","sector":"NSEZ","mplanduse":"B","ppt_type":"IND","ppt_full":"Industrial","authority":"NOIDA","category":"industrial","execution_stage":"unknown"}},{"type":"Feature","geometry":{"type":"Polygon","coordinates":[[[77.394452,28.540879],[77.394623,28.540696],[77.394644,28.54],[77.395101,28.540025],[77.395057,28.540918],[77.394452,28.540879]]]},"properties":{"objectid":67005,"plotmapid":"NSEZ59FIND","property_t":"Industrial","plotsizesq":0,"plot_no":"59F","sector":"NSEZ","mplanduse":"B","ppt_type":"IND","ppt_full":"Industrial","authority":"NOIDA","category":"industrial","execution_stage":"unknown"}},{"type":"Feature","geometry":{"type":"Polygon","coordinates":[[[77.394186,28.54558],[77.394136,28.546436],[77.393833,28.546422],[77.393883,28.545567],[77.394186,28.54558]]]},"properties":{"objectid":67010,"plotmapid":"NSEZ142GIND","property_t":"Industrial","plotsizesq":0,"plot_no":"142G","sector":"NSEZ","mplanduse":"B","ppt_type":"IND","ppt_full":"Industrial","authority":"NOIDA","category":"industrial","execution_stage":"unknown"}},{"type":"Feature","geometry":{"type":"Polygon","coordinates":[[[77.394501,28.545594],[77.394449,28.546452],[77.394136,28.546436],[77.394186,28.54558],[77.394501,28.545594]]]},"properties":{"objectid":67011,"plotmapid":"NSEZ142FIND","property_t":"Industrial","plotsizesq":0,"plot_no":"142F","sector":"NSEZ","mplanduse":"B","ppt_type":"IND","ppt_full":"Industrial","authority":"NOIDA","category":"industrial","execution_stage":"unknown"}},{"type":"Feature","geometry":{"type":"Polygon","coordinates":[[[77.394808,28.545607],[77.394761,28.546467],[77.394449,28.546452],[77.394501,28.545594],[77.394808,28.545607]]]},"properties":{"objectid":67012,"plotmapid":"NSEZ142EIND","property_t":"Industrial","plotsizesq":0,"plot_no":"142E","sector":"NSEZ","mplanduse":"B","ppt_type":"IND","ppt_full":"Industrial","authority":"NOIDA","category":"industrial","execution_stage":"unknown"}},{"type":"Feature","geometry":{"type":"Polygon","coordinates":[[[77.395109,28.545622],[77.39506,28.546482],[77.394761,28.546467],[77.394808,28.545607],[77.395109,28.545622]]]},"properties":{"objectid":67013,"plotmapid":"NSEZ142DIND","property_t":"Industrial","plotsizesq":0,"plot_no":"142D","sector":"NSEZ","mplanduse":"B","ppt_type":"IND","ppt_full":"Industrial","authority":"NOIDA","category":"industrial","execution_stage":"unknown"}},{"type":"Feature","geometry":{"type":"Polygon","coordinates":[[[77.39572,28.545652],[77.395676,28.546512],[77.39506,28.546482],[77.395109,28.545622],[77.39572,28.545652]]]},"properties":{"objectid":67014,"plotmapid":"NSEZ142CIND","property_t":"Industrial","plotsizesq":0,"plot_no":"142C","sector":"NSEZ","mplanduse":"B","ppt_type":"IND","ppt_full":"Industrial","authority":"NOIDA","category":"industrial","execution_stage":"unknown"}},{"type":"Feature","geometry":{"type":"Polygon","coordinates":[[[77.397895,28.540873],[77.397878,28.541115],[77.397478,28.541087],[77.397493,28.540854],[77.397895,28.540873]]]},"properties":{"objectid":67017,"plotmapid":"NSEZ117IND","property_t":"Industrial","plotsizesq":0,"plot_no":"117","sector":"NSEZ","mplanduse":"B","ppt_type":"IND","ppt_full":"Industrial","authority":"NOIDA","category":"industrial","execution_stage":"unknown"}},{"type":"Feature","geometry":{"type":"Polygon","coordinates":[[[77.397493,28.540854],[77.397478,28.541087],[77.397071,28.541058],[77.397084,28.540833],[77.397493,28.540854]]]},"properties":{"objectid":67018,"plotmapid":"NSEZ118IND","property_t":"Industrial","plotsizesq":0,"plot_no":"118","sector":"NSEZ","mplanduse":"B","ppt_type":"IND","ppt_full":"Industrial","authority":"NOIDA","category":"industrial","execution_stage":"unknown"}},{"type":"Feature","geometry":{"type":"Polygon","coordinates":[[[77.397911,28.540645],[77.397895,28.540873],[77.397493,28.540854],[77.397507,28.540626],[77.397911,28.540645]]]},"properties":{"objectid":67019,"plotmapid":"NSEZ116IND","property_t":"Industrial","plotsizesq":0,"plot_no":"116","sector":"NSEZ","mplanduse":"B","ppt_type":"IND","ppt_full":"Industrial","authority":"NOIDA","category":"industrial","execution_stage":"unknown"}},{"type":"Feature","geometry":{"type":"Polygon","coordinates":[[[77.397927,28.540419],[77.397911,28.540645],[77.397507,28.540626],[77.397521,28.5404],[77.397927,28.540419]]]},"properties":{"objectid":67020,"plotmapid":"NSEZ115IND","property_t":"Industrial","plotsizesq":0,"plot_no":"115","sector":"NSEZ","mplanduse":"B","ppt_type":"IND","ppt_full":"Industrial","authority":"NOIDA","category":"industrial","execution_stage":"unknown"}},{"type":"Feature","geometry":{"type":"Polygon","coordinates":[[[77.397521,28.5404],[77.397507,28.540626],[77.397098,28.540607],[77.397112,28.540382],[77.397521,28.5404]]]},"properties":{"objectid":67021,"plotmapid":"NSEZ120IND","property_t":"Industrial","plotsizesq":0,"plot_no":"120","sector":"NSEZ","mplanduse":"V","ppt_type":"IND","ppt_full":"Industrial","authority":"NOIDA","category":"industrial","execution_stage":"unknown"}},{"type":"Feature","geometry":{"type":"Polygon","coordinates":[[[77.397943,28.540193],[77.397927,28.540419],[77.397521,28.5404],[77.397535,28.540174],[77.397943,28.540193]]]},"properties":{"objectid":67022,"plotmapid":"NSEZ114IND","property_t":"Industrial","plotsizesq":0,"plot_no":"114","sector":"NSEZ","mplanduse":"B","ppt_type":"IND","ppt_full":"Industrial","authority":"NOIDA","category":"industrial","execution_stage":"unknown"}},{"type":"Feature","geometry":{"type":"Polygon","coordinates":[[[77.397535,28.540174],[77.397521,28.5404],[77.397112,28.540382],[77.397126,28.540156],[77.397535,28.540174]]]},"properties":{"objectid":67023,"plotmapid":"NSEZ121IND","property_t":"Industrial","plotsizesq":0,"plot_no":"121","sector":"NSEZ","mplanduse":"V","ppt_type":"IND","ppt_full":"Industrial","authority":"NOIDA","category":"industrial","execution_stage":"unknown"}},{"type":"Feature","geometry":{"type":"Polygon","coordinates":[[[77.398527,28.540172],[77.398865,28.540195],[77.398854,28.540362],[77.398517,28.540338],[77.398527,28.540172]]]},"properties":{"objectid":67036,"plotmapid":"NSEZ161IND","property_t":"Industrial","plotsizesq":0,"plot_no":"161","sector":"NSEZ","mplanduse":"B","ppt_type":"IND","ppt_full":"Industrial","authority":"NOIDA","category":"industrial","execution_stage":"unknown"}},{"type":"Feature","geometry":{"type":"Polygon","coordinates":[[[77.398527,28.540172],[77.398517,28.540338],[77.398181,28.540314],[77.398192,28.540148],[77.398527,28.540172]]]},"properties":{"objectid":67037,"plotmapid":"NSEZ160IND","property_t":"Industrial","plotsizesq":0,"plot_no":"160","sector":"NSEZ","mplanduse":"B","ppt_type":"IND","ppt_full":"Industrial","authority":"NOIDA","category":"industrial","execution_stage":"unknown"}},{"type":"Feature","geometry":{"type":"Polygon","coordinates":[[[77.398854,28.540362],[77.398843,28.540529],[77.398508,28.540503],[77.398517,28.540338],[77.398854,28.540362]]]},"properties":{"objectid":67038,"plotmapid":"NSEZ162IND","property_t":"Industrial","plotsizesq":0,"plot_no":"162","sector":"NSEZ","mplanduse":"B","ppt_type":"IND","ppt_full":"Industrial","authority":"NOIDA","category":"industrial","execution_stage":"unknown"}},{"type":"Feature","geometry":{"type":"Polygon","coordinates":[[[77.398517,28.540338],[77.398508,28.540503],[77.398171,28.540476],[77.398181,28.540314],[77.398517,28.540338]]]},"properties":{"objectid":67039,"plotmapid":"NSEZ159IND","property_t":"Industrial","plotsizesq":0,"plot_no":"159","sector":"NSEZ","mplanduse":"B","ppt_type":"IND","ppt_full":"Industrial","authority":"NOIDA","category":"industrial","execution_stage":"unknown"}},{"type":"Feature","geometry":{"type":"Polygon","coordinates":[[[77.398843,28.540529],[77.398833,28.540691],[77.398498,28.540664],[77.398508,28.540503],[77.398843,28.540529]]]},"properties":{"objectid":67040,"plotmapid":"NSEZ163IND","property_t":"Industrial","plotsizesq":0,"plot_no":"163","sector":"NSEZ","mplanduse":"B","ppt_type":"IND","ppt_full":"Industrial","authority":"NOIDA","category":"industrial","execution_stage":"unknown"}},{"type":"Feature","geometry":{"type":"Polygon","coordinates":[[[77.398508,28.540503],[77.398498,28.540664],[77.39816,28.540638],[77.398171,28.540476],[77.398508,28.540503]]]},"properties":{"objectid":67041,"plotmapid":"NSEZ158IND","property_t":"Industrial","plotsizesq":0,"plot_no":"158","sector":"NSEZ","mplanduse":"B","ppt_type":"IND","ppt_full":"Industrial","authority":"NOIDA","category":"industrial","execution_stage":"unknown"}},{"type":"Feature","geometry":{"type":"Polygon","coordinates":[[[77.398833,28.540691],[77.398823,28.540852],[77.398488,28.540826],[77.398498,28.540664],[77.398833,28.540691]]]},"properties":{"objectid":67042,"plotmapid":"NSEZ164IND","property_t":"Industrial","plotsizesq":0,"plot_no":"164","sector":"NSEZ","mplanduse":"B","ppt_type":"IND","ppt_full":"Industrial","authority":"NOIDA","category":"industrial","execution_stage":"unknown"}},{"type":"Feature","geometry":{"type":"Polygon","coordinates":[[[77.398498,28.540664],[77.398488,28.540826],[77.39815,28.540799],[77.39816,28.540638],[77.398498,28.540664]]]},"properties":{"objectid":67043,"plotmapid":"NSEZ157IND","property_t":"Industrial","plotsizesq":0,"plot_no":"157","sector":"NSEZ","mplanduse":"B","ppt_type":"IND","ppt_full":"Industrial","authority":"NOIDA","category":"industrial","execution_stage":"unknown"}},{"type":"Feature","geometry":{"type":"Polygon","coordinates":[[[77.398823,28.540852],[77.398812,28.541029],[77.398477,28.54101],[77.398488,28.540826],[77.398823,28.540852]]]},"properties":{"objectid":67044,"plotmapid":"NSEZ165IND","property_t":"Industrial","plotsizesq":0,"plot_no":"165","sector":"NSEZ","mplanduse":"B","ppt_type":"IND","ppt_full":"Industrial","authority":"NOIDA","category":"industrial","execution_stage":"unknown"}},{"type":"Feature","geometry":{"type":"Polygon","coordinates":[[[77.398488,28.540826],[77.398477,28.54101],[77.398138,28.540991],[77.39815,28.540799],[77.398488,28.540826]]]},"properties":{"objectid":67045,"plotmapid":"NSEZ156IND","property_t":"Industrial","plotsizesq":0,"plot_no":"156","sector":"NSEZ","mplanduse":"B","ppt_type":"IND","ppt_full":"Industrial","authority":"NOIDA","category":"industrial","execution_stage":"unknown"}},{"type":"Feature","geometry":{"type":"Polygon","coordinates":[[[77.398812,28.541029],[77.398801,28.54119],[77.398468,28.541163],[77.398477,28.54101],[77.398812,28.541029]]]},"properties":{"objectid":67046,"plotmapid":"NSEZ166IND","property_t":"Industrial","plotsizesq":0,"plot_no":"166","sector":"NSEZ","mplanduse":"B","ppt_type":"IND","ppt_full":"Industrial","authority":"NOIDA","category":"industrial","execution_stage":"unknown"}},{"type":"Feature","geometry":{"type":"Polygon","coordinates":[[[77.398477,28.54101],[77.398468,28.541163],[77.398129,28.541136],[77.398138,28.540991],[77.398477,28.54101]]]},"properties":{"objectid":67047,"plotmapid":"NSEZ155IND","property_t":"Industrial","plotsizesq":0,"plot_no":"155","sector":"NSEZ","mplanduse":"B","ppt_type":"IND","ppt_full":"Industrial","authority":"NOIDA","category":"industrial","execution_stage":"unknown"}},{"type":"Feature","geometry":{"type":"Polygon","coordinates":[[[77.399376,28.540386],[77.399387,28.540231],[77.399719,28.540254],[77.399711,28.540406],[77.399376,28.540386]]]},"properties":{"objectid":67060,"plotmapid":"NSEZ173IND","property_t":"Industrial","plotsizesq":0,"plot_no":"173","sector":"NSEZ","mplanduse":"B","ppt_type":"IND","ppt_full":"Industrial","authority":"NOIDA","category":"industrial","execution_stage":"unknown"}},{"type":"Feature","geometry":{"type":"Polygon","coordinates":[[[77.399325,28.541057],[77.399312,28.541226],[77.398972,28.541202],[77.398985,28.541029],[77.399325,28.541057]]]},"properties":{"objectid":67061,"plotmapid":"NSEZ167IND","property_t":"Industrial","plotsizesq":0,"plot_no":"167","sector":"NSEZ","mplanduse":"B","ppt_type":"IND","ppt_full":"Industrial","authority":"NOIDA","category":"industrial","execution_stage":"unknown"}},{"type":"Feature","geometry":{"type":"Polygon","coordinates":[[[77.399335,28.540921],[77.399325,28.541057],[77.398985,28.541029],[77.398996,28.540889],[77.399335,28.540921]]]},"properties":{"objectid":67062,"plotmapid":"NSEZ168IND","property_t":"Industrial","plotsizesq":0,"plot_no":"168","sector":"NSEZ","mplanduse":"B","ppt_type":"IND","ppt_full":"Industrial","authority":"NOIDA","category":"industrial","execution_stage":"unknown"}},{"type":"Feature","geometry":{"type":"Polygon","coordinates":[[[77.399351,28.540712],[77.399335,28.540921],[77.398996,28.540889],[77.399012,28.540688],[77.399351,28.540712]]]},"properties":{"objectid":67063,"plotmapid":"NSEZ169IND","property_t":"Industrial","plotsizesq":0,"plot_no":"169","sector":"NSEZ","mplanduse":"B","ppt_type":"IND","ppt_full":"Industrial","authority":"NOIDA","category":"industrial","execution_stage":"unknown"}},{"type":"Feature","geometry":{"type":"Polygon","coordinates":[[[77.399364,28.540545],[77.399351,28.540712],[77.399012,28.540688],[77.399024,28.540524],[77.399364,28.540545]]]},"properties":{"objectid":67064,"plotmapid":"NSEZ170IND","property_t":"Industrial","plotsizesq":0,"plot_no":"170","sector":"NSEZ","mplanduse":"B","ppt_type":"IND","ppt_full":"Industrial","authority":"NOIDA","category":"industrial","execution_stage":"unknown"}},{"type":"Feature","geometry":{"type":"Polygon","coordinates":[[[77.399376,28.540386],[77.399364,28.540545],[77.399024,28.540524],[77.399036,28.540366],[77.399376,28.540386]]]},"properties":{"objectid":67065,"plotmapid":"NSEZ171IND","property_t":"Industrial","plotsizesq":0,"plot_no":"171","sector":"NSEZ","mplanduse":"B","ppt_type":"IND","ppt_full":"Industrial","authority":"NOIDA","category":"industrial","execution_stage":"unknown"}},{"type":"Feature","geometry":{"type":"Polygon","coordinates":[[[77.399036,28.540366],[77.399048,28.540207],[77.399387,28.540231],[77.399376,28.540386],[77.399036,28.540366]]]},"properties":{"objectid":67066,"plotmapid":"NSEZ172IND","property_t":"Industrial","plotsizesq":0,"plot_no":"172","sector":"NSEZ","mplanduse":"B","ppt_type":"IND","ppt_full":"Industrial","authority":"NOIDA","category":"industrial","execution_stage":"unknown"}},{"type":"Feature","geometry":{"type":"Polygon","coordinates":[[[77.399711,28.540406],[77.399701,28.540567],[77.399364,28.540545],[77.399376,28.540386],[77.399711,28.540406]]]},"properties":{"objectid":67067,"plotmapid":"NSEZ174IND","property_t":"Industrial","plotsizesq":0,"plot_no":"174","sector":"NSEZ","mplanduse":"B","ppt_type":"IND","ppt_full":"Industrial","authority":"NOIDA","category":"industrial","execution_stage":"unknown"}},{"type":"Feature","geometry":{"type":"Polygon","coordinates":[[[77.399701,28.540567],[77.39969,28.540756],[77.39935,28.540728],[77.399364,28.540545],[77.399701,28.540567]]]},"properties":{"objectid":67068,"plotmapid":"NSEZ175IND","property_t":"Industrial","plotsizesq":0,"plot_no":"175","sector":"NSEZ","mplanduse":"B","ppt_type":"IND","ppt_full":"Industrial","authority":"NOIDA","category":"industrial","execution_stage":"unknown"}},{"type":"Feature","geometry":{"type":"Polygon","coordinates":[[[77.39969,28.540756],[77.399678,28.540953],[77.399335,28.540921],[77.39935,28.540728],[77.39969,28.540756]]]},"properties":{"objectid":67069,"plotmapid":"NSEZ176IND","property_t":"Industrial","plotsizesq":0,"plot_no":"176","sector":"NSEZ","mplanduse":"B","ppt_type":"IND","ppt_full":"Industrial","authority":"NOIDA","category":"industrial","execution_stage":"unknown"}},{"type":"Feature","geometry":{"type":"Polygon","coordinates":[[[77.399678,28.540953],[77.399671,28.541085],[77.399325,28.541057],[77.399335,28.540921],[77.399678,28.540953]]]},"properties":{"objectid":67070,"plotmapid":"NSEZ177IND","property_t":"Industrial","plotsizesq":0,"plot_no":"177","sector":"NSEZ","mplanduse":"B","ppt_type":"IND","ppt_full":"Industrial","authority":"NOIDA","category":"industrial","execution_stage":"unknown"}},{"type":"Feature","geometry":{"type":"Polygon","coordinates":[[[77.399671,28.541085],[77.399661,28.541252],[77.399312,28.541226],[77.399325,28.541057],[77.399671,28.541085]]]},"properties":{"objectid":67071,"plotmapid":"NSEZ178IND","property_t":"Industrial","plotsizesq":0,"plot_no":"178","sector":"NSEZ","mplanduse":"B","ppt_type":"IND","ppt_full":"Industrial","authority":"NOIDA","category":"industrial","execution_stage":"unknown"}},{"type":"Feature","geometry":{"type":"Polygon","coordinates":[[[77.400324,28.541059],[77.400309,28.541294],[77.3999,28.541275],[77.399915,28.541041],[77.400324,28.541059]]]},"properties":{"objectid":67084,"plotmapid":"NSEZ97IND","property_t":"Industrial","plotsizesq":0,"plot_no":"97","sector":"NSEZ","mplanduse":"B","ppt_type":"IND","ppt_full":"Industrial","authority":"NOIDA","category":"industrial","execution_stage":"unknown"}},{"type":"Feature","geometry":{"type":"Polygon","coordinates":[[[77.400731,28.541076],[77.400716,28.541314],[77.400309,28.541294],[77.400324,28.541059],[77.400731,28.541076]]]},"properties":{"objectid":67085,"plotmapid":"NSEZ96IND","property_t":"Industrial","plotsizesq":0,"plot_no":"96","sector":"NSEZ","mplanduse":"B","ppt_type":"IND","ppt_full":"Industrial","authority":"NOIDA","category":"industrial","execution_stage":"unknown"}},{"type":"Feature","geometry":{"type":"Polygon","coordinates":[[[77.400338,28.540836],[77.400324,28.541059],[77.399915,28.541041],[77.399929,28.54082],[77.400338,28.540836]]]},"properties":{"objectid":67086,"plotmapid":"NSEZ98IND","property_t":"Industrial","plotsizesq":0,"plot_no":"98","sector":"NSEZ","mplanduse":"B","ppt_type":"IND","ppt_full":"Industrial","authority":"NOIDA","category":"industrial","execution_stage":"unknown"}},{"type":"Feature","geometry":{"type":"Polygon","coordinates":[[[77.400745,28.540853],[77.400731,28.541076],[77.400324,28.541059],[77.400338,28.540836],[77.400745,28.540853]]]},"properties":{"objectid":67087,"plotmapid":"NSEZ95IND","property_t":"Industrial","plotsizesq":0,"plot_no":"95","sector":"NSEZ","mplanduse":"B","ppt_type":"IND","ppt_full":"Industrial","authority":"NOIDA","category":"industrial","execution_stage":"unknown"}},{"type":"Feature","geometry":{"type":"Polygon","coordinates":[[[77.400352,28.54061],[77.400338,28.540836],[77.399929,28.54082],[77.399943,28.540592],[77.400352,28.54061]]]},"properties":{"objectid":67088,"plotmapid":"NSEZ99IND","property_t":"Industrial","plotsizesq":0,"plot_no":"99","sector":"NSEZ","mplanduse":"B","ppt_type":"IND","ppt_full":"Industrial","authority":"NOIDA","category":"industrial","execution_stage":"unknown"}},{"type":"Feature","geometry":{"type":"Polygon","coordinates":[[[77.400759,28.540629],[77.400745,28.540853],[77.400338,28.540836],[77.400352,28.54061],[77.400759,28.540629]]]},"properties":{"objectid":67089,"plotmapid":"NSEZ94IND","property_t":"Industrial","plotsizesq":0,"plot_no":"94","sector":"NSEZ","mplanduse":"B","ppt_type":"IND","ppt_full":"Industrial","authority":"NOIDA","category":"industrial","execution_stage":"unknown"}},{"type":"Feature","geometry":{"type":"Polygon","coordinates":[[[77.400366,28.540385],[77.400352,28.54061],[77.399943,28.540592],[77.399957,28.540366],[77.400366,28.540385]]]},"properties":{"objectid":67090,"plotmapid":"NSEZ100IND","property_t":"Industrial","plotsizesq":0,"plot_no":"100","sector":"NSEZ","mplanduse":"B","ppt_type":"IND","ppt_full":"Industrial","authority":"NOIDA","category":"industrial","execution_stage":"unknown"}},{"type":"Feature","geometry":{"type":"Polygon","coordinates":[[[77.40038,28.540166],[77.400366,28.540385],[77.399957,28.540366],[77.399971,28.540153],[77.40038,28.540166]]]},"properties":{"objectid":67091,"plotmapid":"NSEZ101IND","property_t":"Industrial","plotsizesq":0,"plot_no":"101","sector":"NSEZ","mplanduse":"B","ppt_type":"IND","ppt_full":"Industrial","authority":"NOIDA","category":"industrial","execution_stage":"unknown"}},{"type":"Feature","geometry":{"type":"Polygon","coordinates":[[[77.400788,28.540178],[77.400773,28.540405],[77.400366,28.540385],[77.40038,28.540166],[77.400788,28.540178]]]},"properties":{"objectid":67102,"plotmapid":"NSEZ92IND","property_t":"Industrial","plotsizesq":0,"plot_no":"92","sector":"NSEZ","mplanduse":"B","ppt_type":"IND","ppt_full":"Industrial","authority":"NOIDA","category":"industrial","execution_stage":"unknown"}},{"type":"Feature","geometry":{"type":"Polygon","coordinates":[[[77.400773,28.540405],[77.400759,28.540629],[77.400352,28.54061],[77.400366,28.540385],[77.400773,28.540405]]]},"properties":{"objectid":67103,"plotmapid":"NSEZ93IND","property_t":"Industrial","plotsizesq":0,"plot_no":"93","sector":"NSEZ","mplanduse":"B","ppt_type":"IND","ppt_full":"Industrial","authority":"NOIDA","category":"industrial","execution_stage":"unknown"}},{"type":"Feature","geometry":{"type":"Polygon","coordinates":[[[77.401596,28.541096],[77.401579,28.541387],[77.400968,28.541347],[77.400983,28.541066],[77.401596,28.541096]]]},"properties":{"objectid":67130,"plotmapid":"NSEZ78IND","property_t":"Industrial","plotsizesq":0,"plot_no":"78","sector":"NSEZ","mplanduse":"B","ppt_type":"IND","ppt_full":"Industrial","authority":"NOIDA","category":"industrial","execution_stage":"unknown"}},{"type":"Feature","geometry":{"type":"Polygon","coordinates":[[[77.40221,28.541125],[77.402193,28.541427],[77.401579,28.541387],[77.401596,28.541096],[77.40221,28.541125]]]},"properties":{"objectid":67131,"plotmapid":"NSEZ77IND","property_t":"Industrial","plotsizesq":0,"plot_no":"77","sector":"NSEZ","mplanduse":"B","ppt_type":"IND","ppt_full":"Industrial","authority":"NOIDA","category":"industrial","execution_stage":"unknown"}},{"type":"Feature","geometry":{"type":"Polygon","coordinates":[[[77.40161,28.540837],[77.401596,28.541096],[77.400983,28.541066],[77.400997,28.540813],[77.40161,28.540837]]]},"properties":{"objectid":67132,"plotmapid":"NSEZ79IND","property_t":"Industrial","plotsizesq":0,"plot_no":"79","sector":"NSEZ","mplanduse":"B","ppt_type":"IND","ppt_full":"Industrial","authority":"NOIDA","category":"industrial","execution_stage":"unknown"}},{"type":"Feature","geometry":{"type":"Polygon","coordinates":[[[77.402225,28.540862],[77.40221,28.541125],[77.401596,28.541096],[77.40161,28.540837],[77.402225,28.540862]]]},"properties":{"objectid":67133,"plotmapid":"NSEZ76IND","property_t":"Industrial","plotsizesq":0,"plot_no":"76","sector":"NSEZ","mplanduse":"B","ppt_type":"IND","ppt_full":"Industrial","authority":"NOIDA","category":"industrial","execution_stage":"unknown"}},{"type":"Feature","geometry":{"type":"Polygon","coordinates":[[[77.401628,28.540535],[77.40161,28.540837],[77.400997,28.540813],[77.401012,28.540512],[77.401628,28.540535]]]},"properties":{"objectid":67134,"plotmapid":"NSEZ80IND","property_t":"Industrial","plotsizesq":0,"plot_no":"80","sector":"NSEZ","mplanduse":"B","ppt_type":"IND","ppt_full":"Industrial","authority":"NOIDA","category":"industrial","execution_stage":"unknown"}},{"type":"Feature","geometry":{"type":"Polygon","coordinates":[[[77.40224,28.540591],[77.402225,28.540862],[77.40161,28.540837],[77.401628,28.540535],[77.40224,28.540591]]]},"properties":{"objectid":67135,"plotmapid":"NSEZ75IND","property_t":"Industrial","plotsizesq":0,"plot_no":"75","sector":"NSEZ","mplanduse":"B","ppt_type":"IND","ppt_full":"Industrial","authority":"NOIDA","category":"industrial","execution_stage":"unknown"}},{"type":"Feature","geometry":{"type":"Polygon","coordinates":[[[77.401643,28.540256],[77.401628,28.540535],[77.401012,28.540512],[77.401027,28.540227],[77.401643,28.540256]]]},"properties":{"objectid":67136,"plotmapid":"NSEZ81IND","property_t":"Industrial","plotsizesq":0,"plot_no":"81","sector":"NSEZ","mplanduse":"B","ppt_type":"IND","ppt_full":"Industrial","authority":"NOIDA","category":"industrial","execution_stage":"unknown"}},{"type":"Feature","geometry":{"type":"Polygon","coordinates":[[[77.402255,28.540324],[77.40224,28.540591],[77.401628,28.540535],[77.401643,28.540256],[77.402255,28.540324]]]},"properties":{"objectid":67137,"plotmapid":"NSEZ74IND","property_t":"Industrial","plotsizesq":0,"plot_no":"74","sector":"NSEZ","mplanduse":"B","ppt_type":"IND","ppt_full":"Industrial","authority":"NOIDA","category":"industrial","execution_stage":"unknown"}},{"type":"Feature","geometry":{"type":"Polygon","coordinates":[[[77.401658,28.539998],[77.401643,28.540256],[77.401027,28.540227],[77.401045,28.539967],[77.401658,28.539998]]]},"properties":{"objectid":67138,"plotmapid":"NSEZ82IND","property_t":"Industrial","plotsizesq":0,"plot_no":"82","sector":"NSEZ","mplanduse":"B","ppt_type":"IND","ppt_full":"Industrial","authority":"NOIDA","category":"industrial","execution_stage":"unknown"}},{"type":"Feature","geometry":{"type":"Polygon","coordinates":[[[77.402271,28.540029],[77.402255,28.540324],[77.401643,28.540256],[77.401658,28.539998],[77.402271,28.540029]]]},"properties":{"objectid":67140,"plotmapid":"NSEZ73IND","property_t":"Industrial","plotsizesq":0,"plot_no":"73","sector":"NSEZ","mplanduse":"B","ppt_type":"IND","ppt_full":"Industrial","authority":"NOIDA","category":"industrial","execution_stage":"unknown"}}]}
