{"type":"FeatureCollection","features":[{"type":"Feature","geometry":{"type":"Polygon","coordinates":[[[77.416359,28.530601],[77.41639,28.530621],[77.415834,28.530569],[77.415892,28.530288],[77.416359,28.530601]]]},"properties":{"objectid":60473,"plotmapid":"87A004IND","property_t":"Industrial","used":"NA","plotsizesq":915.76,"plot_size":"915.76 SQMT","plot_no":"004","sector":"87","block":"A","mplanduse":"V","ppt_type":"IND","ppt_full":"Industrial","remark":"As per drone is vacant ,not Alloted & not buildup","authority":"NOIDA","category":"industrial","execution_stage":"unknown"}},{"type":"Feature","geometry":{"type":"Polygon","coordinates":[[[77.420274,28.529897],[77.420156,28.530973],[77.418042,28.530775],[77.418114,28.530189],[77.418538,28.529961],[77.41854,28.529928],[77.418406,28.529725],[77.420274,28.529897]]]},"properties":{"objectid":60475,"plotmapid":"87A006IND","property_t":"Industrial","used":"NA","plotsizesq":23540,"plot_size":"23540 SQMT","plot_no":"006","sector":"87","block":"A","mplanduse":"B","ppt_type":"IND","ppt_full":"Industrial","authority":"NOIDA","category":"industrial","execution_stage":"unknown"}},{"type":"Feature","geometry":{"type":"Polygon","coordinates":[[[77.418456,28.529731],[77.418406,28.529725],[77.418027,28.529075],[77.418054,28.528742],[77.420373,28.52899],[77.420274,28.529897],[77.418456,28.529731]]]},"properties":{"objectid":60517,"plotmapid":"87A007IND","property_t":"Industrial","used":"NA","plotsizesq":20600,"plot_size":"20600 SQMT","plot_no":"007","sector":"87","block":"A","mplanduse":"ISSUE","ppt_type":"IND","ppt_full":"Industrial","authority":"NOIDA","category":"industrial","execution_stage":"unknown"}},{"type":"Feature","geometry":{"type":"Polygon","coordinates":[[[77.418114,28.530189],[77.418042,28.530775],[77.417738,28.530747],[77.417608,28.530455],[77.418114,28.530189]]]},"properties":{"objectid":60841,"plotmapid":"87A005IND","property_t":"Industrial","used":"NA","plotsizesq":0,"plot_no":"005","sector":"87","block":"A","mplanduse":"V","ppt_type":"IND","ppt_full":"Industrial","remark":"As per drone is vacant ,not Alloted & not buildup","authority":"NOIDA","category":"industrial","execution_stage":"unknown"}},{"type":"Feature","geometry":{"type":"Polygon","coordinates":[[[77.417601,28.536443],[77.418195,28.536501],[77.418031,28.537708],[77.417423,28.537648],[77.417576,28.536441],[77.417601,28.536443]]]},"properties":{"objectid":60845,"plotmapid":"PHASE-IIC036IND","property_t":"Industrial","plotsizesq":0,"plot_size":"8100 SQM.","plot_no":"036","sector":"PHASE-II","block":"C","mplanduse":"V","ppt_type":"IND","ppt_full":"Industrial","authority":"NOIDA","category":"industrial","execution_stage":"unknown"}},{"type":"Feature","geometry":{"type":"Polygon","coordinates":[[[77.420425,28.538851],[77.420199,28.539161],[77.41934,28.538667],[77.419561,28.538365],[77.420425,28.538851]]]},"properties":{"objectid":60852,"plotmapid":"PHASE-IIC028IND","property_t":"Industrial","plotsizesq":0,"plot_size":"8100 SQM.","plot_no":"028","sector":"PHASE-II","block":"C","mplanduse":"B","ppt_type":"IND","ppt_full":"Industrial","authority":"NOIDA","category":"industrial","execution_stage":"unknown"}},{"type":"Feature","geometry":{"type":"Polygon","coordinates":[[[77.41995,28.536702],[77.419973,28.536584],[77.420974,28.536498],[77.420868,28.537293],[77.419865,28.537158],[77.41995,28.536702]]]},"properties":{"objectid":60867,"plotmapid":"PHASE-IIC033IND","property_t":"Industrial","plotsizesq":0,"plot_no":"033","sector":"PHASE-II","block":"C","mplanduse":"B","ppt_type":"IND","ppt_full":"Industrial","authority":"NOIDA","category":"industrial","execution_stage":"unknown"}},{"type":"Feature","geometry":{"type":"Polygon","coordinates":[[[77.420868,28.537293],[77.420837,28.537478],[77.419833,28.537337],[77.419865,28.537158],[77.420868,28.537293]]]},"properties":{"objectid":60887,"plotmapid":"PHASE-IIC032BIND","property_t":"Industrial","plotsizesq":0,"plot_no":"032B","sector":"PHASE-II","block":"C","mplanduse":"B","ppt_type":"IND","ppt_full":"Industrial","authority":"NOIDA","category":"industrial","execution_stage":"unknown"}},{"type":"Feature","geometry":{"type":"Polygon","coordinates":[[[77.420837,28.537478],[77.420808,28.537653],[77.419798,28.537512],[77.419833,28.537337],[77.420837,28.537478]]]},"properties":{"objectid":60888,"plotmapid":"PHASE-IIC032AIND","property_t":"Industrial","plotsizesq":0,"plot_no":"032A","sector":"PHASE-II","block":"C","mplanduse":"B","ppt_type":"IND","ppt_full":"Industrial","authority":"NOIDA","category":"industrial","execution_stage":"unknown"}},{"type":"Feature","geometry":{"type":"Polygon","coordinates":[[[77.415754,28.536262],[77.415601,28.537469],[77.414985,28.537409],[77.415138,28.536201],[77.415754,28.536262]]]},"properties":{"objectid":60910,"plotmapid":"PHASE-IIC040IND","property_t":"Industrial","plotsizesq":0,"plot_size":"8100 SQM.","plot_no":"040","sector":"PHASE-II","block":"C","mplanduse":"B","ppt_type":"IND","ppt_full":"Industrial","authority":"NOIDA","category":"industrial","execution_stage":"unknown"}},{"type":"Feature","geometry":{"type":"Polygon","coordinates":[[[77.41637,28.536322],[77.416216,28.53753],[77.415601,28.537469],[77.415754,28.536262],[77.41637,28.536322]]]},"properties":{"objectid":60911,"plotmapid":"PHASE-IIC039IND","property_t":"Industrial","plotsizesq":0,"plot_size":"8100 SQM.","plot_no":"039","sector":"PHASE-II","block":"C","mplanduse":"B","ppt_type":"IND","ppt_full":"Industrial","authority":"NOIDA","category":"industrial","execution_stage":"unknown"}},{"type":"Feature","geometry":{"type":"Polygon","coordinates":[[[77.416985,28.536383],[77.416832,28.53759],[77.416216,28.53753],[77.41637,28.536322],[77.416985,28.536383]]]},"properties":{"objectid":60912,"plotmapid":"PHASE-IIC038IND","property_t":"Industrial","plotsizesq":0,"plot_size":"8100 SQM.","plot_no":"038","sector":"PHASE-II","block":"C","mplanduse":"B","ppt_type":"IND","ppt_full":"Industrial","authority":"NOIDA","category":"industrial","execution_stage":"unknown"}},{"type":"Feature","geometry":{"type":"Polygon","coordinates":[[[77.417576,28.536441],[77.417423,28.537648],[77.416832,28.53759],[77.416985,28.536383],[77.417576,28.536441]]]},"properties":{"objectid":60913,"plotmapid":"PHASE-IIC037IND","property_t":"Industrial","plotsizesq":0,"plot_size":"8100 SQM.","plot_no":"037","sector":"PHASE-II","block":"C","mplanduse":"B","ppt_type":"IND","ppt_full":"Industrial","authority":"NOIDA","category":"industrial","execution_stage":"unknown"}},{"type":"Feature","geometry":{"type":"Polygon","coordinates":[[[77.418217,28.536504],[77.418798,28.536561],[77.418649,28.537768],[77.418031,28.537708],[77.418195,28.536501],[77.418217,28.536504]]]},"properties":{"objectid":60914,"plotmapid":"PHASE-IIC035IND","property_t":"Industrial","plotsizesq":0,"plot_size":"8100 SQM.","plot_no":"035","sector":"PHASE-II","block":"C","mplanduse":"B","ppt_type":"IND","ppt_full":"Industrial","authority":"NOIDA","category":"industrial","execution_stage":"unknown"}},{"type":"Feature","geometry":{"type":"Polygon","coordinates":[[[77.418679,28.537771],[77.418649,28.537768],[77.418798,28.536561],[77.419497,28.536628],[77.419284,28.537831],[77.418679,28.537771]]]},"properties":{"objectid":60915,"plotmapid":"PHASE-IIC034IND","property_t":"Industrial","plotsizesq":0,"plot_size":"8100 SQM.","plot_no":"034","sector":"PHASE-II","block":"C","mplanduse":"B","ppt_type":"IND","ppt_full":"Industrial","authority":"NOIDA","category":"industrial","execution_stage":"unknown"}},{"type":"Feature","geometry":{"type":"Polygon","coordinates":[[[77.420199,28.537568],[77.420808,28.537653],[77.420741,28.538022],[77.419736,28.537867],[77.419798,28.537512],[77.420199,28.537568]]]},"properties":{"objectid":60916,"plotmapid":"PHASE-IIC031IND","property_t":"Industrial","plotsizesq":0,"plot_no":"031","sector":"PHASE-II","block":"C","mplanduse":"B","ppt_type":"IND","ppt_full":"Industrial","authority":"NOIDA","category":"industrial","execution_stage":"unknown"}},{"type":"Feature","geometry":{"type":"Polygon","coordinates":[[[77.418063,28.537711],[77.419284,28.537831],[77.41925,28.538003],[77.418979,28.538398],[77.41795,28.538308],[77.418031,28.537708],[77.418063,28.537711]]]},"properties":{"objectid":60925,"plotmapid":"PHASE-IIC048IND","property_t":"Industrial","plotsizesq":0,"plot_no":"048","sector":"PHASE-II","block":"C","mplanduse":"B","ppt_type":"IND","ppt_full":"Industrial","authority":"NOIDA","category":"industrial","execution_stage":"unknown"}},{"type":"Feature","geometry":{"type":"Polygon","coordinates":[[[77.420741,28.538022],[77.420568,28.538497],[77.419697,28.53798],[77.419736,28.537867],[77.420741,28.538022]]]},"properties":{"objectid":60926,"plotmapid":"PHASE-IIC030IND","property_t":"Industrial","plotsizesq":0,"plot_no":"030","sector":"PHASE-II","block":"C","mplanduse":"B","ppt_type":"IND","ppt_full":"Industrial","authority":"NOIDA","category":"industrial","execution_stage":"unknown"}},{"type":"Feature","geometry":{"type":"Polygon","coordinates":[[[77.419743,28.538007],[77.420568,28.538497],[77.420469,28.538769],[77.420425,28.538851],[77.419561,28.538365],[77.419697,28.53798],[77.419743,28.538007]]]},"properties":{"objectid":60936,"plotmapid":"PHASE-IIC029IND","property_t":"Industrial","plotsizesq":0,"plot_size":"8100 SQM.","plot_no":"029","sector":"PHASE-II","block":"C","mplanduse":"B","ppt_type":"IND","ppt_full":"Industrial","authority":"NOIDA","category":"industrial","execution_stage":"unknown"}},{"type":"Feature","geometry":{"type":"Polygon","coordinates":[[[77.416216,28.53753],[77.416063,28.538737],[77.415448,28.538676],[77.415601,28.537469],[77.416216,28.53753]]]},"properties":{"objectid":60959,"plotmapid":"PHASE-IIC044IND","property_t":"Industrial","plotsizesq":0,"plot_size":"8100 SQM.","plot_no":"044","sector":"PHASE-II","block":"C","mplanduse":"B","ppt_type":"IND","ppt_full":"Industrial","authority":"NOIDA","category":"industrial","execution_stage":"unknown"}},{"type":"Feature","geometry":{"type":"Polygon","coordinates":[[[77.416832,28.53759],[77.416679,28.538797],[77.416063,28.538737],[77.416216,28.53753],[77.416832,28.53759]]]},"properties":{"objectid":60960,"plotmapid":"PHASE-IIC045IND","property_t":"Industrial","plotsizesq":0,"plot_size":"8100 SQM.","plot_no":"045","sector":"PHASE-II","block":"C","mplanduse":"B","ppt_type":"IND","ppt_full":"Industrial","authority":"NOIDA","category":"industrial","execution_stage":"unknown"}},{"type":"Feature","geometry":{"type":"Polygon","coordinates":[[[77.417423,28.537648],[77.41727,28.538868],[77.417243,28.538853],[77.416679,28.538797],[77.416832,28.53759],[77.417423,28.537648]]]},"properties":{"objectid":60961,"plotmapid":"PHASE-IIC046IND","property_t":"Industrial","plotsizesq":0,"plot_size":"8100 SQM.","plot_no":"046","sector":"PHASE-II","block":"C","mplanduse":"B","ppt_type":"IND","ppt_full":"Industrial","authority":"NOIDA","category":"industrial","execution_stage":"unknown"}},{"type":"Feature","geometry":{"type":"Polygon","coordinates":[[[77.417448,28.53765],[77.418031,28.537708],[77.417823,28.539241],[77.41727,28.538868],[77.417423,28.537648],[77.417448,28.53765]]]},"properties":{"objectid":60979,"plotmapid":"PHASE-IIC047IND","property_t":"Industrial","plotsizesq":0,"plot_size":"8100 SQM.","plot_no":"047","sector":"PHASE-II","block":"C","mplanduse":"B","ppt_type":"IND","ppt_full":"Industrial","authority":"NOIDA","category":"industrial","execution_stage":"unknown"}},{"type":"Feature","geometry":{"type":"Polygon","coordinates":[[[77.41934,28.538667],[77.420199,28.539161],[77.419977,28.539463],[77.419118,28.53897],[77.41934,28.538667]]]},"properties":{"objectid":60980,"plotmapid":"PHASE-IIC027IND","property_t":"Industrial","plotsizesq":0,"plot_size":"8100 SQM.","plot_no":"027","sector":"PHASE-II","block":"C","mplanduse":"B","ppt_type":"IND","ppt_full":"Industrial","authority":"NOIDA","category":"industrial","execution_stage":"unknown"}},{"type":"Feature","geometry":{"type":"Polygon","coordinates":[[[77.419977,28.539463],[77.419755,28.539767],[77.418904,28.539277],[77.419118,28.53897],[77.419977,28.539463]]]},"properties":{"objectid":60991,"plotmapid":"PHASE-IIC026IND","property_t":"Industrial","plotsizesq":0,"plot_size":"8100 SQM.","plot_no":"026","sector":"PHASE-II","block":"C","mplanduse":"B","ppt_type":"IND","ppt_full":"Industrial","authority":"NOIDA","category":"industrial","execution_stage":"unknown"}},{"type":"Feature","geometry":{"type":"Polygon","coordinates":[[[77.419755,28.539767],[77.419534,28.540075],[77.418678,28.539574],[77.418904,28.539277],[77.419755,28.539767]]]},"properties":{"objectid":60994,"plotmapid":"PHASE-IIC025IND","property_t":"Industrial","plotsizesq":0,"plot_size":"8100 SQM.","plot_no":"025","sector":"PHASE-II","block":"C","mplanduse":"B","ppt_type":"IND","ppt_full":"Industrial","authority":"NOIDA","category":"industrial","execution_stage":"unknown"}},{"type":"Feature","geometry":{"type":"Polygon","coordinates":[[[77.419534,28.540075],[77.419321,28.540368],[77.418455,28.539878],[77.418678,28.539574],[77.419534,28.540075]]]},"properties":{"objectid":60995,"plotmapid":"PHASE-IIC024IND","property_t":"Industrial","plotsizesq":0,"plot_size":"8100 SQM.","plot_no":"024","sector":"PHASE-II","block":"C","mplanduse":"B","ppt_type":"IND","ppt_full":"Industrial","authority":"NOIDA","category":"industrial","execution_stage":"unknown"}},{"type":"Feature","geometry":{"type":"Polygon","coordinates":[[[77.417961,28.539804],[77.417258,28.54076],[77.41601,28.540626],[77.416192,28.539224],[77.41708,28.539335],[77.417961,28.539804]]]},"properties":{"objectid":61108,"plotmapid":"PHASE-IIC049IND","property_t":"Industrial","plotsizesq":0,"plot_no":"049","sector":"PHASE-II","block":"C","mplanduse":"B","ppt_type":"IND","ppt_full":"Industrial","authority":"NOIDA","category":"industrial","execution_stage":"unknown"}},{"type":"Feature","geometry":{"type":"Polygon","coordinates":[[[77.416192,28.539224],[77.41601,28.540626],[77.414717,28.540489],[77.414902,28.539063],[77.416192,28.539224]]]},"properties":{"objectid":61115,"plotmapid":"PHASE-IIC050IND","property_t":"Industrial","plotsizesq":0,"plot_no":"050","sector":"PHASE-II","block":"C","mplanduse":"B","ppt_type":"IND","ppt_full":"Industrial","authority":"NOIDA","category":"industrial","execution_stage":"unknown"}},{"type":"Feature","geometry":{"type":"Polygon","coordinates":[[[77.421875,28.528656],[77.422143,28.528929],[77.421984,28.529052],[77.42172,28.528774],[77.421875,28.528656]]]},"properties":{"objectid":61369,"plotmapid":"88B024IND","property_t":"Industrial","used":"NA","allotted_p":"Yes","plotsizesq":800,"plot_size":"800 SQMT","plot_no":"024","sector":"88","block":"B","mplanduse":"B","ppt_type":"IND","ppt_full":"Industrial","authority":"NOIDA","category":"industrial","execution_stage":"allotted"}},{"type":"Feature","geometry":{"type":"Polygon","coordinates":[[[77.422182,28.52842],[77.42245,28.528691],[77.422294,28.52881],[77.422031,28.528543],[77.422182,28.52842]]]},"properties":{"objectid":61370,"plotmapid":"88B022IND","property_t":"Industrial","used":"NA","allotted_p":"Yes","plotsizesq":800,"plot_size":"800 SQMT","plot_no":"022","sector":"88","block":"B","mplanduse":"V","ppt_type":"IND","ppt_full":"Industrial","authority":"NOIDA","category":"industrial","execution_stage":"allotted"}},{"type":"Feature","geometry":{"type":"Polygon","coordinates":[[[77.423063,28.529516],[77.423045,28.529694],[77.422944,28.529686],[77.422962,28.529508],[77.423063,28.529516]]]},"properties":{"objectid":61371,"plotmapid":"88B066IND","property_t":"Industrial","used":"NA","allotted_p":"Yes","plotsizesq":200,"plot_size":"200 SQMT","plot_no":"066","sector":"88","block":"B","mplanduse":"V","ppt_type":"IND","ppt_full":"Industrial","authority":"NOIDA","category":"industrial","execution_stage":"allotted"}},{"type":"Feature","geometry":{"type":"Polygon","coordinates":[[[77.423391,28.529357],[77.423372,28.529538],[77.423267,28.529531],[77.423285,28.52935],[77.423391,28.529357]]]},"properties":{"objectid":61372,"plotmapid":"88B086IND","property_t":"Industrial","used":"NA","allotted_p":"Yes","plotsizesq":200,"plot_size":"200 SQMT","plot_no":"086","sector":"88","block":"B","mplanduse":"B","ppt_type":"IND","ppt_full":"Industrial","authority":"NOIDA","category":"industrial","execution_stage":"allotted"}},{"type":"Feature","geometry":{"type":"Polygon","coordinates":[[[77.422403,28.530115],[77.422386,28.530296],[77.42198,28.530267],[77.421996,28.530083],[77.422403,28.530115]]]},"properties":{"objectid":61373,"plotmapid":"88B038IND","property_t":"Industrial","used":"NA","allotted_p":"Yes","plotsizesq":800,"plot_size":"800 SQMT","plot_no":"038","sector":"88","block":"B","mplanduse":"B","ppt_type":"IND","ppt_full":"Industrial","authority":"NOIDA","category":"industrial","execution_stage":"allotted"}},{"type":"Feature","geometry":{"type":"Polygon","coordinates":[[[77.424429,28.528416],[77.424738,28.528437],[77.424724,28.528577],[77.424416,28.528552],[77.424429,28.528416]]]},"properties":{"objectid":61374,"plotmapid":"88B111IND","property_t":"Industrial","used":"NA","allotted_p":"Yes","plotsizesq":450,"plot_size":"450 SQMT","plot_no":"111","sector":"88","block":"B","mplanduse":"V","ppt_type":"IND","ppt_full":"Industrial","authority":"NOIDA","category":"industrial","execution_stage":"allotted"}},{"type":"Feature","geometry":{"type":"Polygon","coordinates":[[[77.422832,28.52997],[77.422811,28.530148],[77.422403,28.530115],[77.42242,28.529939],[77.422832,28.52997]]]},"properties":{"objectid":61375,"plotmapid":"88B046IND","property_t":"Industrial","used":"NA","allotted_p":"Yes","plotsizesq":800,"plot_size":"800 SQMT","plot_no":"046","sector":"88","block":"B","mplanduse":"V","ppt_type":"IND","ppt_full":"Industrial","authority":"NOIDA","category":"industrial","execution_stage":"allotted"}},{"type":"Feature","geometry":{"type":"Polygon","coordinates":[[[77.422811,28.530148],[77.422791,28.530328],[77.422386,28.530296],[77.422403,28.530115],[77.422811,28.530148]]]},"properties":{"objectid":61376,"plotmapid":"88B045IND","property_t":"Industrial","used":"NA","allotted_p":"Yes","plotsizesq":800,"plot_size":"800 SQMT","plot_no":"045","sector":"88","block":"B","mplanduse":"V","ppt_type":"IND","ppt_full":"Industrial","authority":"NOIDA","category":"industrial","execution_stage":"allotted"}},{"type":"Feature","geometry":{"type":"Polygon","coordinates":[[[77.424575,28.530059],[77.424562,28.530195],[77.424256,28.530172],[77.42427,28.530038],[77.424575,28.530059]]]},"properties":{"objectid":61380,"plotmapid":"88B123IND","property_t":"Industrial","used":"NA","allotted_p":"Yes","plotsizesq":450,"plot_size":"450 SQMT","plot_no":"123","sector":"88","block":"B","mplanduse":"B","ppt_type":"IND","ppt_full":"Industrial","authority":"NOIDA","category":"industrial","execution_stage":"allotted"}},{"type":"Feature","geometry":{"type":"Polygon","coordinates":[[[77.424227,28.530444],[77.424213,28.530583],[77.423908,28.530559],[77.423921,28.530419],[77.424227,28.530444]]]},"properties":{"objectid":61382,"plotmapid":"88B093IND","property_t":"Industrial","used":"NA","allotted_p":"Yes","plotsizesq":450,"plot_size":"450 SQMT","plot_no":"093","sector":"88","block":"B","mplanduse":"V","ppt_type":"IND","ppt_full":"Industrial","authority":"NOIDA","category":"industrial","execution_stage":"allotted"}},{"type":"Feature","geometry":{"type":"Polygon","coordinates":[[[77.424195,28.530767],[77.423885,28.530796],[77.423908,28.530559],[77.424213,28.530583],[77.424195,28.530767]]]},"properties":{"objectid":61384,"plotmapid":"88B092IND","property_t":"Industrial","used":"NA","allotted_p":"Yes","plotsizesq":1152,"plot_no":"092","sector":"88","block":"B","mplanduse":"V","ppt_type":"IND","ppt_full":"Industrial","authority":"NOIDA","category":"industrial","execution_stage":"allotted"}},{"type":"Feature","geometry":{"type":"Polygon","coordinates":[[[77.424537,28.530468],[77.424524,28.530607],[77.424213,28.530583],[77.424227,28.530444],[77.424537,28.530468]]]},"properties":{"objectid":61385,"plotmapid":"88B126IND","property_t":"Industrial","used":"NA","allotted_p":"Yes","plotsizesq":450,"plot_size":"450 SQMT","plot_no":"126","sector":"88","block":"B","mplanduse":"V","ppt_type":"IND","ppt_full":"Industrial","authority":"NOIDA","category":"industrial","execution_stage":"allotted"}},{"type":"Feature","geometry":{"type":"Polygon","coordinates":[[[77.424512,28.530738],[77.424195,28.530767],[77.424213,28.530583],[77.424524,28.530607],[77.424512,28.530738]]]},"properties":{"objectid":61388,"plotmapid":"88B127IND","property_t":"Industrial","used":"NA","allotted_p":"Yes","plotsizesq":982.5,"plot_no":"127","sector":"88","block":"B","mplanduse":"V","ppt_type":"IND","ppt_full":"Industrial","authority":"NOIDA","category":"industrial","execution_stage":"allotted"}},{"type":"Feature","geometry":{"type":"Polygon","coordinates":[[[77.421304,28.528617],[77.421564,28.52889],[77.421555,28.52904],[77.421186,28.528705],[77.421304,28.528617]]]},"properties":{"objectid":61770,"plotmapid":"88B012IND","property_t":"Industrial","used":"NA","allotted_p":"Yes","plotsizesq":623.09,"plot_no":"012","sector":"88","block":"B","mplanduse":"B","ppt_type":"IND","ppt_full":"Industrial","authority":"NOIDA","category":"industrial","execution_stage":"allotted"}},{"type":"Feature","geometry":{"type":"Polygon","coordinates":[[[77.42146,28.5285],[77.42172,28.528774],[77.421564,28.52889],[77.421304,28.528617],[77.42146,28.5285]]]},"properties":{"objectid":61771,"plotmapid":"88B013IND","property_t":"Industrial","used":"NA","allotted_p":"Yes","plotsizesq":800,"plot_size":"800 SQMT","plot_no":"013","sector":"88","block":"B","mplanduse":"B","ppt_type":"IND","ppt_full":"Industrial","authority":"NOIDA","category":"industrial","execution_stage":"allotted"}},{"type":"Feature","geometry":{"type":"Polygon","coordinates":[[[77.42161,28.528378],[77.421875,28.528656],[77.42172,28.528774],[77.42146,28.5285],[77.42161,28.528378]]]},"properties":{"objectid":61772,"plotmapid":"88B014IND","property_t":"Industrial","used":"NA","allotted_p":"Yes","plotsizesq":800,"plot_size":"800 SQMT","plot_no":"014","sector":"88","block":"B","mplanduse":"B","ppt_type":"IND","ppt_full":"Industrial","authority":"NOIDA","category":"industrial","execution_stage":"allotted"}},{"type":"Feature","geometry":{"type":"Polygon","coordinates":[[[77.421765,28.528256],[77.422031,28.528543],[77.421875,28.528656],[77.42161,28.528378],[77.421765,28.528256]]]},"properties":{"objectid":61773,"plotmapid":"88B015IND","property_t":"Industrial","used":"NA","allotted_p":"Yes","plotsizesq":800,"plot_size":"800 SQMT","plot_no":"015","sector":"88","block":"B","mplanduse":"B","ppt_type":"IND","ppt_full":"Industrial","authority":"NOIDA","category":"industrial","execution_stage":"allotted"}},{"type":"Feature","geometry":{"type":"Polygon","coordinates":[[[77.421555,28.52904],[77.421548,28.529177],[77.42114,28.529149],[77.421186,28.528705],[77.421555,28.52904]]]},"properties":{"objectid":61777,"plotmapid":"88B011IND","property_t":"Industrial","used":"NA","allotted_p":"Yes","plotsizesq":1278.65,"plot_no":"011","sector":"88","block":"B","mplanduse":"B","ppt_type":"IND","ppt_full":"Industrial","authority":"NOIDA","category":"industrial","execution_stage":"allotted"}},{"type":"Feature","geometry":{"type":"Polygon","coordinates":[[[77.421548,28.529177],[77.421528,28.52936],[77.421123,28.529327],[77.42114,28.529149],[77.421548,28.529177]]]},"properties":{"objectid":61778,"plotmapid":"88B010IND","property_t":"Industrial","used":"NA","allotted_p":"Yes","plotsizesq":800,"plot_size":"800 SQMT","plot_no":"010","sector":"88","block":"B","mplanduse":"B","ppt_type":"IND","ppt_full":"Industrial","authority":"NOIDA","category":"industrial","execution_stage":"allotted"}},{"type":"Feature","geometry":{"type":"Polygon","coordinates":[[[77.42172,28.528774],[77.421984,28.529052],[77.421951,28.52921],[77.421548,28.529177],[77.421564,28.52889],[77.42172,28.528774]]]},"properties":{"objectid":61779,"plotmapid":"88B025IND","property_t":"Industrial","used":"NA","allotted_p":"Yes","plotsizesq":1413.91,"plot_no":"025","sector":"88","block":"B","mplanduse":"B","ppt_type":"IND","ppt_full":"Industrial","authority":"NOIDA","category":"industrial","execution_stage":"allotted"}},{"type":"Feature","geometry":{"type":"Polygon","coordinates":[[[77.422031,28.528543],[77.422294,28.52881],[77.422143,28.528929],[77.421875,28.528656],[77.422031,28.528543]]]},"properties":{"objectid":61780,"plotmapid":"88B023IND","property_t":"Industrial","used":"NA","allotted_p":"Yes","plotsizesq":800,"plot_size":"800 SQMT","plot_no":"023","sector":"88","block":"B","mplanduse":"B","ppt_type":"IND","ppt_full":"Industrial","authority":"NOIDA","category":"industrial","execution_stage":"allotted"}},{"type":"Feature","geometry":{"type":"Polygon","coordinates":[[[77.422341,28.528303],[77.422605,28.528575],[77.42245,28.528691],[77.422182,28.52842],[77.422341,28.528303]]]},"properties":{"objectid":61781,"plotmapid":"88B021IND","property_t":"Industrial","used":"NA","allotted_p":"Yes","plotsizesq":800,"plot_size":"800 SQMT","plot_no":"021","sector":"88","block":"B","mplanduse":"B","ppt_type":"IND","ppt_full":"Industrial","authority":"NOIDA","category":"industrial","execution_stage":"allotted"}},{"type":"Feature","geometry":{"type":"Polygon","coordinates":[[[77.421528,28.52936],[77.42151,28.52954],[77.421105,28.529507],[77.421123,28.529327],[77.421528,28.52936]]]},"properties":{"objectid":61784,"plotmapid":"88B009IND","property_t":"Industrial","used":"NA","plotsizesq":800,"plot_size":"800 SQMT","plot_no":"009","sector":"88","block":"B","mplanduse":"B","ppt_type":"IND","ppt_full":"Industrial","authority":"NOIDA","category":"industrial","execution_stage":"unknown"}},{"type":"Feature","geometry":{"type":"Polygon","coordinates":[[[77.42151,28.52954],[77.421492,28.52972],[77.421086,28.529688],[77.421105,28.529507],[77.42151,28.52954]]]},"properties":{"objectid":61785,"plotmapid":"88B008IND","property_t":"Industrial","used":"NA","plotsizesq":800,"plot_size":"800 SQMT","plot_no":"008","sector":"88","block":"B","mplanduse":"B","ppt_type":"IND","ppt_full":"Industrial","authority":"NOIDA","category":"industrial","execution_stage":"unknown"}},{"type":"Feature","geometry":{"type":"Polygon","coordinates":[[[77.421951,28.52921],[77.421937,28.529388],[77.421528,28.52936],[77.421548,28.529177],[77.421951,28.52921]]]},"properties":{"objectid":61786,"plotmapid":"88B026IND","property_t":"Industrial","used":"NA","allotted_p":"Yes","plotsizesq":800,"plot_size":"800 SQMT","plot_no":"026","sector":"88","block":"B","mplanduse":"B","ppt_type":"IND","ppt_full":"Industrial","authority":"NOIDA","category":"industrial","execution_stage":"allotted"}},{"type":"Feature","geometry":{"type":"Polygon","coordinates":[[[77.421492,28.52972],[77.421475,28.529898],[77.42107,28.529868],[77.421086,28.529688],[77.421492,28.52972]]]},"properties":{"objectid":61787,"plotmapid":"88B007IND","property_t":"Industrial","used":"NA","plotsizesq":800,"plot_size":"800 SQMT","plot_no":"007","sector":"88","block":"B","mplanduse":"B","ppt_type":"IND","ppt_full":"Industrial","authority":"NOIDA","category":"industrial","execution_stage":"unknown"}},{"type":"Feature","geometry":{"type":"Polygon","coordinates":[[[77.421937,28.529388],[77.421917,28.529568],[77.42151,28.52954],[77.421528,28.52936],[77.421937,28.529388]]]},"properties":{"objectid":61788,"plotmapid":"88B027IND","property_t":"Industrial","used":"NA","allotted_p":"Yes","plotsizesq":800,"plot_size":"800 SQMT","plot_no":"027","sector":"88","block":"B","mplanduse":"B","ppt_type":"IND","ppt_full":"Industrial","authority":"NOIDA","category":"industrial","execution_stage":"allotted"}},{"type":"Feature","geometry":{"type":"Polygon","coordinates":[[[77.421917,28.529568],[77.421898,28.529752],[77.421492,28.52972],[77.42151,28.52954],[77.421917,28.529568]]]},"properties":{"objectid":61789,"plotmapid":"88B028IND","property_t":"Industrial","used":"NA","allotted_p":"Yes","plotsizesq":800,"plot_size":"800 SQMT","plot_no":"028","sector":"88","block":"B","mplanduse":"B","ppt_type":"IND","ppt_full":"Industrial","authority":"NOIDA","category":"industrial","execution_stage":"allotted"}},{"type":"Feature","geometry":{"type":"Polygon","coordinates":[[[77.421475,28.529898],[77.421455,28.53008],[77.421051,28.530048],[77.42107,28.529868],[77.421475,28.529898]]]},"properties":{"objectid":61790,"plotmapid":"88B006IND","property_t":"Industrial","used":"NA","plotsizesq":800,"plot_size":"800 SQMT","plot_no":"006","sector":"88","block":"B","mplanduse":"B","ppt_type":"IND","ppt_full":"Industrial","authority":"NOIDA","category":"industrial","execution_stage":"unknown"}},{"type":"Feature","geometry":{"type":"Polygon","coordinates":[[[77.422073,28.529257],[77.422266,28.529272],[77.422249,28.529452],[77.422054,28.529437],[77.422073,28.529257]]]},"properties":{"objectid":61791,"plotmapid":"88B075IND","property_t":"Industrial","used":"NA","allotted_p":"Yes","plotsizesq":372,"plot_no":"075","sector":"88","block":"B","mplanduse":"B","ppt_type":"IND","ppt_full":"Industrial","authority":"NOIDA","category":"industrial","execution_stage":"allotted"}},{"type":"Feature","geometry":{"type":"Polygon","coordinates":[[[77.42237,28.52928],[77.422353,28.52946],[77.422249,28.529452],[77.422266,28.529272],[77.42237,28.52928]]]},"properties":{"objectid":61792,"plotmapid":"88B076IND","property_t":"Industrial","used":"NA","allotted_p":"Yes","plotsizesq":200,"plot_size":"200 SQMT","plot_no":"076","sector":"88","block":"B","mplanduse":"B","ppt_type":"IND","ppt_full":"Industrial","authority":"NOIDA","category":"industrial","execution_stage":"allotted"}},{"type":"Feature","geometry":{"type":"Polygon","coordinates":[[[77.421898,28.529752],[77.421881,28.529927],[77.421475,28.529898],[77.421492,28.52972],[77.421898,28.529752]]]},"properties":{"objectid":61793,"plotmapid":"88B029IND","property_t":"Industrial","used":"NA","allotted_p":"Yes","plotsizesq":800,"plot_size":"800 SQMT","plot_no":"029","sector":"88","block":"B","mplanduse":"B","ppt_type":"IND","ppt_full":"Industrial","authority":"NOIDA","category":"industrial","execution_stage":"allotted"}},{"type":"Feature","geometry":{"type":"Polygon","coordinates":[[[77.421455,28.53008],[77.421441,28.530257],[77.421034,28.530227],[77.421051,28.530048],[77.421455,28.53008]]]},"properties":{"objectid":61794,"plotmapid":"88B005IND","property_t":"Industrial","used":"NA","plotsizesq":800,"plot_size":"800 SQMT","plot_no":"005","sector":"88","block":"B","mplanduse":"B","ppt_type":"IND","ppt_full":"Industrial","authority":"NOIDA","category":"industrial","execution_stage":"unknown"}},{"type":"Feature","geometry":{"type":"Polygon","coordinates":[[[77.422474,28.529288],[77.422456,28.529468],[77.422353,28.52946],[77.42237,28.52928],[77.422474,28.529288]]]},"properties":{"objectid":61795,"plotmapid":"88B077IND","property_t":"Industrial","used":"NA","allotted_p":"Yes","plotsizesq":200,"plot_size":"200 SQMT","plot_no":"077","sector":"88","block":"B","mplanduse":"B","ppt_type":"IND","ppt_full":"Industrial","authority":"NOIDA","category":"industrial","execution_stage":"allotted"}},{"type":"Feature","geometry":{"type":"Polygon","coordinates":[[[77.422249,28.529452],[77.422232,28.52963],[77.422035,28.529614],[77.422053,28.529437],[77.422249,28.529452]]]},"properties":{"objectid":61796,"plotmapid":"88B074IND","property_t":"Industrial","used":"NA","allotted_p":"Yes","plotsizesq":372,"plot_no":"074","sector":"88","block":"B","mplanduse":"B","ppt_type":"IND","ppt_full":"Industrial","authority":"NOIDA","category":"industrial","execution_stage":"allotted"}},{"type":"Feature","geometry":{"type":"Polygon","coordinates":[[[77.422353,28.52946],[77.422336,28.529638],[77.422232,28.52963],[77.422249,28.529452],[77.422353,28.52946]]]},"properties":{"objectid":61797,"plotmapid":"88B073IND","property_t":"Industrial","used":"NA","allotted_p":"Yes","plotsizesq":200,"plot_size":"200 SQMT","plot_no":"073","sector":"88","block":"B","mplanduse":"B","ppt_type":"IND","ppt_full":"Industrial","authority":"NOIDA","category":"industrial","execution_stage":"allotted"}},{"type":"Feature","geometry":{"type":"Polygon","coordinates":[[[77.422577,28.529296],[77.42256,28.529476],[77.422456,28.529468],[77.422474,28.529288],[77.422577,28.529296]]]},"properties":{"objectid":61798,"plotmapid":"88B078IND","property_t":"Industrial","used":"NA","allotted_p":"Yes","plotsizesq":200,"plot_size":"200 SQMT","plot_no":"078","sector":"88","block":"B","mplanduse":"B","ppt_type":"IND","ppt_full":"Industrial","authority":"NOIDA","category":"industrial","execution_stage":"allotted"}},{"type":"Feature","geometry":{"type":"Polygon","coordinates":[[[77.421441,28.530257],[77.421425,28.530439],[77.421015,28.530409],[77.421034,28.530227],[77.421441,28.530257]]]},"properties":{"objectid":61799,"plotmapid":"88B004IND","property_t":"Industrial","used":"NA","plotsizesq":800,"plot_size":"800 SQMT","plot_no":"004","sector":"88","block":"B","mplanduse":"B","ppt_type":"IND","ppt_full":"Industrial","authority":"NOIDA","category":"industrial","execution_stage":"unknown"}},{"type":"Feature","geometry":{"type":"Polygon","coordinates":[[[77.421881,28.529927],[77.421864,28.530107],[77.421455,28.53008],[77.421475,28.529898],[77.421881,28.529927]]]},"properties":{"objectid":61800,"plotmapid":"88B030IND","property_t":"Industrial","used":"NA","allotted_p":"Yes","plotsizesq":800,"plot_size":"800 SQMT","plot_no":"030","sector":"88","block":"B","mplanduse":"B","ppt_type":"IND","ppt_full":"Industrial","authority":"NOIDA","category":"industrial","execution_stage":"allotted"}},{"type":"Feature","geometry":{"type":"Polygon","coordinates":[[[77.422677,28.529304],[77.422658,28.529484],[77.42256,28.529476],[77.422577,28.529296],[77.422677,28.529304]]]},"properties":{"objectid":61801,"plotmapid":"88B079IND","property_t":"Industrial","used":"NA","allotted_p":"Yes","plotsizesq":200,"plot_size":"200 SQMT","plot_no":"079","sector":"88","block":"B","mplanduse":"B","ppt_type":"IND","ppt_full":"Industrial","authority":"NOIDA","category":"industrial","execution_stage":"allotted"}},{"type":"Feature","geometry":{"type":"Polygon","coordinates":[[[77.422456,28.529468],[77.422439,28.529646],[77.422336,28.529638],[77.422353,28.52946],[77.422456,28.529468]]]},"properties":{"objectid":61802,"plotmapid":"88B072IND","property_t":"Industrial","used":"NA","allotted_p":"Yes","plotsizesq":200,"plot_size":"200 SQMT","plot_no":"072","sector":"88","block":"B","mplanduse":"B","ppt_type":"IND","ppt_full":"Industrial","authority":"NOIDA","category":"industrial","execution_stage":"allotted"}},{"type":"Feature","geometry":{"type":"Polygon","coordinates":[[[77.422785,28.529312],[77.422768,28.529493],[77.422658,28.529484],[77.422677,28.529304],[77.422785,28.529312]]]},"properties":{"objectid":61803,"plotmapid":"88B080IND","property_t":"Industrial","used":"NA","allotted_p":"Yes","plotsizesq":200,"plot_size":"200 SQMT","plot_no":"080","sector":"88","block":"B","mplanduse":"B","ppt_type":"IND","ppt_full":"Industrial","authority":"NOIDA","category":"industrial","execution_stage":"allotted"}},{"type":"Feature","geometry":{"type":"Polygon","coordinates":[[[77.42256,28.529476],[77.422543,28.529654],[77.422439,28.529646],[77.422456,28.529468],[77.42256,28.529476]]]},"properties":{"objectid":61804,"plotmapid":"88B071IND","property_t":"Industrial","used":"NA","allotted_p":"Yes","plotsizesq":200,"plot_size":"200 SQMT","plot_no":"071","sector":"88","block":"B","mplanduse":"B","ppt_type":"IND","ppt_full":"Industrial","authority":"NOIDA","category":"industrial","execution_stage":"allotted"}},{"type":"Feature","geometry":{"type":"Polygon","coordinates":[[[77.421864,28.530107],[77.421846,28.53029],[77.421441,28.530257],[77.421455,28.53008],[77.421864,28.530107]]]},"properties":{"objectid":61805,"plotmapid":"88B031IND","property_t":"Industrial","used":"NA","allotted_p":"Yes","plotsizesq":800,"plot_size":"800 SQMT","plot_no":"031","sector":"88","block":"B","mplanduse":"B","ppt_type":"IND","ppt_full":"Industrial","authority":"NOIDA","category":"industrial","execution_stage":"allotted"}},{"type":"Feature","geometry":{"type":"Polygon","coordinates":[[[77.421425,28.530439],[77.421405,28.53062],[77.420996,28.530584],[77.421015,28.530409],[77.421425,28.530439]]]},"properties":{"objectid":61806,"plotmapid":"88B003IND","property_t":"Industrial","used":"NA","plotsizesq":800,"plot_size":"800 SQMT","plot_no":"003","sector":"88","block":"B","mplanduse":"B","ppt_type":"IND","ppt_full":"Industrial","authority":"NOIDA","category":"industrial","execution_stage":"unknown"}},{"type":"Feature","geometry":{"type":"Polygon","coordinates":[[[77.422879,28.529319],[77.42286,28.5295],[77.422768,28.529493],[77.422785,28.529312],[77.422879,28.529319]]]},"properties":{"objectid":61807,"plotmapid":"88B081IND","property_t":"Industrial","used":"NA","allotted_p":"Yes","plotsizesq":200,"plot_size":"200 SQMT","plot_no":"081","sector":"88","block":"B","mplanduse":"B","ppt_type":"IND","ppt_full":"Industrial","authority":"NOIDA","category":"industrial","execution_stage":"allotted"}},{"type":"Feature","geometry":{"type":"Polygon","coordinates":[[[77.422658,28.529484],[77.42264,28.529662],[77.422543,28.529654],[77.42256,28.529476],[77.422658,28.529484]]]},"properties":{"objectid":61808,"plotmapid":"88B070IND","property_t":"Industrial","used":"NA","allotted_p":"Yes","plotsizesq":200,"plot_size":"200 SQMT","plot_no":"070","sector":"88","block":"B","mplanduse":"B","ppt_type":"IND","ppt_full":"Industrial","authority":"NOIDA","category":"industrial","execution_stage":"allotted"}},{"type":"Feature","geometry":{"type":"Polygon","coordinates":[[[77.422768,28.529493],[77.422751,28.529671],[77.42264,28.529662],[77.422658,28.529484],[77.422768,28.529493]]]},"properties":{"objectid":61812,"plotmapid":"88B069IND","property_t":"Industrial","used":"NA","allotted_p":"Yes","plotsizesq":200,"plot_size":"200 SQMT","plot_no":"069","sector":"88","block":"B","mplanduse":"B","ppt_type":"IND","ppt_full":"Industrial","authority":"NOIDA","category":"industrial","execution_stage":"allotted"}},{"type":"Feature","geometry":{"type":"Polygon","coordinates":[[[77.422981,28.529327],[77.422962,28.529508],[77.42286,28.5295],[77.422879,28.529319],[77.422981,28.529327]]]},"properties":{"objectid":61813,"plotmapid":"88B082IND","property_t":"Industrial","used":"NA","allotted_p":"Yes","plotsizesq":200,"plot_size":"200 SQMT","plot_no":"082","sector":"88","block":"B","mplanduse":"B","ppt_type":"IND","ppt_full":"Industrial","authority":"NOIDA","category":"industrial","execution_stage":"allotted"}},{"type":"Feature","geometry":{"type":"Polygon","coordinates":[[[77.422437,28.529758],[77.42242,28.529934],[77.422016,28.529903],[77.422035,28.529727],[77.422437,28.529758]]]},"properties":{"objectid":61814,"plotmapid":"88B036IND","property_t":"Industrial","used":"NA","allotted_p":"Yes","plotsizesq":800,"plot_size":"800 SQMT","plot_no":"036","sector":"88","block":"B","mplanduse":"B","ppt_type":"IND","ppt_full":"Industrial","authority":"NOIDA","category":"industrial","execution_stage":"allotted"}},{"type":"Feature","geometry":{"type":"Polygon","coordinates":[[[77.421405,28.53062],[77.421387,28.5308],[77.420981,28.53077],[77.420996,28.530584],[77.421405,28.53062]]]},"properties":{"objectid":61815,"plotmapid":"88B002IND","property_t":"Industrial","used":"NA","plotsizesq":800,"plot_size":"800 SQMT","plot_no":"002","sector":"88","block":"B","mplanduse":"B","ppt_type":"IND","ppt_full":"Industrial","authority":"NOIDA","category":"industrial","execution_stage":"unknown"}},{"type":"Feature","geometry":{"type":"Polygon","coordinates":[[[77.421846,28.53029],[77.421828,28.530468],[77.421425,28.530439],[77.421441,28.530257],[77.421846,28.53029]]]},"properties":{"objectid":61816,"plotmapid":"88B032IND","property_t":"Industrial","used":"NA","allotted_p":"Yes","plotsizesq":800,"plot_size":"800 SQMT","plot_no":"032","sector":"88","block":"B","mplanduse":"B","ppt_type":"IND","ppt_full":"Industrial","authority":"NOIDA","category":"industrial","execution_stage":"allotted"}},{"type":"Feature","geometry":{"type":"Polygon","coordinates":[[[77.42286,28.5295],[77.422842,28.529678],[77.422751,28.529671],[77.422768,28.529493],[77.42286,28.5295]]]},"properties":{"objectid":61817,"plotmapid":"88B068IND","property_t":"Industrial","used":"NA","allotted_p":"Yes","plotsizesq":200,"plot_size":"200 SQMT","plot_no":"068","sector":"88","block":"B","mplanduse":"B","ppt_type":"IND","ppt_full":"Industrial","authority":"NOIDA","category":"industrial","execution_stage":"allotted"}},{"type":"Feature","geometry":{"type":"Polygon","coordinates":[[[77.423082,28.529334],[77.423063,28.529516],[77.422962,28.529508],[77.422981,28.529327],[77.423082,28.529334]]]},"properties":{"objectid":61818,"plotmapid":"88B083IND","property_t":"Industrial","used":"NA","allotted_p":"Yes","plotsizesq":200,"plot_size":"200 SQMT","plot_no":"083","sector":"88","block":"B","mplanduse":"B","ppt_type":"IND","ppt_full":"Industrial","authority":"NOIDA","category":"industrial","execution_stage":"allotted"}},{"type":"Feature","geometry":{"type":"Polygon","coordinates":[[[77.424426,28.528416],[77.424416,28.528552],[77.42411,28.528527],[77.424123,28.528396],[77.424426,28.528416]]]},"properties":{"objectid":61819,"plotmapid":"88B108IND","property_t":"Industrial","used":"NA","allotted_p":"Yes","plotsizesq":450,"plot_size":"450 SQMT","plot_no":"108","sector":"88","block":"B","mplanduse":"B","ppt_type":"IND","ppt_full":"Industrial","authority":"NOIDA","category":"industrial","execution_stage":"allotted"}},{"type":"Feature","geometry":{"type":"Polygon","coordinates":[[[77.423187,28.529342],[77.423161,28.529524],[77.423063,28.529516],[77.423082,28.529334],[77.423187,28.529342]]]},"properties":{"objectid":61820,"plotmapid":"88B084IND","property_t":"Industrial","used":"NA","allotted_p":"Yes","plotsizesq":200,"plot_size":"200 SQMT","plot_no":"084","sector":"88","block":"B","mplanduse":"B","ppt_type":"IND","ppt_full":"Industrial","authority":"NOIDA","category":"industrial","execution_stage":"allotted"}},{"type":"Feature","geometry":{"type":"Polygon","coordinates":[[[77.422962,28.529508],[77.422944,28.529686],[77.422842,28.529678],[77.42286,28.5295],[77.422962,28.529508]]]},"properties":{"objectid":61821,"plotmapid":"88B067IND","property_t":"Industrial","used":"NA","allotted_p":"Yes","plotsizesq":200,"plot_size":"200 SQMT","plot_no":"067","sector":"88","block":"B","mplanduse":"B","ppt_type":"IND","ppt_full":"Industrial","authority":"NOIDA","category":"industrial","execution_stage":"allotted"}},{"type":"Feature","geometry":{"type":"Polygon","coordinates":[[[77.42242,28.529939],[77.422403,28.530115],[77.421996,28.530083],[77.422016,28.529903],[77.42242,28.529939]]]},"properties":{"objectid":61822,"plotmapid":"88B037IND","property_t":"Industrial","used":"NA","allotted_p":"Yes","plotsizesq":800,"plot_size":"800 SQMT","plot_no":"037","sector":"88","block":"B","mplanduse":"B","ppt_type":"IND","ppt_full":"Industrial","authority":"NOIDA","category":"industrial","execution_stage":"allotted"}},{"type":"Feature","geometry":{"type":"Polygon","coordinates":[[[77.421828,28.530468],[77.42181,28.530648],[77.421405,28.53062],[77.421425,28.530439],[77.421828,28.530468]]]},"properties":{"objectid":61823,"plotmapid":"88B033IND","property_t":"Industrial","used":"NA","allotted_p":"Yes","plotsizesq":800,"plot_size":"800 SQMT","plot_no":"033","sector":"88","block":"B","mplanduse":"B","ppt_type":"IND","ppt_full":"Industrial","authority":"NOIDA","category":"industrial","execution_stage":"allotted"}},{"type":"Feature","geometry":{"type":"Polygon","coordinates":[[[77.424413,28.528552],[77.424404,28.528689],[77.424097,28.528664],[77.42411,28.528527],[77.424413,28.528552]]]},"properties":{"objectid":61824,"plotmapid":"88B107IND","property_t":"Industrial","used":"NA","allotted_p":"Yes","plotsizesq":450,"plot_size":"450 SQMT","plot_no":"107","sector":"88","block":"B","mplanduse":"B","ppt_type":"IND","ppt_full":"Industrial","authority":"NOIDA","category":"industrial","execution_stage":"allotted"}},{"type":"Feature","geometry":{"type":"Polygon","coordinates":[[[77.423285,28.52935],[77.423267,28.529531],[77.423161,28.529524],[77.423187,28.529342],[77.423285,28.52935]]]},"properties":{"objectid":61826,"plotmapid":"88B085IND","property_t":"Industrial","used":"NA","allotted_p":"Yes","plotsizesq":200,"plot_size":"200 SQMT","plot_no":"085","sector":"88","block":"B","mplanduse":"B","ppt_type":"IND","ppt_full":"Industrial","authority":"NOIDA","category":"industrial","execution_stage":"allotted"}},{"type":"Feature","geometry":{"type":"Polygon","coordinates":[[[77.423168,28.529524],[77.42315,28.529702],[77.423045,28.529694],[77.423063,28.529516],[77.423168,28.529524]]]},"properties":{"objectid":61827,"plotmapid":"88B065IND","property_t":"Industrial","used":"NA","allotted_p":"Yes","plotsizesq":200,"plot_size":"200 SQMT","plot_no":"065","sector":"88","block":"B","mplanduse":"B","ppt_type":"IND","ppt_full":"Industrial","authority":"NOIDA","category":"industrial","execution_stage":"allotted"}},{"type":"Feature","geometry":{"type":"Polygon","coordinates":[[[77.421387,28.5308],[77.421358,28.531031],[77.420944,28.531074],[77.420981,28.53077],[77.421387,28.5308]]]},"properties":{"objectid":61828,"plotmapid":"88B001IND","property_t":"Industrial","used":"NA","plotsizesq":0,"plot_no":"001","sector":"88","block":"B","mplanduse":"B","ppt_type":"IND","ppt_full":"Industrial","authority":"NOIDA","category":"industrial","execution_stage":"unknown"}},{"type":"Feature","geometry":{"type":"Polygon","coordinates":[[[77.422852,28.529791],[77.422832,28.52997],[77.42242,28.529939],[77.422437,28.529758],[77.422852,28.529791]]]},"properties":{"objectid":61829,"plotmapid":"88B047IND","property_t":"Industrial","used":"NA","allotted_p":"Yes","plotsizesq":800,"plot_size":"800 SQMT","plot_no":"047","sector":"88","block":"B","mplanduse":"B","ppt_type":"IND","ppt_full":"Industrial","authority":"NOIDA","category":"industrial","execution_stage":"allotted"}},{"type":"Feature","geometry":{"type":"Polygon","coordinates":[[[77.424404,28.528689],[77.424392,28.528824],[77.424084,28.528801],[77.424097,28.528664],[77.424404,28.528689]]]},"properties":{"objectid":61830,"plotmapid":"88B106IND","property_t":"Industrial","used":"NA","allotted_p":"Yes","plotsizesq":450,"plot_size":"450 SQMT","plot_no":"106","sector":"88","block":"B","mplanduse":"B","ppt_type":"IND","ppt_full":"Industrial","authority":"NOIDA","category":"industrial","execution_stage":"allotted"}},{"type":"Feature","geometry":{"type":"Polygon","coordinates":[[[77.42181,28.530648],[77.421792,28.530827],[77.421387,28.5308],[77.421405,28.53062],[77.42181,28.530648]]]},"properties":{"objectid":61831,"plotmapid":"88B034IND","property_t":"Industrial","used":"NA","allotted_p":"Yes","plotsizesq":800,"plot_size":"800 SQMT","plot_no":"034","sector":"88","block":"B","mplanduse":"B","ppt_type":"IND","ppt_full":"Industrial","authority":"NOIDA","category":"industrial","execution_stage":"allotted"}},{"type":"Feature","geometry":{"type":"Polygon","coordinates":[[[77.423493,28.529365],[77.423474,28.529545],[77.423372,28.529538],[77.423391,28.529357],[77.423493,28.529365]]]},"properties":{"objectid":61832,"plotmapid":"88B087IND","property_t":"Industrial","used":"NA","allotted_p":"Yes","plotsizesq":200,"plot_size":"200 SQMT","plot_no":"087","sector":"88","block":"B","mplanduse":"B","ppt_type":"IND","ppt_full":"Industrial","authority":"NOIDA","category":"industrial","execution_stage":"allotted"}},{"type":"Feature","geometry":{"type":"Polygon","coordinates":[[[77.423267,28.529531],[77.423249,28.52971],[77.42315,28.529702],[77.423168,28.529524],[77.423267,28.529531]]]},"properties":{"objectid":61833,"plotmapid":"88B064IND","property_t":"Industrial","used":"NA","allotted_p":"Yes","plotsizesq":200,"plot_size":"200 SQMT","plot_no":"064","sector":"88","block":"B","mplanduse":"B","ppt_type":"IND","ppt_full":"Industrial","authority":"NOIDA","category":"industrial","execution_stage":"allotted"}},{"type":"Feature","geometry":{"type":"Polygon","coordinates":[[[77.424387,28.528823],[77.42438,28.528958],[77.424071,28.528936],[77.424084,28.528801],[77.424387,28.528823]]]},"properties":{"objectid":61834,"plotmapid":"88B105IND","property_t":"Industrial","used":"NA","allotted_p":"Yes","plotsizesq":450,"plot_size":"450 SQMT","plot_no":"105","sector":"88","block":"B","mplanduse":"B","ppt_type":"IND","ppt_full":"Industrial","authority":"NOIDA","category":"industrial","execution_stage":"allotted"}},{"type":"Feature","geometry":{"type":"Polygon","coordinates":[[[77.424416,28.528552],[77.424724,28.528577],[77.424712,28.528711],[77.424404,28.528689],[77.424416,28.528552]]]},"properties":{"objectid":61835,"plotmapid":"88B112IND","property_t":"Industrial","used":"NA","allotted_p":"Yes","plotsizesq":450,"plot_size":"450 SQMT","plot_no":"112","sector":"88","block":"B","mplanduse":"B","ppt_type":"IND","ppt_full":"Industrial","authority":"NOIDA","category":"industrial","execution_stage":"allotted"}},{"type":"Feature","geometry":{"type":"Polygon","coordinates":[[[77.423594,28.529373],[77.423575,28.529553],[77.423474,28.529545],[77.423493,28.529365],[77.423594,28.529373]]]},"properties":{"objectid":61836,"plotmapid":"88B088IND","property_t":"Industrial","used":"NA","allotted_p":"Yes","plotsizesq":200,"plot_size":"200 SQMT","plot_no":"088","sector":"88","block":"B","mplanduse":"B","ppt_type":"IND","ppt_full":"Industrial","authority":"NOIDA","category":"industrial","execution_stage":"allotted"}},{"type":"Feature","geometry":{"type":"Polygon","coordinates":[[[77.423372,28.529538],[77.423354,28.529718],[77.423249,28.52971],[77.423267,28.529531],[77.423372,28.529538]]]},"properties":{"objectid":61837,"plotmapid":"88B063IND","property_t":"Industrial","used":"NA","allotted_p":"Yes","plotsizesq":200,"plot_size":"200 SQMT","plot_no":"063","sector":"88","block":"B","mplanduse":"B","ppt_type":"IND","ppt_full":"Industrial","authority":"NOIDA","category":"industrial","execution_stage":"allotted"}},{"type":"Feature","geometry":{"type":"Polygon","coordinates":[[[77.422386,28.530296],[77.422367,28.530477],[77.42196,28.530445],[77.42198,28.530267],[77.422386,28.530296]]]},"properties":{"objectid":61838,"plotmapid":"88B039IND","property_t":"Industrial","used":"NA","allotted_p":"Yes","plotsizesq":800,"plot_size":"800 SQMT","plot_no":"039","sector":"88","block":"B","mplanduse":"B","ppt_type":"IND","ppt_full":"Industrial","authority":"NOIDA","category":"industrial","execution_stage":"allotted"}},{"type":"Feature","geometry":{"type":"Polygon","coordinates":[[[77.423474,28.529545],[77.423456,28.529726],[77.423354,28.529718],[77.423372,28.529538],[77.423474,28.529545]]]},"properties":{"objectid":61839,"plotmapid":"88B062IND","property_t":"Industrial","used":"NA","allotted_p":"Yes","plotsizesq":200,"plot_size":"200 SQMT","plot_no":"062","sector":"88","block":"B","mplanduse":"B","ppt_type":"IND","ppt_full":"Industrial","authority":"NOIDA","category":"industrial","execution_stage":"allotted"}},{"type":"Feature","geometry":{"type":"Polygon","coordinates":[[[77.423616,28.529374],[77.423697,28.529381],[77.423678,28.529561],[77.423575,28.529553],[77.423594,28.529373],[77.423616,28.529374]]]},"properties":{"objectid":61840,"plotmapid":"88B089IND","property_t":"Industrial","used":"NA","allotted_p":"Yes","plotsizesq":200,"plot_size":"200 SQMT","plot_no":"089","sector":"88","block":"B","mplanduse":"B","ppt_type":"IND","ppt_full":"Industrial","authority":"NOIDA","category":"industrial","execution_stage":"allotted"}},{"type":"Feature","geometry":{"type":"Polygon","coordinates":[[[77.424374,28.528957],[77.424366,28.529094],[77.424058,28.529072],[77.424071,28.528936],[77.424374,28.528957]]]},"properties":{"objectid":61841,"plotmapid":"88B104IND","property_t":"Industrial","used":"NA","allotted_p":"Yes","plotsizesq":450,"plot_size":"450 SQMT","plot_no":"104","sector":"88","block":"B","mplanduse":"B","ppt_type":"IND","ppt_full":"Industrial","authority":"NOIDA","category":"industrial","execution_stage":"allotted"}},{"type":"Feature","geometry":{"type":"Polygon","coordinates":[[[77.424404,28.528689],[77.424712,28.528711],[77.424699,28.528846],[77.424392,28.528824],[77.424404,28.528689]]]},"properties":{"objectid":61842,"plotmapid":"88B113IND","property_t":"Industrial","used":"NA","allotted_p":"Yes","plotsizesq":450,"plot_size":"450 SQMT","plot_no":"113","sector":"88","block":"B","mplanduse":"B","ppt_type":"IND","ppt_full":"Industrial","authority":"NOIDA","category":"industrial","execution_stage":"allotted"}},{"type":"Feature","geometry":{"type":"Polygon","coordinates":[[[77.421789,28.530827],[77.421776,28.530987],[77.421358,28.531031],[77.421387,28.5308],[77.421789,28.530827]]]},"properties":{"objectid":61843,"plotmapid":"88B035IND","property_t":"Industrial","used":"NA","allotted_p":"Yes","plotsizesq":866,"plot_no":"035","sector":"88","block":"B","mplanduse":"B","ppt_type":"IND","ppt_full":"Industrial","authority":"NOIDA","category":"industrial","execution_stage":"allotted"}},{"type":"Feature","geometry":{"type":"Polygon","coordinates":[[[77.42372,28.529382],[77.423798,28.529389],[77.42378,28.529569],[77.423678,28.529561],[77.423697,28.529381],[77.42372,28.529382]]]},"properties":{"objectid":61844,"plotmapid":"88B090IND","property_t":"Industrial","used":"NA","allotted_p":"Yes","plotsizesq":200,"plot_size":"200 SQMT","plot_no":"090","sector":"88","block":"B","mplanduse":"B","ppt_type":"IND","ppt_full":"Industrial","authority":"NOIDA","category":"industrial","execution_stage":"allotted"}},{"type":"Feature","geometry":{"type":"Polygon","coordinates":[[[77.423495,28.529547],[77.423575,28.529553],[77.423557,28.529734],[77.423456,28.529726],[77.423474,28.529545],[77.423495,28.529547]]]},"properties":{"objectid":61845,"plotmapid":"88B061IND","property_t":"Industrial","used":"NA","allotted_p":"Yes","plotsizesq":200,"plot_size":"200 SQMT","plot_no":"061","sector":"88","block":"B","mplanduse":"B","ppt_type":"IND","ppt_full":"Industrial","authority":"NOIDA","category":"industrial","execution_stage":"allotted"}},{"type":"Feature","geometry":{"type":"Polygon","coordinates":[[[77.422367,28.530477],[77.422348,28.530658],[77.421942,28.530626],[77.42196,28.530445],[77.422367,28.530477]]]},"properties":{"objectid":61846,"plotmapid":"88B040IND","property_t":"Industrial","used":"NA","allotted_p":"Yes","plotsizesq":800,"plot_size":"800 SQMT","plot_no":"040","sector":"88","block":"B","mplanduse":"B","ppt_type":"IND","ppt_full":"Industrial","authority":"NOIDA","category":"industrial","execution_stage":"allotted"}},{"type":"Feature","geometry":{"type":"Polygon","coordinates":[[[77.424361,28.529093],[77.424352,28.529227],[77.424044,28.529207],[77.424058,28.529072],[77.424361,28.529093]]]},"properties":{"objectid":61848,"plotmapid":"88B103IND","property_t":"Industrial","used":"NA","allotted_p":"Yes","plotsizesq":450,"plot_size":"450 SQMT","plot_no":"103","sector":"88","block":"B","mplanduse":"B","ppt_type":"IND","ppt_full":"Industrial","authority":"NOIDA","category":"industrial","execution_stage":"allotted"}},{"type":"Feature","geometry":{"type":"Polygon","coordinates":[[[77.424571,28.528837],[77.424699,28.528846],[77.424686,28.52898],[77.42438,28.528958],[77.424392,28.528824],[77.424571,28.528837]]]},"properties":{"objectid":61849,"plotmapid":"88B114IND","property_t":"Industrial","used":"NA","allotted_p":"Yes","plotsizesq":450,"plot_size":"450 SQMT","plot_no":"114","sector":"88","block":"B","mplanduse":"B","ppt_type":"IND","ppt_full":"Industrial","authority":"NOIDA","category":"industrial","execution_stage":"allotted"}},{"type":"Feature","geometry":{"type":"Polygon","coordinates":[[[77.423599,28.529555],[77.423678,28.529561],[77.42366,28.529742],[77.423557,28.529734],[77.423575,28.529553],[77.423599,28.529555]]]},"properties":{"objectid":61850,"plotmapid":"88B060IND","property_t":"Industrial","used":"NA","allotted_p":"Yes","plotsizesq":200,"plot_size":"200 SQMT","plot_no":"060","sector":"88","block":"B","mplanduse":"B","ppt_type":"IND","ppt_full":"Industrial","authority":"NOIDA","category":"industrial","execution_stage":"allotted"}},{"type":"Feature","geometry":{"type":"Polygon","coordinates":[[[77.423823,28.529391],[77.423894,28.529396],[77.423875,28.529577],[77.42378,28.529569],[77.423798,28.529389],[77.423823,28.529391]]]},"properties":{"objectid":61851,"plotmapid":"88B091IND","property_t":"Industrial","used":"NA","allotted_p":"Yes","plotsizesq":200,"plot_size":"200 SQMT","plot_no":"091","sector":"88","block":"B","mplanduse":"B","ppt_type":"IND","ppt_full":"Industrial","authority":"NOIDA","category":"industrial","execution_stage":"allotted"}},{"type":"Feature","geometry":{"type":"Polygon","coordinates":[[[77.423702,28.529563],[77.42378,28.529569],[77.423761,28.52975],[77.42366,28.529742],[77.423678,28.529561],[77.423702,28.529563]]]},"properties":{"objectid":61852,"plotmapid":"88B059IND","property_t":"Industrial","used":"NA","allotted_p":"Yes","plotsizesq":200,"plot_size":"200 SQMT","plot_no":"059","sector":"88","block":"B","mplanduse":"B","ppt_type":"IND","ppt_full":"Industrial","authority":"NOIDA","category":"industrial","execution_stage":"allotted"}},{"type":"Feature","geometry":{"type":"Polygon","coordinates":[[[77.423032,28.529802],[77.42344,28.529835],[77.423423,28.530016],[77.423013,28.529983],[77.423032,28.529802]]]},"properties":{"objectid":61854,"plotmapid":"88B048IND","property_t":"Industrial","used":"NA","allotted_p":"Yes","plotsizesq":800,"plot_size":"800 SQMT","plot_no":"048","sector":"88","block":"B","mplanduse":"B","ppt_type":"IND","ppt_full":"Industrial","authority":"NOIDA","category":"industrial","execution_stage":"allotted"}},{"type":"Feature","geometry":{"type":"Polygon","coordinates":[[[77.422791,28.530328],[77.422771,28.530509],[77.422367,28.530477],[77.422386,28.530296],[77.422791,28.530328]]]},"properties":{"objectid":61855,"plotmapid":"88B044IND","property_t":"Industrial","used":"NA","allotted_p":"Yes","plotsizesq":800,"plot_size":"800 SQMT","plot_no":"044","sector":"88","block":"B","mplanduse":"B","ppt_type":"IND","ppt_full":"Industrial","authority":"NOIDA","category":"industrial","execution_stage":"allotted"}},{"type":"Feature","geometry":{"type":"Polygon","coordinates":[[[77.424352,28.529227],[77.424336,28.529362],[77.424031,28.529338],[77.424044,28.529207],[77.424352,28.529227]]]},"properties":{"objectid":61856,"plotmapid":"88B102IND","property_t":"Industrial","used":"NA","allotted_p":"Yes","plotsizesq":450,"plot_size":"450 SQMT","plot_no":"102","sector":"88","block":"B","mplanduse":"B","ppt_type":"IND","ppt_full":"Industrial","authority":"NOIDA","category":"industrial","execution_stage":"allotted"}},{"type":"Feature","geometry":{"type":"Polygon","coordinates":[[[77.424686,28.52898],[77.424673,28.529115],[77.424366,28.529094],[77.42438,28.528958],[77.424686,28.52898]]]},"properties":{"objectid":61857,"plotmapid":"88B115IND","property_t":"Industrial","used":"NA","allotted_p":"Yes","plotsizesq":450,"plot_size":"450 SQMT","plot_no":"115","sector":"88","block":"B","mplanduse":"B","ppt_type":"IND","ppt_full":"Industrial","authority":"NOIDA","category":"industrial","execution_stage":"allotted"}},{"type":"Feature","geometry":{"type":"Polygon","coordinates":[[[77.423806,28.529572],[77.423875,28.529577],[77.423857,28.529758],[77.423761,28.52975],[77.42378,28.529569],[77.423806,28.529572]]]},"properties":{"objectid":61858,"plotmapid":"88B058IND","property_t":"Industrial","used":"NA","allotted_p":"Yes","plotsizesq":200,"plot_size":"200 SQMT","plot_no":"058","sector":"88","block":"B","mplanduse":"B","ppt_type":"IND","ppt_full":"Industrial","authority":"NOIDA","category":"industrial","execution_stage":"allotted"}},{"type":"Feature","geometry":{"type":"Polygon","coordinates":[[[77.421909,28.530954],[77.421942,28.530626],[77.422348,28.530658],[77.422318,28.530936],[77.421907,28.530977],[77.421909,28.530954]]]},"properties":{"objectid":61859,"plotmapid":"88B041IND","property_t":"Industrial","used":"NA","allotted_p":"Yes","plotsizesq":1414,"plot_no":"041","sector":"88","block":"B","mplanduse":"B","ppt_type":"IND","ppt_full":"Industrial","authority":"NOIDA","category":"industrial","execution_stage":"allotted"}},{"type":"Feature","geometry":{"type":"Polygon","coordinates":[[[77.424673,28.529115],[77.424657,28.529251],[77.424352,28.529227],[77.424366,28.529094],[77.424673,28.529115]]]},"properties":{"objectid":61861,"plotmapid":"88B116IND","property_t":"Industrial","used":"NA","allotted_p":"Yes","plotsizesq":450,"plot_size":"450 SQMT","plot_no":"116","sector":"88","block":"B","mplanduse":"B","ppt_type":"IND","ppt_full":"Industrial","authority":"NOIDA","category":"industrial","execution_stage":"allotted"}},{"type":"Feature","geometry":{"type":"Polygon","coordinates":[[[77.424031,28.529338],[77.424336,28.529362],[77.424323,28.529498],[77.424018,28.529474],[77.424031,28.529338]]]},"properties":{"objectid":61862,"plotmapid":"88B101IND","property_t":"Industrial","used":"NA","allotted_p":"Yes","plotsizesq":450,"plot_size":"450 SQMT","plot_no":"101","sector":"88","block":"B","mplanduse":"B","ppt_type":"IND","ppt_full":"Industrial","authority":"NOIDA","category":"industrial","execution_stage":"allotted"}},{"type":"Feature","geometry":{"type":"Polygon","coordinates":[[[77.423423,28.530016],[77.423406,28.530196],[77.422995,28.530164],[77.423013,28.529983],[77.423423,28.530016]]]},"properties":{"objectid":61864,"plotmapid":"88B049IND","property_t":"Industrial","used":"NA","allotted_p":"Yes","plotsizesq":800,"plot_size":"800 SQMT","plot_no":"049","sector":"88","block":"B","mplanduse":"B","ppt_type":"IND","ppt_full":"Industrial","authority":"NOIDA","category":"industrial","execution_stage":"allotted"}},{"type":"Feature","geometry":{"type":"Polygon","coordinates":[[[77.422771,28.530509],[77.422752,28.53069],[77.422348,28.530658],[77.422367,28.530477],[77.422771,28.530509]]]},"properties":{"objectid":61865,"plotmapid":"88B043IND","property_t":"Industrial","used":"NA","allotted_p":"Yes","plotsizesq":800,"plot_size":"800 SQMT","plot_no":"043","sector":"88","block":"B","mplanduse":"B","ppt_type":"IND","ppt_full":"Industrial","authority":"NOIDA","category":"industrial","execution_stage":"allotted"}},{"type":"Feature","geometry":{"type":"Polygon","coordinates":[[[77.424018,28.529474],[77.424323,28.529498],[77.42431,28.529633],[77.424004,28.529609],[77.424018,28.529474]]]},"properties":{"objectid":61867,"plotmapid":"88B100IND","property_t":"Industrial","used":"NA","allotted_p":"Yes","plotsizesq":450,"plot_size":"450 SQMT","plot_no":"100","sector":"88","block":"B","mplanduse":"B","ppt_type":"IND","ppt_full":"Industrial","authority":"NOIDA","category":"industrial","execution_stage":"allotted"}},{"type":"Feature","geometry":{"type":"Polygon","coordinates":[[[77.424657,28.529251],[77.424641,28.529386],[77.424336,28.529362],[77.424352,28.529227],[77.424657,28.529251]]]},"properties":{"objectid":61868,"plotmapid":"88B117IND","property_t":"Industrial","used":"NA","allotted_p":"Yes","plotsizesq":450,"plot_size":"450 SQMT","plot_no":"117","sector":"88","block":"B","mplanduse":"B","ppt_type":"IND","ppt_full":"Industrial","authority":"NOIDA","category":"industrial","execution_stage":"allotted"}},{"type":"Feature","geometry":{"type":"Polygon","coordinates":[[[77.422995,28.530164],[77.423406,28.530196],[77.423388,28.530377],[77.422979,28.530345],[77.422995,28.530164]]]},"properties":{"objectid":61870,"plotmapid":"88B050IND","property_t":"Industrial","used":"NA","allotted_p":"Yes","plotsizesq":800,"plot_size":"800 SQMT","plot_no":"050","sector":"88","block":"B","mplanduse":"B","ppt_type":"IND","ppt_full":"Industrial","authority":"NOIDA","category":"industrial","execution_stage":"allotted"}},{"type":"Feature","geometry":{"type":"Polygon","coordinates":[[[77.42385,28.529867],[77.423832,28.530048],[77.423423,28.530016],[77.42344,28.529835],[77.42385,28.529867]]]},"properties":{"objectid":61871,"plotmapid":"88B057IND","property_t":"Industrial","used":"NA","allotted_p":"Yes","plotsizesq":800,"plot_size":"800 SQMT","plot_no":"057","sector":"88","block":"B","mplanduse":"B","ppt_type":"IND","ppt_full":"Industrial","authority":"NOIDA","category":"industrial","execution_stage":"allotted"}},{"type":"Feature","geometry":{"type":"Polygon","coordinates":[[[77.422729,28.530905],[77.422318,28.530936],[77.422348,28.530658],[77.422752,28.53069],[77.422729,28.530905]]]},"properties":{"objectid":61872,"plotmapid":"88B042IND","property_t":"Industrial","used":"NA","allotted_p":"Yes","plotsizesq":1096,"plot_no":"042","sector":"88","block":"B","mplanduse":"B","ppt_type":"IND","ppt_full":"Industrial","authority":"NOIDA","category":"industrial","execution_stage":"allotted"}},{"type":"Feature","geometry":{"type":"Polygon","coordinates":[[[77.424004,28.529609],[77.42431,28.529633],[77.424297,28.529769],[77.423989,28.529745],[77.424004,28.529609]]]},"properties":{"objectid":61873,"plotmapid":"88B099IND","property_t":"Industrial","used":"NA","allotted_p":"Yes","plotsizesq":450,"plot_size":"450 SQMT","plot_no":"099","sector":"88","block":"B","mplanduse":"B","ppt_type":"IND","ppt_full":"Industrial","authority":"NOIDA","category":"industrial","execution_stage":"allotted"}},{"type":"Feature","geometry":{"type":"Polygon","coordinates":[[[77.424641,28.529386],[77.424628,28.529518],[77.424323,28.529498],[77.424336,28.529362],[77.424641,28.529386]]]},"properties":{"objectid":61874,"plotmapid":"88B118IND","property_t":"Industrial","used":"NA","allotted_p":"Yes","plotsizesq":450,"plot_size":"450 SQMT","plot_no":"118","sector":"88","block":"B","mplanduse":"B","ppt_type":"IND","ppt_full":"Industrial","authority":"NOIDA","category":"industrial","execution_stage":"allotted"}},{"type":"Feature","geometry":{"type":"Polygon","coordinates":[[[77.423832,28.530048],[77.423813,28.530229],[77.423406,28.530196],[77.423423,28.530016],[77.423832,28.530048]]]},"properties":{"objectid":61878,"plotmapid":"88B056IND","property_t":"Industrial","used":"NA","allotted_p":"Yes","plotsizesq":800,"plot_size":"800 SQMT","plot_no":"056","sector":"88","block":"B","mplanduse":"B","ppt_type":"IND","ppt_full":"Industrial","authority":"NOIDA","category":"industrial","execution_stage":"allotted"}},{"type":"Feature","geometry":{"type":"Polygon","coordinates":[[[77.422979,28.530345],[77.423388,28.530377],[77.423371,28.530558],[77.422963,28.530526],[77.422979,28.530345]]]},"properties":{"objectid":61879,"plotmapid":"88B051IND","property_t":"Industrial","used":"NA","allotted_p":"Yes","plotsizesq":800,"plot_size":"800 SQMT","plot_no":"051","sector":"88","block":"B","mplanduse":"B","ppt_type":"IND","ppt_full":"Industrial","authority":"NOIDA","category":"industrial","execution_stage":"allotted"}},{"type":"Feature","geometry":{"type":"Polygon","coordinates":[[[77.424297,28.529769],[77.424283,28.529901],[77.423976,28.529879],[77.423989,28.529745],[77.424297,28.529769]]]},"properties":{"objectid":61880,"plotmapid":"88B098IND","property_t":"Industrial","used":"NA","allotted_p":"Yes","plotsizesq":450,"plot_size":"450 SQMT","plot_no":"098","sector":"88","block":"B","mplanduse":"B","ppt_type":"IND","ppt_full":"Industrial","authority":"NOIDA","category":"industrial","execution_stage":"allotted"}},{"type":"Feature","geometry":{"type":"Polygon","coordinates":[[[77.424628,28.529518],[77.424614,28.529657],[77.42431,28.529633],[77.424323,28.529498],[77.424628,28.529518]]]},"properties":{"objectid":61881,"plotmapid":"88B119IND","property_t":"Industrial","used":"NA","allotted_p":"Yes","plotsizesq":450,"plot_size":"450 SQMT","plot_no":"119","sector":"88","block":"B","mplanduse":"B","ppt_type":"IND","ppt_full":"Industrial","authority":"NOIDA","category":"industrial","execution_stage":"allotted"}},{"type":"Feature","geometry":{"type":"Polygon","coordinates":[[[77.424283,28.529901],[77.42427,28.530038],[77.423962,28.530016],[77.423976,28.529879],[77.424283,28.529901]]]},"properties":{"objectid":61886,"plotmapid":"88B097IND","property_t":"Industrial","used":"NA","allotted_p":"Yes","plotsizesq":450,"plot_size":"450 SQMT","plot_no":"097","sector":"88","block":"B","mplanduse":"B","ppt_type":"IND","ppt_full":"Industrial","authority":"NOIDA","category":"industrial","execution_stage":"allotted"}},{"type":"Feature","geometry":{"type":"Polygon","coordinates":[[[77.424297,28.529769],[77.42431,28.529633],[77.424614,28.529657],[77.424602,28.529788],[77.424297,28.529769]]]},"properties":{"objectid":61887,"plotmapid":"88B120IND","property_t":"Industrial","used":"NA","allotted_p":"Yes","plotsizesq":450,"plot_size":"450 SQMT","plot_no":"120","sector":"88","block":"B","mplanduse":"B","ppt_type":"IND","ppt_full":"Industrial","authority":"NOIDA","category":"industrial","execution_stage":"allotted"}},{"type":"Feature","geometry":{"type":"Polygon","coordinates":[[[77.423813,28.530229],[77.423794,28.530409],[77.423388,28.530377],[77.423406,28.530196],[77.423813,28.530229]]]},"properties":{"objectid":61891,"plotmapid":"88B055IND","property_t":"Industrial","used":"NA","allotted_p":"Yes","plotsizesq":800,"plot_size":"800 SQMT","plot_no":"055","sector":"88","block":"B","mplanduse":"B","ppt_type":"IND","ppt_full":"Industrial","authority":"NOIDA","category":"industrial","execution_stage":"allotted"}},{"type":"Feature","geometry":{"type":"Polygon","coordinates":[[[77.42427,28.530038],[77.424256,28.530172],[77.423948,28.53015],[77.423962,28.530016],[77.42427,28.530038]]]},"properties":{"objectid":61895,"plotmapid":"88B096IND","property_t":"Industrial","used":"NA","allotted_p":"Yes","plotsizesq":450,"plot_size":"450 SQMT","plot_no":"096","sector":"88","block":"B","mplanduse":"B","ppt_type":"IND","ppt_full":"Industrial","authority":"NOIDA","category":"industrial","execution_stage":"allotted"}},{"type":"Feature","geometry":{"type":"Polygon","coordinates":[[[77.424602,28.529788],[77.424589,28.529924],[77.424283,28.529901],[77.424297,28.529769],[77.424602,28.529788]]]},"properties":{"objectid":61896,"plotmapid":"88B121IND","property_t":"Industrial","used":"NA","allotted_p":"Yes","plotsizesq":450,"plot_size":"450 SQMT","plot_no":"121","sector":"88","block":"B","mplanduse":"B","ppt_type":"IND","ppt_full":"Industrial","authority":"NOIDA","category":"industrial","execution_stage":"allotted"}},{"type":"Feature","geometry":{"type":"Polygon","coordinates":[[[77.422963,28.530526],[77.423371,28.530558],[77.423344,28.530846],[77.422929,28.530879],[77.422963,28.530526]]]},"properties":{"objectid":61897,"plotmapid":"88B052IND","property_t":"Industrial","used":"NA","allotted_p":"Yes","plotsizesq":1436,"plot_no":"052","sector":"88","block":"B","mplanduse":"B","ppt_type":"IND","ppt_full":"Industrial","authority":"NOIDA","category":"industrial","execution_stage":"allotted"}},{"type":"Feature","geometry":{"type":"Polygon","coordinates":[[[77.423794,28.530409],[77.423776,28.53059],[77.423371,28.530558],[77.423388,28.530377],[77.423794,28.530409]]]},"properties":{"objectid":61901,"plotmapid":"88B054IND","property_t":"Industrial","used":"NA","allotted_p":"Yes","plotsizesq":800,"plot_size":"800 SQMT","plot_no":"054","sector":"88","block":"B","mplanduse":"B","ppt_type":"IND","ppt_full":"Industrial","authority":"NOIDA","category":"industrial","execution_stage":"allotted"}},{"type":"Feature","geometry":{"type":"Polygon","coordinates":[[[77.424256,28.530172],[77.424241,28.530309],[77.423934,28.530287],[77.423948,28.53015],[77.424256,28.530172]]]},"properties":{"objectid":61903,"plotmapid":"88B095IND","property_t":"Industrial","used":"NA","allotted_p":"Yes","plotsizesq":450,"plot_size":"450 SQMT","plot_no":"095","sector":"88","block":"B","mplanduse":"B","ppt_type":"IND","ppt_full":"Industrial","authority":"NOIDA","category":"industrial","execution_stage":"allotted"}},{"type":"Feature","geometry":{"type":"Polygon","coordinates":[[[77.424589,28.529924],[77.424575,28.530059],[77.42427,28.530038],[77.424283,28.529901],[77.424589,28.529924]]]},"properties":{"objectid":61904,"plotmapid":"88B122IND","property_t":"Industrial","used":"NA","allotted_p":"Yes","plotsizesq":450,"plot_size":"450 SQMT","plot_no":"122","sector":"88","block":"B","mplanduse":"B","ppt_type":"IND","ppt_full":"Industrial","authority":"NOIDA","category":"industrial","execution_stage":"allotted"}},{"type":"Feature","geometry":{"type":"Polygon","coordinates":[[[77.424241,28.530309],[77.424227,28.530444],[77.423921,28.530419],[77.423934,28.530287],[77.424241,28.530309]]]},"properties":{"objectid":61910,"plotmapid":"88B094IND","property_t":"Industrial","used":"NA","allotted_p":"Yes","plotsizesq":450,"plot_size":"450 SQMT","plot_no":"094","sector":"88","block":"B","mplanduse":"B","ppt_type":"IND","ppt_full":"Industrial","authority":"NOIDA","category":"industrial","execution_stage":"allotted"}},{"type":"Feature","geometry":{"type":"Polygon","coordinates":[[[77.423752,28.530813],[77.423344,28.530846],[77.423371,28.530558],[77.423776,28.53059],[77.423752,28.530813]]]},"properties":{"objectid":61911,"plotmapid":"88B053IND","property_t":"Industrial","used":"NA","allotted_p":"Yes","plotsizesq":1123,"plot_no":"053","sector":"88","block":"B","mplanduse":"B","ppt_type":"IND","ppt_full":"Industrial","authority":"NOIDA","category":"industrial","execution_stage":"allotted"}},{"type":"Feature","geometry":{"type":"Polygon","coordinates":[[[77.424562,28.530195],[77.424549,28.53033],[77.424241,28.530309],[77.424256,28.530172],[77.424562,28.530195]]]},"properties":{"objectid":61915,"plotmapid":"88B124IND","property_t":"Industrial","used":"NA","allotted_p":"Yes","plotsizesq":450,"plot_size":"450 SQMT","plot_no":"124","sector":"88","block":"B","mplanduse":"B","ppt_type":"IND","ppt_full":"Industrial","authority":"NOIDA","category":"industrial","execution_stage":"allotted"}},{"type":"Feature","geometry":{"type":"Polygon","coordinates":[[[77.424549,28.53033],[77.424537,28.530468],[77.424227,28.530444],[77.424241,28.530309],[77.424549,28.53033]]]},"properties":{"objectid":61923,"plotmapid":"88B125IND","property_t":"Industrial","used":"NA","allotted_p":"Yes","plotsizesq":450,"plot_size":"450 SQMT","plot_no":"125","sector":"88","block":"B","mplanduse":"B","ppt_type":"IND","ppt_full":"Industrial","authority":"NOIDA","category":"industrial","execution_stage":"allotted"}},{"type":"Feature","geometry":{"type":"Polygon","coordinates":[[[77.415885,28.534533],[77.415838,28.534892],[77.41558,28.534866],[77.41563,28.53451],[77.415885,28.534533]]]},"properties":{"objectid":62371,"plotmapid":"HCD077IND","property_t":"Industrial","used":"PLOT","plotsizesq":1000,"plot_size":"1000 SQMT","plot_no":"077","sector":"HC","block":"D","mplanduse":"V","ppt_type":"IND","ppt_full":"Industrial","authority":"NOIDA","category":"industrial","execution_stage":"unknown"}},{"type":"Feature","geometry":{"type":"Polygon","coordinates":[[[77.418196,28.535125],[77.41824,28.534768],[77.4186,28.534802],[77.418549,28.53516],[77.418196,28.535125]]]},"properties":{"objectid":62394,"plotmapid":"HCD118IND","property_t":"Industrial","used":"PLOT","plotsizesq":1000,"plot_size":"1000 SQMT","plot_no":"118","sector":"HC","block":"D","mplanduse":"B","ppt_type":"IND","ppt_full":"Industrial","authority":"NOIDA","category":"industrial","execution_stage":"unknown"}},{"type":"Feature","geometry":{"type":"Polygon","coordinates":[[[77.417934,28.535099],[77.417985,28.534741],[77.41824,28.534768],[77.418196,28.535125],[77.417934,28.535099]]]},"properties":{"objectid":62395,"plotmapid":"HCD119IND","property_t":"Industrial","used":"PLOT","plotsizesq":1000,"plot_size":"1000 SQMT","plot_no":"119","sector":"HC","block":"D","mplanduse":"B","ppt_type":"IND","ppt_full":"Industrial","authority":"NOIDA","category":"industrial","execution_stage":"unknown"}},{"type":"Feature","geometry":{"type":"Polygon","coordinates":[[[77.417985,28.534741],[77.417934,28.535099],[77.41758,28.535066],[77.417628,28.53471],[77.417985,28.534741]]]},"properties":{"objectid":62396,"plotmapid":"HCD120IND","property_t":"Industrial","used":"PLOT","plotsizesq":1000,"plot_size":"1000 SQMT","plot_no":"120","sector":"HC","block":"D","mplanduse":"B","ppt_type":"IND","ppt_full":"Industrial","authority":"NOIDA","category":"industrial","execution_stage":"unknown"}},{"type":"Feature","geometry":{"type":"Polygon","coordinates":[[[77.417995,28.535468],[77.418042,28.53511],[77.418298,28.535136],[77.418251,28.535495],[77.417995,28.535468]]]},"properties":{"objectid":62397,"plotmapid":"HCD116IND","property_t":"Industrial","used":"PLOT","plotsizesq":1000,"plot_size":"1000 SQMT","plot_no":"116","sector":"HC","block":"D","mplanduse":"B","ppt_type":"IND","ppt_full":"Industrial","authority":"NOIDA","category":"industrial","execution_stage":"unknown"}},{"type":"Feature","geometry":{"type":"Polygon","coordinates":[[[77.418251,28.535495],[77.418298,28.535136],[77.418549,28.53516],[77.418505,28.535519],[77.418251,28.535495]]]},"properties":{"objectid":62398,"plotmapid":"HCD117IND","property_t":"Industrial","used":"PLOT","plotsizesq":1000,"plot_size":"1000 SQMT","plot_no":"117","sector":"HC","block":"D","mplanduse":"B","ppt_type":"IND","ppt_full":"Industrial","authority":"NOIDA","category":"industrial","execution_stage":"unknown"}},{"type":"Feature","geometry":{"type":"Polygon","coordinates":[[[77.417934,28.535099],[77.418042,28.53511],[77.417995,28.535468],[77.417782,28.535447],[77.417834,28.53509],[77.417934,28.535099]]]},"properties":{"objectid":62399,"plotmapid":"HCD115AIND","property_t":"Industrial","used":"PLOT","plotsizesq":1000,"plot_size":"100 SQMT","plot_no":"115A","sector":"HC","block":"D","mplanduse":"B","ppt_type":"IND","ppt_full":"Industrial","authority":"NOIDA","category":"industrial","execution_stage":"unknown"}},{"type":"Feature","geometry":{"type":"Polygon","coordinates":[[[77.417531,28.535423],[77.41758,28.535066],[77.417834,28.53509],[77.417782,28.535447],[77.417531,28.535423]]]},"properties":{"objectid":62400,"plotmapid":"HCD115IND","property_t":"Industrial","used":"PLOT","plotsizesq":1000,"plot_size":"1000 SQMT","plot_no":"115","sector":"HC","block":"D","mplanduse":"B","ppt_type":"IND","ppt_full":"Industrial","authority":"NOIDA","category":"industrial","execution_stage":"unknown"}},{"type":"Feature","geometry":{"type":"Polygon","coordinates":[[[77.418612,28.533268],[77.418579,28.533556],[77.418429,28.533542],[77.418467,28.533256],[77.418612,28.533268]]]},"properties":{"objectid":62401,"plotmapid":"HCD129IND","property_t":"Industrial","used":"PLOT","plotsizesq":480,"plot_size":"480 SQMT","plot_no":"129","sector":"HC","block":"D","mplanduse":"B","ppt_type":"IND","ppt_full":"Industrial","authority":"NOIDA","category":"industrial","execution_stage":"unknown"}},{"type":"Feature","geometry":{"type":"Polygon","coordinates":[[[77.418573,28.533555],[77.418542,28.533842],[77.418391,28.533829],[77.418429,28.533542],[77.418573,28.533555]]]},"properties":{"objectid":62402,"plotmapid":"HCD126IND","property_t":"Industrial","used":"PLOT","plotsizesq":480,"plot_size":"480 SQMT","plot_no":"126","sector":"HC","block":"D","mplanduse":"B","ppt_type":"IND","ppt_full":"Industrial","authority":"NOIDA","category":"industrial","execution_stage":"unknown"}},{"type":"Feature","geometry":{"type":"Polygon","coordinates":[[[77.418794,28.533285],[77.418758,28.533571],[77.418579,28.533556],[77.418617,28.533269],[77.418794,28.533285]]]},"properties":{"objectid":62403,"plotmapid":"HCD128IND","property_t":"Industrial","used":"PLOT","plotsizesq":480,"plot_size":"480 SQMT","plot_no":"128","sector":"HC","block":"D","mplanduse":"B","ppt_type":"IND","ppt_full":"Industrial","authority":"NOIDA","category":"industrial","execution_stage":"unknown"}},{"type":"Feature","geometry":{"type":"Polygon","coordinates":[[[77.418462,28.533255],[77.418429,28.533542],[77.418274,28.533529],[77.418312,28.533242],[77.418462,28.533255]]]},"properties":{"objectid":62404,"plotmapid":"HCD130IND","property_t":"Industrial","used":"PLOT","plotsizesq":480,"plot_size":"480 SQMT","plot_no":"130","sector":"HC","block":"D","mplanduse":"B","ppt_type":"IND","ppt_full":"Industrial","authority":"NOIDA","category":"industrial","execution_stage":"unknown"}},{"type":"Feature","geometry":{"type":"Polygon","coordinates":[[[77.418124,28.533516],[77.418162,28.533229],[77.418312,28.533242],[77.418274,28.533529],[77.418124,28.533516]]]},"properties":{"objectid":62405,"plotmapid":"HCD131IND","property_t":"Industrial","used":"PLOT","plotsizesq":480,"plot_size":"480 SQMT","plot_no":"131","sector":"HC","block":"D","mplanduse":"B","ppt_type":"IND","ppt_full":"Industrial","authority":"NOIDA","category":"industrial","execution_stage":"unknown"}},{"type":"Feature","geometry":{"type":"Polygon","coordinates":[[[77.418013,28.533216],[77.418162,28.533229],[77.418124,28.533516],[77.41797,28.533502],[77.418013,28.533216]]]},"properties":{"objectid":62406,"plotmapid":"HCD132IND","property_t":"Industrial","used":"PLOT","plotsizesq":480,"plot_size":"480 SQMT","plot_no":"132","sector":"HC","block":"D","mplanduse":"B","ppt_type":"IND","ppt_full":"Industrial","authority":"NOIDA","category":"industrial","execution_stage":"unknown"}},{"type":"Feature","geometry":{"type":"Polygon","coordinates":[[[77.41783,28.5332],[77.418007,28.533215],[77.41797,28.533502],[77.417792,28.533486],[77.41783,28.5332]]]},"properties":{"objectid":62407,"plotmapid":"HCD133IND","property_t":"Industrial","used":"PLOT","plotsizesq":480,"plot_size":"480 SQMT","plot_no":"133","sector":"HC","block":"D","mplanduse":"B","ppt_type":"IND","ppt_full":"Industrial","authority":"NOIDA","category":"industrial","execution_stage":"unknown"}},{"type":"Feature","geometry":{"type":"Polygon","coordinates":[[[77.417974,28.533502],[77.418124,28.533516],[77.418085,28.533802],[77.417933,28.533789],[77.417974,28.533502]]]},"properties":{"objectid":62408,"plotmapid":"HCD123IND","property_t":"Industrial","used":"PLOT","plotsizesq":480,"plot_size":"480 SQMT","plot_no":"123","sector":"HC","block":"D","mplanduse":"B","ppt_type":"IND","ppt_full":"Industrial","authority":"NOIDA","category":"industrial","execution_stage":"unknown"}},{"type":"Feature","geometry":{"type":"Polygon","coordinates":[[[77.418758,28.533571],[77.418722,28.533858],[77.418542,28.533842],[77.418579,28.533556],[77.418758,28.533571]]]},"properties":{"objectid":62409,"plotmapid":"HCD127IND","property_t":"Industrial","used":"PLOT","plotsizesq":480,"plot_size":"480 SQMT","plot_no":"127","sector":"HC","block":"D","mplanduse":"B","ppt_type":"IND","ppt_full":"Industrial","authority":"NOIDA","category":"industrial","execution_stage":"unknown"}},{"type":"Feature","geometry":{"type":"Polygon","coordinates":[[[77.418274,28.533529],[77.418429,28.533542],[77.418391,28.533829],[77.41824,28.533816],[77.418274,28.533529]]]},"properties":{"objectid":62410,"plotmapid":"HCD125IND","property_t":"Industrial","used":"PLOT","plotsizesq":480,"plot_size":"480 SQMT","plot_no":"125","sector":"HC","block":"D","mplanduse":"B","ppt_type":"IND","ppt_full":"Industrial","authority":"NOIDA","category":"industrial","execution_stage":"unknown"}},{"type":"Feature","geometry":{"type":"Polygon","coordinates":[[[77.418274,28.533529],[77.41824,28.533816],[77.418085,28.533802],[77.418124,28.533516],[77.418274,28.533529]]]},"properties":{"objectid":62411,"plotmapid":"HCD124IND","property_t":"Industrial","used":"PLOT","plotsizesq":480,"plot_size":"480 SQMT","plot_no":"124","sector":"HC","block":"D","mplanduse":"B","ppt_type":"IND","ppt_full":"Industrial","authority":"NOIDA","category":"industrial","execution_stage":"unknown"}},{"type":"Feature","geometry":{"type":"Polygon","coordinates":[[[77.417792,28.533486],[77.41797,28.533502],[77.417933,28.533789],[77.417754,28.533773],[77.417792,28.533486]]]},"properties":{"objectid":62412,"plotmapid":"HCD122IND","property_t":"Industrial","used":"PLOT","plotsizesq":480,"plot_size":"480 SQMT","plot_no":"122","sector":"HC","block":"D","mplanduse":"B","ppt_type":"IND","ppt_full":"Industrial","authority":"NOIDA","category":"industrial","execution_stage":"unknown"}},{"type":"Feature","geometry":{"type":"Polygon","coordinates":[[[77.418409,28.531547],[77.418362,28.53191],[77.418102,28.531887],[77.418142,28.531524],[77.418409,28.531547]]]},"properties":{"objectid":62413,"plotmapid":"HCD146IND","property_t":"Industrial","used":"PLOT","plotsizesq":1000,"plot_size":"1000 SQMT","plot_no":"146","sector":"HC","block":"D","mplanduse":"B","ppt_type":"IND","ppt_full":"Industrial","authority":"NOIDA","category":"industrial","execution_stage":"unknown"}},{"type":"Feature","geometry":{"type":"Polygon","coordinates":[[[77.418059,28.532245],[77.418102,28.531887],[77.418362,28.53191],[77.418315,28.532268],[77.418059,28.532245]]]},"properties":{"objectid":62414,"plotmapid":"HCD137IND","property_t":"Industrial","used":"PLOT","plotsizesq":1000,"plot_size":"1000 SQMT","plot_no":"137","sector":"HC","block":"D","mplanduse":"B","ppt_type":"IND","ppt_full":"Industrial","authority":"NOIDA","category":"industrial","execution_stage":"unknown"}},{"type":"Feature","geometry":{"type":"Polygon","coordinates":[[[77.419014,28.531599],[77.418968,28.531963],[77.418617,28.531932],[77.418661,28.531568],[77.419014,28.531599]]]},"properties":{"objectid":62415,"plotmapid":"HCD148IND","property_t":"Industrial","used":"PLOT","plotsizesq":1000,"plot_size":"1000 SQMT","plot_no":"148","sector":"HC","block":"D","mplanduse":"B","ppt_type":"IND","ppt_full":"Industrial","authority":"NOIDA","category":"industrial","execution_stage":"unknown"}},{"type":"Feature","geometry":{"type":"Polygon","coordinates":[[[77.418968,28.531963],[77.418922,28.532322],[77.418573,28.532291],[77.418617,28.531932],[77.418968,28.531963]]]},"properties":{"objectid":62416,"plotmapid":"HCD135IND","property_t":"Industrial","used":"PLOT","plotsizesq":1000,"plot_size":"1000 SQMT","plot_no":"135","sector":"HC","block":"D","mplanduse":"B","ppt_type":"IND","ppt_full":"Industrial","authority":"NOIDA","category":"industrial","execution_stage":"unknown"}},{"type":"Feature","geometry":{"type":"Polygon","coordinates":[[[77.418661,28.531568],[77.418617,28.531932],[77.418362,28.53191],[77.418409,28.531547],[77.418661,28.531568]]]},"properties":{"objectid":62417,"plotmapid":"HCD147IND","property_t":"Industrial","used":"PLOT","plotsizesq":1000,"plot_size":"1000 SQMT","plot_no":"147","sector":"HC","block":"D","mplanduse":"B","ppt_type":"IND","ppt_full":"Industrial","authority":"NOIDA","category":"industrial","execution_stage":"unknown"}},{"type":"Feature","geometry":{"type":"Polygon","coordinates":[[[77.418315,28.532268],[77.418362,28.53191],[77.418617,28.531932],[77.418573,28.532291],[77.418315,28.532268]]]},"properties":{"objectid":62418,"plotmapid":"HCD136IND","property_t":"Industrial","used":"PLOT","plotsizesq":1000,"plot_size":"1000 SQMT","plot_no":"136","sector":"HC","block":"D","mplanduse":"B","ppt_type":"IND","ppt_full":"Industrial","authority":"NOIDA","category":"industrial","execution_stage":"unknown"}},{"type":"Feature","geometry":{"type":"Polygon","coordinates":[[[77.418142,28.531524],[77.418102,28.531887],[77.417859,28.531866],[77.417899,28.531503],[77.418142,28.531524]]]},"properties":{"objectid":62419,"plotmapid":"HCD145IND","property_t":"Industrial","used":"PLOT","plotsizesq":1000,"plot_size":"1000 SQMT","plot_no":"145","sector":"HC","block":"D","mplanduse":"B","ppt_type":"IND","ppt_full":"Industrial","authority":"NOIDA","category":"industrial","execution_stage":"unknown"}},{"type":"Feature","geometry":{"type":"Polygon","coordinates":[[[77.417807,28.532223],[77.417851,28.531865],[77.418102,28.531887],[77.418059,28.532245],[77.417807,28.532223]]]},"properties":{"objectid":62420,"plotmapid":"HCD138IND","property_t":"Industrial","used":"PLOT","plotsizesq":1000,"plot_size":"1000 SQMT","plot_no":"138","sector":"HC","block":"D","mplanduse":"B","ppt_type":"IND","ppt_full":"Industrial","authority":"NOIDA","category":"industrial","execution_stage":"unknown"}},{"type":"Feature","geometry":{"type":"Polygon","coordinates":[[[77.417899,28.531503],[77.417859,28.531866],[77.417602,28.531844],[77.417645,28.531481],[77.417899,28.531503]]]},"properties":{"objectid":62421,"plotmapid":"HCD144IND","property_t":"Industrial","used":"PLOT","plotsizesq":1000,"plot_size":"1000 SQMT","plot_no":"144","sector":"HC","block":"D","mplanduse":"B","ppt_type":"IND","ppt_full":"Industrial","authority":"NOIDA","category":"industrial","execution_stage":"unknown"}},{"type":"Feature","geometry":{"type":"Polygon","coordinates":[[[77.417255,28.531813],[77.417851,28.531865],[77.417807,28.532223],[77.416957,28.532147],[77.416991,28.53179],[77.417255,28.531813]]]},"properties":{"objectid":62422,"plotmapid":"HCD139-141IND","property_t":"Industrial","used":"PLOT","plotsizesq":1000,"plot_size":"1000 SQMT","plot_no":"139-141","sector":"HC","block":"D","mplanduse":"B","ppt_type":"IND","ppt_full":"Industrial","authority":"NOIDA","category":"industrial","execution_stage":"unknown"}},{"type":"Feature","geometry":{"type":"Polygon","coordinates":[[[77.417645,28.531481],[77.417602,28.531844],[77.417348,28.531821],[77.417392,28.531459],[77.417645,28.531481]]]},"properties":{"objectid":62423,"plotmapid":"HCD143IND","property_t":"Industrial","used":"PLOT","plotsizesq":1000,"plot_size":"1000 SQMT","plot_no":"143","sector":"HC","block":"D","mplanduse":"B","ppt_type":"IND","ppt_full":"Industrial","authority":"NOIDA","category":"industrial","execution_stage":"unknown"}},{"type":"Feature","geometry":{"type":"Polygon","coordinates":[[[77.417025,28.531428],[77.417392,28.531459],[77.417348,28.531821],[77.416991,28.53179],[77.417025,28.531428]]]},"properties":{"objectid":62424,"plotmapid":"HCD142IND","property_t":"Industrial","used":"PLOT","plotsizesq":1000,"plot_size":"1000 SQMT","plot_no":"142","sector":"HC","block":"D","mplanduse":"B","ppt_type":"IND","ppt_full":"Industrial","authority":"NOIDA","category":"industrial","execution_stage":"unknown"}},{"type":"Feature","geometry":{"type":"Polygon","coordinates":[[[77.420079,28.53171],[77.420037,28.532035],[77.419635,28.531995],[77.419678,28.53167],[77.420079,28.53171]]]},"properties":{"objectid":62425,"plotmapid":"HCD182IND","property_t":"Industrial","used":"PLOT","plotsizesq":1000,"plot_size":"1000 SQMT","plot_no":"182","sector":"HC","block":"D","mplanduse":"B","ppt_type":"IND","ppt_full":"Industrial","authority":"NOIDA","category":"industrial","execution_stage":"unknown"}},{"type":"Feature","geometry":{"type":"Polygon","coordinates":[[[77.419817,28.533732],[77.419788,28.533954],[77.419382,28.533916],[77.419412,28.533693],[77.419817,28.533732]]]},"properties":{"objectid":62426,"plotmapid":"HCD173IND","property_t":"Industrial","used":"PLOT","plotsizesq":1000,"plot_size":"1000 SQMT","plot_no":"173","sector":"HC","block":"D","mplanduse":"B","ppt_type":"IND","ppt_full":"Industrial","authority":"NOIDA","category":"industrial","execution_stage":"unknown"}},{"type":"Feature","geometry":{"type":"Polygon","coordinates":[[[77.4194,28.533692],[77.419412,28.533693],[77.419353,28.53414],[77.418946,28.534091],[77.419002,28.533657],[77.4194,28.533692]]]},"properties":{"objectid":62427,"plotmapid":"HCD158159IND","property_t":"Industrial","used":"PLOT","plotsizesq":1000,"plot_size":"1000 SQMT","plot_no":"158159","sector":"HC","block":"D","mplanduse":"B","ppt_type":"IND","ppt_full":"Industrial","authority":"NOIDA","category":"industrial","execution_stage":"unknown"}},{"type":"Feature","geometry":{"type":"Polygon","coordinates":[[[77.419678,28.53167],[77.419635,28.531995],[77.419225,28.531955],[77.419268,28.53163],[77.419678,28.53167]]]},"properties":{"objectid":62428,"plotmapid":"HCD149IND","property_t":"Industrial","used":"PLOT","plotsizesq":1000,"plot_size":"1000 SQMT","plot_no":"149","sector":"HC","block":"D","mplanduse":"B","ppt_type":"IND","ppt_full":"Industrial","authority":"NOIDA","category":"industrial","execution_stage":"unknown"}},{"type":"Feature","geometry":{"type":"Polygon","coordinates":[[[77.420037,28.532035],[77.420016,28.532201],[77.419613,28.53216],[77.419635,28.531995],[77.420037,28.532035]]]},"properties":{"objectid":62429,"plotmapid":"HCD181IND","property_t":"Industrial","used":"PLOT","plotsizesq":1000,"plot_size":"1000 SQMT","plot_no":"181","sector":"HC","block":"D","mplanduse":"B","ppt_type":"IND","ppt_full":"Industrial","authority":"NOIDA","category":"industrial","execution_stage":"unknown"}},{"type":"Feature","geometry":{"type":"Polygon","coordinates":[[[77.419635,28.531995],[77.419613,28.53216],[77.419204,28.532117],[77.419225,28.531955],[77.419635,28.531995]]]},"properties":{"objectid":62430,"plotmapid":"HCD150IND","property_t":"Industrial","used":"PLOT","plotsizesq":1000,"plot_size":"1000 SQMT","plot_no":"150","sector":"HC","block":"D","mplanduse":"B","ppt_type":"IND","ppt_full":"Industrial","authority":"NOIDA","category":"industrial","execution_stage":"unknown"}},{"type":"Feature","geometry":{"type":"Polygon","coordinates":[[[77.420016,28.532201],[77.419983,28.532463],[77.419579,28.532419],[77.419613,28.53216],[77.420016,28.532201]]]},"properties":{"objectid":62431,"plotmapid":"HCD180IND","property_t":"Industrial","used":"PLOT","plotsizesq":1000,"plot_size":"1000 SQMT","plot_no":"180","sector":"HC","block":"D","mplanduse":"B","ppt_type":"IND","ppt_full":"Industrial","authority":"NOIDA","category":"industrial","execution_stage":"unknown"}},{"type":"Feature","geometry":{"type":"Polygon","coordinates":[[[77.419613,28.53216],[77.419579,28.532419],[77.41917,28.532374],[77.419204,28.532117],[77.419613,28.53216]]]},"properties":{"objectid":62432,"plotmapid":"HCD151IND","property_t":"Industrial","used":"PLOT","plotsizesq":1000,"plot_size":"1000 SQMT","plot_no":"151","sector":"HC","block":"D","mplanduse":"B","ppt_type":"IND","ppt_full":"Industrial","authority":"NOIDA","category":"industrial","execution_stage":"unknown"}},{"type":"Feature","geometry":{"type":"Polygon","coordinates":[[[77.419983,28.532463],[77.419958,28.532654],[77.419554,28.53261],[77.419579,28.532419],[77.419983,28.532463]]]},"properties":{"objectid":62433,"plotmapid":"HCD179IND","property_t":"Industrial","used":"PLOT","plotsizesq":1000,"plot_size":"1000 SQMT","plot_no":"179","sector":"HC","block":"D","mplanduse":"B","ppt_type":"IND","ppt_full":"Industrial","authority":"NOIDA","category":"industrial","execution_stage":"unknown"}},{"type":"Feature","geometry":{"type":"Polygon","coordinates":[[[77.419579,28.532419],[77.419554,28.53261],[77.419145,28.532566],[77.41917,28.532374],[77.419579,28.532419]]]},"properties":{"objectid":62434,"plotmapid":"HCD152IND","property_t":"Industrial","used":"PLOT","plotsizesq":1000,"plot_size":"1000 SQMT","plot_no":"152","sector":"HC","block":"D","mplanduse":"B","ppt_type":"IND","ppt_full":"Industrial","authority":"NOIDA","category":"industrial","execution_stage":"unknown"}},{"type":"Feature","geometry":{"type":"Polygon","coordinates":[[[77.419958,28.532654],[77.419936,28.532828],[77.419531,28.532789],[77.419554,28.53261],[77.419958,28.532654]]]},"properties":{"objectid":62435,"plotmapid":"HCD178IND","property_t":"Industrial","used":"PLOT","plotsizesq":1000,"plot_size":"1000 SQMT","plot_no":"178","sector":"HC","block":"D","mplanduse":"B","ppt_type":"IND","ppt_full":"Industrial","authority":"NOIDA","category":"industrial","execution_stage":"unknown"}},{"type":"Feature","geometry":{"type":"Polygon","coordinates":[[[77.419554,28.53261],[77.419531,28.532789],[77.41912,28.53275],[77.419145,28.532566],[77.419554,28.53261]]]},"properties":{"objectid":62436,"plotmapid":"HCD153IND","property_t":"Industrial","used":"PLOT","plotsizesq":1000,"plot_size":"1000 SQMT","plot_no":"153","sector":"HC","block":"D","mplanduse":"B","ppt_type":"IND","ppt_full":"Industrial","authority":"NOIDA","category":"industrial","execution_stage":"unknown"}},{"type":"Feature","geometry":{"type":"Polygon","coordinates":[[[77.419936,28.532828],[77.419906,28.53306],[77.4195,28.533023],[77.419531,28.532789],[77.419936,28.532828]]]},"properties":{"objectid":62437,"plotmapid":"HCD177IND","property_t":"Industrial","used":"PLOT","plotsizesq":1000,"plot_size":"1000 SQMT","plot_no":"177","sector":"HC","block":"D","mplanduse":"B","ppt_type":"IND","ppt_full":"Industrial","authority":"NOIDA","category":"industrial","execution_stage":"unknown"}},{"type":"Feature","geometry":{"type":"Polygon","coordinates":[[[77.41912,28.532751],[77.419531,28.532789],[77.4195,28.533023],[77.41909,28.532982],[77.41912,28.532751]]]},"properties":{"objectid":62438,"plotmapid":"HCD154IND","property_t":"Industrial","used":"PLOT","plotsizesq":1000,"plot_size":"1000 SQMT","plot_no":"154","sector":"HC","block":"D","mplanduse":"B","ppt_type":"IND","ppt_full":"Industrial","authority":"NOIDA","category":"industrial","execution_stage":"unknown"}},{"type":"Feature","geometry":{"type":"Polygon","coordinates":[[[77.419906,28.53306],[77.419877,28.533285],[77.419471,28.533245],[77.4195,28.533023],[77.419906,28.53306]]]},"properties":{"objectid":62439,"plotmapid":"HCD176IND","property_t":"Industrial","used":"PLOT","plotsizesq":1000,"plot_size":"1000 SQMT","plot_no":"176","sector":"HC","block":"D","mplanduse":"B","ppt_type":"IND","ppt_full":"Industrial","authority":"NOIDA","category":"industrial","execution_stage":"unknown"}},{"type":"Feature","geometry":{"type":"Polygon","coordinates":[[[77.41909,28.532982],[77.4195,28.533023],[77.419471,28.533245],[77.419061,28.533206],[77.41909,28.532982]]]},"properties":{"objectid":62440,"plotmapid":"HCD155IND","property_t":"Industrial","used":"PLOT","plotsizesq":1000,"plot_size":"1000 SQMT","plot_no":"155","sector":"HC","block":"D","mplanduse":"B","ppt_type":"IND","ppt_full":"Industrial","authority":"NOIDA","category":"industrial","execution_stage":"unknown"}},{"type":"Feature","geometry":{"type":"Polygon","coordinates":[[[77.419061,28.533206],[77.419471,28.533245],[77.419441,28.53347],[77.419032,28.533431],[77.419061,28.533206]]]},"properties":{"objectid":62441,"plotmapid":"HCD156IND","property_t":"Industrial","used":"PLOT","plotsizesq":1000,"plot_size":"1000 SQMT","plot_no":"156","sector":"HC","block":"D","mplanduse":"B","ppt_type":"IND","ppt_full":"Industrial","authority":"NOIDA","category":"industrial","execution_stage":"unknown"}},{"type":"Feature","geometry":{"type":"Polygon","coordinates":[[[77.419868,28.533284],[77.419817,28.533732],[77.419412,28.533693],[77.419471,28.533245],[77.419868,28.533284]]]},"properties":{"objectid":62442,"plotmapid":"HCD174175IND","property_t":"Industrial","used":"PLOT","plotsizesq":1000,"plot_size":"1000 SQMT","plot_no":"174175","sector":"HC","block":"D","mplanduse":"B","ppt_type":"IND","ppt_full":"Industrial","authority":"NOIDA","category":"industrial","execution_stage":"unknown"}},{"type":"Feature","geometry":{"type":"Polygon","coordinates":[[[77.419032,28.533431],[77.419441,28.53347],[77.419412,28.533693],[77.419002,28.533657],[77.419032,28.533431]]]},"properties":{"objectid":62443,"plotmapid":"HCD157IND","property_t":"Industrial","used":"PLOT","plotsizesq":1000,"plot_size":"1000 SQMT","plot_no":"157","sector":"HC","block":"D","mplanduse":"B","ppt_type":"IND","ppt_full":"Industrial","authority":"NOIDA","category":"industrial","execution_stage":"unknown"}},{"type":"Feature","geometry":{"type":"Polygon","coordinates":[[[77.419788,28.533954],[77.419758,28.53418],[77.419353,28.53414],[77.419382,28.533916],[77.419788,28.533954]]]},"properties":{"objectid":62444,"plotmapid":"HCD172IND","property_t":"Industrial","used":"PLOT","plotsizesq":1000,"plot_size":"1000 SQMT","plot_no":"172","sector":"HC","block":"D","mplanduse":"B","ppt_type":"IND","ppt_full":"Industrial","authority":"NOIDA","category":"industrial","execution_stage":"unknown"}},{"type":"Feature","geometry":{"type":"Polygon","coordinates":[[[77.418946,28.534091],[77.419353,28.53414],[77.419323,28.534369],[77.418915,28.534328],[77.418946,28.534091]]]},"properties":{"objectid":62445,"plotmapid":"HCD160IND","property_t":"Industrial","used":"PLOT","plotsizesq":1000,"plot_size":"1000 SQMT","plot_no":"160","sector":"HC","block":"D","mplanduse":"B","ppt_type":"IND","ppt_full":"Industrial","authority":"NOIDA","category":"industrial","execution_stage":"unknown"}},{"type":"Feature","geometry":{"type":"Polygon","coordinates":[[[77.41975,28.53418],[77.4197,28.534626],[77.419295,28.534582],[77.419353,28.53414],[77.41975,28.53418]]]},"properties":{"objectid":62446,"plotmapid":"HCD170171IND","property_t":"Industrial","used":"PLOT","plotsizesq":1000,"plot_size":"1000 SQMT","plot_no":"170171","sector":"HC","block":"D","mplanduse":"B","ppt_type":"IND","ppt_full":"Industrial","authority":"NOIDA","category":"industrial","execution_stage":"unknown"}},{"type":"Feature","geometry":{"type":"Polygon","coordinates":[[[77.419298,28.534366],[77.419323,28.534369],[77.419264,28.534815],[77.418857,28.534776],[77.418915,28.534328],[77.419298,28.534366]]]},"properties":{"objectid":62447,"plotmapid":"HCD161162IND","property_t":"Industrial","used":"PLOT","plotsizesq":1000,"plot_size":"1000 SQMT","plot_no":"161162","sector":"HC","block":"D","mplanduse":"B","ppt_type":"IND","ppt_full":"Industrial","authority":"NOIDA","category":"industrial","execution_stage":"unknown"}},{"type":"Feature","geometry":{"type":"Polygon","coordinates":[[[77.4197,28.534626],[77.41967,28.534855],[77.419264,28.534815],[77.419295,28.534582],[77.4197,28.534626]]]},"properties":{"objectid":62448,"plotmapid":"HCD169IND","property_t":"Industrial","used":"PLOT","plotsizesq":1000,"plot_size":"1000 SQMT","plot_no":"169","sector":"HC","block":"D","mplanduse":"B","ppt_type":"IND","ppt_full":"Industrial","authority":"NOIDA","category":"industrial","execution_stage":"unknown"}},{"type":"Feature","geometry":{"type":"Polygon","coordinates":[[[77.41967,28.534855],[77.419642,28.535075],[77.419235,28.535038],[77.419264,28.534815],[77.41967,28.534855]]]},"properties":{"objectid":62449,"plotmapid":"HCD168IND","property_t":"Industrial","used":"PLOT","plotsizesq":1000,"plot_size":"1000 SQMT","plot_no":"168","sector":"HC","block":"D","mplanduse":"B","ppt_type":"IND","ppt_full":"Industrial","authority":"NOIDA","category":"industrial","execution_stage":"unknown"}},{"type":"Feature","geometry":{"type":"Polygon","coordinates":[[[77.418857,28.534776],[77.419264,28.534815],[77.419235,28.535038],[77.418829,28.534997],[77.418857,28.534776]]]},"properties":{"objectid":62450,"plotmapid":"HCD163IND","property_t":"Industrial","used":"PLOT","plotsizesq":1000,"plot_size":"1000 SQMT","plot_no":"163","sector":"HC","block":"D","mplanduse":"B","ppt_type":"IND","ppt_full":"Industrial","authority":"NOIDA","category":"industrial","execution_stage":"unknown"}},{"type":"Feature","geometry":{"type":"Polygon","coordinates":[[[77.419642,28.535075],[77.419611,28.535308],[77.419205,28.535266],[77.419235,28.535038],[77.419642,28.535075]]]},"properties":{"objectid":62451,"plotmapid":"HCD167IND","property_t":"Industrial","used":"PLOT","plotsizesq":1000,"plot_size":"1000 SQMT","plot_no":"167","sector":"HC","block":"D","mplanduse":"B","ppt_type":"IND","ppt_full":"Industrial","authority":"NOIDA","category":"industrial","execution_stage":"unknown"}},{"type":"Feature","geometry":{"type":"Polygon","coordinates":[[[77.418829,28.534997],[77.419235,28.535038],[77.419205,28.535266],[77.418799,28.535224],[77.418829,28.534997]]]},"properties":{"objectid":62452,"plotmapid":"HCD164IND","property_t":"Industrial","used":"PLOT","plotsizesq":1000,"plot_size":"1000 SQMT","plot_no":"164","sector":"HC","block":"D","mplanduse":"B","ppt_type":"IND","ppt_full":"Industrial","authority":"NOIDA","category":"industrial","execution_stage":"unknown"}},{"type":"Feature","geometry":{"type":"Polygon","coordinates":[[[77.419163,28.535581],[77.419205,28.535266],[77.419611,28.535308],[77.419573,28.535622],[77.419163,28.535581]]]},"properties":{"objectid":62453,"plotmapid":"HCD166IND","property_t":"Industrial","used":"PLOT","plotsizesq":1000,"plot_size":"1000 SQMT","plot_no":"166","sector":"HC","block":"D","mplanduse":"B","ppt_type":"IND","ppt_full":"Industrial","authority":"NOIDA","category":"industrial","execution_stage":"unknown"}},{"type":"Feature","geometry":{"type":"Polygon","coordinates":[[[77.418758,28.535541],[77.418799,28.535224],[77.419205,28.535266],[77.419163,28.535581],[77.418758,28.535541]]]},"properties":{"objectid":62454,"plotmapid":"HCD165IND","property_t":"Industrial","used":"PLOT","plotsizesq":1000,"plot_size":"1000 SQMT","plot_no":"165","sector":"HC","block":"D","mplanduse":"B","ppt_type":"IND","ppt_full":"Industrial","authority":"NOIDA","category":"industrial","execution_stage":"unknown"}},{"type":"Feature","geometry":{"type":"Polygon","coordinates":[[[77.416575,28.535058],[77.416977,28.535098],[77.416941,28.535364],[77.416538,28.535323],[77.416575,28.535058]]]},"properties":{"objectid":62455,"plotmapid":"HCD089IND","property_t":"Industrial","used":"PLOT","plotsizesq":1000,"plot_size":"1000 SQMT","plot_no":"089","sector":"HC","block":"D","mplanduse":"B","ppt_type":"IND","ppt_full":"Industrial","authority":"NOIDA","category":"industrial","execution_stage":"unknown"}},{"type":"Feature","geometry":{"type":"Polygon","coordinates":[[[77.416941,28.535364],[77.416977,28.535098],[77.417386,28.535139],[77.417349,28.535404],[77.416941,28.535364]]]},"properties":{"objectid":62456,"plotmapid":"HCD115IND","property_t":"Industrial","used":"PLOT","plotsizesq":1000,"plot_size":"1000 SQMT","plot_no":"115","sector":"HC","block":"D","mplanduse":"B","ppt_type":"IND","ppt_full":"Industrial","authority":"NOIDA","category":"industrial","execution_stage":"unknown"}},{"type":"Feature","geometry":{"type":"Polygon","coordinates":[[[77.416607,28.534826],[77.417008,28.534873],[77.416977,28.535098],[77.416575,28.535058],[77.416607,28.534826]]]},"properties":{"objectid":62457,"plotmapid":"HCD090IND","property_t":"Industrial","used":"PLOT","plotsizesq":1000,"plot_size":"1000 SQMT","plot_no":"090","sector":"HC","block":"D","mplanduse":"B","ppt_type":"IND","ppt_full":"Industrial","authority":"NOIDA","category":"industrial","execution_stage":"unknown"}},{"type":"Feature","geometry":{"type":"Polygon","coordinates":[[[77.417194,28.533522],[77.417602,28.533562],[77.417417,28.534913],[77.416607,28.534826],[77.41679,28.533481],[77.417194,28.533522]]]},"properties":{"objectid":62458,"plotmapid":"HCD91-96 & 107-112IND","property_t":"Industrial","used":"PLOT","plotsizesq":1000,"plot_size":"1000 SQMT","plot_no":"91-96 & 107-112","sector":"HC","block":"D","mplanduse":"B","ppt_type":"IND","ppt_full":"Industrial","authority":"NOIDA","category":"industrial","execution_stage":"unknown"}},{"type":"Feature","geometry":{"type":"Polygon","coordinates":[[[77.416977,28.535098],[77.417008,28.534873],[77.417417,28.534913],[77.417386,28.535139],[77.416977,28.535098]]]},"properties":{"objectid":62459,"plotmapid":"HCD113IND","property_t":"Industrial","used":"PLOT","plotsizesq":1000,"plot_size":"1000 SQMT","plot_no":"113","sector":"HC","block":"D","mplanduse":"B","ppt_type":"IND","ppt_full":"Industrial","authority":"NOIDA","category":"industrial","execution_stage":"unknown"}},{"type":"Feature","geometry":{"type":"Polygon","coordinates":[[[77.417248,28.533077],[77.417655,28.533121],[77.417602,28.533562],[77.41679,28.533481],[77.416847,28.533034],[77.417248,28.533077]]]},"properties":{"objectid":62460,"plotmapid":"HCD97,98,105,106IND","property_t":"Industrial","used":"PLOT","plotsizesq":1000,"plot_size":"1000 SQMT","plot_no":"97,98,105,106","sector":"HC","block":"D","mplanduse":"B","ppt_type":"IND","ppt_full":"Industrial","authority":"NOIDA","category":"industrial","execution_stage":"unknown"}},{"type":"Feature","geometry":{"type":"Polygon","coordinates":[[[77.417281,28.532811],[77.417248,28.533077],[77.416847,28.533034],[77.416876,28.532774],[77.417281,28.532811]]]},"properties":{"objectid":62461,"plotmapid":"HCD099IND","property_t":"Industrial","used":"PLOT","plotsizesq":1000,"plot_size":"1000 SQMT","plot_no":"099","sector":"HC","block":"D","mplanduse":"B","ppt_type":"IND","ppt_full":"Industrial","authority":"NOIDA","category":"industrial","execution_stage":"unknown"}},{"type":"Feature","geometry":{"type":"Polygon","coordinates":[[[77.417687,28.532848],[77.417655,28.533121],[77.417248,28.533077],[77.417281,28.532811],[77.417687,28.532848]]]},"properties":{"objectid":62462,"plotmapid":"HCD104IND","property_t":"Industrial","used":"PLOT","plotsizesq":1000,"plot_size":"1000 SQMT","plot_no":"104","sector":"HC","block":"D","mplanduse":"B","ppt_type":"IND","ppt_full":"Industrial","authority":"NOIDA","category":"industrial","execution_stage":"unknown"}},{"type":"Feature","geometry":{"type":"Polygon","coordinates":[[[77.417309,28.532583],[77.417281,28.532811],[77.416876,28.532774],[77.416901,28.532547],[77.417309,28.532583]]]},"properties":{"objectid":62463,"plotmapid":"HCD100IND","property_t":"Industrial","used":"PLOT","plotsizesq":1000,"plot_size":"1000 SQMT","plot_no":"100","sector":"HC","block":"D","mplanduse":"B","ppt_type":"IND","ppt_full":"Industrial","authority":"NOIDA","category":"industrial","execution_stage":"unknown"}},{"type":"Feature","geometry":{"type":"Polygon","coordinates":[[[77.417714,28.532618],[77.417687,28.532848],[77.417281,28.532811],[77.417309,28.532583],[77.417714,28.532618]]]},"properties":{"objectid":62464,"plotmapid":"HCD103IND","property_t":"Industrial","used":"PLOT","plotsizesq":1000,"plot_size":"1000 SQMT","plot_no":"103","sector":"HC","block":"D","mplanduse":"B","ppt_type":"IND","ppt_full":"Industrial","authority":"NOIDA","category":"industrial","execution_stage":"unknown"}},{"type":"Feature","geometry":{"type":"Polygon","coordinates":[[[77.417377,28.532357],[77.417352,28.532587],[77.416901,28.532547],[77.416928,28.532313],[77.417377,28.532357]]]},"properties":{"objectid":62465,"plotmapid":"HCD101IND","property_t":"Industrial","used":"PLOT","plotsizesq":1000,"plot_size":"1000 SQMT","plot_no":"101","sector":"HC","block":"D","mplanduse":"B","ppt_type":"IND","ppt_full":"Industrial","authority":"NOIDA","category":"industrial","execution_stage":"unknown"}},{"type":"Feature","geometry":{"type":"Polygon","coordinates":[[[77.417741,28.532394],[77.417714,28.532618],[77.417352,28.532587],[77.417377,28.532357],[77.417741,28.532394]]]},"properties":{"objectid":62466,"plotmapid":"HCD102IND","property_t":"Industrial","used":"PLOT","plotsizesq":1000,"plot_size":"1000 SQMT","plot_no":"102","sector":"HC","block":"D","mplanduse":"B","ppt_type":"IND","ppt_full":"Industrial","authority":"NOIDA","category":"industrial","execution_stage":"unknown"}},{"type":"Feature","geometry":{"type":"Polygon","coordinates":[[[77.415835,28.534892],[77.415789,28.535252],[77.415531,28.535225],[77.41558,28.534866],[77.415835,28.534892]]]},"properties":{"objectid":62469,"plotmapid":"HCD086IND","property_t":"Industrial","used":"PLOT","plotsizesq":1000,"plot_size":"1000 SQMT","plot_no":"086","sector":"HC","block":"D","mplanduse":"B","ppt_type":"IND","ppt_full":"Industrial","authority":"NOIDA","category":"industrial","execution_stage":"unknown"}},{"type":"Feature","geometry":{"type":"Polygon","coordinates":[[[77.416344,28.53494],[77.416294,28.535304],[77.41604,28.535278],[77.41609,28.534916],[77.416344,28.53494]]]},"properties":{"objectid":62471,"plotmapid":"HCD088IND","property_t":"Industrial","used":"PLOT","plotsizesq":1000,"plot_size":"1000 SQMT","plot_no":"088","sector":"HC","block":"D","mplanduse":"B","ppt_type":"IND","ppt_full":"Industrial","authority":"NOIDA","category":"industrial","execution_stage":"unknown"}},{"type":"Feature","geometry":{"type":"Polygon","coordinates":[[[77.416394,28.534578],[77.416344,28.53494],[77.41609,28.534916],[77.41614,28.534555],[77.416394,28.534578]]]},"properties":{"objectid":62472,"plotmapid":"HCD075IND","property_t":"Industrial","used":"PLOT","plotsizesq":1000,"plot_size":"1000 SQMT","plot_no":"075","sector":"HC","block":"D","mplanduse":"B","ppt_type":"IND","ppt_full":"Industrial","authority":"NOIDA","category":"industrial","execution_stage":"unknown"}},{"type":"Feature","geometry":{"type":"Polygon","coordinates":[[[77.41614,28.534555],[77.41609,28.534916],[77.415838,28.534892],[77.415885,28.534533],[77.41614,28.534555]]]},"properties":{"objectid":62473,"plotmapid":"HCD076IND","property_t":"Industrial","used":"PLOT","plotsizesq":1000,"plot_size":"1000 SQMT","plot_no":"076","sector":"HC","block":"D","mplanduse":"B","ppt_type":"IND","ppt_full":"Industrial","authority":"NOIDA","category":"industrial","execution_stage":"unknown"}},{"type":"Feature","geometry":{"type":"Polygon","coordinates":[[[77.41609,28.534916],[77.41604,28.535278],[77.415789,28.535252],[77.415838,28.534892],[77.41609,28.534916]]]},"properties":{"objectid":62474,"plotmapid":"HCD087IND","property_t":"Industrial","used":"PLOT","plotsizesq":1000,"plot_size":"1000 SQMT","plot_no":"087","sector":"HC","block":"D","mplanduse":"B","ppt_type":"IND","ppt_full":"Industrial","authority":"NOIDA","category":"industrial","execution_stage":"unknown"}},{"type":"Feature","geometry":{"type":"Polygon","coordinates":[[[77.41563,28.53451],[77.41558,28.534866],[77.415326,28.534839],[77.415375,28.534483],[77.41563,28.53451]]]},"properties":{"objectid":62475,"plotmapid":"HCD078IND","property_t":"Industrial","used":"PLOT","plotsizesq":1000,"plot_size":"1000 SQMT","plot_no":"078","sector":"HC","block":"D","mplanduse":"B","ppt_type":"IND","ppt_full":"Industrial","authority":"NOIDA","category":"industrial","execution_stage":"unknown"}},{"type":"Feature","geometry":{"type":"Polygon","coordinates":[[[77.415326,28.534839],[77.41558,28.534866],[77.415531,28.535225],[77.41528,28.535199],[77.415326,28.534839]]]},"properties":{"objectid":62476,"plotmapid":"HCD085IND","property_t":"Industrial","used":"PLOT","plotsizesq":1000,"plot_size":"1000 SQMT","plot_no":"085","sector":"HC","block":"D","mplanduse":"B","ppt_type":"IND","ppt_full":"Industrial","authority":"NOIDA","category":"industrial","execution_stage":"unknown"}},{"type":"Feature","geometry":{"type":"Polygon","coordinates":[[[77.416068,28.533879],[77.416475,28.533919],[77.416413,28.534418],[77.415601,28.534339],[77.415661,28.53384],[77.416068,28.533879]]]},"properties":{"objectid":62483,"plotmapid":"HCD049, 50, 73,74IND","property_t":"Industrial","used":"PLOT","plotsizesq":1000,"plot_size":"1000 SQMT","plot_no":"049,50,73,74","sector":"HC","block":"D","mplanduse":"B","ppt_type":"IND","ppt_full":"Industrial","authority":"NOIDA","category":"industrial","execution_stage":"unknown"}},{"type":"Feature","geometry":{"type":"Polygon","coordinates":[[[77.415716,28.533392],[77.41653,28.533473],[77.416475,28.533919],[77.415661,28.53384],[77.415716,28.533392]]]},"properties":{"objectid":62484,"plotmapid":"HCD051, 052 & 071, 072IND","property_t":"Industrial","used":"PLOT","plotsizesq":1000,"plot_size":"1000 SQMT","plot_no":"051,052&071,072","sector":"HC","block":"D","mplanduse":"B","ppt_type":"IND","ppt_full":"Industrial","authority":"NOIDA","category":"industrial","execution_stage":"unknown"}},{"type":"Feature","geometry":{"type":"Polygon","coordinates":[[[77.415772,28.532944],[77.416585,28.533024],[77.41653,28.533473],[77.415715,28.533392],[77.415772,28.532944]]]},"properties":{"objectid":62485,"plotmapid":"HCD53&54,69&70IND","property_t":"Industrial","used":"PLOT","plotsizesq":1000,"plot_size":"1000 SQMT","plot_no":"53&54,69&70","sector":"HC","block":"D","mplanduse":"B","ppt_type":"IND","ppt_full":"Industrial","authority":"NOIDA","category":"industrial","execution_stage":"unknown"}},{"type":"Feature","geometry":{"type":"Polygon","coordinates":[[[77.415855,28.532265],[77.416669,28.532346],[77.416585,28.533024],[77.415769,28.532944],[77.415855,28.532265]]]},"properties":{"objectid":62486,"plotmapid":"HCD055 to 057 & 066 to 068IND","property_t":"Industrial","used":"PLOT","plotsizesq":1000,"plot_size":"1000 SQMT","plot_no":"055 to 057 & 066 to 068","sector":"HC","block":"D","mplanduse":"B","ppt_type":"IND","ppt_full":"Industrial","authority":"NOIDA","category":"industrial","execution_stage":"unknown"}},{"type":"Feature","geometry":{"type":"Polygon","coordinates":[[[77.416696,28.532127],[77.416669,28.532346],[77.416262,28.532306],[77.416289,28.532087],[77.416696,28.532127]]]},"properties":{"objectid":62487,"plotmapid":"HCD065IND","property_t":"Industrial","used":"PLOT","plotsizesq":1000,"plot_size":"1000 SQMT","plot_no":"065","sector":"HC","block":"D","mplanduse":"B","ppt_type":"IND","ppt_full":"Industrial","authority":"NOIDA","category":"industrial","execution_stage":"unknown"}},{"type":"Feature","geometry":{"type":"Polygon","coordinates":[[[77.415877,28.532046],[77.416289,28.532087],[77.416262,28.532306],[77.415851,28.532265],[77.415877,28.532046]]]},"properties":{"objectid":62488,"plotmapid":"HCD058IND","property_t":"Industrial","used":"PLOT","plotsizesq":1000,"plot_size":"1000 SQMT","plot_no":"058","sector":"HC","block":"D","mplanduse":"B","ppt_type":"IND","ppt_full":"Industrial","authority":"NOIDA","category":"industrial","execution_stage":"unknown"}},{"type":"Feature","geometry":{"type":"Polygon","coordinates":[[[77.416724,28.531901],[77.416696,28.532127],[77.416289,28.532087],[77.416317,28.531861],[77.416724,28.531901]]]},"properties":{"objectid":62489,"plotmapid":"HCD064IND","property_t":"Industrial","used":"PLOT","plotsizesq":1000,"plot_size":"1000 SQMT","plot_no":"064","sector":"HC","block":"D","mplanduse":"B","ppt_type":"IND","ppt_full":"Industrial","authority":"NOIDA","category":"industrial","execution_stage":"unknown"}},{"type":"Feature","geometry":{"type":"Polygon","coordinates":[[[77.415905,28.531821],[77.416317,28.531861],[77.416289,28.532087],[77.415877,28.532046],[77.415905,28.531821]]]},"properties":{"objectid":62490,"plotmapid":"HCD059IND","property_t":"Industrial","used":"PLOT","plotsizesq":1000,"plot_size":"1000 SQMT","plot_no":"059","sector":"HC","block":"D","mplanduse":"B","ppt_type":"IND","ppt_full":"Industrial","authority":"NOIDA","category":"industrial","execution_stage":"unknown"}},{"type":"Feature","geometry":{"type":"Polygon","coordinates":[[[77.416317,28.531861],[77.416344,28.531639],[77.416751,28.531679],[77.416724,28.531901],[77.416317,28.531861]]]},"properties":{"objectid":62491,"plotmapid":"HCD063IND","property_t":"Industrial","used":"PLOT","plotsizesq":1000,"plot_size":"1000 SQMT","plot_no":"063","sector":"HC","block":"D","mplanduse":"B","ppt_type":"IND","ppt_full":"Industrial","authority":"NOIDA","category":"industrial","execution_stage":"unknown"}},{"type":"Feature","geometry":{"type":"Polygon","coordinates":[[[77.415931,28.531599],[77.416344,28.531639],[77.416317,28.531861],[77.415905,28.531821],[77.415931,28.531599]]]},"properties":{"objectid":62492,"plotmapid":"HCD060IND","property_t":"Industrial","used":"PLOT","plotsizesq":1000,"plot_size":"1000 SQMT","plot_no":"060","sector":"HC","block":"D","mplanduse":"B","ppt_type":"IND","ppt_full":"Industrial","authority":"NOIDA","category":"industrial","execution_stage":"unknown"}},{"type":"Feature","geometry":{"type":"Polygon","coordinates":[[[77.416785,28.531402],[77.416751,28.531679],[77.416344,28.531639],[77.416378,28.531366],[77.416785,28.531402]]]},"properties":{"objectid":62493,"plotmapid":"HCD062IND","property_t":"Industrial","used":"PLOT","plotsizesq":1000,"plot_size":"1000 SQMT","plot_no":"062","sector":"HC","block":"D","mplanduse":"B","ppt_type":"IND","ppt_full":"Industrial","authority":"NOIDA","category":"industrial","execution_stage":"unknown"}},{"type":"Feature","geometry":{"type":"Polygon","coordinates":[[[77.415964,28.53133],[77.416378,28.531366],[77.416344,28.531639],[77.415931,28.531599],[77.415964,28.53133]]]},"properties":{"objectid":62494,"plotmapid":"HCD061IND","property_t":"Industrial","used":"PLOT","plotsizesq":1000,"plot_size":"1000 SQMT","plot_no":"061","sector":"HC","block":"D","mplanduse":"B","ppt_type":"IND","ppt_full":"Industrial","authority":"NOIDA","category":"industrial","execution_stage":"unknown"}},{"type":"Feature","geometry":{"type":"Polygon","coordinates":[[[77.415484,28.531284],[77.41544,28.531642],[77.415186,28.531619],[77.41523,28.531261],[77.415484,28.531284]]]},"properties":{"objectid":62499,"plotmapid":"HCD046IND","property_t":"Industrial","used":"PLOT","plotsizesq":1000,"plot_size":"1000 SQMT","plot_no":"046","sector":"HC","block":"D","mplanduse":"B","ppt_type":"IND","ppt_full":"Industrial","authority":"NOIDA","category":"industrial","execution_stage":"unknown"}},{"type":"Feature","geometry":{"type":"Polygon","coordinates":[[[77.41544,28.531642],[77.415484,28.531284],[77.415782,28.531311],[77.415739,28.531669],[77.41544,28.531642]]]},"properties":{"objectid":62504,"plotmapid":"HCD047IND","property_t":"Industrial","used":"PLOT","plotsizesq":1000,"plot_size":"1000 SQMT","plot_no":"047","sector":"HC","block":"D","mplanduse":"B","ppt_type":"IND","ppt_full":"Industrial","authority":"NOIDA","category":"industrial","execution_stage":"unknown"}},{"type":"Feature","geometry":{"type":"Polygon","coordinates":[[[77.415396,28.532],[77.41544,28.531642],[77.415739,28.531669],[77.415695,28.532027],[77.415396,28.532]]]},"properties":{"objectid":62505,"plotmapid":"HCD036IND","property_t":"Industrial","used":"PLOT","plotsizesq":1000,"plot_size":"1000 SQMT","plot_no":"036","sector":"HC","block":"D","mplanduse":"B","ppt_type":"IND","ppt_full":"Industrial","authority":"NOIDA","category":"industrial","execution_stage":"unknown"}},{"type":"Feature","geometry":{"type":"Polygon","coordinates":[[[77.418979,28.538398],[77.418943,28.538451],[77.417943,28.538354],[77.41795,28.538308],[77.418979,28.538398]]]},"properties":{"objectid":66697,"plotmapid":"PHASE-IINAIND","property_t":"Industrial","plotsizesq":0,"sector":"PHASE-II","block":"NA","mplanduse":"B","ppt_type":"IND","ppt_full":"Industrial","authority":"NOIDA","category":"industrial","execution_stage":"unknown"}},{"type":"Feature","geometry":{"type":"Polygon","coordinates":[[[77.418805,28.538437],[77.418692,28.538615],[77.418785,28.538667],[77.418188,28.539488],[77.417962,28.539368],[77.418053,28.539227],[77.417835,28.539152],[77.417943,28.538354],[77.418805,28.538437]]]},"properties":{"objectid":66698,"plotmapid":"PHASE-IIC048IND","property_t":"Industrial","plotsizesq":0,"plot_no":"048","sector":"PHASE-II","block":"C","mplanduse":"B","ppt_type":"IND","ppt_full":"Industrial","authority":"NOIDA","category":"industrial","execution_stage":"unknown"}}]}
