{"type":"FeatureCollection","features":[{"type":"Feature","geometry":{"type":"Polygon","coordinates":[[[77.415751,28.530196],[77.415715,28.530559],[77.414675,28.530454],[77.414787,28.52963],[77.415751,28.530196]]]},"properties":{"objectid":60472,"plotmapid":"87A003IND","property_t":"Industrial","used":"NA","plotsizesq":6638,"plot_size":"6638 SQMT","plot_no":"003","sector":"87","block":"A","mplanduse":"V","ppt_type":"IND","ppt_full":"Industrial","remark":"As per drone is vacant ,not Alloted & not buildup","authority":"NOIDA","category":"industrial","execution_stage":"unknown"}},{"type":"Feature","geometry":{"type":"Polygon","coordinates":[[[77.41386,28.529906],[77.413808,28.530375],[77.41318,28.530316],[77.413279,28.529498],[77.41386,28.529906]]]},"properties":{"objectid":60512,"plotmapid":"87A001IND","property_t":"Industrial","used":"NA","plotsizesq":4722,"plot_size":"4722 SQMT","plot_no":"001","sector":"87","block":"A","mplanduse":"B","ppt_type":"IND","ppt_full":"Industrial","authority":"NOIDA","category":"industrial","execution_stage":"unknown"}},{"type":"Feature","geometry":{"type":"Polygon","coordinates":[[[77.414787,28.52963],[77.414675,28.530454],[77.413808,28.530375],[77.41386,28.529906],[77.413912,28.529949],[77.41412,28.529855],[77.414207,28.529933],[77.414555,28.529629],[77.414678,28.52973],[77.414787,28.52963]]]},"properties":{"objectid":60513,"plotmapid":"87A002IND","property_t":"Industrial","used":"NA","plotsizesq":6400,"plot_size":"6400 SQMT","plot_no":"002","sector":"87","block":"A","mplanduse":"B","ppt_type":"IND","ppt_full":"Industrial","authority":"NOIDA","category":"industrial","execution_stage":"unknown"}},{"type":"Feature","geometry":{"type":"Polygon","coordinates":[[[77.412553,28.536572],[77.412579,28.536574],[77.412517,28.537155],[77.412209,28.537132],[77.41227,28.536548],[77.412553,28.536572]]]},"properties":{"objectid":60844,"plotmapid":"PHASE-IIB035IND","property_t":"Industrial","plotsizesq":0,"plot_no":"035","sector":"PHASE-II","block":"B","mplanduse":"B","ppt_type":"IND","ppt_full":"Industrial","authority":"NOIDA","category":"industrial","execution_stage":"unknown"}},{"type":"Feature","geometry":{"type":"Polygon","coordinates":[[[77.406154,28.537269],[77.40622,28.536656],[77.406567,28.536686],[77.406503,28.537298],[77.406154,28.537269]]]},"properties":{"objectid":60849,"plotmapid":"PHASE-IIA006IND","property_t":"Industrial","plotsizesq":0,"plot_size":"1800 SQM.","plot_no":"006","sector":"PHASE-II","block":"A","mplanduse":"V","ppt_type":"IND","ppt_full":"Industrial","authority":"NOIDA","category":"industrial","execution_stage":"unknown"}},{"type":"Feature","geometry":{"type":"Polygon","coordinates":[[[77.406829,28.536708],[77.406755,28.537319],[77.406503,28.537298],[77.406567,28.536686],[77.406829,28.536708]]]},"properties":{"objectid":60850,"plotmapid":"PHASE-IIA005IND","property_t":"Industrial","plotsizesq":0,"plot_size":"1800 SQM.","plot_no":"005","sector":"PHASE-II","block":"A","mplanduse":"V","ppt_type":"IND","ppt_full":"Industrial","authority":"NOIDA","category":"industrial","execution_stage":"unknown"}},{"type":"Feature","geometry":{"type":"Polygon","coordinates":[[[77.411904,28.537745],[77.412233,28.537779],[77.412218,28.537899],[77.411886,28.537863],[77.411904,28.537745]]]},"properties":{"objectid":60851,"plotmapid":"PHASE-IIB143IND","property_t":"Industrial","plotsizesq":0,"plot_no":"143","sector":"PHASE-II","block":"B","mplanduse":"B","ppt_type":"IND","ppt_full":"Industrial","authority":"NOIDA","category":"industrial","execution_stage":"unknown"}},{"type":"Feature","geometry":{"type":"Polygon","coordinates":[[[77.413606,28.538449],[77.413584,28.538627],[77.41318,28.538588],[77.413203,28.53841],[77.413606,28.538449]]]},"properties":{"objectid":60853,"plotmapid":"PHASE-IIB177IND","property_t":"Industrial","plotsizesq":0,"plot_no":"177","sector":"PHASE-II","block":"B","mplanduse":"V","ppt_type":"IND","ppt_full":"Industrial","authority":"NOIDA","category":"industrial","execution_stage":"unknown"}},{"type":"Feature","geometry":{"type":"Polygon","coordinates":[[[77.409173,28.538797],[77.409488,28.538552],[77.409623,28.538688],[77.409305,28.538934],[77.409173,28.538797]]]},"properties":{"objectid":60856,"plotmapid":"PHASE-IIB125IND","property_t":"Industrial","plotsizesq":0,"plot_no":"125","sector":"PHASE-II","block":"B","mplanduse":"V","ppt_type":"IND","ppt_full":"Industrial","authority":"NOIDA","category":"industrial","execution_stage":"unknown"}},{"type":"Feature","geometry":{"type":"Polygon","coordinates":[[[77.408355,28.535624],[77.408294,28.536209],[77.407733,28.536163],[77.407706,28.535572],[77.408355,28.535624]]]},"properties":{"objectid":60868,"plotmapid":"PHASE-IIB012IND","property_t":"Industrial","plotsizesq":0,"plot_no":"012","sector":"PHASE-II","block":"B","mplanduse":"B","ppt_type":"IND","ppt_full":"Industrial","authority":"NOIDA","category":"industrial","execution_stage":"unknown"}},{"type":"Feature","geometry":{"type":"Polygon","coordinates":[[[77.408671,28.535647],[77.408606,28.536235],[77.408294,28.536209],[77.408355,28.535624],[77.408671,28.535647]]]},"properties":{"objectid":60869,"plotmapid":"PHASE-IIB013IND","property_t":"Industrial","plotsizesq":0,"plot_no":"013","sector":"PHASE-II","block":"B","mplanduse":"B","ppt_type":"IND","ppt_full":"Industrial","authority":"NOIDA","category":"industrial","execution_stage":"unknown"}},{"type":"Feature","geometry":{"type":"Polygon","coordinates":[[[77.408934,28.535673],[77.40886,28.536257],[77.408606,28.536235],[77.408671,28.535647],[77.408934,28.535673]]]},"properties":{"objectid":60870,"plotmapid":"PHASE-IIB014IND","property_t":"Industrial","plotsizesq":0,"plot_no":"014","sector":"PHASE-II","block":"B","mplanduse":"B","ppt_type":"IND","ppt_full":"Industrial","authority":"NOIDA","category":"industrial","execution_stage":"unknown"}},{"type":"Feature","geometry":{"type":"Polygon","coordinates":[[[77.409277,28.535704],[77.409218,28.536288],[77.40886,28.536257],[77.408934,28.535673],[77.409277,28.535704]]]},"properties":{"objectid":60871,"plotmapid":"PHASE-IIB015IND","property_t":"Industrial","plotsizesq":0,"plot_no":"015","sector":"PHASE-II","block":"B","mplanduse":"B","ppt_type":"IND","ppt_full":"Industrial","authority":"NOIDA","category":"industrial","execution_stage":"unknown"}},{"type":"Feature","geometry":{"type":"Polygon","coordinates":[[[77.409588,28.535735],[77.409522,28.536314],[77.409218,28.536288],[77.409277,28.535704],[77.409588,28.535735]]]},"properties":{"objectid":60872,"plotmapid":"PHASE-IIB016IND","property_t":"Industrial","plotsizesq":0,"plot_no":"016","sector":"PHASE-II","block":"B","mplanduse":"B","ppt_type":"IND","ppt_full":"Industrial","authority":"NOIDA","category":"industrial","execution_stage":"unknown"}},{"type":"Feature","geometry":{"type":"Polygon","coordinates":[[[77.409893,28.53576],[77.409825,28.536341],[77.409522,28.536314],[77.409588,28.535735],[77.409893,28.53576]]]},"properties":{"objectid":60873,"plotmapid":"PHASE-IIB017IND","property_t":"Industrial","plotsizesq":0,"plot_no":"017","sector":"PHASE-II","block":"B","mplanduse":"B","ppt_type":"IND","ppt_full":"Industrial","authority":"NOIDA","category":"industrial","execution_stage":"unknown"}},{"type":"Feature","geometry":{"type":"Polygon","coordinates":[[[77.410193,28.535784],[77.41013,28.536367],[77.409825,28.536341],[77.409893,28.53576],[77.410193,28.535784]]]},"properties":{"objectid":60874,"plotmapid":"PHASE-IIB018IND","property_t":"Industrial","plotsizesq":0,"plot_no":"018","sector":"PHASE-II","block":"B","mplanduse":"B","ppt_type":"IND","ppt_full":"Industrial","authority":"NOIDA","category":"industrial","execution_stage":"unknown"}},{"type":"Feature","geometry":{"type":"Polygon","coordinates":[[[77.410506,28.535812],[77.410438,28.536393],[77.41013,28.536367],[77.410193,28.535784],[77.410506,28.535812]]]},"properties":{"objectid":60875,"plotmapid":"PHASE-IIB019IND","property_t":"Industrial","plotsizesq":0,"plot_no":"019","sector":"PHASE-II","block":"B","mplanduse":"B","ppt_type":"IND","ppt_full":"Industrial","authority":"NOIDA","category":"industrial","execution_stage":"unknown"}},{"type":"Feature","geometry":{"type":"Polygon","coordinates":[[[77.410506,28.535812],[77.410805,28.535837],[77.41074,28.536418],[77.410438,28.536393],[77.410506,28.535812]]]},"properties":{"objectid":60876,"plotmapid":"PHASE-IIB020IND","property_t":"Industrial","plotsizesq":0,"plot_no":"020","sector":"PHASE-II","block":"B","mplanduse":"B","ppt_type":"IND","ppt_full":"Industrial","authority":"NOIDA","category":"industrial","execution_stage":"unknown"}},{"type":"Feature","geometry":{"type":"Polygon","coordinates":[[[77.411113,28.535863],[77.411052,28.536444],[77.41074,28.536418],[77.410805,28.535837],[77.411113,28.535863]]]},"properties":{"objectid":60877,"plotmapid":"PHASE-IIB021IND","property_t":"Industrial","plotsizesq":0,"plot_no":"021","sector":"PHASE-II","block":"B","mplanduse":"B","ppt_type":"IND","ppt_full":"Industrial","authority":"NOIDA","category":"industrial","execution_stage":"unknown"}},{"type":"Feature","geometry":{"type":"Polygon","coordinates":[[[77.411113,28.535863],[77.411419,28.53589],[77.411353,28.53647],[77.411052,28.536444],[77.411113,28.535863]]]},"properties":{"objectid":60878,"plotmapid":"PHASE-IIB022IND","property_t":"Industrial","plotsizesq":0,"plot_no":"022","sector":"PHASE-II","block":"B","mplanduse":"B","ppt_type":"IND","ppt_full":"Industrial","authority":"NOIDA","category":"industrial","execution_stage":"unknown"}},{"type":"Feature","geometry":{"type":"Polygon","coordinates":[[[77.411726,28.535916],[77.411661,28.536496],[77.411353,28.53647],[77.411419,28.53589],[77.411726,28.535916]]]},"properties":{"objectid":60879,"plotmapid":"PHASE-IIB023IND","property_t":"Industrial","plotsizesq":0,"plot_no":"023","sector":"PHASE-II","block":"B","mplanduse":"B","ppt_type":"IND","ppt_full":"Industrial","authority":"NOIDA","category":"industrial","execution_stage":"unknown"}},{"type":"Feature","geometry":{"type":"Polygon","coordinates":[[[77.412025,28.535939],[77.411962,28.536522],[77.411661,28.536496],[77.411726,28.535916],[77.412025,28.535939]]]},"properties":{"objectid":60880,"plotmapid":"PHASE-IIB024IND","property_t":"Industrial","plotsizesq":0,"plot_no":"024","sector":"PHASE-II","block":"B","mplanduse":"B","ppt_type":"IND","ppt_full":"Industrial","authority":"NOIDA","category":"industrial","execution_stage":"unknown"}},{"type":"Feature","geometry":{"type":"Polygon","coordinates":[[[77.412331,28.535968],[77.41227,28.536548],[77.411962,28.536522],[77.412025,28.535939],[77.412331,28.535968]]]},"properties":{"objectid":60881,"plotmapid":"PHASE-IIB025IND","property_t":"Industrial","plotsizesq":0,"plot_no":"025","sector":"PHASE-II","block":"B","mplanduse":"B","ppt_type":"IND","ppt_full":"Industrial","authority":"NOIDA","category":"industrial","execution_stage":"unknown"}},{"type":"Feature","geometry":{"type":"Polygon","coordinates":[[[77.412642,28.535992],[77.412579,28.536574],[77.41227,28.536548],[77.412331,28.535968],[77.412642,28.535992]]]},"properties":{"objectid":60882,"plotmapid":"PHASE-IIB026IND","property_t":"Industrial","plotsizesq":0,"plot_no":"026","sector":"PHASE-II","block":"B","mplanduse":"B","ppt_type":"IND","ppt_full":"Industrial","authority":"NOIDA","category":"industrial","execution_stage":"unknown"}},{"type":"Feature","geometry":{"type":"Polygon","coordinates":[[[77.412946,28.536019],[77.412882,28.5366],[77.412579,28.536574],[77.412642,28.535992],[77.412946,28.536019]]]},"properties":{"objectid":60883,"plotmapid":"PHASE-IIB027IND","property_t":"Industrial","plotsizesq":0,"plot_no":"027","sector":"PHASE-II","block":"B","mplanduse":"B","ppt_type":"IND","ppt_full":"Industrial","authority":"NOIDA","category":"industrial","execution_stage":"unknown"}},{"type":"Feature","geometry":{"type":"Polygon","coordinates":[[[77.41325,28.536042],[77.41319,28.536625],[77.412882,28.5366],[77.412946,28.536019],[77.41325,28.536042]]]},"properties":{"objectid":60884,"plotmapid":"PHASE-IIB028IND","property_t":"Industrial","plotsizesq":0,"plot_no":"028","sector":"PHASE-II","block":"B","mplanduse":"B","ppt_type":"IND","ppt_full":"Industrial","authority":"NOIDA","category":"industrial","execution_stage":"unknown"}},{"type":"Feature","geometry":{"type":"Polygon","coordinates":[[[77.413508,28.536063],[77.413444,28.536645],[77.41319,28.536625],[77.41325,28.536042],[77.413508,28.536063]]]},"properties":{"objectid":60885,"plotmapid":"PHASE-IIB029IND","property_t":"Industrial","plotsizesq":0,"plot_no":"029","sector":"PHASE-II","block":"B","mplanduse":"B","ppt_type":"IND","ppt_full":"Industrial","authority":"NOIDA","category":"industrial","execution_stage":"unknown"}},{"type":"Feature","geometry":{"type":"Polygon","coordinates":[[[77.41358,28.536068],[77.413909,28.536094],[77.413837,28.536673],[77.413444,28.536645],[77.413508,28.536063],[77.41358,28.536068]]]},"properties":{"objectid":60886,"plotmapid":"PHASE-IIB030IND","property_t":"Industrial","plotsizesq":0,"plot_no":"030","sector":"PHASE-II","block":"B","mplanduse":"B","ppt_type":"IND","ppt_full":"Industrial","authority":"NOIDA","category":"industrial","execution_stage":"unknown"}},{"type":"Feature","geometry":{"type":"Polygon","coordinates":[[[77.406592,28.535468],[77.406486,28.536678],[77.40586,28.536626],[77.405988,28.535417],[77.406592,28.535468]]]},"properties":{"objectid":60889,"plotmapid":"PHASE-IIA002IND","property_t":"Industrial","plotsizesq":0,"plot_no":"002","sector":"PHASE-II","block":"A","mplanduse":"B","ppt_type":"IND","ppt_full":"Industrial","authority":"NOIDA","category":"industrial","execution_stage":"unknown"}},{"type":"Feature","geometry":{"type":"Polygon","coordinates":[[[77.40723,28.535516],[77.407282,28.536747],[77.406486,28.536678],[77.406592,28.535468],[77.40723,28.535516]]]},"properties":{"objectid":60890,"plotmapid":"PHASE-IIA003IND","property_t":"Industrial","plotsizesq":0,"plot_no":"003","sector":"PHASE-II","block":"A","mplanduse":"B","ppt_type":"IND","ppt_full":"Industrial","authority":"NOIDA","category":"industrial","execution_stage":"unknown"}},{"type":"Feature","geometry":{"type":"Polygon","coordinates":[[[77.408294,28.536209],[77.408234,28.536791],[77.407744,28.536752],[77.407733,28.536163],[77.408294,28.536209]]]},"properties":{"objectid":60891,"plotmapid":"PHASE-IIB049IND","property_t":"Industrial","plotsizesq":0,"plot_no":"049","sector":"PHASE-II","block":"B","mplanduse":"B","ppt_type":"IND","ppt_full":"Industrial","authority":"NOIDA","category":"industrial","execution_stage":"unknown"}},{"type":"Feature","geometry":{"type":"Polygon","coordinates":[[[77.408606,28.536235],[77.408541,28.536817],[77.408234,28.536791],[77.408294,28.536209],[77.408606,28.536235]]]},"properties":{"objectid":60892,"plotmapid":"PHASE-IIB048IND","property_t":"Industrial","plotsizesq":0,"plot_no":"048","sector":"PHASE-II","block":"B","mplanduse":"B","ppt_type":"IND","ppt_full":"Industrial","authority":"NOIDA","category":"industrial","execution_stage":"unknown"}},{"type":"Feature","geometry":{"type":"Polygon","coordinates":[[[77.408919,28.536262],[77.408847,28.536843],[77.408541,28.536817],[77.408606,28.536235],[77.408919,28.536262]]]},"properties":{"objectid":60893,"plotmapid":"PHASE-IIB047IND","property_t":"Industrial","plotsizesq":0,"plot_no":"047","sector":"PHASE-II","block":"B","mplanduse":"B","ppt_type":"IND","ppt_full":"Industrial","authority":"NOIDA","category":"industrial","execution_stage":"unknown"}},{"type":"Feature","geometry":{"type":"Polygon","coordinates":[[[77.408919,28.536262],[77.409218,28.536288],[77.409159,28.536869],[77.408847,28.536843],[77.408919,28.536262]]]},"properties":{"objectid":60894,"plotmapid":"PHASE-IIB046IND","property_t":"Industrial","plotsizesq":0,"plot_no":"046","sector":"PHASE-II","block":"B","mplanduse":"B","ppt_type":"IND","ppt_full":"Industrial","authority":"NOIDA","category":"industrial","execution_stage":"unknown"}},{"type":"Feature","geometry":{"type":"Polygon","coordinates":[[[77.40923,28.536289],[77.409522,28.536314],[77.409457,28.536894],[77.409159,28.536869],[77.409218,28.536288],[77.40923,28.536289]]]},"properties":{"objectid":60895,"plotmapid":"PHASE-IIB045IND","property_t":"Industrial","plotsizesq":0,"plot_no":"045","sector":"PHASE-II","block":"B","mplanduse":"B","ppt_type":"IND","ppt_full":"Industrial","authority":"NOIDA","category":"industrial","execution_stage":"unknown"}},{"type":"Feature","geometry":{"type":"Polygon","coordinates":[[[77.409533,28.536315],[77.409825,28.536341],[77.409758,28.53692],[77.409457,28.536894],[77.409522,28.536314],[77.409533,28.536315]]]},"properties":{"objectid":60896,"plotmapid":"PHASE-IIB044IND","property_t":"Industrial","plotsizesq":0,"plot_no":"044","sector":"PHASE-II","block":"B","mplanduse":"B","ppt_type":"IND","ppt_full":"Industrial","authority":"NOIDA","category":"industrial","execution_stage":"unknown"}},{"type":"Feature","geometry":{"type":"Polygon","coordinates":[[[77.409834,28.536342],[77.41013,28.536367],[77.410068,28.536946],[77.409758,28.53692],[77.409834,28.536342]]]},"properties":{"objectid":60897,"plotmapid":"PHASE-IIB043IND","property_t":"Industrial","plotsizesq":0,"plot_no":"043","sector":"PHASE-II","block":"B","mplanduse":"B","ppt_type":"IND","ppt_full":"Industrial","authority":"NOIDA","category":"industrial","execution_stage":"unknown"}},{"type":"Feature","geometry":{"type":"Polygon","coordinates":[[[77.410134,28.536368],[77.410438,28.536393],[77.41037,28.536972],[77.410068,28.536946],[77.410134,28.536368]]]},"properties":{"objectid":60898,"plotmapid":"PHASE-IIB042IND","property_t":"Industrial","plotsizesq":0,"plot_no":"042","sector":"PHASE-II","block":"B","mplanduse":"B","ppt_type":"IND","ppt_full":"Industrial","authority":"NOIDA","category":"industrial","execution_stage":"unknown"}},{"type":"Feature","geometry":{"type":"Polygon","coordinates":[[[77.410438,28.536393],[77.41074,28.536418],[77.410687,28.536999],[77.41037,28.536972],[77.410438,28.536393]]]},"properties":{"objectid":60899,"plotmapid":"PHASE-IIB041IND","property_t":"Industrial","plotsizesq":0,"plot_no":"041","sector":"PHASE-II","block":"B","mplanduse":"B","ppt_type":"IND","ppt_full":"Industrial","authority":"NOIDA","category":"industrial","execution_stage":"unknown"}},{"type":"Feature","geometry":{"type":"Polygon","coordinates":[[[77.410746,28.536419],[77.411052,28.536444],[77.41099,28.537024],[77.410687,28.536999],[77.410746,28.536419]]]},"properties":{"objectid":60900,"plotmapid":"PHASE-IIB040IND","property_t":"Industrial","plotsizesq":0,"plot_no":"040","sector":"PHASE-II","block":"B","mplanduse":"B","ppt_type":"IND","ppt_full":"Industrial","authority":"NOIDA","category":"industrial","execution_stage":"unknown"}},{"type":"Feature","geometry":{"type":"Polygon","coordinates":[[[77.411052,28.536444],[77.411353,28.53647],[77.411287,28.537053],[77.41099,28.537024],[77.411052,28.536444]]]},"properties":{"objectid":60901,"plotmapid":"PHASE-IIB039IND","property_t":"Industrial","plotsizesq":0,"plot_no":"039","sector":"PHASE-II","block":"B","mplanduse":"B","ppt_type":"IND","ppt_full":"Industrial","authority":"NOIDA","category":"industrial","execution_stage":"unknown"}},{"type":"Feature","geometry":{"type":"Polygon","coordinates":[[[77.411643,28.536494],[77.411661,28.536496],[77.411595,28.537075],[77.411287,28.537053],[77.411353,28.53647],[77.411643,28.536494]]]},"properties":{"objectid":60902,"plotmapid":"PHASE-IIB038IND","property_t":"Industrial","plotsizesq":0,"plot_no":"038","sector":"PHASE-II","block":"B","mplanduse":"B","ppt_type":"IND","ppt_full":"Industrial","authority":"NOIDA","category":"industrial","execution_stage":"unknown"}},{"type":"Feature","geometry":{"type":"Polygon","coordinates":[[[77.411945,28.53652],[77.411962,28.536522],[77.411899,28.537101],[77.411595,28.537075],[77.411661,28.536496],[77.411945,28.53652]]]},"properties":{"objectid":60903,"plotmapid":"PHASE-IIB037IND","property_t":"Industrial","plotsizesq":0,"plot_no":"037","sector":"PHASE-II","block":"B","mplanduse":"B","ppt_type":"IND","ppt_full":"Industrial","authority":"NOIDA","category":"industrial","execution_stage":"unknown"}},{"type":"Feature","geometry":{"type":"Polygon","coordinates":[[[77.412248,28.536546],[77.41227,28.536548],[77.412209,28.537132],[77.411899,28.537101],[77.411962,28.536522],[77.412248,28.536546]]]},"properties":{"objectid":60904,"plotmapid":"PHASE-IIB036IND","property_t":"Industrial","plotsizesq":0,"plot_no":"036","sector":"PHASE-II","block":"B","mplanduse":"B","ppt_type":"IND","ppt_full":"Industrial","authority":"NOIDA","category":"industrial","execution_stage":"unknown"}},{"type":"Feature","geometry":{"type":"Polygon","coordinates":[[[77.412865,28.536598],[77.412882,28.5366],[77.412819,28.537183],[77.412517,28.537155],[77.412579,28.536574],[77.412865,28.536598]]]},"properties":{"objectid":60905,"plotmapid":"PHASE-IIB034IND","property_t":"Industrial","plotsizesq":0,"plot_no":"034","sector":"PHASE-II","block":"B","mplanduse":"B","ppt_type":"IND","ppt_full":"Industrial","authority":"NOIDA","category":"industrial","execution_stage":"unknown"}},{"type":"Feature","geometry":{"type":"Polygon","coordinates":[[[77.413181,28.536624],[77.41313,28.537207],[77.412819,28.537183],[77.412882,28.5366],[77.413181,28.536624]]]},"properties":{"objectid":60906,"plotmapid":"PHASE-IIB033IND","property_t":"Industrial","plotsizesq":0,"plot_no":"033","sector":"PHASE-II","block":"B","mplanduse":"B","ppt_type":"IND","ppt_full":"Industrial","authority":"NOIDA","category":"industrial","execution_stage":"unknown"}},{"type":"Feature","geometry":{"type":"Polygon","coordinates":[[[77.413444,28.536645],[77.41338,28.537226],[77.41313,28.537207],[77.41319,28.536625],[77.413444,28.536645]]]},"properties":{"objectid":60907,"plotmapid":"PHASE-IIB032IND","property_t":"Industrial","plotsizesq":0,"plot_no":"032","sector":"PHASE-II","block":"B","mplanduse":"B","ppt_type":"IND","ppt_full":"Industrial","authority":"NOIDA","category":"industrial","execution_stage":"unknown"}},{"type":"Feature","geometry":{"type":"Polygon","coordinates":[[[77.413503,28.536649],[77.413837,28.536673],[77.413766,28.53725],[77.41338,28.537226],[77.413444,28.536645],[77.413503,28.536649]]]},"properties":{"objectid":60908,"plotmapid":"PHASE-IIB031IND","property_t":"Industrial","plotsizesq":0,"plot_no":"031","sector":"PHASE-II","block":"B","mplanduse":"B","ppt_type":"IND","ppt_full":"Industrial","authority":"NOIDA","category":"industrial","execution_stage":"unknown"}},{"type":"Feature","geometry":{"type":"Polygon","coordinates":[[[77.415138,28.536201],[77.414985,28.537409],[77.414369,28.537348],[77.414523,28.536141],[77.415138,28.536201]]]},"properties":{"objectid":60909,"plotmapid":"PHASE-IIC041IND","property_t":"Industrial","plotsizesq":0,"plot_size":"8100 SQM.","plot_no":"041","sector":"PHASE-II","block":"C","mplanduse":"B","ppt_type":"IND","ppt_full":"Industrial","authority":"NOIDA","category":"industrial","execution_stage":"unknown"}},{"type":"Feature","geometry":{"type":"Polygon","coordinates":[[[77.412276,28.537414],[77.412262,28.537547],[77.411929,28.537512],[77.411945,28.537384],[77.412276,28.537414]]]},"properties":{"objectid":60917,"plotmapid":"PHASE-IIB146IND","property_t":"Industrial","plotsizesq":0,"plot_no":"146","sector":"PHASE-II","block":"B","mplanduse":"B","ppt_type":"IND","ppt_full":"Industrial","authority":"NOIDA","category":"industrial","execution_stage":"unknown"}},{"type":"Feature","geometry":{"type":"Polygon","coordinates":[[[77.412606,28.537443],[77.412588,28.537582],[77.412262,28.537547],[77.412276,28.537414],[77.412606,28.537443]]]},"properties":{"objectid":60918,"plotmapid":"PHASE-IIB147IND","property_t":"Industrial","plotsizesq":0,"plot_no":"147","sector":"PHASE-II","block":"B","mplanduse":"B","ppt_type":"IND","ppt_full":"Industrial","authority":"NOIDA","category":"industrial","execution_stage":"unknown"}},{"type":"Feature","geometry":{"type":"Polygon","coordinates":[[[77.413321,28.537494],[77.413296,28.537692],[77.412893,28.537652],[77.412918,28.537458],[77.413321,28.537494]]]},"properties":{"objectid":60919,"plotmapid":"PHASE-IIB171IND","property_t":"Industrial","plotsizesq":0,"plot_no":"171","sector":"PHASE-II","block":"B","mplanduse":"B","ppt_type":"IND","ppt_full":"Industrial","authority":"NOIDA","category":"industrial","execution_stage":"unknown"}},{"type":"Feature","geometry":{"type":"Polygon","coordinates":[[[77.413724,28.53753],[77.413698,28.537731],[77.413296,28.537692],[77.413321,28.537494],[77.413724,28.53753]]]},"properties":{"objectid":60920,"plotmapid":"PHASE-IIB172IND","property_t":"Industrial","plotsizesq":0,"plot_no":"172","sector":"PHASE-II","block":"B","mplanduse":"B","ppt_type":"IND","ppt_full":"Industrial","authority":"NOIDA","category":"industrial","execution_stage":"unknown"}},{"type":"Feature","geometry":{"type":"Polygon","coordinates":[[[77.405846,28.537244],[77.405909,28.53663],[77.40622,28.536656],[77.406154,28.537269],[77.405846,28.537244]]]},"properties":{"objectid":60921,"plotmapid":"PHASE-IIA007IND","property_t":"Industrial","plotsizesq":0,"plot_size":"1800 SQM.","plot_no":"007","sector":"PHASE-II","block":"A","mplanduse":"B","ppt_type":"IND","ppt_full":"Industrial","authority":"NOIDA","category":"industrial","execution_stage":"unknown"}},{"type":"Feature","geometry":{"type":"Polygon","coordinates":[[[77.407282,28.536747],[77.407308,28.537364],[77.406755,28.537319],[77.406829,28.536708],[77.407282,28.536747]]]},"properties":{"objectid":60922,"plotmapid":"PHASE-IIA004IND","property_t":"Industrial","plotsizesq":0,"plot_size":"1800 SQM.","plot_no":"004","sector":"PHASE-II","block":"A","mplanduse":"B","ppt_type":"IND","ppt_full":"Industrial","authority":"NOIDA","category":"industrial","execution_stage":"unknown"}},{"type":"Feature","geometry":{"type":"Polygon","coordinates":[[[77.412259,28.537547],[77.412248,28.537662],[77.411915,28.53763],[77.411929,28.537512],[77.412259,28.537547]]]},"properties":{"objectid":60923,"plotmapid":"PHASE-IIB145IND","property_t":"Industrial","plotsizesq":0,"plot_no":"145","sector":"PHASE-II","block":"B","mplanduse":"B","ppt_type":"IND","ppt_full":"Industrial","authority":"NOIDA","category":"industrial","execution_stage":"unknown"}},{"type":"Feature","geometry":{"type":"Polygon","coordinates":[[[77.412588,28.537582],[77.412573,28.537698],[77.412248,28.537662],[77.412262,28.537547],[77.412588,28.537582]]]},"properties":{"objectid":60924,"plotmapid":"PHASE-IIB147AIND","property_t":"Industrial","plotsizesq":0,"plot_no":"147A","sector":"PHASE-II","block":"B","mplanduse":"B","ppt_type":"IND","ppt_full":"Industrial","authority":"NOIDA","category":"industrial","execution_stage":"unknown"}},{"type":"Feature","geometry":{"type":"Polygon","coordinates":[[[77.412248,28.537662],[77.412233,28.537779],[77.4119,28.537744],[77.411915,28.53763],[77.412248,28.537662]]]},"properties":{"objectid":60927,"plotmapid":"PHASE-IIB144IND","property_t":"Industrial","plotsizesq":0,"plot_no":"144","sector":"PHASE-II","block":"B","mplanduse":"B","ppt_type":"IND","ppt_full":"Industrial","authority":"NOIDA","category":"industrial","execution_stage":"unknown"}},{"type":"Feature","geometry":{"type":"Polygon","coordinates":[[[77.412233,28.537779],[77.412248,28.537662],[77.412573,28.537698],[77.412558,28.537813],[77.412233,28.537779]]]},"properties":{"objectid":60928,"plotmapid":"PHASE-IIB147BIND","property_t":"Industrial","plotsizesq":0,"plot_no":"147B","sector":"PHASE-II","block":"B","mplanduse":"B","ppt_type":"IND","ppt_full":"Industrial","authority":"NOIDA","category":"industrial","execution_stage":"unknown"}},{"type":"Feature","geometry":{"type":"Polygon","coordinates":[[[77.413296,28.537692],[77.413273,28.53787],[77.41287,28.53783],[77.412893,28.537652],[77.413296,28.537692]]]},"properties":{"objectid":60929,"plotmapid":"PHASE-IIB170IND","property_t":"Industrial","plotsizesq":0,"plot_no":"170","sector":"PHASE-II","block":"B","mplanduse":"B","ppt_type":"IND","ppt_full":"Industrial","authority":"NOIDA","category":"industrial","execution_stage":"unknown"}},{"type":"Feature","geometry":{"type":"Polygon","coordinates":[[[77.413698,28.537731],[77.413675,28.537909],[77.413273,28.53787],[77.413296,28.537692],[77.413698,28.537731]]]},"properties":{"objectid":60930,"plotmapid":"PHASE-IIB173IND","property_t":"Industrial","plotsizesq":0,"plot_no":"173","sector":"PHASE-II","block":"B","mplanduse":"B","ppt_type":"IND","ppt_full":"Industrial","authority":"NOIDA","category":"industrial","execution_stage":"unknown"}},{"type":"Feature","geometry":{"type":"Polygon","coordinates":[[[77.412558,28.537813],[77.412542,28.537933],[77.412218,28.537899],[77.412233,28.537779],[77.412558,28.537813]]]},"properties":{"objectid":60931,"plotmapid":"PHASE-IIB148IND","property_t":"Industrial","plotsizesq":0,"plot_no":"148","sector":"PHASE-II","block":"B","mplanduse":"B","ppt_type":"IND","ppt_full":"Industrial","authority":"NOIDA","category":"industrial","execution_stage":"unknown"}},{"type":"Feature","geometry":{"type":"Polygon","coordinates":[[[77.413273,28.53787],[77.413249,28.538051],[77.412846,28.538013],[77.41287,28.53783],[77.413273,28.53787]]]},"properties":{"objectid":60932,"plotmapid":"PHASE-IIB169IND","property_t":"Industrial","plotsizesq":0,"plot_no":"169","sector":"PHASE-II","block":"B","mplanduse":"B","ppt_type":"IND","ppt_full":"Industrial","authority":"NOIDA","category":"industrial","execution_stage":"unknown"}},{"type":"Feature","geometry":{"type":"Polygon","coordinates":[[[77.413675,28.537909],[77.413652,28.53809],[77.413249,28.538051],[77.413273,28.53787],[77.413675,28.537909]]]},"properties":{"objectid":60933,"plotmapid":"PHASE-IIB174IND","property_t":"Industrial","plotsizesq":0,"plot_no":"174","sector":"PHASE-II","block":"B","mplanduse":"B","ppt_type":"IND","ppt_full":"Industrial","authority":"NOIDA","category":"industrial","execution_stage":"unknown"}},{"type":"Feature","geometry":{"type":"Polygon","coordinates":[[[77.411889,28.537864],[77.412218,28.537899],[77.412203,28.538011],[77.411872,28.537976],[77.411889,28.537864]]]},"properties":{"objectid":60934,"plotmapid":"PHASE-IIB142IND","property_t":"Industrial","plotsizesq":0,"plot_no":"142","sector":"PHASE-II","block":"B","mplanduse":"B","ppt_type":"IND","ppt_full":"Industrial","authority":"NOIDA","category":"industrial","execution_stage":"unknown"}},{"type":"Feature","geometry":{"type":"Polygon","coordinates":[[[77.412542,28.537933],[77.412527,28.538046],[77.412203,28.538011],[77.412218,28.537899],[77.412542,28.537933]]]},"properties":{"objectid":60935,"plotmapid":"PHASE-IIB149IND","property_t":"Industrial","plotsizesq":0,"plot_no":"149","sector":"PHASE-II","block":"B","mplanduse":"B","ppt_type":"IND","ppt_full":"Industrial","authority":"NOIDA","category":"industrial","execution_stage":"unknown"}},{"type":"Feature","geometry":{"type":"Polygon","coordinates":[[[77.411874,28.537976],[77.412203,28.538011],[77.412188,28.538123],[77.411858,28.538087],[77.411874,28.537976]]]},"properties":{"objectid":60937,"plotmapid":"PHASE-IIB141IND","property_t":"Industrial","plotsizesq":0,"plot_no":"141","sector":"PHASE-II","block":"B","mplanduse":"B","ppt_type":"IND","ppt_full":"Industrial","authority":"NOIDA","category":"industrial","execution_stage":"unknown"}},{"type":"Feature","geometry":{"type":"Polygon","coordinates":[[[77.412527,28.538046],[77.412512,28.538158],[77.412188,28.538123],[77.412203,28.538011],[77.412527,28.538046]]]},"properties":{"objectid":60938,"plotmapid":"PHASE-IIB150IND","property_t":"Industrial","plotsizesq":0,"plot_no":"150","sector":"PHASE-II","block":"B","mplanduse":"B","ppt_type":"IND","ppt_full":"Industrial","authority":"NOIDA","category":"industrial","execution_stage":"unknown"}},{"type":"Feature","geometry":{"type":"Polygon","coordinates":[[[77.413249,28.538051],[77.413226,28.538231],[77.412823,28.538192],[77.412846,28.538013],[77.413249,28.538051]]]},"properties":{"objectid":60939,"plotmapid":"PHASE-IIB168IND","property_t":"Industrial","plotsizesq":0,"plot_no":"168","sector":"PHASE-II","block":"B","mplanduse":"B","ppt_type":"IND","ppt_full":"Industrial","authority":"NOIDA","category":"industrial","execution_stage":"unknown"}},{"type":"Feature","geometry":{"type":"Polygon","coordinates":[[[77.413652,28.53809],[77.413629,28.53827],[77.413226,28.538231],[77.413249,28.538051],[77.413652,28.53809]]]},"properties":{"objectid":60940,"plotmapid":"PHASE-IIB175IND","property_t":"Industrial","plotsizesq":0,"plot_no":"175","sector":"PHASE-II","block":"B","mplanduse":"B","ppt_type":"IND","ppt_full":"Industrial","authority":"NOIDA","category":"industrial","execution_stage":"unknown"}},{"type":"Feature","geometry":{"type":"Polygon","coordinates":[[[77.411861,28.538087],[77.412188,28.538123],[77.412174,28.538234],[77.411844,28.538196],[77.411861,28.538087]]]},"properties":{"objectid":60941,"plotmapid":"PHASE-IIB140IND","property_t":"Industrial","plotsizesq":0,"plot_no":"140","sector":"PHASE-II","block":"B","mplanduse":"B","ppt_type":"IND","ppt_full":"Industrial","authority":"NOIDA","category":"industrial","execution_stage":"unknown"}},{"type":"Feature","geometry":{"type":"Polygon","coordinates":[[[77.412512,28.538158],[77.412498,28.538269],[77.412174,28.538234],[77.412188,28.538123],[77.412512,28.538158]]]},"properties":{"objectid":60942,"plotmapid":"PHASE-IIB151IND","property_t":"Industrial","plotsizesq":0,"plot_no":"151","sector":"PHASE-II","block":"B","mplanduse":"B","ppt_type":"IND","ppt_full":"Industrial","authority":"NOIDA","category":"industrial","execution_stage":"unknown"}},{"type":"Feature","geometry":{"type":"Polygon","coordinates":[[[77.406019,28.537528],[77.405983,28.537882],[77.40578,28.537866],[77.405822,28.537509],[77.406019,28.537528]]]},"properties":{"objectid":60947,"plotmapid":"PHASE-IIA013IND","property_t":"Industrial","plotsizesq":0,"plot_size":"800 SQM.","plot_no":"013","sector":"PHASE-II","block":"A","mplanduse":"B","ppt_type":"IND","ppt_full":"Industrial","authority":"NOIDA","category":"industrial","execution_stage":"unknown"}},{"type":"Feature","geometry":{"type":"Polygon","coordinates":[[[77.406022,28.537528],[77.406227,28.537545],[77.406188,28.537899],[77.405983,28.537882],[77.406022,28.537528]]]},"properties":{"objectid":60948,"plotmapid":"PHASE-IIA014IND","property_t":"Industrial","plotsizesq":0,"plot_size":"800 SQM.","plot_no":"014","sector":"PHASE-II","block":"A","mplanduse":"B","ppt_type":"IND","ppt_full":"Industrial","authority":"NOIDA","category":"industrial","execution_stage":"unknown"}},{"type":"Feature","geometry":{"type":"Polygon","coordinates":[[[77.406429,28.537562],[77.406391,28.537918],[77.406188,28.537899],[77.406227,28.537545],[77.406429,28.537562]]]},"properties":{"objectid":60949,"plotmapid":"PHASE-IIA015IND","property_t":"Industrial","plotsizesq":0,"plot_size":"800 SQM.","plot_no":"015","sector":"PHASE-II","block":"A","mplanduse":"B","ppt_type":"IND","ppt_full":"Industrial","authority":"NOIDA","category":"industrial","execution_stage":"unknown"}},{"type":"Feature","geometry":{"type":"Polygon","coordinates":[[[77.406631,28.537579],[77.406595,28.537935],[77.406391,28.537918],[77.406429,28.537562],[77.406631,28.537579]]]},"properties":{"objectid":60950,"plotmapid":"PHASE-IIA016IND","property_t":"Industrial","plotsizesq":0,"plot_size":"800 SQM.","plot_no":"016","sector":"PHASE-II","block":"A","mplanduse":"B","ppt_type":"IND","ppt_full":"Industrial","authority":"NOIDA","category":"industrial","execution_stage":"unknown"}},{"type":"Feature","geometry":{"type":"Polygon","coordinates":[[[77.406836,28.53759],[77.4068,28.537953],[77.406595,28.537935],[77.406631,28.537579],[77.406836,28.53759]]]},"properties":{"objectid":60951,"plotmapid":"PHASE-IIA017IND","property_t":"Industrial","plotsizesq":0,"plot_size":"800 SQM.","plot_no":"017","sector":"PHASE-II","block":"A","mplanduse":"B","ppt_type":"IND","ppt_full":"Industrial","authority":"NOIDA","category":"industrial","execution_stage":"unknown"}},{"type":"Feature","geometry":{"type":"Polygon","coordinates":[[[77.407039,28.537607],[77.407321,28.537626],[77.407337,28.537992],[77.4068,28.537953],[77.406836,28.53759],[77.407039,28.537607]]]},"properties":{"objectid":60952,"plotmapid":"PHASE-IIA018,19IND","property_t":"Industrial","plotsizesq":0,"plot_size":"800 SQM.","plot_no":"018,19","sector":"PHASE-II","block":"A","mplanduse":"B","ppt_type":"IND","ppt_full":"Industrial","authority":"NOIDA","category":"industrial","execution_stage":"unknown"}},{"type":"Feature","geometry":{"type":"Polygon","coordinates":[[[77.413226,28.538231],[77.413203,28.53841],[77.4128,28.538372],[77.412823,28.538192],[77.413226,28.538231]]]},"properties":{"objectid":60953,"plotmapid":"PHASE-IIB167IND","property_t":"Industrial","plotsizesq":0,"plot_no":"167","sector":"PHASE-II","block":"B","mplanduse":"B","ppt_type":"IND","ppt_full":"Industrial","authority":"NOIDA","category":"industrial","execution_stage":"unknown"}},{"type":"Feature","geometry":{"type":"Polygon","coordinates":[[[77.413629,28.53827],[77.413606,28.538449],[77.413203,28.53841],[77.413226,28.538231],[77.413629,28.53827]]]},"properties":{"objectid":60954,"plotmapid":"PHASE-IIB176IND","property_t":"Industrial","plotsizesq":0,"plot_no":"176","sector":"PHASE-II","block":"B","mplanduse":"B","ppt_type":"IND","ppt_full":"Industrial","authority":"NOIDA","category":"industrial","execution_stage":"unknown"}},{"type":"Feature","geometry":{"type":"Polygon","coordinates":[[[77.412174,28.538234],[77.412159,28.538348],[77.41183,28.538312],[77.411844,28.538196],[77.412174,28.538234]]]},"properties":{"objectid":60955,"plotmapid":"PHASE-IIB139IND","property_t":"Industrial","plotsizesq":0,"plot_no":"139","sector":"PHASE-II","block":"B","mplanduse":"B","ppt_type":"IND","ppt_full":"Industrial","authority":"NOIDA","category":"industrial","execution_stage":"unknown"}},{"type":"Feature","geometry":{"type":"Polygon","coordinates":[[[77.412498,28.538269],[77.412483,28.538383],[77.412159,28.538348],[77.412174,28.538234],[77.412498,28.538269]]]},"properties":{"objectid":60956,"plotmapid":"PHASE-IIB152IND","property_t":"Industrial","plotsizesq":0,"plot_no":"152","sector":"PHASE-II","block":"B","mplanduse":"B","ppt_type":"IND","ppt_full":"Industrial","authority":"NOIDA","category":"industrial","execution_stage":"unknown"}},{"type":"Feature","geometry":{"type":"Polygon","coordinates":[[[77.414985,28.537409],[77.414832,28.538616],[77.414216,28.538556],[77.414369,28.537348],[77.414985,28.537409]]]},"properties":{"objectid":60957,"plotmapid":"PHASE-IIC042IND","property_t":"Industrial","plotsizesq":0,"plot_size":"8100 SQM.","plot_no":"042","sector":"PHASE-II","block":"C","mplanduse":"B","ppt_type":"IND","ppt_full":"Industrial","authority":"NOIDA","category":"industrial","execution_stage":"unknown"}},{"type":"Feature","geometry":{"type":"Polygon","coordinates":[[[77.415601,28.537469],[77.415448,28.538676],[77.414832,28.538616],[77.414985,28.537409],[77.415601,28.537469]]]},"properties":{"objectid":60958,"plotmapid":"PHASE-IIC043IND","property_t":"Industrial","plotsizesq":0,"plot_size":"8100 SQM.","plot_no":"043","sector":"PHASE-II","block":"C","mplanduse":"B","ppt_type":"IND","ppt_full":"Industrial","authority":"NOIDA","category":"industrial","execution_stage":"unknown"}},{"type":"Feature","geometry":{"type":"Polygon","coordinates":[[[77.412159,28.538348],[77.412145,28.538459],[77.411816,28.538425],[77.41183,28.538312],[77.412159,28.538348]]]},"properties":{"objectid":60962,"plotmapid":"PHASE-IIB138IND","property_t":"Industrial","plotsizesq":0,"plot_no":"138","sector":"PHASE-II","block":"B","mplanduse":"B","ppt_type":"IND","ppt_full":"Industrial","authority":"NOIDA","category":"industrial","execution_stage":"unknown"}},{"type":"Feature","geometry":{"type":"Polygon","coordinates":[[[77.412483,28.538383],[77.412468,28.538496],[77.412145,28.538459],[77.412159,28.538348],[77.412483,28.538383]]]},"properties":{"objectid":60963,"plotmapid":"PHASE-IIB153IND","property_t":"Industrial","plotsizesq":0,"plot_no":"153","sector":"PHASE-II","block":"B","mplanduse":"B","ppt_type":"IND","ppt_full":"Industrial","authority":"NOIDA","category":"industrial","execution_stage":"unknown"}},{"type":"Feature","geometry":{"type":"Polygon","coordinates":[[[77.413203,28.53841],[77.41318,28.538588],[77.412778,28.538548],[77.4128,28.538372],[77.413203,28.53841]]]},"properties":{"objectid":60964,"plotmapid":"PHASE-IIB166IND","property_t":"Industrial","plotsizesq":0,"plot_no":"166","sector":"PHASE-II","block":"B","mplanduse":"B","ppt_type":"IND","ppt_full":"Industrial","authority":"NOIDA","category":"industrial","execution_stage":"unknown"}},{"type":"Feature","geometry":{"type":"Polygon","coordinates":[[[77.411817,28.538425],[77.412145,28.538459],[77.41213,28.538578],[77.411801,28.538545],[77.411817,28.538425]]]},"properties":{"objectid":60965,"plotmapid":"PHASE-IIB137IND","property_t":"Industrial","plotsizesq":0,"plot_no":"137","sector":"PHASE-II","block":"B","mplanduse":"B","ppt_type":"IND","ppt_full":"Industrial","authority":"NOIDA","category":"industrial","execution_stage":"unknown"}},{"type":"Feature","geometry":{"type":"Polygon","coordinates":[[[77.412468,28.538496],[77.412453,28.538611],[77.41213,28.538578],[77.412145,28.538459],[77.412468,28.538496]]]},"properties":{"objectid":60966,"plotmapid":"PHASE-IIB154IND","property_t":"Industrial","plotsizesq":0,"plot_no":"154","sector":"PHASE-II","block":"B","mplanduse":"B","ppt_type":"IND","ppt_full":"Industrial","authority":"NOIDA","category":"industrial","execution_stage":"unknown"}},{"type":"Feature","geometry":{"type":"Polygon","coordinates":[[[77.405983,28.537882],[77.405941,28.538243],[77.405744,28.538228],[77.40578,28.537866],[77.405983,28.537882]]]},"properties":{"objectid":60971,"plotmapid":"PHASE-IIA026IND","property_t":"Industrial","plotsizesq":0,"plot_size":"800 SQM.","plot_no":"026","sector":"PHASE-II","block":"A","mplanduse":"B","ppt_type":"IND","ppt_full":"Industrial","authority":"NOIDA","category":"industrial","execution_stage":"unknown"}},{"type":"Feature","geometry":{"type":"Polygon","coordinates":[[[77.406124,28.537894],[77.406188,28.537899],[77.40615,28.538261],[77.405941,28.538243],[77.405983,28.537882],[77.406124,28.537894]]]},"properties":{"objectid":60972,"plotmapid":"PHASE-IIA025IND","property_t":"Industrial","plotsizesq":0,"plot_size":"800 SQM.","plot_no":"025","sector":"PHASE-II","block":"A","mplanduse":"B","ppt_type":"IND","ppt_full":"Industrial","authority":"NOIDA","category":"industrial","execution_stage":"unknown"}},{"type":"Feature","geometry":{"type":"Polygon","coordinates":[[[77.406244,28.537904],[77.406391,28.537918],[77.406353,28.538278],[77.40615,28.538261],[77.406188,28.537899],[77.406244,28.537904]]]},"properties":{"objectid":60973,"plotmapid":"PHASE-IIA024IND","property_t":"Industrial","plotsizesq":0,"plot_size":"800 SQM.","plot_no":"024","sector":"PHASE-II","block":"A","mplanduse":"B","ppt_type":"IND","ppt_full":"Industrial","authority":"NOIDA","category":"industrial","execution_stage":"unknown"}},{"type":"Feature","geometry":{"type":"Polygon","coordinates":[[[77.406391,28.537918],[77.406595,28.537935],[77.406559,28.538295],[77.406353,28.538278],[77.406391,28.537918]]]},"properties":{"objectid":60974,"plotmapid":"PHASE-IIA023IND","property_t":"Industrial","plotsizesq":0,"plot_size":"800 SQM.","plot_no":"023","sector":"PHASE-II","block":"A","mplanduse":"B","ppt_type":"IND","ppt_full":"Industrial","authority":"NOIDA","category":"industrial","execution_stage":"unknown"}},{"type":"Feature","geometry":{"type":"Polygon","coordinates":[[[77.4068,28.537953],[77.406761,28.538312],[77.406559,28.538295],[77.406595,28.537935],[77.4068,28.537953]]]},"properties":{"objectid":60975,"plotmapid":"PHASE-IIA022IND","property_t":"Industrial","plotsizesq":0,"plot_size":"800 SQM.","plot_no":"022","sector":"PHASE-II","block":"A","mplanduse":"B","ppt_type":"IND","ppt_full":"Industrial","authority":"NOIDA","category":"industrial","execution_stage":"unknown"}},{"type":"Feature","geometry":{"type":"Polygon","coordinates":[[[77.407005,28.537968],[77.406965,28.538329],[77.406761,28.538312],[77.4068,28.537953],[77.407005,28.537968]]]},"properties":{"objectid":60976,"plotmapid":"PHASE-IIA021IND","property_t":"Industrial","plotsizesq":0,"plot_size":"800 SQM.","plot_no":"021","sector":"PHASE-II","block":"A","mplanduse":"B","ppt_type":"IND","ppt_full":"Industrial","authority":"NOIDA","category":"industrial","execution_stage":"unknown"}},{"type":"Feature","geometry":{"type":"Polygon","coordinates":[[[77.407136,28.537977],[77.407147,28.538344],[77.406965,28.538329],[77.407005,28.537968],[77.407136,28.537977]]]},"properties":{"objectid":60977,"plotmapid":"PHASE-IIA020AIND","property_t":"Industrial","plotsizesq":0,"plot_size":"800 SQM.","plot_no":"020A","sector":"PHASE-II","block":"A","mplanduse":"B","ppt_type":"IND","ppt_full":"Industrial","authority":"NOIDA","category":"industrial","execution_stage":"unknown"}},{"type":"Feature","geometry":{"type":"Polygon","coordinates":[[[77.407136,28.537977],[77.407337,28.537992],[77.407352,28.538361],[77.407147,28.538344],[77.407136,28.537977]]]},"properties":{"objectid":60978,"plotmapid":"PHASE-IIA020IND","property_t":"Industrial","plotsizesq":0,"plot_size":"800 SQM.","plot_no":"020","sector":"PHASE-II","block":"A","mplanduse":"B","ppt_type":"IND","ppt_full":"Industrial","authority":"NOIDA","category":"industrial","execution_stage":"unknown"}},{"type":"Feature","geometry":{"type":"Polygon","coordinates":[[[77.41318,28.538588],[77.413153,28.538798],[77.412749,28.538767],[77.412778,28.538548],[77.41318,28.538588]]]},"properties":{"objectid":60981,"plotmapid":"PHASE-IIB165IND","property_t":"Industrial","plotsizesq":0,"plot_no":"165","sector":"PHASE-II","block":"B","mplanduse":"B","ppt_type":"IND","ppt_full":"Industrial","authority":"NOIDA","category":"industrial","execution_stage":"unknown"}},{"type":"Feature","geometry":{"type":"Polygon","coordinates":[[[77.413583,28.538627],[77.413559,28.538829],[77.413153,28.538798],[77.41318,28.538588],[77.413583,28.538627]]]},"properties":{"objectid":60982,"plotmapid":"PHASE-IIB178IND","property_t":"Industrial","plotsizesq":0,"plot_no":"178","sector":"PHASE-II","block":"B","mplanduse":"B","ppt_type":"IND","ppt_full":"Industrial","authority":"NOIDA","category":"industrial","execution_stage":"unknown"}},{"type":"Feature","geometry":{"type":"Polygon","coordinates":[[[77.41213,28.538578],[77.412116,28.538691],[77.411787,28.538658],[77.411801,28.538545],[77.41213,28.538578]]]},"properties":{"objectid":60983,"plotmapid":"PHASE-IIB136BIND","property_t":"Industrial","plotsizesq":0,"plot_no":"136B","sector":"PHASE-II","block":"B","mplanduse":"B","ppt_type":"IND","ppt_full":"Industrial","authority":"NOIDA","category":"industrial","execution_stage":"unknown"}},{"type":"Feature","geometry":{"type":"Polygon","coordinates":[[[77.412453,28.538611],[77.412438,28.538727],[77.412116,28.538691],[77.41213,28.538578],[77.412453,28.538611]]]},"properties":{"objectid":60984,"plotmapid":"PHASE-IIB155IND","property_t":"Industrial","plotsizesq":0,"plot_no":"155","sector":"PHASE-II","block":"B","mplanduse":"B","ppt_type":"IND","ppt_full":"Industrial","authority":"NOIDA","category":"industrial","execution_stage":"unknown"}},{"type":"Feature","geometry":{"type":"Polygon","coordinates":[[[77.411787,28.538658],[77.412116,28.538691],[77.412101,28.538807],[77.411773,28.53877],[77.411787,28.538658]]]},"properties":{"objectid":60985,"plotmapid":"PHASE-IIB136AIND","property_t":"Industrial","plotsizesq":0,"plot_no":"136A","sector":"PHASE-II","block":"B","mplanduse":"B","ppt_type":"IND","ppt_full":"Industrial","authority":"NOIDA","category":"industrial","execution_stage":"unknown"}},{"type":"Feature","geometry":{"type":"Polygon","coordinates":[[[77.412438,28.538727],[77.412422,28.538844],[77.412101,28.538807],[77.412116,28.538691],[77.412438,28.538727]]]},"properties":{"objectid":60986,"plotmapid":"PHASE-IIB156IND","property_t":"Industrial","plotsizesq":0,"plot_no":"156","sector":"PHASE-II","block":"B","mplanduse":"B","ppt_type":"IND","ppt_full":"Industrial","authority":"NOIDA","category":"industrial","execution_stage":"unknown"}},{"type":"Feature","geometry":{"type":"Polygon","coordinates":[[[77.413153,28.538798],[77.41313,28.538979],[77.412726,28.538949],[77.412749,28.538767],[77.413153,28.538798]]]},"properties":{"objectid":60987,"plotmapid":"PHASE-IIB164IND","property_t":"Industrial","plotsizesq":0,"plot_no":"164","sector":"PHASE-II","block":"B","mplanduse":"B","ppt_type":"IND","ppt_full":"Industrial","authority":"NOIDA","category":"industrial","execution_stage":"unknown"}},{"type":"Feature","geometry":{"type":"Polygon","coordinates":[[[77.413557,28.538829],[77.413536,28.539011],[77.41313,28.538979],[77.413153,28.538798],[77.413557,28.538829]]]},"properties":{"objectid":60988,"plotmapid":"PHASE-IIB179IND","property_t":"Industrial","plotsizesq":0,"plot_no":"179","sector":"PHASE-II","block":"B","mplanduse":"B","ppt_type":"IND","ppt_full":"Industrial","authority":"NOIDA","category":"industrial","execution_stage":"unknown"}},{"type":"Feature","geometry":{"type":"Polygon","coordinates":[[[77.412101,28.538807],[77.412083,28.538951],[77.411755,28.538917],[77.411773,28.53877],[77.412101,28.538807]]]},"properties":{"objectid":60989,"plotmapid":"PHASE-IIB136IND","property_t":"Industrial","plotsizesq":0,"plot_no":"136","sector":"PHASE-II","block":"B","mplanduse":"B","ppt_type":"IND","ppt_full":"Industrial","authority":"NOIDA","category":"industrial","execution_stage":"unknown"}},{"type":"Feature","geometry":{"type":"Polygon","coordinates":[[[77.412422,28.538844],[77.412404,28.538983],[77.412083,28.538951],[77.412101,28.538807],[77.412422,28.538844]]]},"properties":{"objectid":60990,"plotmapid":"PHASE-IIB157IND","property_t":"Industrial","plotsizesq":0,"plot_no":"157","sector":"PHASE-II","block":"B","mplanduse":"B","ppt_type":"IND","ppt_full":"Industrial","authority":"NOIDA","category":"industrial","execution_stage":"unknown"}},{"type":"Feature","geometry":{"type":"Polygon","coordinates":[[[77.41313,28.538979],[77.413106,28.539159],[77.412703,28.53913],[77.412726,28.538949],[77.41313,28.538979]]]},"properties":{"objectid":60992,"plotmapid":"PHASE-IIB163IND","property_t":"Industrial","plotsizesq":0,"plot_no":"163","sector":"PHASE-II","block":"B","mplanduse":"B","ppt_type":"IND","ppt_full":"Industrial","authority":"NOIDA","category":"industrial","execution_stage":"unknown"}},{"type":"Feature","geometry":{"type":"Polygon","coordinates":[[[77.413533,28.53901],[77.413514,28.539189],[77.413106,28.539159],[77.41313,28.538979],[77.413533,28.53901]]]},"properties":{"objectid":60993,"plotmapid":"PHASE-IIB180IND","property_t":"Industrial","plotsizesq":0,"plot_no":"180","sector":"PHASE-II","block":"B","mplanduse":"B","ppt_type":"IND","ppt_full":"Industrial","authority":"NOIDA","category":"industrial","execution_stage":"unknown"}},{"type":"Feature","geometry":{"type":"Polygon","coordinates":[[[77.412325,28.539641],[77.412275,28.540003],[77.412052,28.539987],[77.412103,28.539617],[77.412325,28.539641]]]},"properties":{"objectid":61058,"plotmapid":"PHASE-IIB109IND","property_t":"Industrial","plotsizesq":0,"plot_no":"109","sector":"PHASE-II","block":"B","mplanduse":"B","ppt_type":"IND","ppt_full":"Industrial","authority":"NOIDA","category":"industrial","execution_stage":"unknown"}},{"type":"Feature","geometry":{"type":"Polygon","coordinates":[[[77.412103,28.539617],[77.412153,28.539242],[77.412376,28.53927],[77.412325,28.539641],[77.412103,28.539617]]]},"properties":{"objectid":61059,"plotmapid":"PHASE-IIB110IND","property_t":"Industrial","plotsizesq":0,"plot_no":"110","sector":"PHASE-II","block":"B","mplanduse":"B","ppt_type":"IND","ppt_full":"Industrial","authority":"NOIDA","category":"industrial","execution_stage":"unknown"}},{"type":"Feature","geometry":{"type":"Polygon","coordinates":[[[77.412103,28.539617],[77.412052,28.539987],[77.411849,28.539973],[77.4119,28.539596],[77.412103,28.539617]]]},"properties":{"objectid":61060,"plotmapid":"PHASE-IIB108IND","property_t":"Industrial","plotsizesq":0,"plot_no":"108","sector":"PHASE-II","block":"B","mplanduse":"B","ppt_type":"IND","ppt_full":"Industrial","authority":"NOIDA","category":"industrial","execution_stage":"unknown"}},{"type":"Feature","geometry":{"type":"Polygon","coordinates":[[[77.4119,28.539596],[77.411951,28.539217],[77.412153,28.539242],[77.412103,28.539617],[77.4119,28.539596]]]},"properties":{"objectid":61061,"plotmapid":"PHASE-IIB111IND","property_t":"Industrial","plotsizesq":0,"plot_no":"111","sector":"PHASE-II","block":"B","mplanduse":"B","ppt_type":"IND","ppt_full":"Industrial","authority":"NOIDA","category":"industrial","execution_stage":"unknown"}},{"type":"Feature","geometry":{"type":"Polygon","coordinates":[[[77.411696,28.539575],[77.411751,28.539192],[77.411951,28.539217],[77.4119,28.539596],[77.411696,28.539575]]]},"properties":{"objectid":61062,"plotmapid":"PHASE-IIB112IND","property_t":"Industrial","plotsizesq":0,"plot_no":"112","sector":"PHASE-II","block":"B","mplanduse":"B","ppt_type":"IND","ppt_full":"Industrial","authority":"NOIDA","category":"industrial","execution_stage":"unknown"}},{"type":"Feature","geometry":{"type":"Polygon","coordinates":[[[77.4119,28.539596],[77.411849,28.539973],[77.41164,28.539958],[77.411696,28.539575],[77.4119,28.539596]]]},"properties":{"objectid":61063,"plotmapid":"PHASE-IIB107IND","property_t":"Industrial","plotsizesq":0,"plot_no":"107","sector":"PHASE-II","block":"B","mplanduse":"B","ppt_type":"IND","ppt_full":"Industrial","authority":"NOIDA","category":"industrial","execution_stage":"unknown"}},{"type":"Feature","geometry":{"type":"Polygon","coordinates":[[[77.411696,28.539575],[77.41164,28.539958],[77.41144,28.539944],[77.411492,28.539555],[77.411696,28.539575]]]},"properties":{"objectid":61064,"plotmapid":"PHASE-IIB106IND","property_t":"Industrial","plotsizesq":0,"plot_no":"106","sector":"PHASE-II","block":"B","mplanduse":"B","ppt_type":"IND","ppt_full":"Industrial","authority":"NOIDA","category":"industrial","execution_stage":"unknown"}},{"type":"Feature","geometry":{"type":"Polygon","coordinates":[[[77.411492,28.539555],[77.411543,28.539166],[77.411751,28.539192],[77.411696,28.539575],[77.411492,28.539555]]]},"properties":{"objectid":61065,"plotmapid":"PHASE-IIB113IND","property_t":"Industrial","plotsizesq":0,"plot_no":"113","sector":"PHASE-II","block":"B","mplanduse":"B","ppt_type":"IND","ppt_full":"Industrial","authority":"NOIDA","category":"industrial","execution_stage":"unknown"}},{"type":"Feature","geometry":{"type":"Polygon","coordinates":[[[77.411292,28.539535],[77.411345,28.539141],[77.411543,28.539166],[77.411492,28.539555],[77.411292,28.539535]]]},"properties":{"objectid":61066,"plotmapid":"PHASE-IIB114IND","property_t":"Industrial","plotsizesq":0,"plot_no":"114","sector":"PHASE-II","block":"B","mplanduse":"B","ppt_type":"IND","ppt_full":"Industrial","authority":"NOIDA","category":"industrial","execution_stage":"unknown"}},{"type":"Feature","geometry":{"type":"Polygon","coordinates":[[[77.411492,28.539555],[77.41144,28.539944],[77.411238,28.53993],[77.411292,28.539535],[77.411492,28.539555]]]},"properties":{"objectid":61067,"plotmapid":"PHASE-IIB105IND","property_t":"Industrial","plotsizesq":0,"plot_no":"105","sector":"PHASE-II","block":"B","mplanduse":"B","ppt_type":"IND","ppt_full":"Industrial","authority":"NOIDA","category":"industrial","execution_stage":"unknown"}},{"type":"Feature","geometry":{"type":"Polygon","coordinates":[[[77.411085,28.539515],[77.41114,28.539115],[77.411345,28.539141],[77.411292,28.539535],[77.411085,28.539515]]]},"properties":{"objectid":61068,"plotmapid":"PHASE-IIB115IND","property_t":"Industrial","plotsizesq":0,"plot_no":"115","sector":"PHASE-II","block":"B","mplanduse":"B","ppt_type":"IND","ppt_full":"Industrial","authority":"NOIDA","category":"industrial","execution_stage":"unknown"}},{"type":"Feature","geometry":{"type":"Polygon","coordinates":[[[77.411292,28.539535],[77.411238,28.53993],[77.411031,28.539915],[77.411085,28.539515],[77.411292,28.539535]]]},"properties":{"objectid":61069,"plotmapid":"PHASE-IIB104IND","property_t":"Industrial","plotsizesq":0,"plot_no":"104","sector":"PHASE-II","block":"B","mplanduse":"B","ppt_type":"IND","ppt_full":"Industrial","authority":"NOIDA","category":"industrial","execution_stage":"unknown"}},{"type":"Feature","geometry":{"type":"Polygon","coordinates":[[[77.410881,28.539495],[77.410937,28.53909],[77.41114,28.539115],[77.411085,28.539515],[77.410881,28.539495]]]},"properties":{"objectid":61070,"plotmapid":"PHASE-IIB116IND","property_t":"Industrial","plotsizesq":0,"plot_no":"116","sector":"PHASE-II","block":"B","mplanduse":"B","ppt_type":"IND","ppt_full":"Industrial","authority":"NOIDA","category":"industrial","execution_stage":"unknown"}},{"type":"Feature","geometry":{"type":"Polygon","coordinates":[[[77.411085,28.539515],[77.411031,28.539915],[77.410826,28.539901],[77.410881,28.539495],[77.411085,28.539515]]]},"properties":{"objectid":61071,"plotmapid":"PHASE-IIB103IND","property_t":"Industrial","plotsizesq":0,"plot_no":"103","sector":"PHASE-II","block":"B","mplanduse":"B","ppt_type":"IND","ppt_full":"Industrial","authority":"NOIDA","category":"industrial","execution_stage":"unknown"}},{"type":"Feature","geometry":{"type":"Polygon","coordinates":[[[77.410641,28.539472],[77.410703,28.53906],[77.410937,28.53909],[77.410881,28.539495],[77.410641,28.539472]]]},"properties":{"objectid":61072,"plotmapid":"PHASE-IIB117IND","property_t":"Industrial","plotsizesq":0,"plot_no":"117","sector":"PHASE-II","block":"B","mplanduse":"B","ppt_type":"IND","ppt_full":"Industrial","authority":"NOIDA","category":"industrial","execution_stage":"unknown"}},{"type":"Feature","geometry":{"type":"Polygon","coordinates":[[[77.410881,28.539495],[77.410826,28.539901],[77.41058,28.539884],[77.410641,28.539472],[77.410881,28.539495]]]},"properties":{"objectid":61073,"plotmapid":"PHASE-IIB102IND","property_t":"Industrial","plotsizesq":0,"plot_no":"102","sector":"PHASE-II","block":"B","mplanduse":"B","ppt_type":"IND","ppt_full":"Industrial","authority":"NOIDA","category":"industrial","execution_stage":"unknown"}},{"type":"Feature","geometry":{"type":"Polygon","coordinates":[[[77.410641,28.539472],[77.41058,28.539884],[77.410423,28.539873],[77.410473,28.539455],[77.410641,28.539472]]]},"properties":{"objectid":61074,"plotmapid":"PHASE-IIB101IND","property_t":"Industrial","plotsizesq":0,"plot_no":"101","sector":"PHASE-II","block":"B","mplanduse":"B","ppt_type":"IND","ppt_full":"Industrial","authority":"NOIDA","category":"industrial","execution_stage":"unknown"}},{"type":"Feature","geometry":{"type":"Polygon","coordinates":[[[77.410473,28.539455],[77.410523,28.539038],[77.410703,28.53906],[77.410641,28.539472],[77.410473,28.539455]]]},"properties":{"objectid":61075,"plotmapid":"PHASE-IIB118IND","property_t":"Industrial","plotsizesq":0,"plot_no":"118","sector":"PHASE-II","block":"B","mplanduse":"B","ppt_type":"IND","ppt_full":"Industrial","authority":"NOIDA","category":"industrial","execution_stage":"unknown"}},{"type":"Feature","geometry":{"type":"Polygon","coordinates":[[[77.408062,28.538075],[77.408011,28.538421],[77.407786,28.53841],[77.407789,28.538042],[77.408062,28.538075]]]},"properties":{"objectid":61076,"plotmapid":"PHASE-IIB087IND","property_t":"Industrial","plotsizesq":0,"plot_no":"087","sector":"PHASE-II","block":"B","mplanduse":"B","ppt_type":"IND","ppt_full":"Industrial","authority":"NOIDA","category":"industrial","execution_stage":"unknown"}},{"type":"Feature","geometry":{"type":"Polygon","coordinates":[[[77.407789,28.538042],[77.407784,28.537675],[77.408115,28.53771],[77.408062,28.538075],[77.407789,28.538042]]]},"properties":{"objectid":61077,"plotmapid":"PHASE-IIB132IND","property_t":"Industrial","plotsizesq":0,"plot_no":"132","sector":"PHASE-II","block":"B","mplanduse":"B","ppt_type":"IND","ppt_full":"Industrial","authority":"NOIDA","category":"industrial","execution_stage":"unknown"}},{"type":"Feature","geometry":{"type":"Polygon","coordinates":[[[77.408329,28.538108],[77.408172,28.538459],[77.408011,28.538421],[77.408062,28.538075],[77.408329,28.538108]]]},"properties":{"objectid":61078,"plotmapid":"PHASE-IIB088IND","property_t":"Industrial","plotsizesq":0,"plot_no":"088","sector":"PHASE-II","block":"B","mplanduse":"B","ppt_type":"IND","ppt_full":"Industrial","authority":"NOIDA","category":"industrial","execution_stage":"unknown"}},{"type":"Feature","geometry":{"type":"Polygon","coordinates":[[[77.408062,28.538075],[77.408115,28.53771],[77.408486,28.537757],[77.408329,28.538108],[77.408062,28.538075]]]},"properties":{"objectid":61079,"plotmapid":"PHASE-IIB131IND","property_t":"Industrial","plotsizesq":0,"plot_no":"131","sector":"PHASE-II","block":"B","mplanduse":"B","ppt_type":"IND","ppt_full":"Industrial","authority":"NOIDA","category":"industrial","execution_stage":"unknown"}},{"type":"Feature","geometry":{"type":"Polygon","coordinates":[[[77.408533,28.537771],[77.408826,28.537908],[77.408974,28.538011],[77.409106,28.53813],[77.408779,28.538383],[77.408576,28.538215],[77.408329,28.538108],[77.408486,28.537757],[77.408533,28.537771]]]},"properties":{"objectid":61080,"plotmapid":"PHASE-IIB129130IND","property_t":"Industrial","plotsizesq":0,"plot_no":"129130","sector":"PHASE-II","block":"B","mplanduse":"B","ppt_type":"IND","ppt_full":"Industrial","authority":"NOIDA","category":"industrial","execution_stage":"unknown"}},{"type":"Feature","geometry":{"type":"Polygon","coordinates":[[[77.40904,28.538659],[77.409361,28.538409],[77.409488,28.538552],[77.409173,28.538797],[77.40904,28.538659]]]},"properties":{"objectid":61081,"plotmapid":"PHASE-IIB126IND","property_t":"Industrial","plotsizesq":0,"plot_no":"126","sector":"PHASE-II","block":"B","mplanduse":"B","ppt_type":"IND","ppt_full":"Industrial","authority":"NOIDA","category":"industrial","execution_stage":"unknown"}},{"type":"Feature","geometry":{"type":"Polygon","coordinates":[[[77.409173,28.538797],[77.408854,28.539046],[77.408719,28.538908],[77.40904,28.538659],[77.409173,28.538797]]]},"properties":{"objectid":61082,"plotmapid":"PHASE-IIB093IND","property_t":"Industrial","plotsizesq":0,"plot_no":"093","sector":"PHASE-II","block":"B","mplanduse":"B","ppt_type":"IND","ppt_full":"Industrial","authority":"NOIDA","category":"industrial","execution_stage":"unknown"}},{"type":"Feature","geometry":{"type":"Polygon","coordinates":[[[77.409305,28.538934],[77.408986,28.53918],[77.408854,28.539046],[77.409173,28.538797],[77.409305,28.538934]]]},"properties":{"objectid":61083,"plotmapid":"PHASE-IIB094IND","property_t":"Industrial","plotsizesq":0,"plot_no":"094","sector":"PHASE-II","block":"B","mplanduse":"B","ppt_type":"IND","ppt_full":"Industrial","authority":"NOIDA","category":"industrial","execution_stage":"unknown"}},{"type":"Feature","geometry":{"type":"Polygon","coordinates":[[[77.409439,28.539069],[77.409119,28.539315],[77.408986,28.53918],[77.409305,28.538934],[77.409439,28.539069]]]},"properties":{"objectid":61084,"plotmapid":"PHASE-IIB095IND","property_t":"Industrial","plotsizesq":0,"plot_no":"095","sector":"PHASE-II","block":"B","mplanduse":"B","ppt_type":"IND","ppt_full":"Industrial","authority":"NOIDA","category":"industrial","execution_stage":"unknown"}},{"type":"Feature","geometry":{"type":"Polygon","coordinates":[[[77.409305,28.538934],[77.409623,28.538688],[77.409781,28.538805],[77.409439,28.539069],[77.409305,28.538934]]]},"properties":{"objectid":61085,"plotmapid":"PHASE-IIB124IND","property_t":"Industrial","plotsizesq":0,"plot_no":"124","sector":"PHASE-II","block":"B","mplanduse":"B","ppt_type":"IND","ppt_full":"Industrial","authority":"NOIDA","category":"industrial","execution_stage":"unknown"}},{"type":"Feature","geometry":{"type":"Polygon","coordinates":[[[77.409439,28.539069],[77.409781,28.538805],[77.409919,28.538883],[77.409629,28.539224],[77.409439,28.539069]]]},"properties":{"objectid":61086,"plotmapid":"PHASE-IIB123IND","property_t":"Industrial","plotsizesq":0,"plot_no":"123","sector":"PHASE-II","block":"B","mplanduse":"B","ppt_type":"IND","ppt_full":"Industrial","authority":"NOIDA","category":"industrial","execution_stage":"unknown"}},{"type":"Feature","geometry":{"type":"Polygon","coordinates":[[[77.409629,28.539224],[77.409351,28.539552],[77.409119,28.539315],[77.409439,28.539069],[77.409629,28.539224]]]},"properties":{"objectid":61087,"plotmapid":"PHASE-IIB096IND","property_t":"Industrial","plotsizesq":0,"plot_no":"096","sector":"PHASE-II","block":"B","mplanduse":"B","ppt_type":"IND","ppt_full":"Industrial","authority":"NOIDA","category":"industrial","execution_stage":"unknown"}},{"type":"Feature","geometry":{"type":"Polygon","coordinates":[[[77.409629,28.539224],[77.409919,28.538883],[77.410056,28.538941],[77.409851,28.539335],[77.409629,28.539224]]]},"properties":{"objectid":61088,"plotmapid":"PHASE-IIB122IND","property_t":"Industrial","plotsizesq":0,"plot_no":"122","sector":"PHASE-II","block":"B","mplanduse":"B","ppt_type":"IND","ppt_full":"Industrial","authority":"NOIDA","category":"industrial","execution_stage":"unknown"}},{"type":"Feature","geometry":{"type":"Polygon","coordinates":[[[77.409851,28.539335],[77.409656,28.539709],[77.409351,28.539552],[77.409629,28.539224],[77.409851,28.539335]]]},"properties":{"objectid":61089,"plotmapid":"PHASE-IIB097IND","property_t":"Industrial","plotsizesq":0,"plot_no":"097","sector":"PHASE-II","block":"B","mplanduse":"B","ppt_type":"IND","ppt_full":"Industrial","authority":"NOIDA","category":"industrial","execution_stage":"unknown"}},{"type":"Feature","geometry":{"type":"Polygon","coordinates":[[[77.409851,28.539335],[77.410056,28.538941],[77.410212,28.538988],[77.410073,28.539392],[77.409851,28.539335]]]},"properties":{"objectid":61090,"plotmapid":"PHASE-IIB121IND","property_t":"Industrial","plotsizesq":0,"plot_no":"121","sector":"PHASE-II","block":"B","mplanduse":"B","ppt_type":"IND","ppt_full":"Industrial","authority":"NOIDA","category":"industrial","execution_stage":"unknown"}},{"type":"Feature","geometry":{"type":"Polygon","coordinates":[[[77.410073,28.539392],[77.409931,28.539807],[77.409656,28.539709],[77.409851,28.539335],[77.410073,28.539392]]]},"properties":{"objectid":61091,"plotmapid":"PHASE-IIB098IND","property_t":"Industrial","plotsizesq":0,"plot_no":"098","sector":"PHASE-II","block":"B","mplanduse":"B","ppt_type":"IND","ppt_full":"Industrial","authority":"NOIDA","category":"industrial","execution_stage":"unknown"}},{"type":"Feature","geometry":{"type":"Polygon","coordinates":[[[77.410073,28.539392],[77.410212,28.538988],[77.410366,28.539018],[77.410264,28.539436],[77.410073,28.539392]]]},"properties":{"objectid":61092,"plotmapid":"PHASE-IIB120IND","property_t":"Industrial","plotsizesq":0,"plot_no":"120","sector":"PHASE-II","block":"B","mplanduse":"B","ppt_type":"IND","ppt_full":"Industrial","authority":"NOIDA","category":"industrial","execution_stage":"unknown"}},{"type":"Feature","geometry":{"type":"Polygon","coordinates":[[[77.410264,28.539436],[77.410163,28.539854],[77.409931,28.539807],[77.410073,28.539392],[77.410264,28.539436]]]},"properties":{"objectid":61093,"plotmapid":"PHASE-IIB099IND","property_t":"Industrial","plotsizesq":0,"plot_no":"099","sector":"PHASE-II","block":"B","mplanduse":"B","ppt_type":"IND","ppt_full":"Industrial","authority":"NOIDA","category":"industrial","execution_stage":"unknown"}},{"type":"Feature","geometry":{"type":"Polygon","coordinates":[[[77.410264,28.539436],[77.410366,28.539018],[77.410523,28.539038],[77.410473,28.539455],[77.410264,28.539436]]]},"properties":{"objectid":61094,"plotmapid":"PHASE-IIB119IND","property_t":"Industrial","plotsizesq":0,"plot_no":"119","sector":"PHASE-II","block":"B","mplanduse":"B","ppt_type":"IND","ppt_full":"Industrial","authority":"NOIDA","category":"industrial","execution_stage":"unknown"}},{"type":"Feature","geometry":{"type":"Polygon","coordinates":[[[77.410473,28.539455],[77.410423,28.539873],[77.410163,28.539854],[77.410264,28.539436],[77.410473,28.539455]]]},"properties":{"objectid":61095,"plotmapid":"PHASE-IIB100IND","property_t":"Industrial","plotsizesq":0,"plot_no":"100","sector":"PHASE-II","block":"B","mplanduse":"B","ppt_type":"IND","ppt_full":"Industrial","authority":"NOIDA","category":"industrial","execution_stage":"unknown"}},{"type":"Feature","geometry":{"type":"Polygon","coordinates":[[[77.408906,28.538516],[77.40858,28.538761],[77.408453,28.538637],[77.408779,28.538383],[77.408906,28.538516]]]},"properties":{"objectid":61096,"plotmapid":"PHASE-IIB091IND","property_t":"Industrial","plotsizesq":0,"plot_no":"091","sector":"PHASE-II","block":"B","mplanduse":"B","ppt_type":"IND","ppt_full":"Industrial","authority":"NOIDA","category":"industrial","execution_stage":"unknown"}},{"type":"Feature","geometry":{"type":"Polygon","coordinates":[[[77.408779,28.538383],[77.409106,28.53813],[77.409234,28.538269],[77.408906,28.538516],[77.408779,28.538383]]]},"properties":{"objectid":61097,"plotmapid":"PHASE-IIB128IND","property_t":"Industrial","plotsizesq":0,"plot_no":"128","sector":"PHASE-II","block":"B","mplanduse":"B","ppt_type":"IND","ppt_full":"Industrial","authority":"NOIDA","category":"industrial","execution_stage":"unknown"}},{"type":"Feature","geometry":{"type":"Polygon","coordinates":[[[77.408906,28.538516],[77.409234,28.538269],[77.409361,28.538409],[77.40904,28.538659],[77.408906,28.538516]]]},"properties":{"objectid":61098,"plotmapid":"PHASE-IIB127IND","property_t":"Industrial","plotsizesq":0,"plot_no":"127","sector":"PHASE-II","block":"B","mplanduse":"B","ppt_type":"IND","ppt_full":"Industrial","authority":"NOIDA","category":"industrial","execution_stage":"unknown"}},{"type":"Feature","geometry":{"type":"Polygon","coordinates":[[[77.40904,28.538659],[77.408719,28.538908],[77.40858,28.538761],[77.408906,28.538516],[77.40904,28.538659]]]},"properties":{"objectid":61099,"plotmapid":"PHASE-IIB092IND","property_t":"Industrial","plotsizesq":0,"plot_no":"092","sector":"PHASE-II","block":"B","mplanduse":"B","ppt_type":"IND","ppt_full":"Industrial","authority":"NOIDA","category":"industrial","execution_stage":"unknown"}},{"type":"Feature","geometry":{"type":"Polygon","coordinates":[[[77.408576,28.538215],[77.40833,28.538524],[77.408172,28.538459],[77.408329,28.538108],[77.408576,28.538215]]]},"properties":{"objectid":61100,"plotmapid":"PHASE-IIB089IND","property_t":"Industrial","plotsizesq":0,"plot_no":"089","sector":"PHASE-II","block":"B","mplanduse":"B","ppt_type":"IND","ppt_full":"Industrial","authority":"NOIDA","category":"industrial","execution_stage":"unknown"}},{"type":"Feature","geometry":{"type":"Polygon","coordinates":[[[77.408779,28.538383],[77.408453,28.538637],[77.40833,28.538524],[77.408576,28.538215],[77.408779,28.538383]]]},"properties":{"objectid":61101,"plotmapid":"PHASE-IIB090IND","property_t":"Industrial","plotsizesq":0,"plot_no":"090","sector":"PHASE-II","block":"B","mplanduse":"B","ppt_type":"IND","ppt_full":"Industrial","authority":"NOIDA","category":"industrial","execution_stage":"unknown"}},{"type":"Feature","geometry":{"type":"Polygon","coordinates":[[[77.411207,28.537735],[77.41166,28.537765],[77.411511,28.538892],[77.411005,28.538828],[77.41115,28.537731],[77.411207,28.537735]]]},"properties":{"objectid":61102,"plotmapid":"PHASE-IIB204IND","property_t":"Industrial","plotsizesq":0,"plot_no":"204","sector":"PHASE-II","block":"B","mplanduse":"B","ppt_type":"IND","ppt_full":"Industrial","authority":"NOIDA","category":"industrial","execution_stage":"unknown"}},{"type":"Feature","geometry":{"type":"Polygon","coordinates":[[[77.411145,28.537774],[77.411005,28.538828],[77.410609,28.538777],[77.410812,28.537288],[77.411258,28.537326],[77.411207,28.537735],[77.41115,28.537731],[77.411145,28.537774]]]},"properties":{"objectid":61103,"plotmapid":"PHASE-IIB135206IND","property_t":"Industrial","plotsizesq":0,"plot_no":"135206","sector":"PHASE-II","block":"B","mplanduse":"B","ppt_type":"IND","ppt_full":"Industrial","authority":"NOIDA","category":"industrial","execution_stage":"unknown"}},{"type":"Feature","geometry":{"type":"Polygon","coordinates":[[[77.410812,28.537288],[77.41075,28.537739],[77.408756,28.53756],[77.408618,28.537503],[77.408667,28.537105],[77.410812,28.537288]]]},"properties":{"objectid":61105,"plotmapid":"PHASE-IIB134AIND","property_t":"Industrial","plotsizesq":0,"plot_no":"134A","sector":"PHASE-II","block":"B","mplanduse":"B","ppt_type":"IND","ppt_full":"Industrial","authority":"NOIDA","category":"industrial","execution_stage":"unknown"}},{"type":"Feature","geometry":{"type":"Polygon","coordinates":[[[77.411713,28.537365],[77.41166,28.537765],[77.411207,28.537735],[77.411258,28.537326],[77.411713,28.537365]]]},"properties":{"objectid":61106,"plotmapid":"PHASE-IIB205IND","property_t":"Industrial","plotsizesq":0,"plot_no":"205","sector":"PHASE-II","block":"B","mplanduse":"B","ppt_type":"IND","ppt_full":"Industrial","authority":"NOIDA","category":"industrial","execution_stage":"unknown"}},{"type":"Feature","geometry":{"type":"Polygon","coordinates":[[[77.408667,28.537105],[77.408618,28.537503],[77.408579,28.537494],[77.408621,28.537101],[77.408667,28.537105]]]},"properties":{"objectid":61107,"plotmapid":"PHASE-IIB134IND","property_t":"Industrial","plotsizesq":0,"plot_no":"134","sector":"PHASE-II","block":"B","mplanduse":"B","ppt_type":"IND","ppt_full":"Industrial","authority":"NOIDA","category":"industrial","execution_stage":"unknown"}},{"type":"Feature","geometry":{"type":"Polygon","coordinates":[[[77.414151,28.53897],[77.414902,28.539063],[77.414717,28.540489],[77.413968,28.54041],[77.414151,28.53897]]]},"properties":{"objectid":61114,"plotmapid":"PHASE-IIC051IND","property_t":"Industrial","plotsizesq":0,"plot_no":"051","sector":"PHASE-II","block":"C","mplanduse":"B","ppt_type":"IND","ppt_full":"Industrial","authority":"NOIDA","category":"industrial","execution_stage":"unknown"}},{"type":"Feature","geometry":{"type":"Polygon","coordinates":[[[77.409918,28.529091],[77.40981,28.529991],[77.409302,28.529943],[77.409417,28.529044],[77.409918,28.529091]]]},"properties":{"objectid":61361,"plotmapid":"84A006IND","property_t":"Industrial","used":"NA","allotted_p":"Yes","plotsizesq":5000,"plot_size":"5000 SQMT","plot_no":"006","sector":"84","block":"A","mplanduse":"V","ppt_type":"IND","ppt_full":"Industrial","authority":"NOIDA","category":"industrial","execution_stage":"allotted"}},{"type":"Feature","geometry":{"type":"Polygon","coordinates":[[[77.409406,28.529043],[77.409417,28.529044],[77.409302,28.529943],[77.408774,28.529894],[77.408893,28.528995],[77.409406,28.529043]]]},"properties":{"objectid":61362,"plotmapid":"84A005IND","property_t":"Industrial","used":"NA","allotted_p":"Yes","plotsizesq":5000,"plot_size":"5000 SQMT","plot_no":"005","sector":"84","block":"A","mplanduse":"V","ppt_type":"IND","ppt_full":"Industrial","authority":"NOIDA","category":"industrial","execution_stage":"allotted"}},{"type":"Feature","geometry":{"type":"Polygon","coordinates":[[[77.41145,28.529237],[77.411335,28.530135],[77.410823,28.530087],[77.410934,28.529187],[77.41145,28.529237]]]},"properties":{"objectid":61363,"plotmapid":"84A009IND","property_t":"Industrial","used":"NA","allotted_p":"Yes","plotsizesq":5000,"plot_size":"5000 SQMT","plot_no":"009","sector":"84","block":"A","mplanduse":"V","ppt_type":"IND","ppt_full":"Industrial","authority":"NOIDA","category":"industrial","execution_stage":"allotted"}},{"type":"Feature","geometry":{"type":"Polygon","coordinates":[[[77.412117,28.528397],[77.411981,28.529289],[77.41145,28.529237],[77.411555,28.528342],[77.412117,28.528397]]]},"properties":{"objectid":61364,"plotmapid":"84A011IND","property_t":"Industrial","used":"NA","allotted_p":"Yes","plotsizesq":5000,"plot_size":"5000 SQMT","plot_no":"011","sector":"84","block":"A","mplanduse":"V","ppt_type":"IND","ppt_full":"Industrial","authority":"NOIDA","category":"industrial","execution_stage":"allotted"}},{"type":"Feature","geometry":{"type":"Polygon","coordinates":[[[77.409525,28.528144],[77.409417,28.529044],[77.408893,28.528995],[77.409012,28.528096],[77.409525,28.528144]]]},"properties":{"objectid":61368,"plotmapid":"84A016IND","property_t":"Industrial","used":"NA","allotted_p":"Yes","plotsizesq":5000,"plot_size":"5000 SQMT","plot_no":"016","sector":"84","block":"A","mplanduse":"V","ppt_type":"IND","ppt_full":"Industrial","authority":"NOIDA","category":"industrial","execution_stage":"allotted"}},{"type":"Feature","geometry":{"type":"Polygon","coordinates":[[[77.407646,28.527834],[77.407403,28.529761],[77.406267,28.529651],[77.406505,28.527724],[77.407646,28.527834]]]},"properties":{"objectid":61755,"plotmapid":"84A003IND","property_t":"Industrial","used":"NA","allotted_p":"Yes","plotsizesq":24080,"plot_size":"24080 SQMT","plot_no":"003","sector":"84","block":"A","mplanduse":"B","ppt_type":"IND","ppt_full":"Industrial","authority":"NOIDA","category":"industrial","execution_stage":"allotted"}},{"type":"Feature","geometry":{"type":"Polygon","coordinates":[[[77.409795,28.528172],[77.41054,28.528244],[77.41043,28.529139],[77.409417,28.529044],[77.409525,28.528144],[77.409795,28.528172]]]},"properties":{"objectid":61759,"plotmapid":"84A014&015IND","property_t":"Industrial","plotsizesq":5000,"plot_size":"5000 SQMT","plot_no":"014&015","sector":"84","block":"A","mplanduse":"B","ppt_type":"IND","ppt_full":"Industrial","authority":"NOIDA","category":"industrial","execution_stage":"unknown"}},{"type":"Feature","geometry":{"type":"Polygon","coordinates":[[[77.411045,28.528291],[77.410934,28.529187],[77.41043,28.529139],[77.41054,28.528244],[77.411045,28.528291]]]},"properties":{"objectid":61760,"plotmapid":"84A013IND","property_t":"Industrial","used":"NA","allotted_p":"Yes","plotsizesq":50000,"plot_size":"5000 SQMT","plot_no":"013","sector":"84","block":"A","mplanduse":"B","ppt_type":"IND","ppt_full":"Industrial","authority":"NOIDA","category":"industrial","execution_stage":"allotted"}},{"type":"Feature","geometry":{"type":"Polygon","coordinates":[[[77.41043,28.529139],[77.410318,28.530039],[77.40981,28.529991],[77.409923,28.529092],[77.41043,28.529139]]]},"properties":{"objectid":61761,"plotmapid":"84A007IND","property_t":"Industrial","used":"NA","allotted_p":"Yes","plotsizesq":5000,"plot_size":"5000 SQMT","plot_no":"007","sector":"84","block":"A","mplanduse":"B","ppt_type":"IND","ppt_full":"Industrial","authority":"NOIDA","category":"industrial","execution_stage":"allotted"}},{"type":"Feature","geometry":{"type":"Polygon","coordinates":[[[77.410934,28.529187],[77.410823,28.530087],[77.410318,28.530039],[77.41043,28.529139],[77.410934,28.529187]]]},"properties":{"objectid":61762,"plotmapid":"84A008IND","property_t":"Industrial","used":"NA","allotted_p":"Yes","plotsizesq":5000,"plot_size":"5000 SQMT","plot_no":"008","sector":"84","block":"A","mplanduse":"B","ppt_type":"IND","ppt_full":"Industrial","authority":"NOIDA","category":"industrial","execution_stage":"allotted"}},{"type":"Feature","geometry":{"type":"Polygon","coordinates":[[[77.407652,28.527835],[77.408798,28.527946],[77.408559,28.529873],[77.407403,28.529761],[77.407652,28.527835]]]},"properties":{"objectid":61764,"plotmapid":"84A004IND","property_t":"Industrial","used":"NA","allotted_p":"Yes","plotsizesq":24080,"plot_size":"24080 SQMT","plot_no":"004","sector":"84","block":"A","mplanduse":"B","ppt_type":"IND","ppt_full":"Industrial","authority":"NOIDA","category":"industrial","execution_stage":"allotted"}},{"type":"Feature","geometry":{"type":"Polygon","coordinates":[[[77.411981,28.529289],[77.411847,28.530183],[77.411335,28.530135],[77.41145,28.529237],[77.411981,28.529289]]]},"properties":{"objectid":61765,"plotmapid":"84A010IND","property_t":"Industrial","used":"NA","allotted_p":"Yes","plotsizesq":5000,"plot_size":"5000 SQMT","plot_no":"010","sector":"84","block":"A","mplanduse":"B","ppt_type":"IND","ppt_full":"Industrial","authority":"NOIDA","category":"industrial","execution_stage":"allotted"}},{"type":"Feature","geometry":{"type":"Polygon","coordinates":[[[77.411555,28.528342],[77.41145,28.529237],[77.410934,28.529187],[77.411045,28.528291],[77.411555,28.528342]]]},"properties":{"objectid":61766,"plotmapid":"84A012IND","property_t":"Industrial","used":"NA","allotted_p":"Yes","plotsizesq":5000,"plot_size":"5000 SQMT","plot_no":"012","sector":"84","block":"A","mplanduse":"B","ppt_type":"IND","ppt_full":"Industrial","authority":"NOIDA","category":"industrial","execution_stage":"allotted"}},{"type":"Feature","geometry":{"type":"Polygon","coordinates":[[[77.414356,28.532262],[77.414376,28.532075],[77.41471,28.532105],[77.414686,28.532292],[77.414356,28.532262]]]},"properties":{"objectid":62359,"plotmapid":"HCD035IND","property_t":"Industrial","used":"PLOT","plotsizesq":450,"plot_size":"450 SQMT","plot_no":"035","sector":"HC","block":"D","mplanduse":"V","ppt_type":"IND","ppt_full":"Industrial","remark":"As per drone is vacant ,not Alloted & not buildup","authority":"NOIDA","category":"industrial","execution_stage":"unknown"}},{"type":"Feature","geometry":{"type":"Polygon","coordinates":[[[77.414933,28.531596],[77.414977,28.531238],[77.41523,28.531261],[77.415186,28.531619],[77.414933,28.531596]]]},"properties":{"objectid":62372,"plotmapid":"HCD045IND","property_t":"Industrial","used":"PLOT","plotsizesq":1000,"plot_size":"1000 SQMT","plot_no":"045","sector":"HC","block":"D","mplanduse":"V","ppt_type":"IND","ppt_full":"Industrial","authority":"NOIDA","category":"industrial","execution_stage":"unknown"}},{"type":"Feature","geometry":{"type":"Polygon","coordinates":[[[77.414031,28.532232],[77.414051,28.5321],[77.414111,28.532051],[77.414376,28.532075],[77.414356,28.532262],[77.414031,28.532232]]]},"properties":{"objectid":62374,"plotmapid":"HCD001IND","property_t":"Industrial","used":"PLOT","plotsizesq":450,"plot_size":"450 SQMT","plot_no":"001","sector":"HC","block":"D","mplanduse":"B","ppt_type":"IND","ppt_full":"Industrial","authority":"NOIDA","category":"industrial","execution_stage":"unknown"}},{"type":"Feature","geometry":{"type":"Polygon","coordinates":[[[77.412482,28.531013],[77.412431,28.531375],[77.412046,28.531334],[77.412087,28.530974],[77.412482,28.531013]]]},"properties":{"objectid":62375,"plotmapid":"HCC093IND","property_t":"Industrial","used":"PLOT","plotsizesq":1000,"plot_size":"1000 SQMT","plot_no":"093","sector":"HC","block":"C","mplanduse":"V","ppt_type":"IND","ppt_full":"Industrial","authority":"NOIDA","category":"industrial","execution_stage":"unknown"}},{"type":"Feature","geometry":{"type":"Polygon","coordinates":[[[77.412431,28.531375],[77.412381,28.531731],[77.412004,28.531691],[77.412046,28.531334],[77.412431,28.531375]]]},"properties":{"objectid":62376,"plotmapid":"HCC096IND","property_t":"Industrial","used":"PLOT","plotsizesq":1000,"plot_size":"1000 SQMT","plot_no":"096","sector":"HC","block":"C","mplanduse":"V","ppt_type":"IND","ppt_full":"Industrial","authority":"NOIDA","category":"industrial","execution_stage":"unknown"}},{"type":"Feature","geometry":{"type":"Polygon","coordinates":[[[77.412499,28.531015],[77.412851,28.53105],[77.412803,28.531413],[77.412431,28.531375],[77.412482,28.531013],[77.412499,28.531015]]]},"properties":{"objectid":62377,"plotmapid":"HCC094IND","property_t":"Industrial","used":"PLOT","plotsizesq":1000,"plot_size":"1000 SQMT","plot_no":"094","sector":"HC","block":"C","mplanduse":"V","ppt_type":"IND","ppt_full":"Industrial","authority":"NOIDA","category":"industrial","execution_stage":"unknown"}},{"type":"Feature","geometry":{"type":"Polygon","coordinates":[[[77.412448,28.531376],[77.412803,28.531413],[77.412756,28.53177],[77.412381,28.531731],[77.412431,28.531375],[77.412448,28.531376]]]},"properties":{"objectid":62378,"plotmapid":"HCC095IND","property_t":"Industrial","used":"PLOT","plotsizesq":1000,"plot_size":"1000 SQMT","plot_no":"095","sector":"HC","block":"C","mplanduse":"V","ppt_type":"IND","ppt_full":"Industrial","authority":"NOIDA","category":"industrial","execution_stage":"unknown"}},{"type":"Feature","geometry":{"type":"Polygon","coordinates":[[[77.411794,28.532138],[77.411759,28.532442],[77.411606,28.532427],[77.411642,28.532123],[77.411794,28.532138]]]},"properties":{"objectid":62379,"plotmapid":"HCC176IND","property_t":"Industrial","used":"PLOT","plotsizesq":450,"plot_size":"450 SQMT","plot_no":"176","sector":"HC","block":"C","mplanduse":"V","ppt_type":"IND","ppt_full":"Industrial","authority":"NOIDA","category":"industrial","execution_stage":"unknown"}},{"type":"Feature","geometry":{"type":"Polygon","coordinates":[[[77.415375,28.534483],[77.415326,28.534839],[77.415073,28.534813],[77.415122,28.534457],[77.415375,28.534483]]]},"properties":{"objectid":62477,"plotmapid":"HCD079IND","property_t":"Industrial","used":"PLOT","plotsizesq":1000,"plot_size":"1000 SQMT","plot_no":"079","sector":"HC","block":"D","mplanduse":"B","ppt_type":"IND","ppt_full":"Industrial","authority":"NOIDA","category":"industrial","execution_stage":"unknown"}},{"type":"Feature","geometry":{"type":"Polygon","coordinates":[[[77.415073,28.534813],[77.415326,28.534839],[77.41528,28.535199],[77.415026,28.535172],[77.415073,28.534813]]]},"properties":{"objectid":62478,"plotmapid":"HCD084IND","property_t":"Industrial","used":"PLOT","plotsizesq":1000,"plot_size":"1000 SQMT","plot_no":"084","sector":"HC","block":"D","mplanduse":"B","ppt_type":"IND","ppt_full":"Industrial","authority":"NOIDA","category":"industrial","execution_stage":"unknown"}},{"type":"Feature","geometry":{"type":"Polygon","coordinates":[[[77.415122,28.534457],[77.415073,28.534813],[77.414819,28.534786],[77.414868,28.534431],[77.415122,28.534457]]]},"properties":{"objectid":62479,"plotmapid":"HCD080IND","property_t":"Industrial","used":"PLOT","plotsizesq":1000,"plot_size":"1000 SQMT","plot_no":"080","sector":"HC","block":"D","mplanduse":"B","ppt_type":"IND","ppt_full":"Industrial","authority":"NOIDA","category":"industrial","execution_stage":"unknown"}},{"type":"Feature","geometry":{"type":"Polygon","coordinates":[[[77.414819,28.534786],[77.415073,28.534813],[77.415026,28.535172],[77.414769,28.535146],[77.414819,28.534786]]]},"properties":{"objectid":62480,"plotmapid":"HCD083IND","property_t":"Industrial","used":"PLOT","plotsizesq":1000,"plot_size":"1000 SQMT","plot_no":"083","sector":"HC","block":"D","mplanduse":"B","ppt_type":"IND","ppt_full":"Industrial","authority":"NOIDA","category":"industrial","execution_stage":"unknown"}},{"type":"Feature","geometry":{"type":"Polygon","coordinates":[[[77.414868,28.534431],[77.414819,28.534786],[77.414567,28.53476],[77.414617,28.534405],[77.414868,28.534431]]]},"properties":{"objectid":62481,"plotmapid":"HCD081IND","property_t":"Industrial","used":"PLOT","plotsizesq":1000,"plot_size":"1000 SQMT","plot_no":"081","sector":"HC","block":"D","mplanduse":"B","ppt_type":"IND","ppt_full":"Industrial","authority":"NOIDA","category":"industrial","execution_stage":"unknown"}},{"type":"Feature","geometry":{"type":"Polygon","coordinates":[[[77.414567,28.53476],[77.414819,28.534786],[77.414769,28.535146],[77.414518,28.535119],[77.414567,28.53476]]]},"properties":{"objectid":62482,"plotmapid":"HCD082IND","property_t":"Industrial","used":"PLOT","plotsizesq":1000,"plot_size":"1000 SQMT","plot_no":"082","sector":"HC","block":"D","mplanduse":"B","ppt_type":"IND","ppt_full":"Industrial","authority":"NOIDA","category":"industrial","execution_stage":"unknown"}},{"type":"Feature","geometry":{"type":"Polygon","coordinates":[[[77.415232,28.531623],[77.41544,28.531642],[77.415396,28.532],[77.41519,28.531982],[77.415232,28.531623]]]},"properties":{"objectid":62495,"plotmapid":"HCD037IND","property_t":"Industrial","used":"PLOT","plotsizesq":1000,"plot_size":"1000 SQMT","plot_no":"037","sector":"HC","block":"D","mplanduse":"B","ppt_type":"IND","ppt_full":"Industrial","authority":"NOIDA","category":"industrial","execution_stage":"unknown"}},{"type":"Feature","geometry":{"type":"Polygon","coordinates":[[[77.415186,28.531619],[77.415232,28.531623],[77.41519,28.531982],[77.414889,28.531954],[77.414933,28.531596],[77.415186,28.531619]]]},"properties":{"objectid":62496,"plotmapid":"HCD038IND","property_t":"Industrial","used":"PLOT","plotsizesq":1000,"plot_size":"1000 SQMT","plot_no":"038","sector":"HC","block":"D","mplanduse":"B","ppt_type":"IND","ppt_full":"Industrial","authority":"NOIDA","category":"industrial","execution_stage":"unknown"}},{"type":"Feature","geometry":{"type":"Polygon","coordinates":[[[77.414636,28.531932],[77.41468,28.531573],[77.414933,28.531596],[77.414889,28.531954],[77.414636,28.531932]]]},"properties":{"objectid":62497,"plotmapid":"HCD039IND","property_t":"Industrial","used":"PLOT","plotsizesq":1000,"plot_size":"1000 SQMT","plot_no":"039","sector":"HC","block":"D","mplanduse":"B","ppt_type":"IND","ppt_full":"Industrial","authority":"NOIDA","category":"industrial","execution_stage":"unknown"}},{"type":"Feature","geometry":{"type":"Polygon","coordinates":[[[77.414383,28.531909],[77.414426,28.531551],[77.41468,28.531573],[77.414636,28.531932],[77.414383,28.531909]]]},"properties":{"objectid":62498,"plotmapid":"HCD040IND","property_t":"Industrial","used":"PLOT","plotsizesq":1000,"plot_size":"1000 SQMT","plot_no":"040","sector":"HC","block":"D","mplanduse":"B","ppt_type":"IND","ppt_full":"Industrial","authority":"NOIDA","category":"industrial","execution_stage":"unknown"}},{"type":"Feature","geometry":{"type":"Polygon","coordinates":[[[77.41468,28.531573],[77.414724,28.531215],[77.414977,28.531238],[77.414933,28.531596],[77.41468,28.531573]]]},"properties":{"objectid":62500,"plotmapid":"HCD044IND","property_t":"Industrial","used":"PLOT","plotsizesq":1000,"plot_size":"1000 SQMT","plot_no":"044","sector":"HC","block":"D","mplanduse":"B","ppt_type":"IND","ppt_full":"Industrial","authority":"NOIDA","category":"industrial","execution_stage":"unknown"}},{"type":"Feature","geometry":{"type":"Polygon","coordinates":[[[77.414426,28.531551],[77.41447,28.531192],[77.414724,28.531215],[77.41468,28.531573],[77.414426,28.531551]]]},"properties":{"objectid":62501,"plotmapid":"HCD043IND","property_t":"Industrial","used":"PLOT","plotsizesq":1000,"plot_size":"1000 SQMT","plot_no":"043","sector":"HC","block":"D","mplanduse":"B","ppt_type":"IND","ppt_full":"Industrial","authority":"NOIDA","category":"industrial","execution_stage":"unknown"}},{"type":"Feature","geometry":{"type":"Polygon","coordinates":[[[77.414223,28.53117],[77.41447,28.531192],[77.414426,28.531551],[77.414117,28.531523],[77.414154,28.531219],[77.414223,28.53117]]]},"properties":{"objectid":62502,"plotmapid":"HCD042IND","property_t":"Industrial","used":"PLOT","plotsizesq":1000,"plot_size":"1000 SQMT","plot_no":"042","sector":"HC","block":"D","mplanduse":"B","ppt_type":"IND","ppt_full":"Industrial","authority":"NOIDA","category":"industrial","execution_stage":"unknown"}},{"type":"Feature","geometry":{"type":"Polygon","coordinates":[[[77.414117,28.531523],[77.414426,28.531551],[77.414383,28.531909],[77.414074,28.531881],[77.414117,28.531523]]]},"properties":{"objectid":62503,"plotmapid":"HCD041IND","property_t":"Industrial","used":"PLOT","plotsizesq":1000,"plot_size":"1000 SQMT","plot_no":"041","sector":"HC","block":"D","mplanduse":"B","ppt_type":"IND","ppt_full":"Industrial","authority":"NOIDA","category":"industrial","execution_stage":"unknown"}},{"type":"Feature","geometry":{"type":"Polygon","coordinates":[[[77.413915,28.533175],[77.414239,28.533205],[77.414222,28.53334],[77.413899,28.53331],[77.413915,28.533175]]]},"properties":{"objectid":62507,"plotmapid":"HCD009IND","property_t":"Industrial","used":"PLOT","plotsizesq":450,"plot_size":"450 SQMT","plot_no":"009","sector":"HC","block":"D","mplanduse":"B","ppt_type":"IND","ppt_full":"Industrial","authority":"NOIDA","category":"industrial","execution_stage":"unknown"}},{"type":"Feature","geometry":{"type":"Polygon","coordinates":[[[77.414239,28.533205],[77.414566,28.533233],[77.414548,28.53337],[77.414222,28.53334],[77.414239,28.533205]]]},"properties":{"objectid":62508,"plotmapid":"HCD027IND","property_t":"Industrial","used":"PLOT","plotsizesq":450,"plot_size":"450 SQMT","plot_no":"027","sector":"HC","block":"D","mplanduse":"B","ppt_type":"IND","ppt_full":"Industrial","authority":"NOIDA","category":"industrial","execution_stage":"unknown"}},{"type":"Feature","geometry":{"type":"Polygon","coordinates":[[[77.414686,28.532292],[77.414669,28.53243],[77.414341,28.532398],[77.414356,28.532262],[77.414686,28.532292]]]},"properties":{"objectid":62509,"plotmapid":"HCD034IND","property_t":"Industrial","used":"PLOT","plotsizesq":450,"plot_size":"450 SQMT","plot_no":"034","sector":"HC","block":"D","mplanduse":"B","ppt_type":"IND","ppt_full":"Industrial","authority":"NOIDA","category":"industrial","execution_stage":"unknown"}},{"type":"Feature","geometry":{"type":"Polygon","coordinates":[[[77.414031,28.532232],[77.414356,28.532262],[77.414341,28.532398],[77.414015,28.532365],[77.414031,28.532232]]]},"properties":{"objectid":62510,"plotmapid":"HCD002IND","property_t":"Industrial","used":"PLOT","plotsizesq":450,"plot_size":"450 SQMT","plot_no":"002","sector":"HC","block":"D","mplanduse":"B","ppt_type":"IND","ppt_full":"Industrial","authority":"NOIDA","category":"industrial","execution_stage":"unknown"}},{"type":"Feature","geometry":{"type":"Polygon","coordinates":[[[77.414669,28.53243],[77.414652,28.53256],[77.414324,28.532531],[77.414341,28.532398],[77.414669,28.53243]]]},"properties":{"objectid":62511,"plotmapid":"HCD033IND","property_t":"Industrial","used":"PLOT","plotsizesq":450,"plot_size":"450 SQMT","plot_no":"033","sector":"HC","block":"D","mplanduse":"B","ppt_type":"IND","ppt_full":"Industrial","authority":"NOIDA","category":"industrial","execution_stage":"unknown"}},{"type":"Feature","geometry":{"type":"Polygon","coordinates":[[[77.414015,28.532365],[77.414341,28.532398],[77.414324,28.532531],[77.413998,28.532502],[77.414015,28.532365]]]},"properties":{"objectid":62512,"plotmapid":"HCD003IND","property_t":"Industrial","used":"PLOT","plotsizesq":450,"plot_size":"450 SQMT","plot_no":"003","sector":"HC","block":"D","mplanduse":"B","ppt_type":"IND","ppt_full":"Industrial","authority":"NOIDA","category":"industrial","execution_stage":"unknown"}},{"type":"Feature","geometry":{"type":"Polygon","coordinates":[[[77.414307,28.532664],[77.414324,28.532531],[77.414652,28.53256],[77.414635,28.532693],[77.414307,28.532664]]]},"properties":{"objectid":62513,"plotmapid":"HCD032IND","property_t":"Industrial","used":"PLOT","plotsizesq":450,"plot_size":"450 SQMT","plot_no":"032","sector":"HC","block":"D","mplanduse":"B","ppt_type":"IND","ppt_full":"Industrial","authority":"NOIDA","category":"industrial","execution_stage":"unknown"}},{"type":"Feature","geometry":{"type":"Polygon","coordinates":[[[77.413998,28.532502],[77.414324,28.532531],[77.414307,28.532664],[77.413981,28.532635],[77.413998,28.532502]]]},"properties":{"objectid":62514,"plotmapid":"HCD004IND","property_t":"Industrial","used":"PLOT","plotsizesq":450,"plot_size":"450 SQMT","plot_no":"004","sector":"HC","block":"D","mplanduse":"B","ppt_type":"IND","ppt_full":"Industrial","authority":"NOIDA","category":"industrial","execution_stage":"unknown"}},{"type":"Feature","geometry":{"type":"Polygon","coordinates":[[[77.414635,28.532693],[77.414617,28.532834],[77.414289,28.532801],[77.414307,28.532664],[77.414635,28.532693]]]},"properties":{"objectid":62515,"plotmapid":"HCD031IND","property_t":"Industrial","used":"PLOT","plotsizesq":450,"plot_size":"450 SQMT","plot_no":"031","sector":"HC","block":"D","mplanduse":"B","ppt_type":"IND","ppt_full":"Industrial","authority":"NOIDA","category":"industrial","execution_stage":"unknown"}},{"type":"Feature","geometry":{"type":"Polygon","coordinates":[[[77.413981,28.532635],[77.414307,28.532664],[77.414289,28.532801],[77.413965,28.532769],[77.413981,28.532635]]]},"properties":{"objectid":62516,"plotmapid":"HCD005IND","property_t":"Industrial","used":"PLOT","plotsizesq":450,"plot_size":"450 SQMT","plot_no":"005","sector":"HC","block":"D","mplanduse":"B","ppt_type":"IND","ppt_full":"Industrial","authority":"NOIDA","category":"industrial","execution_stage":"unknown"}},{"type":"Feature","geometry":{"type":"Polygon","coordinates":[[[77.414617,28.532834],[77.4146,28.532967],[77.414272,28.532935],[77.414289,28.532801],[77.414617,28.532834]]]},"properties":{"objectid":62517,"plotmapid":"HCD030IND","property_t":"Industrial","used":"PLOT","plotsizesq":450,"plot_size":"450 SQMT","plot_no":"030","sector":"HC","block":"D","mplanduse":"B","ppt_type":"IND","ppt_full":"Industrial","authority":"NOIDA","category":"industrial","execution_stage":"unknown"}},{"type":"Feature","geometry":{"type":"Polygon","coordinates":[[[77.413965,28.532769],[77.414289,28.532801],[77.414272,28.532935],[77.413948,28.532905],[77.413965,28.532769]]]},"properties":{"objectid":62518,"plotmapid":"HCD006IND","property_t":"Industrial","used":"PLOT","plotsizesq":450,"plot_size":"450 SQMT","plot_no":"006","sector":"HC","block":"D","mplanduse":"B","ppt_type":"IND","ppt_full":"Industrial","authority":"NOIDA","category":"industrial","execution_stage":"unknown"}},{"type":"Feature","geometry":{"type":"Polygon","coordinates":[[[77.414272,28.532935],[77.4146,28.532967],[77.414583,28.5331],[77.414256,28.53307],[77.414272,28.532935]]]},"properties":{"objectid":62519,"plotmapid":"HCD029IND","property_t":"Industrial","used":"PLOT","plotsizesq":450,"plot_size":"450 SQMT","plot_no":"029","sector":"HC","block":"D","mplanduse":"B","ppt_type":"IND","ppt_full":"Industrial","authority":"NOIDA","category":"industrial","execution_stage":"unknown"}},{"type":"Feature","geometry":{"type":"Polygon","coordinates":[[[77.413948,28.532905],[77.414272,28.532935],[77.414256,28.53307],[77.413932,28.533041],[77.413948,28.532905]]]},"properties":{"objectid":62520,"plotmapid":"HCD007IND","property_t":"Industrial","used":"PLOT","plotsizesq":450,"plot_size":"450 SQMT","plot_no":"007","sector":"HC","block":"D","mplanduse":"B","ppt_type":"IND","ppt_full":"Industrial","authority":"NOIDA","category":"industrial","execution_stage":"unknown"}},{"type":"Feature","geometry":{"type":"Polygon","coordinates":[[[77.414256,28.53307],[77.414583,28.5331],[77.414566,28.533233],[77.414239,28.533205],[77.414256,28.53307]]]},"properties":{"objectid":62521,"plotmapid":"HCD028IND","property_t":"Industrial","used":"PLOT","plotsizesq":450,"plot_size":"450 SQMT","plot_no":"028","sector":"HC","block":"D","mplanduse":"B","ppt_type":"IND","ppt_full":"Industrial","authority":"NOIDA","category":"industrial","execution_stage":"unknown"}},{"type":"Feature","geometry":{"type":"Polygon","coordinates":[[[77.413932,28.533041],[77.414256,28.53307],[77.414239,28.533205],[77.413915,28.533175],[77.413932,28.533041]]]},"properties":{"objectid":62522,"plotmapid":"HCD008IND","property_t":"Industrial","used":"PLOT","plotsizesq":450,"plot_size":"450 SQMT","plot_no":"008","sector":"HC","block":"D","mplanduse":"B","ppt_type":"IND","ppt_full":"Industrial","authority":"NOIDA","category":"industrial","execution_stage":"unknown"}},{"type":"Feature","geometry":{"type":"Polygon","coordinates":[[[77.414222,28.53334],[77.414548,28.53337],[77.414531,28.533501],[77.414206,28.533473],[77.414222,28.53334]]]},"properties":{"objectid":62523,"plotmapid":"HCD026IND","property_t":"Industrial","used":"PLOT","plotsizesq":450,"plot_size":"450 SQMT","plot_no":"026","sector":"HC","block":"D","mplanduse":"B","ppt_type":"IND","ppt_full":"Industrial","authority":"NOIDA","category":"industrial","execution_stage":"unknown"}},{"type":"Feature","geometry":{"type":"Polygon","coordinates":[[[77.413899,28.53331],[77.414222,28.53334],[77.414206,28.533473],[77.413882,28.533445],[77.413899,28.53331]]]},"properties":{"objectid":62524,"plotmapid":"HCD010IND","property_t":"Industrial","used":"PLOT","plotsizesq":450,"plot_size":"450 SQMT","plot_no":"010","sector":"HC","block":"D","mplanduse":"B","ppt_type":"IND","ppt_full":"Industrial","authority":"NOIDA","category":"industrial","execution_stage":"unknown"}},{"type":"Feature","geometry":{"type":"Polygon","coordinates":[[[77.414206,28.533473],[77.414531,28.533501],[77.414514,28.533638],[77.414189,28.533609],[77.414206,28.533473]]]},"properties":{"objectid":62525,"plotmapid":"HCD025IND","property_t":"Industrial","used":"PLOT","plotsizesq":450,"plot_size":"450 SQMT","plot_no":"025","sector":"HC","block":"D","mplanduse":"B","ppt_type":"IND","ppt_full":"Industrial","authority":"NOIDA","category":"industrial","execution_stage":"unknown"}},{"type":"Feature","geometry":{"type":"Polygon","coordinates":[[[77.413882,28.533445],[77.414206,28.533473],[77.414189,28.533609],[77.413866,28.53358],[77.413882,28.533445]]]},"properties":{"objectid":62526,"plotmapid":"HCD011IND","property_t":"Industrial","used":"PLOT","plotsizesq":450,"plot_size":"450 SQMT","plot_no":"011","sector":"HC","block":"D","mplanduse":"B","ppt_type":"IND","ppt_full":"Industrial","authority":"NOIDA","category":"industrial","execution_stage":"unknown"}},{"type":"Feature","geometry":{"type":"Polygon","coordinates":[[[77.414514,28.533638],[77.414497,28.533774],[77.414173,28.533743],[77.414189,28.533609],[77.414514,28.533638]]]},"properties":{"objectid":62527,"plotmapid":"HCD024IND","property_t":"Industrial","used":"PLOT","plotsizesq":450,"plot_size":"450 SQMT","plot_no":"024","sector":"HC","block":"D","mplanduse":"B","ppt_type":"IND","ppt_full":"Industrial","authority":"NOIDA","category":"industrial","execution_stage":"unknown"}},{"type":"Feature","geometry":{"type":"Polygon","coordinates":[[[77.413866,28.53358],[77.414189,28.533609],[77.414173,28.533743],[77.413849,28.533712],[77.413866,28.53358]]]},"properties":{"objectid":62528,"plotmapid":"HCD012IND","property_t":"Industrial","used":"PLOT","plotsizesq":450,"plot_size":"450 SQMT","plot_no":"012","sector":"HC","block":"D","mplanduse":"B","ppt_type":"IND","ppt_full":"Industrial","authority":"NOIDA","category":"industrial","execution_stage":"unknown"}},{"type":"Feature","geometry":{"type":"Polygon","coordinates":[[[77.413419,28.534136],[77.413076,28.534102],[77.413105,28.533873],[77.413513,28.533914],[77.413485,28.534143],[77.413419,28.534136]]]},"properties":{"objectid":62531,"plotmapid":"HCC156IND","property_t":"Industrial","used":"PLOT","plotsizesq":1000,"plot_size":"1000 SQMT","plot_no":"156","sector":"HC","block":"C","mplanduse":"B","ppt_type":"IND","ppt_full":"Industrial","authority":"NOIDA","category":"industrial","execution_stage":"unknown"}},{"type":"Feature","geometry":{"type":"Polygon","coordinates":[[[77.412841,28.532712],[77.413245,28.532752],[77.413217,28.53298],[77.412813,28.53294],[77.412841,28.532712]]]},"properties":{"objectid":62532,"plotmapid":"HCC136IND","property_t":"Industrial","used":"PLOT","plotsizesq":1000,"plot_size":"1000 SQMT","plot_no":"136","sector":"HC","block":"C","mplanduse":"B","ppt_type":"IND","ppt_full":"Industrial","authority":"NOIDA","category":"industrial","execution_stage":"unknown"}},{"type":"Feature","geometry":{"type":"Polygon","coordinates":[[[77.41365,28.53279],[77.413621,28.53302],[77.413217,28.53298],[77.413245,28.532752],[77.41365,28.53279]]]},"properties":{"objectid":62533,"plotmapid":"HCC151IND","property_t":"Industrial","used":"PLOT","plotsizesq":1000,"plot_size":"1000 SQMT","plot_no":"151","sector":"HC","block":"C","mplanduse":"B","ppt_type":"IND","ppt_full":"Industrial","authority":"NOIDA","category":"industrial","execution_stage":"unknown"}},{"type":"Feature","geometry":{"type":"Polygon","coordinates":[[[77.41354,28.533689],[77.413513,28.533914],[77.413105,28.533873],[77.413133,28.533651],[77.41354,28.533689]]]},"properties":{"objectid":62534,"plotmapid":"HCC155IND","property_t":"Industrial","used":"PLOT","plotsizesq":1000,"plot_size":"1000 SQMT","plot_no":"155","sector":"HC","block":"C","mplanduse":"B","ppt_type":"IND","ppt_full":"Industrial","authority":"NOIDA","category":"industrial","execution_stage":"unknown"}},{"type":"Feature","geometry":{"type":"Polygon","coordinates":[[[77.413567,28.533465],[77.41354,28.533689],[77.413133,28.533651],[77.413161,28.533424],[77.413567,28.533465]]]},"properties":{"objectid":62535,"plotmapid":"HCC154IND","property_t":"Industrial","used":"PLOT","plotsizesq":1000,"plot_size":"1000 SQMT","plot_no":"154","sector":"HC","block":"C","mplanduse":"B","ppt_type":"IND","ppt_full":"Industrial","authority":"NOIDA","category":"industrial","execution_stage":"unknown"}},{"type":"Feature","geometry":{"type":"Polygon","coordinates":[[[77.413594,28.533243],[77.413567,28.533465],[77.413161,28.533424],[77.413189,28.533204],[77.413594,28.533243]]]},"properties":{"objectid":62536,"plotmapid":"HCC153IND","property_t":"Industrial","used":"PLOT","plotsizesq":1000,"plot_size":"1000 SQMT","plot_no":"153","sector":"HC","block":"C","mplanduse":"B","ppt_type":"IND","ppt_full":"Industrial","authority":"NOIDA","category":"industrial","execution_stage":"unknown"}},{"type":"Feature","geometry":{"type":"Polygon","coordinates":[[[77.41362,28.53302],[77.413594,28.533243],[77.413189,28.533204],[77.413217,28.53298],[77.41362,28.53302]]]},"properties":{"objectid":62537,"plotmapid":"HCC152IND","property_t":"Industrial","used":"PLOT","plotsizesq":1000,"plot_size":"1000 SQMT","plot_no":"152","sector":"HC","block":"C","mplanduse":"B","ppt_type":"IND","ppt_full":"Industrial","authority":"NOIDA","category":"industrial","execution_stage":"unknown"}},{"type":"Feature","geometry":{"type":"Polygon","coordinates":[[[77.413677,28.532565],[77.41365,28.53279],[77.413245,28.532752],[77.413273,28.532528],[77.413677,28.532565]]]},"properties":{"objectid":62538,"plotmapid":"HCC150IND","property_t":"Industrial","used":"PLOT","plotsizesq":1000,"plot_size":"1000 SQMT","plot_no":"150","sector":"HC","block":"C","mplanduse":"B","ppt_type":"IND","ppt_full":"Industrial","authority":"NOIDA","category":"industrial","execution_stage":"unknown"}},{"type":"Feature","geometry":{"type":"Polygon","coordinates":[[[77.413301,28.532304],[77.413705,28.53234],[77.413677,28.532565],[77.413273,28.532528],[77.413301,28.532304]]]},"properties":{"objectid":62539,"plotmapid":"HCC149IND","property_t":"Industrial","used":"PLOT","plotsizesq":1000,"plot_size":"1000 SQMT","plot_no":"149","sector":"HC","block":"C","mplanduse":"B","ppt_type":"IND","ppt_full":"Industrial","authority":"NOIDA","category":"industrial","execution_stage":"unknown"}},{"type":"Feature","geometry":{"type":"Polygon","coordinates":[[[77.41333,28.532078],[77.413733,28.532116],[77.413705,28.53234],[77.413301,28.532304],[77.41333,28.532078]]]},"properties":{"objectid":62540,"plotmapid":"HCC148IND","property_t":"Industrial","used":"PLOT","plotsizesq":1000,"plot_size":"1000 SQMT","plot_no":"148","sector":"HC","block":"C","mplanduse":"B","ppt_type":"IND","ppt_full":"Industrial","authority":"NOIDA","category":"industrial","execution_stage":"unknown"}},{"type":"Feature","geometry":{"type":"Polygon","coordinates":[[[77.413788,28.531672],[77.413733,28.532116],[77.41333,28.532078],[77.413386,28.531632],[77.413788,28.531672]]]},"properties":{"objectid":62541,"plotmapid":"HCC146147IND","property_t":"Industrial","used":"PLOT","plotsizesq":1000,"plot_size":"1000 SQMT","plot_no":"146147","sector":"HC","block":"C","mplanduse":"B","ppt_type":"IND","ppt_full":"Industrial","authority":"NOIDA","category":"industrial","execution_stage":"unknown"}},{"type":"Feature","geometry":{"type":"Polygon","coordinates":[[[77.413816,28.531448],[77.41379,28.531672],[77.413386,28.531632],[77.413414,28.531408],[77.413816,28.531448]]]},"properties":{"objectid":62542,"plotmapid":"HCC145IND","property_t":"Industrial","used":"PLOT","plotsizesq":1000,"plot_size":"1000 SQMT","plot_no":"145","sector":"HC","block":"C","mplanduse":"B","ppt_type":"IND","ppt_full":"Industrial","authority":"NOIDA","category":"industrial","execution_stage":"unknown"}},{"type":"Feature","geometry":{"type":"Polygon","coordinates":[[[77.413786,28.531127],[77.413858,28.531134],[77.413818,28.531448],[77.413414,28.531408],[77.413453,28.531095],[77.413786,28.531127]]]},"properties":{"objectid":62543,"plotmapid":"HCC144IND","property_t":"Industrial","used":"PLOT","plotsizesq":1000,"plot_size":"1000 SQMT","plot_no":"144","sector":"HC","block":"C","mplanduse":"B","ppt_type":"IND","ppt_full":"Industrial","authority":"NOIDA","category":"industrial","execution_stage":"unknown"}},{"type":"Feature","geometry":{"type":"Polygon","coordinates":[[[77.412703,28.533832],[77.413105,28.533873],[77.413076,28.534102],[77.412675,28.534061],[77.412703,28.533832]]]},"properties":{"objectid":62544,"plotmapid":"HCC131IND","property_t":"Industrial","used":"PLOT","plotsizesq":1000,"plot_size":"1000 SQMT","plot_no":"131","sector":"HC","block":"C","mplanduse":"B","ppt_type":"IND","ppt_full":"Industrial","authority":"NOIDA","category":"industrial","execution_stage":"unknown"}},{"type":"Feature","geometry":{"type":"Polygon","coordinates":[[[77.41273,28.533613],[77.413133,28.533651],[77.413105,28.533873],[77.412703,28.533832],[77.41273,28.533613]]]},"properties":{"objectid":62545,"plotmapid":"HCC132IND","property_t":"Industrial","used":"PLOT","plotsizesq":1000,"plot_size":"1000 SQMT","plot_no":"132","sector":"HC","block":"C","mplanduse":"B","ppt_type":"IND","ppt_full":"Industrial","authority":"NOIDA","category":"industrial","execution_stage":"unknown"}},{"type":"Feature","geometry":{"type":"Polygon","coordinates":[[[77.412758,28.533384],[77.413161,28.533424],[77.413133,28.533651],[77.41273,28.533613],[77.412758,28.533384]]]},"properties":{"objectid":62546,"plotmapid":"HCC133IND","property_t":"Industrial","used":"PLOT","plotsizesq":1000,"plot_size":"1000 SQMT","plot_no":"133","sector":"HC","block":"C","mplanduse":"B","ppt_type":"IND","ppt_full":"Industrial","authority":"NOIDA","category":"industrial","execution_stage":"unknown"}},{"type":"Feature","geometry":{"type":"Polygon","coordinates":[[[77.413189,28.533204],[77.413161,28.533424],[77.412758,28.533384],[77.412786,28.533164],[77.413189,28.533204]]]},"properties":{"objectid":62547,"plotmapid":"HCC134IND","property_t":"Industrial","used":"PLOT","plotsizesq":1000,"plot_size":"1000 SQMT","plot_no":"134","sector":"HC","block":"C","mplanduse":"B","ppt_type":"IND","ppt_full":"Industrial","authority":"NOIDA","category":"industrial","execution_stage":"unknown"}},{"type":"Feature","geometry":{"type":"Polygon","coordinates":[[[77.413212,28.53298],[77.413189,28.533204],[77.412786,28.533164],[77.412813,28.53294],[77.413212,28.53298]]]},"properties":{"objectid":62548,"plotmapid":"HCC135IND","property_t":"Industrial","used":"PLOT","plotsizesq":1000,"plot_size":"1000 SQMT","plot_no":"135","sector":"HC","block":"C","mplanduse":"B","ppt_type":"IND","ppt_full":"Industrial","authority":"NOIDA","category":"industrial","execution_stage":"unknown"}},{"type":"Feature","geometry":{"type":"Polygon","coordinates":[[[77.412869,28.532487],[77.413273,28.532528],[77.413245,28.532752],[77.412841,28.532712],[77.412869,28.532487]]]},"properties":{"objectid":62549,"plotmapid":"HCC137IND","property_t":"Industrial","used":"PLOT","plotsizesq":1000,"plot_size":"1000 SQMT","plot_no":"137","sector":"HC","block":"C","mplanduse":"B","ppt_type":"IND","ppt_full":"Industrial","authority":"NOIDA","category":"industrial","execution_stage":"unknown"}},{"type":"Feature","geometry":{"type":"Polygon","coordinates":[[[77.412896,28.532263],[77.413301,28.532304],[77.413273,28.532528],[77.412869,28.532487],[77.412896,28.532263]]]},"properties":{"objectid":62550,"plotmapid":"HCC138IND","property_t":"Industrial","used":"PLOT","plotsizesq":1000,"plot_size":"1000 SQMT","plot_no":"138","sector":"HC","block":"C","mplanduse":"B","ppt_type":"IND","ppt_full":"Industrial","authority":"NOIDA","category":"industrial","execution_stage":"unknown"}},{"type":"Feature","geometry":{"type":"Polygon","coordinates":[[[77.412924,28.532039],[77.41333,28.532078],[77.413301,28.532304],[77.412896,28.532263],[77.412924,28.532039]]]},"properties":{"objectid":62551,"plotmapid":"HCC139IND","property_t":"Industrial","used":"PLOT","plotsizesq":1000,"plot_size":"1000 SQMT","plot_no":"139","sector":"HC","block":"C","mplanduse":"B","ppt_type":"IND","ppt_full":"Industrial","authority":"NOIDA","category":"industrial","execution_stage":"unknown"}},{"type":"Feature","geometry":{"type":"Polygon","coordinates":[[[77.41338,28.531631],[77.41333,28.532078],[77.412924,28.532039],[77.412979,28.531591],[77.41338,28.531631]]]},"properties":{"objectid":62552,"plotmapid":"HCC140&141IND","property_t":"Industrial","used":"PLOT","plotsizesq":1000,"plot_size":"1000 SQMT","plot_no":"140&141","sector":"HC","block":"C","mplanduse":"B","ppt_type":"IND","ppt_full":"Industrial","authority":"NOIDA","category":"industrial","execution_stage":"unknown"}},{"type":"Feature","geometry":{"type":"Polygon","coordinates":[[[77.413007,28.531367],[77.413414,28.531408],[77.413386,28.531632],[77.412979,28.531591],[77.413007,28.531367]]]},"properties":{"objectid":62553,"plotmapid":"HCC142IND","property_t":"Industrial","used":"PLOT","plotsizesq":1000,"plot_size":"1000 SQMT","plot_no":"142","sector":"HC","block":"C","mplanduse":"B","ppt_type":"IND","ppt_full":"Industrial","authority":"NOIDA","category":"industrial","execution_stage":"unknown"}},{"type":"Feature","geometry":{"type":"Polygon","coordinates":[[[77.413453,28.531095],[77.413414,28.531408],[77.413007,28.531367],[77.413045,28.531056],[77.413453,28.531095]]]},"properties":{"objectid":62554,"plotmapid":"HCC143IND","property_t":"Industrial","used":"PLOT","plotsizesq":1000,"plot_size":"1000 SQMT","plot_no":"143","sector":"HC","block":"C","mplanduse":"B","ppt_type":"IND","ppt_full":"Industrial","authority":"NOIDA","category":"industrial","execution_stage":"unknown"}},{"type":"Feature","geometry":{"type":"Polygon","coordinates":[[[77.412209,28.533705],[77.412176,28.534009],[77.412022,28.533994],[77.412061,28.53369],[77.412209,28.533705]]]},"properties":{"objectid":62556,"plotmapid":"HCC158IND","property_t":"Industrial","used":"PLOT","plotsizesq":510,"plot_size":"510 SQMT","plot_no":"158","sector":"HC","block":"C","mplanduse":"B","ppt_type":"IND","ppt_full":"Industrial","authority":"NOIDA","category":"industrial","execution_stage":"unknown"}},{"type":"Feature","geometry":{"type":"Polygon","coordinates":[[[77.412247,28.533401],[77.412213,28.533705],[77.412061,28.53369],[77.412101,28.533386],[77.412247,28.533401]]]},"properties":{"objectid":62557,"plotmapid":"HCC169IND","property_t":"Industrial","used":"PLOT","plotsizesq":510,"plot_size":"510 SQMT","plot_no":"169","sector":"HC","block":"C","mplanduse":"B","ppt_type":"IND","ppt_full":"Industrial","authority":"NOIDA","category":"industrial","execution_stage":"unknown"}},{"type":"Feature","geometry":{"type":"Polygon","coordinates":[[[77.412523,28.533737],[77.412485,28.534039],[77.412328,28.534024],[77.412365,28.533721],[77.412523,28.533737]]]},"properties":{"objectid":62558,"plotmapid":"HCC157IND","property_t":"Industrial","used":"PLOT","plotsizesq":510,"plot_size":"510 SQMT","plot_no":"157","sector":"HC","block":"C","mplanduse":"B","ppt_type":"IND","ppt_full":"Industrial","authority":"NOIDA","category":"industrial","execution_stage":"unknown"}},{"type":"Feature","geometry":{"type":"Polygon","coordinates":[[[77.412561,28.533431],[77.412523,28.533737],[77.412365,28.533721],[77.412404,28.533416],[77.412561,28.533431]]]},"properties":{"objectid":62559,"plotmapid":"HCC170IND","property_t":"Industrial","used":"PLOT","plotsizesq":510,"plot_size":"510 SQMT","plot_no":"170","sector":"HC","block":"C","mplanduse":"B","ppt_type":"IND","ppt_full":"Industrial","authority":"NOIDA","category":"industrial","execution_stage":"unknown"}},{"type":"Feature","geometry":{"type":"Polygon","coordinates":[[[77.412399,28.533415],[77.412365,28.533721],[77.412213,28.533705],[77.41225,28.533401],[77.412399,28.533415]]]},"properties":{"objectid":62560,"plotmapid":"HCC170AIND","property_t":"Industrial","used":"PLOT","plotsizesq":510,"plot_size":"510 SQMT","plot_no":"170A","sector":"HC","block":"C","mplanduse":"B","ppt_type":"IND","ppt_full":"Industrial","authority":"NOIDA","category":"industrial","execution_stage":"unknown"}},{"type":"Feature","geometry":{"type":"Polygon","coordinates":[[[77.412057,28.53369],[77.412022,28.533994],[77.41187,28.533979],[77.411908,28.533675],[77.412057,28.53369]]]},"properties":{"objectid":62561,"plotmapid":"HCC159IND","property_t":"Industrial","used":"PLOT","plotsizesq":510,"plot_size":"510 SQMT","plot_no":"159","sector":"HC","block":"C","mplanduse":"B","ppt_type":"IND","ppt_full":"Industrial","authority":"NOIDA","category":"industrial","execution_stage":"unknown"}},{"type":"Feature","geometry":{"type":"Polygon","coordinates":[[[77.411906,28.533675],[77.41187,28.533979],[77.411716,28.533964],[77.411754,28.533661],[77.411906,28.533675]]]},"properties":{"objectid":62562,"plotmapid":"HCC160IND","property_t":"Industrial","used":"PLOT","plotsizesq":510,"plot_size":"510 SQMT","plot_no":"160","sector":"HC","block":"C","mplanduse":"B","ppt_type":"IND","ppt_full":"Industrial","authority":"NOIDA","category":"industrial","execution_stage":"unknown"}},{"type":"Feature","geometry":{"type":"Polygon","coordinates":[[[77.412095,28.533386],[77.412061,28.53369],[77.411908,28.533675],[77.411946,28.533371],[77.412095,28.533386]]]},"properties":{"objectid":62563,"plotmapid":"HCC168IND","property_t":"Industrial","used":"PLOT","plotsizesq":510,"plot_size":"510 SQMT","plot_no":"168","sector":"HC","block":"C","mplanduse":"B","ppt_type":"IND","ppt_full":"Industrial","authority":"NOIDA","category":"industrial","execution_stage":"unknown"}},{"type":"Feature","geometry":{"type":"Polygon","coordinates":[[[77.411754,28.53366],[77.411716,28.533964],[77.411564,28.53395],[77.411602,28.533646],[77.411754,28.53366]]]},"properties":{"objectid":62564,"plotmapid":"HCC161IND","property_t":"Industrial","used":"PLOT","plotsizesq":510,"plot_size":"510 SQMT","plot_no":"161","sector":"HC","block":"C","mplanduse":"B","ppt_type":"IND","ppt_full":"Industrial","authority":"NOIDA","category":"industrial","execution_stage":"unknown"}},{"type":"Feature","geometry":{"type":"Polygon","coordinates":[[[77.411943,28.533371],[77.411908,28.533675],[77.411754,28.533661],[77.411793,28.533357],[77.411943,28.533371]]]},"properties":{"objectid":62565,"plotmapid":"HCC167IND","property_t":"Industrial","used":"PLOT","plotsizesq":510,"plot_size":"510 SQMT","plot_no":"167","sector":"HC","block":"C","mplanduse":"B","ppt_type":"IND","ppt_full":"Industrial","authority":"NOIDA","category":"industrial","execution_stage":"unknown"}},{"type":"Feature","geometry":{"type":"Polygon","coordinates":[[[77.411412,28.533935],[77.41145,28.533631],[77.411602,28.533646],[77.411564,28.53395],[77.411412,28.533935]]]},"properties":{"objectid":62566,"plotmapid":"HCC162IND","property_t":"Industrial","used":"PLOT","plotsizesq":510,"plot_size":"510 SQMT","plot_no":"162","sector":"HC","block":"C","mplanduse":"B","ppt_type":"IND","ppt_full":"Industrial","authority":"NOIDA","category":"industrial","execution_stage":"unknown"}},{"type":"Feature","geometry":{"type":"Polygon","coordinates":[[[77.411791,28.533356],[77.411754,28.533661],[77.411602,28.533646],[77.411639,28.533342],[77.411791,28.533356]]]},"properties":{"objectid":62567,"plotmapid":"HCC166IND","property_t":"Industrial","used":"PLOT","plotsizesq":510,"plot_size":"510 SQMT","plot_no":"166","sector":"HC","block":"C","mplanduse":"B","ppt_type":"IND","ppt_full":"Industrial","authority":"NOIDA","category":"industrial","execution_stage":"unknown"}},{"type":"Feature","geometry":{"type":"Polygon","coordinates":[[[77.41126,28.53392],[77.411298,28.533616],[77.41145,28.533631],[77.411412,28.533935],[77.41126,28.53392]]]},"properties":{"objectid":62568,"plotmapid":"HCC163IND","property_t":"Industrial","used":"PLOT","plotsizesq":510,"plot_size":"510 SQMT","plot_no":"163","sector":"HC","block":"C","mplanduse":"B","ppt_type":"IND","ppt_full":"Industrial","authority":"NOIDA","category":"industrial","execution_stage":"unknown"}},{"type":"Feature","geometry":{"type":"Polygon","coordinates":[[[77.41145,28.533631],[77.411488,28.533327],[77.411639,28.533342],[77.411602,28.533646],[77.41145,28.533631]]]},"properties":{"objectid":62569,"plotmapid":"HCC165IND","property_t":"Industrial","used":"PLOT","plotsizesq":510,"plot_size":"510 SQMT","plot_no":"165","sector":"HC","block":"C","mplanduse":"B","ppt_type":"IND","ppt_full":"Industrial","authority":"NOIDA","category":"industrial","execution_stage":"unknown"}},{"type":"Feature","geometry":{"type":"Polygon","coordinates":[[[77.412365,28.533721],[77.412328,28.534024],[77.412176,28.534009],[77.412213,28.533705],[77.412365,28.533721]]]},"properties":{"objectid":62570,"plotmapid":"HCC157AIND","property_t":"Industrial","used":"PLOT","plotsizesq":510,"plot_size":"510 SQMT","plot_no":"157A","sector":"HC","block":"C","mplanduse":"B","ppt_type":"IND","ppt_full":"Industrial","authority":"NOIDA","category":"industrial","execution_stage":"unknown"}},{"type":"Feature","geometry":{"type":"Polygon","coordinates":[[[77.411339,28.533313],[77.411488,28.533327],[77.41145,28.533631],[77.411298,28.533616],[77.411339,28.533313]]]},"properties":{"objectid":62571,"plotmapid":"HCC164IND","property_t":"Industrial","used":"PLOT","plotsizesq":510,"plot_size":"510 SQMT","plot_no":"164","sector":"HC","block":"C","mplanduse":"B","ppt_type":"IND","ppt_full":"Industrial","authority":"NOIDA","category":"industrial","execution_stage":"unknown"}},{"type":"Feature","geometry":{"type":"Polygon","coordinates":[[[77.413459,28.534365],[77.413421,28.534658],[77.413164,28.534633],[77.413206,28.534269],[77.413422,28.53429],[77.413459,28.534365]]]},"properties":{"objectid":62572,"plotmapid":"HCC115IND","property_t":"Industrial","used":"PLOT","plotsizesq":1000,"plot_size":"1000 SQMT","plot_no":"115","sector":"HC","block":"C","mplanduse":"B","ppt_type":"IND","ppt_full":"Industrial","authority":"NOIDA","category":"industrial","execution_stage":"unknown"}},{"type":"Feature","geometry":{"type":"Polygon","coordinates":[[[77.413383,28.534957],[77.413316,28.535009],[77.413123,28.534991],[77.413164,28.534633],[77.413421,28.534658],[77.413383,28.534957]]]},"properties":{"objectid":62573,"plotmapid":"HCC130IND","property_t":"Industrial","used":"PLOT","plotsizesq":1000,"plot_size":"1000 SQMT","plot_no":"130","sector":"HC","block":"C","mplanduse":"B","ppt_type":"IND","ppt_full":"Industrial","authority":"NOIDA","category":"industrial","execution_stage":"unknown"}},{"type":"Feature","geometry":{"type":"Polygon","coordinates":[[[77.412513,28.534205],[77.412763,28.534228],[77.412723,28.53459],[77.412218,28.534541],[77.412258,28.534181],[77.412513,28.534205]]]},"properties":{"objectid":62574,"plotmapid":"HCC117118IND","property_t":"Industrial","used":"PLOT","plotsizesq":1000,"plot_size":"1000 SQMT","plot_no":"117118","sector":"HC","block":"C","mplanduse":"B","ppt_type":"IND","ppt_full":"Industrial","authority":"NOIDA","category":"industrial","execution_stage":"unknown"}},{"type":"Feature","geometry":{"type":"Polygon","coordinates":[[[77.412723,28.53459],[77.412684,28.534948],[77.412427,28.534923],[77.41247,28.534565],[77.412723,28.53459]]]},"properties":{"objectid":62575,"plotmapid":"HCC128IND","property_t":"Industrial","used":"PLOT","plotsizesq":1000,"plot_size":"1000 SQMT","plot_no":"128","sector":"HC","block":"C","mplanduse":"B","ppt_type":"IND","ppt_full":"Industrial","authority":"NOIDA","category":"industrial","execution_stage":"unknown"}},{"type":"Feature","geometry":{"type":"Polygon","coordinates":[[[77.413206,28.534269],[77.413164,28.534633],[77.412976,28.534614],[77.41302,28.534252],[77.413206,28.534269]]]},"properties":{"objectid":62576,"plotmapid":"HCC115AIND","property_t":"Industrial","used":"PLOT","plotsizesq":1000,"plot_size":"100 SQMT","plot_no":"115A","sector":"HC","block":"C","mplanduse":"B","ppt_type":"IND","ppt_full":"Industrial","authority":"NOIDA","category":"industrial","execution_stage":"unknown"}},{"type":"Feature","geometry":{"type":"Polygon","coordinates":[[[77.413164,28.534633],[77.413123,28.534991],[77.412934,28.534972],[77.412976,28.534614],[77.413164,28.534633]]]},"properties":{"objectid":62577,"plotmapid":"HCC130/AIND","property_t":"Industrial","used":"PLOT","plotsizesq":1000,"plot_size":"100 SQMT","plot_no":"130/A","sector":"HC","block":"C","mplanduse":"B","ppt_type":"IND","ppt_full":"Industrial","authority":"NOIDA","category":"industrial","execution_stage":"unknown"}},{"type":"Feature","geometry":{"type":"Polygon","coordinates":[[[77.41302,28.534252],[77.412976,28.534614],[77.412723,28.53459],[77.412763,28.534228],[77.41302,28.534252]]]},"properties":{"objectid":62578,"plotmapid":"HCC116IND","property_t":"Industrial","used":"PLOT","plotsizesq":1000,"plot_size":"1000 SQMT","plot_no":"116","sector":"HC","block":"C","mplanduse":"B","ppt_type":"IND","ppt_full":"Industrial","authority":"NOIDA","category":"industrial","execution_stage":"unknown"}},{"type":"Feature","geometry":{"type":"Polygon","coordinates":[[[77.412976,28.534614],[77.412934,28.534972],[77.412684,28.534948],[77.412723,28.53459],[77.412976,28.534614]]]},"properties":{"objectid":62579,"plotmapid":"HCC129IND","property_t":"Industrial","used":"PLOT","plotsizesq":1000,"plot_size":"1000 SQMT","plot_no":"129","sector":"HC","block":"C","mplanduse":"B","ppt_type":"IND","ppt_full":"Industrial","authority":"NOIDA","category":"industrial","execution_stage":"unknown"}},{"type":"Feature","geometry":{"type":"Polygon","coordinates":[[[77.412218,28.534541],[77.41247,28.534565],[77.412427,28.534923],[77.412171,28.534898],[77.412218,28.534541]]]},"properties":{"objectid":62580,"plotmapid":"HCC127IND","property_t":"Industrial","used":"PLOT","plotsizesq":1000,"plot_size":"1000 SQMT","plot_no":"127","sector":"HC","block":"C","mplanduse":"B","ppt_type":"IND","ppt_full":"Industrial","authority":"NOIDA","category":"industrial","execution_stage":"unknown"}},{"type":"Feature","geometry":{"type":"Polygon","coordinates":[[[77.412258,28.534181],[77.412218,28.534541],[77.411958,28.534516],[77.411998,28.534157],[77.412258,28.534181]]]},"properties":{"objectid":62581,"plotmapid":"HCC119IND","property_t":"Industrial","used":"PLOT","plotsizesq":1000,"plot_size":"1000 SQMT","plot_no":"119","sector":"HC","block":"C","mplanduse":"B","ppt_type":"IND","ppt_full":"Industrial","authority":"NOIDA","category":"industrial","execution_stage":"unknown"}},{"type":"Feature","geometry":{"type":"Polygon","coordinates":[[[77.412214,28.534541],[77.412171,28.534898],[77.411918,28.534874],[77.411958,28.534516],[77.412214,28.534541]]]},"properties":{"objectid":62582,"plotmapid":"HCC126IND","property_t":"Industrial","used":"PLOT","plotsizesq":1000,"plot_size":"1000 SQMT","plot_no":"126","sector":"HC","block":"C","mplanduse":"B","ppt_type":"IND","ppt_full":"Industrial","authority":"NOIDA","category":"industrial","execution_stage":"unknown"}},{"type":"Feature","geometry":{"type":"Polygon","coordinates":[[[77.411998,28.534157],[77.411958,28.534516],[77.411709,28.534492],[77.411749,28.534134],[77.411998,28.534157]]]},"properties":{"objectid":62583,"plotmapid":"HCC120IND","property_t":"Industrial","used":"PLOT","plotsizesq":1000,"plot_size":"1000 SQMT","plot_no":"120","sector":"HC","block":"C","mplanduse":"B","ppt_type":"IND","ppt_full":"Industrial","authority":"NOIDA","category":"industrial","execution_stage":"unknown"}},{"type":"Feature","geometry":{"type":"Polygon","coordinates":[[[77.411958,28.534516],[77.411918,28.534874],[77.41167,28.53485],[77.411709,28.534492],[77.411958,28.534516]]]},"properties":{"objectid":62584,"plotmapid":"HCC125IND","property_t":"Industrial","used":"PLOT","plotsizesq":1000,"plot_size":"1000 SQMT","plot_no":"125","sector":"HC","block":"C","mplanduse":"B","ppt_type":"IND","ppt_full":"Industrial","authority":"NOIDA","category":"industrial","execution_stage":"unknown"}},{"type":"Feature","geometry":{"type":"Polygon","coordinates":[[[77.411749,28.534134],[77.411709,28.534492],[77.411455,28.534467],[77.411495,28.53411],[77.411749,28.534134]]]},"properties":{"objectid":62585,"plotmapid":"HCC121IND","property_t":"Industrial","used":"PLOT","plotsizesq":1000,"plot_size":"1000 SQMT","plot_no":"121","sector":"HC","block":"C","mplanduse":"B","ppt_type":"IND","ppt_full":"Industrial","authority":"NOIDA","category":"industrial","execution_stage":"unknown"}},{"type":"Feature","geometry":{"type":"Polygon","coordinates":[[[77.411709,28.534492],[77.41167,28.53485],[77.411415,28.534825],[77.411455,28.534467],[77.411709,28.534492]]]},"properties":{"objectid":62586,"plotmapid":"HCC124IND","property_t":"Industrial","used":"PLOT","plotsizesq":1000,"plot_size":"1000 SQMT","plot_no":"124","sector":"HC","block":"C","mplanduse":"B","ppt_type":"IND","ppt_full":"Industrial","authority":"NOIDA","category":"industrial","execution_stage":"unknown"}},{"type":"Feature","geometry":{"type":"Polygon","coordinates":[[[77.411243,28.534087],[77.411495,28.53411],[77.411455,28.534467],[77.411204,28.534443],[77.411243,28.534087]]]},"properties":{"objectid":62587,"plotmapid":"HCC122IND","property_t":"Industrial","used":"PLOT","plotsizesq":1000,"plot_size":"1000 SQMT","plot_no":"122","sector":"HC","block":"C","mplanduse":"B","ppt_type":"IND","ppt_full":"Industrial","authority":"NOIDA","category":"industrial","execution_stage":"unknown"}},{"type":"Feature","geometry":{"type":"Polygon","coordinates":[[[77.411204,28.534443],[77.411455,28.534467],[77.411415,28.534825],[77.411164,28.534801],[77.411204,28.534443]]]},"properties":{"objectid":62588,"plotmapid":"HCC123IND","property_t":"Industrial","used":"PLOT","plotsizesq":1000,"plot_size":"1000 SQMT","plot_no":"123","sector":"HC","block":"C","mplanduse":"B","ppt_type":"IND","ppt_full":"Industrial","authority":"NOIDA","category":"industrial","execution_stage":"unknown"}},{"type":"Feature","geometry":{"type":"Polygon","coordinates":[[[77.412087,28.530974],[77.412046,28.531334],[77.411846,28.531313],[77.411889,28.530955],[77.412087,28.530974]]]},"properties":{"objectid":62589,"plotmapid":"HCC092IND","property_t":"Industrial","used":"PLOT","plotsizesq":1000,"plot_size":"1000 SQMT","plot_no":"092","sector":"HC","block":"C","mplanduse":"B","ppt_type":"IND","ppt_full":"Industrial","authority":"NOIDA","category":"industrial","execution_stage":"unknown"}},{"type":"Feature","geometry":{"type":"Polygon","coordinates":[[[77.411902,28.531319],[77.412046,28.531334],[77.412004,28.531691],[77.411803,28.53167],[77.411846,28.531313],[77.411902,28.531319]]]},"properties":{"objectid":62590,"plotmapid":"HCC097IND","property_t":"Industrial","used":"PLOT","plotsizesq":1000,"plot_size":"1000 SQMT","plot_no":"097","sector":"HC","block":"C","mplanduse":"B","ppt_type":"IND","ppt_full":"Industrial","authority":"NOIDA","category":"industrial","execution_stage":"unknown"}},{"type":"Feature","geometry":{"type":"Polygon","coordinates":[[[77.41164,28.53093],[77.411889,28.530955],[77.411846,28.531313],[77.411593,28.531287],[77.41164,28.53093]]]},"properties":{"objectid":62591,"plotmapid":"HCC091IND","property_t":"Industrial","used":"PLOT","plotsizesq":1000,"plot_size":"1000 SQMT","plot_no":"091","sector":"HC","block":"C","mplanduse":"B","ppt_type":"IND","ppt_full":"Industrial","authority":"NOIDA","category":"industrial","execution_stage":"unknown"}},{"type":"Feature","geometry":{"type":"Polygon","coordinates":[[[77.411846,28.531313],[77.411803,28.53167],[77.411544,28.531643],[77.411591,28.531287],[77.411846,28.531313]]]},"properties":{"objectid":62592,"plotmapid":"HCC098IND","property_t":"Industrial","used":"PLOT","plotsizesq":1000,"plot_size":"1000 SQMT","plot_no":"098","sector":"HC","block":"C","mplanduse":"B","ppt_type":"IND","ppt_full":"Industrial","authority":"NOIDA","category":"industrial","execution_stage":"unknown"}},{"type":"Feature","geometry":{"type":"Polygon","coordinates":[[[77.412402,28.532196],[77.412368,28.5325],[77.412214,28.532485],[77.412251,28.532181],[77.412402,28.532196]]]},"properties":{"objectid":62593,"plotmapid":"HCC172IND","property_t":"Industrial","used":"PLOT","plotsizesq":450,"plot_size":"450 SQMT","plot_no":"172","sector":"HC","block":"C","mplanduse":"B","ppt_type":"IND","ppt_full":"Industrial","authority":"NOIDA","category":"industrial","execution_stage":"unknown"}},{"type":"Feature","geometry":{"type":"Polygon","coordinates":[[[77.412438,28.531892],[77.412406,28.532196],[77.412251,28.532181],[77.412289,28.531878],[77.412438,28.531892]]]},"properties":{"objectid":62594,"plotmapid":"HCC183IND","property_t":"Industrial","used":"PLOT","plotsizesq":450,"plot_size":"450 SQMT","plot_no":"183","sector":"HC","block":"C","mplanduse":"B","ppt_type":"IND","ppt_full":"Industrial","authority":"NOIDA","category":"industrial","execution_stage":"unknown"}},{"type":"Feature","geometry":{"type":"Polygon","coordinates":[[[77.412744,28.531921],[77.412709,28.532225],[77.412557,28.532211],[77.412595,28.531907],[77.412744,28.531921]]]},"properties":{"objectid":62595,"plotmapid":"HCC184IND","property_t":"Industrial","used":"PLOT","plotsizesq":450,"plot_size":"450 SQMT","plot_no":"184","sector":"HC","block":"C","mplanduse":"B","ppt_type":"IND","ppt_full":"Industrial","authority":"NOIDA","category":"industrial","execution_stage":"unknown"}},{"type":"Feature","geometry":{"type":"Polygon","coordinates":[[[77.412709,28.532225],[77.412674,28.532529],[77.412519,28.532514],[77.412557,28.532211],[77.412709,28.532225]]]},"properties":{"objectid":62596,"plotmapid":"HCC171IND","property_t":"Industrial","used":"PLOT","plotsizesq":450,"plot_size":"450 SQMT","plot_no":"171","sector":"HC","block":"C","mplanduse":"B","ppt_type":"IND","ppt_full":"Industrial","authority":"NOIDA","category":"industrial","execution_stage":"unknown"}},{"type":"Feature","geometry":{"type":"Polygon","coordinates":[[[77.412554,28.53221],[77.412519,28.532514],[77.412368,28.5325],[77.412406,28.532196],[77.412554,28.53221]]]},"properties":{"objectid":62597,"plotmapid":"HCC171AIND","property_t":"Industrial","used":"PLOT","plotsizesq":450,"plot_size":"450 SQMT","plot_no":"171A","sector":"HC","block":"C","mplanduse":"B","ppt_type":"IND","ppt_full":"Industrial","authority":"NOIDA","category":"industrial","execution_stage":"unknown"}},{"type":"Feature","geometry":{"type":"Polygon","coordinates":[[[77.41259,28.531907],[77.412557,28.532211],[77.412406,28.532196],[77.412443,28.531893],[77.41259,28.531907]]]},"properties":{"objectid":62598,"plotmapid":"HCC184AIND","property_t":"Industrial","used":"PLOT","plotsizesq":450,"plot_size":"450 SQMT","plot_no":"184A","sector":"HC","block":"C","mplanduse":"B","ppt_type":"IND","ppt_full":"Industrial","authority":"NOIDA","category":"industrial","execution_stage":"unknown"}},{"type":"Feature","geometry":{"type":"Polygon","coordinates":[[[77.41225,28.532181],[77.412214,28.532485],[77.412062,28.53247],[77.412098,28.532167],[77.41225,28.532181]]]},"properties":{"objectid":62599,"plotmapid":"HCC173IND","property_t":"Industrial","used":"PLOT","plotsizesq":450,"plot_size":"450 SQMT","plot_no":"173","sector":"HC","block":"C","mplanduse":"B","ppt_type":"IND","ppt_full":"Industrial","authority":"NOIDA","category":"industrial","execution_stage":"unknown"}},{"type":"Feature","geometry":{"type":"Polygon","coordinates":[[[77.412286,28.531878],[77.412251,28.532181],[77.412098,28.532167],[77.412134,28.531863],[77.412286,28.531878]]]},"properties":{"objectid":62600,"plotmapid":"HCC182IND","property_t":"Industrial","used":"PLOT","plotsizesq":450,"plot_size":"450 SQMT","plot_no":"182","sector":"HC","block":"C","mplanduse":"B","ppt_type":"IND","ppt_full":"Industrial","authority":"NOIDA","category":"industrial","execution_stage":"unknown"}},{"type":"Feature","geometry":{"type":"Polygon","coordinates":[[[77.41195,28.532153],[77.412098,28.532167],[77.412062,28.53247],[77.411911,28.532456],[77.41195,28.532153]]]},"properties":{"objectid":62601,"plotmapid":"HCC174IND","property_t":"Industrial","used":"PLOT","plotsizesq":450,"plot_size":"450 SQMT","plot_no":"174","sector":"HC","block":"C","mplanduse":"B","ppt_type":"IND","ppt_full":"Industrial","authority":"NOIDA","category":"industrial","execution_stage":"unknown"}},{"type":"Feature","geometry":{"type":"Polygon","coordinates":[[[77.411986,28.531849],[77.412134,28.531863],[77.412098,28.532167],[77.41195,28.532153],[77.411986,28.531849]]]},"properties":{"objectid":62602,"plotmapid":"HCC181IND","property_t":"Industrial","used":"PLOT","plotsizesq":450,"plot_size":"450 SQMT","plot_no":"181","sector":"HC","block":"C","mplanduse":"B","ppt_type":"IND","ppt_full":"Industrial","authority":"NOIDA","category":"industrial","execution_stage":"unknown"}},{"type":"Feature","geometry":{"type":"Polygon","coordinates":[[[77.411795,28.532138],[77.41195,28.532153],[77.411911,28.532456],[77.411759,28.532442],[77.411795,28.532138]]]},"properties":{"objectid":62603,"plotmapid":"HCC175IND","property_t":"Industrial","used":"PLOT","plotsizesq":450,"plot_size":"450 SQMT","plot_no":"175","sector":"HC","block":"C","mplanduse":"B","ppt_type":"IND","ppt_full":"Industrial","authority":"NOIDA","category":"industrial","execution_stage":"unknown"}},{"type":"Feature","geometry":{"type":"Polygon","coordinates":[[[77.411832,28.531834],[77.411986,28.531849],[77.41195,28.532153],[77.411795,28.532138],[77.411832,28.531834]]]},"properties":{"objectid":62604,"plotmapid":"HCC180IND","property_t":"Industrial","used":"PLOT","plotsizesq":450,"plot_size":"450 SQMT","plot_no":"180","sector":"HC","block":"C","mplanduse":"B","ppt_type":"IND","ppt_full":"Industrial","authority":"NOIDA","category":"industrial","execution_stage":"unknown"}},{"type":"Feature","geometry":{"type":"Polygon","coordinates":[[[77.411831,28.531834],[77.411795,28.532138],[77.411642,28.532123],[77.411679,28.53182],[77.411831,28.531834]]]},"properties":{"objectid":62605,"plotmapid":"HCC179IND","property_t":"Industrial","used":"PLOT","plotsizesq":450,"plot_size":"450 SQMT","plot_no":"179","sector":"HC","block":"C","mplanduse":"B","ppt_type":"IND","ppt_full":"Industrial","authority":"NOIDA","category":"industrial","execution_stage":"unknown"}},{"type":"Feature","geometry":{"type":"Polygon","coordinates":[[[77.411454,28.532412],[77.41149,28.532109],[77.411642,28.532123],[77.411606,28.532427],[77.411454,28.532412]]]},"properties":{"objectid":62606,"plotmapid":"HCC177IND","property_t":"Industrial","used":"PLOT","plotsizesq":450,"plot_size":"450 SQMT","plot_no":"177","sector":"HC","block":"C","mplanduse":"B","ppt_type":"IND","ppt_full":"Industrial","authority":"NOIDA","category":"industrial","execution_stage":"unknown"}},{"type":"Feature","geometry":{"type":"Polygon","coordinates":[[[77.41149,28.532109],[77.411527,28.531805],[77.411679,28.53182],[77.411642,28.532123],[77.41149,28.532109]]]},"properties":{"objectid":62607,"plotmapid":"HCC178IND","property_t":"Industrial","used":"PLOT","plotsizesq":450,"plot_size":"450 SQMT","plot_no":"178","sector":"HC","block":"C","mplanduse":"B","ppt_type":"IND","ppt_full":"Industrial","authority":"NOIDA","category":"industrial","execution_stage":"unknown"}},{"type":"Feature","geometry":{"type":"Polygon","coordinates":[[[77.410583,28.531186],[77.410835,28.531211],[77.410793,28.531568],[77.41054,28.531543],[77.410583,28.531186]]]},"properties":{"objectid":62608,"plotmapid":"HCC079IND","property_t":"Industrial","used":"PLOT","plotsizesq":1000,"plot_size":"1000 SQMT","plot_no":"079","sector":"HC","block":"C","mplanduse":"B","ppt_type":"IND","ppt_full":"Industrial","authority":"NOIDA","category":"industrial","execution_stage":"unknown"}},{"type":"Feature","geometry":{"type":"Polygon","coordinates":[[[77.410793,28.531568],[77.410835,28.531211],[77.411091,28.531235],[77.411049,28.531592],[77.410793,28.531568]]]},"properties":{"objectid":62609,"plotmapid":"HCC078IND","property_t":"Industrial","used":"PLOT","plotsizesq":1000,"plot_size":"1000 SQMT","plot_no":"078","sector":"HC","block":"C","mplanduse":"B","ppt_type":"IND","ppt_full":"Industrial","authority":"NOIDA","category":"industrial","execution_stage":"unknown"}},{"type":"Feature","geometry":{"type":"Polygon","coordinates":[[[77.41058,28.531186],[77.41054,28.531543],[77.410286,28.531519],[77.410327,28.531162],[77.41058,28.531186]]]},"properties":{"objectid":62610,"plotmapid":"HCC080IND","property_t":"Industrial","used":"PLOT","plotsizesq":1000,"plot_size":"1000 SQMT","plot_no":"080","sector":"HC","block":"C","mplanduse":"B","ppt_type":"IND","ppt_full":"Industrial","authority":"NOIDA","category":"industrial","execution_stage":"unknown"}},{"type":"Feature","geometry":{"type":"Polygon","coordinates":[[[77.410075,28.531138],[77.410327,28.531162],[77.410286,28.531519],[77.410032,28.531495],[77.410075,28.531138]]]},"properties":{"objectid":62611,"plotmapid":"HCC081IND","property_t":"Industrial","used":"PLOT","plotsizesq":1000,"plot_size":"1000 SQMT","plot_no":"081","sector":"HC","block":"C","mplanduse":"B","ppt_type":"IND","ppt_full":"Industrial","authority":"NOIDA","category":"industrial","execution_stage":"unknown"}},{"type":"Feature","geometry":{"type":"Polygon","coordinates":[[[77.410625,28.53083],[77.410878,28.530854],[77.410835,28.531211],[77.410583,28.531186],[77.410625,28.53083]]]},"properties":{"objectid":62612,"plotmapid":"HCC088IND","property_t":"Industrial","used":"PLOT","plotsizesq":1000,"plot_size":"1000 SQMT","plot_no":"088","sector":"HC","block":"C","mplanduse":"B","ppt_type":"IND","ppt_full":"Industrial","authority":"NOIDA","category":"industrial","execution_stage":"unknown"}},{"type":"Feature","geometry":{"type":"Polygon","coordinates":[[[77.411134,28.530878],[77.41139,28.530903],[77.411347,28.53126],[77.410835,28.531211],[77.410878,28.530854],[77.411134,28.530878]]]},"properties":{"objectid":62613,"plotmapid":"HCC089,90IND","property_t":"Industrial","used":"PLOT","plotsizesq":1000,"plot_size":"1000 SQMT","plot_no":"089,90","sector":"HC","block":"C","mplanduse":"B","ppt_type":"IND","ppt_full":"Industrial","authority":"NOIDA","category":"industrial","execution_stage":"unknown"}},{"type":"Feature","geometry":{"type":"Polygon","coordinates":[[[77.410622,28.530829],[77.410583,28.531186],[77.410327,28.531162],[77.410368,28.530805],[77.410622,28.530829]]]},"properties":{"objectid":62614,"plotmapid":"HCC087IND","property_t":"Industrial","used":"PLOT","plotsizesq":1000,"plot_size":"1000 SQMT","plot_no":"087","sector":"HC","block":"C","mplanduse":"B","ppt_type":"IND","ppt_full":"Industrial","authority":"NOIDA","category":"industrial","execution_stage":"unknown"}},{"type":"Feature","geometry":{"type":"Polygon","coordinates":[[[77.411049,28.531592],[77.411091,28.531235],[77.411347,28.53126],[77.411304,28.531617],[77.411049,28.531592]]]},"properties":{"objectid":62615,"plotmapid":"HCC077IND","property_t":"Industrial","used":"PLOT","plotsizesq":1000,"plot_size":"1000 SQMT","plot_no":"077","sector":"HC","block":"C","mplanduse":"B","ppt_type":"IND","ppt_full":"Industrial","authority":"NOIDA","category":"industrial","execution_stage":"unknown"}},{"type":"Feature","geometry":{"type":"Polygon","coordinates":[[[77.409556,28.530727],[77.409858,28.530756],[77.409817,28.531113],[77.409515,28.531084],[77.409556,28.530727]]]},"properties":{"objectid":62616,"plotmapid":"HCC084IND","property_t":"Industrial","used":"PLOT","plotsizesq":1000,"plot_size":"1000 SQMT","plot_no":"084","sector":"HC","block":"C","mplanduse":"B","ppt_type":"IND","ppt_full":"Industrial","authority":"NOIDA","category":"industrial","execution_stage":"unknown"}},{"type":"Feature","geometry":{"type":"Polygon","coordinates":[[[77.409515,28.531084],[77.409817,28.531113],[77.409776,28.53147],[77.409474,28.531441],[77.409515,28.531084]]]},"properties":{"objectid":62617,"plotmapid":"HCC083IND","property_t":"Industrial","used":"PLOT","plotsizesq":1000,"plot_size":"1000 SQMT","plot_no":"083","sector":"HC","block":"C","mplanduse":"B","ppt_type":"IND","ppt_full":"Industrial","authority":"NOIDA","category":"industrial","execution_stage":"unknown"}},{"type":"Feature","geometry":{"type":"Polygon","coordinates":[[[77.409817,28.531113],[77.410075,28.531138],[77.410032,28.531495],[77.409776,28.53147],[77.409817,28.531113]]]},"properties":{"objectid":62618,"plotmapid":"HCC082IND","property_t":"Industrial","used":"PLOT","plotsizesq":1000,"plot_size":"1000 SQMT","plot_no":"082","sector":"HC","block":"C","mplanduse":"B","ppt_type":"IND","ppt_full":"Industrial","authority":"NOIDA","category":"industrial","execution_stage":"unknown"}},{"type":"Feature","geometry":{"type":"Polygon","coordinates":[[[77.41011,28.53078],[77.410368,28.530805],[77.410327,28.531162],[77.409817,28.531113],[77.409858,28.530756],[77.41011,28.53078]]]},"properties":{"objectid":62619,"plotmapid":"HCC085,86IND","property_t":"Industrial","used":"PLOT","plotsizesq":1000,"plot_size":"1000 SQMT","plot_no":"085,86","sector":"HC","block":"C","mplanduse":"B","ppt_type":"IND","ppt_full":"Industrial","authority":"NOIDA","category":"industrial","execution_stage":"unknown"}},{"type":"Feature","geometry":{"type":"Polygon","coordinates":[[[77.409743,28.532643],[77.409715,28.532868],[77.409305,28.532827],[77.409333,28.532602],[77.409743,28.532643]]]},"properties":{"objectid":62620,"plotmapid":"HCC194IND","property_t":"Industrial","used":"PLOT","plotsizesq":1000,"plot_size":"1000 SQMT","plot_no":"194","sector":"HC","block":"C","mplanduse":"B","ppt_type":"IND","ppt_full":"Industrial","authority":"NOIDA","category":"industrial","execution_stage":"unknown"}},{"type":"Feature","geometry":{"type":"Polygon","coordinates":[[[77.410154,28.532685],[77.410126,28.53291],[77.409715,28.532868],[77.409743,28.532643],[77.410154,28.532685]]]},"properties":{"objectid":62621,"plotmapid":"HCC189IND","property_t":"Industrial","used":"PLOT","plotsizesq":1000,"plot_size":"1000 SQMT","plot_no":"189","sector":"HC","block":"C","mplanduse":"B","ppt_type":"IND","ppt_full":"Industrial","authority":"NOIDA","category":"industrial","execution_stage":"unknown"}},{"type":"Feature","geometry":{"type":"Polygon","coordinates":[[[77.409687,28.533093],[77.409715,28.532868],[77.410126,28.53291],[77.410098,28.533134],[77.409687,28.533093]]]},"properties":{"objectid":62622,"plotmapid":"HCC190IND","property_t":"Industrial","used":"PLOT","plotsizesq":1000,"plot_size":"1000 SQMT","plot_no":"190","sector":"HC","block":"C","mplanduse":"B","ppt_type":"IND","ppt_full":"Industrial","authority":"NOIDA","category":"industrial","execution_stage":"unknown"}},{"type":"Feature","geometry":{"type":"Polygon","coordinates":[[[77.410181,28.532464],[77.410154,28.532685],[77.409743,28.532643],[77.409771,28.532421],[77.410181,28.532464]]]},"properties":{"objectid":62623,"plotmapid":"HCC188IND","property_t":"Industrial","used":"PLOT","plotsizesq":1000,"plot_size":"1000 SQMT","plot_no":"188","sector":"HC","block":"C","mplanduse":"B","ppt_type":"IND","ppt_full":"Industrial","authority":"NOIDA","category":"industrial","execution_stage":"unknown"}},{"type":"Feature","geometry":{"type":"Polygon","coordinates":[[[77.41021,28.532237],[77.410181,28.532464],[77.409771,28.532421],[77.409799,28.532196],[77.41021,28.532237]]]},"properties":{"objectid":62624,"plotmapid":"HCC187IND","property_t":"Industrial","used":"PLOT","plotsizesq":1000,"plot_size":"1000 SQMT","plot_no":"187","sector":"HC","block":"C","mplanduse":"B","ppt_type":"IND","ppt_full":"Industrial","authority":"NOIDA","category":"industrial","execution_stage":"unknown"}},{"type":"Feature","geometry":{"type":"Polygon","coordinates":[[[77.410237,28.532017],[77.41021,28.532237],[77.409799,28.532196],[77.409827,28.531974],[77.410237,28.532017]]]},"properties":{"objectid":62625,"plotmapid":"HCC186IND","property_t":"Industrial","used":"PLOT","plotsizesq":1000,"plot_size":"1000 SQMT","plot_no":"186","sector":"HC","block":"C","mplanduse":"B","ppt_type":"IND","ppt_full":"Industrial","authority":"NOIDA","category":"industrial","execution_stage":"unknown"}},{"type":"Feature","geometry":{"type":"Polygon","coordinates":[[[77.40984,28.53187],[77.409868,28.531645],[77.410278,28.531687],[77.41025,28.531911],[77.40984,28.53187]]]},"properties":{"objectid":62626,"plotmapid":"HCC185IND","property_t":"Industrial","used":"PLOT","plotsizesq":1000,"plot_size":"1000 SQMT","plot_no":"185","sector":"HC","block":"C","mplanduse":"B","ppt_type":"IND","ppt_full":"Industrial","authority":"NOIDA","category":"industrial","execution_stage":"unknown"}},{"type":"Feature","geometry":{"type":"Polygon","coordinates":[[[77.409277,28.533052],[77.409305,28.532827],[77.409715,28.532868],[77.409687,28.533093],[77.409277,28.533052]]]},"properties":{"objectid":62627,"plotmapid":"HCC193IND","property_t":"Industrial","used":"PLOT","plotsizesq":1000,"plot_size":"1000 SQMT","plot_no":"193","sector":"HC","block":"C","mplanduse":"B","ppt_type":"IND","ppt_full":"Industrial","authority":"NOIDA","category":"industrial","execution_stage":"unknown"}},{"type":"Feature","geometry":{"type":"Polygon","coordinates":[[[77.409771,28.532421],[77.409743,28.532643],[77.409333,28.532602],[77.409361,28.532377],[77.409771,28.532421]]]},"properties":{"objectid":62628,"plotmapid":"HCC195IND","property_t":"Industrial","used":"PLOT","plotsizesq":1000,"plot_size":"1000 SQMT","plot_no":"195","sector":"HC","block":"C","mplanduse":"B","ppt_type":"IND","ppt_full":"Industrial","authority":"NOIDA","category":"industrial","execution_stage":"unknown"}},{"type":"Feature","geometry":{"type":"Polygon","coordinates":[[[77.409799,28.532196],[77.409771,28.532421],[77.409361,28.532377],[77.409388,28.532156],[77.409799,28.532196]]]},"properties":{"objectid":62629,"plotmapid":"HCC196IND","property_t":"Industrial","used":"PLOT","plotsizesq":1000,"plot_size":"1000 SQMT","plot_no":"196","sector":"HC","block":"C","mplanduse":"B","ppt_type":"IND","ppt_full":"Industrial","authority":"NOIDA","category":"industrial","execution_stage":"unknown"}},{"type":"Feature","geometry":{"type":"Polygon","coordinates":[[[77.409827,28.531974],[77.409799,28.532196],[77.409388,28.532156],[77.409416,28.531931],[77.409827,28.531974]]]},"properties":{"objectid":62630,"plotmapid":"HCC197IND","property_t":"Industrial","used":"PLOT","plotsizesq":1000,"plot_size":"1000 SQMT","plot_no":"197","sector":"HC","block":"C","mplanduse":"B","ppt_type":"IND","ppt_full":"Industrial","authority":"NOIDA","category":"industrial","execution_stage":"unknown"}},{"type":"Feature","geometry":{"type":"Polygon","coordinates":[[[77.409429,28.531829],[77.409457,28.531604],[77.409868,28.531645],[77.40984,28.53187],[77.409429,28.531829]]]},"properties":{"objectid":62631,"plotmapid":"HCC198IND","property_t":"Industrial","used":"PLOT","plotsizesq":1000,"plot_size":"1000 SQMT","plot_no":"198","sector":"HC","block":"C","mplanduse":"B","ppt_type":"IND","ppt_full":"Industrial","authority":"NOIDA","category":"industrial","execution_stage":"unknown"}},{"type":"Feature","geometry":{"type":"Polygon","coordinates":[[[77.409659,28.533318],[77.409687,28.533093],[77.410098,28.533134],[77.41007,28.533359],[77.409659,28.533318]]]},"properties":{"objectid":62632,"plotmapid":"HCC191IND","property_t":"Industrial","used":"PLOT","plotsizesq":1000,"plot_size":"1000 SQMT","plot_no":"191","sector":"HC","block":"C","mplanduse":"B","ppt_type":"IND","ppt_full":"Industrial","authority":"NOIDA","category":"industrial","execution_stage":"unknown"}},{"type":"Feature","geometry":{"type":"Polygon","coordinates":[[[77.41025,28.531911],[77.410237,28.532017],[77.409827,28.531974],[77.40984,28.53187],[77.41025,28.531911]]]},"properties":{"objectid":62633,"plotmapid":"HCC185AIND","property_t":"Industrial","used":"PLOT","plotsizesq":1000,"plot_size":"100 SQMT","plot_no":"185A","sector":"HC","block":"C","mplanduse":"B","ppt_type":"IND","ppt_full":"Industrial","authority":"NOIDA","category":"industrial","execution_stage":"unknown"}},{"type":"Feature","geometry":{"type":"Polygon","coordinates":[[[77.409249,28.533277],[77.409277,28.533052],[77.409687,28.533093],[77.409659,28.533318],[77.409249,28.533277]]]},"properties":{"objectid":62634,"plotmapid":"HCC192IND","property_t":"Industrial","used":"PLOT","plotsizesq":1000,"plot_size":"1000 SQMT","plot_no":"192","sector":"HC","block":"C","mplanduse":"B","ppt_type":"IND","ppt_full":"Industrial","authority":"NOIDA","category":"industrial","execution_stage":"unknown"}},{"type":"Feature","geometry":{"type":"Polygon","coordinates":[[[77.40984,28.53187],[77.409827,28.531974],[77.409416,28.531931],[77.409429,28.531829],[77.40984,28.53187]]]},"properties":{"objectid":62635,"plotmapid":"HCC198AIND","property_t":"Industrial","used":"PLOT","plotsizesq":1000,"plot_size":"100 SQMT","plot_no":"198A","sector":"HC","block":"C","mplanduse":"B","ppt_type":"IND","ppt_full":"Industrial","authority":"NOIDA","category":"industrial","execution_stage":"unknown"}},{"type":"Feature","geometry":{"type":"Polygon","coordinates":[[[77.410938,28.534552],[77.410913,28.534775],[77.410501,28.534737],[77.410528,28.534512],[77.410938,28.534552]]]},"properties":{"objectid":62636,"plotmapid":"HCC064IND","property_t":"Industrial","used":"PLOT","plotsizesq":1000,"plot_size":"1000 SQMT","plot_no":"064","sector":"HC","block":"C","mplanduse":"B","ppt_type":"IND","ppt_full":"Industrial","authority":"NOIDA","category":"industrial","execution_stage":"unknown"}},{"type":"Feature","geometry":{"type":"Polygon","coordinates":[[[77.410093,28.5347],[77.410126,28.534436],[77.410533,28.534476],[77.410501,28.534737],[77.410093,28.5347]]]},"properties":{"objectid":62637,"plotmapid":"HCC063IND","property_t":"Industrial","used":"PLOT","plotsizesq":1000,"plot_size":"1000 SQMT","plot_no":"063","sector":"HC","block":"C","mplanduse":"B","ppt_type":"IND","ppt_full":"Industrial","authority":"NOIDA","category":"industrial","execution_stage":"unknown"}},{"type":"Feature","geometry":{"type":"Polygon","coordinates":[[[77.410666,28.533391],[77.410637,28.53362],[77.410234,28.533581],[77.410263,28.533352],[77.410666,28.533391]]]},"properties":{"objectid":62638,"plotmapid":"HCC058IND","property_t":"Industrial","used":"PLOT","plotsizesq":1000,"plot_size":"1000 SQMT","plot_no":"058","sector":"HC","block":"C","mplanduse":"B","ppt_type":"IND","ppt_full":"Industrial","authority":"NOIDA","category":"industrial","execution_stage":"unknown"}},{"type":"Feature","geometry":{"type":"Polygon","coordinates":[[[77.411075,28.533431],[77.411045,28.53366],[77.410637,28.53362],[77.410666,28.533391],[77.411075,28.533431]]]},"properties":{"objectid":62639,"plotmapid":"HCC069IND","property_t":"Industrial","used":"PLOT","plotsizesq":1000,"plot_size":"1000 SQMT","plot_no":"069","sector":"HC","block":"C","mplanduse":"B","ppt_type":"IND","ppt_full":"Industrial","authority":"NOIDA","category":"industrial","execution_stage":"unknown"}},{"type":"Feature","geometry":{"type":"Polygon","coordinates":[[[77.410957,28.53433],[77.410938,28.534552],[77.410528,28.534512],[77.410555,28.534291],[77.410957,28.53433]]]},"properties":{"objectid":62640,"plotmapid":"HCC065IND","property_t":"Industrial","used":"PLOT","plotsizesq":1000,"plot_size":"1000 SQMT","plot_no":"065","sector":"HC","block":"C","mplanduse":"B","ppt_type":"IND","ppt_full":"Industrial","authority":"NOIDA","category":"industrial","execution_stage":"unknown"}},{"type":"Feature","geometry":{"type":"Polygon","coordinates":[[[77.410985,28.534104],[77.410962,28.53433],[77.410555,28.534291],[77.410583,28.534065],[77.410985,28.534104]]]},"properties":{"objectid":62641,"plotmapid":"HCC066IND","property_t":"Industrial","used":"PLOT","plotsizesq":1000,"plot_size":"1000 SQMT","plot_no":"066","sector":"HC","block":"C","mplanduse":"B","ppt_type":"IND","ppt_full":"Industrial","authority":"NOIDA","category":"industrial","execution_stage":"unknown"}},{"type":"Feature","geometry":{"type":"Polygon","coordinates":[[[77.411017,28.533879],[77.410988,28.534104],[77.410583,28.534065],[77.410611,28.53384],[77.411017,28.533879]]]},"properties":{"objectid":62642,"plotmapid":"HCC067IND","property_t":"Industrial","used":"PLOT","plotsizesq":1000,"plot_size":"1000 SQMT","plot_no":"067","sector":"HC","block":"C","mplanduse":"B","ppt_type":"IND","ppt_full":"Industrial","authority":"NOIDA","category":"industrial","execution_stage":"unknown"}},{"type":"Feature","geometry":{"type":"Polygon","coordinates":[[[77.411045,28.53366],[77.411017,28.533879],[77.410611,28.53384],[77.410637,28.53362],[77.411045,28.53366]]]},"properties":{"objectid":62643,"plotmapid":"HCC068IND","property_t":"Industrial","used":"PLOT","plotsizesq":1000,"plot_size":"1000 SQMT","plot_no":"068","sector":"HC","block":"C","mplanduse":"B","ppt_type":"IND","ppt_full":"Industrial","authority":"NOIDA","category":"industrial","execution_stage":"unknown"}},{"type":"Feature","geometry":{"type":"Polygon","coordinates":[[[77.411103,28.533209],[77.411075,28.533431],[77.410666,28.533391],[77.410694,28.533169],[77.411103,28.533209]]]},"properties":{"objectid":62644,"plotmapid":"HCC070IND","property_t":"Industrial","used":"PLOT","plotsizesq":1000,"plot_size":"1000 SQMT","plot_no":"070","sector":"HC","block":"C","mplanduse":"B","ppt_type":"IND","ppt_full":"Industrial","authority":"NOIDA","category":"industrial","execution_stage":"unknown"}},{"type":"Feature","geometry":{"type":"Polygon","coordinates":[[[77.411154,28.532758],[77.411103,28.533209],[77.410694,28.533169],[77.410751,28.532719],[77.411154,28.532758]]]},"properties":{"objectid":62645,"plotmapid":"HCC071,72IND","property_t":"Industrial","used":"PLOT","plotsizesq":1000,"plot_size":"1000 SQMT","plot_no":"071,72","sector":"HC","block":"C","mplanduse":"B","ppt_type":"IND","ppt_full":"Industrial","authority":"NOIDA","category":"industrial","execution_stage":"unknown"}},{"type":"Feature","geometry":{"type":"Polygon","coordinates":[[[77.41119,28.532536],[77.411161,28.532759],[77.410751,28.532719],[77.410779,28.532496],[77.41119,28.532536]]]},"properties":{"objectid":62646,"plotmapid":"HCC073IND","property_t":"Industrial","used":"PLOT","plotsizesq":1000,"plot_size":"1000 SQMT","plot_no":"073","sector":"HC","block":"C","mplanduse":"B","ppt_type":"IND","ppt_full":"Industrial","authority":"NOIDA","category":"industrial","execution_stage":"unknown"}},{"type":"Feature","geometry":{"type":"Polygon","coordinates":[[[77.411223,28.532277],[77.41119,28.532536],[77.410779,28.532496],[77.410811,28.532237],[77.411223,28.532277]]]},"properties":{"objectid":62647,"plotmapid":"HCC074IND","property_t":"Industrial","used":"PLOT","plotsizesq":1000,"plot_size":"1000 SQMT","plot_no":"074","sector":"HC","block":"C","mplanduse":"B","ppt_type":"IND","ppt_full":"Industrial","authority":"NOIDA","category":"industrial","execution_stage":"unknown"}},{"type":"Feature","geometry":{"type":"Polygon","coordinates":[[[77.411248,28.532086],[77.411223,28.532277],[77.410811,28.532237],[77.410835,28.532046],[77.411248,28.532086]]]},"properties":{"objectid":62648,"plotmapid":"HCC075IND","property_t":"Industrial","used":"PLOT","plotsizesq":1000,"plot_size":"1000 SQMT","plot_no":"075","sector":"HC","block":"C","mplanduse":"B","ppt_type":"IND","ppt_full":"Industrial","authority":"NOIDA","category":"industrial","execution_stage":"unknown"}},{"type":"Feature","geometry":{"type":"Polygon","coordinates":[[[77.411286,28.531789],[77.411248,28.532086],[77.410835,28.532046],[77.410872,28.531749],[77.411286,28.531789]]]},"properties":{"objectid":62649,"plotmapid":"HCC076IND","property_t":"Industrial","used":"PLOT","plotsizesq":1000,"plot_size":"1000 SQMT","plot_no":"076","sector":"HC","block":"C","mplanduse":"B","ppt_type":"IND","ppt_full":"Industrial","authority":"NOIDA","category":"industrial","execution_stage":"unknown"}},{"type":"Feature","geometry":{"type":"Polygon","coordinates":[[[77.410553,28.53429],[77.410533,28.534476],[77.410126,28.534436],[77.41015,28.534251],[77.410553,28.53429]]]},"properties":{"objectid":62650,"plotmapid":"HCC062IND","property_t":"Industrial","used":"PLOT","plotsizesq":1000,"plot_size":"1000 SQMT","plot_no":"062","sector":"HC","block":"C","mplanduse":"B","ppt_type":"IND","ppt_full":"Industrial","authority":"NOIDA","category":"industrial","execution_stage":"unknown"}},{"type":"Feature","geometry":{"type":"Polygon","coordinates":[[[77.410582,28.534065],[77.410555,28.534291],[77.41015,28.534251],[77.410178,28.534026],[77.410582,28.534065]]]},"properties":{"objectid":62651,"plotmapid":"HCC061IND","property_t":"Industrial","used":"PLOT","plotsizesq":1000,"plot_size":"1000 SQMT","plot_no":"061","sector":"HC","block":"C","mplanduse":"B","ppt_type":"IND","ppt_full":"Industrial","authority":"NOIDA","category":"industrial","execution_stage":"unknown"}},{"type":"Feature","geometry":{"type":"Polygon","coordinates":[[[77.41061,28.53384],[77.410583,28.534065],[77.410178,28.534026],[77.410206,28.5338],[77.41061,28.53384]]]},"properties":{"objectid":62652,"plotmapid":"HCC060IND","property_t":"Industrial","used":"PLOT","plotsizesq":1000,"plot_size":"1000 SQMT","plot_no":"060","sector":"HC","block":"C","mplanduse":"B","ppt_type":"IND","ppt_full":"Industrial","authority":"NOIDA","category":"industrial","execution_stage":"unknown"}},{"type":"Feature","geometry":{"type":"Polygon","coordinates":[[[77.410637,28.53362],[77.410611,28.53384],[77.410206,28.5338],[77.410234,28.533581],[77.410637,28.53362]]]},"properties":{"objectid":62653,"plotmapid":"HCC059IND","property_t":"Industrial","used":"PLOT","plotsizesq":1000,"plot_size":"1000 SQMT","plot_no":"059","sector":"HC","block":"C","mplanduse":"B","ppt_type":"IND","ppt_full":"Industrial","authority":"NOIDA","category":"industrial","execution_stage":"unknown"}},{"type":"Feature","geometry":{"type":"Polygon","coordinates":[[[77.410694,28.533169],[77.410666,28.533391],[77.410263,28.533352],[77.41029,28.533131],[77.410694,28.533169]]]},"properties":{"objectid":62654,"plotmapid":"HCC057IND","property_t":"Industrial","used":"PLOT","plotsizesq":1000,"plot_size":"1000 SQMT","plot_no":"057","sector":"HC","block":"C","mplanduse":"B","ppt_type":"IND","ppt_full":"Industrial","authority":"NOIDA","category":"industrial","execution_stage":"unknown"}},{"type":"Feature","geometry":{"type":"Polygon","coordinates":[[[77.41029,28.533131],[77.410319,28.532904],[77.410723,28.532943],[77.410694,28.533169],[77.41029,28.533131]]]},"properties":{"objectid":62655,"plotmapid":"HCC056IND","property_t":"Industrial","used":"PLOT","plotsizesq":1000,"plot_size":"1000 SQMT","plot_no":"056","sector":"HC","block":"C","mplanduse":"B","ppt_type":"IND","ppt_full":"Industrial","authority":"NOIDA","category":"industrial","execution_stage":"unknown"}},{"type":"Feature","geometry":{"type":"Polygon","coordinates":[[[77.410751,28.532719],[77.410723,28.532943],[77.410319,28.532904],[77.410347,28.53268],[77.410751,28.532719]]]},"properties":{"objectid":62656,"plotmapid":"HCC055IND","property_t":"Industrial","used":"PLOT","plotsizesq":1000,"plot_size":"1000 SQMT","plot_no":"055","sector":"HC","block":"C","mplanduse":"B","ppt_type":"IND","ppt_full":"Industrial","authority":"NOIDA","category":"industrial","execution_stage":"unknown"}},{"type":"Feature","geometry":{"type":"Polygon","coordinates":[[[77.410779,28.532496],[77.410751,28.532719],[77.410347,28.53268],[77.410375,28.532457],[77.410779,28.532496]]]},"properties":{"objectid":62657,"plotmapid":"HCC054IND","property_t":"Industrial","used":"PLOT","plotsizesq":1000,"plot_size":"1000 SQMT","plot_no":"054","sector":"HC","block":"C","mplanduse":"B","ppt_type":"IND","ppt_full":"Industrial","authority":"NOIDA","category":"industrial","execution_stage":"unknown"}},{"type":"Feature","geometry":{"type":"Polygon","coordinates":[[[77.410807,28.532271],[77.410779,28.532496],[77.410375,28.532457],[77.410403,28.532232],[77.410807,28.532271]]]},"properties":{"objectid":62658,"plotmapid":"HCC053IND","property_t":"Industrial","used":"PLOT","plotsizesq":1000,"plot_size":"1000 SQMT","plot_no":"053","sector":"HC","block":"C","mplanduse":"B","ppt_type":"IND","ppt_full":"Industrial","authority":"NOIDA","category":"industrial","execution_stage":"unknown"}},{"type":"Feature","geometry":{"type":"Polygon","coordinates":[[[77.410835,28.532046],[77.410807,28.532271],[77.410403,28.532232],[77.410431,28.532007],[77.410835,28.532046]]]},"properties":{"objectid":62659,"plotmapid":"HCC052IND","property_t":"Industrial","used":"PLOT","plotsizesq":1000,"plot_size":"1000 SQMT","plot_no":"052","sector":"HC","block":"C","mplanduse":"B","ppt_type":"IND","ppt_full":"Industrial","authority":"NOIDA","category":"industrial","execution_stage":"unknown"}},{"type":"Feature","geometry":{"type":"Polygon","coordinates":[[[77.410872,28.531749],[77.410835,28.532046],[77.410431,28.532007],[77.410469,28.53171],[77.410872,28.531749]]]},"properties":{"objectid":62660,"plotmapid":"HCC051IND","property_t":"Industrial","used":"PLOT","plotsizesq":1000,"plot_size":"1000 SQMT","plot_no":"051","sector":"HC","block":"C","mplanduse":"B","ppt_type":"IND","ppt_full":"Industrial","authority":"NOIDA","category":"industrial","execution_stage":"unknown"}},{"type":"Feature","geometry":{"type":"Polygon","coordinates":[[[77.409143,28.533426],[77.409449,28.533456],[77.409374,28.534037],[77.409069,28.534007],[77.409143,28.533426]]]},"properties":{"objectid":62661,"plotmapid":"HCC041IND","property_t":"Industrial","used":"PLOT","plotsizesq":1950,"plot_size":"1950 SQMT","plot_no":"041","sector":"HC","block":"C","mplanduse":"B","ppt_type":"IND","ppt_full":"Industrial","authority":"NOIDA","category":"industrial","execution_stage":"unknown"}},{"type":"Feature","geometry":{"type":"Polygon","coordinates":[[[77.409069,28.534007],[77.409374,28.534037],[77.409305,28.534623],[77.409,28.534594],[77.409069,28.534007]]]},"properties":{"objectid":62662,"plotmapid":"HCC048IND","property_t":"Industrial","used":"PLOT","plotsizesq":1950,"plot_size":"1950 SQMT","plot_no":"048","sector":"HC","block":"C","mplanduse":"B","ppt_type":"IND","ppt_full":"Industrial","authority":"NOIDA","category":"industrial","execution_stage":"unknown"}},{"type":"Feature","geometry":{"type":"Polygon","coordinates":[[[77.410061,28.533516],[77.409986,28.534099],[77.40968,28.534068],[77.409755,28.533486],[77.410061,28.533516]]]},"properties":{"objectid":62663,"plotmapid":"HCC039IND","property_t":"Industrial","used":"PLOT","plotsizesq":1950,"plot_size":"1950 SQMT","plot_no":"039","sector":"HC","block":"C","mplanduse":"B","ppt_type":"IND","ppt_full":"Industrial","authority":"NOIDA","category":"industrial","execution_stage":"unknown"}},{"type":"Feature","geometry":{"type":"Polygon","coordinates":[[[77.40961,28.534652],[77.40968,28.534068],[77.409986,28.534099],[77.409911,28.53468],[77.40961,28.534652]]]},"properties":{"objectid":62664,"plotmapid":"HCC050IND","property_t":"Industrial","used":"PLOT","plotsizesq":1950,"plot_size":"1950 SQMT","plot_no":"050","sector":"HC","block":"C","mplanduse":"B","ppt_type":"IND","ppt_full":"Industrial","authority":"NOIDA","category":"industrial","execution_stage":"unknown"}},{"type":"Feature","geometry":{"type":"Polygon","coordinates":[[[77.409755,28.533486],[77.40968,28.534068],[77.409374,28.534037],[77.409449,28.533456],[77.409755,28.533486]]]},"properties":{"objectid":62665,"plotmapid":"HCC040IND","property_t":"Industrial","used":"PLOT","plotsizesq":1950,"plot_size":"1950 SQMT","plot_no":"040","sector":"HC","block":"C","mplanduse":"B","ppt_type":"IND","ppt_full":"Industrial","authority":"NOIDA","category":"industrial","execution_stage":"unknown"}},{"type":"Feature","geometry":{"type":"Polygon","coordinates":[[[77.409305,28.534623],[77.409374,28.534037],[77.40968,28.534068],[77.40961,28.534652],[77.409305,28.534623]]]},"properties":{"objectid":62666,"plotmapid":"HCC049IND","property_t":"Industrial","used":"PLOT","plotsizesq":1950,"plot_size":"1950 SQMT","plot_no":"049","sector":"HC","block":"C","mplanduse":"B","ppt_type":"IND","ppt_full":"Industrial","authority":"NOIDA","category":"industrial","execution_stage":"unknown"}},{"type":"Feature","geometry":{"type":"Polygon","coordinates":[[[77.408837,28.533395],[77.409137,28.533425],[77.409069,28.534007],[77.408763,28.533976],[77.408837,28.533395]]]},"properties":{"objectid":62667,"plotmapid":"HCC042IND","property_t":"Industrial","used":"PLOT","plotsizesq":1950,"plot_size":"1950 SQMT","plot_no":"042","sector":"HC","block":"C","mplanduse":"B","ppt_type":"IND","ppt_full":"Industrial","authority":"NOIDA","category":"industrial","execution_stage":"unknown"}},{"type":"Feature","geometry":{"type":"Polygon","coordinates":[[[77.409069,28.534007],[77.409,28.534594],[77.408687,28.534564],[77.408763,28.533976],[77.409069,28.534007]]]},"properties":{"objectid":62668,"plotmapid":"HCC047IND","property_t":"Industrial","used":"PLOT","plotsizesq":1950,"plot_size":"1950 SQMT","plot_no":"047","sector":"HC","block":"C","mplanduse":"B","ppt_type":"IND","ppt_full":"Industrial","authority":"NOIDA","category":"industrial","execution_stage":"unknown"}},{"type":"Feature","geometry":{"type":"Polygon","coordinates":[[[77.408833,28.533395],[77.408763,28.533976],[77.408457,28.533948],[77.408531,28.533365],[77.408833,28.533395]]]},"properties":{"objectid":62669,"plotmapid":"HCC043IND","property_t":"Industrial","used":"PLOT","plotsizesq":1950,"plot_size":"1950 SQMT","plot_no":"043","sector":"HC","block":"C","mplanduse":"B","ppt_type":"IND","ppt_full":"Industrial","authority":"NOIDA","category":"industrial","execution_stage":"unknown"}},{"type":"Feature","geometry":{"type":"Polygon","coordinates":[[[77.408381,28.534535],[77.408457,28.533948],[77.408763,28.533976],[77.408687,28.534564],[77.408381,28.534535]]]},"properties":{"objectid":62670,"plotmapid":"HCC045, 46IND","property_t":"Industrial","used":"PLOT","plotsizesq":1950,"plot_size":"1950 SQMT","plot_no":"045, 46","sector":"HC","block":"C","mplanduse":"B","ppt_type":"IND","ppt_full":"Industrial","authority":"NOIDA","category":"industrial","execution_stage":"unknown"}},{"type":"Feature","geometry":{"type":"Polygon","coordinates":[[[77.408227,28.533335],[77.408531,28.533365],[77.408457,28.533948],[77.408155,28.53392],[77.408227,28.533335]]]},"properties":{"objectid":62671,"plotmapid":"HCC044IND","property_t":"Industrial","used":"PLOT","plotsizesq":1950,"plot_size":"1950 SQMT","plot_no":"044","sector":"HC","block":"C","mplanduse":"B","ppt_type":"IND","ppt_full":"Industrial","authority":"NOIDA","category":"industrial","execution_stage":"unknown"}},{"type":"Feature","geometry":{"type":"Polygon","coordinates":[[[77.408083,28.534506],[77.408155,28.53392],[77.408457,28.533948],[77.408381,28.534535],[77.408083,28.534506]]]},"properties":{"objectid":62672,"plotmapid":"HCC045IND","property_t":"Industrial","used":"PLOT","plotsizesq":1950,"plot_size":"1950 SQMT","plot_no":"045","sector":"HC","block":"C","mplanduse":"B","ppt_type":"IND","ppt_full":"Industrial","authority":"NOIDA","category":"industrial","execution_stage":"unknown"}},{"type":"Feature","geometry":{"type":"Polygon","coordinates":[[[77.408253,28.531191],[77.408187,28.531773],[77.407872,28.531743],[77.407944,28.531161],[77.408253,28.531191]]]},"properties":{"objectid":62673,"plotmapid":"HCC020IND","property_t":"Industrial","used":"PLOT","plotsizesq":1950,"plot_size":"1950 SQMT","plot_no":"020","sector":"HC","block":"C","mplanduse":"B","ppt_type":"IND","ppt_full":"Industrial","authority":"NOIDA","category":"industrial","execution_stage":"unknown"}},{"type":"Feature","geometry":{"type":"Polygon","coordinates":[[[77.40764,28.531132],[77.407944,28.531161],[77.407872,28.531743],[77.407572,28.531713],[77.40764,28.531132]]]},"properties":{"objectid":62674,"plotmapid":"HCC019IND","property_t":"Industrial","used":"PLOT","plotsizesq":1950,"plot_size":"1950 SQMT","plot_no":"019","sector":"HC","block":"C","mplanduse":"B","ppt_type":"IND","ppt_full":"Industrial","authority":"NOIDA","category":"industrial","execution_stage":"unknown"}},{"type":"Feature","geometry":{"type":"Polygon","coordinates":[[[77.407336,28.531102],[77.40764,28.531132],[77.407572,28.531713],[77.407267,28.531684],[77.407336,28.531102]]]},"properties":{"objectid":62675,"plotmapid":"HCC018IND","property_t":"Industrial","used":"PLOT","plotsizesq":1950,"plot_size":"1950 SQMT","plot_no":"018","sector":"HC","block":"C","mplanduse":"B","ppt_type":"IND","ppt_full":"Industrial","authority":"NOIDA","category":"industrial","execution_stage":"unknown"}},{"type":"Feature","geometry":{"type":"Polygon","coordinates":[[[77.407336,28.531102],[77.407267,28.531684],[77.406961,28.531654],[77.407032,28.531073],[77.407336,28.531102]]]},"properties":{"objectid":62676,"plotmapid":"HCC017IND","property_t":"Industrial","used":"PLOT","plotsizesq":1950,"plot_size":"1950 SQMT","plot_no":"017","sector":"HC","block":"C","mplanduse":"B","ppt_type":"IND","ppt_full":"Industrial","authority":"NOIDA","category":"industrial","execution_stage":"unknown"}},{"type":"Feature","geometry":{"type":"Polygon","coordinates":[[[77.406657,28.531625],[77.406728,28.531043],[77.407032,28.531073],[77.406961,28.531654],[77.406657,28.531625]]]},"properties":{"objectid":62677,"plotmapid":"HCC016IND","property_t":"Industrial","used":"PLOT","plotsizesq":1950,"plot_size":"1950 SQMT","plot_no":"016","sector":"HC","block":"C","mplanduse":"B","ppt_type":"IND","ppt_full":"Industrial","authority":"NOIDA","category":"industrial","execution_stage":"unknown"}},{"type":"Feature","geometry":{"type":"Polygon","coordinates":[[[77.406353,28.531596],[77.406424,28.531014],[77.406728,28.531043],[77.406657,28.531625],[77.406353,28.531596]]]},"properties":{"objectid":62678,"plotmapid":"HCC015IND","property_t":"Industrial","used":"PLOT","plotsizesq":1950,"plot_size":"1950 SQMT","plot_no":"015","sector":"HC","block":"C","mplanduse":"B","ppt_type":"IND","ppt_full":"Industrial","authority":"NOIDA","category":"industrial","execution_stage":"unknown"}},{"type":"Feature","geometry":{"type":"Polygon","coordinates":[[[77.408319,28.530609],[77.408253,28.531191],[77.407944,28.531161],[77.408015,28.530579],[77.408319,28.530609]]]},"properties":{"objectid":62679,"plotmapid":"HCC026IND","property_t":"Industrial","used":"PLOT","plotsizesq":1950,"plot_size":"1950 SQMT","plot_no":"026","sector":"HC","block":"C","mplanduse":"B","ppt_type":"IND","ppt_full":"Industrial","authority":"NOIDA","category":"industrial","execution_stage":"unknown"}},{"type":"Feature","geometry":{"type":"Polygon","coordinates":[[[77.407336,28.531102],[77.407407,28.530521],[77.407711,28.53055],[77.40764,28.531132],[77.407336,28.531102]]]},"properties":{"objectid":62680,"plotmapid":"HCC024IND","property_t":"Industrial","used":"PLOT","plotsizesq":1950,"plot_size":"1950 SQMT","plot_no":"024","sector":"HC","block":"C","mplanduse":"B","ppt_type":"IND","ppt_full":"Industrial","authority":"NOIDA","category":"industrial","execution_stage":"unknown"}},{"type":"Feature","geometry":{"type":"Polygon","coordinates":[[[77.40764,28.531132],[77.407711,28.53055],[77.408015,28.530579],[77.407944,28.531161],[77.40764,28.531132]]]},"properties":{"objectid":62681,"plotmapid":"HCC025IND","property_t":"Industrial","used":"PLOT","plotsizesq":1950,"plot_size":"1950 SQMT","plot_no":"025","sector":"HC","block":"C","mplanduse":"B","ppt_type":"IND","ppt_full":"Industrial","authority":"NOIDA","category":"industrial","execution_stage":"unknown"}},{"type":"Feature","geometry":{"type":"Polygon","coordinates":[[[77.407032,28.531073],[77.407104,28.530491],[77.407407,28.530521],[77.407336,28.531102],[77.407032,28.531073]]]},"properties":{"objectid":62682,"plotmapid":"HCC023IND","property_t":"Industrial","used":"PLOT","plotsizesq":1950,"plot_size":"1950 SQMT","plot_no":"023","sector":"HC","block":"C","mplanduse":"B","ppt_type":"IND","ppt_full":"Industrial","authority":"NOIDA","category":"industrial","execution_stage":"unknown"}},{"type":"Feature","geometry":{"type":"Polygon","coordinates":[[[77.406728,28.531043],[77.4068,28.530462],[77.407104,28.530491],[77.407032,28.531073],[77.406728,28.531043]]]},"properties":{"objectid":62683,"plotmapid":"HCC022IND","property_t":"Industrial","used":"PLOT","plotsizesq":1950,"plot_size":"1950 SQMT","plot_no":"022","sector":"HC","block":"C","mplanduse":"B","ppt_type":"IND","ppt_full":"Industrial","authority":"NOIDA","category":"industrial","execution_stage":"unknown"}},{"type":"Feature","geometry":{"type":"Polygon","coordinates":[[[77.406424,28.531014],[77.406496,28.530432],[77.4068,28.530462],[77.406728,28.531043],[77.406424,28.531014]]]},"properties":{"objectid":62684,"plotmapid":"HCC021IND","property_t":"Industrial","used":"PLOT","plotsizesq":1950,"plot_size":"1950 SQMT","plot_no":"021","sector":"HC","block":"C","mplanduse":"B","ppt_type":"IND","ppt_full":"Industrial","authority":"NOIDA","category":"industrial","execution_stage":"unknown"}},{"type":"Feature","geometry":{"type":"Polygon","coordinates":[[[77.407956,28.533576],[77.407888,28.534129],[77.406979,28.534046],[77.407048,28.533489],[77.407956,28.533576]]]},"properties":{"objectid":62686,"plotmapid":"HCC012,13IND","property_t":"Industrial","used":"PLOT","plotsizesq":2999.7,"plot_size":"2999.7 SQMT","plot_no":"012,13","sector":"HC","block":"C","mplanduse":"B","ppt_type":"IND","ppt_full":"Industrial","authority":"NOIDA","category":"industrial","execution_stage":"unknown"}},{"type":"Feature","geometry":{"type":"Polygon","coordinates":[[[77.407048,28.533489],[77.40701,28.533794],[77.406089,28.533699],[77.406128,28.533401],[77.407048,28.533489]]]},"properties":{"objectid":62687,"plotmapid":"HCC003IND","property_t":"Industrial","used":"PLOT","plotsizesq":2999.7,"plot_size":"2999.7 SQMT","plot_no":"003","sector":"HC","block":"C","mplanduse":"B","ppt_type":"IND","ppt_full":"Industrial","authority":"NOIDA","category":"industrial","execution_stage":"unknown"}},{"type":"Feature","geometry":{"type":"Polygon","coordinates":[[[77.407888,28.534129],[77.407845,28.534475],[77.406936,28.534393],[77.406979,28.534046],[77.407888,28.534129]]]},"properties":{"objectid":62688,"plotmapid":"HCC014IND","property_t":"Industrial","used":"PLOT","plotsizesq":2999.7,"plot_size":"2999.7 SQMT","plot_no":"014","sector":"HC","block":"C","mplanduse":"B","ppt_type":"IND","ppt_full":"Industrial","authority":"NOIDA","category":"industrial","execution_stage":"unknown"}},{"type":"Feature","geometry":{"type":"Polygon","coordinates":[[[77.406974,28.534086],[77.406936,28.534393],[77.40601,28.534308],[77.40605,28.534],[77.406974,28.534086]]]},"properties":{"objectid":62689,"plotmapid":"HCC001IND","property_t":"Industrial","used":"PLOT","plotsizesq":2999.7,"plot_size":"2999.7 SQMT","plot_no":"001","sector":"HC","block":"C","mplanduse":"B","ppt_type":"IND","ppt_full":"Industrial","authority":"NOIDA","category":"industrial","execution_stage":"unknown"}},{"type":"Feature","geometry":{"type":"Polygon","coordinates":[[[77.40701,28.533794],[77.406974,28.534086],[77.40605,28.534],[77.406089,28.533699],[77.40701,28.533794]]]},"properties":{"objectid":62690,"plotmapid":"HCC002IND","property_t":"Industrial","used":"PLOT","plotsizesq":2999.7,"plot_size":"2999.7 SQMT","plot_no":"002","sector":"HC","block":"C","mplanduse":"B","ppt_type":"IND","ppt_full":"Industrial","authority":"NOIDA","category":"industrial","execution_stage":"unknown"}},{"type":"Feature","geometry":{"type":"Polygon","coordinates":[[[77.407244,28.531895],[77.408151,28.531984],[77.407956,28.533576],[77.406128,28.533401],[77.406336,28.531805],[77.407244,28.531895]]]},"properties":{"objectid":62691,"plotmapid":"HCC004-11IND","property_t":"Industrial","used":"PLOT","plotsizesq":2999.7,"plot_size":"2999.7 SQMT","plot_no":"004-11","sector":"HC","block":"C","mplanduse":"B","ppt_type":"IND","ppt_full":"Industrial","authority":"NOIDA","category":"industrial","execution_stage":"unknown"}}]}
