{"type":"FeatureCollection","features":[{"type":"Feature","geometry":{"type":"Polygon","coordinates":[[[77.609852,28.33373],[77.609856,28.333909],[77.609756,28.333911],[77.609753,28.333731],[77.609852,28.33373]]]},"properties":{"objectid":587,"uniqueplotid":"PLNGRESIDENTIAL587","plotmap_id":"SECTOR-16_19_A_RESI","plotidentificationnumber":"19","plotno":"19","industrysector":"SECTOR-16","block":"A","plotsize":"200 SQMT","plotsize_at_the_time_of_allotme":"200 SQMT","landuse_type":"RESIDENTIAL","landuse_subcategory":"RESIDENTIAL","scheme_cod":"RPS05","investment":0,"employment":0,"plotstatus":"Allotted","landallotementstatus":"SOLD","landallotementtype":"ALLOTTED","allotmentid":"RPS051346","allotment_date":1650565800000,"rate_of_allotment":17800,"village_name":"Dhanauri","khasra_no":"1734,1729,1727","longitude":77.60980427000001,"latitude":28.33382016,"authority":"YEIDA","category":"residential","execution_stage":"allotted"}},{"type":"Feature","geometry":{"type":"Polygon","coordinates":[[[77.609856,28.333909],[77.609859,28.334089],[77.60976,28.33409],[77.609756,28.333911],[77.609856,28.333909]]]},"properties":{"objectid":588,"uniqueplotid":"PLNGRESIDENTIAL588","plotmap_id":"SECTOR-16_42_A_RESI","plotidentificationnumber":"42","plotno":"42","industrysector":"SECTOR-16","block":"A","plotsize":"200 SQMT","plotsize_at_the_time_of_allotme":"200 SQMT","landuse_type":"RESIDENTIAL","landuse_subcategory":"RESIDENTIAL","scheme_cod":"RPS05","investment":0,"employment":0,"plotstatus":"Allotted","landallotementstatus":"SOLD","landallotementtype":"ALLOTTED","allotmentid":"RPS051301","allotment_date":1650565800000,"rate_of_allotment":17800,"village_name":"Dhanauri","khasra_no":"1727,1726","longitude":77.6098079,"latitude":28.33399969,"authority":"YEIDA","category":"residential","execution_stage":"allotted"}},{"type":"Feature","geometry":{"type":"Polygon","coordinates":[[[77.609862,28.334196],[77.609865,28.334376],[77.609766,28.334377],[77.609762,28.334198],[77.609862,28.334196]]]},"properties":{"objectid":589,"uniqueplotid":"PLNGRESIDENTIAL589","plotmap_id":"SECTOR-16_43_A_RESI","plotidentificationnumber":"43","plotno":"43","industrysector":"SECTOR-16","block":"A","plotsize":"200 SQMT","plotsize_at_the_time_of_allotme":"200 SQMT","landuse_type":"RESIDENTIAL","landuse_subcategory":"RESIDENTIAL","scheme_cod":"RPS05","investment":0,"employment":0,"plotstatus":"Allotted","landallotementstatus":"SOLD","landallotementtype":"ALLOTTED","allotmentid":"RPS051298","allotment_date":1650565800000,"rate_of_allotment":17800,"village_name":"Dhanauri","khasra_no":"1726","longitude":77.6098137,"latitude":28.33428694,"authority":"YEIDA","category":"residential","execution_stage":"allotted"}},{"type":"Feature","geometry":{"type":"Polygon","coordinates":[[[77.609865,28.334376],[77.609869,28.334556],[77.609769,28.334557],[77.609766,28.334377],[77.609865,28.334376]]]},"properties":{"objectid":590,"uniqueplotid":"PLNGRESIDENTIAL590","plotmap_id":"SECTOR-16_66_A_RESI","plotidentificationnumber":"66","plotno":"66","industrysector":"SECTOR-16","block":"A","plotsize":"200 SQMT","plotsize_at_the_time_of_allotme":"200 SQMT","landuse_type":"RESIDENTIAL","landuse_subcategory":"RESIDENTIAL","scheme_cod":"RPS05","investment":0,"employment":0,"plotstatus":"Allotted","landallotementstatus":"SOLD","landallotementtype":"ALLOTTED","allotmentid":"RPS051315","allotment_date":1650565800000,"rate_of_allotment":17800,"village_name":"Dhanauri","khasra_no":"1721,1726","longitude":77.60981732,"latitude":28.33446647,"authority":"YEIDA","category":"residential","execution_stage":"allotted"}},{"type":"Feature","geometry":{"type":"Polygon","coordinates":[[[77.610185,28.334452],[77.610187,28.334551],[77.609988,28.334554],[77.609986,28.334455],[77.610185,28.334452]]]},"properties":{"objectid":593,"uniqueplotid":"PLNGRESIDENTIAL593","plotmap_id":"SECTOR-16_10_A_RESI","plotidentificationnumber":"10","plotno":"10","industrysector":"SECTOR-16","block":"A","plotsize":"200 SQMT","plotsize_at_the_time_of_allotme":"200 SQMT","landuse_type":"RESIDENTIAL","landuse_subcategory":"RESIDENTIAL","scheme_cod":"RPS05","investment":0,"employment":0,"plotstatus":"Allotted","landallotementstatus":"SOLD","landallotementtype":"ALLOTTED","allotmentid":"RPS051302","allotment_date":1650565800000,"rate_of_allotment":17800,"village_name":"Dhanauri","khasra_no":"1725,1726","longitude":77.61008632,"latitude":28.33450297,"authority":"YEIDA","category":"residential","execution_stage":"allotted"}},{"type":"Feature","geometry":{"type":"Polygon","coordinates":[[[77.610819,28.334353],[77.61082,28.334443],[77.610622,28.334446],[77.61062,28.334356],[77.610819,28.334353]]]},"properties":{"objectid":594,"uniqueplotid":"PLNGRESIDENTIAL594","plotmap_id":"SECTOR-16_82_G_RESI","plotidentificationnumber":"82","plotno":"82","industrysector":"SECTOR-16","block":"G","plotsize":"200 SQMT","plotsize_at_the_time_of_allotme":"200 SQMT","landuse_type":"RESIDENTIAL","landuse_subcategory":"RESIDENTIAL","scheme_cod":"RPS07","investment":0,"employment":0,"plotstatus":"Allotted","landallotementstatus":"SOLD","landallotementtype":"ALLOTTED","allotmentid":"RPS071691","allotment_date":1698777000000,"rate_of_allotment":24900,"village_name":"Dhanauri","khasra_no":"1732","longitude":77.61072012,"latitude":28.334399469999997,"authority":"YEIDA","category":"residential","execution_stage":"allotted"}},{"type":"Feature","geometry":{"type":"Polygon","coordinates":[[[77.610383,28.334449],[77.610385,28.334548],[77.610187,28.334551],[77.610185,28.334452],[77.610383,28.334449]]]},"properties":{"objectid":595,"uniqueplotid":"PLNGRESIDENTIAL595","plotmap_id":"SECTOR-16_9_A_RESI","plotidentificationnumber":"9","plotno":"9","industrysector":"SECTOR-16","block":"A","plotsize":"200 SQMT","plotsize_at_the_time_of_allotme":"200 SQMT","landuse_type":"RESIDENTIAL","landuse_subcategory":"RESIDENTIAL","scheme_cod":"RPS05","investment":0,"employment":0,"plotstatus":"Allotted","landallotementstatus":"SOLD","landallotementtype":"ALLOTTED","allotmentid":"RPS051299","allotment_date":1650565800000,"rate_of_allotment":17800,"village_name":"Dhanauri","khasra_no":"1725,1729","longitude":77.61028498,"latitude":28.334500079999998,"authority":"YEIDA","category":"residential","execution_stage":"allotted"}},{"type":"Feature","geometry":{"type":"Polygon","coordinates":[[[77.61082,28.334443],[77.610822,28.334542],[77.610624,28.334545],[77.610622,28.334446],[77.61082,28.334443]]]},"properties":{"objectid":596,"uniqueplotid":"PLNGRESIDENTIAL596","plotmap_id":"SECTOR-16_83_G_RESI","plotidentificationnumber":"83","plotno":"83","industrysector":"SECTOR-16","block":"G","plotsize":"200 SQMT","plotsize_at_the_time_of_allotme":"200 SQMT","landuse_type":"RESIDENTIAL","landuse_subcategory":"RESIDENTIAL","scheme_cod":"RPS07","investment":0,"employment":0,"plotstatus":"Allotted","landallotementstatus":"SOLD","landallotementtype":"ALLOTTED","allotmentid":"RPS071861","allotment_date":1698777000000,"rate_of_allotment":24900,"village_name":"Dhanauri","khasra_no":"1732","longitude":77.61072202,"latitude":28.334493719999998,"authority":"YEIDA","category":"residential","execution_stage":"allotted"}},{"type":"Feature","geometry":{"type":"Polygon","coordinates":[[[77.61017,28.333725],[77.610172,28.333824],[77.609973,28.333827],[77.609971,28.333728],[77.61017,28.333725]]]},"properties":{"objectid":597,"uniqueplotid":"PLNGRESIDENTIAL597","plotmap_id":"SECTOR-16_18_A_RESI","plotidentificationnumber":"18","plotno":"18","industrysector":"SECTOR-16","block":"A","plotsize":"200 SQMT","plotsize_at_the_time_of_allotme":"200 SQMT","landuse_type":"RESIDENTIAL","landuse_subcategory":"RESIDENTIAL","scheme_cod":"RPS05","investment":0,"employment":0,"plotstatus":"Allotted","landallotementstatus":"SOLD","landallotementtype":"ALLOTTED","allotmentid":"RPS051350","allotment_date":1650565800000,"rate_of_allotment":17800,"village_name":"Dhanauri","khasra_no":"1733,1734","longitude":77.61007877,"latitude":28.33377927,"authority":"YEIDA","category":"residential","execution_stage":"allotted"}},{"type":"Feature","geometry":{"type":"Polygon","coordinates":[[[77.610369,28.333722],[77.610371,28.333821],[77.610172,28.333824],[77.61017,28.333725],[77.610369,28.333722]]]},"properties":{"objectid":598,"uniqueplotid":"PLNGRESIDENTIAL598","plotmap_id":"SECTOR-16_1_A_RESI","plotidentificationnumber":"1","plotno":"1","industrysector":"SECTOR-16","block":"A","plotsize":"200 SQMT","plotsize_at_the_time_of_allotme":"200 SQMT","landuse_type":"RESIDENTIAL","landuse_subcategory":"RESIDENTIAL","scheme_cod":"RPS05","investment":0,"employment":0,"plotstatus":"Allotted","landallotementstatus":"SOLD","landallotementtype":"ALLOTTED","allotmentid":"RPS051337","allotment_date":1650565800000,"rate_of_allotment":17800,"village_name":"Dhanauri","khasra_no":"1733","longitude":77.61027142,"latitude":28.33377351,"authority":"YEIDA","category":"residential","execution_stage":"allotted"}},{"type":"Feature","geometry":{"type":"Polygon","coordinates":[[[77.609871,28.334663],[77.609874,28.334825],[77.609762,28.334826],[77.609758,28.334665],[77.609871,28.334663]]]},"properties":{"objectid":645,"uniqueplotid":"PLNGRESIDENTIAL645","plotmap_id":"SECTOR-16_48_F_RESI","plotidentificationnumber":"48","plotno":"48","industrysector":"SECTOR-16","block":"F","plotsize":"200 SQMT","plotsize_at_the_time_of_allotme":"200 SQMT","landuse_type":"RESIDENTIAL","landuse_subcategory":"RESIDENTIAL","scheme_cod":"RPS06","investment":0,"employment":0,"plotstatus":"Allotted","landallotementstatus":"SOLD","landallotementtype":"ALLOTTED","allotmentid":"RPS061374","allotment_date":1671993000000,"rate_of_allotment":18510,"village_name":"Dhanauri","khasra_no":"1720,1721","longitude":77.60981632000001,"latitude":28.334744840000003,"authority":"YEIDA","category":"residential","execution_stage":"allotted"}},{"type":"Feature","geometry":{"type":"Polygon","coordinates":[[[77.609874,28.334825],[77.609878,28.334986],[77.609765,28.334988],[77.609762,28.334826],[77.609874,28.334825]]]},"properties":{"objectid":646,"uniqueplotid":"PLNGRESIDENTIAL646","plotmap_id":"SECTOR-16_49_F_RESI","plotidentificationnumber":"49","plotno":"49","industrysector":"SECTOR-16","block":"F","plotsize":"200 SQMT","plotsize_at_the_time_of_allotme":"200 SQMT","landuse_type":"RESIDENTIAL","landuse_subcategory":"RESIDENTIAL","scheme_cod":"RPS06","investment":0,"employment":0,"plotstatus":"Allotted","landallotementstatus":"SOLD","landallotementtype":"ALLOTTED","allotmentid":"RPS061371","allotment_date":1671993000000,"rate_of_allotment":18510,"village_name":"Dhanauri","khasra_no":"1720","longitude":77.60981959,"latitude":28.33490642,"authority":"YEIDA","category":"residential","execution_stage":"allotted"}},{"type":"Feature","geometry":{"type":"Polygon","coordinates":[[[77.610194,28.334928],[77.610196,28.335018],[77.609997,28.335021],[77.609996,28.334931],[77.610194,28.334928]]]},"properties":{"objectid":648,"uniqueplotid":"PLNGRESIDENTIAL648","plotmap_id":"SECTOR-16_55_F_RESI","plotidentificationnumber":"55","plotno":"55","industrysector":"SECTOR-16","block":"F","plotsize":"200 SQMT","plotsize_at_the_time_of_allotme":"200 SQMT","landuse_type":"RESIDENTIAL","landuse_subcategory":"RESIDENTIAL","scheme_cod":"RPS06","investment":0,"employment":0,"plotstatus":"Allotted","landallotementstatus":"SOLD","landallotementtype":"ALLOTTED","allotmentid":"RPS061360","allotment_date":1671993000000,"rate_of_allotment":18510,"village_name":"Dhanauri","khasra_no":"1720,1721","longitude":77.61009584,"latitude":28.33497424,"authority":"YEIDA","category":"residential","execution_stage":"allotted"}},{"type":"Feature","geometry":{"type":"Polygon","coordinates":[[[77.610189,28.334659],[77.610191,28.334748],[77.609992,28.334751],[77.60999,28.334662],[77.610189,28.334659]]]},"properties":{"objectid":649,"uniqueplotid":"PLNGRESIDENTIAL649","plotmap_id":"SECTOR-16_58_F_RESI","plotidentificationnumber":"58","plotno":"58","industrysector":"SECTOR-16","block":"F","plotsize":"200 SQMT","plotsize_at_the_time_of_allotme":"200 SQMT","landuse_type":"RESIDENTIAL","landuse_subcategory":"RESIDENTIAL","scheme_cod":"RPS06","investment":0,"employment":0,"plotstatus":"Allotted","landallotementstatus":"SOLD","landallotementtype":"ALLOTTED","allotmentid":"RPS061358","allotment_date":1671993000000,"rate_of_allotment":18510,"village_name":"Dhanauri","khasra_no":"1725,1721","longitude":77.6100904,"latitude":28.33470494,"authority":"YEIDA","category":"residential","execution_stage":"allotted"}},{"type":"Feature","geometry":{"type":"Polygon","coordinates":[[[77.610387,28.334656],[77.610389,28.334745],[77.610191,28.334748],[77.610189,28.334659],[77.610387,28.334656]]]},"properties":{"objectid":650,"uniqueplotid":"PLNGRESIDENTIAL650","plotmap_id":"SECTOR-16_59_F_RESI","plotidentificationnumber":"59","plotno":"59","industrysector":"SECTOR-16","block":"F","plotsize":"200 SQMT","plotsize_at_the_time_of_allotme":"200 SQMT","landuse_type":"RESIDENTIAL","landuse_subcategory":"RESIDENTIAL","scheme_cod":"RPS06","investment":0,"employment":0,"plotstatus":"Allotted","landallotementstatus":"SOLD","landallotementtype":"ALLOTTED","allotmentid":"RPS061347","allotment_date":1671993000000,"rate_of_allotment":18510,"village_name":"Dhanauri","khasra_no":"1725,1724","longitude":77.61028906,"latitude":28.33470205,"authority":"YEIDA","category":"residential","execution_stage":"allotted"}},{"type":"Feature","geometry":{"type":"Polygon","coordinates":[[[77.610393,28.334925],[77.610395,28.335015],[77.610196,28.335018],[77.610194,28.334928],[77.610393,28.334925]]]},"properties":{"objectid":651,"uniqueplotid":"PLNGRESIDENTIAL651","plotmap_id":"SECTOR-16_62_F_RESI","plotidentificationnumber":"62","plotno":"62","industrysector":"SECTOR-16","block":"F","plotsize":"200 SQMT","plotsize_at_the_time_of_allotme":"200 SQMT","landuse_type":"RESIDENTIAL","landuse_subcategory":"RESIDENTIAL","scheme_cod":"RPS06","investment":0,"employment":0,"plotstatus":"Allotted","landallotementstatus":"SOLD","landallotementtype":"ALLOTTED","allotmentid":"RPS061350","allotment_date":1671993000000,"rate_of_allotment":18510,"village_name":"Dhanauri","khasra_no":"1724,1721","longitude":77.61029450000001,"latitude":28.33497135,"authority":"YEIDA","category":"residential","execution_stage":"allotted"}},{"type":"Feature","geometry":{"type":"Polygon","coordinates":[[[77.610395,28.335015],[77.610397,28.335105],[77.610198,28.335107],[77.610196,28.335018],[77.610395,28.335015]]]},"properties":{"objectid":666,"uniqueplotid":"PLNGRESIDENTIAL666","plotmap_id":"SECTOR-16_63_F_RESI","plotidentificationnumber":"63","plotno":"63","industrysector":"SECTOR-16","block":"F","plotsize":"200 SQMT","plotsize_at_the_time_of_allotme":"200 SQMT","landuse_type":"RESIDENTIAL","landuse_subcategory":"RESIDENTIAL","scheme_cod":"RPS07","investment":0,"employment":0,"plotstatus":"Allotted","landallotementstatus":"SOLD","landallotementtype":"ALLOTTED","allotmentid":"RPS071899","allotment_date":1698777000000,"rate_of_allotment":24900,"village_name":"Dhanauri","khasra_no":"1724,1721","longitude":77.61029631000001,"latitude":28.33506111,"authority":"YEIDA","category":"residential","execution_stage":"allotted"}},{"type":"Feature","geometry":{"type":"Polygon","coordinates":[[[77.610196,28.335018],[77.610198,28.335107],[77.609999,28.33511],[77.609997,28.335021],[77.610196,28.335018]]]},"properties":{"objectid":667,"uniqueplotid":"PLNGRESIDENTIAL667","plotmap_id":"SECTOR-16_96_F_RESI","plotidentificationnumber":"96","plotno":"96","industrysector":"SECTOR-16","block":"F","plotsize":"200 SQMT","plotsize_at_the_time_of_allotme":"200 SQMT","landuse_type":"RESIDENTIAL","landuse_subcategory":"RESIDENTIAL","scheme_cod":"RPS07","investment":0,"employment":0,"plotstatus":"Allotted","landallotementstatus":"SOLD","landallotementtype":"ALLOTTED","allotmentid":"RPS071466","allotment_date":1698777000000,"rate_of_allotment":24900,"village_name":"Dhanauri","khasra_no":"1720,1721","longitude":77.61009766,"latitude":28.335064,"authority":"YEIDA","category":"residential","execution_stage":"allotted"}},{"type":"Feature","geometry":{"type":"Polygon","coordinates":[[[77.610397,28.335105],[77.610398,28.335194],[77.6102,28.335197],[77.610198,28.335107],[77.610397,28.335105]]]},"properties":{"objectid":668,"uniqueplotid":"PLNGRESIDENTIAL668","plotmap_id":"SECTOR-16_64_F_RESI","plotidentificationnumber":"64","plotno":"64","industrysector":"SECTOR-16","block":"F","plotsize":"200 SQMT","plotsize_at_the_time_of_allotme":"200 SQMT","landuse_type":"RESIDENTIAL","landuse_subcategory":"RESIDENTIAL","scheme_cod":"RPS07","investment":0,"employment":0,"plotstatus":"Allotted","landallotementstatus":"SOLD","landallotementtype":"ALLOTTED","allotmentid":"RPS071749","allotment_date":1698777000000,"rate_of_allotment":24900,"village_name":"Dhanauri","khasra_no":"1720,1721","longitude":77.61029812000001,"latitude":28.33515088,"authority":"YEIDA","category":"residential","execution_stage":"allotted"}},{"type":"Feature","geometry":{"type":"Polygon","coordinates":[[[77.610198,28.335107],[77.6102,28.335197],[77.610001,28.3352],[77.609999,28.33511],[77.610198,28.335107]]]},"properties":{"objectid":669,"uniqueplotid":"PLNGRESIDENTIAL669","plotmap_id":"SECTOR-16_95_F_RESI","plotidentificationnumber":"95","plotno":"95","industrysector":"SECTOR-16","block":"F","plotsize":"200 SQMT","plotsize_at_the_time_of_allotme":"200 SQMT","landuse_type":"RESIDENTIAL","landuse_subcategory":"RESIDENTIAL","scheme_cod":"RPS07","investment":0,"employment":0,"plotstatus":"Allotted","landallotementstatus":"SOLD","landallotementtype":"ALLOTTED","allotmentid":"RPS071804","allotment_date":1698777000000,"rate_of_allotment":24900,"village_name":"Dhanauri","khasra_no":"1720,1721","longitude":77.61009947,"latitude":28.33515377,"authority":"YEIDA","category":"residential","execution_stage":"allotted"}},{"type":"Feature","geometry":{"type":"Polygon","coordinates":[[[77.610371,28.333821],[77.610372,28.333911],[77.610174,28.333914],[77.610172,28.333824],[77.610371,28.333821]]]},"properties":{"objectid":670,"uniqueplotid":"PLNGRESIDENTIAL670","plotmap_id":"SECTOR-16_2_A_RESI","plotidentificationnumber":"2","plotno":"2","industrysector":"SECTOR-16","block":"A","plotsize":"200 SQMT","plotsize_at_the_time_of_allotme":"200 SQMT","landuse_type":"RESIDENTIAL","landuse_subcategory":"RESIDENTIAL","scheme_cod":"RPS05","investment":0,"employment":0,"plotstatus":"Allotted","landallotementstatus":"SOLD","landallotementtype":"ALLOTTED","allotmentid":"RPS051309","allotment_date":1650565800000,"rate_of_allotment":17800,"village_name":"Dhanauri","khasra_no":"1733","longitude":77.61027220000001,"latitude":28.33386723,"authority":"YEIDA","category":"residential","execution_stage":"allotted"}},{"type":"Feature","geometry":{"type":"Polygon","coordinates":[[[77.610372,28.333911],[77.610374,28.334],[77.610176,28.334003],[77.610174,28.333914],[77.610372,28.333911]]]},"properties":{"objectid":671,"uniqueplotid":"PLNGRESIDENTIAL671","plotmap_id":"SECTOR-16_3_A_RESI","plotidentificationnumber":"3","plotno":"3","industrysector":"SECTOR-16","block":"A","plotsize":"200 SQMT","plotsize_at_the_time_of_allotme":"200 SQMT","landuse_type":"RESIDENTIAL","landuse_subcategory":"RESIDENTIAL","scheme_cod":"RPS05","investment":0,"employment":0,"plotstatus":"Allotted","landallotementstatus":"SOLD","landallotementtype":"ALLOTTED","allotmentid":"RPS051319","allotment_date":1650565800000,"rate_of_allotment":17800,"village_name":"Dhanauri","khasra_no":"1733","longitude":77.61027401000001,"latitude":28.333957,"authority":"YEIDA","category":"residential","execution_stage":"allotted"}},{"type":"Feature","geometry":{"type":"Polygon","coordinates":[[[77.610374,28.334],[77.610376,28.33409],[77.610177,28.334093],[77.610176,28.334003],[77.610374,28.334]]]},"properties":{"objectid":672,"uniqueplotid":"PLNGRESIDENTIAL672","plotmap_id":"SECTOR-16_4_A_RESI","plotidentificationnumber":"4","plotno":"4","industrysector":"SECTOR-16","block":"A","plotsize":"200 SQMT","plotsize_at_the_time_of_allotme":"200 SQMT","landuse_type":"RESIDENTIAL","landuse_subcategory":"RESIDENTIAL","scheme_cod":"RPS05","investment":0,"employment":0,"plotstatus":"Allotted","landallotementstatus":"SOLD","landallotementtype":"ALLOTTED","allotmentid":"RPS051294","allotment_date":1650565800000,"rate_of_allotment":17800,"village_name":"Dhanauri","khasra_no":"1733","longitude":77.61027583,"latitude":28.33404676,"authority":"YEIDA","category":"residential","execution_stage":"allotted"}},{"type":"Feature","geometry":{"type":"Polygon","coordinates":[[[77.610376,28.33409],[77.610378,28.33418],[77.610179,28.334183],[77.610177,28.334093],[77.610376,28.33409]]]},"properties":{"objectid":673,"uniqueplotid":"PLNGRESIDENTIAL673","plotmap_id":"SECTOR-16_5_A_RESI","plotidentificationnumber":"5","plotno":"5","industrysector":"SECTOR-16","block":"A","plotsize":"200 SQMT","plotsize_at_the_time_of_allotme":"200 SQMT","landuse_type":"RESIDENTIAL","landuse_subcategory":"RESIDENTIAL","scheme_cod":"RPS05","investment":0,"employment":0,"plotstatus":"Allotted","landallotementstatus":"SOLD","landallotementtype":"ALLOTTED","allotmentid":"RPS051340","allotment_date":1650565800000,"rate_of_allotment":17800,"village_name":"Dhanauri","khasra_no":"1733","longitude":77.61027764,"latitude":28.33413653,"authority":"YEIDA","category":"residential","execution_stage":"allotted"}},{"type":"Feature","geometry":{"type":"Polygon","coordinates":[[[77.610378,28.33418],[77.61038,28.33427],[77.610181,28.334273],[77.610179,28.334183],[77.610378,28.33418]]]},"properties":{"objectid":674,"uniqueplotid":"PLNGRESIDENTIAL674","plotmap_id":"SECTOR-16_6_A_RESI","plotidentificationnumber":"6","plotno":"6","industrysector":"SECTOR-16","block":"A","plotsize":"200 SQMT","plotsize_at_the_time_of_allotme":"200 SQMT","landuse_type":"RESIDENTIAL","landuse_subcategory":"RESIDENTIAL","scheme_cod":"RPS05","investment":0,"employment":0,"plotstatus":"Allotted","landallotementstatus":"SOLD","landallotementtype":"ALLOTTED","allotmentid":"RPS051327","allotment_date":1650565800000,"rate_of_allotment":17800,"village_name":"Dhanauri","khasra_no":"1733,1732,1729,1726","longitude":77.61027945000001,"latitude":28.33422629,"authority":"YEIDA","category":"residential","execution_stage":"allotted"}},{"type":"Feature","geometry":{"type":"Polygon","coordinates":[[[77.610815,28.334174],[77.610817,28.334263],[77.610618,28.334266],[77.610616,28.334176],[77.610815,28.334174]]]},"properties":{"objectid":675,"uniqueplotid":"PLNGRESIDENTIAL675","plotmap_id":"SECTOR-16_80_G_RESI","plotidentificationnumber":"80","plotno":"80","industrysector":"SECTOR-16","block":"G","plotsize":"200 SQMT","plotsize_at_the_time_of_allotme":"200 SQMT","landuse_type":"RESIDENTIAL","landuse_subcategory":"RESIDENTIAL","scheme_cod":"RPS07","investment":0,"employment":0,"plotstatus":"Allotted","landallotementstatus":"SOLD","landallotementtype":"ALLOTTED","allotmentid":"RPS071482","allotment_date":1698777000000,"rate_of_allotment":24900,"village_name":"Dhanauri","khasra_no":"1732","longitude":77.61071648999999,"latitude":28.33421994,"authority":"YEIDA","category":"residential","execution_stage":"allotted"}},{"type":"Feature","geometry":{"type":"Polygon","coordinates":[[[77.61038,28.33427],[77.610381,28.334359],[77.610183,28.334362],[77.610181,28.334273],[77.61038,28.33427]]]},"properties":{"objectid":676,"uniqueplotid":"PLNGRESIDENTIAL676","plotmap_id":"SECTOR-16_7_A_RESI","plotidentificationnumber":"7","plotno":"7","industrysector":"SECTOR-16","block":"A","plotsize":"200 SQMT","plotsize_at_the_time_of_allotme":"200 SQMT","landuse_type":"RESIDENTIAL","landuse_subcategory":"RESIDENTIAL","scheme_cod":"RPS05","investment":0,"employment":0,"plotstatus":"Allotted","landallotementstatus":"SOLD","landallotementtype":"ALLOTTED","allotmentid":"RPS051300","allotment_date":1650565800000,"rate_of_allotment":17800,"village_name":"Dhanauri","khasra_no":"1733,1725,1732,1729,1726","longitude":77.61028126000001,"latitude":28.33431606,"authority":"YEIDA","category":"residential","execution_stage":"allotted"}},{"type":"Feature","geometry":{"type":"Polygon","coordinates":[[[77.610817,28.334263],[77.610819,28.334353],[77.61062,28.334356],[77.610618,28.334266],[77.610817,28.334263]]]},"properties":{"objectid":677,"uniqueplotid":"PLNGRESIDENTIAL677","plotmap_id":"SECTOR-16_81_G_RESI","plotidentificationnumber":"81","plotno":"81","industrysector":"SECTOR-16","block":"G","plotsize":"200 SQMT","plotsize_at_the_time_of_allotme":"200 SQMT","landuse_type":"RESIDENTIAL","landuse_subcategory":"RESIDENTIAL","scheme_cod":"RPS07","investment":0,"employment":0,"plotstatus":"Allotted","landallotementstatus":"SOLD","landallotementtype":"ALLOTTED","allotmentid":"RPS071705","allotment_date":1698777000000,"rate_of_allotment":24900,"village_name":"Dhanauri","khasra_no":"1732","longitude":77.61071829999999,"latitude":28.3343097,"authority":"YEIDA","category":"residential","execution_stage":"allotted"}},{"type":"Feature","geometry":{"type":"Polygon","coordinates":[[[77.610381,28.334359],[77.610383,28.334449],[77.610185,28.334452],[77.610183,28.334362],[77.610381,28.334359]]]},"properties":{"objectid":678,"uniqueplotid":"PLNGRESIDENTIAL678","plotmap_id":"SECTOR-16_8_A_RESI","plotidentificationnumber":"8","plotno":"8","industrysector":"SECTOR-16","block":"A","plotsize":"200 SQMT","plotsize_at_the_time_of_allotme":"200 SQMT","landuse_type":"RESIDENTIAL","landuse_subcategory":"RESIDENTIAL","scheme_cod":"RPS05","investment":0,"employment":0,"plotstatus":"Allotted","landallotementstatus":"SOLD","landallotementtype":"ALLOTTED","allotmentid":"RPS051343","allotment_date":1650565800000,"rate_of_allotment":17800,"village_name":"Dhanauri","khasra_no":"1725,1732,1729","longitude":77.61028308,"latitude":28.334405819999997,"authority":"YEIDA","category":"residential","execution_stage":"allotted"}},{"type":"Feature","geometry":{"type":"Polygon","coordinates":[[[77.610183,28.334362],[77.610185,28.334452],[77.609986,28.334455],[77.609984,28.334365],[77.610183,28.334362]]]},"properties":{"objectid":679,"uniqueplotid":"PLNGRESIDENTIAL679","plotmap_id":"SECTOR-16_11_A_RESI","plotidentificationnumber":"11","plotno":"11","industrysector":"SECTOR-16","block":"A","plotsize":"200 SQMT","plotsize_at_the_time_of_allotme":"200 SQMT","landuse_type":"RESIDENTIAL","landuse_subcategory":"RESIDENTIAL","scheme_cod":"RPS05","investment":0,"employment":0,"plotstatus":"Allotted","landallotementstatus":"SOLD","landallotementtype":"ALLOTTED","allotmentid":"RPS051316","allotment_date":1650565800000,"rate_of_allotment":17800,"village_name":"Dhanauri","khasra_no":"1725,1726","longitude":77.61008441999999,"latitude":28.334408709999998,"authority":"YEIDA","category":"residential","execution_stage":"allotted"}},{"type":"Feature","geometry":{"type":"Polygon","coordinates":[[[77.610181,28.334273],[77.610183,28.334362],[77.609984,28.334365],[77.609982,28.334276],[77.610181,28.334273]]]},"properties":{"objectid":680,"uniqueplotid":"PLNGRESIDENTIAL680","plotmap_id":"SECTOR-16_12_A_RESI","plotidentificationnumber":"12","plotno":"12","industrysector":"SECTOR-16","block":"A","plotsize":"200 SQMT","plotsize_at_the_time_of_allotme":"200 SQMT","landuse_type":"RESIDENTIAL","landuse_subcategory":"RESIDENTIAL","scheme_cod":"RPS05","investment":0,"employment":0,"plotstatus":"Allotted","landallotementstatus":"SOLD","landallotementtype":"ALLOTTED","allotmentid":"RPS051330","allotment_date":1650565800000,"rate_of_allotment":17800,"village_name":"Dhanauri","khasra_no":"1725,1726","longitude":77.61008261,"latitude":28.33431895,"authority":"YEIDA","category":"residential","execution_stage":"allotted"}},{"type":"Feature","geometry":{"type":"Polygon","coordinates":[[[77.610179,28.334183],[77.610181,28.334273],[77.609982,28.334276],[77.609981,28.334186],[77.610179,28.334183]]]},"properties":{"objectid":681,"uniqueplotid":"PLNGRESIDENTIAL681","plotmap_id":"SECTOR-16_13_A_RESI","plotidentificationnumber":"13","plotno":"13","industrysector":"SECTOR-16","block":"A","plotsize":"200 SQMT","plotsize_at_the_time_of_allotme":"200 SQMT","landuse_type":"RESIDENTIAL","landuse_subcategory":"RESIDENTIAL","scheme_cod":"RPS05","investment":0,"employment":0,"plotstatus":"Allotted","landallotementstatus":"SOLD","landallotementtype":"ALLOTTED","allotmentid":"RPS051354","allotment_date":1650565800000,"rate_of_allotment":17800,"village_name":"Dhanauri","khasra_no":"1733,1729,1726","longitude":77.6100808,"latitude":28.334229179999998,"authority":"YEIDA","category":"residential","execution_stage":"allotted"}},{"type":"Feature","geometry":{"type":"Polygon","coordinates":[[[77.610177,28.334093],[77.610179,28.334183],[77.609981,28.334186],[77.609979,28.334096],[77.610177,28.334093]]]},"properties":{"objectid":682,"uniqueplotid":"PLNGRESIDENTIAL682","plotmap_id":"SECTOR-16_14_A_RESI","plotidentificationnumber":"14","plotno":"14","industrysector":"SECTOR-16","block":"A","plotsize":"200 SQMT","plotsize_at_the_time_of_allotme":"200 SQMT","landuse_type":"RESIDENTIAL","landuse_subcategory":"RESIDENTIAL","scheme_cod":"RPS05","investment":0,"employment":0,"plotstatus":"Allotted","landallotementstatus":"SOLD","landallotementtype":"ALLOTTED","allotmentid":"RPS051325","allotment_date":1650565800000,"rate_of_allotment":17800,"village_name":"Dhanauri","khasra_no":"1733,1729,1726","longitude":77.61007898,"latitude":28.33413942,"authority":"YEIDA","category":"residential","execution_stage":"allotted"}},{"type":"Feature","geometry":{"type":"Polygon","coordinates":[[[77.610176,28.334003],[77.610177,28.334093],[77.609979,28.334096],[77.609977,28.334006],[77.610176,28.334003]]]},"properties":{"objectid":683,"uniqueplotid":"PLNGRESIDENTIAL683","plotmap_id":"SECTOR-16_15_A_RESI","plotidentificationnumber":"15","plotno":"15","industrysector":"SECTOR-16","block":"A","plotsize":"200 SQMT","plotsize_at_the_time_of_allotme":"200 SQMT","landuse_type":"RESIDENTIAL","landuse_subcategory":"RESIDENTIAL","scheme_cod":"RPS05","investment":0,"employment":0,"plotstatus":"Allotted","landallotementstatus":"SOLD","landallotementtype":"ALLOTTED","allotmentid":"RPS051308","allotment_date":1650565800000,"rate_of_allotment":17800,"village_name":"Dhanauri","khasra_no":"1733,1729,1726","longitude":77.61007717,"latitude":28.33404965,"authority":"YEIDA","category":"residential","execution_stage":"allotted"}},{"type":"Feature","geometry":{"type":"Polygon","coordinates":[[[77.610174,28.333914],[77.610176,28.334003],[77.609977,28.334006],[77.609975,28.333916],[77.610174,28.333914]]]},"properties":{"objectid":684,"uniqueplotid":"PLNGRESIDENTIAL684","plotmap_id":"SECTOR-16_16_A_RESI","plotidentificationnumber":"16","plotno":"16","industrysector":"SECTOR-16","block":"A","plotsize":"200 SQMT","plotsize_at_the_time_of_allotme":"200 SQMT","landuse_type":"RESIDENTIAL","landuse_subcategory":"RESIDENTIAL","scheme_cod":"RPS05","investment":0,"employment":0,"plotstatus":"Allotted","landallotementstatus":"SOLD","landallotementtype":"ALLOTTED","allotmentid":"RPS051334","allotment_date":1650565800000,"rate_of_allotment":17800,"village_name":"Dhanauri","khasra_no":"1733,1729","longitude":77.61007536,"latitude":28.33395989,"authority":"YEIDA","category":"residential","execution_stage":"allotted"}},{"type":"Feature","geometry":{"type":"Polygon","coordinates":[[[77.610172,28.333824],[77.610174,28.333914],[77.609975,28.333916],[77.609973,28.333827],[77.610172,28.333824]]]},"properties":{"objectid":685,"uniqueplotid":"PLNGRESIDENTIAL685","plotmap_id":"SECTOR-16_17_A_RESI","plotidentificationnumber":"17","plotno":"17","industrysector":"SECTOR-16","block":"A","plotsize":"200 SQMT","plotsize_at_the_time_of_allotme":"200 SQMT","landuse_type":"RESIDENTIAL","landuse_subcategory":"RESIDENTIAL","scheme_cod":"RPS05","investment":0,"employment":0,"plotstatus":"Allotted","landallotementstatus":"SOLD","landallotementtype":"ALLOTTED","allotmentid":"RPS051351","allotment_date":1650565800000,"rate_of_allotment":17800,"village_name":"Dhanauri","khasra_no":"1733,1734","longitude":77.61007354,"latitude":28.33387012,"authority":"YEIDA","category":"residential","execution_stage":"allotted"}},{"type":"Feature","geometry":{"type":"Polygon","coordinates":[[[77.609753,28.333731],[77.609756,28.333911],[77.609657,28.333912],[77.609653,28.333733],[77.609753,28.333731]]]},"properties":{"objectid":686,"uniqueplotid":"PLNGRESIDENTIAL686","plotmap_id":"SECTOR-16_20_A_RESI","plotidentificationnumber":"20","plotno":"20","industrysector":"SECTOR-16","block":"A","plotsize":"200 SQMT","plotsize_at_the_time_of_allotme":"200 SQMT","landuse_type":"RESIDENTIAL","landuse_subcategory":"RESIDENTIAL","scheme_cod":"RPS05","investment":0,"employment":0,"plotstatus":"Allotted","landallotementstatus":"SOLD","landallotementtype":"ALLOTTED","allotmentid":"RPS051324","allotment_date":1650565800000,"rate_of_allotment":17800,"village_name":"Dhanauri","khasra_no":"1734,1729,1727","longitude":77.60970494,"latitude":28.33382161,"authority":"YEIDA","category":"residential","execution_stage":"allotted"}},{"type":"Feature","geometry":{"type":"Polygon","coordinates":[[[77.609653,28.333733],[77.609657,28.333912],[77.609558,28.333914],[77.609554,28.333734],[77.609653,28.333733]]]},"properties":{"objectid":687,"uniqueplotid":"PLNGRESIDENTIAL687","plotmap_id":"SECTOR-16_21_A_RESI","plotidentificationnumber":"21","plotno":"21","industrysector":"SECTOR-16","block":"A","plotsize":"200 SQMT","plotsize_at_the_time_of_allotme":"200 SQMT","landuse_type":"RESIDENTIAL","landuse_subcategory":"RESIDENTIAL","scheme_cod":"RPS05","investment":0,"employment":0,"plotstatus":"Allotted","landallotementstatus":"SOLD","landallotementtype":"ALLOTTED","allotmentid":"RPS051311","allotment_date":1650565800000,"rate_of_allotment":17800,"village_name":"Dhanauri","khasra_no":"1727,1728","longitude":77.60960562,"latitude":28.33382305,"authority":"YEIDA","category":"residential","execution_stage":"allotted"}},{"type":"Feature","geometry":{"type":"Polygon","coordinates":[[[77.609554,28.333734],[77.609558,28.333914],[77.609458,28.333915],[77.609455,28.333735],[77.609554,28.333734]]]},"properties":{"objectid":688,"uniqueplotid":"PLNGRESIDENTIAL688","plotmap_id":"SECTOR-16_22_A_RESI","plotidentificationnumber":"22","plotno":"22","industrysector":"SECTOR-16","block":"A","plotsize":"200 SQMT","plotsize_at_the_time_of_allotme":"200 SQMT","landuse_type":"RESIDENTIAL","landuse_subcategory":"RESIDENTIAL","scheme_cod":"RPS05","investment":0,"employment":0,"plotstatus":"Allotted","landallotementstatus":"SOLD","landallotementtype":"ALLOTTED","allotmentid":"RPS051295","allotment_date":1650565800000,"rate_of_allotment":17800,"village_name":"Dhanauri","khasra_no":"1727,1728","longitude":77.60950629,"latitude":28.33382449,"authority":"YEIDA","category":"residential","execution_stage":"allotted"}},{"type":"Feature","geometry":{"type":"Polygon","coordinates":[[[77.609455,28.333735],[77.609458,28.333915],[77.609359,28.333916],[77.609355,28.333737],[77.609455,28.333735]]]},"properties":{"objectid":689,"uniqueplotid":"PLNGRESIDENTIAL689","plotmap_id":"SECTOR-16_23_A_RESI","plotidentificationnumber":"23","plotno":"23","industrysector":"SECTOR-16","block":"A","plotsize":"200 SQMT","plotsize_at_the_time_of_allotme":"200 SQMT","landuse_type":"RESIDENTIAL","landuse_subcategory":"RESIDENTIAL","scheme_cod":"RPS05","investment":0,"employment":0,"plotstatus":"Allotted","landallotementstatus":"SOLD","landallotementtype":"ALLOTTED","allotmentid":"RPS051353","allotment_date":1650565800000,"rate_of_allotment":17800,"village_name":"Dhanauri","khasra_no":"1727,1728","longitude":77.60940695999999,"latitude":28.33382594,"authority":"YEIDA","category":"residential","execution_stage":"allotted"}},{"type":"Feature","geometry":{"type":"Polygon","coordinates":[[[77.609756,28.333911],[77.60976,28.33409],[77.609661,28.334092],[77.609657,28.333912],[77.609756,28.333911]]]},"properties":{"objectid":696,"uniqueplotid":"PLNGRESIDENTIAL696","plotmap_id":"SECTOR-16_41_A_RESI","plotidentificationnumber":"41","plotno":"41","industrysector":"SECTOR-16","block":"A","plotsize":"200 SQMT","plotsize_at_the_time_of_allotme":"200 SQMT","landuse_type":"RESIDENTIAL","landuse_subcategory":"RESIDENTIAL","scheme_cod":"RPS05","investment":0,"employment":0,"plotstatus":"Allotted","landallotementstatus":"SOLD","landallotementtype":"ALLOTTED","allotmentid":"RPS051358","allotment_date":1650565800000,"rate_of_allotment":17800,"village_name":"Dhanauri","khasra_no":"1727,1726","longitude":77.60970857000001,"latitude":28.334001139999998,"authority":"YEIDA","category":"residential","execution_stage":"allotted"}},{"type":"Feature","geometry":{"type":"Polygon","coordinates":[[[77.609657,28.333912],[77.609661,28.334092],[77.609561,28.334093],[77.609558,28.333914],[77.609657,28.333912]]]},"properties":{"objectid":697,"uniqueplotid":"PLNGRESIDENTIAL697","plotmap_id":"SECTOR-16_40_A_RESI","plotidentificationnumber":"40","plotno":"40","industrysector":"SECTOR-16","block":"A","plotsize":"200 SQMT","plotsize_at_the_time_of_allotme":"200 SQMT","landuse_type":"RESIDENTIAL","landuse_subcategory":"RESIDENTIAL","scheme_cod":"RPS05","investment":0,"employment":0,"plotstatus":"Allotted","landallotementstatus":"SOLD","landallotementtype":"ALLOTTED","allotmentid":"RPS051349","allotment_date":1650565800000,"rate_of_allotment":17800,"village_name":"Dhanauri","khasra_no":"1727","longitude":77.60960924,"latitude":28.33400258,"authority":"YEIDA","category":"residential","execution_stage":"allotted"}},{"type":"Feature","geometry":{"type":"Polygon","coordinates":[[[77.609558,28.333914],[77.609561,28.334093],[77.609462,28.334095],[77.609458,28.333915],[77.609558,28.333914]]]},"properties":{"objectid":698,"uniqueplotid":"PLNGRESIDENTIAL698","plotmap_id":"SECTOR-16_39_A_RESI","plotidentificationnumber":"39","plotno":"39","industrysector":"SECTOR-16","block":"A","plotsize":"200 SQMT","plotsize_at_the_time_of_allotme":"200 SQMT","landuse_type":"RESIDENTIAL","landuse_subcategory":"RESIDENTIAL","scheme_cod":"RPS05","investment":0,"employment":0,"plotstatus":"Allotted","landallotementstatus":"SOLD","landallotementtype":"ALLOTTED","allotmentid":"RPS051307","allotment_date":1650565800000,"rate_of_allotment":17800,"village_name":"Dhanauri","khasra_no":"1727","longitude":77.60950991,"latitude":28.33400403,"authority":"YEIDA","category":"residential","execution_stage":"allotted"}},{"type":"Feature","geometry":{"type":"Polygon","coordinates":[[[77.609458,28.333915],[77.609462,28.334095],[77.609363,28.334096],[77.609359,28.333916],[77.609458,28.333915]]]},"properties":{"objectid":699,"uniqueplotid":"PLNGRESIDENTIAL699","plotmap_id":"SECTOR-16_38_A_RESI","plotidentificationnumber":"38","plotno":"38","industrysector":"SECTOR-16","block":"A","plotsize":"200 SQMT","plotsize_at_the_time_of_allotme":"200 SQMT","landuse_type":"RESIDENTIAL","landuse_subcategory":"RESIDENTIAL","scheme_cod":"RPS05","investment":0,"employment":0,"plotstatus":"Allotted","landallotementstatus":"SOLD","landallotementtype":"ALLOTTED","allotmentid":"RPS051357","allotment_date":1650565800000,"rate_of_allotment":17800,"village_name":"Dhanauri","khasra_no":"1727","longitude":77.60941059,"latitude":28.33400547,"authority":"YEIDA","category":"residential","execution_stage":"allotted"}},{"type":"Feature","geometry":{"type":"Polygon","coordinates":[[[77.609762,28.334198],[77.609766,28.334377],[77.609667,28.334379],[77.609663,28.334199],[77.609762,28.334198]]]},"properties":{"objectid":706,"uniqueplotid":"PLNGRESIDENTIAL706","plotmap_id":"SECTOR-16_44_A_RESI","plotidentificationnumber":"44","plotno":"44","industrysector":"SECTOR-16","block":"A","plotsize":"200 SQMT","plotsize_at_the_time_of_allotme":"200 SQMT","landuse_type":"RESIDENTIAL","landuse_subcategory":"RESIDENTIAL","scheme_cod":"RPS05","investment":0,"employment":0,"plotstatus":"Allotted","landallotementstatus":"SOLD","landallotementtype":"ALLOTTED","allotmentid":"RPS051333","allotment_date":1650565800000,"rate_of_allotment":17800,"village_name":"Dhanauri","khasra_no":"1726","longitude":77.60971437,"latitude":28.334288389999998,"authority":"YEIDA","category":"residential","execution_stage":"allotted"}},{"type":"Feature","geometry":{"type":"Polygon","coordinates":[[[77.609663,28.334199],[77.609667,28.334379],[77.609567,28.33438],[77.609564,28.334201],[77.609663,28.334199]]]},"properties":{"objectid":707,"uniqueplotid":"PLNGRESIDENTIAL707","plotmap_id":"SECTOR-16_45_A_RESI","plotidentificationnumber":"45","plotno":"45","industrysector":"SECTOR-16","block":"A","plotsize":"200 SQMT","plotsize_at_the_time_of_allotme":"200 SQMT","landuse_type":"RESIDENTIAL","landuse_subcategory":"RESIDENTIAL","scheme_cod":"RPS05","investment":0,"employment":0,"plotstatus":"Allotted","landallotementstatus":"SOLD","landallotementtype":"ALLOTTED","allotmentid":"RPS051348","allotment_date":1650565800000,"rate_of_allotment":17800,"village_name":"Dhanauri","khasra_no":"1727,1726","longitude":77.60961504,"latitude":28.33428983,"authority":"YEIDA","category":"residential","execution_stage":"allotted"}},{"type":"Feature","geometry":{"type":"Polygon","coordinates":[[[77.609564,28.334201],[77.609567,28.33438],[77.609468,28.334382],[77.609464,28.334202],[77.609564,28.334201]]]},"properties":{"objectid":708,"uniqueplotid":"PLNGRESIDENTIAL708","plotmap_id":"SECTOR-16_46_A_RESI","plotidentificationnumber":"46","plotno":"46","industrysector":"SECTOR-16","block":"A","plotsize":"200 SQMT","plotsize_at_the_time_of_allotme":"200 SQMT","landuse_type":"RESIDENTIAL","landuse_subcategory":"RESIDENTIAL","scheme_cod":"RPS05","investment":0,"employment":0,"plotstatus":"Allotted","landallotementstatus":"SOLD","landallotementtype":"ALLOTTED","allotmentid":"RPS051328","allotment_date":1650565800000,"rate_of_allotment":17800,"village_name":"Dhanauri","khasra_no":"1727,1726","longitude":77.60951571999999,"latitude":28.33429128,"authority":"YEIDA","category":"residential","execution_stage":"allotted"}},{"type":"Feature","geometry":{"type":"Polygon","coordinates":[[[77.609464,28.334202],[77.609468,28.334382],[77.609369,28.334383],[77.609365,28.334204],[77.609464,28.334202]]]},"properties":{"objectid":709,"uniqueplotid":"PLNGRESIDENTIAL709","plotmap_id":"SECTOR-16_47_A_RESI","plotidentificationnumber":"47","plotno":"47","industrysector":"SECTOR-16","block":"A","plotsize":"200 SQMT","plotsize_at_the_time_of_allotme":"200 SQMT","landuse_type":"RESIDENTIAL","landuse_subcategory":"RESIDENTIAL","scheme_cod":"RPS05","investment":0,"employment":0,"plotstatus":"Allotted","landallotementstatus":"SOLD","landallotementtype":"ALLOTTED","allotmentid":"RPS051344","allotment_date":1650565800000,"rate_of_allotment":17800,"village_name":"Dhanauri","khasra_no":"1727,1726","longitude":77.60941638999999,"latitude":28.33429272,"authority":"YEIDA","category":"residential","execution_stage":"allotted"}},{"type":"Feature","geometry":{"type":"Polygon","coordinates":[[[77.609468,28.334382],[77.609471,28.334561],[77.609372,28.334563],[77.609369,28.334383],[77.609468,28.334382]]]},"properties":{"objectid":715,"uniqueplotid":"PLNGRESIDENTIAL715","plotmap_id":"SECTOR-16_62_A_RESI","plotidentificationnumber":"62","plotno":"62","industrysector":"SECTOR-16","block":"A","plotsize":"200 SQMT","plotsize_at_the_time_of_allotme":"200 SQMT","landuse_type":"RESIDENTIAL","landuse_subcategory":"RESIDENTIAL","scheme_cod":"RPS05","investment":0,"employment":0,"plotstatus":"Allotted","landallotementstatus":"SOLD","landallotementtype":"ALLOTTED","allotmentid":"RPS051296","allotment_date":1650565800000,"rate_of_allotment":17800,"village_name":"Dhanauri","khasra_no":"1726","longitude":77.60942001,"latitude":28.334472249999997,"authority":"YEIDA","category":"residential","execution_stage":"allotted"}},{"type":"Feature","geometry":{"type":"Polygon","coordinates":[[[77.609567,28.33438],[77.609571,28.33456],[77.609471,28.334561],[77.609468,28.334382],[77.609567,28.33438]]]},"properties":{"objectid":721,"uniqueplotid":"PLNGRESIDENTIAL721","plotmap_id":"SECTOR-16_63_A_RESI","plotidentificationnumber":"63","plotno":"63","industrysector":"SECTOR-16","block":"A","plotsize":"200 SQMT","plotsize_at_the_time_of_allotme":"200 SQMT","landuse_type":"RESIDENTIAL","landuse_subcategory":"RESIDENTIAL","scheme_cod":"RPS05","investment":0,"employment":0,"plotstatus":"Allotted","landallotementstatus":"SOLD","landallotementtype":"ALLOTTED","allotmentid":"RPS051317","allotment_date":1650565800000,"rate_of_allotment":17800,"village_name":"Dhanauri","khasra_no":"1726","longitude":77.60951933999999,"latitude":28.33447081,"authority":"YEIDA","category":"residential","execution_stage":"allotted"}},{"type":"Feature","geometry":{"type":"Polygon","coordinates":[[[77.609667,28.334379],[77.60967,28.334558],[77.609571,28.33456],[77.609567,28.33438],[77.609667,28.334379]]]},"properties":{"objectid":722,"uniqueplotid":"PLNGRESIDENTIAL722","plotmap_id":"SECTOR-16_64_A_RESI","plotidentificationnumber":"64","plotno":"64","industrysector":"SECTOR-16","block":"A","plotsize":"200 SQMT","plotsize_at_the_time_of_allotme":"200 SQMT","landuse_type":"RESIDENTIAL","landuse_subcategory":"RESIDENTIAL","scheme_cod":"RPS05","investment":0,"employment":0,"plotstatus":"Allotted","landallotementstatus":"SOLD","landallotementtype":"ALLOTTED","allotmentid":"RPS051352","allotment_date":1650565800000,"rate_of_allotment":17800,"village_name":"Dhanauri","khasra_no":"1726","longitude":77.60961867,"latitude":28.33446936,"authority":"YEIDA","category":"residential","execution_stage":"allotted"}},{"type":"Feature","geometry":{"type":"Polygon","coordinates":[[[77.609766,28.334377],[77.609769,28.334557],[77.60967,28.334558],[77.609667,28.334379],[77.609766,28.334377]]]},"properties":{"objectid":723,"uniqueplotid":"PLNGRESIDENTIAL723","plotmap_id":"SECTOR-16_65_A_RESI","plotidentificationnumber":"65","plotno":"65","industrysector":"SECTOR-16","block":"A","plotsize":"200 SQMT","plotsize_at_the_time_of_allotme":"200 SQMT","landuse_type":"RESIDENTIAL","landuse_subcategory":"RESIDENTIAL","scheme_cod":"RPS05","investment":0,"employment":0,"plotstatus":"Allotted","landallotementstatus":"SOLD","landallotementtype":"ALLOTTED","allotmentid":"RPS051326","allotment_date":1650565800000,"rate_of_allotment":17800,"village_name":"Dhanauri","khasra_no":"1726","longitude":77.609718,"latitude":28.334467919999998,"authority":"YEIDA","category":"residential","execution_stage":"allotted"}},{"type":"Feature","geometry":{"type":"Polygon","coordinates":[[[77.609421,28.33467],[77.609424,28.334831],[77.609311,28.334833],[77.609308,28.334671],[77.609421,28.33467]]]},"properties":{"objectid":734,"uniqueplotid":"PLNGRESIDENTIAL734","plotmap_id":"SECTOR-16_44_F_RESI","plotidentificationnumber":"44","plotno":"44","industrysector":"SECTOR-16","block":"F","plotsize":"200 SQMT","plotsize_at_the_time_of_allotme":"200 SQMT","landuse_type":"RESIDENTIAL","landuse_subcategory":"RESIDENTIAL","scheme_cod":"RPS06","investment":0,"employment":0,"plotstatus":"Allotted","landallotementstatus":"SOLD","landallotementtype":"ALLOTTED","allotmentid":"RPS061341","allotment_date":1671993000000,"rate_of_allotment":18510,"village_name":"Dhanauri","khasra_no":"1726","longitude":77.60936604,"latitude":28.33475139,"authority":"YEIDA","category":"residential","execution_stage":"allotted"}},{"type":"Feature","geometry":{"type":"Polygon","coordinates":[[[77.609424,28.334831],[77.609427,28.334993],[77.609315,28.334995],[77.609311,28.334833],[77.609424,28.334831]]]},"properties":{"objectid":735,"uniqueplotid":"PLNGRESIDENTIAL735","plotmap_id":"SECTOR-16_53_F_RESI","plotidentificationnumber":"53","plotno":"53","industrysector":"SECTOR-16","block":"F","plotsize":"200 SQMT","plotsize_at_the_time_of_allotme":"200 SQMT","landuse_type":"RESIDENTIAL","landuse_subcategory":"RESIDENTIAL","scheme_cod":"RPS06","investment":0,"employment":0,"plotstatus":"Allotted","landallotementstatus":"SOLD","landallotementtype":"ALLOTTED","allotmentid":"RPS061338","allotment_date":1671993000000,"rate_of_allotment":18510,"village_name":"Dhanauri","khasra_no":"1726,1719,1711,1717,1716","longitude":77.60936930000001,"latitude":28.33491297,"authority":"YEIDA","category":"residential","execution_stage":"allotted"}},{"type":"Feature","geometry":{"type":"Polygon","coordinates":[[[77.609533,28.334668],[77.609537,28.33483],[77.609424,28.334831],[77.609421,28.33467],[77.609533,28.334668]]]},"properties":{"objectid":736,"uniqueplotid":"PLNGRESIDENTIAL736","plotmap_id":"SECTOR-16_45_F_RESI","plotidentificationnumber":"45","plotno":"45","industrysector":"SECTOR-16","block":"F","plotsize":"200 SQMT","plotsize_at_the_time_of_allotme":"200 SQMT","landuse_type":"RESIDENTIAL","landuse_subcategory":"RESIDENTIAL","scheme_cod":"RPS06","investment":0,"employment":0,"plotstatus":"Allotted","landallotementstatus":"SOLD","landallotementtype":"ALLOTTED","allotmentid":"RPS061342","allotment_date":1671993000000,"rate_of_allotment":18510,"village_name":"Dhanauri","khasra_no":"1726,1719","longitude":77.60947861,"latitude":28.33474975,"authority":"YEIDA","category":"residential","execution_stage":"allotted"}},{"type":"Feature","geometry":{"type":"Polygon","coordinates":[[[77.609537,28.33483],[77.60954,28.334991],[77.609427,28.334993],[77.609424,28.334831],[77.609537,28.33483]]]},"properties":{"objectid":737,"uniqueplotid":"PLNGRESIDENTIAL737","plotmap_id":"SECTOR-16_52_F_RESI","plotidentificationnumber":"52","plotno":"52","industrysector":"SECTOR-16","block":"F","plotsize":"200 SQMT","plotsize_at_the_time_of_allotme":"200 SQMT","landuse_type":"RESIDENTIAL","landuse_subcategory":"RESIDENTIAL","scheme_cod":"RPS06","investment":0,"employment":0,"plotstatus":"Allotted","landallotementstatus":"SOLD","landallotementtype":"ALLOTTED","allotmentid":"RPS061391","allotment_date":1671993000000,"rate_of_allotment":18510,"village_name":"Dhanauri","khasra_no":"1726,1719","longitude":77.60948187,"latitude":28.33491133,"authority":"YEIDA","category":"residential","execution_stage":"allotted"}},{"type":"Feature","geometry":{"type":"Polygon","coordinates":[[[77.609646,28.334667],[77.609649,28.334828],[77.609537,28.33483],[77.609533,28.334668],[77.609646,28.334667]]]},"properties":{"objectid":738,"uniqueplotid":"PLNGRESIDENTIAL738","plotmap_id":"SECTOR-16_46_F_RESI","plotidentificationnumber":"46","plotno":"46","industrysector":"SECTOR-16","block":"F","plotsize":"200 SQMT","plotsize_at_the_time_of_allotme":"200 SQMT","landuse_type":"RESIDENTIAL","landuse_subcategory":"RESIDENTIAL","scheme_cod":"RPS06","investment":0,"employment":0,"plotstatus":"Allotted","landallotementstatus":"SOLD","landallotementtype":"ALLOTTED","allotmentid":"RPS061361","allotment_date":1671993000000,"rate_of_allotment":18510,"village_name":"Dhanauri","khasra_no":"1720,1726,1719","longitude":77.60959118,"latitude":28.33474812,"authority":"YEIDA","category":"residential","execution_stage":"allotted"}},{"type":"Feature","geometry":{"type":"Polygon","coordinates":[[[77.609649,28.334828],[77.609652,28.33499],[77.60954,28.334991],[77.609537,28.33483],[77.609649,28.334828]]]},"properties":{"objectid":739,"uniqueplotid":"PLNGRESIDENTIAL739","plotmap_id":"SECTOR-16_51_F_RESI","plotidentificationnumber":"51","plotno":"51","industrysector":"SECTOR-16","block":"F","plotsize":"200 SQMT","plotsize_at_the_time_of_allotme":"200 SQMT","landuse_type":"RESIDENTIAL","landuse_subcategory":"RESIDENTIAL","scheme_cod":"RPS06","investment":0,"employment":0,"plotstatus":"Allotted","landallotementstatus":"SOLD","landallotementtype":"ALLOTTED","allotmentid":"RPS061359","allotment_date":1671993000000,"rate_of_allotment":18510,"village_name":"Dhanauri","khasra_no":"1720,1719","longitude":77.60959444,"latitude":28.33490969,"authority":"YEIDA","category":"residential","execution_stage":"allotted"}},{"type":"Feature","geometry":{"type":"Polygon","coordinates":[[[77.609758,28.334665],[77.609762,28.334826],[77.609649,28.334828],[77.609646,28.334667],[77.609758,28.334665]]]},"properties":{"objectid":740,"uniqueplotid":"PLNGRESIDENTIAL740","plotmap_id":"SECTOR-16_47_F_RESI","plotidentificationnumber":"47","plotno":"47","industrysector":"SECTOR-16","block":"F","plotsize":"200 SQMT","plotsize_at_the_time_of_allotme":"200 SQMT","landuse_type":"RESIDENTIAL","landuse_subcategory":"RESIDENTIAL","scheme_cod":"RPS06","investment":0,"employment":0,"plotstatus":"Allotted","landallotementstatus":"SOLD","landallotementtype":"ALLOTTED","allotmentid":"RPS061363","allotment_date":1671993000000,"rate_of_allotment":18510,"village_name":"Dhanauri","khasra_no":"1720,1726","longitude":77.60970375000001,"latitude":28.334746480000003,"authority":"YEIDA","category":"residential","execution_stage":"allotted"}},{"type":"Feature","geometry":{"type":"Polygon","coordinates":[[[77.609762,28.334826],[77.609765,28.334988],[77.609652,28.33499],[77.609649,28.334828],[77.609762,28.334826]]]},"properties":{"objectid":741,"uniqueplotid":"PLNGRESIDENTIAL741","plotmap_id":"SECTOR-16_50_F_RESI","plotidentificationnumber":"50","plotno":"50","industrysector":"SECTOR-16","block":"F","plotsize":"200 SQMT","plotsize_at_the_time_of_allotme":"200 SQMT","landuse_type":"RESIDENTIAL","landuse_subcategory":"RESIDENTIAL","scheme_cod":"RPS06","investment":0,"employment":0,"plotstatus":"Allotted","landallotementstatus":"SOLD","landallotementtype":"ALLOTTED","allotmentid":"RPS061339","allotment_date":1671993000000,"rate_of_allotment":18510,"village_name":"Dhanauri","khasra_no":"1720,1719","longitude":77.60970702,"latitude":28.33490806,"authority":"YEIDA","category":"residential","execution_stage":"allotted"}},{"type":"Feature","geometry":{"type":"Polygon","coordinates":[[[77.610191,28.334748],[77.610192,28.334838],[77.609994,28.334841],[77.609992,28.334751],[77.610191,28.334748]]]},"properties":{"objectid":742,"uniqueplotid":"PLNGRESIDENTIAL742","plotmap_id":"SECTOR-16_57_F_RESI","plotidentificationnumber":"57","plotno":"57","industrysector":"SECTOR-16","block":"F","plotsize":"200 SQMT","plotsize_at_the_time_of_allotme":"200 SQMT","landuse_type":"RESIDENTIAL","landuse_subcategory":"RESIDENTIAL","scheme_cod":"RPS06","investment":0,"employment":0,"plotstatus":"Allotted","landallotementstatus":"SOLD","landallotementtype":"ALLOTTED","allotmentid":"RPS061357","allotment_date":1671993000000,"rate_of_allotment":18510,"village_name":"Dhanauri","khasra_no":"1725,1724,1721","longitude":77.61009222,"latitude":28.33479471,"authority":"YEIDA","category":"residential","execution_stage":"allotted"}},{"type":"Feature","geometry":{"type":"Polygon","coordinates":[[[77.610389,28.334745],[77.610391,28.334835],[77.610192,28.334838],[77.610191,28.334748],[77.610389,28.334745]]]},"properties":{"objectid":743,"uniqueplotid":"PLNGRESIDENTIAL743","plotmap_id":"SECTOR-16_60_F_RESI","plotidentificationnumber":"60","plotno":"60","industrysector":"SECTOR-16","block":"F","plotsize":"200 SQMT","plotsize_at_the_time_of_allotme":"200 SQMT","landuse_type":"RESIDENTIAL","landuse_subcategory":"RESIDENTIAL","scheme_cod":"RPS06","investment":0,"employment":0,"plotstatus":"Allotted","landallotementstatus":"SOLD","landallotementtype":"ALLOTTED","allotmentid":"RPS061388","allotment_date":1671993000000,"rate_of_allotment":18510,"village_name":"Dhanauri","khasra_no":"1725,1724","longitude":77.61029087,"latitude":28.334791820000003,"authority":"YEIDA","category":"residential","execution_stage":"allotted"}},{"type":"Feature","geometry":{"type":"Polygon","coordinates":[[[77.610192,28.334838],[77.610194,28.334928],[77.609996,28.334931],[77.609994,28.334841],[77.610192,28.334838]]]},"properties":{"objectid":744,"uniqueplotid":"PLNGRESIDENTIAL744","plotmap_id":"SECTOR-16_56_F_RESI","plotidentificationnumber":"56","plotno":"56","industrysector":"SECTOR-16","block":"F","plotsize":"200 SQMT","plotsize_at_the_time_of_allotme":"200 SQMT","landuse_type":"RESIDENTIAL","landuse_subcategory":"RESIDENTIAL","scheme_cod":"RPS06","investment":0,"employment":0,"plotstatus":"Allotted","landallotementstatus":"SOLD","landallotementtype":"ALLOTTED","allotmentid":"RPS061355","allotment_date":1671993000000,"rate_of_allotment":18510,"village_name":"Dhanauri","khasra_no":"1725,1720,1724,1721","longitude":77.61009403,"latitude":28.334884470000002,"authority":"YEIDA","category":"residential","execution_stage":"allotted"}},{"type":"Feature","geometry":{"type":"Polygon","coordinates":[[[77.610391,28.334835],[77.610393,28.334925],[77.610194,28.334928],[77.610192,28.334838],[77.610391,28.334835]]]},"properties":{"objectid":745,"uniqueplotid":"PLNGRESIDENTIAL745","plotmap_id":"SECTOR-16_61_F_RESI","plotidentificationnumber":"61","plotno":"61","industrysector":"SECTOR-16","block":"F","plotsize":"200 SQMT","plotsize_at_the_time_of_allotme":"200 SQMT","landuse_type":"RESIDENTIAL","landuse_subcategory":"RESIDENTIAL","scheme_cod":"RPS06","investment":0,"employment":0,"plotstatus":"Allotted","landallotementstatus":"SOLD","landallotementtype":"ALLOTTED","allotmentid":"RPS061365","allotment_date":1671993000000,"rate_of_allotment":18510,"village_name":"Dhanauri","khasra_no":"1724,1721","longitude":77.61029269000001,"latitude":28.33488158,"authority":"YEIDA","category":"residential","execution_stage":"allotted"}},{"type":"Feature","geometry":{"type":"Polygon","coordinates":[[[77.611937,28.334633],[77.611941,28.334813],[77.611841,28.334814],[77.611838,28.334635],[77.611937,28.334633]]]},"properties":{"objectid":987,"uniqueplotid":"PLNGRESIDENTIAL987","plotmap_id":"SECTOR-16_139_G_RESI","plotidentificationnumber":"139","plotno":"139","industrysector":"SECTOR-16","block":"G","plotsize":"200 SQMT","plotsize_at_the_time_of_allotme":"200 SQMT","landuse_type":"RESIDENTIAL","landuse_subcategory":"RESIDENTIAL","scheme_cod":"RPS07","investment":0,"employment":0,"plotstatus":"Allotted","landallotementstatus":"SOLD","landallotementtype":"ALLOTTED","allotmentid":"RPS071606","allotment_date":1698777000000,"rate_of_allotment":24900,"village_name":"Dhanauri","khasra_no":"1739,1738","longitude":77.61188914,"latitude":28.334723680000003,"authority":"YEIDA","category":"residential","execution_stage":"allotted"}},{"type":"Feature","geometry":{"type":"Polygon","coordinates":[[[77.611543,28.334818],[77.611547,28.334998],[77.611448,28.334999],[77.611444,28.33482],[77.611543,28.334818]]]},"properties":{"objectid":988,"uniqueplotid":"PLNGRESIDENTIAL988","plotmap_id":"SECTOR-16_169_G_RESI","plotidentificationnumber":"169","plotno":"169","industrysector":"SECTOR-16","block":"G","plotsize":"200 SQMT","plotsize_at_the_time_of_allotme":"200 SQMT","landuse_type":"RESIDENTIAL","landuse_subcategory":"RESIDENTIAL","scheme_cod":"RPS07","investment":0,"employment":0,"plotstatus":"Allotted","landallotementstatus":"SOLD","landallotementtype":"ALLOTTED","allotmentid":"RPS071707","allotment_date":1698777000000,"rate_of_allotment":24900,"village_name":"Dhanauri","khasra_no":"1730","longitude":77.61149545,"latitude":28.334908990000002,"authority":"YEIDA","category":"residential","execution_stage":"allotted"}},{"type":"Feature","geometry":{"type":"Polygon","coordinates":[[[77.611643,28.334817],[77.611646,28.334997],[77.611547,28.334998],[77.611543,28.334818],[77.611643,28.334817]]]},"properties":{"objectid":989,"uniqueplotid":"PLNGRESIDENTIAL989","plotmap_id":"SECTOR-16_168_G_RESI","plotidentificationnumber":"168","plotno":"168","industrysector":"SECTOR-16","block":"G","plotsize":"200 SQMT","plotsize_at_the_time_of_allotme":"200 SQMT","landuse_type":"RESIDENTIAL","landuse_subcategory":"RESIDENTIAL","scheme_cod":"RPS07","investment":0,"employment":0,"plotstatus":"Allotted","landallotementstatus":"SOLD","landallotementtype":"ALLOTTED","allotmentid":"RPS071583","allotment_date":1698777000000,"rate_of_allotment":24900,"village_name":"Dhanauri","khasra_no":"1737,1730","longitude":77.61159478,"latitude":28.33490754,"authority":"YEIDA","category":"residential","execution_stage":"allotted"}},{"type":"Feature","geometry":{"type":"Polygon","coordinates":[[[77.611742,28.334816],[77.611746,28.334995],[77.611646,28.334997],[77.611643,28.334817],[77.611742,28.334816]]]},"properties":{"objectid":990,"uniqueplotid":"PLNGRESIDENTIAL990","plotmap_id":"SECTOR-16_167_G_RESI","plotidentificationnumber":"167","plotno":"167","industrysector":"SECTOR-16","block":"G","plotsize":"200 SQMT","plotsize_at_the_time_of_allotme":"200 SQMT","landuse_type":"RESIDENTIAL","landuse_subcategory":"RESIDENTIAL","scheme_cod":"RPS07","investment":0,"employment":0,"plotstatus":"Allotted","landallotementstatus":"SOLD","landallotementtype":"ALLOTTED","allotmentid":"RPS071495","allotment_date":1698777000000,"rate_of_allotment":24900,"village_name":"Dhanauri","khasra_no":"1738,1737,1730","longitude":77.61169411,"latitude":28.3349061,"authority":"YEIDA","category":"residential","execution_stage":"allotted"}},{"type":"Feature","geometry":{"type":"Polygon","coordinates":[[[77.611841,28.334814],[77.611845,28.334994],[77.611746,28.334995],[77.611742,28.334816],[77.611841,28.334814]]]},"properties":{"objectid":991,"uniqueplotid":"PLNGRESIDENTIAL991","plotmap_id":"SECTOR-16_166_G_RESI","plotidentificationnumber":"166","plotno":"166","industrysector":"SECTOR-16","block":"G","plotsize":"200 SQMT","plotsize_at_the_time_of_allotme":"200 SQMT","landuse_type":"RESIDENTIAL","landuse_subcategory":"RESIDENTIAL","scheme_cod":"RPS07","investment":0,"employment":0,"plotstatus":"Allotted","landallotementstatus":"SOLD","landallotementtype":"ALLOTTED","allotmentid":"RPS071584","allotment_date":1698777000000,"rate_of_allotment":24900,"village_name":"Dhanauri","khasra_no":"1738,1737,1730,1718","longitude":77.61179344,"latitude":28.334904650000002,"authority":"YEIDA","category":"residential","execution_stage":"allotted"}},{"type":"Feature","geometry":{"type":"Polygon","coordinates":[[[77.611941,28.334813],[77.611944,28.334992],[77.611845,28.334994],[77.611841,28.334814],[77.611941,28.334813]]]},"properties":{"objectid":992,"uniqueplotid":"PLNGRESIDENTIAL992","plotmap_id":"SECTOR-16_165_G_RESI","plotidentificationnumber":"165","plotno":"165","industrysector":"SECTOR-16","block":"G","plotsize":"200 SQMT","plotsize_at_the_time_of_allotme":"200 SQMT","landuse_type":"RESIDENTIAL","landuse_subcategory":"RESIDENTIAL","scheme_cod":"RPS07","investment":0,"employment":0,"plotstatus":"Allotted","landallotementstatus":"SOLD","landallotementtype":"ALLOTTED","allotmentid":"RPS071567","allotment_date":1698777000000,"rate_of_allotment":24900,"village_name":"Dhanauri","khasra_no":"1738","longitude":77.61189276,"latitude":28.33490321,"authority":"YEIDA","category":"residential","execution_stage":"allotted"}},{"type":"Feature","geometry":{"type":"Polygon","coordinates":[[[77.61204,28.334811],[77.612044,28.334991],[77.611944,28.334992],[77.611941,28.334813],[77.61204,28.334811]]]},"properties":{"objectid":993,"uniqueplotid":"PLNGRESIDENTIAL993","plotmap_id":"SECTOR-16_164_G_RESI","plotidentificationnumber":"164","plotno":"164","industrysector":"SECTOR-16","block":"G","plotsize":"200 SQMT","plotsize_at_the_time_of_allotme":"200 SQMT","landuse_type":"RESIDENTIAL","landuse_subcategory":"RESIDENTIAL","scheme_cod":"RPS07","investment":0,"employment":0,"plotstatus":"Allotted","landallotementstatus":"SOLD","landallotementtype":"ALLOTTED","allotmentid":"RPS071582","allotment_date":1698777000000,"rate_of_allotment":24900,"village_name":"Dhanauri","khasra_no":"1738","longitude":77.61199209,"latitude":28.33490176,"authority":"YEIDA","category":"residential","execution_stage":"allotted"}},{"type":"Feature","geometry":{"type":"Polygon","coordinates":[[[77.61144,28.33464],[77.611444,28.33482],[77.611345,28.334821],[77.611341,28.334642],[77.61144,28.33464]]]},"properties":{"objectid":994,"uniqueplotid":"PLNGRESIDENTIAL994","plotmap_id":"SECTOR-16_134_G_RESI","plotidentificationnumber":"134","plotno":"134","industrysector":"SECTOR-16","block":"G","plotsize":"200 SQMT","plotsize_at_the_time_of_allotme":"200 SQMT","landuse_type":"RESIDENTIAL","landuse_subcategory":"RESIDENTIAL","scheme_cod":"RPS07","investment":0,"employment":0,"plotstatus":"Allotted","landallotementstatus":"SOLD","landallotementtype":"ALLOTTED","allotmentid":"RPS071629","allotment_date":1698777000000,"rate_of_allotment":24900,"village_name":"Dhanauri","khasra_no":"1730,1731","longitude":77.6113925,"latitude":28.3347309,"authority":"YEIDA","category":"residential","execution_stage":"allotted"}},{"type":"Feature","geometry":{"type":"Polygon","coordinates":[[[77.61154,28.334639],[77.611543,28.334818],[77.611444,28.33482],[77.61144,28.33464],[77.61154,28.334639]]]},"properties":{"objectid":995,"uniqueplotid":"PLNGRESIDENTIAL995","plotmap_id":"SECTOR-16_135_G_RESI","plotidentificationnumber":"135","plotno":"135","industrysector":"SECTOR-16","block":"G","plotsize":"200 SQMT","plotsize_at_the_time_of_allotme":"200 SQMT","landuse_type":"RESIDENTIAL","landuse_subcategory":"RESIDENTIAL","scheme_cod":"RPS07","investment":0,"employment":0,"plotstatus":"Allotted","landallotementstatus":"SOLD","landallotementtype":"ALLOTTED","allotmentid":"RPS071706","allotment_date":1698777000000,"rate_of_allotment":24900,"village_name":"Dhanauri","khasra_no":"1738,1737,1730,1731","longitude":77.61149183,"latitude":28.33472945,"authority":"YEIDA","category":"residential","execution_stage":"allotted"}},{"type":"Feature","geometry":{"type":"Polygon","coordinates":[[[77.611639,28.334638],[77.611643,28.334817],[77.611543,28.334818],[77.61154,28.334639],[77.611639,28.334638]]]},"properties":{"objectid":996,"uniqueplotid":"PLNGRESIDENTIAL996","plotmap_id":"SECTOR-16_136_G_RESI","plotidentificationnumber":"136","plotno":"136","industrysector":"SECTOR-16","block":"G","plotsize":"200 SQMT","plotsize_at_the_time_of_allotme":"200 SQMT","landuse_type":"RESIDENTIAL","landuse_subcategory":"RESIDENTIAL","scheme_cod":"RPS07","investment":0,"employment":0,"plotstatus":"Allotted","landallotementstatus":"SOLD","landallotementtype":"ALLOTTED","allotmentid":"RPS071470","allotment_date":1698777000000,"rate_of_allotment":24900,"village_name":"Dhanauri","khasra_no":"1738,1737,1730","longitude":77.61159116,"latitude":28.334728010000003,"authority":"YEIDA","category":"residential","execution_stage":"allotted"}},{"type":"Feature","geometry":{"type":"Polygon","coordinates":[[[77.611738,28.334636],[77.611742,28.334816],[77.611643,28.334817],[77.611639,28.334638],[77.611738,28.334636]]]},"properties":{"objectid":997,"uniqueplotid":"PLNGRESIDENTIAL997","plotmap_id":"SECTOR-16_137_G_RESI","plotidentificationnumber":"137","plotno":"137","industrysector":"SECTOR-16","block":"G","plotsize":"200 SQMT","plotsize_at_the_time_of_allotme":"200 SQMT","landuse_type":"RESIDENTIAL","landuse_subcategory":"RESIDENTIAL","scheme_cod":"RPS07","investment":0,"employment":0,"plotstatus":"Allotted","landallotementstatus":"SOLD","landallotementtype":"ALLOTTED","allotmentid":"RPS071868","allotment_date":1698777000000,"rate_of_allotment":24900,"village_name":"Dhanauri","khasra_no":"1738,1737","longitude":77.61169048,"latitude":28.33472657,"authority":"YEIDA","category":"residential","execution_stage":"allotted"}},{"type":"Feature","geometry":{"type":"Polygon","coordinates":[[[77.611838,28.334635],[77.611841,28.334814],[77.611742,28.334816],[77.611738,28.334636],[77.611838,28.334635]]]},"properties":{"objectid":998,"uniqueplotid":"PLNGRESIDENTIAL998","plotmap_id":"SECTOR-16_138_G_RESI","plotidentificationnumber":"138","plotno":"138","industrysector":"SECTOR-16","block":"G","plotsize":"200 SQMT","plotsize_at_the_time_of_allotme":"200 SQMT","landuse_type":"RESIDENTIAL","landuse_subcategory":"RESIDENTIAL","scheme_cod":"RPS07","investment":0,"employment":0,"plotstatus":"Allotted","landallotementstatus":"SOLD","landallotementtype":"ALLOTTED","allotmentid":"RPS071830","allotment_date":1698777000000,"rate_of_allotment":24900,"village_name":"Dhanauri","khasra_no":"1738","longitude":77.61178981,"latitude":28.33472512,"authority":"YEIDA","category":"residential","execution_stage":"allotted"}},{"type":"Feature","geometry":{"type":"Polygon","coordinates":[[[77.611716,28.33354],[77.611617,28.333541],[77.611613,28.333363],[77.611713,28.333361],[77.611716,28.33354]]]},"properties":{"objectid":999,"uniqueplotid":"PLNGRESIDENTIAL999","plotmap_id":"SECTOR-16_69_G_RESI","plotidentificationnumber":"69","plotno":"69","industrysector":"SECTOR-16","block":"G","plotsize":"200 SQMT","plotsize_at_the_time_of_allotme":"200 SQMT","landuse_type":"RESIDENTIAL","landuse_subcategory":"RESIDENTIAL","scheme_cod":"RPS07","investment":0,"employment":0,"plotstatus":"Allotted","landallotementstatus":"SOLD","landallotementtype":"ALLOTTED","allotmentid":"RPS071576","allotment_date":1698777000000,"rate_of_allotment":24900,"village_name":"Dhanauri","khasra_no":"1758","longitude":77.61166473,"latitude":28.33345143,"authority":"YEIDA","category":"residential","execution_stage":"allotted"}},{"type":"Feature","geometry":{"type":"Polygon","coordinates":[[[77.611617,28.333541],[77.611518,28.333543],[77.611514,28.333364],[77.611613,28.333363],[77.611617,28.333541]]]},"properties":{"objectid":1000,"uniqueplotid":"PLNGRESIDENTIAL1000","plotmap_id":"SECTOR-16_70_G_RESI","plotidentificationnumber":"70","plotno":"70","industrysector":"SECTOR-16","block":"G","plotsize":"200 SQMT","plotsize_at_the_time_of_allotme":"200 SQMT","landuse_type":"RESIDENTIAL","landuse_subcategory":"RESIDENTIAL","scheme_cod":"RPS07","investment":0,"employment":0,"plotstatus":"Allotted","landallotementstatus":"SOLD","landallotementtype":"ALLOTTED","allotmentid":"RPS071668","allotment_date":1698777000000,"rate_of_allotment":24900,"village_name":"Dhanauri","khasra_no":"1755,1753,1758","longitude":77.6115654,"latitude":28.333452960000002,"authority":"YEIDA","category":"residential","execution_stage":"allotted"}},{"type":"Feature","geometry":{"type":"Polygon","coordinates":[[[77.611518,28.333543],[77.611418,28.333545],[77.611415,28.333366],[77.611514,28.333364],[77.611518,28.333543]]]},"properties":{"objectid":1001,"uniqueplotid":"PLNGRESIDENTIAL1001","plotmap_id":"SECTOR-16_71_G_RESI","plotidentificationnumber":"71","plotno":"71","industrysector":"SECTOR-16","block":"G","plotsize":"200 SQMT","plotsize_at_the_time_of_allotme":"200 SQMT","landuse_type":"RESIDENTIAL","landuse_subcategory":"RESIDENTIAL","scheme_cod":"RPS07","investment":0,"employment":0,"plotstatus":"Allotted","landallotementstatus":"SOLD","landallotementtype":"ALLOTTED","allotmentid":"RPS071919","allotment_date":1698777000000,"rate_of_allotment":24900,"village_name":"Dhanauri","khasra_no":"1755,1753,1758","longitude":77.61146608,"latitude":28.33345449,"authority":"YEIDA","category":"residential","execution_stage":"allotted"}},{"type":"Feature","geometry":{"type":"Polygon","coordinates":[[[77.611418,28.333545],[77.611319,28.333546],[77.611315,28.333367],[77.611415,28.333366],[77.611418,28.333545]]]},"properties":{"objectid":1002,"uniqueplotid":"PLNGRESIDENTIAL1002","plotmap_id":"SECTOR-16_72_G_RESI","plotidentificationnumber":"72","plotno":"72","industrysector":"SECTOR-16","block":"G","plotsize":"200 SQMT","plotsize_at_the_time_of_allotme":"200 SQMT","landuse_type":"RESIDENTIAL","landuse_subcategory":"RESIDENTIAL","scheme_cod":"RPS07","investment":0,"employment":0,"plotstatus":"Allotted","landallotementstatus":"SOLD","landallotementtype":"ALLOTTED","allotmentid":"RPS071810","allotment_date":1698777000000,"rate_of_allotment":24900,"village_name":"Dhanauri","khasra_no":"1755,1753,1758,1752","longitude":77.61136675,"latitude":28.33345603,"authority":"YEIDA","category":"residential","execution_stage":"allotted"}},{"type":"Feature","geometry":{"type":"Polygon","coordinates":[[[77.611319,28.333546],[77.61122,28.333548],[77.611216,28.333369],[77.611315,28.333367],[77.611319,28.333546]]]},"properties":{"objectid":1003,"uniqueplotid":"PLNGRESIDENTIAL1003","plotmap_id":"SECTOR-16_73_G_RESI","plotidentificationnumber":"73","plotno":"73","industrysector":"SECTOR-16","block":"G","plotsize":"200 SQMT","plotsize_at_the_time_of_allotme":"200 SQMT","landuse_type":"RESIDENTIAL","landuse_subcategory":"RESIDENTIAL","scheme_cod":"RPS07","investment":0,"employment":0,"plotstatus":"Allotted","landallotementstatus":"SOLD","landallotementtype":"ALLOTTED","allotmentid":"RPS071652","allotment_date":1698777000000,"rate_of_allotment":24900,"village_name":"Dhanauri","khasra_no":"1753,1752","longitude":77.61126741999999,"latitude":28.33345756,"authority":"YEIDA","category":"residential","execution_stage":"allotted"}},{"type":"Feature","geometry":{"type":"Polygon","coordinates":[[[77.611421,28.333707],[77.611425,28.333886],[77.611326,28.333888],[77.611322,28.333708],[77.611421,28.333707]]]},"properties":{"objectid":1004,"uniqueplotid":"PLNGRESIDENTIAL1004","plotmap_id":"SECTOR-16_105_G_RESI","plotidentificationnumber":"105","plotno":"105","industrysector":"SECTOR-16","block":"G","plotsize":"200 SQMT","plotsize_at_the_time_of_allotme":"200 SQMT","landuse_type":"RESIDENTIAL","landuse_subcategory":"RESIDENTIAL","scheme_cod":"RPS07","investment":0,"employment":0,"plotstatus":"Allotted","landallotementstatus":"SOLD","landallotementtype":"ALLOTTED","allotmentid":"RPS071577","allotment_date":1698777000000,"rate_of_allotment":24900,"village_name":"Dhanauri","khasra_no":"1753","longitude":77.61137365,"latitude":28.33379734,"authority":"YEIDA","category":"residential","execution_stage":"allotted"}},{"type":"Feature","geometry":{"type":"Polygon","coordinates":[[[77.611521,28.333721],[77.611524,28.333885],[77.611425,28.333886],[77.611421,28.333707],[77.611521,28.333705],[77.611521,28.333721]]]},"properties":{"objectid":1005,"uniqueplotid":"PLNGRESIDENTIAL1005","plotmap_id":"SECTOR-16_106_G_RESI","plotidentificationnumber":"106","plotno":"106","industrysector":"SECTOR-16","block":"G","plotsize":"200 SQMT","plotsize_at_the_time_of_allotme":"200 SQMT","landuse_type":"RESIDENTIAL","landuse_subcategory":"RESIDENTIAL","scheme_cod":"RPS07","investment":0,"employment":0,"plotstatus":"Allotted","landallotementstatus":"SOLD","landallotementtype":"ALLOTTED","allotmentid":"RPS071878","allotment_date":1698777000000,"rate_of_allotment":24900,"village_name":"Dhanauri","khasra_no":"1753","longitude":77.61147298,"latitude":28.33379589,"authority":"YEIDA","category":"residential","execution_stage":"allotted"}},{"type":"Feature","geometry":{"type":"Polygon","coordinates":[[[77.61162,28.333704],[77.611624,28.333883],[77.611524,28.333885],[77.611521,28.333705],[77.61162,28.333704]]]},"properties":{"objectid":1006,"uniqueplotid":"PLNGRESIDENTIAL1006","plotmap_id":"SECTOR-16_107_G_RESI","plotidentificationnumber":"107","plotno":"107","industrysector":"SECTOR-16","block":"G","plotsize":"200 SQMT","plotsize_at_the_time_of_allotme":"200 SQMT","landuse_type":"RESIDENTIAL","landuse_subcategory":"RESIDENTIAL","scheme_cod":"RPS07","investment":0,"employment":0,"plotstatus":"Allotted","landallotementstatus":"SOLD","landallotementtype":"ALLOTTED","allotmentid":"RPS071781","allotment_date":1698777000000,"rate_of_allotment":24900,"village_name":"Dhanauri","khasra_no":"1753","longitude":77.6115723,"latitude":28.33379445,"authority":"YEIDA","category":"residential","execution_stage":"allotted"}},{"type":"Feature","geometry":{"type":"Polygon","coordinates":[[[77.611719,28.333703],[77.611723,28.333882],[77.611624,28.333883],[77.61162,28.333704],[77.611719,28.333703]]]},"properties":{"objectid":1007,"uniqueplotid":"PLNGRESIDENTIAL1007","plotmap_id":"SECTOR-16_108_G_RESI","plotidentificationnumber":"108","plotno":"108","industrysector":"SECTOR-16","block":"G","plotsize":"200 SQMT","plotsize_at_the_time_of_allotme":"200 SQMT","landuse_type":"RESIDENTIAL","landuse_subcategory":"RESIDENTIAL","scheme_cod":"RPS07","investment":0,"employment":0,"plotstatus":"Allotted","landallotementstatus":"SOLD","landallotementtype":"ALLOTTED","allotmentid":"RPS071558","allotment_date":1698777000000,"rate_of_allotment":24900,"village_name":"Dhanauri","khasra_no":"1755,1757,1753","longitude":77.61167162999999,"latitude":28.333793,"authority":"YEIDA","category":"residential","execution_stage":"allotted"}},{"type":"Feature","geometry":{"type":"Polygon","coordinates":[[[77.611819,28.333701],[77.611822,28.333881],[77.611723,28.333882],[77.611719,28.333703],[77.611819,28.333701]]]},"properties":{"objectid":1008,"uniqueplotid":"PLNGRESIDENTIAL1008","plotmap_id":"SECTOR-16_109_G_RESI","plotidentificationnumber":"109","plotno":"109","industrysector":"SECTOR-16","block":"G","plotsize":"200 SQMT","plotsize_at_the_time_of_allotme":"200 SQMT","landuse_type":"RESIDENTIAL","landuse_subcategory":"RESIDENTIAL","scheme_cod":"RPS07","investment":0,"employment":0,"plotstatus":"Allotted","landallotementstatus":"SOLD","landallotementtype":"ALLOTTED","allotmentid":"RPS071831","allotment_date":1698777000000,"rate_of_allotment":24900,"village_name":"Dhanauri","khasra_no":"1755,1757,1753","longitude":77.61177096,"latitude":28.33379156,"authority":"YEIDA","category":"residential","execution_stage":"allotted"}},{"type":"Feature","geometry":{"type":"Polygon","coordinates":[[[77.611425,28.333886],[77.611429,28.334066],[77.611329,28.334067],[77.611326,28.333888],[77.611425,28.333886]]]},"properties":{"objectid":1009,"uniqueplotid":"PLNGRESIDENTIAL1009","plotmap_id":"SECTOR-16_124_G_RESI","plotidentificationnumber":"124","plotno":"124","industrysector":"SECTOR-16","block":"G","plotsize":"200 SQMT","plotsize_at_the_time_of_allotme":"200 SQMT","landuse_type":"RESIDENTIAL","landuse_subcategory":"RESIDENTIAL","scheme_cod":"RPS07","investment":0,"employment":0,"plotstatus":"Allotted","landallotementstatus":"SOLD","landallotementtype":"ALLOTTED","allotmentid":"RPS071571","allotment_date":1698777000000,"rate_of_allotment":24900,"village_name":"Dhanauri","khasra_no":"1739,1738,1753","longitude":77.61137727,"latitude":28.33397687,"authority":"YEIDA","category":"residential","execution_stage":"allotted"}},{"type":"Feature","geometry":{"type":"Polygon","coordinates":[[[77.611524,28.333885],[77.611528,28.334064],[77.611429,28.334066],[77.611425,28.333886],[77.611524,28.333885]]]},"properties":{"objectid":1010,"uniqueplotid":"PLNGRESIDENTIAL1010","plotmap_id":"SECTOR-16_123_G_RESI","plotidentificationnumber":"123","plotno":"123","industrysector":"SECTOR-16","block":"G","plotsize":"200 SQMT","plotsize_at_the_time_of_allotme":"200 SQMT","landuse_type":"RESIDENTIAL","landuse_subcategory":"RESIDENTIAL","scheme_cod":"RPS07","investment":0,"employment":0,"plotstatus":"Allotted","landallotementstatus":"SOLD","landallotementtype":"ALLOTTED","allotmentid":"RPS071712","allotment_date":1698777000000,"rate_of_allotment":24900,"village_name":"Dhanauri","khasra_no":"1739,1753","longitude":77.6114766,"latitude":28.33397542,"authority":"YEIDA","category":"residential","execution_stage":"allotted"}},{"type":"Feature","geometry":{"type":"Polygon","coordinates":[[[77.611624,28.333883],[77.611627,28.334063],[77.611528,28.334064],[77.611524,28.333885],[77.611624,28.333883]]]},"properties":{"objectid":1011,"uniqueplotid":"PLNGRESIDENTIAL1011","plotmap_id":"SECTOR-16_122_G_RESI","plotidentificationnumber":"122","plotno":"122","industrysector":"SECTOR-16","block":"G","plotsize":"200 SQMT","plotsize_at_the_time_of_allotme":"200 SQMT","landuse_type":"RESIDENTIAL","landuse_subcategory":"RESIDENTIAL","scheme_cod":"RPS07","investment":0,"employment":0,"plotstatus":"Allotted","landallotementstatus":"SOLD","landallotementtype":"ALLOTTED","allotmentid":"RPS071461","allotment_date":1698777000000,"rate_of_allotment":24900,"village_name":"Dhanauri","khasra_no":"1753","longitude":77.61157593,"latitude":28.33397398,"authority":"YEIDA","category":"residential","execution_stage":"allotted"}},{"type":"Feature","geometry":{"type":"Polygon","coordinates":[[[77.611723,28.333882],[77.611727,28.334062],[77.611627,28.334063],[77.611624,28.333883],[77.611723,28.333882]]]},"properties":{"objectid":1012,"uniqueplotid":"PLNGRESIDENTIAL1012","plotmap_id":"SECTOR-16_121_G_RESI","plotidentificationnumber":"121","plotno":"121","industrysector":"SECTOR-16","block":"G","plotsize":"200 SQMT","plotsize_at_the_time_of_allotme":"200 SQMT","landuse_type":"RESIDENTIAL","landuse_subcategory":"RESIDENTIAL","scheme_cod":"RPS07","investment":0,"employment":0,"plotstatus":"Allotted","landallotementstatus":"SOLD","landallotementtype":"ALLOTTED","allotmentid":"RPS071546","allotment_date":1698777000000,"rate_of_allotment":24900,"village_name":"Dhanauri","khasra_no":"1753","longitude":77.61167526,"latitude":28.33397253,"authority":"YEIDA","category":"residential","execution_stage":"allotted"}},{"type":"Feature","geometry":{"type":"Polygon","coordinates":[[[77.611822,28.333881],[77.611826,28.33406],[77.611727,28.334062],[77.611723,28.333882],[77.611822,28.333881]]]},"properties":{"objectid":1013,"uniqueplotid":"PLNGRESIDENTIAL1013","plotmap_id":"SECTOR-16_120_G_RESI","plotidentificationnumber":"120","plotno":"120","industrysector":"SECTOR-16","block":"G","plotsize":"200 SQMT","plotsize_at_the_time_of_allotme":"200 SQMT","landuse_type":"RESIDENTIAL","landuse_subcategory":"RESIDENTIAL","scheme_cod":"RPS07","investment":0,"employment":0,"plotstatus":"Allotted","landallotementstatus":"SOLD","landallotementtype":"ALLOTTED","allotmentid":"RPS071692","allotment_date":1698777000000,"rate_of_allotment":24900,"village_name":"Dhanauri","khasra_no":"1753","longitude":77.61177458,"latitude":28.33397109,"authority":"YEIDA","category":"residential","execution_stage":"allotted"}},{"type":"Feature","geometry":{"type":"Polygon","coordinates":[[[77.610806,28.333716],[77.610808,28.333815],[77.610609,28.333817],[77.610607,28.333719],[77.610806,28.333716]]]},"properties":{"objectid":1014,"uniqueplotid":"PLNGRESIDENTIAL1014","plotmap_id":"SECTOR-16_75_G_RESI","plotidentificationnumber":"75","plotno":"75","industrysector":"SECTOR-16","block":"G","plotsize":"200 SQMT","plotsize_at_the_time_of_allotme":"200 SQMT","landuse_type":"RESIDENTIAL","landuse_subcategory":"RESIDENTIAL","scheme_cod":"RPS07","investment":0,"employment":0,"plotstatus":"Allotted","landallotementstatus":"SOLD","landallotementtype":"ALLOTTED","allotmentid":"RPS071756","allotment_date":1698777000000,"rate_of_allotment":24900,"village_name":"Dhanauri","khasra_no":"1738,1737,1733","longitude":77.61069062,"latitude":28.333758630000002,"authority":"YEIDA","category":"residential","execution_stage":"allotted"}},{"type":"Feature","geometry":{"type":"Polygon","coordinates":[[[77.610808,28.333815],[77.610809,28.333904],[77.610611,28.333907],[77.610609,28.333817],[77.610808,28.333815]]]},"properties":{"objectid":1015,"uniqueplotid":"PLNGRESIDENTIAL1015","plotmap_id":"SECTOR-16_76_G_RESI","plotidentificationnumber":"76","plotno":"76","industrysector":"SECTOR-16","block":"G","plotsize":"200 SQMT","plotsize_at_the_time_of_allotme":"200 SQMT","landuse_type":"RESIDENTIAL","landuse_subcategory":"RESIDENTIAL","scheme_cod":"RPS07","investment":0,"employment":0,"plotstatus":"Allotted","landallotementstatus":"SOLD","landallotementtype":"ALLOTTED","allotmentid":"RPS071751","allotment_date":1698777000000,"rate_of_allotment":24900,"village_name":"Dhanauri","khasra_no":"1738,1737,1733","longitude":77.61070923999999,"latitude":28.33386087,"authority":"YEIDA","category":"residential","execution_stage":"allotted"}},{"type":"Feature","geometry":{"type":"Polygon","coordinates":[[[77.610809,28.333904],[77.610811,28.333994],[77.610613,28.333997],[77.610611,28.333907],[77.610809,28.333904]]]},"properties":{"objectid":1016,"uniqueplotid":"PLNGRESIDENTIAL1016","plotmap_id":"SECTOR-16_77_G_RESI","plotidentificationnumber":"77","plotno":"77","industrysector":"SECTOR-16","block":"G","plotsize":"200 SQMT","plotsize_at_the_time_of_allotme":"200 SQMT","landuse_type":"RESIDENTIAL","landuse_subcategory":"RESIDENTIAL","scheme_cod":"RPS07","investment":0,"employment":0,"plotstatus":"Allotted","landallotementstatus":"SOLD","landallotementtype":"ALLOTTED","allotmentid":"RPS071542","allotment_date":1698777000000,"rate_of_allotment":24900,"village_name":"Dhanauri","khasra_no":"1737,1733,1732","longitude":77.61071104999999,"latitude":28.33395064,"authority":"YEIDA","category":"residential","execution_stage":"allotted"}},{"type":"Feature","geometry":{"type":"Polygon","coordinates":[[[77.610811,28.333994],[77.610813,28.334084],[77.610614,28.334087],[77.610613,28.333997],[77.610811,28.333994]]]},"properties":{"objectid":1017,"uniqueplotid":"PLNGRESIDENTIAL1017","plotmap_id":"SECTOR-16_78_G_RESI","plotidentificationnumber":"78","plotno":"78","industrysector":"SECTOR-16","block":"G","plotsize":"200 SQMT","plotsize_at_the_time_of_allotme":"200 SQMT","landuse_type":"RESIDENTIAL","landuse_subcategory":"RESIDENTIAL","scheme_cod":"RPS07","investment":0,"employment":0,"plotstatus":"Allotted","landallotementstatus":"SOLD","landallotementtype":"ALLOTTED","allotmentid":"RPS071729","allotment_date":1698777000000,"rate_of_allotment":24900,"village_name":"Dhanauri","khasra_no":"1733,1732","longitude":77.61071287,"latitude":28.33404041,"authority":"YEIDA","category":"residential","execution_stage":"allotted"}},{"type":"Feature","geometry":{"type":"Polygon","coordinates":[[[77.611008,28.333901],[77.61101,28.333991],[77.610811,28.333994],[77.610809,28.333904],[77.611008,28.333901]]]},"properties":{"objectid":1018,"uniqueplotid":"PLNGRESIDENTIAL1018","plotmap_id":"SECTOR-16_100_G_RESI","plotidentificationnumber":"100","plotno":"100","industrysector":"SECTOR-16","block":"G","plotsize":"200 SQMT","plotsize_at_the_time_of_allotme":"200 SQMT","landuse_type":"RESIDENTIAL","landuse_subcategory":"RESIDENTIAL","scheme_cod":"RPS07","investment":0,"employment":0,"plotstatus":"Allotted","landallotementstatus":"SOLD","landallotementtype":"ALLOTTED","allotmentid":"RPS071779","allotment_date":1698777000000,"rate_of_allotment":24900,"village_name":"Dhanauri","khasra_no":"1738,1737,1733,1732","longitude":77.61090971,"latitude":28.33394775,"authority":"YEIDA","category":"residential","execution_stage":"allotted"}},{"type":"Feature","geometry":{"type":"Polygon","coordinates":[[[77.61101,28.333991],[77.611012,28.334081],[77.610813,28.334084],[77.610811,28.333994],[77.61101,28.333991]]]},"properties":{"objectid":1019,"uniqueplotid":"PLNGRESIDENTIAL1019","plotmap_id":"SECTOR-16_99_G_RESI","plotidentificationnumber":"99","plotno":"99","industrysector":"SECTOR-16","block":"G","plotsize":"200 SQMT","plotsize_at_the_time_of_allotme":"200 SQMT","landuse_type":"RESIDENTIAL","landuse_subcategory":"RESIDENTIAL","scheme_cod":"RPS07","investment":0,"employment":0,"plotstatus":"Allotted","landallotementstatus":"SOLD","landallotementtype":"ALLOTTED","allotmentid":"RPS071867","allotment_date":1698777000000,"rate_of_allotment":24900,"village_name":"Dhanauri","khasra_no":"1738,1737,1732","longitude":77.61091152,"latitude":28.33403752,"authority":"YEIDA","category":"residential","execution_stage":"allotted"}},{"type":"Feature","geometry":{"type":"Polygon","coordinates":[[[77.610813,28.334084],[77.610815,28.334174],[77.610616,28.334176],[77.610614,28.334087],[77.610813,28.334084]]]},"properties":{"objectid":1020,"uniqueplotid":"PLNGRESIDENTIAL1020","plotmap_id":"SECTOR-16_79_G_RESI","plotidentificationnumber":"79","plotno":"79","industrysector":"SECTOR-16","block":"G","plotsize":"200 SQMT","plotsize_at_the_time_of_allotme":"200 SQMT","landuse_type":"RESIDENTIAL","landuse_subcategory":"RESIDENTIAL","scheme_cod":"RPS07","investment":0,"employment":0,"plotstatus":"Allotted","landallotementstatus":"SOLD","landallotementtype":"ALLOTTED","allotmentid":"RPS071898","allotment_date":1698777000000,"rate_of_allotment":24900,"village_name":"Dhanauri","khasra_no":"1732","longitude":77.61071468,"latitude":28.334130169999998,"authority":"YEIDA","category":"residential","execution_stage":"allotted"}},{"type":"Feature","geometry":{"type":"Polygon","coordinates":[[[77.611012,28.334081],[77.611014,28.334171],[77.610815,28.334174],[77.610813,28.334084],[77.611012,28.334081]]]},"properties":{"objectid":1021,"uniqueplotid":"PLNGRESIDENTIAL1021","plotmap_id":"SECTOR-16_98_G_RESI","plotidentificationnumber":"98","plotno":"98","industrysector":"SECTOR-16","block":"G","plotsize":"200 SQMT","plotsize_at_the_time_of_allotme":"200 SQMT","landuse_type":"RESIDENTIAL","landuse_subcategory":"RESIDENTIAL","scheme_cod":"RPS07","investment":0,"employment":0,"plotstatus":"Allotted","landallotementstatus":"SOLD","landallotementtype":"ALLOTTED","allotmentid":"RPS071762","allotment_date":1698777000000,"rate_of_allotment":24900,"village_name":"Dhanauri","khasra_no":"1737,1732","longitude":77.61091333,"latitude":28.33412728,"authority":"YEIDA","category":"residential","execution_stage":"allotted"}},{"type":"Feature","geometry":{"type":"Polygon","coordinates":[[[77.611014,28.334171],[77.611015,28.33426],[77.610817,28.334263],[77.610815,28.334174],[77.611014,28.334171]]]},"properties":{"objectid":1022,"uniqueplotid":"PLNGRESIDENTIAL1022","plotmap_id":"SECTOR-16_97_G_RESI","plotidentificationnumber":"97","plotno":"97","industrysector":"SECTOR-16","block":"G","plotsize":"200 SQMT","plotsize_at_the_time_of_allotme":"200 SQMT","landuse_type":"RESIDENTIAL","landuse_subcategory":"RESIDENTIAL","scheme_cod":"RPS07","investment":0,"employment":0,"plotstatus":"Allotted","landallotementstatus":"SOLD","landallotementtype":"ALLOTTED","allotmentid":"RPS071471","allotment_date":1698777000000,"rate_of_allotment":24900,"village_name":"Dhanauri","khasra_no":"1732","longitude":77.61091515,"latitude":28.33421705,"authority":"YEIDA","category":"residential","execution_stage":"allotted"}},{"type":"Feature","geometry":{"type":"Polygon","coordinates":[[[77.611015,28.33426],[77.611017,28.33435],[77.610819,28.334353],[77.610817,28.334263],[77.611015,28.33426]]]},"properties":{"objectid":1023,"uniqueplotid":"PLNGRESIDENTIAL1023","plotmap_id":"SECTOR-16_96_G_RESI","plotidentificationnumber":"96","plotno":"96","industrysector":"SECTOR-16","block":"G","plotsize":"200 SQMT","plotsize_at_the_time_of_allotme":"200 SQMT","landuse_type":"RESIDENTIAL","landuse_subcategory":"RESIDENTIAL","scheme_cod":"RPS07","investment":0,"employment":0,"plotstatus":"Allotted","landallotementstatus":"SOLD","landallotementtype":"ALLOTTED","allotmentid":"RPS071788","allotment_date":1698777000000,"rate_of_allotment":24900,"village_name":"Dhanauri","khasra_no":"1732","longitude":77.61091696,"latitude":28.334306809999998,"authority":"YEIDA","category":"residential","execution_stage":"allotted"}},{"type":"Feature","geometry":{"type":"Polygon","coordinates":[[[77.611004,28.333713],[77.611006,28.333812],[77.610808,28.333815],[77.610806,28.333716],[77.611004,28.333713]]]},"properties":{"objectid":1024,"uniqueplotid":"PLNGRESIDENTIAL1024","plotmap_id":"SECTOR-16_102_G_RESI","plotidentificationnumber":"102","plotno":"102","industrysector":"SECTOR-16","block":"G","plotsize":"200 SQMT","plotsize_at_the_time_of_allotme":"200 SQMT","landuse_type":"RESIDENTIAL","landuse_subcategory":"RESIDENTIAL","scheme_cod":"RPS07","investment":0,"employment":0,"plotstatus":"Allotted","landallotementstatus":"SOLD","landallotementtype":"ALLOTTED","allotmentid":"RPS071822","allotment_date":1698777000000,"rate_of_allotment":24900,"village_name":"Dhanauri","khasra_no":"1738","longitude":77.61090599,"latitude":28.33376373,"authority":"YEIDA","category":"residential","execution_stage":"allotted"}},{"type":"Feature","geometry":{"type":"Polygon","coordinates":[[[77.611006,28.333812],[77.611008,28.333901],[77.610809,28.333904],[77.610808,28.333815],[77.611006,28.333812]]]},"properties":{"objectid":1025,"uniqueplotid":"PLNGRESIDENTIAL1025","plotmap_id":"SECTOR-16_101_G_RESI","plotidentificationnumber":"101","plotno":"101","industrysector":"SECTOR-16","block":"G","plotsize":"200 SQMT","plotsize_at_the_time_of_allotme":"200 SQMT","landuse_type":"RESIDENTIAL","landuse_subcategory":"RESIDENTIAL","scheme_cod":"RPS07","investment":0,"employment":0,"plotstatus":"Allotted","landallotementstatus":"SOLD","landallotementtype":"ALLOTTED","allotmentid":"RPS071892","allotment_date":1698777000000,"rate_of_allotment":24900,"village_name":"Dhanauri","khasra_no":"1738,1737","longitude":77.6109079,"latitude":28.33385798,"authority":"YEIDA","category":"residential","execution_stage":"allotted"}},{"type":"Feature","geometry":{"type":"Polygon","coordinates":[[[77.610822,28.334542],[77.610824,28.334631],[77.610626,28.334634],[77.610624,28.334545],[77.610822,28.334542]]]},"properties":{"objectid":1026,"uniqueplotid":"PLNGRESIDENTIAL1026","plotmap_id":"SECTOR-16_84_G_RESI","plotidentificationnumber":"84","plotno":"84","industrysector":"SECTOR-16","block":"G","plotsize":"200 SQMT","plotsize_at_the_time_of_allotme":"200 SQMT","landuse_type":"RESIDENTIAL","landuse_subcategory":"RESIDENTIAL","scheme_cod":"RPS07","investment":0,"employment":0,"plotstatus":"Allotted","landallotementstatus":"SOLD","landallotementtype":"ALLOTTED","allotmentid":"RPS071889","allotment_date":1698777000000,"rate_of_allotment":24900,"village_name":"Dhanauri","khasra_no":"1731,1732","longitude":77.61072392,"latitude":28.33458798,"authority":"YEIDA","category":"residential","execution_stage":"allotted"}},{"type":"Feature","geometry":{"type":"Polygon","coordinates":[[[77.610824,28.334631],[77.610826,28.33473],[77.610627,28.334733],[77.610626,28.334634],[77.610824,28.334631]]]},"properties":{"objectid":1027,"uniqueplotid":"PLNGRESIDENTIAL1027","plotmap_id":"SECTOR-16_85_G_RESI","plotidentificationnumber":"85","plotno":"85","industrysector":"SECTOR-16","block":"G","plotsize":"200 SQMT","plotsize_at_the_time_of_allotme":"200 SQMT","landuse_type":"RESIDENTIAL","landuse_subcategory":"RESIDENTIAL","scheme_cod":"RPS07","investment":0,"employment":0,"plotstatus":"Allotted","landallotementstatus":"SOLD","landallotementtype":"ALLOTTED","allotmentid":"RPS071821","allotment_date":1698777000000,"rate_of_allotment":24900,"village_name":"Dhanauri","khasra_no":"1731,1732,1729","longitude":77.61072582999999,"latitude":28.334682230000002,"authority":"YEIDA","category":"residential","execution_stage":"allotted"}},{"type":"Feature","geometry":{"type":"Polygon","coordinates":[[[77.610826,28.33473],[77.610828,28.33482],[77.610629,28.334823],[77.610627,28.334733],[77.610826,28.33473]]]},"properties":{"objectid":1028,"uniqueplotid":"PLNGRESIDENTIAL1028","plotmap_id":"SECTOR-16_86_G_RESI","plotidentificationnumber":"86","plotno":"86","industrysector":"SECTOR-16","block":"G","plotsize":"200 SQMT","plotsize_at_the_time_of_allotme":"200 SQMT","landuse_type":"RESIDENTIAL","landuse_subcategory":"RESIDENTIAL","scheme_cod":"RPS07","investment":0,"employment":0,"plotstatus":"Allotted","landallotementstatus":"SOLD","landallotementtype":"ALLOTTED","allotmentid":"RPS071620","allotment_date":1698777000000,"rate_of_allotment":24900,"village_name":"Dhanauri","khasra_no":"1731,1724,1729","longitude":77.61072773,"latitude":28.334776480000002,"authority":"YEIDA","category":"residential","execution_stage":"allotted"}},{"type":"Feature","geometry":{"type":"Polygon","coordinates":[[[77.610828,28.33482],[77.61083,28.334919],[77.610631,28.334922],[77.610629,28.334823],[77.610828,28.33482]]]},"properties":{"objectid":1029,"uniqueplotid":"PLNGRESIDENTIAL1029","plotmap_id":"SECTOR-16_87_G_RESI","plotidentificationnumber":"87","plotno":"87","industrysector":"SECTOR-16","block":"G","plotsize":"200 SQMT","plotsize_at_the_time_of_allotme":"200 SQMT","landuse_type":"RESIDENTIAL","landuse_subcategory":"RESIDENTIAL","scheme_cod":"RPS07","investment":0,"employment":0,"plotstatus":"Allotted","landallotementstatus":"SOLD","landallotementtype":"ALLOTTED","allotmentid":"RPS071805","allotment_date":1698777000000,"rate_of_allotment":24900,"village_name":"Dhanauri","khasra_no":"1731,1723,1724,1729","longitude":77.61072963999999,"latitude":28.334870740000003,"authority":"YEIDA","category":"residential","execution_stage":"allotted"}},{"type":"Feature","geometry":{"type":"Polygon","coordinates":[[[77.61083,28.334919],[77.610832,28.335008],[77.610633,28.335011],[77.610631,28.334922],[77.61083,28.334919]]]},"properties":{"objectid":1030,"uniqueplotid":"PLNGRESIDENTIAL1030","plotmap_id":"SECTOR-16_88_G_RESI","plotidentificationnumber":"88","plotno":"88","industrysector":"SECTOR-16","block":"G","plotsize":"200 SQMT","plotsize_at_the_time_of_allotme":"200 SQMT","landuse_type":"RESIDENTIAL","landuse_subcategory":"RESIDENTIAL","scheme_cod":"RPS07","investment":0,"employment":0,"plotstatus":"Allotted","landallotementstatus":"SOLD","landallotementtype":"ALLOTTED","allotmentid":"RPS071636","allotment_date":1698777000000,"rate_of_allotment":24900,"village_name":"Dhanauri","khasra_no":"1731,1723,1724,1729","longitude":77.61073153999999,"latitude":28.33496499,"authority":"YEIDA","category":"residential","execution_stage":"allotted"}},{"type":"Feature","geometry":{"type":"Polygon","coordinates":[[[77.611025,28.334727],[77.611027,28.334817],[77.610828,28.33482],[77.610826,28.33473],[77.611025,28.334727]]]},"properties":{"objectid":1031,"uniqueplotid":"PLNGRESIDENTIAL1031","plotmap_id":"SECTOR-16_91_G_RESI","plotidentificationnumber":"91","plotno":"91","industrysector":"SECTOR-16","block":"G","plotsize":"200 SQMT","plotsize_at_the_time_of_allotme":"200 SQMT","landuse_type":"RESIDENTIAL","landuse_subcategory":"RESIDENTIAL","scheme_cod":"RPS07","investment":0,"employment":0,"plotstatus":"Allotted","landallotementstatus":"SOLD","landallotementtype":"ALLOTTED","allotmentid":"RPS071541","allotment_date":1698777000000,"rate_of_allotment":24900,"village_name":"Dhanauri","khasra_no":"1731","longitude":77.61092639,"latitude":28.33477359,"authority":"YEIDA","category":"residential","execution_stage":"allotted"}},{"type":"Feature","geometry":{"type":"Polygon","coordinates":[[[77.611027,28.334817],[77.611029,28.334916],[77.61083,28.334919],[77.610828,28.33482],[77.611027,28.334817]]]},"properties":{"objectid":1032,"uniqueplotid":"PLNGRESIDENTIAL1032","plotmap_id":"SECTOR-16_90_G_RESI","plotidentificationnumber":"90","plotno":"90","industrysector":"SECTOR-16","block":"G","plotsize":"200 SQMT","plotsize_at_the_time_of_allotme":"200 SQMT","landuse_type":"RESIDENTIAL","landuse_subcategory":"RESIDENTIAL","scheme_cod":"RPS07","investment":0,"employment":0,"plotstatus":"Allotted","landallotementstatus":"SOLD","landallotementtype":"ALLOTTED","allotmentid":"RPS071565","allotment_date":1698777000000,"rate_of_allotment":24900,"village_name":"Dhanauri","khasra_no":"1731","longitude":77.61092829,"latitude":28.334867850000002,"authority":"YEIDA","category":"residential","execution_stage":"allotted"}},{"type":"Feature","geometry":{"type":"Polygon","coordinates":[[[77.611029,28.334916],[77.61103,28.335006],[77.610832,28.335008],[77.61083,28.334919],[77.611029,28.334916]]]},"properties":{"objectid":1033,"uniqueplotid":"PLNGRESIDENTIAL1033","plotmap_id":"SECTOR-16_89_G_RESI","plotidentificationnumber":"89","plotno":"89","industrysector":"SECTOR-16","block":"G","plotsize":"200 SQMT","plotsize_at_the_time_of_allotme":"200 SQMT","landuse_type":"RESIDENTIAL","landuse_subcategory":"RESIDENTIAL","scheme_cod":"RPS07","investment":0,"employment":0,"plotstatus":"Allotted","landallotementstatus":"SOLD","landallotementtype":"ALLOTTED","allotmentid":"RPS071713","allotment_date":1698777000000,"rate_of_allotment":24900,"village_name":"Dhanauri","khasra_no":"1730,1731,1723,1729","longitude":77.61093019,"latitude":28.334962100000002,"authority":"YEIDA","category":"residential","execution_stage":"allotted"}},{"type":"Feature","geometry":{"type":"Polygon","coordinates":[[[77.611223,28.33371],[77.611226,28.333889],[77.611127,28.333891],[77.611124,28.333711],[77.611223,28.33371]]]},"properties":{"objectid":1034,"uniqueplotid":"PLNGRESIDENTIAL1034","plotmap_id":"SECTOR-16_103_G_RESI","plotidentificationnumber":"103","plotno":"103","industrysector":"SECTOR-16","block":"G","plotsize":"200 SQMT","plotsize_at_the_time_of_allotme":"200 SQMT","landuse_type":"RESIDENTIAL","landuse_subcategory":"RESIDENTIAL","scheme_cod":"RPS07","investment":0,"employment":0,"plotstatus":"Allotted","landallotementstatus":"SOLD","landallotementtype":"ALLOTTED","allotmentid":"RPS071887","allotment_date":1698777000000,"rate_of_allotment":24900,"village_name":"Dhanauri","khasra_no":"1739,1738,1753","longitude":77.61117499,"latitude":28.33380023,"authority":"YEIDA","category":"residential","execution_stage":"allotted"}},{"type":"Feature","geometry":{"type":"Polygon","coordinates":[[[77.611322,28.333708],[77.611326,28.333888],[77.611226,28.333889],[77.611223,28.33371],[77.611322,28.333708]]]},"properties":{"objectid":1035,"uniqueplotid":"PLNGRESIDENTIAL1035","plotmap_id":"SECTOR-16_104_G_RESI","plotidentificationnumber":"104","plotno":"104","industrysector":"SECTOR-16","block":"G","plotsize":"200 SQMT","plotsize_at_the_time_of_allotme":"200 SQMT","landuse_type":"RESIDENTIAL","landuse_subcategory":"RESIDENTIAL","scheme_cod":"RPS07","investment":0,"employment":0,"plotstatus":"Allotted","landallotementstatus":"SOLD","landallotementtype":"ALLOTTED","allotmentid":"RPS071864","allotment_date":1698777000000,"rate_of_allotment":24900,"village_name":"Dhanauri","khasra_no":"1739,1738,1753","longitude":77.61127431999999,"latitude":28.33379878,"authority":"YEIDA","category":"residential","execution_stage":"allotted"}},{"type":"Feature","geometry":{"type":"Polygon","coordinates":[[[77.611226,28.333889],[77.61123,28.334069],[77.611131,28.33407],[77.611127,28.333891],[77.611226,28.333889]]]},"properties":{"objectid":1036,"uniqueplotid":"PLNGRESIDENTIAL1036","plotmap_id":"SECTOR-16_126_G_RESI","plotidentificationnumber":"126","plotno":"126","industrysector":"SECTOR-16","block":"G","plotsize":"200 SQMT","plotsize_at_the_time_of_allotme":"200 SQMT","landuse_type":"RESIDENTIAL","landuse_subcategory":"RESIDENTIAL","scheme_cod":"RPS07","investment":0,"employment":0,"plotstatus":"Allotted","landallotementstatus":"SOLD","landallotementtype":"ALLOTTED","allotmentid":"RPS071760","allotment_date":1698777000000,"rate_of_allotment":24900,"village_name":"Dhanauri","khasra_no":"1738","longitude":77.61117861999999,"latitude":28.33397976,"authority":"YEIDA","category":"residential","execution_stage":"allotted"}},{"type":"Feature","geometry":{"type":"Polygon","coordinates":[[[77.611326,28.333888],[77.611329,28.334067],[77.61123,28.334069],[77.611226,28.333889],[77.611326,28.333888]]]},"properties":{"objectid":1037,"uniqueplotid":"PLNGRESIDENTIAL1037","plotmap_id":"SECTOR-16_125_G_RESI","plotidentificationnumber":"125","plotno":"125","industrysector":"SECTOR-16","block":"G","plotsize":"200 SQMT","plotsize_at_the_time_of_allotme":"200 SQMT","landuse_type":"RESIDENTIAL","landuse_subcategory":"RESIDENTIAL","scheme_cod":"RPS07","investment":0,"employment":0,"plotstatus":"Allotted","landallotementstatus":"SOLD","landallotementtype":"ALLOTTED","allotmentid":"RPS071912","allotment_date":1698777000000,"rate_of_allotment":24900,"village_name":"Dhanauri","khasra_no":"1739,1738,1753","longitude":77.61127795,"latitude":28.33397831,"authority":"YEIDA","category":"residential","execution_stage":"allotted"}},{"type":"Feature","geometry":{"type":"Polygon","coordinates":[[[77.612662,28.334623],[77.612666,28.3348],[77.612557,28.334802],[77.612553,28.334624],[77.612662,28.334623]]]},"properties":{"objectid":1038,"uniqueplotid":"PLNGRESIDENTIAL1038","plotmap_id":"SECTOR-16_145_G_RESI","plotidentificationnumber":"145","plotno":"145","industrysector":"SECTOR-16","block":"G","plotsize":"200 SQMT","plotsize_at_the_time_of_allotme":"200 SQMT","landuse_type":"RESIDENTIAL","landuse_subcategory":"RESIDENTIAL","scheme_cod":"RPS07","investment":0,"employment":0,"plotstatus":"Allotted","landallotementstatus":"SOLD","landallotementtype":"ALLOTTED","allotmentid":"RPS071502","allotment_date":1698777000000,"rate_of_allotment":24900,"village_name":"Dhanauri","khasra_no":"1755,1754,1757,1580,1756","longitude":77.61260932,"latitude":28.334712210000003,"authority":"YEIDA","category":"residential","execution_stage":"allotted"}},{"type":"Feature","geometry":{"type":"Polygon","coordinates":[[[77.612761,28.334621],[77.612765,28.334799],[77.612666,28.3348],[77.612662,28.334623],[77.612761,28.334621]]]},"properties":{"objectid":1039,"uniqueplotid":"PLNGRESIDENTIAL1039","plotmap_id":"SECTOR-16_146_G_RESI","plotidentificationnumber":"146","plotno":"146","industrysector":"SECTOR-16","block":"G","plotsize":"200 SQMT","plotsize_at_the_time_of_allotme":"200 SQMT","landuse_type":"RESIDENTIAL","landuse_subcategory":"RESIDENTIAL","scheme_cod":"RPS07","investment":0,"employment":0,"plotstatus":"Allotted","landallotementstatus":"SOLD","landallotementtype":"ALLOTTED","allotmentid":"RPS071631","allotment_date":1698777000000,"rate_of_allotment":24900,"village_name":"Dhanauri","khasra_no":"1757,1580,1577,1756","longitude":77.61271354,"latitude":28.334710740000002,"authority":"YEIDA","category":"residential","execution_stage":"allotted"}},{"type":"Feature","geometry":{"type":"Polygon","coordinates":[[[77.612861,28.33462],[77.612864,28.334797],[77.612765,28.334799],[77.612761,28.334621],[77.612861,28.33462]]]},"properties":{"objectid":1040,"uniqueplotid":"PLNGRESIDENTIAL1040","plotmap_id":"SECTOR-16_147_G_RESI","plotidentificationnumber":"147","plotno":"147","industrysector":"SECTOR-16","block":"G","plotsize":"200 SQMT","plotsize_at_the_time_of_allotme":"200 SQMT","landuse_type":"RESIDENTIAL","landuse_subcategory":"RESIDENTIAL","scheme_cod":"RPS07","investment":0,"employment":0,"plotstatus":"Allotted","landallotementstatus":"SOLD","landallotementtype":"ALLOTTED","allotmentid":"RPS071803","allotment_date":1698777000000,"rate_of_allotment":24900,"village_name":"Dhanauri","khasra_no":"1548,1580,1577,1756","longitude":77.61281287,"latitude":28.334709290000003,"authority":"YEIDA","category":"residential","execution_stage":"allotted"}},{"type":"Feature","geometry":{"type":"Polygon","coordinates":[[[77.612666,28.3348],[77.612669,28.334979],[77.612561,28.334979],[77.612557,28.334802],[77.612666,28.3348]]]},"properties":{"objectid":1041,"uniqueplotid":"PLNGRESIDENTIAL1041","plotmap_id":"SECTOR-16_159_G_RESI","plotidentificationnumber":"159","plotno":"159","industrysector":"SECTOR-16","block":"G","plotsize":"200 SQMT","plotsize_at_the_time_of_allotme":"200 SQMT","landuse_type":"RESIDENTIAL","landuse_subcategory":"RESIDENTIAL","scheme_cod":"RPS07","investment":0,"employment":0,"plotstatus":"Allotted","landallotementstatus":"SOLD","landallotementtype":"ALLOTTED","allotmentid":"RPS071884","allotment_date":1698777000000,"rate_of_allotment":24900,"village_name":"Dhanauri","khasra_no":"1580,1577,1578,1756","longitude":77.61261324,"latitude":28.334889920000002,"authority":"YEIDA","category":"residential","execution_stage":"allotted"}},{"type":"Feature","geometry":{"type":"Polygon","coordinates":[[[77.612765,28.334799],[77.612769,28.334978],[77.612669,28.334979],[77.612666,28.3348],[77.612765,28.334799]]]},"properties":{"objectid":1042,"uniqueplotid":"PLNGRESIDENTIAL1042","plotmap_id":"SECTOR-16_158_G_RESI","plotidentificationnumber":"158","plotno":"158","industrysector":"SECTOR-16","block":"G","plotsize":"200 SQMT","plotsize_at_the_time_of_allotme":"200 SQMT","landuse_type":"RESIDENTIAL","landuse_subcategory":"RESIDENTIAL","scheme_cod":"RPS07","investment":0,"employment":0,"plotstatus":"Allotted","landallotementstatus":"SOLD","landallotementtype":"ALLOTTED","allotmentid":"RPS071513","allotment_date":1698777000000,"rate_of_allotment":24900,"village_name":"Dhanauri","khasra_no":"1580,1577","longitude":77.61271715000001,"latitude":28.33488879,"authority":"YEIDA","category":"residential","execution_stage":"allotted"}},{"type":"Feature","geometry":{"type":"Polygon","coordinates":[[[77.612864,28.334797],[77.612868,28.334977],[77.612769,28.334978],[77.612765,28.334799],[77.612864,28.334797]]]},"properties":{"objectid":1043,"uniqueplotid":"PLNGRESIDENTIAL1043","plotmap_id":"SECTOR-16_157_G_RESI","plotidentificationnumber":"157","plotno":"157","industrysector":"SECTOR-16","block":"G","plotsize":"200 SQMT","plotsize_at_the_time_of_allotme":"200 SQMT","landuse_type":"RESIDENTIAL","landuse_subcategory":"RESIDENTIAL","scheme_cod":"RPS07","investment":0,"employment":0,"plotstatus":"Allotted","landallotementstatus":"SOLD","landallotementtype":"ALLOTTED","allotmentid":"RPS071920","allotment_date":1698777000000,"rate_of_allotment":24900,"village_name":"Dhanauri","khasra_no":"1577","longitude":77.61281648999999,"latitude":28.33488766,"authority":"YEIDA","category":"residential","execution_stage":"allotted"}},{"type":"Feature","geometry":{"type":"Polygon","coordinates":[[[77.612036,28.334632],[77.61204,28.334811],[77.611941,28.334813],[77.611937,28.334633],[77.612036,28.334632]]]},"properties":{"objectid":1044,"uniqueplotid":"PLNGRESIDENTIAL1044","plotmap_id":"SECTOR-16_140_G_RESI","plotidentificationnumber":"140","plotno":"140","industrysector":"SECTOR-16","block":"G","plotsize":"200 SQMT","plotsize_at_the_time_of_allotme":"200 SQMT","landuse_type":"RESIDENTIAL","landuse_subcategory":"RESIDENTIAL","scheme_cod":"RPS07","investment":0,"employment":0,"plotstatus":"Allotted","landallotementstatus":"SOLD","landallotementtype":"ALLOTTED","allotmentid":"RPS071874","allotment_date":1698777000000,"rate_of_allotment":24900,"village_name":"Dhanauri","khasra_no":"1739,1738,1754","longitude":77.61198847,"latitude":28.33472223,"authority":"YEIDA","category":"residential","execution_stage":"allotted"}},{"type":"Feature","geometry":{"type":"Polygon","coordinates":[[[77.612136,28.33463],[77.612139,28.33481],[77.61204,28.334811],[77.612036,28.334632],[77.612136,28.33463]]]},"properties":{"objectid":1045,"uniqueplotid":"PLNGRESIDENTIAL1045","plotmap_id":"SECTOR-16_141_G_RESI","plotidentificationnumber":"141","plotno":"141","industrysector":"SECTOR-16","block":"G","plotsize":"200 SQMT","plotsize_at_the_time_of_allotme":"200 SQMT","landuse_type":"RESIDENTIAL","landuse_subcategory":"RESIDENTIAL","scheme_cod":"RPS07","investment":0,"employment":0,"plotstatus":"Allotted","landallotementstatus":"SOLD","landallotementtype":"ALLOTTED","allotmentid":"RPS071727","allotment_date":1698777000000,"rate_of_allotment":24900,"village_name":"Dhanauri","khasra_no":"1739,1738,1754","longitude":77.61208778999999,"latitude":28.334720790000002,"authority":"YEIDA","category":"residential","execution_stage":"allotted"}},{"type":"Feature","geometry":{"type":"Polygon","coordinates":[[[77.612235,28.334629],[77.612239,28.334808],[77.612139,28.33481],[77.612136,28.33463],[77.612235,28.334629]]]},"properties":{"objectid":1046,"uniqueplotid":"PLNGRESIDENTIAL1046","plotmap_id":"SECTOR-16_142_G_RESI","plotidentificationnumber":"142","plotno":"142","industrysector":"SECTOR-16","block":"G","plotsize":"200 SQMT","plotsize_at_the_time_of_allotme":"200 SQMT","landuse_type":"RESIDENTIAL","landuse_subcategory":"RESIDENTIAL","scheme_cod":"RPS07","investment":0,"employment":0,"plotstatus":"Allotted","landallotementstatus":"SOLD","landallotementtype":"ALLOTTED","allotmentid":"RPS071465","allotment_date":1698777000000,"rate_of_allotment":24900,"village_name":"Dhanauri","khasra_no":"1754","longitude":77.61218712,"latitude":28.334719340000003,"authority":"YEIDA","category":"residential","execution_stage":"allotted"}},{"type":"Feature","geometry":{"type":"Polygon","coordinates":[[[77.612334,28.334627],[77.612338,28.334807],[77.612239,28.334808],[77.612235,28.334629],[77.612334,28.334627]]]},"properties":{"objectid":1047,"uniqueplotid":"PLNGRESIDENTIAL1047","plotmap_id":"SECTOR-16_143_G_RESI","plotidentificationnumber":"143","plotno":"143","industrysector":"SECTOR-16","block":"G","plotsize":"200 SQMT","plotsize_at_the_time_of_allotme":"200 SQMT","landuse_type":"RESIDENTIAL","landuse_subcategory":"RESIDENTIAL","scheme_cod":"RPS07","investment":0,"employment":0,"plotstatus":"Allotted","landallotementstatus":"SOLD","landallotementtype":"ALLOTTED","allotmentid":"RPS071837","allotment_date":1698777000000,"rate_of_allotment":24900,"village_name":"Dhanauri","khasra_no":"1754","longitude":77.61228645,"latitude":28.3347179,"authority":"YEIDA","category":"residential","execution_stage":"allotted"}},{"type":"Feature","geometry":{"type":"Polygon","coordinates":[[[77.612434,28.334626],[77.612437,28.334805],[77.612338,28.334807],[77.612334,28.334627],[77.612434,28.334626]]]},"properties":{"objectid":1048,"uniqueplotid":"PLNGRESIDENTIAL1048","plotmap_id":"SECTOR-16_144_G_RESI","plotidentificationnumber":"144","plotno":"144","industrysector":"SECTOR-16","block":"G","plotsize":"200 SQMT","plotsize_at_the_time_of_allotme":"200 SQMT","landuse_type":"RESIDENTIAL","landuse_subcategory":"RESIDENTIAL","scheme_cod":"RPS07","investment":0,"employment":0,"plotstatus":"Allotted","landallotementstatus":"SOLD","landallotementtype":"ALLOTTED","allotmentid":"RPS071488","allotment_date":1698777000000,"rate_of_allotment":24900,"village_name":"Dhanauri","khasra_no":"1754","longitude":77.61238578000001,"latitude":28.334716460000003,"authority":"YEIDA","category":"residential","execution_stage":"allotted"}},{"type":"Feature","geometry":{"type":"Polygon","coordinates":[[[77.612139,28.33481],[77.612143,28.334989],[77.612044,28.334991],[77.61204,28.334811],[77.612139,28.33481]]]},"properties":{"objectid":1049,"uniqueplotid":"PLNGRESIDENTIAL1049","plotmap_id":"SECTOR-16_163_G_RESI","plotidentificationnumber":"163","plotno":"163","industrysector":"SECTOR-16","block":"G","plotsize":"200 SQMT","plotsize_at_the_time_of_allotme":"200 SQMT","landuse_type":"RESIDENTIAL","landuse_subcategory":"RESIDENTIAL","scheme_cod":"RPS07","investment":0,"employment":0,"plotstatus":"Allotted","landallotementstatus":"SOLD","landallotementtype":"ALLOTTED","allotmentid":"RPS071796","allotment_date":1698777000000,"rate_of_allotment":24900,"village_name":"Dhanauri","khasra_no":"1739,1738,1754","longitude":77.61209142,"latitude":28.334900320000003,"authority":"YEIDA","category":"residential","execution_stage":"allotted"}},{"type":"Feature","geometry":{"type":"Polygon","coordinates":[[[77.612239,28.334808],[77.612242,28.334988],[77.612143,28.334989],[77.612139,28.33481],[77.612239,28.334808]]]},"properties":{"objectid":1050,"uniqueplotid":"PLNGRESIDENTIAL1050","plotmap_id":"SECTOR-16_162_G_RESI","plotidentificationnumber":"162","plotno":"162","industrysector":"SECTOR-16","block":"G","plotsize":"200 SQMT","plotsize_at_the_time_of_allotme":"200 SQMT","landuse_type":"RESIDENTIAL","landuse_subcategory":"RESIDENTIAL","scheme_cod":"RPS07","investment":0,"employment":0,"plotstatus":"Allotted","landallotementstatus":"SOLD","landallotementtype":"ALLOTTED","allotmentid":"RPS071483","allotment_date":1698777000000,"rate_of_allotment":24900,"village_name":"Dhanauri","khasra_no":"1739,1738,1754","longitude":77.61219075,"latitude":28.33489887,"authority":"YEIDA","category":"residential","execution_stage":"allotted"}},{"type":"Feature","geometry":{"type":"Polygon","coordinates":[[[77.612338,28.334807],[77.612342,28.334986],[77.612242,28.334988],[77.612239,28.334808],[77.612338,28.334807]]]},"properties":{"objectid":1051,"uniqueplotid":"PLNGRESIDENTIAL1051","plotmap_id":"SECTOR-16_161_G_RESI","plotidentificationnumber":"161","plotno":"161","industrysector":"SECTOR-16","block":"G","plotsize":"200 SQMT","plotsize_at_the_time_of_allotme":"200 SQMT","landuse_type":"RESIDENTIAL","landuse_subcategory":"RESIDENTIAL","scheme_cod":"RPS07","investment":0,"employment":0,"plotstatus":"Allotted","landallotementstatus":"SOLD","landallotementtype":"ALLOTTED","allotmentid":"RPS071815","allotment_date":1698777000000,"rate_of_allotment":24900,"village_name":"Dhanauri","khasra_no":"1739,1754","longitude":77.61229007,"latitude":28.33489743,"authority":"YEIDA","category":"residential","execution_stage":"allotted"}},{"type":"Feature","geometry":{"type":"Polygon","coordinates":[[[77.612437,28.334805],[77.612441,28.334985],[77.612342,28.334986],[77.612338,28.334807],[77.612437,28.334805]]]},"properties":{"objectid":1052,"uniqueplotid":"PLNGRESIDENTIAL1052","plotmap_id":"SECTOR-16_160_G_RESI","plotidentificationnumber":"160","plotno":"160","industrysector":"SECTOR-16","block":"G","plotsize":"200 SQMT","plotsize_at_the_time_of_allotme":"200 SQMT","landuse_type":"RESIDENTIAL","landuse_subcategory":"RESIDENTIAL","scheme_cod":"RPS07","investment":0,"employment":0,"plotstatus":"Allotted","landallotementstatus":"SOLD","landallotementtype":"ALLOTTED","allotmentid":"RPS071811","allotment_date":1698777000000,"rate_of_allotment":24900,"village_name":"Dhanauri","khasra_no":"1754,1580,1756","longitude":77.6123894,"latitude":28.33489599,"authority":"YEIDA","category":"residential","execution_stage":"allotted"}},{"type":"Feature","geometry":{"type":"Polygon","coordinates":[[[77.611017,28.33435],[77.611019,28.33444],[77.61082,28.334443],[77.610819,28.334353],[77.611017,28.33435]]]},"properties":{"objectid":1053,"uniqueplotid":"PLNGRESIDENTIAL1053","plotmap_id":"SECTOR-16_95_G_RESI","plotidentificationnumber":"95","plotno":"95","industrysector":"SECTOR-16","block":"G","plotsize":"200 SQMT","plotsize_at_the_time_of_allotme":"200 SQMT","landuse_type":"RESIDENTIAL","landuse_subcategory":"RESIDENTIAL","scheme_cod":"RPS07","investment":0,"employment":0,"plotstatus":"Allotted","landallotementstatus":"SOLD","landallotementtype":"ALLOTTED","allotmentid":"RPS071637","allotment_date":1698777000000,"rate_of_allotment":24900,"village_name":"Dhanauri","khasra_no":"1731,1732","longitude":77.61091877,"latitude":28.33439658,"authority":"YEIDA","category":"residential","execution_stage":"allotted"}},{"type":"Feature","geometry":{"type":"Polygon","coordinates":[[[77.611019,28.33444],[77.611021,28.334539],[77.610822,28.334542],[77.61082,28.334443],[77.611019,28.33444]]]},"properties":{"objectid":1054,"uniqueplotid":"PLNGRESIDENTIAL1054","plotmap_id":"SECTOR-16_94_G_RESI","plotidentificationnumber":"94","plotno":"94","industrysector":"SECTOR-16","block":"G","plotsize":"200 SQMT","plotsize_at_the_time_of_allotme":"200 SQMT","landuse_type":"RESIDENTIAL","landuse_subcategory":"RESIDENTIAL","scheme_cod":"RPS07","investment":0,"employment":0,"plotstatus":"Allotted","landallotementstatus":"SOLD","landallotementtype":"ALLOTTED","allotmentid":"RPS071832","allotment_date":1698777000000,"rate_of_allotment":24900,"village_name":"Dhanauri","khasra_no":"1731,1732","longitude":77.61092068,"latitude":28.33449083,"authority":"YEIDA","category":"residential","execution_stage":"allotted"}},{"type":"Feature","geometry":{"type":"Polygon","coordinates":[[[77.611021,28.334539],[77.611023,28.334629],[77.610824,28.334631],[77.610822,28.334542],[77.611021,28.334539]]]},"properties":{"objectid":1055,"uniqueplotid":"PLNGRESIDENTIAL1055","plotmap_id":"SECTOR-16_93_G_RESI","plotidentificationnumber":"93","plotno":"93","industrysector":"SECTOR-16","block":"G","plotsize":"200 SQMT","plotsize_at_the_time_of_allotme":"200 SQMT","landuse_type":"RESIDENTIAL","landuse_subcategory":"RESIDENTIAL","scheme_cod":"RPS07","investment":0,"employment":0,"plotstatus":"Allotted","landallotementstatus":"SOLD","landallotementtype":"ALLOTTED","allotmentid":"RPS071593","allotment_date":1698777000000,"rate_of_allotment":24900,"village_name":"Dhanauri","khasra_no":"1731,1732","longitude":77.61092258000001,"latitude":28.334585089999997,"authority":"YEIDA","category":"residential","execution_stage":"allotted"}},{"type":"Feature","geometry":{"type":"Polygon","coordinates":[[[77.611023,28.334629],[77.611025,28.334727],[77.610826,28.33473],[77.610824,28.334631],[77.611023,28.334629]]]},"properties":{"objectid":1056,"uniqueplotid":"PLNGRESIDENTIAL1056","plotmap_id":"SECTOR-16_92_G_RESI","plotidentificationnumber":"92","plotno":"92","industrysector":"SECTOR-16","block":"G","plotsize":"200 SQMT","plotsize_at_the_time_of_allotme":"200 SQMT","landuse_type":"RESIDENTIAL","landuse_subcategory":"RESIDENTIAL","scheme_cod":"RPS07","investment":0,"employment":0,"plotstatus":"Allotted","landallotementstatus":"SOLD","landallotementtype":"ALLOTTED","allotmentid":"RPS071709","allotment_date":1698777000000,"rate_of_allotment":24900,"village_name":"Dhanauri","khasra_no":"1731","longitude":77.61092448,"latitude":28.33467934,"authority":"YEIDA","category":"residential","execution_stage":"allotted"}},{"type":"Feature","geometry":{"type":"Polygon","coordinates":[[[77.611242,28.334643],[77.611245,28.334823],[77.611146,28.334824],[77.611142,28.334645],[77.611242,28.334643]]]},"properties":{"objectid":1057,"uniqueplotid":"PLNGRESIDENTIAL1057","plotmap_id":"SECTOR-16_132_G_RESI","plotidentificationnumber":"132","plotno":"132","industrysector":"SECTOR-16","block":"G","plotsize":"200 SQMT","plotsize_at_the_time_of_allotme":"200 SQMT","landuse_type":"RESIDENTIAL","landuse_subcategory":"RESIDENTIAL","scheme_cod":"RPS07","investment":0,"employment":0,"plotstatus":"Allotted","landallotementstatus":"SOLD","landallotementtype":"ALLOTTED","allotmentid":"RPS071680","allotment_date":1698777000000,"rate_of_allotment":24900,"village_name":"Dhanauri","khasra_no":"1731","longitude":77.61119384999999,"latitude":28.33473379,"authority":"YEIDA","category":"residential","execution_stage":"allotted"}},{"type":"Feature","geometry":{"type":"Polygon","coordinates":[[[77.611341,28.334642],[77.611345,28.334821],[77.611245,28.334823],[77.611242,28.334643],[77.611341,28.334642]]]},"properties":{"objectid":1058,"uniqueplotid":"PLNGRESIDENTIAL1058","plotmap_id":"SECTOR-16_133_G_RESI","plotidentificationnumber":"133","plotno":"133","industrysector":"SECTOR-16","block":"G","plotsize":"200 SQMT","plotsize_at_the_time_of_allotme":"200 SQMT","landuse_type":"RESIDENTIAL","landuse_subcategory":"RESIDENTIAL","scheme_cod":"RPS07","investment":0,"employment":0,"plotstatus":"Allotted","landallotementstatus":"SOLD","landallotementtype":"ALLOTTED","allotmentid":"RPS071554","allotment_date":1698777000000,"rate_of_allotment":24900,"village_name":"Dhanauri","khasra_no":"1730,1731","longitude":77.61129317,"latitude":28.334732340000002,"authority":"YEIDA","category":"residential","execution_stage":"allotted"}},{"type":"Feature","geometry":{"type":"Polygon","coordinates":[[[77.611245,28.334823],[77.611249,28.335002],[77.61115,28.335004],[77.611146,28.334824],[77.611245,28.334823]]]},"properties":{"objectid":1059,"uniqueplotid":"PLNGRESIDENTIAL1059","plotmap_id":"SECTOR-16_172_G_RESI","plotidentificationnumber":"172","plotno":"172","industrysector":"SECTOR-16","block":"G","plotsize":"200 SQMT","plotsize_at_the_time_of_allotme":"200 SQMT","landuse_type":"RESIDENTIAL","landuse_subcategory":"RESIDENTIAL","scheme_cod":"RPS07","investment":0,"employment":0,"plotstatus":"Allotted","landallotementstatus":"SOLD","landallotementtype":"ALLOTTED","allotmentid":"RPS071603","allotment_date":1698777000000,"rate_of_allotment":24900,"village_name":"Dhanauri","khasra_no":"1730,1731","longitude":77.61119747,"latitude":28.334913320000002,"authority":"YEIDA","category":"residential","execution_stage":"allotted"}},{"type":"Feature","geometry":{"type":"Polygon","coordinates":[[[77.611345,28.334821],[77.611348,28.335001],[77.611249,28.335002],[77.611245,28.334823],[77.611345,28.334821]]]},"properties":{"objectid":1060,"uniqueplotid":"PLNGRESIDENTIAL1060","plotmap_id":"SECTOR-16_171_G_RESI","plotidentificationnumber":"171","plotno":"171","industrysector":"SECTOR-16","block":"G","plotsize":"200 SQMT","plotsize_at_the_time_of_allotme":"200 SQMT","landuse_type":"RESIDENTIAL","landuse_subcategory":"RESIDENTIAL","scheme_cod":"RPS07","investment":0,"employment":0,"plotstatus":"Allotted","landallotementstatus":"SOLD","landallotementtype":"ALLOTTED","allotmentid":"RPS071890","allotment_date":1698777000000,"rate_of_allotment":24900,"village_name":"Dhanauri","khasra_no":"1730,1731","longitude":77.61129679999999,"latitude":28.334911870000003,"authority":"YEIDA","category":"residential","execution_stage":"allotted"}},{"type":"Feature","geometry":{"type":"Polygon","coordinates":[[[77.611444,28.33482],[77.611448,28.334999],[77.611348,28.335001],[77.611345,28.334821],[77.611444,28.33482]]]},"properties":{"objectid":1061,"uniqueplotid":"PLNGRESIDENTIAL1061","plotmap_id":"SECTOR-16_170_G_RESI","plotidentificationnumber":"170","plotno":"170","industrysector":"SECTOR-16","block":"G","plotsize":"200 SQMT","plotsize_at_the_time_of_allotme":"200 SQMT","landuse_type":"RESIDENTIAL","landuse_subcategory":"RESIDENTIAL","scheme_cod":"RPS07","investment":0,"employment":0,"plotstatus":"Allotted","landallotementstatus":"SOLD","landallotementtype":"ALLOTTED","allotmentid":"RPS071486","allotment_date":1698777000000,"rate_of_allotment":24900,"village_name":"Dhanauri","khasra_no":"1730","longitude":77.61139613,"latitude":28.33491043,"authority":"YEIDA","category":"residential","execution_stage":"allotted"}},{"type":"Feature","geometry":{"type":"Polygon","coordinates":[[[77.611411,28.333186],[77.611415,28.333366],[77.611315,28.333367],[77.611312,28.333188],[77.611411,28.333186]]]},"properties":{"objectid":1062,"uniqueplotid":"PLNGRESIDENTIAL1062","plotmap_id":"SECTOR-16_55_G_RESI","plotidentificationnumber":"55","plotno":"55","industrysector":"SECTOR-16","block":"G","plotsize":"200 SQMT","plotsize_at_the_time_of_allotme":"200 SQMT","landuse_type":"RESIDENTIAL","landuse_subcategory":"RESIDENTIAL","scheme_cod":"RPS07","investment":0,"employment":0,"plotstatus":"Allotted","landallotementstatus":"SOLD","landallotementtype":"ALLOTTED","allotmentid":"RPS071617","allotment_date":1698777000000,"rate_of_allotment":24900,"village_name":"Dhanauri","khasra_no":"1755,1758,1752","longitude":77.61136313,"latitude":28.33327669,"authority":"YEIDA","category":"residential","execution_stage":"allotted"}},{"type":"Feature","geometry":{"type":"Polygon","coordinates":[[[77.61151,28.333185],[77.611514,28.333364],[77.611415,28.333366],[77.611411,28.333186],[77.61151,28.333185]]]},"properties":{"objectid":1063,"uniqueplotid":"PLNGRESIDENTIAL1063","plotmap_id":"SECTOR-16_56_G_RESI","plotidentificationnumber":"56","plotno":"56","industrysector":"SECTOR-16","block":"G","plotsize":"200 SQMT","plotsize_at_the_time_of_allotme":"200 SQMT","landuse_type":"RESIDENTIAL","landuse_subcategory":"RESIDENTIAL","scheme_cod":"RPS07","investment":0,"employment":0,"plotstatus":"Allotted","landallotementstatus":"SOLD","landallotementtype":"ALLOTTED","allotmentid":"RPS071865","allotment_date":1698777000000,"rate_of_allotment":24900,"village_name":"Dhanauri","khasra_no":"1758","longitude":77.61146246,"latitude":28.33327525,"authority":"YEIDA","category":"residential","execution_stage":"allotted"}},{"type":"Feature","geometry":{"type":"Polygon","coordinates":[[[77.61161,28.333183],[77.611613,28.333363],[77.611514,28.333364],[77.61151,28.333185],[77.61161,28.333183]]]},"properties":{"objectid":1064,"uniqueplotid":"PLNGRESIDENTIAL1064","plotmap_id":"SECTOR-16_57_G_RESI","plotidentificationnumber":"57","plotno":"57","industrysector":"SECTOR-16","block":"G","plotsize":"200 SQMT","plotsize_at_the_time_of_allotme":"200 SQMT","landuse_type":"RESIDENTIAL","landuse_subcategory":"RESIDENTIAL","scheme_cod":"RPS07","investment":0,"employment":0,"plotstatus":"Allotted","landallotementstatus":"SOLD","landallotementtype":"ALLOTTED","allotmentid":"RPS071589","allotment_date":1698777000000,"rate_of_allotment":24900,"village_name":"Dhanauri","khasra_no":"1758","longitude":77.61156179000001,"latitude":28.3332738,"authority":"YEIDA","category":"residential","execution_stage":"allotted"}},{"type":"Feature","geometry":{"type":"Polygon","coordinates":[[[77.611709,28.333182],[77.611713,28.333361],[77.611613,28.333363],[77.61161,28.333183],[77.611709,28.333182]]]},"properties":{"objectid":1065,"uniqueplotid":"PLNGRESIDENTIAL1065","plotmap_id":"SECTOR-16_58_G_RESI","plotidentificationnumber":"58","plotno":"58","industrysector":"SECTOR-16","block":"G","plotsize":"200 SQMT","plotsize_at_the_time_of_allotme":"200 SQMT","landuse_type":"RESIDENTIAL","landuse_subcategory":"RESIDENTIAL","scheme_cod":"RPS07","investment":0,"employment":0,"plotstatus":"Allotted","landallotementstatus":"SOLD","landallotementtype":"ALLOTTED","allotmentid":"RPS071774","allotment_date":1698777000000,"rate_of_allotment":24900,"village_name":"Dhanauri","khasra_no":"1758","longitude":77.61166112,"latitude":28.333272360000002,"authority":"YEIDA","category":"residential","execution_stage":"allotted"}},{"type":"Feature","geometry":{"type":"Polygon","coordinates":[[[77.611808,28.33318],[77.611812,28.33336],[77.611713,28.333361],[77.611709,28.333182],[77.611808,28.33318]]]},"properties":{"objectid":1066,"uniqueplotid":"PLNGRESIDENTIAL1066","plotmap_id":"SECTOR-16_59_G_RESI","plotidentificationnumber":"59","plotno":"59","industrysector":"SECTOR-16","block":"G","plotsize":"200 SQMT","plotsize_at_the_time_of_allotme":"200 SQMT","landuse_type":"RESIDENTIAL","landuse_subcategory":"RESIDENTIAL","scheme_cod":"RPS07","investment":0,"employment":0,"plotstatus":"Allotted","landallotementstatus":"SOLD","landallotementtype":"ALLOTTED","allotmentid":"RPS071783","allotment_date":1698777000000,"rate_of_allotment":24900,"village_name":"Dhanauri","khasra_no":"1758","longitude":77.61176044,"latitude":28.333270910000003,"authority":"YEIDA","category":"residential","execution_stage":"allotted"}},{"type":"Feature","geometry":{"type":"Polygon","coordinates":[[[77.610358,28.333202],[77.610362,28.333381],[77.610243,28.333383],[77.610239,28.333203],[77.610358,28.333202]]]},"properties":{"objectid":1067,"uniqueplotid":"PLNGRESIDENTIAL1067","plotmap_id":"SECTOR-16_01_G_RESI","plotidentificationnumber":"01","plotno":"01","industrysector":"SECTOR-16","block":"G","plotsize":"200 SQMT","plotsize_at_the_time_of_allotme":"200 SQMT","landuse_type":"RESIDENTIAL","landuse_subcategory":"RESIDENTIAL","scheme_cod":"RPS07","investment":0,"employment":0,"plotstatus":"Allotted","landallotementstatus":"SOLD","landallotementtype":"ALLOTTED","allotmentid":"RPS071463","allotment_date":1698777000000,"rate_of_allotment":24900,"village_name":"Dhanauri","khasra_no":"1738,1737,1734","longitude":77.61030033,"latitude":28.333292150000002,"authority":"YEIDA","category":"residential","execution_stage":"allotted"}},{"type":"Feature","geometry":{"type":"Polygon","coordinates":[[[77.610362,28.333381],[77.610365,28.333561],[77.610246,28.333562],[77.610243,28.333383],[77.610362,28.333381]]]},"properties":{"objectid":1070,"uniqueplotid":"PLNGRESIDENTIAL1070","plotmap_id":"SECTOR-16_34_G_RESI","plotidentificationnumber":"34","plotno":"34","industrysector":"SECTOR-16","block":"G","plotsize":"200 SQMT","plotsize_at_the_time_of_allotme":"200 SQMT","landuse_type":"RESIDENTIAL","landuse_subcategory":"RESIDENTIAL","scheme_cod":"RPS07","investment":0,"employment":0,"plotstatus":"Allotted","landallotementstatus":"SOLD","landallotementtype":"ALLOTTED","allotmentid":"RPS071776","allotment_date":1698777000000,"rate_of_allotment":24900,"village_name":"Dhanauri","khasra_no":"1737,1733,1734","longitude":77.61030395,"latitude":28.333471680000002,"authority":"YEIDA","category":"residential","execution_stage":"allotted"}},{"type":"Feature","geometry":{"type":"Polygon","coordinates":[[[77.609444,28.333215],[77.609448,28.333394],[77.609349,28.333396],[77.609345,28.333216],[77.609444,28.333215]]]},"properties":{"objectid":1077,"uniqueplotid":"PLNGRESIDENTIAL1077","plotmap_id":"SECTOR-16_10_G_RESI","plotidentificationnumber":"10","plotno":"10","industrysector":"SECTOR-16","block":"G","plotsize":"200 SQMT","plotsize_at_the_time_of_allotme":"200 SQMT","landuse_type":"RESIDENTIAL","landuse_subcategory":"RESIDENTIAL","scheme_cod":"RPS07","investment":0,"employment":0,"plotstatus":"Allotted","landallotementstatus":"SOLD","landallotementtype":"ALLOTTED","allotmentid":"RPS071682","allotment_date":1698777000000,"rate_of_allotment":24900,"village_name":"Dhanauri","khasra_no":"1735,1729,1740,1741,1747,1728","longitude":77.60939645,"latitude":28.333305290000002,"authority":"YEIDA","category":"residential","execution_stage":"allotted"}},{"type":"Feature","geometry":{"type":"Polygon","coordinates":[[[77.609544,28.333213],[77.609547,28.333393],[77.609448,28.333394],[77.609444,28.333215],[77.609544,28.333213]]]},"properties":{"objectid":1078,"uniqueplotid":"PLNGRESIDENTIAL1078","plotmap_id":"SECTOR-16_09_G_RESI","plotidentificationnumber":"09","plotno":"09","industrysector":"SECTOR-16","block":"G","plotsize":"200 SQMT","plotsize_at_the_time_of_allotme":"200 SQMT","landuse_type":"RESIDENTIAL","landuse_subcategory":"RESIDENTIAL","scheme_cod":"RPS07","investment":0,"employment":0,"plotstatus":"Allotted","landallotementstatus":"SOLD","landallotementtype":"ALLOTTED","allotmentid":"RPS071817","allotment_date":1698777000000,"rate_of_allotment":24900,"village_name":"Dhanauri","khasra_no":"1735,1740,1741,1747","longitude":77.60949577,"latitude":28.33330385,"authority":"YEIDA","category":"residential","execution_stage":"allotted"}},{"type":"Feature","geometry":{"type":"Polygon","coordinates":[[[77.609643,28.333212],[77.609647,28.333391],[77.609547,28.333393],[77.609544,28.333213],[77.609643,28.333212]]]},"properties":{"objectid":1079,"uniqueplotid":"PLNGRESIDENTIAL1079","plotmap_id":"SECTOR-16_08_G_RESI","plotidentificationnumber":"08","plotno":"08","industrysector":"SECTOR-16","block":"G","plotsize":"200 SQMT","plotsize_at_the_time_of_allotme":"200 SQMT","landuse_type":"RESIDENTIAL","landuse_subcategory":"RESIDENTIAL","scheme_cod":"RPS07","investment":0,"employment":0,"plotstatus":"Allotted","landallotementstatus":"SOLD","landallotementtype":"ALLOTTED","allotmentid":"RPS071610","allotment_date":1698777000000,"rate_of_allotment":24900,"village_name":"Dhanauri","khasra_no":"1735,1740,1741","longitude":77.60959509999999,"latitude":28.33330241,"authority":"YEIDA","category":"residential","execution_stage":"allotted"}},{"type":"Feature","geometry":{"type":"Polygon","coordinates":[[[77.610239,28.333203],[77.610243,28.333383],[77.610143,28.333384],[77.61014,28.333205],[77.610239,28.333203]]]},"properties":{"objectid":1080,"uniqueplotid":"PLNGRESIDENTIAL1080","plotmap_id":"SECTOR-16_02_G_RESI","plotidentificationnumber":"02","plotno":"02","industrysector":"SECTOR-16","block":"G","plotsize":"200 SQMT","plotsize_at_the_time_of_allotme":"200 SQMT","landuse_type":"RESIDENTIAL","landuse_subcategory":"RESIDENTIAL","scheme_cod":"RPS07","investment":0,"employment":0,"plotstatus":"Allotted","landallotementstatus":"SOLD","landallotementtype":"ALLOTTED","allotmentid":"RPS071545","allotment_date":1698777000000,"rate_of_allotment":24900,"village_name":"Dhanauri","khasra_no":"1738,1737,1734","longitude":77.61019107,"latitude":28.333293740000002,"authority":"YEIDA","category":"residential","execution_stage":"allotted"}},{"type":"Feature","geometry":{"type":"Polygon","coordinates":[[[77.61014,28.333205],[77.610143,28.333384],[77.610044,28.333386],[77.61004,28.333206],[77.61014,28.333205]]]},"properties":{"objectid":1081,"uniqueplotid":"PLNGRESIDENTIAL1081","plotmap_id":"SECTOR-16_03_G_RESI","plotidentificationnumber":"03","plotno":"03","industrysector":"SECTOR-16","block":"G","plotsize":"200 SQMT","plotsize_at_the_time_of_allotme":"200 SQMT","landuse_type":"RESIDENTIAL","landuse_subcategory":"RESIDENTIAL","scheme_cod":"RPS07","investment":0,"employment":0,"plotstatus":"Allotted","landallotementstatus":"SOLD","landallotementtype":"ALLOTTED","allotmentid":"RPS071484","allotment_date":1698777000000,"rate_of_allotment":24900,"village_name":"Dhanauri","khasra_no":"1734,1736","longitude":77.61009174,"latitude":28.33329518,"authority":"YEIDA","category":"residential","execution_stage":"allotted"}},{"type":"Feature","geometry":{"type":"Polygon","coordinates":[[[77.61004,28.333206],[77.610044,28.333386],[77.609945,28.333387],[77.609941,28.333208],[77.61004,28.333206]]]},"properties":{"objectid":1082,"uniqueplotid":"PLNGRESIDENTIAL1082","plotmap_id":"SECTOR-16_04_G_RESI","plotidentificationnumber":"04","plotno":"04","industrysector":"SECTOR-16","block":"G","plotsize":"200 SQMT","plotsize_at_the_time_of_allotme":"200 SQMT","landuse_type":"RESIDENTIAL","landuse_subcategory":"RESIDENTIAL","scheme_cod":"RPS07","investment":0,"employment":0,"plotstatus":"Allotted","landallotementstatus":"SOLD","landallotementtype":"ALLOTTED","allotmentid":"RPS071818","allotment_date":1698777000000,"rate_of_allotment":24900,"village_name":"Dhanauri","khasra_no":"1734,1736","longitude":77.60999240999999,"latitude":28.333296630000003,"authority":"YEIDA","category":"residential","execution_stage":"allotted"}},{"type":"Feature","geometry":{"type":"Polygon","coordinates":[[[77.609941,28.333208],[77.609945,28.333387],[77.609845,28.333389],[77.609842,28.333209],[77.609941,28.333208]]]},"properties":{"objectid":1083,"uniqueplotid":"PLNGRESIDENTIAL1083","plotmap_id":"SECTOR-16_05_G_RESI","plotidentificationnumber":"05","plotno":"05","industrysector":"SECTOR-16","block":"G","plotsize":"200 SQMT","plotsize_at_the_time_of_allotme":"200 SQMT","landuse_type":"RESIDENTIAL","landuse_subcategory":"RESIDENTIAL","scheme_cod":"RPS07","investment":0,"employment":0,"plotstatus":"Allotted","landallotementstatus":"SOLD","landallotementtype":"ALLOTTED","allotmentid":"RPS071826","allotment_date":1698777000000,"rate_of_allotment":24900,"village_name":"Dhanauri","khasra_no":"1734,1736,1735","longitude":77.60989308,"latitude":28.33329807,"authority":"YEIDA","category":"residential","execution_stage":"allotted"}},{"type":"Feature","geometry":{"type":"Polygon","coordinates":[[[77.609842,28.333209],[77.609845,28.333389],[77.609746,28.33339],[77.609742,28.33321],[77.609842,28.333209]]]},"properties":{"objectid":1084,"uniqueplotid":"PLNGRESIDENTIAL1084","plotmap_id":"SECTOR-16_06_G_RESI","plotidentificationnumber":"06","plotno":"06","industrysector":"SECTOR-16","block":"G","plotsize":"200 SQMT","plotsize_at_the_time_of_allotme":"200 SQMT","landuse_type":"RESIDENTIAL","landuse_subcategory":"RESIDENTIAL","scheme_cod":"RPS07","investment":0,"employment":0,"plotstatus":"Allotted","landallotementstatus":"SOLD","landallotementtype":"ALLOTTED","allotmentid":"RPS071574","allotment_date":1698777000000,"rate_of_allotment":24900,"village_name":"Dhanauri","khasra_no":"1736,1735","longitude":77.60979376,"latitude":28.33329952,"authority":"YEIDA","category":"residential","execution_stage":"allotted"}},{"type":"Feature","geometry":{"type":"Polygon","coordinates":[[[77.609742,28.33321],[77.609746,28.33339],[77.609647,28.333391],[77.609643,28.333212],[77.609742,28.33321]]]},"properties":{"objectid":1085,"uniqueplotid":"PLNGRESIDENTIAL1085","plotmap_id":"SECTOR-16_07_G_RESI","plotidentificationnumber":"07","plotno":"07","industrysector":"SECTOR-16","block":"G","plotsize":"200 SQMT","plotsize_at_the_time_of_allotme":"200 SQMT","landuse_type":"RESIDENTIAL","landuse_subcategory":"RESIDENTIAL","scheme_cod":"RPS07","investment":0,"employment":0,"plotstatus":"Allotted","landallotementstatus":"SOLD","landallotementtype":"ALLOTTED","allotmentid":"RPS071456","allotment_date":1698777000000,"rate_of_allotment":24900,"village_name":"Dhanauri","khasra_no":"1735","longitude":77.60969443,"latitude":28.333300960000003,"authority":"YEIDA","category":"residential","execution_stage":"allotted"}},{"type":"Feature","geometry":{"type":"Polygon","coordinates":[[[77.609448,28.333394],[77.609452,28.333574],[77.609352,28.333575],[77.609349,28.333396],[77.609448,28.333394]]]},"properties":{"objectid":1092,"uniqueplotid":"PLNGRESIDENTIAL1092","plotmap_id":"SECTOR-16_25_G_RESI","plotidentificationnumber":"25","plotno":"25","industrysector":"SECTOR-16","block":"G","plotsize":"200 SQMT","plotsize_at_the_time_of_allotme":"200 SQMT","landuse_type":"RESIDENTIAL","landuse_subcategory":"RESIDENTIAL","scheme_cod":"RPS07","investment":0,"employment":0,"plotstatus":"Allotted","landallotementstatus":"SOLD","landallotementtype":"ALLOTTED","allotmentid":"RPS071572","allotment_date":1698777000000,"rate_of_allotment":24900,"village_name":"Dhanauri","khasra_no":"1735,1729,1740,1728","longitude":77.60940006999999,"latitude":28.33348483,"authority":"YEIDA","category":"residential","execution_stage":"allotted"}},{"type":"Feature","geometry":{"type":"Polygon","coordinates":[[[77.609547,28.333393],[77.609551,28.333572],[77.609452,28.333574],[77.609448,28.333394],[77.609547,28.333393]]]},"properties":{"objectid":1093,"uniqueplotid":"PLNGRESIDENTIAL1093","plotmap_id":"SECTOR-16_26_G_RESI","plotidentificationnumber":"26","plotno":"26","industrysector":"SECTOR-16","block":"G","plotsize":"200 SQMT","plotsize_at_the_time_of_allotme":"200 SQMT","landuse_type":"RESIDENTIAL","landuse_subcategory":"RESIDENTIAL","scheme_cod":"RPS07","investment":0,"employment":0,"plotstatus":"Allotted","landallotementstatus":"SOLD","landallotementtype":"ALLOTTED","allotmentid":"RPS071623","allotment_date":1698777000000,"rate_of_allotment":24900,"village_name":"Dhanauri","khasra_no":"1735,1729,1728","longitude":77.60949939999999,"latitude":28.33348338,"authority":"YEIDA","category":"residential","execution_stage":"allotted"}},{"type":"Feature","geometry":{"type":"Polygon","coordinates":[[[77.609647,28.333391],[77.60965,28.333571],[77.609551,28.333572],[77.609547,28.333393],[77.609647,28.333391]]]},"properties":{"objectid":1094,"uniqueplotid":"PLNGRESIDENTIAL1094","plotmap_id":"SECTOR-16_27_G_RESI","plotidentificationnumber":"27","plotno":"27","industrysector":"SECTOR-16","block":"G","plotsize":"200 SQMT","plotsize_at_the_time_of_allotme":"200 SQMT","landuse_type":"RESIDENTIAL","landuse_subcategory":"RESIDENTIAL","scheme_cod":"RPS07","investment":0,"employment":0,"plotstatus":"Allotted","landallotementstatus":"SOLD","landallotementtype":"ALLOTTED","allotmentid":"RPS071532","allotment_date":1698777000000,"rate_of_allotment":24900,"village_name":"Dhanauri","khasra_no":"1734,1735,1729,1728","longitude":77.60959873,"latitude":28.333481940000002,"authority":"YEIDA","category":"residential","execution_stage":"allotted"}},{"type":"Feature","geometry":{"type":"Polygon","coordinates":[[[77.609746,28.33339],[77.60975,28.33357],[77.60965,28.333571],[77.609647,28.333391],[77.609746,28.33339]]]},"properties":{"objectid":1095,"uniqueplotid":"PLNGRESIDENTIAL1095","plotmap_id":"SECTOR-16_28_G_RESI","plotidentificationnumber":"28","plotno":"28","industrysector":"SECTOR-16","block":"G","plotsize":"200 SQMT","plotsize_at_the_time_of_allotme":"200 SQMT","landuse_type":"RESIDENTIAL","landuse_subcategory":"RESIDENTIAL","scheme_cod":"RPS07","investment":0,"employment":0,"plotstatus":"Allotted","landallotementstatus":"SOLD","landallotementtype":"ALLOTTED","allotmentid":"RPS071678","allotment_date":1698777000000,"rate_of_allotment":24900,"village_name":"Dhanauri","khasra_no":"1734,1735","longitude":77.60969805,"latitude":28.33348049,"authority":"YEIDA","category":"residential","execution_stage":"allotted"}},{"type":"Feature","geometry":{"type":"Polygon","coordinates":[[[77.609845,28.333389],[77.609849,28.333568],[77.60975,28.33357],[77.609746,28.33339],[77.609845,28.333389]]]},"properties":{"objectid":1096,"uniqueplotid":"PLNGRESIDENTIAL1096","plotmap_id":"SECTOR-16_29_G_RESI","plotidentificationnumber":"29","plotno":"29","industrysector":"SECTOR-16","block":"G","plotsize":"200 SQMT","plotsize_at_the_time_of_allotme":"200 SQMT","landuse_type":"RESIDENTIAL","landuse_subcategory":"RESIDENTIAL","scheme_cod":"RPS07","investment":0,"employment":0,"plotstatus":"Allotted","landallotementstatus":"SOLD","landallotementtype":"ALLOTTED","allotmentid":"RPS071630","allotment_date":1698777000000,"rate_of_allotment":24900,"village_name":"Dhanauri","khasra_no":"1734,1735","longitude":77.60979738,"latitude":28.33347905,"authority":"YEIDA","category":"residential","execution_stage":"allotted"}},{"type":"Feature","geometry":{"type":"Polygon","coordinates":[[[77.609945,28.333387],[77.609948,28.333567],[77.609849,28.333568],[77.609845,28.333389],[77.609945,28.333387]]]},"properties":{"objectid":1097,"uniqueplotid":"PLNGRESIDENTIAL1097","plotmap_id":"SECTOR-16_30_G_RESI","plotidentificationnumber":"30","plotno":"30","industrysector":"SECTOR-16","block":"G","plotsize":"200 SQMT","plotsize_at_the_time_of_allotme":"200 SQMT","landuse_type":"RESIDENTIAL","landuse_subcategory":"RESIDENTIAL","scheme_cod":"RPS07","investment":0,"employment":0,"plotstatus":"Allotted","landallotementstatus":"SOLD","landallotementtype":"ALLOTTED","allotmentid":"RPS071808","allotment_date":1698777000000,"rate_of_allotment":24900,"village_name":"Dhanauri","khasra_no":"1734,1735","longitude":77.60989671,"latitude":28.333477600000002,"authority":"YEIDA","category":"residential","execution_stage":"allotted"}},{"type":"Feature","geometry":{"type":"Polygon","coordinates":[[[77.610044,28.333386],[77.610048,28.333565],[77.609948,28.333567],[77.609945,28.333387],[77.610044,28.333386]]]},"properties":{"objectid":1098,"uniqueplotid":"PLNGRESIDENTIAL1098","plotmap_id":"SECTOR-16_31_G_RESI","plotidentificationnumber":"31","plotno":"31","industrysector":"SECTOR-16","block":"G","plotsize":"200 SQMT","plotsize_at_the_time_of_allotme":"200 SQMT","landuse_type":"RESIDENTIAL","landuse_subcategory":"RESIDENTIAL","scheme_cod":"RPS07","investment":0,"employment":0,"plotstatus":"Allotted","landallotementstatus":"SOLD","landallotementtype":"ALLOTTED","allotmentid":"RPS071790","allotment_date":1698777000000,"rate_of_allotment":24900,"village_name":"Dhanauri","khasra_no":"1734","longitude":77.60999604,"latitude":28.33347616,"authority":"YEIDA","category":"residential","execution_stage":"allotted"}},{"type":"Feature","geometry":{"type":"Polygon","coordinates":[[[77.610143,28.333384],[77.610147,28.333564],[77.610048,28.333565],[77.610044,28.333386],[77.610143,28.333384]]]},"properties":{"objectid":1099,"uniqueplotid":"PLNGRESIDENTIAL1099","plotmap_id":"SECTOR-16_32_G_RESI","plotidentificationnumber":"32","plotno":"32","industrysector":"SECTOR-16","block":"G","plotsize":"200 SQMT","plotsize_at_the_time_of_allotme":"200 SQMT","landuse_type":"RESIDENTIAL","landuse_subcategory":"RESIDENTIAL","scheme_cod":"RPS07","investment":0,"employment":0,"plotstatus":"Allotted","landallotementstatus":"SOLD","landallotementtype":"ALLOTTED","allotmentid":"RPS071469","allotment_date":1698777000000,"rate_of_allotment":24900,"village_name":"Dhanauri","khasra_no":"1734","longitude":77.61009537,"latitude":28.33347472,"authority":"YEIDA","category":"residential","execution_stage":"allotted"}},{"type":"Feature","geometry":{"type":"Polygon","coordinates":[[[77.610243,28.333383],[77.610246,28.333562],[77.610147,28.333564],[77.610143,28.333384],[77.610243,28.333383]]]},"properties":{"objectid":1100,"uniqueplotid":"PLNGRESIDENTIAL1100","plotmap_id":"SECTOR-16_33_G_RESI","plotidentificationnumber":"33","plotno":"33","industrysector":"SECTOR-16","block":"G","plotsize":"200 SQMT","plotsize_at_the_time_of_allotme":"200 SQMT","landuse_type":"RESIDENTIAL","landuse_subcategory":"RESIDENTIAL","scheme_cod":"RPS07","investment":0,"employment":0,"plotstatus":"Allotted","landallotementstatus":"SOLD","landallotementtype":"ALLOTTED","allotmentid":"RPS071836","allotment_date":1698777000000,"rate_of_allotment":24900,"village_name":"Dhanauri","khasra_no":"1734","longitude":77.61019469,"latitude":28.333473270000002,"authority":"YEIDA","category":"residential","execution_stage":"allotted"}},{"type":"Feature","geometry":{"type":"Polygon","coordinates":[[[77.610793,28.333087],[77.610795,28.333177],[77.610596,28.33318],[77.610594,28.33309],[77.610793,28.333087]]]},"properties":{"objectid":1101,"uniqueplotid":"PLNGRESIDENTIAL1101","plotmap_id":"SECTOR-16_39_G_RESI","plotidentificationnumber":"39","plotno":"39","industrysector":"SECTOR-16","block":"G","plotsize":"200 SQMT","plotsize_at_the_time_of_allotme":"200 SQMT","landuse_type":"RESIDENTIAL","landuse_subcategory":"RESIDENTIAL","scheme_cod":"RPS07","investment":0,"employment":0,"plotstatus":"Allotted","landallotementstatus":"SOLD","landallotementtype":"ALLOTTED","allotmentid":"RPS071839","allotment_date":1698777000000,"rate_of_allotment":24900,"village_name":"Dhanauri","khasra_no":"1739,1738,1751,1752","longitude":77.61069456,"latitude":28.333133770000003,"authority":"YEIDA","category":"residential","execution_stage":"allotted"}},{"type":"Feature","geometry":{"type":"Polygon","coordinates":[[[77.610795,28.333177],[77.610797,28.333267],[77.610598,28.33327],[77.610596,28.33318],[77.610795,28.333177]]]},"properties":{"objectid":1102,"uniqueplotid":"PLNGRESIDENTIAL1102","plotmap_id":"SECTOR-16_38_G_RESI","plotidentificationnumber":"38","plotno":"38","industrysector":"SECTOR-16","block":"G","plotsize":"200 SQMT","plotsize_at_the_time_of_allotme":"200 SQMT","landuse_type":"RESIDENTIAL","landuse_subcategory":"RESIDENTIAL","scheme_cod":"RPS07","investment":0,"employment":0,"plotstatus":"Allotted","landallotementstatus":"SOLD","landallotementtype":"ALLOTTED","allotmentid":"RPS071893","allotment_date":1698777000000,"rate_of_allotment":24900,"village_name":"Dhanauri","khasra_no":"1739,1738,1751,1752","longitude":77.61069637,"latitude":28.33322353,"authority":"YEIDA","category":"residential","execution_stage":"allotted"}},{"type":"Feature","geometry":{"type":"Polygon","coordinates":[[[77.610797,28.333267],[77.610798,28.333357],[77.6106,28.33336],[77.610598,28.33327],[77.610797,28.333267]]]},"properties":{"objectid":1103,"uniqueplotid":"PLNGRESIDENTIAL1103","plotmap_id":"SECTOR-16_37_G_RESI","plotidentificationnumber":"37","plotno":"37","industrysector":"SECTOR-16","block":"G","plotsize":"200 SQMT","plotsize_at_the_time_of_allotme":"200 SQMT","landuse_type":"RESIDENTIAL","landuse_subcategory":"RESIDENTIAL","scheme_cod":"RPS07","investment":0,"employment":0,"plotstatus":"Allotted","landallotementstatus":"SOLD","landallotementtype":"ALLOTTED","allotmentid":"RPS071473","allotment_date":1698777000000,"rate_of_allotment":24900,"village_name":"Dhanauri","khasra_no":"1739,1738,1752","longitude":77.61069818,"latitude":28.3333133,"authority":"YEIDA","category":"residential","execution_stage":"allotted"}},{"type":"Feature","geometry":{"type":"Polygon","coordinates":[[[77.610798,28.333357],[77.6108,28.333447],[77.610602,28.333449],[77.6106,28.33336],[77.610798,28.333357]]]},"properties":{"objectid":1104,"uniqueplotid":"PLNGRESIDENTIAL1104","plotmap_id":"SECTOR-16_36_G_RESI","plotidentificationnumber":"36","plotno":"36","industrysector":"SECTOR-16","block":"G","plotsize":"200 SQMT","plotsize_at_the_time_of_allotme":"200 SQMT","landuse_type":"RESIDENTIAL","landuse_subcategory":"RESIDENTIAL","scheme_cod":"RPS07","investment":0,"employment":0,"plotstatus":"Allotted","landallotementstatus":"SOLD","landallotementtype":"ALLOTTED","allotmentid":"RPS071819","allotment_date":1698777000000,"rate_of_allotment":24900,"village_name":"Dhanauri","khasra_no":"1739,1738","longitude":77.6107,"latitude":28.333403070000003,"authority":"YEIDA","category":"residential","execution_stage":"allotted"}},{"type":"Feature","geometry":{"type":"Polygon","coordinates":[[[77.6108,28.333447],[77.610802,28.333554],[77.610604,28.333557],[77.610602,28.333449],[77.6108,28.333447]]]},"properties":{"objectid":1105,"uniqueplotid":"PLNGRESIDENTIAL1105","plotmap_id":"SECTOR-16_35_G_RESI","plotidentificationnumber":"35","plotno":"35","industrysector":"SECTOR-16","block":"G","plotsize":"200 SQMT","plotsize_at_the_time_of_allotme":"200 SQMT","landuse_type":"RESIDENTIAL","landuse_subcategory":"RESIDENTIAL","scheme_cod":"RPS07","investment":0,"employment":0,"plotstatus":"Allotted","landallotementstatus":"SOLD","landallotementtype":"ALLOTTED","allotmentid":"RPS071880","allotment_date":1698777000000,"rate_of_allotment":24900,"village_name":"Dhanauri","khasra_no":"1738","longitude":77.61069702,"latitude":28.33349922,"authority":"YEIDA","category":"residential","execution_stage":"allotted"}},{"type":"Feature","geometry":{"type":"Polygon","coordinates":[[[77.610997,28.333354],[77.610999,28.333444],[77.6108,28.333447],[77.610798,28.333357],[77.610997,28.333354]]]},"properties":{"objectid":1106,"uniqueplotid":"PLNGRESIDENTIAL1106","plotmap_id":"SECTOR-16_51_G_RESI","plotidentificationnumber":"51","plotno":"51","industrysector":"SECTOR-16","block":"G","plotsize":"200 SQMT","plotsize_at_the_time_of_allotme":"200 SQMT","landuse_type":"RESIDENTIAL","landuse_subcategory":"RESIDENTIAL","scheme_cod":"RPS07","investment":0,"employment":0,"plotstatus":"Allotted","landallotementstatus":"SOLD","landallotementtype":"ALLOTTED","allotmentid":"RPS071772","allotment_date":1698777000000,"rate_of_allotment":24900,"village_name":"Dhanauri","khasra_no":"1739,1738,1752","longitude":77.61089865,"latitude":28.33340018,"authority":"YEIDA","category":"residential","execution_stage":"allotted"}},{"type":"Feature","geometry":{"type":"Polygon","coordinates":[[[77.610999,28.333444],[77.611001,28.333551],[77.610802,28.333554],[77.6108,28.333447],[77.610999,28.333444]]]},"properties":{"objectid":1107,"uniqueplotid":"PLNGRESIDENTIAL1107","plotmap_id":"SECTOR-16_52_G_RESI","plotidentificationnumber":"52","plotno":"52","industrysector":"SECTOR-16","block":"G","plotsize":"200 SQMT","plotsize_at_the_time_of_allotme":"200 SQMT","landuse_type":"RESIDENTIAL","landuse_subcategory":"RESIDENTIAL","scheme_cod":"RPS07","investment":0,"employment":0,"plotstatus":"Allotted","landallotementstatus":"SOLD","landallotementtype":"ALLOTTED","allotmentid":"RPS071858","allotment_date":1698777000000,"rate_of_allotment":24900,"village_name":"Dhanauri","khasra_no":"1739,1738,1752","longitude":77.61090064,"latitude":28.33349892,"authority":"YEIDA","category":"residential","execution_stage":"allotted"}},{"type":"Feature","geometry":{"type":"Polygon","coordinates":[[[77.610786,28.332728],[77.610788,28.332818],[77.610589,28.332821],[77.610587,28.332731],[77.610786,28.332728]]]},"properties":{"objectid":1108,"uniqueplotid":"PLNGRESIDENTIAL1108","plotmap_id":"SECTOR-16_43_G_RESI","plotidentificationnumber":"43","plotno":"43","industrysector":"SECTOR-16","block":"G","plotsize":"200 SQMT","plotsize_at_the_time_of_allotme":"200 SQMT","landuse_type":"RESIDENTIAL","landuse_subcategory":"RESIDENTIAL","scheme_cod":"RPS07","investment":0,"employment":0,"plotstatus":"Allotted","landallotementstatus":"SOLD","landallotementtype":"ALLOTTED","allotmentid":"RPS071609","allotment_date":1698777000000,"rate_of_allotment":24900,"village_name":"Dhanauri","khasra_no":"1751","longitude":77.61068731,"latitude":28.332774699999998,"authority":"YEIDA","category":"residential","execution_stage":"allotted"}},{"type":"Feature","geometry":{"type":"Polygon","coordinates":[[[77.610788,28.332818],[77.610789,28.332908],[77.610591,28.332911],[77.610589,28.332821],[77.610788,28.332818]]]},"properties":{"objectid":1109,"uniqueplotid":"PLNGRESIDENTIAL1109","plotmap_id":"SECTOR-16_42_G_RESI","plotidentificationnumber":"42","plotno":"42","industrysector":"SECTOR-16","block":"G","plotsize":"200 SQMT","plotsize_at_the_time_of_allotme":"200 SQMT","landuse_type":"RESIDENTIAL","landuse_subcategory":"RESIDENTIAL","scheme_cod":"RPS07","investment":0,"employment":0,"plotstatus":"Allotted","landallotementstatus":"SOLD","landallotementtype":"ALLOTTED","allotmentid":"RPS071562","allotment_date":1698777000000,"rate_of_allotment":24900,"village_name":"Dhanauri","khasra_no":"1751","longitude":77.61068912,"latitude":28.33286447,"authority":"YEIDA","category":"residential","execution_stage":"allotted"}},{"type":"Feature","geometry":{"type":"Polygon","coordinates":[[[77.610789,28.332908],[77.610791,28.332998],[77.610593,28.333001],[77.610591,28.332911],[77.610789,28.332908]]]},"properties":{"objectid":1110,"uniqueplotid":"PLNGRESIDENTIAL1110","plotmap_id":"SECTOR-16_41_G_RESI","plotidentificationnumber":"41","plotno":"41","industrysector":"SECTOR-16","block":"G","plotsize":"200 SQMT","plotsize_at_the_time_of_allotme":"200 SQMT","landuse_type":"RESIDENTIAL","landuse_subcategory":"RESIDENTIAL","scheme_cod":"RPS07","investment":0,"employment":0,"plotstatus":"Allotted","landallotementstatus":"SOLD","landallotementtype":"ALLOTTED","allotmentid":"RPS071660","allotment_date":1698777000000,"rate_of_allotment":24900,"village_name":"Dhanauri","khasra_no":"1751","longitude":77.61069093,"latitude":28.33295423,"authority":"YEIDA","category":"residential","execution_stage":"allotted"}},{"type":"Feature","geometry":{"type":"Polygon","coordinates":[[[77.610791,28.332998],[77.610793,28.333087],[77.610594,28.33309],[77.610593,28.333001],[77.610791,28.332998]]]},"properties":{"objectid":1111,"uniqueplotid":"PLNGRESIDENTIAL1111","plotmap_id":"SECTOR-16_40_G_RESI","plotidentificationnumber":"40","plotno":"40","industrysector":"SECTOR-16","block":"G","plotsize":"200 SQMT","plotsize_at_the_time_of_allotme":"200 SQMT","landuse_type":"RESIDENTIAL","landuse_subcategory":"RESIDENTIAL","scheme_cod":"RPS07","investment":0,"employment":0,"plotstatus":"Allotted","landallotementstatus":"SOLD","landallotementtype":"ALLOTTED","allotmentid":"RPS071750","allotment_date":1698777000000,"rate_of_allotment":24900,"village_name":"Dhanauri","khasra_no":"1751","longitude":77.61069274,"latitude":28.333043999999997,"authority":"YEIDA","category":"residential","execution_stage":"allotted"}},{"type":"Feature","geometry":{"type":"Polygon","coordinates":[[[77.610984,28.332725],[77.610986,28.332815],[77.610788,28.332818],[77.610786,28.332728],[77.610984,28.332725]]]},"properties":{"objectid":1112,"uniqueplotid":"PLNGRESIDENTIAL1112","plotmap_id":"SECTOR-16_44_G_RESI","plotidentificationnumber":"44","plotno":"44","industrysector":"SECTOR-16","block":"G","plotsize":"200 SQMT","plotsize_at_the_time_of_allotme":"200 SQMT","landuse_type":"RESIDENTIAL","landuse_subcategory":"RESIDENTIAL","scheme_cod":"RPS07","investment":0,"employment":0,"plotstatus":"Allotted","landallotementstatus":"SOLD","landallotementtype":"ALLOTTED","allotmentid":"RPS071873","allotment_date":1698777000000,"rate_of_allotment":24900,"village_name":"Dhanauri","khasra_no":"1755,1751,1758","longitude":77.61088596,"latitude":28.33277181,"authority":"YEIDA","category":"residential","execution_stage":"allotted"}},{"type":"Feature","geometry":{"type":"Polygon","coordinates":[[[77.610986,28.332815],[77.610988,28.332905],[77.610789,28.332908],[77.610788,28.332818],[77.610986,28.332815]]]},"properties":{"objectid":1113,"uniqueplotid":"PLNGRESIDENTIAL1113","plotmap_id":"SECTOR-16_45_G_RESI","plotidentificationnumber":"45","plotno":"45","industrysector":"SECTOR-16","block":"G","plotsize":"200 SQMT","plotsize_at_the_time_of_allotme":"200 SQMT","landuse_type":"RESIDENTIAL","landuse_subcategory":"RESIDENTIAL","scheme_cod":"RPS07","investment":0,"employment":0,"plotstatus":"Allotted","landallotementstatus":"SOLD","landallotementtype":"ALLOTTED","allotmentid":"RPS071845","allotment_date":1698777000000,"rate_of_allotment":24900,"village_name":"Dhanauri","khasra_no":"1755,1751,1758","longitude":77.61088776999999,"latitude":28.33286158,"authority":"YEIDA","category":"residential","execution_stage":"allotted"}},{"type":"Feature","geometry":{"type":"Polygon","coordinates":[[[77.610988,28.332905],[77.61099,28.332995],[77.610791,28.332998],[77.610789,28.332908],[77.610988,28.332905]]]},"properties":{"objectid":1114,"uniqueplotid":"PLNGRESIDENTIAL1114","plotmap_id":"SECTOR-16_46_G_RESI","plotidentificationnumber":"46","plotno":"46","industrysector":"SECTOR-16","block":"G","plotsize":"200 SQMT","plotsize_at_the_time_of_allotme":"200 SQMT","landuse_type":"RESIDENTIAL","landuse_subcategory":"RESIDENTIAL","scheme_cod":"RPS07","investment":0,"employment":0,"plotstatus":"Allotted","landallotementstatus":"SOLD","landallotementtype":"ALLOTTED","allotmentid":"RPS071560","allotment_date":1698777000000,"rate_of_allotment":24900,"village_name":"Dhanauri","khasra_no":"1755,1751,1758,1752","longitude":77.61088959,"latitude":28.332951339999997,"authority":"YEIDA","category":"residential","execution_stage":"allotted"}},{"type":"Feature","geometry":{"type":"Polygon","coordinates":[[[77.61122,28.333548],[77.61112,28.33355],[77.611117,28.33337],[77.611216,28.333369],[77.61122,28.333548]]]},"properties":{"objectid":1115,"uniqueplotid":"PLNGRESIDENTIAL1115","plotmap_id":"SECTOR-16_74_G_RESI","plotidentificationnumber":"74","plotno":"74","industrysector":"SECTOR-16","block":"G","plotsize":"200 SQMT","plotsize_at_the_time_of_allotme":"200 SQMT","landuse_type":"RESIDENTIAL","landuse_subcategory":"RESIDENTIAL","scheme_cod":"RPS07","investment":0,"employment":0,"plotstatus":"Allotted","landallotementstatus":"SOLD","landallotementtype":"ALLOTTED","allotmentid":"RPS071666","allotment_date":1698777000000,"rate_of_allotment":24900,"village_name":"Dhanauri","khasra_no":"1752","longitude":77.61116809999999,"latitude":28.33345909,"authority":"YEIDA","category":"residential","execution_stage":"allotted"}},{"type":"Feature","geometry":{"type":"Polygon","coordinates":[[[77.61099,28.332995],[77.610992,28.333085],[77.610793,28.333087],[77.610791,28.332998],[77.61099,28.332995]]]},"properties":{"objectid":1116,"uniqueplotid":"PLNGRESIDENTIAL1116","plotmap_id":"SECTOR-16_47_G_RESI","plotidentificationnumber":"47","plotno":"47","industrysector":"SECTOR-16","block":"G","plotsize":"200 SQMT","plotsize_at_the_time_of_allotme":"200 SQMT","landuse_type":"RESIDENTIAL","landuse_subcategory":"RESIDENTIAL","scheme_cod":"RPS07","investment":0,"employment":0,"plotstatus":"Allotted","landallotementstatus":"SOLD","landallotementtype":"ALLOTTED","allotmentid":"RPS071736","allotment_date":1698777000000,"rate_of_allotment":24900,"village_name":"Dhanauri","khasra_no":"1751,1752","longitude":77.6108914,"latitude":28.33304111,"authority":"YEIDA","category":"residential","execution_stage":"allotted"}},{"type":"Feature","geometry":{"type":"Polygon","coordinates":[[[77.610992,28.333085],[77.610993,28.333174],[77.610795,28.333177],[77.610793,28.333087],[77.610992,28.333085]]]},"properties":{"objectid":1117,"uniqueplotid":"PLNGRESIDENTIAL1117","plotmap_id":"SECTOR-16_48_G_RESI","plotidentificationnumber":"48","plotno":"48","industrysector":"SECTOR-16","block":"G","plotsize":"200 SQMT","plotsize_at_the_time_of_allotme":"200 SQMT","landuse_type":"RESIDENTIAL","landuse_subcategory":"RESIDENTIAL","scheme_cod":"RPS07","investment":0,"employment":0,"plotstatus":"Allotted","landallotementstatus":"SOLD","landallotementtype":"ALLOTTED","allotmentid":"RPS071765","allotment_date":1698777000000,"rate_of_allotment":24900,"village_name":"Dhanauri","khasra_no":"1751,1752","longitude":77.61089321,"latitude":28.333130880000002,"authority":"YEIDA","category":"residential","execution_stage":"allotted"}},{"type":"Feature","geometry":{"type":"Polygon","coordinates":[[[77.610993,28.333174],[77.610995,28.333264],[77.610797,28.333267],[77.610795,28.333177],[77.610993,28.333174]]]},"properties":{"objectid":1118,"uniqueplotid":"PLNGRESIDENTIAL1118","plotmap_id":"SECTOR-16_49_G_RESI","plotidentificationnumber":"49","plotno":"49","industrysector":"SECTOR-16","block":"G","plotsize":"200 SQMT","plotsize_at_the_time_of_allotme":"200 SQMT","landuse_type":"RESIDENTIAL","landuse_subcategory":"RESIDENTIAL","scheme_cod":"RPS07","investment":0,"employment":0,"plotstatus":"Allotted","landallotementstatus":"SOLD","landallotementtype":"ALLOTTED","allotmentid":"RPS071856","allotment_date":1698777000000,"rate_of_allotment":24900,"village_name":"Dhanauri","khasra_no":"1752","longitude":77.61089503,"latitude":28.33322064,"authority":"YEIDA","category":"residential","execution_stage":"allotted"}},{"type":"Feature","geometry":{"type":"Polygon","coordinates":[[[77.610995,28.333264],[77.610997,28.333354],[77.610798,28.333357],[77.610797,28.333267],[77.610995,28.333264]]]},"properties":{"objectid":1119,"uniqueplotid":"PLNGRESIDENTIAL1119","plotmap_id":"SECTOR-16_50_G_RESI","plotidentificationnumber":"50","plotno":"50","industrysector":"SECTOR-16","block":"G","plotsize":"200 SQMT","plotsize_at_the_time_of_allotme":"200 SQMT","landuse_type":"RESIDENTIAL","landuse_subcategory":"RESIDENTIAL","scheme_cod":"RPS07","investment":0,"employment":0,"plotstatus":"Allotted","landallotementstatus":"SOLD","landallotementtype":"ALLOTTED","allotmentid":"RPS071673","allotment_date":1698777000000,"rate_of_allotment":24900,"village_name":"Dhanauri","khasra_no":"1739,1752","longitude":77.61089684,"latitude":28.333310410000003,"authority":"YEIDA","category":"residential","execution_stage":"allotted"}},{"type":"Feature","geometry":{"type":"Polygon","coordinates":[[[77.611212,28.333189],[77.611216,28.333369],[77.611117,28.33337],[77.611113,28.333191],[77.611212,28.333189]]]},"properties":{"objectid":1120,"uniqueplotid":"PLNGRESIDENTIAL1120","plotmap_id":"SECTOR-16_53_G_RESI","plotidentificationnumber":"53","plotno":"53","industrysector":"SECTOR-16","block":"G","plotsize":"200 SQMT","plotsize_at_the_time_of_allotme":"200 SQMT","landuse_type":"RESIDENTIAL","landuse_subcategory":"RESIDENTIAL","scheme_cod":"RPS07","investment":0,"employment":0,"plotstatus":"Allotted","landallotementstatus":"SOLD","landallotementtype":"ALLOTTED","allotmentid":"RPS071842","allotment_date":1698777000000,"rate_of_allotment":24900,"village_name":"Dhanauri","khasra_no":"1755,1752","longitude":77.61116448,"latitude":28.333279580000003,"authority":"YEIDA","category":"residential","execution_stage":"allotted"}},{"type":"Feature","geometry":{"type":"Polygon","coordinates":[[[77.611312,28.333188],[77.611315,28.333367],[77.611216,28.333369],[77.611212,28.333189],[77.611312,28.333188]]]},"properties":{"objectid":1121,"uniqueplotid":"PLNGRESIDENTIAL1121","plotmap_id":"SECTOR-16_54_G_RESI","plotidentificationnumber":"54","plotno":"54","industrysector":"SECTOR-16","block":"G","plotsize":"200 SQMT","plotsize_at_the_time_of_allotme":"200 SQMT","landuse_type":"RESIDENTIAL","landuse_subcategory":"RESIDENTIAL","scheme_cod":"RPS07","investment":0,"employment":0,"plotstatus":"Allotted","landallotementstatus":"SOLD","landallotementtype":"ALLOTTED","allotmentid":"RPS071677","allotment_date":1698777000000,"rate_of_allotment":24900,"village_name":"Dhanauri","khasra_no":"1755,1758,1752","longitude":77.61126381,"latitude":28.33327814,"authority":"YEIDA","category":"residential","execution_stage":"allotted"}},{"type":"Feature","geometry":{"type":"Polygon","coordinates":[[[77.611908,28.333179],[77.611911,28.333359],[77.611812,28.33336],[77.611808,28.33318],[77.611908,28.333179]]]},"properties":{"objectid":1122,"uniqueplotid":"PLNGRESIDENTIAL1122","plotmap_id":"SECTOR-16_60_G_RESI","plotidentificationnumber":"60","plotno":"60","industrysector":"SECTOR-16","block":"G","plotsize":"200 SQMT","plotsize_at_the_time_of_allotme":"200 SQMT","landuse_type":"RESIDENTIAL","landuse_subcategory":"RESIDENTIAL","scheme_cod":"RPS07","investment":0,"employment":0,"plotstatus":"Allotted","landallotementstatus":"SOLD","landallotementtype":"ALLOTTED","allotmentid":"RPS071742","allotment_date":1698777000000,"rate_of_allotment":24900,"village_name":"Dhanauri","khasra_no":"1758","longitude":77.61185977,"latitude":28.33326947,"authority":"YEIDA","category":"residential","execution_stage":"allotted"}},{"type":"Feature","geometry":{"type":"Polygon","coordinates":[[[77.612007,28.333178],[77.612011,28.333357],[77.611911,28.333359],[77.611908,28.333179],[77.612007,28.333178]]]},"properties":{"objectid":1123,"uniqueplotid":"PLNGRESIDENTIAL1123","plotmap_id":"SECTOR-16_61_G_RESI","plotidentificationnumber":"61","plotno":"61","industrysector":"SECTOR-16","block":"G","plotsize":"200 SQMT","plotsize_at_the_time_of_allotme":"200 SQMT","landuse_type":"RESIDENTIAL","landuse_subcategory":"RESIDENTIAL","scheme_cod":"RPS07","investment":0,"employment":0,"plotstatus":"Allotted","landallotementstatus":"SOLD","landallotementtype":"ALLOTTED","allotmentid":"RPS071639","allotment_date":1698777000000,"rate_of_allotment":24900,"village_name":"Dhanauri","khasra_no":"1758","longitude":77.6119591,"latitude":28.333268020000002,"authority":"YEIDA","category":"residential","execution_stage":"allotted"}},{"type":"Feature","geometry":{"type":"Polygon","coordinates":[[[77.612106,28.333176],[77.61211,28.333356],[77.612011,28.333357],[77.612007,28.333178],[77.612106,28.333176]]]},"properties":{"objectid":1124,"uniqueplotid":"PLNGRESIDENTIAL1124","plotmap_id":"SECTOR-16_62_G_RESI","plotidentificationnumber":"62","plotno":"62","industrysector":"SECTOR-16","block":"G","plotsize":"200 SQMT","plotsize_at_the_time_of_allotme":"200 SQMT","landuse_type":"RESIDENTIAL","landuse_subcategory":"RESIDENTIAL","scheme_cod":"RPS07","investment":0,"employment":0,"plotstatus":"Allotted","landallotementstatus":"SOLD","landallotementtype":"ALLOTTED","allotmentid":"RPS071851","allotment_date":1698777000000,"rate_of_allotment":24900,"village_name":"Dhanauri","khasra_no":"1757,1758","longitude":77.61205842999999,"latitude":28.33326658,"authority":"YEIDA","category":"residential","execution_stage":"allotted"}},{"type":"Feature","geometry":{"type":"Polygon","coordinates":[[[77.612206,28.333175],[77.612209,28.333354],[77.61211,28.333356],[77.612106,28.333176],[77.612206,28.333175]]]},"properties":{"objectid":1125,"uniqueplotid":"PLNGRESIDENTIAL1125","plotmap_id":"SECTOR-16_63_G_RESI","plotidentificationnumber":"63","plotno":"63","industrysector":"SECTOR-16","block":"G","plotsize":"200 SQMT","plotsize_at_the_time_of_allotme":"200 SQMT","landuse_type":"RESIDENTIAL","landuse_subcategory":"RESIDENTIAL","scheme_cod":"RPS07","investment":0,"employment":0,"plotstatus":"Allotted","landallotementstatus":"SOLD","landallotementtype":"ALLOTTED","allotmentid":"RPS071512","allotment_date":1698777000000,"rate_of_allotment":24900,"village_name":"Dhanauri","khasra_no":"1757,1758","longitude":77.61215776,"latitude":28.33326514,"authority":"YEIDA","category":"residential","execution_stage":"allotted"}},{"type":"Feature","geometry":{"type":"Polygon","coordinates":[[[77.612209,28.333354],[77.612213,28.333532],[77.612113,28.333533],[77.61211,28.333356],[77.612209,28.333354]]]},"properties":{"objectid":1126,"uniqueplotid":"PLNGRESIDENTIAL1126","plotmap_id":"SECTOR-16_64_G_RESI","plotidentificationnumber":"64","plotno":"64","industrysector":"SECTOR-16","block":"G","plotsize":"200 SQMT","plotsize_at_the_time_of_allotme":"200 SQMT","landuse_type":"RESIDENTIAL","landuse_subcategory":"RESIDENTIAL","scheme_cod":"RPS07","investment":0,"employment":0,"plotstatus":"Allotted","landallotementstatus":"SOLD","landallotementtype":"ALLOTTED","allotmentid":"RPS071591","allotment_date":1698777000000,"rate_of_allotment":24900,"village_name":"Dhanauri","khasra_no":"1757","longitude":77.61216136,"latitude":28.333443770000002,"authority":"YEIDA","category":"residential","execution_stage":"allotted"}},{"type":"Feature","geometry":{"type":"Polygon","coordinates":[[[77.61211,28.333356],[77.612113,28.333533],[77.612014,28.333535],[77.612011,28.333357],[77.61211,28.333356]]]},"properties":{"objectid":1127,"uniqueplotid":"PLNGRESIDENTIAL1127","plotmap_id":"SECTOR-16_65_G_RESI","plotidentificationnumber":"65","plotno":"65","industrysector":"SECTOR-16","block":"G","plotsize":"200 SQMT","plotsize_at_the_time_of_allotme":"200 SQMT","landuse_type":"RESIDENTIAL","landuse_subcategory":"RESIDENTIAL","scheme_cod":"RPS07","investment":0,"employment":0,"plotstatus":"Allotted","landallotementstatus":"SOLD","landallotementtype":"ALLOTTED","allotmentid":"RPS071696","allotment_date":1698777000000,"rate_of_allotment":24900,"village_name":"Dhanauri","khasra_no":"1757,1758","longitude":77.61206202999999,"latitude":28.3334453,"authority":"YEIDA","category":"residential","execution_stage":"allotted"}},{"type":"Feature","geometry":{"type":"Polygon","coordinates":[[[77.612011,28.333357],[77.612014,28.333535],[77.611915,28.333537],[77.611911,28.333359],[77.612011,28.333357]]]},"properties":{"objectid":1128,"uniqueplotid":"PLNGRESIDENTIAL1128","plotmap_id":"SECTOR-16_66_G_RESI","plotidentificationnumber":"66","plotno":"66","industrysector":"SECTOR-16","block":"G","plotsize":"200 SQMT","plotsize_at_the_time_of_allotme":"200 SQMT","landuse_type":"RESIDENTIAL","landuse_subcategory":"RESIDENTIAL","scheme_cod":"RPS07","investment":0,"employment":0,"plotstatus":"Allotted","landallotementstatus":"SOLD","landallotementtype":"ALLOTTED","allotmentid":"RPS071654","allotment_date":1698777000000,"rate_of_allotment":24900,"village_name":"Dhanauri","khasra_no":"1757,1758","longitude":77.61196271,"latitude":28.33344683,"authority":"YEIDA","category":"residential","execution_stage":"allotted"}},{"type":"Feature","geometry":{"type":"Polygon","coordinates":[[[77.611911,28.333359],[77.611915,28.333537],[77.611816,28.333538],[77.611812,28.33336],[77.611911,28.333359]]]},"properties":{"objectid":1129,"uniqueplotid":"PLNGRESIDENTIAL1129","plotmap_id":"SECTOR-16_67_G_RESI","plotidentificationnumber":"67","plotno":"67","industrysector":"SECTOR-16","block":"G","plotsize":"200 SQMT","plotsize_at_the_time_of_allotme":"200 SQMT","landuse_type":"RESIDENTIAL","landuse_subcategory":"RESIDENTIAL","scheme_cod":"RPS07","investment":0,"employment":0,"plotstatus":"Allotted","landallotementstatus":"SOLD","landallotementtype":"ALLOTTED","allotmentid":"RPS071855","allotment_date":1698777000000,"rate_of_allotment":24900,"village_name":"Dhanauri","khasra_no":"1757,1758","longitude":77.61186338,"latitude":28.333448360000002,"authority":"YEIDA","category":"residential","execution_stage":"allotted"}},{"type":"Feature","geometry":{"type":"Polygon","coordinates":[[[77.611816,28.333538],[77.611716,28.33354],[77.611713,28.333361],[77.611812,28.33336],[77.611816,28.333538]]]},"properties":{"objectid":1130,"uniqueplotid":"PLNGRESIDENTIAL1130","plotmap_id":"SECTOR-16_68_G_RESI","plotidentificationnumber":"68","plotno":"68","industrysector":"SECTOR-16","block":"G","plotsize":"200 SQMT","plotsize_at_the_time_of_allotme":"200 SQMT","landuse_type":"RESIDENTIAL","landuse_subcategory":"RESIDENTIAL","scheme_cod":"RPS07","investment":0,"employment":0,"plotstatus":"Allotted","landallotementstatus":"SOLD","landallotementtype":"ALLOTTED","allotmentid":"RPS071764","allotment_date":1698777000000,"rate_of_allotment":24900,"village_name":"Dhanauri","khasra_no":"1758","longitude":77.61176405,"latitude":28.3334499,"authority":"YEIDA","category":"residential","execution_stage":"allotted"}},{"type":"Feature","geometry":{"type":"Polygon","coordinates":[[[77.611918,28.3337],[77.611922,28.333879],[77.611822,28.333881],[77.611819,28.333701],[77.611918,28.3337]]]},"properties":{"objectid":1131,"uniqueplotid":"PLNGRESIDENTIAL1131","plotmap_id":"SECTOR-16_110_G_RESI","plotidentificationnumber":"110","plotno":"110","industrysector":"SECTOR-16","block":"G","plotsize":"200 SQMT","plotsize_at_the_time_of_allotme":"200 SQMT","landuse_type":"RESIDENTIAL","landuse_subcategory":"RESIDENTIAL","scheme_cod":"RPS07","investment":0,"employment":0,"plotstatus":"Allotted","landallotementstatus":"SOLD","landallotementtype":"ALLOTTED","allotmentid":"RPS071555","allotment_date":1698777000000,"rate_of_allotment":24900,"village_name":"Dhanauri","khasra_no":"1755,1757,1753","longitude":77.61187029,"latitude":28.33379011,"authority":"YEIDA","category":"residential","execution_stage":"allotted"}},{"type":"Feature","geometry":{"type":"Polygon","coordinates":[[[77.612017,28.333698],[77.612021,28.333878],[77.611922,28.333879],[77.611918,28.3337],[77.612017,28.333698]]]},"properties":{"objectid":1132,"uniqueplotid":"PLNGRESIDENTIAL1132","plotmap_id":"SECTOR-16_111_G_RESI","plotidentificationnumber":"111","plotno":"111","industrysector":"SECTOR-16","block":"G","plotsize":"200 SQMT","plotsize_at_the_time_of_allotme":"200 SQMT","landuse_type":"RESIDENTIAL","landuse_subcategory":"RESIDENTIAL","scheme_cod":"RPS07","investment":0,"employment":0,"plotstatus":"Allotted","landallotementstatus":"SOLD","landallotementtype":"ALLOTTED","allotmentid":"RPS071587","allotment_date":1698777000000,"rate_of_allotment":24900,"village_name":"Dhanauri","khasra_no":"1757","longitude":77.61196961,"latitude":28.33378867,"authority":"YEIDA","category":"residential","execution_stage":"allotted"}},{"type":"Feature","geometry":{"type":"Polygon","coordinates":[[[77.612117,28.333697],[77.61212,28.333876],[77.612021,28.333878],[77.612017,28.333698],[77.612117,28.333697]]]},"properties":{"objectid":1133,"uniqueplotid":"PLNGRESIDENTIAL1133","plotmap_id":"SECTOR-16_112_G_RESI","plotidentificationnumber":"112","plotno":"112","industrysector":"SECTOR-16","block":"G","plotsize":"200 SQMT","plotsize_at_the_time_of_allotme":"200 SQMT","landuse_type":"RESIDENTIAL","landuse_subcategory":"RESIDENTIAL","scheme_cod":"RPS07","investment":0,"employment":0,"plotstatus":"Allotted","landallotementstatus":"SOLD","landallotementtype":"ALLOTTED","allotmentid":"RPS071625","allotment_date":1698777000000,"rate_of_allotment":24900,"village_name":"Dhanauri","khasra_no":"1757","longitude":77.61206894,"latitude":28.33378723,"authority":"YEIDA","category":"residential","execution_stage":"allotted"}},{"type":"Feature","geometry":{"type":"Polygon","coordinates":[[[77.612216,28.333695],[77.61222,28.333875],[77.61212,28.333876],[77.612117,28.333697],[77.612216,28.333695]]]},"properties":{"objectid":1134,"uniqueplotid":"PLNGRESIDENTIAL1134","plotmap_id":"SECTOR-16_113_G_RESI","plotidentificationnumber":"113","plotno":"113","industrysector":"SECTOR-16","block":"G","plotsize":"200 SQMT","plotsize_at_the_time_of_allotme":"200 SQMT","landuse_type":"RESIDENTIAL","landuse_subcategory":"RESIDENTIAL","scheme_cod":"RPS07","investment":0,"employment":0,"plotstatus":"Allotted","landallotementstatus":"SOLD","landallotementtype":"ALLOTTED","allotmentid":"RPS071740","allotment_date":1698777000000,"rate_of_allotment":24900,"village_name":"Dhanauri","khasra_no":"1757","longitude":77.61216827,"latitude":28.33378578,"authority":"YEIDA","category":"residential","execution_stage":"allotted"}},{"type":"Feature","geometry":{"type":"Polygon","coordinates":[[[77.612418,28.333872],[77.612422,28.334051],[77.612323,28.334053],[77.612319,28.333873],[77.612418,28.333872]]]},"properties":{"objectid":1135,"uniqueplotid":"PLNGRESIDENTIAL1135","plotmap_id":"SECTOR-16_114_G_RESI","plotidentificationnumber":"114","plotno":"114","industrysector":"SECTOR-16","block":"G","plotsize":"200 SQMT","plotsize_at_the_time_of_allotme":"200 SQMT","landuse_type":"RESIDENTIAL","landuse_subcategory":"RESIDENTIAL","scheme_cod":"RPS07","investment":0,"employment":0,"plotstatus":"Allotted","landallotementstatus":"SOLD","landallotementtype":"ALLOTTED","allotmentid":"RPS071904","allotment_date":1698777000000,"rate_of_allotment":24900,"village_name":"Dhanauri","khasra_no":"1757","longitude":77.61237055000001,"latitude":28.33396242,"authority":"YEIDA","category":"residential","execution_stage":"allotted"}},{"type":"Feature","geometry":{"type":"Polygon","coordinates":[[[77.612319,28.333873],[77.612323,28.334053],[77.612223,28.334054],[77.61222,28.333875],[77.612319,28.333873]]]},"properties":{"objectid":1136,"uniqueplotid":"PLNGRESIDENTIAL1136","plotmap_id":"SECTOR-16_115_G_RESI","plotidentificationnumber":"115","plotno":"115","industrysector":"SECTOR-16","block":"G","plotsize":"200 SQMT","plotsize_at_the_time_of_allotme":"200 SQMT","landuse_type":"RESIDENTIAL","landuse_subcategory":"RESIDENTIAL","scheme_cod":"RPS07","investment":0,"employment":0,"plotstatus":"Allotted","landallotementstatus":"SOLD","landallotementtype":"ALLOTTED","allotmentid":"RPS071739","allotment_date":1698777000000,"rate_of_allotment":24900,"village_name":"Dhanauri","khasra_no":"1757","longitude":77.61227122,"latitude":28.33396387,"authority":"YEIDA","category":"residential","execution_stage":"allotted"}},{"type":"Feature","geometry":{"type":"Polygon","coordinates":[[[77.611922,28.333879],[77.611925,28.334059],[77.611826,28.33406],[77.611822,28.333881],[77.611922,28.333879]]]},"properties":{"objectid":1137,"uniqueplotid":"PLNGRESIDENTIAL1137","plotmap_id":"SECTOR-16_119_G_RESI","plotidentificationnumber":"119","plotno":"119","industrysector":"SECTOR-16","block":"G","plotsize":"200 SQMT","plotsize_at_the_time_of_allotme":"200 SQMT","landuse_type":"RESIDENTIAL","landuse_subcategory":"RESIDENTIAL","scheme_cod":"RPS07","investment":0,"employment":0,"plotstatus":"Allotted","landallotementstatus":"SOLD","landallotementtype":"ALLOTTED","allotmentid":"RPS071642","allotment_date":1698777000000,"rate_of_allotment":24900,"village_name":"Dhanauri","khasra_no":"1755,1757,1753","longitude":77.61187391,"latitude":28.33396965,"authority":"YEIDA","category":"residential","execution_stage":"allotted"}},{"type":"Feature","geometry":{"type":"Polygon","coordinates":[[[77.612021,28.333878],[77.612025,28.334057],[77.611925,28.334059],[77.611922,28.333879],[77.612021,28.333878]]]},"properties":{"objectid":1138,"uniqueplotid":"PLNGRESIDENTIAL1138","plotmap_id":"SECTOR-16_118_G_RESI","plotidentificationnumber":"118","plotno":"118","industrysector":"SECTOR-16","block":"G","plotsize":"200 SQMT","plotsize_at_the_time_of_allotme":"200 SQMT","landuse_type":"RESIDENTIAL","landuse_subcategory":"RESIDENTIAL","scheme_cod":"RPS07","investment":0,"employment":0,"plotstatus":"Allotted","landallotementstatus":"SOLD","landallotementtype":"ALLOTTED","allotmentid":"RPS071458","allotment_date":1698777000000,"rate_of_allotment":24900,"village_name":"Dhanauri","khasra_no":"1755,1754,1757,1753","longitude":77.61197324000001,"latitude":28.3339682,"authority":"YEIDA","category":"residential","execution_stage":"allotted"}},{"type":"Feature","geometry":{"type":"Polygon","coordinates":[[[77.61212,28.333876],[77.612124,28.334056],[77.612025,28.334057],[77.612021,28.333878],[77.61212,28.333876]]]},"properties":{"objectid":1139,"uniqueplotid":"PLNGRESIDENTIAL1139","plotmap_id":"SECTOR-16_117_G_RESI","plotidentificationnumber":"117","plotno":"117","industrysector":"SECTOR-16","block":"G","plotsize":"200 SQMT","plotsize_at_the_time_of_allotme":"200 SQMT","landuse_type":"RESIDENTIAL","landuse_subcategory":"RESIDENTIAL","scheme_cod":"RPS07","investment":0,"employment":0,"plotstatus":"Allotted","landallotementstatus":"SOLD","landallotementtype":"ALLOTTED","allotmentid":"RPS071535","allotment_date":1698777000000,"rate_of_allotment":24900,"village_name":"Dhanauri","khasra_no":"1757","longitude":77.61207257,"latitude":28.33396676,"authority":"YEIDA","category":"residential","execution_stage":"allotted"}},{"type":"Feature","geometry":{"type":"Polygon","coordinates":[[[77.61222,28.333875],[77.612223,28.334054],[77.612124,28.334056],[77.61212,28.333876],[77.61222,28.333875]]]},"properties":{"objectid":1140,"uniqueplotid":"PLNGRESIDENTIAL1140","plotmap_id":"SECTOR-16_116_G_RESI","plotidentificationnumber":"116","plotno":"116","industrysector":"SECTOR-16","block":"G","plotsize":"200 SQMT","plotsize_at_the_time_of_allotme":"200 SQMT","landuse_type":"RESIDENTIAL","landuse_subcategory":"RESIDENTIAL","scheme_cod":"RPS07","investment":0,"employment":0,"plotstatus":"Allotted","landallotementstatus":"SOLD","landallotementtype":"ALLOTTED","allotmentid":"RPS071847","allotment_date":1698777000000,"rate_of_allotment":24900,"village_name":"Dhanauri","khasra_no":"1757","longitude":77.61217189,"latitude":28.33396531,"authority":"YEIDA","category":"residential","execution_stage":"allotted"}},{"type":"Feature","geometry":{"type":"Polygon","coordinates":[[[77.612646,28.334336],[77.61265,28.334515],[77.612551,28.334517],[77.612547,28.334337],[77.612646,28.334336]]]},"properties":{"objectid":1141,"uniqueplotid":"PLNGRESIDENTIAL1141","plotmap_id":"SECTOR-16_127_G_RESI","plotidentificationnumber":"127","plotno":"127","industrysector":"SECTOR-16","block":"G","plotsize":"200 SQMT","plotsize_at_the_time_of_allotme":"200 SQMT","landuse_type":"RESIDENTIAL","landuse_subcategory":"RESIDENTIAL","scheme_cod":"RPS07","investment":0,"employment":0,"plotstatus":"Allotted","landallotementstatus":"SOLD","landallotementtype":"ALLOTTED","allotmentid":"RPS071638","allotment_date":1698777000000,"rate_of_allotment":24900,"village_name":"Dhanauri","khasra_no":"1757","longitude":77.61259849999999,"latitude":28.33442603,"authority":"YEIDA","category":"residential","execution_stage":"allotted"}},{"type":"Feature","geometry":{"type":"Polygon","coordinates":[[[77.612746,28.334334],[77.612749,28.334514],[77.61265,28.334515],[77.612646,28.334336],[77.612746,28.334334]]]},"properties":{"objectid":1142,"uniqueplotid":"PLNGRESIDENTIAL1142","plotmap_id":"SECTOR-16_128_G_RESI","plotidentificationnumber":"128","plotno":"128","industrysector":"SECTOR-16","block":"G","plotsize":"200 SQMT","plotsize_at_the_time_of_allotme":"200 SQMT","landuse_type":"RESIDENTIAL","landuse_subcategory":"RESIDENTIAL","scheme_cod":"RPS07","investment":0,"employment":0,"plotstatus":"Allotted","landallotementstatus":"SOLD","landallotementtype":"ALLOTTED","allotmentid":"RPS071797","allotment_date":1698777000000,"rate_of_allotment":24900,"village_name":"Dhanauri","khasra_no":"1757","longitude":77.61269782,"latitude":28.33442458,"authority":"YEIDA","category":"residential","execution_stage":"allotted"}},{"type":"Feature","geometry":{"type":"Polygon","coordinates":[[[77.612845,28.334333],[77.612849,28.334512],[77.612749,28.334514],[77.612746,28.334334],[77.612845,28.334333]]]},"properties":{"objectid":1143,"uniqueplotid":"PLNGRESIDENTIAL1143","plotmap_id":"SECTOR-16_129_G_RESI","plotidentificationnumber":"129","plotno":"129","industrysector":"SECTOR-16","block":"G","plotsize":"200 SQMT","plotsize_at_the_time_of_allotme":"200 SQMT","landuse_type":"RESIDENTIAL","landuse_subcategory":"RESIDENTIAL","scheme_cod":"RPS07","investment":0,"employment":0,"plotstatus":"Allotted","landallotementstatus":"SOLD","landallotementtype":"ALLOTTED","allotmentid":"RPS071721","allotment_date":1698777000000,"rate_of_allotment":24900,"village_name":"Dhanauri","khasra_no":"1757,1756","longitude":77.61279715,"latitude":28.33442314,"authority":"YEIDA","category":"residential","execution_stage":"allotted"}},{"type":"Feature","geometry":{"type":"Polygon","coordinates":[[[77.612944,28.334331],[77.612948,28.334511],[77.612849,28.334512],[77.612845,28.334333],[77.612944,28.334331]]]},"properties":{"objectid":1144,"uniqueplotid":"PLNGRESIDENTIAL1144","plotmap_id":"SECTOR-16_130_G_RESI","plotidentificationnumber":"130","plotno":"130","industrysector":"SECTOR-16","block":"G","plotsize":"200 SQMT","plotsize_at_the_time_of_allotme":"200 SQMT","landuse_type":"RESIDENTIAL","landuse_subcategory":"RESIDENTIAL","scheme_cod":"RPS07","investment":0,"employment":0,"plotstatus":"Allotted","landallotementstatus":"SOLD","landallotementtype":"ALLOTTED","allotmentid":"RPS071550","allotment_date":1698777000000,"rate_of_allotment":24900,"village_name":"Dhanauri","khasra_no":"1757,1580,1756","longitude":77.61289647999999,"latitude":28.3344217,"authority":"YEIDA","category":"residential","execution_stage":"allotted"}},{"type":"Feature","geometry":{"type":"Polygon","coordinates":[[[77.613044,28.33433],[77.613047,28.334509],[77.612948,28.334511],[77.612944,28.334331],[77.613044,28.33433]]]},"properties":{"objectid":1145,"uniqueplotid":"PLNGRESIDENTIAL1145","plotmap_id":"SECTOR-16_131_G_RESI","plotidentificationnumber":"131","plotno":"131","industrysector":"SECTOR-16","block":"G","plotsize":"200 SQMT","plotsize_at_the_time_of_allotme":"200 SQMT","landuse_type":"RESIDENTIAL","landuse_subcategory":"RESIDENTIAL","scheme_cod":"RPS07","investment":0,"employment":0,"plotstatus":"Allotted","landallotementstatus":"SOLD","landallotementtype":"ALLOTTED","allotmentid":"RPS071689","allotment_date":1698777000000,"rate_of_allotment":24900,"village_name":"Dhanauri","khasra_no":"1757,1548,1580,1756","longitude":77.61299581,"latitude":28.334420249999997,"authority":"YEIDA","category":"residential","execution_stage":"allotted"}},{"type":"Feature","geometry":{"type":"Polygon","coordinates":[[[77.61296,28.334618],[77.612964,28.334796],[77.612864,28.334797],[77.612861,28.33462],[77.61296,28.334618]]]},"properties":{"objectid":1146,"uniqueplotid":"PLNGRESIDENTIAL1146","plotmap_id":"SECTOR-16_148_G_RESI","plotidentificationnumber":"148","plotno":"148","industrysector":"SECTOR-16","block":"G","plotsize":"200 SQMT","plotsize_at_the_time_of_allotme":"200 SQMT","landuse_type":"RESIDENTIAL","landuse_subcategory":"RESIDENTIAL","scheme_cod":"RPS07","investment":0,"employment":0,"plotstatus":"Allotted","landallotementstatus":"SOLD","landallotementtype":"ALLOTTED","allotmentid":"RPS071626","allotment_date":1698777000000,"rate_of_allotment":24900,"village_name":"Dhanauri","khasra_no":"1548,1580,1577","longitude":77.61291219,"latitude":28.33470785,"authority":"YEIDA","category":"residential","execution_stage":"allotted"}},{"type":"Feature","geometry":{"type":"Polygon","coordinates":[[[77.613059,28.334617],[77.613063,28.334794],[77.612964,28.334796],[77.61296,28.334618],[77.613059,28.334617]]]},"properties":{"objectid":1147,"uniqueplotid":"PLNGRESIDENTIAL1147","plotmap_id":"SECTOR-16_149_G_RESI","plotidentificationnumber":"149","plotno":"149","industrysector":"SECTOR-16","block":"G","plotsize":"200 SQMT","plotsize_at_the_time_of_allotme":"200 SQMT","landuse_type":"RESIDENTIAL","landuse_subcategory":"RESIDENTIAL","scheme_cod":"RPS07","investment":0,"employment":0,"plotstatus":"Allotted","landallotementstatus":"SOLD","landallotementtype":"ALLOTTED","allotmentid":"RPS071507","allotment_date":1698777000000,"rate_of_allotment":24900,"village_name":"Dhanauri","khasra_no":"1548,1577","longitude":77.61301152,"latitude":28.334706410000003,"authority":"YEIDA","category":"residential","execution_stage":"allotted"}},{"type":"Feature","geometry":{"type":"Polygon","coordinates":[[[77.613159,28.334615],[77.613162,28.334793],[77.613063,28.334794],[77.613059,28.334617],[77.613159,28.334615]]]},"properties":{"objectid":1148,"uniqueplotid":"PLNGRESIDENTIAL1148","plotmap_id":"SECTOR-16_150_G_RESI","plotidentificationnumber":"150","plotno":"150","industrysector":"SECTOR-16","block":"G","plotsize":"200 SQMT","plotsize_at_the_time_of_allotme":"200 SQMT","landuse_type":"RESIDENTIAL","landuse_subcategory":"RESIDENTIAL","scheme_cod":"RPS07","investment":0,"employment":0,"plotstatus":"Allotted","landallotementstatus":"SOLD","landallotementtype":"ALLOTTED","allotmentid":"RPS071840","allotment_date":1698777000000,"rate_of_allotment":24900,"village_name":"Dhanauri","khasra_no":"1548","longitude":77.61311085,"latitude":28.33470496,"authority":"YEIDA","category":"residential","execution_stage":"allotted"}},{"type":"Feature","geometry":{"type":"Polygon","coordinates":[[[77.613258,28.334614],[77.61326,28.334792],[77.613162,28.334793],[77.613159,28.334615],[77.613258,28.334614]]]},"properties":{"objectid":1149,"uniqueplotid":"PLNGRESIDENTIAL1149","plotmap_id":"SECTOR-16_151_G_RESI","plotidentificationnumber":"151","plotno":"151","industrysector":"SECTOR-16","block":"G","plotsize":"200 SQMT","plotsize_at_the_time_of_allotme":"200 SQMT","landuse_type":"RESIDENTIAL","landuse_subcategory":"RESIDENTIAL","scheme_cod":"RPS07","investment":0,"employment":0,"plotstatus":"Allotted","landallotementstatus":"SOLD","landallotementtype":"ALLOTTED","allotmentid":"RPS071530","allotment_date":1698777000000,"rate_of_allotment":24900,"village_name":"Dhanauri","khasra_no":"1548","longitude":77.61320952000001,"latitude":28.33470339,"authority":"YEIDA","category":"residential","execution_stage":"allotted"}},{"type":"Feature","geometry":{"type":"Polygon","coordinates":[[[77.612964,28.334796],[77.612967,28.334976],[77.612868,28.334977],[77.612864,28.334797],[77.612964,28.334796]]]},"properties":{"objectid":1150,"uniqueplotid":"PLNGRESIDENTIAL1150","plotmap_id":"SECTOR-16_156_G_RESI","plotidentificationnumber":"156","plotno":"156","industrysector":"SECTOR-16","block":"G","plotsize":"200 SQMT","plotsize_at_the_time_of_allotme":"200 SQMT","landuse_type":"RESIDENTIAL","landuse_subcategory":"RESIDENTIAL","scheme_cod":"RPS07","investment":0,"employment":0,"plotstatus":"Allotted","landallotementstatus":"SOLD","landallotementtype":"ALLOTTED","allotmentid":"RPS071848","allotment_date":1698777000000,"rate_of_allotment":24900,"village_name":"Dhanauri","khasra_no":"1577","longitude":77.61291582,"latitude":28.334886530000002,"authority":"YEIDA","category":"residential","execution_stage":"allotted"}},{"type":"Feature","geometry":{"type":"Polygon","coordinates":[[[77.613063,28.334794],[77.613067,28.334975],[77.612967,28.334976],[77.612964,28.334796],[77.613063,28.334794]]]},"properties":{"objectid":1151,"uniqueplotid":"PLNGRESIDENTIAL1151","plotmap_id":"SECTOR-16_155_G_RESI","plotidentificationnumber":"155","plotno":"155","industrysector":"SECTOR-16","block":"G","plotsize":"200 SQMT","plotsize_at_the_time_of_allotme":"200 SQMT","landuse_type":"RESIDENTIAL","landuse_subcategory":"RESIDENTIAL","scheme_cod":"RPS07","investment":0,"employment":0,"plotstatus":"Allotted","landallotementstatus":"SOLD","landallotementtype":"ALLOTTED","allotmentid":"RPS071672","allotment_date":1698777000000,"rate_of_allotment":24900,"village_name":"Dhanauri","khasra_no":"1548,1577","longitude":77.61301515,"latitude":28.334885410000002,"authority":"YEIDA","category":"residential","execution_stage":"allotted"}},{"type":"Feature","geometry":{"type":"Polygon","coordinates":[[[77.627206,28.332347],[77.626767,28.333845],[77.626339,28.335502],[77.62587,28.337417],[77.625341,28.337409],[77.622345,28.337441],[77.62225,28.337372],[77.622236,28.337201],[77.622203,28.3335],[77.620387,28.331617],[77.62527,28.33164],[77.625334,28.331734],[77.62531,28.331838],[77.625144,28.331993],[77.625075,28.332106],[77.625088,28.332283],[77.625152,28.332378],[77.625758,28.332907],[77.626268,28.332561],[77.62667,28.33225],[77.626826,28.332171],[77.626896,28.332248],[77.627206,28.332347]]]},"properties":{"objectid":1152,"uniqueplotid":"PLNGRESIDENTIAL1152","plotmap_id":"SECTOR-16_N.A_FUTURE USE 3_RESI","plotidentificationnumber":"N.A","plotno":"N.A","industrysector":"SECTOR-16","block":"FUTURE USE 3","plotsize":"287503.36 SQMT","landuse_type":"RESIDENTIAL","landuse_subcategory":"RESIDENTIAL","investment":0,"employment":0,"landallotementstatus":"VACANT","landallotementtype":"VACANT","village_name":"Thasrana,Ameepur Bangar","khasra_no":"121,205,197,180,186,182,215,199,198,120,218,178,165,179,176,419,117,119,291,166,122,173,133,175,123,124,248,177,196,204,216,222,206,235,171,170,169,167,168,244,245,241,203,202,200,195,207,201,164,247","longitude":77.62395626,"latitude":28.334453999999997,"authority":"YEIDA","category":"residential","execution_stage":"vacant"}},{"type":"Feature","geometry":{"type":"Polygon","coordinates":[[[77.60994,28.336704],[77.609944,28.336882],[77.609863,28.336883],[77.609859,28.336705],[77.60994,28.336704]]]},"properties":{"objectid":1186,"uniqueplotid":"PLNGRESIDENTIAL1186","plotmap_id":"SECTOR-16_09_E_RESI","plotidentificationnumber":"09","plotno":"09","industrysector":"SECTOR-16","block":"E","plotsize":"162 SQMT","plotsize_at_the_time_of_allotme":"162 SQMT","landuse_type":"RESIDENTIAL","landuse_subcategory":"RESIDENTIAL","scheme_cod":"RPS06","investment":0,"employment":0,"plotstatus":"Allotted","landallotementstatus":"SOLD","landallotementtype":"ALLOTTED","allotmentid":"RPS061310","allotment_date":1671993000000,"rate_of_allotment":18510,"village_name":"Dhanauri","khasra_no":"1707,1709,1708","longitude":77.6099016,"latitude":28.336793540000002,"authority":"YEIDA","category":"residential","execution_stage":"allotted"}},{"type":"Feature","geometry":{"type":"Polygon","coordinates":[[[77.609944,28.336882],[77.609948,28.337059],[77.609866,28.337061],[77.609863,28.336883],[77.609944,28.336882]]]},"properties":{"objectid":1187,"uniqueplotid":"PLNGRESIDENTIAL1187","plotmap_id":"SECTOR-16_10_E_RESI","plotidentificationnumber":"10","plotno":"10","industrysector":"SECTOR-16","block":"E","plotsize":"162 SQMT","plotsize_at_the_time_of_allotme":"162 SQMT","landuse_type":"RESIDENTIAL","landuse_subcategory":"RESIDENTIAL","scheme_cod":"RPS06","investment":0,"employment":0,"plotstatus":"Allotted","landallotementstatus":"SOLD","landallotementtype":"ALLOTTED","allotmentid":"RPS061312","allotment_date":1671993000000,"rate_of_allotment":18510,"village_name":"Dhanauri","khasra_no":"1707,1700,1691,1708","longitude":77.60990518999999,"latitude":28.33697118,"authority":"YEIDA","category":"residential","execution_stage":"allotted"}},{"type":"Feature","geometry":{"type":"Polygon","coordinates":[[[77.610429,28.336697],[77.61043,28.336776],[77.610246,28.336778],[77.610244,28.3367],[77.610429,28.336697]]]},"properties":{"objectid":1222,"uniqueplotid":"PLNGRESIDENTIAL1222","plotmap_id":"SECTOR-16_97_E_RESI","plotidentificationnumber":"97","plotno":"97","industrysector":"SECTOR-16","block":"E","plotsize":"162 SQMT","plotsize_at_the_time_of_allotme":"162 SQMT","landuse_type":"RESIDENTIAL","landuse_subcategory":"RESIDENTIAL","scheme_cod":"RPS07","investment":0,"employment":0,"plotstatus":"Allotted","landallotementstatus":"SOLD","landallotementtype":"ALLOTTED","allotmentid":"RPS071276","allotment_date":1698777000000,"rate_of_allotment":24900,"village_name":"Dhanauri","khasra_no":"1707,1700","longitude":77.61033723999999,"latitude":28.33673764,"authority":"YEIDA","category":"residential","execution_stage":"allotted"}},{"type":"Feature","geometry":{"type":"Polygon","coordinates":[[[77.610244,28.3367],[77.610246,28.336778],[77.610061,28.336781],[77.61006,28.336702],[77.610244,28.3367]]]},"properties":{"objectid":1223,"uniqueplotid":"PLNGRESIDENTIAL1223","plotmap_id":"SECTOR-16_96_E_RESI","plotidentificationnumber":"96","plotno":"96","industrysector":"SECTOR-16","block":"E","plotsize":"162 SQMT","plotsize_at_the_time_of_allotme":"162 SQMT","landuse_type":"RESIDENTIAL","landuse_subcategory":"RESIDENTIAL","scheme_cod":"RPS07","investment":0,"employment":0,"plotstatus":"Allotted","landallotementstatus":"SOLD","landallotementtype":"ALLOTTED","allotmentid":"RPS071218","allotment_date":1698777000000,"rate_of_allotment":24900,"village_name":"Dhanauri","khasra_no":"1707,1700,1709,1708","longitude":77.61013721,"latitude":28.336734,"authority":"YEIDA","category":"residential","execution_stage":"allotted"}},{"type":"Feature","geometry":{"type":"Polygon","coordinates":[[[77.610443,28.337404],[77.610445,28.337482],[77.61026,28.337485],[77.610258,28.337407],[77.610443,28.337404]]]},"properties":{"objectid":1224,"uniqueplotid":"PLNGRESIDENTIAL1224","plotmap_id":"SECTOR-16_106_E_RESI","plotidentificationnumber":"106","plotno":"106","industrysector":"SECTOR-16","block":"E","plotsize":"162 SQMT","plotsize_at_the_time_of_allotme":"162 SQMT","landuse_type":"RESIDENTIAL","landuse_subcategory":"RESIDENTIAL","scheme_cod":"RPS07","investment":0,"employment":0,"plotstatus":"Allotted","landallotementstatus":"SOLD","landallotementtype":"ALLOTTED","allotmentid":"RPS071263","allotment_date":1698777000000,"rate_of_allotment":24900,"village_name":"Dhanauri","khasra_no":"1700,1691","longitude":77.61035152,"latitude":28.33744453,"authority":"YEIDA","category":"residential","execution_stage":"allotted"}},{"type":"Feature","geometry":{"type":"Polygon","coordinates":[[[77.610258,28.337407],[77.61026,28.337485],[77.610076,28.337488],[77.610074,28.337409],[77.610258,28.337407]]]},"properties":{"objectid":1225,"uniqueplotid":"PLNGRESIDENTIAL1225","plotmap_id":"SECTOR-16_87_E_RESI","plotidentificationnumber":"87","plotno":"87","industrysector":"SECTOR-16","block":"E","plotsize":"162 SQMT","plotsize_at_the_time_of_allotme":"162 SQMT","landuse_type":"RESIDENTIAL","landuse_subcategory":"RESIDENTIAL","scheme_cod":"RPS07","investment":0,"employment":0,"plotstatus":"Allotted","landallotementstatus":"SOLD","landallotementtype":"ALLOTTED","allotmentid":"RPS071422","allotment_date":1698777000000,"rate_of_allotment":24900,"village_name":"Dhanauri","khasra_no":"1700,1691,1621","longitude":77.610167,"latitude":28.33744721,"authority":"YEIDA","category":"residential","execution_stage":"allotted"}},{"type":"Feature","geometry":{"type":"Polygon","coordinates":[[[77.610445,28.337482],[77.610446,28.337561],[77.610262,28.337564],[77.61026,28.337485],[77.610445,28.337482]]]},"properties":{"objectid":1226,"uniqueplotid":"PLNGRESIDENTIAL1226","plotmap_id":"SECTOR-16_107_E_RESI","plotidentificationnumber":"107","plotno":"107","industrysector":"SECTOR-16","block":"E","plotsize":"162 SQMT","plotsize_at_the_time_of_allotme":"162 SQMT","landuse_type":"RESIDENTIAL","landuse_subcategory":"RESIDENTIAL","scheme_cod":"RPS07","investment":0,"employment":0,"plotstatus":"Allotted","landallotementstatus":"SOLD","landallotementtype":"ALLOTTED","allotmentid":"RPS071215","allotment_date":1698777000000,"rate_of_allotment":24900,"village_name":"Dhanauri","khasra_no":"1700,1691,1621","longitude":77.6103531,"latitude":28.33752307,"authority":"YEIDA","category":"residential","execution_stage":"allotted"}},{"type":"Feature","geometry":{"type":"Polygon","coordinates":[[[77.61026,28.337485],[77.610262,28.337564],[77.610077,28.337566],[77.610076,28.337488],[77.61026,28.337485]]]},"properties":{"objectid":1227,"uniqueplotid":"PLNGRESIDENTIAL1227","plotmap_id":"SECTOR-16_86_E_RESI","plotidentificationnumber":"86","plotno":"86","industrysector":"SECTOR-16","block":"E","plotsize":"162 SQMT","plotsize_at_the_time_of_allotme":"162 SQMT","landuse_type":"RESIDENTIAL","landuse_subcategory":"RESIDENTIAL","scheme_cod":"RPS07","investment":0,"employment":0,"plotstatus":"Allotted","landallotementstatus":"SOLD","landallotementtype":"ALLOTTED","allotmentid":"RPS071306","allotment_date":1698777000000,"rate_of_allotment":24900,"village_name":"Dhanauri","khasra_no":"1691,1621","longitude":77.61016858,"latitude":28.337525749999998,"authority":"YEIDA","category":"residential","execution_stage":"allotted"}},{"type":"Feature","geometry":{"type":"Polygon","coordinates":[[[77.610437,28.33709],[77.610438,28.337168],[77.610254,28.337171],[77.610252,28.337092],[77.610437,28.33709]]]},"properties":{"objectid":1232,"uniqueplotid":"PLNGRESIDENTIAL1232","plotmap_id":"SECTOR-16_102_E_RESI","plotidentificationnumber":"102","plotno":"102","industrysector":"SECTOR-16","block":"E","plotsize":"162 SQMT","plotsize_at_the_time_of_allotme":"162 SQMT","landuse_type":"RESIDENTIAL","landuse_subcategory":"RESIDENTIAL","scheme_cod":"RPS07","investment":0,"employment":0,"plotstatus":"Allotted","landallotementstatus":"SOLD","landallotementtype":"ALLOTTED","allotmentid":"RPS071222","allotment_date":1698777000000,"rate_of_allotment":24900,"village_name":"Dhanauri","khasra_no":"1700","longitude":77.61034517,"latitude":28.33713036,"authority":"YEIDA","category":"residential","execution_stage":"allotted"}},{"type":"Feature","geometry":{"type":"Polygon","coordinates":[[[77.610406,28.335553],[77.610407,28.335643],[77.610209,28.335646],[77.610207,28.335556],[77.610406,28.335553]]]},"properties":{"objectid":1235,"uniqueplotid":"PLNGRESIDENTIAL1235","plotmap_id":"SECTOR-16_69_F_RESI","plotidentificationnumber":"69","plotno":"69","industrysector":"SECTOR-16","block":"F","plotsize":"200 SQMT","plotsize_at_the_time_of_allotme":"200 SQMT","landuse_type":"RESIDENTIAL","landuse_subcategory":"RESIDENTIAL","scheme_cod":"RPS07","investment":0,"employment":0,"plotstatus":"Allotted","landallotementstatus":"SOLD","landallotementtype":"ALLOTTED","allotmentid":"RPS071622","allotment_date":1698777000000,"rate_of_allotment":24900,"village_name":"Dhanauri","khasra_no":"1720,1719","longitude":77.61030719,"latitude":28.3355997,"authority":"YEIDA","category":"residential","execution_stage":"allotted"}},{"type":"Feature","geometry":{"type":"Polygon","coordinates":[[[77.610424,28.336451],[77.610425,28.336535],[77.610227,28.336538],[77.610225,28.336454],[77.610424,28.336451]]]},"properties":{"objectid":1236,"uniqueplotid":"PLNGRESIDENTIAL1236","plotmap_id":"SECTOR-16_79_F_RESI","plotidentificationnumber":"79","plotno":"79","industrysector":"SECTOR-16","block":"F","plotsize":"200 SQMT","plotsize_at_the_time_of_allotme":"200 SQMT","landuse_type":"RESIDENTIAL","landuse_subcategory":"RESIDENTIAL","scheme_cod":"RPS07","investment":0,"employment":0,"plotstatus":"Allotted","landallotementstatus":"SOLD","landallotementtype":"ALLOTTED","allotmentid":"RPS071615","allotment_date":1698777000000,"rate_of_allotment":24900,"village_name":"Dhanauri","khasra_no":"1707,1710,1708","longitude":77.61032526,"latitude":28.33649468,"authority":"YEIDA","category":"residential","execution_stage":"allotted"}},{"type":"Feature","geometry":{"type":"Polygon","coordinates":[[[77.610225,28.336454],[77.610227,28.336538],[77.610028,28.336541],[77.610026,28.336457],[77.610225,28.336454]]]},"properties":{"objectid":1237,"uniqueplotid":"PLNGRESIDENTIAL1237","plotmap_id":"SECTOR-16_80_F_RESI","plotidentificationnumber":"80","plotno":"80","industrysector":"SECTOR-16","block":"F","plotsize":"200 SQMT","plotsize_at_the_time_of_allotme":"200 SQMT","landuse_type":"RESIDENTIAL","landuse_subcategory":"RESIDENTIAL","scheme_cod":"RPS07","investment":0,"employment":0,"plotstatus":"Allotted","landallotementstatus":"SOLD","landallotementtype":"ALLOTTED","allotmentid":"RPS071462","allotment_date":1698777000000,"rate_of_allotment":24900,"village_name":"Dhanauri","khasra_no":"1710,1709","longitude":77.61012661000001,"latitude":28.336497570000002,"authority":"YEIDA","category":"residential","execution_stage":"allotted"}},{"type":"Feature","geometry":{"type":"Polygon","coordinates":[[[77.610422,28.336361],[77.610424,28.336451],[77.610225,28.336454],[77.610223,28.336364],[77.610422,28.336361]]]},"properties":{"objectid":1238,"uniqueplotid":"PLNGRESIDENTIAL1238","plotmap_id":"SECTOR-16_78_F_RESI","plotidentificationnumber":"78","plotno":"78","industrysector":"SECTOR-16","block":"F","plotsize":"200 SQMT","plotsize_at_the_time_of_allotme":"200 SQMT","landuse_type":"RESIDENTIAL","landuse_subcategory":"RESIDENTIAL","scheme_cod":"RPS07","investment":0,"employment":0,"plotstatus":"Allotted","landallotementstatus":"SOLD","landallotementtype":"ALLOTTED","allotmentid":"RPS071755","allotment_date":1698777000000,"rate_of_allotment":24900,"village_name":"Dhanauri","khasra_no":"1710,1708","longitude":77.61032349999999,"latitude":28.33640758,"authority":"YEIDA","category":"residential","execution_stage":"allotted"}},{"type":"Feature","geometry":{"type":"Polygon","coordinates":[[[77.610223,28.336364],[77.610225,28.336454],[77.610026,28.336457],[77.610025,28.336367],[77.610223,28.336364]]]},"properties":{"objectid":1239,"uniqueplotid":"PLNGRESIDENTIAL1239","plotmap_id":"SECTOR-16_81_F_RESI","plotidentificationnumber":"81","plotno":"81","industrysector":"SECTOR-16","block":"F","plotsize":"200 SQMT","plotsize_at_the_time_of_allotme":"200 SQMT","landuse_type":"RESIDENTIAL","landuse_subcategory":"RESIDENTIAL","scheme_cod":"RPS07","investment":0,"employment":0,"plotstatus":"Allotted","landallotementstatus":"SOLD","landallotementtype":"ALLOTTED","allotmentid":"RPS071675","allotment_date":1698777000000,"rate_of_allotment":24900,"village_name":"Dhanauri","khasra_no":"1710,1709","longitude":77.61012485,"latitude":28.33641047,"authority":"YEIDA","category":"residential","execution_stage":"allotted"}},{"type":"Feature","geometry":{"type":"Polygon","coordinates":[[[77.609894,28.335789],[77.609897,28.335951],[77.609778,28.335952],[77.609775,28.335791],[77.609894,28.335789]]]},"properties":{"objectid":1240,"uniqueplotid":"PLNGRESIDENTIAL1240","plotmap_id":"SECTOR-16_97_F_RESI","plotidentificationnumber":"97","plotno":"97","industrysector":"SECTOR-16","block":"F","plotsize":"200 SQMT","plotsize_at_the_time_of_allotme":"200 SQMT","landuse_type":"RESIDENTIAL","landuse_subcategory":"RESIDENTIAL","scheme_cod":"RPS07","investment":0,"employment":0,"plotstatus":"Allotted","landallotementstatus":"SOLD","landallotementtype":"ALLOTTED","allotmentid":"RPS071514","allotment_date":1698777000000,"rate_of_allotment":24900,"village_name":"Dhanauri","khasra_no":"1710,1711","longitude":77.60983575,"latitude":28.3358706,"authority":"YEIDA","category":"residential","execution_stage":"allotted"}},{"type":"Feature","geometry":{"type":"Polygon","coordinates":[[[77.609897,28.335951],[77.6099,28.336112],[77.609781,28.336114],[77.609778,28.335952],[77.609897,28.335951]]]},"properties":{"objectid":1241,"uniqueplotid":"PLNGRESIDENTIAL1241","plotmap_id":"SECTOR-16_108_F_RESI","plotidentificationnumber":"108","plotno":"108","industrysector":"SECTOR-16","block":"F","plotsize":"200 SQMT","plotsize_at_the_time_of_allotme":"200 SQMT","landuse_type":"RESIDENTIAL","landuse_subcategory":"RESIDENTIAL","scheme_cod":"RPS07","investment":0,"employment":0,"plotstatus":"Allotted","landallotementstatus":"SOLD","landallotementtype":"ALLOTTED","allotmentid":"RPS071733","allotment_date":1698777000000,"rate_of_allotment":24900,"village_name":"Dhanauri","khasra_no":"1710","longitude":77.60983901,"latitude":28.33603218,"authority":"YEIDA","category":"residential","execution_stage":"allotted"}},{"type":"Feature","geometry":{"type":"Polygon","coordinates":[[[77.609906,28.336381],[77.609909,28.336543],[77.60979,28.336545],[77.609786,28.336383],[77.609906,28.336381]]]},"properties":{"objectid":1244,"uniqueplotid":"PLNGRESIDENTIAL1244","plotmap_id":"SECTOR-16_120_F_RESI","plotidentificationnumber":"120","plotno":"120","industrysector":"SECTOR-16","block":"F","plotsize":"200 SQMT","plotsize_at_the_time_of_allotme":"200 SQMT","landuse_type":"RESIDENTIAL","landuse_subcategory":"RESIDENTIAL","scheme_cod":"RPS07","investment":0,"employment":0,"plotstatus":"Allotted","landallotementstatus":"SOLD","landallotementtype":"ALLOTTED","allotmentid":"RPS071504","allotment_date":1698777000000,"rate_of_allotment":24900,"village_name":"Dhanauri","khasra_no":"1709","longitude":77.60984771000001,"latitude":28.336463050000003,"authority":"YEIDA","category":"residential","execution_stage":"allotted"}},{"type":"Feature","geometry":{"type":"Polygon","coordinates":[[[77.609902,28.33622],[77.609906,28.336381],[77.609786,28.336383],[77.609783,28.336222],[77.609902,28.33622]]]},"properties":{"objectid":1246,"uniqueplotid":"PLNGRESIDENTIAL1246","plotmap_id":"SECTOR-16_109_F_RESI","plotidentificationnumber":"109","plotno":"109","industrysector":"SECTOR-16","block":"F","plotsize":"200 SQMT","plotsize_at_the_time_of_allotme":"200 SQMT","landuse_type":"RESIDENTIAL","landuse_subcategory":"RESIDENTIAL","scheme_cod":"RPS07","investment":0,"employment":0,"plotstatus":"Allotted","landallotementstatus":"SOLD","landallotementtype":"ALLOTTED","allotmentid":"RPS071641","allotment_date":1698777000000,"rate_of_allotment":24900,"village_name":"Dhanauri","khasra_no":"1710,1709","longitude":77.60984445000001,"latitude":28.336301470000002,"authority":"YEIDA","category":"residential","execution_stage":"allotted"}},{"type":"Feature","geometry":{"type":"Polygon","coordinates":[[[77.609452,28.336711],[77.609456,28.336889],[77.609375,28.33689],[77.609371,28.336712],[77.609452,28.336711]]]},"properties":{"objectid":1249,"uniqueplotid":"PLNGRESIDENTIAL1249","plotmap_id":"SECTOR-16_3_E_RESI","plotidentificationnumber":"3","plotno":"3","industrysector":"SECTOR-16","block":"E","plotsize":"162 SQMT","plotsize_at_the_time_of_allotme":"162 SQMT","landuse_type":"RESIDENTIAL","landuse_subcategory":"RESIDENTIAL","scheme_cod":"RPS06","investment":0,"employment":0,"plotstatus":"Allotted","landallotementstatus":"SOLD","landallotementtype":"ALLOTTED","allotmentid":"RPS061305","allotment_date":1671993000000,"rate_of_allotment":18510,"village_name":"Dhanauri","khasra_no":"1647","longitude":77.60941362999999,"latitude":28.33680064,"authority":"YEIDA","category":"residential","execution_stage":"allotted"}},{"type":"Feature","geometry":{"type":"Polygon","coordinates":[[[77.609534,28.33671],[77.609537,28.336888],[77.609456,28.336889],[77.609452,28.336711],[77.609534,28.33671]]]},"properties":{"objectid":1250,"uniqueplotid":"PLNGRESIDENTIAL1250","plotmap_id":"SECTOR-16_4_E_RESI","plotidentificationnumber":"4","plotno":"4","industrysector":"SECTOR-16","block":"E","plotsize":"162 SQMT","plotsize_at_the_time_of_allotme":"162 SQMT","landuse_type":"RESIDENTIAL","landuse_subcategory":"RESIDENTIAL","scheme_cod":"RPS06","investment":0,"employment":0,"plotstatus":"Allotted","landallotementstatus":"SOLD","landallotementtype":"ALLOTTED","allotmentid":"RPS061307","allotment_date":1671993000000,"rate_of_allotment":18510,"village_name":"Dhanauri","khasra_no":"1647","longitude":77.60949495999999,"latitude":28.33679946,"authority":"YEIDA","category":"residential","execution_stage":"allotted"}},{"type":"Feature","geometry":{"type":"Polygon","coordinates":[[[77.609615,28.336709],[77.609619,28.336887],[77.609537,28.336888],[77.609534,28.33671],[77.609615,28.336709]]]},"properties":{"objectid":1251,"uniqueplotid":"PLNGRESIDENTIAL1251","plotmap_id":"SECTOR-16_5_E_RESI","plotidentificationnumber":"5","plotno":"5","industrysector":"SECTOR-16","block":"E","plotsize":"162 SQMT","plotsize_at_the_time_of_allotme":"162 SQMT","landuse_type":"RESIDENTIAL","landuse_subcategory":"RESIDENTIAL","scheme_cod":"RPS06","investment":0,"employment":0,"plotstatus":"Allotted","landallotementstatus":"SOLD","landallotementtype":"ALLOTTED","allotmentid":"RPS061309","allotment_date":1671993000000,"rate_of_allotment":18510,"village_name":"Dhanauri","khasra_no":"1647,1709,1623","longitude":77.60957628999999,"latitude":28.33679827,"authority":"YEIDA","category":"residential","execution_stage":"allotted"}},{"type":"Feature","geometry":{"type":"Polygon","coordinates":[[[77.609696,28.336708],[77.6097,28.336885],[77.609619,28.336887],[77.609615,28.336709],[77.609696,28.336708]]]},"properties":{"objectid":1252,"uniqueplotid":"PLNGRESIDENTIAL1252","plotmap_id":"SECTOR-16_6_E_RESI","plotidentificationnumber":"6","plotno":"6","industrysector":"SECTOR-16","block":"E","plotsize":"162 SQMT","plotsize_at_the_time_of_allotme":"162 SQMT","landuse_type":"RESIDENTIAL","landuse_subcategory":"RESIDENTIAL","scheme_cod":"RPS06","investment":0,"employment":0,"plotstatus":"Allotted","landallotementstatus":"SOLD","landallotementtype":"ALLOTTED","allotmentid":"RPS061301","allotment_date":1671993000000,"rate_of_allotment":18510,"village_name":"Dhanauri","khasra_no":"1647,1709,1623","longitude":77.60965761,"latitude":28.33679709,"authority":"YEIDA","category":"residential","execution_stage":"allotted"}},{"type":"Feature","geometry":{"type":"Polygon","coordinates":[[[77.609778,28.336706],[77.609781,28.336884],[77.6097,28.336885],[77.609696,28.336708],[77.609778,28.336706]]]},"properties":{"objectid":1253,"uniqueplotid":"PLNGRESIDENTIAL1253","plotmap_id":"SECTOR-16_7_E_RESI","plotidentificationnumber":"7","plotno":"7","industrysector":"SECTOR-16","block":"E","plotsize":"162 SQMT","plotsize_at_the_time_of_allotme":"162 SQMT","landuse_type":"RESIDENTIAL","landuse_subcategory":"RESIDENTIAL","scheme_cod":"RPS06","investment":0,"employment":0,"plotstatus":"Allotted","landallotementstatus":"SOLD","landallotementtype":"ALLOTTED","allotmentid":"RPS061302","allotment_date":1671993000000,"rate_of_allotment":18510,"village_name":"Dhanauri","khasra_no":"1647,1709,1623","longitude":77.60973894,"latitude":28.33679591,"authority":"YEIDA","category":"residential","execution_stage":"allotted"}},{"type":"Feature","geometry":{"type":"Polygon","coordinates":[[[77.609859,28.336705],[77.609863,28.336883],[77.609781,28.336884],[77.609778,28.336706],[77.609859,28.336705]]]},"properties":{"objectid":1254,"uniqueplotid":"PLNGRESIDENTIAL1254","plotmap_id":"SECTOR-16_8_E_RESI","plotidentificationnumber":"8","plotno":"8","industrysector":"SECTOR-16","block":"E","plotsize":"162 SQMT","plotsize_at_the_time_of_allotme":"162 SQMT","landuse_type":"RESIDENTIAL","landuse_subcategory":"RESIDENTIAL","scheme_cod":"RPS06","investment":0,"employment":0,"plotstatus":"Allotted","landallotementstatus":"SOLD","landallotementtype":"ALLOTTED","allotmentid":"RPS061315","allotment_date":1671993000000,"rate_of_allotment":18510,"village_name":"Dhanauri","khasra_no":"1709,1708","longitude":77.60982027,"latitude":28.33679472,"authority":"YEIDA","category":"residential","execution_stage":"allotted"}},{"type":"Feature","geometry":{"type":"Polygon","coordinates":[[[77.609863,28.336883],[77.609866,28.337061],[77.609785,28.337062],[77.609781,28.336884],[77.609863,28.336883]]]},"properties":{"objectid":1255,"uniqueplotid":"PLNGRESIDENTIAL1255","plotmap_id":"SECTOR-16_11_E_RESI","plotidentificationnumber":"11","plotno":"11","industrysector":"SECTOR-16","block":"E","plotsize":"162 SQMT","plotsize_at_the_time_of_allotme":"162 SQMT","landuse_type":"RESIDENTIAL","landuse_subcategory":"RESIDENTIAL","scheme_cod":"RPS06","investment":0,"employment":0,"plotstatus":"Allotted","landallotementstatus":"SOLD","landallotementtype":"ALLOTTED","allotmentid":"RPS061304","allotment_date":1671993000000,"rate_of_allotment":18510,"village_name":"Dhanauri","khasra_no":"1622,1707,1691,1621,1647,1709,1708,1623","longitude":77.60982386,"latitude":28.33697237,"authority":"YEIDA","category":"residential","execution_stage":"allotted"}},{"type":"Feature","geometry":{"type":"Polygon","coordinates":[[[77.609781,28.336884],[77.609785,28.337062],[77.609704,28.337063],[77.6097,28.336885],[77.609781,28.336884]]]},"properties":{"objectid":1256,"uniqueplotid":"PLNGRESIDENTIAL1256","plotmap_id":"SECTOR-16_12_E_RESI","plotidentificationnumber":"12","plotno":"12","industrysector":"SECTOR-16","block":"E","plotsize":"162 SQMT","plotsize_at_the_time_of_allotme":"162 SQMT","landuse_type":"RESIDENTIAL","landuse_subcategory":"RESIDENTIAL","scheme_cod":"RPS06","investment":0,"employment":0,"plotstatus":"Allotted","landallotementstatus":"SOLD","landallotementtype":"ALLOTTED","allotmentid":"RPS061300","allotment_date":1671993000000,"rate_of_allotment":18510,"village_name":"Dhanauri","khasra_no":"1622,1647,1709,1623","longitude":77.60974253,"latitude":28.33697355,"authority":"YEIDA","category":"residential","execution_stage":"allotted"}},{"type":"Feature","geometry":{"type":"Polygon","coordinates":[[[77.6097,28.336885],[77.609704,28.337063],[77.609622,28.337064],[77.609619,28.336887],[77.6097,28.336885]]]},"properties":{"objectid":1257,"uniqueplotid":"PLNGRESIDENTIAL1257","plotmap_id":"SECTOR-16_13_E_RESI","plotidentificationnumber":"13","plotno":"13","industrysector":"SECTOR-16","block":"E","plotsize":"162 SQMT","plotsize_at_the_time_of_allotme":"162 SQMT","landuse_type":"RESIDENTIAL","landuse_subcategory":"RESIDENTIAL","scheme_cod":"RPS06","investment":0,"employment":0,"plotstatus":"Allotted","landallotementstatus":"SOLD","landallotementtype":"ALLOTTED","allotmentid":"RPS061299","allotment_date":1671993000000,"rate_of_allotment":18510,"village_name":"Dhanauri","khasra_no":"1647","longitude":77.6096612,"latitude":28.33697473,"authority":"YEIDA","category":"residential","execution_stage":"allotted"}},{"type":"Feature","geometry":{"type":"Polygon","coordinates":[[[77.609619,28.336887],[77.609622,28.337064],[77.609541,28.337065],[77.609537,28.336888],[77.609619,28.336887]]]},"properties":{"objectid":1258,"uniqueplotid":"PLNGRESIDENTIAL1258","plotmap_id":"SECTOR-16_14_E_RESI","plotidentificationnumber":"14","plotno":"14","industrysector":"SECTOR-16","block":"E","plotsize":"162 SQMT","plotsize_at_the_time_of_allotme":"162 SQMT","landuse_type":"RESIDENTIAL","landuse_subcategory":"RESIDENTIAL","scheme_cod":"RPS06","investment":0,"employment":0,"plotstatus":"Allotted","landallotementstatus":"SOLD","landallotementtype":"ALLOTTED","allotmentid":"RPS061313","allotment_date":1671993000000,"rate_of_allotment":18510,"village_name":"Dhanauri","khasra_no":"1647","longitude":77.60957986999999,"latitude":28.33697591,"authority":"YEIDA","category":"residential","execution_stage":"allotted"}},{"type":"Feature","geometry":{"type":"Polygon","coordinates":[[[77.609537,28.336888],[77.609541,28.337065],[77.60946,28.337067],[77.609456,28.336889],[77.609537,28.336888]]]},"properties":{"objectid":1259,"uniqueplotid":"PLNGRESIDENTIAL1259","plotmap_id":"SECTOR-16_15_E_RESI","plotidentificationnumber":"15","plotno":"15","industrysector":"SECTOR-16","block":"E","plotsize":"162 SQMT","plotsize_at_the_time_of_allotme":"162 SQMT","landuse_type":"RESIDENTIAL","landuse_subcategory":"RESIDENTIAL","scheme_cod":"RPS06","investment":0,"employment":0,"plotstatus":"Allotted","landallotementstatus":"SOLD","landallotementtype":"ALLOTTED","allotmentid":"RPS061306","allotment_date":1671993000000,"rate_of_allotment":18510,"village_name":"Dhanauri","khasra_no":"1647","longitude":77.60949853999999,"latitude":28.3369771,"authority":"YEIDA","category":"residential","execution_stage":"allotted"}},{"type":"Feature","geometry":{"type":"Polygon","coordinates":[[[77.609456,28.336889],[77.60946,28.337067],[77.609378,28.337068],[77.609375,28.33689],[77.609456,28.336889]]]},"properties":{"objectid":1260,"uniqueplotid":"PLNGRESIDENTIAL1260","plotmap_id":"SECTOR-16_16_E_RESI","plotidentificationnumber":"16","plotno":"16","industrysector":"SECTOR-16","block":"E","plotsize":"162 SQMT","plotsize_at_the_time_of_allotme":"162 SQMT","landuse_type":"RESIDENTIAL","landuse_subcategory":"RESIDENTIAL","scheme_cod":"RPS06","investment":0,"employment":0,"plotstatus":"Allotted","landallotementstatus":"SOLD","landallotementtype":"ALLOTTED","allotmentid":"RPS061314","allotment_date":1671993000000,"rate_of_allotment":18510,"village_name":"Dhanauri","khasra_no":"1647","longitude":77.60941720999999,"latitude":28.33697828,"authority":"YEIDA","category":"residential","execution_stage":"allotted"}},{"type":"Feature","geometry":{"type":"Polygon","coordinates":[[[77.61027,28.337956],[77.610271,28.338035],[77.610087,28.338038],[77.610085,28.337959],[77.61027,28.337956]]]},"properties":{"objectid":1262,"uniqueplotid":"PLNGRESIDENTIAL1262","plotmap_id":"SECTOR-16_80_E_RESI","plotidentificationnumber":"80","plotno":"80","industrysector":"SECTOR-16","block":"E","plotsize":"162 SQMT","plotsize_at_the_time_of_allotme":"162 SQMT","landuse_type":"RESIDENTIAL","landuse_subcategory":"RESIDENTIAL","scheme_cod":"RPS07","investment":0,"employment":0,"plotstatus":"Allotted","landallotementstatus":"SOLD","landallotementtype":"ALLOTTED","allotmentid":"RPS071224","allotment_date":1698777000000,"rate_of_allotment":24900,"village_name":"Dhanauri","khasra_no":"1621","longitude":77.6101781,"latitude":28.337997,"authority":"YEIDA","category":"residential","execution_stage":"allotted"}},{"type":"Feature","geometry":{"type":"Polygon","coordinates":[[[77.610268,28.337878],[77.61027,28.337956],[77.610085,28.337959],[77.610083,28.337881],[77.610268,28.337878]]]},"properties":{"objectid":1263,"uniqueplotid":"PLNGRESIDENTIAL1263","plotmap_id":"SECTOR-16_81_E_RESI","plotidentificationnumber":"81","plotno":"81","industrysector":"SECTOR-16","block":"E","plotsize":"162 SQMT","plotsize_at_the_time_of_allotme":"162 SQMT","landuse_type":"RESIDENTIAL","landuse_subcategory":"RESIDENTIAL","scheme_cod":"RPS07","investment":0,"employment":0,"plotstatus":"Allotted","landallotementstatus":"SOLD","landallotementtype":"ALLOTTED","allotmentid":"RPS071200","allotment_date":1698777000000,"rate_of_allotment":24900,"village_name":"Dhanauri","khasra_no":"1621","longitude":77.61017651,"latitude":28.33791846,"authority":"YEIDA","category":"residential","execution_stage":"allotted"}},{"type":"Feature","geometry":{"type":"Polygon","coordinates":[[[77.610266,28.337799],[77.610268,28.337878],[77.610083,28.337881],[77.610082,28.337802],[77.610266,28.337799]]]},"properties":{"objectid":1264,"uniqueplotid":"PLNGRESIDENTIAL1264","plotmap_id":"SECTOR-16_82_E_RESI","plotidentificationnumber":"82","plotno":"82","industrysector":"SECTOR-16","block":"E","plotsize":"162 SQMT","plotsize_at_the_time_of_allotme":"162 SQMT","landuse_type":"RESIDENTIAL","landuse_subcategory":"RESIDENTIAL","scheme_cod":"RPS07","investment":0,"employment":0,"plotstatus":"Allotted","landallotementstatus":"SOLD","landallotementtype":"ALLOTTED","allotmentid":"RPS071332","allotment_date":1698777000000,"rate_of_allotment":24900,"village_name":"Dhanauri","khasra_no":"1621","longitude":77.61017492,"latitude":28.33783992,"authority":"YEIDA","category":"residential","execution_stage":"allotted"}},{"type":"Feature","geometry":{"type":"Polygon","coordinates":[[[77.610265,28.337721],[77.610266,28.337799],[77.610082,28.337802],[77.61008,28.337723],[77.610265,28.337721]]]},"properties":{"objectid":1265,"uniqueplotid":"PLNGRESIDENTIAL1265","plotmap_id":"SECTOR-16_83_E_RESI","plotidentificationnumber":"83","plotno":"83","industrysector":"SECTOR-16","block":"E","plotsize":"162 SQMT","plotsize_at_the_time_of_allotme":"162 SQMT","landuse_type":"RESIDENTIAL","landuse_subcategory":"RESIDENTIAL","scheme_cod":"RPS07","investment":0,"employment":0,"plotstatus":"Allotted","landallotementstatus":"SOLD","landallotementtype":"ALLOTTED","allotmentid":"RPS071241","allotment_date":1698777000000,"rate_of_allotment":24900,"village_name":"Dhanauri","khasra_no":"1621","longitude":77.61017334,"latitude":28.337761380000003,"authority":"YEIDA","category":"residential","execution_stage":"allotted"}},{"type":"Feature","geometry":{"type":"Polygon","coordinates":[[[77.610263,28.337642],[77.610265,28.337721],[77.61008,28.337723],[77.610079,28.337645],[77.610263,28.337642]]]},"properties":{"objectid":1266,"uniqueplotid":"PLNGRESIDENTIAL1266","plotmap_id":"SECTOR-16_84_E_RESI","plotidentificationnumber":"84","plotno":"84","industrysector":"SECTOR-16","block":"E","plotsize":"162 SQMT","plotsize_at_the_time_of_allotme":"162 SQMT","landuse_type":"RESIDENTIAL","landuse_subcategory":"RESIDENTIAL","scheme_cod":"RPS07","investment":0,"employment":0,"plotstatus":"Allotted","landallotementstatus":"SOLD","landallotementtype":"ALLOTTED","allotmentid":"RPS071404","allotment_date":1698777000000,"rate_of_allotment":24900,"village_name":"Dhanauri","khasra_no":"1621","longitude":77.61017175,"latitude":28.33768284,"authority":"YEIDA","category":"residential","execution_stage":"allotted"}},{"type":"Feature","geometry":{"type":"Polygon","coordinates":[[[77.610262,28.337564],[77.610263,28.337642],[77.610079,28.337645],[77.610077,28.337566],[77.610262,28.337564]]]},"properties":{"objectid":1267,"uniqueplotid":"PLNGRESIDENTIAL1267","plotmap_id":"SECTOR-16_85_E_RESI","plotidentificationnumber":"85","plotno":"85","industrysector":"SECTOR-16","block":"E","plotsize":"162 SQMT","plotsize_at_the_time_of_allotme":"162 SQMT","landuse_type":"RESIDENTIAL","landuse_subcategory":"RESIDENTIAL","scheme_cod":"RPS07","investment":0,"employment":0,"plotstatus":"Allotted","landallotementstatus":"SOLD","landallotementtype":"ALLOTTED","allotmentid":"RPS071265","allotment_date":1698777000000,"rate_of_allotment":24900,"village_name":"Dhanauri","khasra_no":"1621","longitude":77.61017017,"latitude":28.337604289999998,"authority":"YEIDA","category":"residential","execution_stage":"allotted"}},{"type":"Feature","geometry":{"type":"Polygon","coordinates":[[[77.610257,28.337328],[77.610258,28.337407],[77.610074,28.337409],[77.610072,28.337331],[77.610257,28.337328]]]},"properties":{"objectid":1268,"uniqueplotid":"PLNGRESIDENTIAL1268","plotmap_id":"SECTOR-16_88_E_RESI","plotidentificationnumber":"88","plotno":"88","industrysector":"SECTOR-16","block":"E","plotsize":"162 SQMT","plotsize_at_the_time_of_allotme":"162 SQMT","landuse_type":"RESIDENTIAL","landuse_subcategory":"RESIDENTIAL","scheme_cod":"RPS07","investment":0,"employment":0,"plotstatus":"Allotted","landallotementstatus":"SOLD","landallotementtype":"ALLOTTED","allotmentid":"RPS071341","allotment_date":1698777000000,"rate_of_allotment":24900,"village_name":"Dhanauri","khasra_no":"1700,1691,1621","longitude":77.61016541000001,"latitude":28.33736867,"authority":"YEIDA","category":"residential","execution_stage":"allotted"}},{"type":"Feature","geometry":{"type":"Polygon","coordinates":[[[77.610255,28.33725],[77.610257,28.337328],[77.610072,28.337331],[77.610071,28.337252],[77.610255,28.33725]]]},"properties":{"objectid":1269,"uniqueplotid":"PLNGRESIDENTIAL1269","plotmap_id":"SECTOR-16_89_E_RESI","plotidentificationnumber":"89","plotno":"89","industrysector":"SECTOR-16","block":"E","plotsize":"162 SQMT","plotsize_at_the_time_of_allotme":"162 SQMT","landuse_type":"RESIDENTIAL","landuse_subcategory":"RESIDENTIAL","scheme_cod":"RPS07","investment":0,"employment":0,"plotstatus":"Allotted","landallotementstatus":"SOLD","landallotementtype":"ALLOTTED","allotmentid":"RPS071374","allotment_date":1698777000000,"rate_of_allotment":24900,"village_name":"Dhanauri","khasra_no":"1700,1691,1621","longitude":77.61016382,"latitude":28.33729012,"authority":"YEIDA","category":"residential","execution_stage":"allotted"}},{"type":"Feature","geometry":{"type":"Polygon","coordinates":[[[77.610254,28.337171],[77.610255,28.33725],[77.610071,28.337252],[77.610069,28.337174],[77.610254,28.337171]]]},"properties":{"objectid":1270,"uniqueplotid":"PLNGRESIDENTIAL1270","plotmap_id":"SECTOR-16_90_E_RESI","plotidentificationnumber":"90","plotno":"90","industrysector":"SECTOR-16","block":"E","plotsize":"162 SQMT","plotsize_at_the_time_of_allotme":"162 SQMT","landuse_type":"RESIDENTIAL","landuse_subcategory":"RESIDENTIAL","scheme_cod":"RPS07","investment":0,"employment":0,"plotstatus":"Allotted","landallotementstatus":"SOLD","landallotementtype":"ALLOTTED","allotmentid":"RPS071317","allotment_date":1698777000000,"rate_of_allotment":24900,"village_name":"Dhanauri","khasra_no":"1700,1691","longitude":77.61016224000001,"latitude":28.337211579999998,"authority":"YEIDA","category":"residential","execution_stage":"allotted"}},{"type":"Feature","geometry":{"type":"Polygon","coordinates":[[[77.610252,28.337092],[77.610254,28.337171],[77.610069,28.337174],[77.610068,28.337095],[77.610252,28.337092]]]},"properties":{"objectid":1271,"uniqueplotid":"PLNGRESIDENTIAL1271","plotmap_id":"SECTOR-16_91_E_RESI","plotidentificationnumber":"91","plotno":"91","industrysector":"SECTOR-16","block":"E","plotsize":"162 SQMT","plotsize_at_the_time_of_allotme":"162 SQMT","landuse_type":"RESIDENTIAL","landuse_subcategory":"RESIDENTIAL","scheme_cod":"RPS07","investment":0,"employment":0,"plotstatus":"Allotted","landallotementstatus":"SOLD","landallotementtype":"ALLOTTED","allotmentid":"RPS071432","allotment_date":1698777000000,"rate_of_allotment":24900,"village_name":"Dhanauri","khasra_no":"1700","longitude":77.61016065,"latitude":28.33713304,"authority":"YEIDA","category":"residential","execution_stage":"allotted"}},{"type":"Feature","geometry":{"type":"Polygon","coordinates":[[[77.610251,28.337014],[77.610252,28.337092],[77.610068,28.337095],[77.610066,28.337017],[77.610251,28.337014]]]},"properties":{"objectid":1272,"uniqueplotid":"PLNGRESIDENTIAL1272","plotmap_id":"SECTOR-16_92_E_RESI","plotidentificationnumber":"92","plotno":"92","industrysector":"SECTOR-16","block":"E","plotsize":"162 SQMT","plotsize_at_the_time_of_allotme":"162 SQMT","landuse_type":"RESIDENTIAL","landuse_subcategory":"RESIDENTIAL","scheme_cod":"RPS07","investment":0,"employment":0,"plotstatus":"Allotted","landallotementstatus":"SOLD","landallotementtype":"ALLOTTED","allotmentid":"RPS071336","allotment_date":1698777000000,"rate_of_allotment":24900,"village_name":"Dhanauri","khasra_no":"1700","longitude":77.61015906,"latitude":28.3370545,"authority":"YEIDA","category":"residential","execution_stage":"allotted"}},{"type":"Feature","geometry":{"type":"Polygon","coordinates":[[[77.610249,28.336935],[77.610251,28.337014],[77.610066,28.337017],[77.610064,28.336938],[77.610249,28.336935]]]},"properties":{"objectid":1273,"uniqueplotid":"PLNGRESIDENTIAL1273","plotmap_id":"SECTOR-16_93_E_RESI","plotidentificationnumber":"93","plotno":"93","industrysector":"SECTOR-16","block":"E","plotsize":"162 SQMT","plotsize_at_the_time_of_allotme":"162 SQMT","landuse_type":"RESIDENTIAL","landuse_subcategory":"RESIDENTIAL","scheme_cod":"RPS07","investment":0,"employment":0,"plotstatus":"Allotted","landallotementstatus":"SOLD","landallotementtype":"ALLOTTED","allotmentid":"RPS071266","allotment_date":1698777000000,"rate_of_allotment":24900,"village_name":"Dhanauri","khasra_no":"1700","longitude":77.61015748,"latitude":28.33697595,"authority":"YEIDA","category":"residential","execution_stage":"allotted"}},{"type":"Feature","geometry":{"type":"Polygon","coordinates":[[[77.610247,28.336857],[77.610249,28.336935],[77.610064,28.336938],[77.610063,28.336859],[77.610247,28.336857]]]},"properties":{"objectid":1274,"uniqueplotid":"PLNGRESIDENTIAL1274","plotmap_id":"SECTOR-16_94_E_RESI","plotidentificationnumber":"94","plotno":"94","industrysector":"SECTOR-16","block":"E","plotsize":"162 SQMT","plotsize_at_the_time_of_allotme":"162 SQMT","landuse_type":"RESIDENTIAL","landuse_subcategory":"RESIDENTIAL","scheme_cod":"RPS07","investment":0,"employment":0,"plotstatus":"Allotted","landallotementstatus":"SOLD","landallotementtype":"ALLOTTED","allotmentid":"RPS071369","allotment_date":1698777000000,"rate_of_allotment":24900,"village_name":"Dhanauri","khasra_no":"1700","longitude":77.61015589,"latitude":28.33689741,"authority":"YEIDA","category":"residential","execution_stage":"allotted"}},{"type":"Feature","geometry":{"type":"Polygon","coordinates":[[[77.610246,28.336778],[77.610247,28.336857],[77.610063,28.336859],[77.610061,28.336781],[77.610246,28.336778]]]},"properties":{"objectid":1275,"uniqueplotid":"PLNGRESIDENTIAL1275","plotmap_id":"SECTOR-16_95_E_RESI","plotidentificationnumber":"95","plotno":"95","industrysector":"SECTOR-16","block":"E","plotsize":"162 SQMT","plotsize_at_the_time_of_allotme":"162 SQMT","landuse_type":"RESIDENTIAL","landuse_subcategory":"RESIDENTIAL","scheme_cod":"RPS07","investment":0,"employment":0,"plotstatus":"Allotted","landallotementstatus":"SOLD","landallotementtype":"ALLOTTED","allotmentid":"RPS071257","allotment_date":1698777000000,"rate_of_allotment":24900,"village_name":"Dhanauri","khasra_no":"1707,1700,1708","longitude":77.61015431,"latitude":28.336818870000002,"authority":"YEIDA","category":"residential","execution_stage":"allotted"}},{"type":"Feature","geometry":{"type":"Polygon","coordinates":[[[77.610454,28.337954],[77.610456,28.338032],[77.610271,28.338035],[77.61027,28.337956],[77.610454,28.337954]]]},"properties":{"objectid":1276,"uniqueplotid":"PLNGRESIDENTIAL1276","plotmap_id":"SECTOR-16_113_E_RESI","plotidentificationnumber":"113","plotno":"113","industrysector":"SECTOR-16","block":"E","plotsize":"162 SQMT","plotsize_at_the_time_of_allotme":"162 SQMT","landuse_type":"RESIDENTIAL","landuse_subcategory":"RESIDENTIAL","scheme_cod":"RPS07","investment":0,"employment":0,"plotstatus":"Allotted","landallotementstatus":"SOLD","landallotementtype":"ALLOTTED","allotmentid":"RPS071448","allotment_date":1698777000000,"rate_of_allotment":24900,"village_name":"Dhanauri","khasra_no":"1621,1611,1612","longitude":77.61036261999999,"latitude":28.33799432,"authority":"YEIDA","category":"residential","execution_stage":"allotted"}},{"type":"Feature","geometry":{"type":"Polygon","coordinates":[[[77.610452,28.337875],[77.610454,28.337954],[77.61027,28.337956],[77.610268,28.337878],[77.610452,28.337875]]]},"properties":{"objectid":1277,"uniqueplotid":"PLNGRESIDENTIAL1277","plotmap_id":"SECTOR-16_112_E_RESI","plotidentificationnumber":"112","plotno":"112","industrysector":"SECTOR-16","block":"E","plotsize":"162 SQMT","plotsize_at_the_time_of_allotme":"162 SQMT","landuse_type":"RESIDENTIAL","landuse_subcategory":"RESIDENTIAL","scheme_cod":"RPS07","investment":0,"employment":0,"plotstatus":"Allotted","landallotementstatus":"SOLD","landallotementtype":"ALLOTTED","allotmentid":"RPS071350","allotment_date":1698777000000,"rate_of_allotment":24900,"village_name":"Dhanauri","khasra_no":"1621","longitude":77.61036102999999,"latitude":28.33791578,"authority":"YEIDA","category":"residential","execution_stage":"allotted"}},{"type":"Feature","geometry":{"type":"Polygon","coordinates":[[[77.610451,28.337797],[77.610452,28.337875],[77.610268,28.337878],[77.610266,28.337799],[77.610451,28.337797]]]},"properties":{"objectid":1278,"uniqueplotid":"PLNGRESIDENTIAL1278","plotmap_id":"SECTOR-16_111_E_RESI","plotidentificationnumber":"111","plotno":"111","industrysector":"SECTOR-16","block":"E","plotsize":"162 SQMT","plotsize_at_the_time_of_allotme":"162 SQMT","landuse_type":"RESIDENTIAL","landuse_subcategory":"RESIDENTIAL","scheme_cod":"RPS07","investment":0,"employment":0,"plotstatus":"Allotted","landallotementstatus":"SOLD","landallotementtype":"ALLOTTED","allotmentid":"RPS071255","allotment_date":1698777000000,"rate_of_allotment":24900,"village_name":"Dhanauri","khasra_no":"1621","longitude":77.61035944999999,"latitude":28.337837240000002,"authority":"YEIDA","category":"residential","execution_stage":"allotted"}},{"type":"Feature","geometry":{"type":"Polygon","coordinates":[[[77.610449,28.337718],[77.610451,28.337797],[77.610266,28.337799],[77.610265,28.337721],[77.610449,28.337718]]]},"properties":{"objectid":1279,"uniqueplotid":"PLNGRESIDENTIAL1279","plotmap_id":"SECTOR-16_110_E_RESI","plotidentificationnumber":"110","plotno":"110","industrysector":"SECTOR-16","block":"E","plotsize":"162 SQMT","plotsize_at_the_time_of_allotme":"162 SQMT","landuse_type":"RESIDENTIAL","landuse_subcategory":"RESIDENTIAL","scheme_cod":"RPS07","investment":0,"employment":0,"plotstatus":"Allotted","landallotementstatus":"SOLD","landallotementtype":"ALLOTTED","allotmentid":"RPS071451","allotment_date":1698777000000,"rate_of_allotment":24900,"village_name":"Dhanauri","khasra_no":"1621","longitude":77.61035786,"latitude":28.337758700000002,"authority":"YEIDA","category":"residential","execution_stage":"allotted"}},{"type":"Feature","geometry":{"type":"Polygon","coordinates":[[[77.610448,28.33764],[77.610449,28.337718],[77.610265,28.337721],[77.610263,28.337642],[77.610448,28.33764]]]},"properties":{"objectid":1280,"uniqueplotid":"PLNGRESIDENTIAL1280","plotmap_id":"SECTOR-16_109_E_RESI","plotidentificationnumber":"109","plotno":"109","industrysector":"SECTOR-16","block":"E","plotsize":"162 SQMT","plotsize_at_the_time_of_allotme":"162 SQMT","landuse_type":"RESIDENTIAL","landuse_subcategory":"RESIDENTIAL","scheme_cod":"RPS07","investment":0,"employment":0,"plotstatus":"Allotted","landallotementstatus":"SOLD","landallotementtype":"ALLOTTED","allotmentid":"RPS071392","allotment_date":1698777000000,"rate_of_allotment":24900,"village_name":"Dhanauri","khasra_no":"1700,1691,1621","longitude":77.61035627,"latitude":28.337680149999997,"authority":"YEIDA","category":"residential","execution_stage":"allotted"}},{"type":"Feature","geometry":{"type":"Polygon","coordinates":[[[77.610446,28.337561],[77.610448,28.33764],[77.610263,28.337642],[77.610262,28.337564],[77.610446,28.337561]]]},"properties":{"objectid":1281,"uniqueplotid":"PLNGRESIDENTIAL1281","plotmap_id":"SECTOR-16_108_E_RESI","plotidentificationnumber":"108","plotno":"108","industrysector":"SECTOR-16","block":"E","plotsize":"162 SQMT","plotsize_at_the_time_of_allotme":"162 SQMT","landuse_type":"RESIDENTIAL","landuse_subcategory":"RESIDENTIAL","scheme_cod":"RPS07","investment":0,"employment":0,"plotstatus":"Allotted","landallotementstatus":"SOLD","landallotementtype":"ALLOTTED","allotmentid":"RPS071252","allotment_date":1698777000000,"rate_of_allotment":24900,"village_name":"Dhanauri","khasra_no":"1700,1691,1621","longitude":77.61035469,"latitude":28.33760161,"authority":"YEIDA","category":"residential","execution_stage":"allotted"}},{"type":"Feature","geometry":{"type":"Polygon","coordinates":[[[77.610441,28.337325],[77.610443,28.337404],[77.610258,28.337407],[77.610257,28.337328],[77.610441,28.337325]]]},"properties":{"objectid":1282,"uniqueplotid":"PLNGRESIDENTIAL1282","plotmap_id":"SECTOR-16_105_E_RESI","plotidentificationnumber":"105","plotno":"105","industrysector":"SECTOR-16","block":"E","plotsize":"162 SQMT","plotsize_at_the_time_of_allotme":"162 SQMT","landuse_type":"RESIDENTIAL","landuse_subcategory":"RESIDENTIAL","scheme_cod":"RPS07","investment":0,"employment":0,"plotstatus":"Allotted","landallotementstatus":"SOLD","landallotementtype":"ALLOTTED","allotmentid":"RPS071278","allotment_date":1698777000000,"rate_of_allotment":24900,"village_name":"Dhanauri","khasra_no":"1700","longitude":77.61034993,"latitude":28.337365979999998,"authority":"YEIDA","category":"residential","execution_stage":"allotted"}},{"type":"Feature","geometry":{"type":"Polygon","coordinates":[[[77.61044,28.337247],[77.610441,28.337325],[77.610257,28.337328],[77.610255,28.33725],[77.61044,28.337247]]]},"properties":{"objectid":1283,"uniqueplotid":"PLNGRESIDENTIAL1283","plotmap_id":"SECTOR-16_104_E_RESI","plotidentificationnumber":"104","plotno":"104","industrysector":"SECTOR-16","block":"E","plotsize":"162 SQMT","plotsize_at_the_time_of_allotme":"162 SQMT","landuse_type":"RESIDENTIAL","landuse_subcategory":"RESIDENTIAL","scheme_cod":"RPS07","investment":0,"employment":0,"plotstatus":"Allotted","landallotementstatus":"SOLD","landallotementtype":"ALLOTTED","allotmentid":"RPS071209","allotment_date":1698777000000,"rate_of_allotment":24900,"village_name":"Dhanauri","khasra_no":"1700","longitude":77.61034834,"latitude":28.33728744,"authority":"YEIDA","category":"residential","execution_stage":"allotted"}},{"type":"Feature","geometry":{"type":"Polygon","coordinates":[[[77.610438,28.337168],[77.61044,28.337247],[77.610255,28.33725],[77.610254,28.337171],[77.610438,28.337168]]]},"properties":{"objectid":1284,"uniqueplotid":"PLNGRESIDENTIAL1284","plotmap_id":"SECTOR-16_103_E_RESI","plotidentificationnumber":"103","plotno":"103","industrysector":"SECTOR-16","block":"E","plotsize":"162 SQMT","plotsize_at_the_time_of_allotme":"162 SQMT","landuse_type":"RESIDENTIAL","landuse_subcategory":"RESIDENTIAL","scheme_cod":"RPS07","investment":0,"employment":0,"plotstatus":"Allotted","landallotementstatus":"SOLD","landallotementtype":"ALLOTTED","allotmentid":"RPS071233","allotment_date":1698777000000,"rate_of_allotment":24900,"village_name":"Dhanauri","khasra_no":"1700","longitude":77.61034676,"latitude":28.3372089,"authority":"YEIDA","category":"residential","execution_stage":"allotted"}},{"type":"Feature","geometry":{"type":"Polygon","coordinates":[[[77.610435,28.337011],[77.610437,28.33709],[77.610252,28.337092],[77.610251,28.337014],[77.610435,28.337011]]]},"properties":{"objectid":1285,"uniqueplotid":"PLNGRESIDENTIAL1285","plotmap_id":"SECTOR-16_101_E_RESI","plotidentificationnumber":"101","plotno":"101","industrysector":"SECTOR-16","block":"E","plotsize":"162 SQMT","plotsize_at_the_time_of_allotme":"162 SQMT","landuse_type":"RESIDENTIAL","landuse_subcategory":"RESIDENTIAL","scheme_cod":"RPS07","investment":0,"employment":0,"plotstatus":"Allotted","landallotementstatus":"SOLD","landallotementtype":"ALLOTTED","allotmentid":"RPS071238","allotment_date":1698777000000,"rate_of_allotment":24900,"village_name":"Dhanauri","khasra_no":"1700","longitude":77.61034357999999,"latitude":28.33705181,"authority":"YEIDA","category":"residential","execution_stage":"allotted"}},{"type":"Feature","geometry":{"type":"Polygon","coordinates":[[[77.610433,28.336933],[77.610435,28.337011],[77.610251,28.337014],[77.610249,28.336935],[77.610433,28.336933]]]},"properties":{"objectid":1286,"uniqueplotid":"PLNGRESIDENTIAL1286","plotmap_id":"SECTOR-16_100_E_RESI","plotidentificationnumber":"100","plotno":"100","industrysector":"SECTOR-16","block":"E","plotsize":"162 SQMT","plotsize_at_the_time_of_allotme":"162 SQMT","landuse_type":"RESIDENTIAL","landuse_subcategory":"RESIDENTIAL","scheme_cod":"RPS07","investment":0,"employment":0,"plotstatus":"Allotted","landallotementstatus":"SOLD","landallotementtype":"ALLOTTED","allotmentid":"RPS071253","allotment_date":1698777000000,"rate_of_allotment":24900,"village_name":"Dhanauri","khasra_no":"1700","longitude":77.61034199999999,"latitude":28.33697327,"authority":"YEIDA","category":"residential","execution_stage":"allotted"}},{"type":"Feature","geometry":{"type":"Polygon","coordinates":[[[77.610432,28.336854],[77.610433,28.336933],[77.610249,28.336935],[77.610247,28.336857],[77.610432,28.336854]]]},"properties":{"objectid":1287,"uniqueplotid":"PLNGRESIDENTIAL1287","plotmap_id":"SECTOR-16_99_E_RESI","plotidentificationnumber":"99","plotno":"99","industrysector":"SECTOR-16","block":"E","plotsize":"162 SQMT","plotsize_at_the_time_of_allotme":"162 SQMT","landuse_type":"RESIDENTIAL","landuse_subcategory":"RESIDENTIAL","scheme_cod":"RPS07","investment":0,"employment":0,"plotstatus":"Allotted","landallotementstatus":"SOLD","landallotementtype":"ALLOTTED","allotmentid":"RPS071217","allotment_date":1698777000000,"rate_of_allotment":24900,"village_name":"Dhanauri","khasra_no":"1700","longitude":77.61034040999999,"latitude":28.33689473,"authority":"YEIDA","category":"residential","execution_stage":"allotted"}},{"type":"Feature","geometry":{"type":"Polygon","coordinates":[[[77.61043,28.336776],[77.610432,28.336854],[77.610247,28.336857],[77.610246,28.336778],[77.61043,28.336776]]]},"properties":{"objectid":1288,"uniqueplotid":"PLNGRESIDENTIAL1288","plotmap_id":"SECTOR-16_98_E_RESI","plotidentificationnumber":"98","plotno":"98","industrysector":"SECTOR-16","block":"E","plotsize":"162 SQMT","plotsize_at_the_time_of_allotme":"162 SQMT","landuse_type":"RESIDENTIAL","landuse_subcategory":"RESIDENTIAL","scheme_cod":"RPS07","investment":0,"employment":0,"plotstatus":"Allotted","landallotementstatus":"SOLD","landallotementtype":"ALLOTTED","allotmentid":"RPS071298","allotment_date":1698777000000,"rate_of_allotment":24900,"village_name":"Dhanauri","khasra_no":"1700","longitude":77.61033882999999,"latitude":28.33681619,"authority":"YEIDA","category":"residential","execution_stage":"allotted"}},{"type":"Feature","geometry":{"type":"Polygon","coordinates":[[[77.609775,28.335791],[77.609778,28.335952],[77.609667,28.335954],[77.609663,28.335792],[77.609775,28.335791]]]},"properties":{"objectid":1341,"uniqueplotid":"PLNGRESIDENTIAL1341","plotmap_id":"SECTOR-16_98_F_RESI","plotidentificationnumber":"98","plotno":"98","industrysector":"SECTOR-16","block":"F","plotsize":"200 SQMT","plotsize_at_the_time_of_allotme":"200 SQMT","landuse_type":"RESIDENTIAL","landuse_subcategory":"RESIDENTIAL","scheme_cod":"RPS07","investment":0,"employment":0,"plotstatus":"Allotted","landallotementstatus":"SOLD","landallotementtype":"ALLOTTED","allotmentid":"RPS071723","allotment_date":1698777000000,"rate_of_allotment":24900,"village_name":"Dhanauri","khasra_no":"1710,1711","longitude":77.60972053,"latitude":28.33587228,"authority":"YEIDA","category":"residential","execution_stage":"allotted"}},{"type":"Feature","geometry":{"type":"Polygon","coordinates":[[[77.609663,28.335792],[77.609667,28.335954],[77.609557,28.335955],[77.609556,28.335794],[77.609663,28.335792]]]},"properties":{"objectid":1342,"uniqueplotid":"PLNGRESIDENTIAL1342","plotmap_id":"SECTOR-16_99_F_RESI","plotidentificationnumber":"99","plotno":"99","industrysector":"SECTOR-16","block":"F","plotsize":"200 SQMT","plotsize_at_the_time_of_allotme":"200 SQMT","landuse_type":"RESIDENTIAL","landuse_subcategory":"RESIDENTIAL","scheme_cod":"RPS07","investment":0,"employment":0,"plotstatus":"Allotted","landallotementstatus":"SOLD","landallotementtype":"ALLOTTED","allotmentid":"RPS071757","allotment_date":1698777000000,"rate_of_allotment":24900,"village_name":"Dhanauri","khasra_no":"1710,1709,1711","longitude":77.60961102,"latitude":28.335874,"authority":"YEIDA","category":"residential","execution_stage":"allotted"}},{"type":"Feature","geometry":{"type":"Polygon","coordinates":[[[77.609556,28.335794],[77.609557,28.335955],[77.609444,28.335957],[77.609441,28.335796],[77.609556,28.335794]]]},"properties":{"objectid":1343,"uniqueplotid":"PLNGRESIDENTIAL1343","plotmap_id":"SECTOR-16_100_F_RESI","plotidentificationnumber":"100","plotno":"100","industrysector":"SECTOR-16","block":"F","plotsize":"200 SQMT","plotsize_at_the_time_of_allotme":"200 SQMT","landuse_type":"RESIDENTIAL","landuse_subcategory":"RESIDENTIAL","scheme_cod":"RPS07","investment":0,"employment":0,"plotstatus":"Allotted","landallotementstatus":"SOLD","landallotementtype":"ALLOTTED","allotmentid":"RPS071907","allotment_date":1698777000000,"rate_of_allotment":24900,"village_name":"Dhanauri","khasra_no":"1711","longitude":77.60949927,"latitude":28.33587537,"authority":"YEIDA","category":"residential","execution_stage":"allotted"}},{"type":"Feature","geometry":{"type":"Polygon","coordinates":[[[77.609441,28.335796],[77.609444,28.335957],[77.609333,28.335959],[77.60933,28.335797],[77.609441,28.335796]]]},"properties":{"objectid":1344,"uniqueplotid":"PLNGRESIDENTIAL1344","plotmap_id":"SECTOR-16_101_F_RESI","plotidentificationnumber":"101","plotno":"101","industrysector":"SECTOR-16","block":"F","plotsize":"200 SQMT","plotsize_at_the_time_of_allotme":"200 SQMT","landuse_type":"RESIDENTIAL","landuse_subcategory":"RESIDENTIAL","scheme_cod":"RPS07","investment":0,"employment":0,"plotstatus":"Allotted","landallotementstatus":"SOLD","landallotementtype":"ALLOTTED","allotmentid":"RPS071886","allotment_date":1698777000000,"rate_of_allotment":24900,"village_name":"Dhanauri","khasra_no":"1711,1712","longitude":77.60938679,"latitude":28.33587713,"authority":"YEIDA","category":"residential","execution_stage":"allotted"}},{"type":"Feature","geometry":{"type":"Polygon","coordinates":[[[77.609444,28.335957],[77.609447,28.336119],[77.609336,28.33612],[77.609333,28.335959],[77.609444,28.335957]]]},"properties":{"objectid":1345,"uniqueplotid":"PLNGRESIDENTIAL1345","plotmap_id":"SECTOR-16_104_F_RESI","plotidentificationnumber":"104","plotno":"104","industrysector":"SECTOR-16","block":"F","plotsize":"200 SQMT","plotsize_at_the_time_of_allotme":"200 SQMT","landuse_type":"RESIDENTIAL","landuse_subcategory":"RESIDENTIAL","scheme_cod":"RPS07","investment":0,"employment":0,"plotstatus":"Allotted","landallotementstatus":"SOLD","landallotementtype":"ALLOTTED","allotmentid":"RPS071816","allotment_date":1698777000000,"rate_of_allotment":24900,"village_name":"Dhanauri","khasra_no":"1709,1711,1712","longitude":77.60939005,"latitude":28.336038709999997,"authority":"YEIDA","category":"residential","execution_stage":"allotted"}},{"type":"Feature","geometry":{"type":"Polygon","coordinates":[[[77.609557,28.335955],[77.609559,28.336117],[77.609447,28.336119],[77.609444,28.335957],[77.609557,28.335955]]]},"properties":{"objectid":1346,"uniqueplotid":"PLNGRESIDENTIAL1346","plotmap_id":"SECTOR-16_105_F_RESI","plotidentificationnumber":"105","plotno":"105","industrysector":"SECTOR-16","block":"F","plotsize":"200 SQMT","plotsize_at_the_time_of_allotme":"200 SQMT","landuse_type":"RESIDENTIAL","landuse_subcategory":"RESIDENTIAL","scheme_cod":"RPS07","investment":0,"employment":0,"plotstatus":"Allotted","landallotementstatus":"SOLD","landallotementtype":"ALLOTTED","allotmentid":"RPS071896","allotment_date":1698777000000,"rate_of_allotment":24900,"village_name":"Dhanauri","khasra_no":"1709,1711,1712","longitude":77.60950154,"latitude":28.336036959999998,"authority":"YEIDA","category":"residential","execution_stage":"allotted"}},{"type":"Feature","geometry":{"type":"Polygon","coordinates":[[[77.609667,28.335954],[77.60967,28.336115],[77.609559,28.336117],[77.609557,28.335955],[77.609667,28.335954]]]},"properties":{"objectid":1347,"uniqueplotid":"PLNGRESIDENTIAL1347","plotmap_id":"SECTOR-16_106_F_RESI","plotidentificationnumber":"106","plotno":"106","industrysector":"SECTOR-16","block":"F","plotsize":"200 SQMT","plotsize_at_the_time_of_allotme":"200 SQMT","landuse_type":"RESIDENTIAL","landuse_subcategory":"RESIDENTIAL","scheme_cod":"RPS07","investment":0,"employment":0,"plotstatus":"Allotted","landallotementstatus":"SOLD","landallotementtype":"ALLOTTED","allotmentid":"RPS071570","allotment_date":1698777000000,"rate_of_allotment":24900,"village_name":"Dhanauri","khasra_no":"1710,1709,1711","longitude":77.60961329,"latitude":28.336035589999998,"authority":"YEIDA","category":"residential","execution_stage":"allotted"}},{"type":"Feature","geometry":{"type":"Polygon","coordinates":[[[77.609778,28.335952],[77.609781,28.336114],[77.60967,28.336115],[77.609667,28.335954],[77.609778,28.335952]]]},"properties":{"objectid":1348,"uniqueplotid":"PLNGRESIDENTIAL1348","plotmap_id":"SECTOR-16_107_F_RESI","plotidentificationnumber":"107","plotno":"107","industrysector":"SECTOR-16","block":"F","plotsize":"200 SQMT","plotsize_at_the_time_of_allotme":"200 SQMT","landuse_type":"RESIDENTIAL","landuse_subcategory":"RESIDENTIAL","scheme_cod":"RPS07","investment":0,"employment":0,"plotstatus":"Allotted","landallotementstatus":"SOLD","landallotementtype":"ALLOTTED","allotmentid":"RPS071752","allotment_date":1698777000000,"rate_of_allotment":24900,"village_name":"Dhanauri","khasra_no":"1710,1709","longitude":77.60972379,"latitude":28.336033859999997,"authority":"YEIDA","category":"residential","execution_stage":"allotted"}},{"type":"Feature","geometry":{"type":"Polygon","coordinates":[[[77.609449,28.336226],[77.609453,28.336388],[77.609342,28.33639],[77.609338,28.336228],[77.609449,28.336226]]]},"properties":{"objectid":1349,"uniqueplotid":"PLNGRESIDENTIAL1349","plotmap_id":"SECTOR-16_113_F_RESI","plotidentificationnumber":"113","plotno":"113","industrysector":"SECTOR-16","block":"F","plotsize":"200 SQMT","plotsize_at_the_time_of_allotme":"200 SQMT","landuse_type":"RESIDENTIAL","landuse_subcategory":"RESIDENTIAL","scheme_cod":"RPS07","investment":0,"employment":0,"plotstatus":"Allotted","landallotementstatus":"SOLD","landallotementtype":"ALLOTTED","allotmentid":"RPS071528","allotment_date":1698777000000,"rate_of_allotment":24900,"village_name":"Dhanauri","khasra_no":"1709","longitude":77.60939557,"latitude":28.336307960000003,"authority":"YEIDA","category":"residential","execution_stage":"allotted"}},{"type":"Feature","geometry":{"type":"Polygon","coordinates":[[[77.609561,28.336225],[77.609564,28.336386],[77.609453,28.336388],[77.609449,28.336226],[77.609561,28.336225]]]},"properties":{"objectid":1350,"uniqueplotid":"PLNGRESIDENTIAL1350","plotmap_id":"SECTOR-16_112_F_RESI","plotidentificationnumber":"112","plotno":"112","industrysector":"SECTOR-16","block":"F","plotsize":"200 SQMT","plotsize_at_the_time_of_allotme":"200 SQMT","landuse_type":"RESIDENTIAL","landuse_subcategory":"RESIDENTIAL","scheme_cod":"RPS07","investment":0,"employment":0,"plotstatus":"Allotted","landallotementstatus":"SOLD","landallotementtype":"ALLOTTED","allotmentid":"RPS071518","allotment_date":1698777000000,"rate_of_allotment":24900,"village_name":"Dhanauri","khasra_no":"1709","longitude":77.60950674,"latitude":28.33630638,"authority":"YEIDA","category":"residential","execution_stage":"allotted"}},{"type":"Feature","geometry":{"type":"Polygon","coordinates":[[[77.609672,28.336223],[77.609675,28.336385],[77.609564,28.336386],[77.609561,28.336225],[77.609672,28.336223]]]},"properties":{"objectid":1351,"uniqueplotid":"PLNGRESIDENTIAL1351","plotmap_id":"SECTOR-16_111_F_RESI","plotidentificationnumber":"111","plotno":"111","industrysector":"SECTOR-16","block":"F","plotsize":"200 SQMT","plotsize_at_the_time_of_allotme":"200 SQMT","landuse_type":"RESIDENTIAL","landuse_subcategory":"RESIDENTIAL","scheme_cod":"RPS07","investment":0,"employment":0,"plotstatus":"Allotted","landallotementstatus":"SOLD","landallotementtype":"ALLOTTED","allotmentid":"RPS071580","allotment_date":1698777000000,"rate_of_allotment":24900,"village_name":"Dhanauri","khasra_no":"1709","longitude":77.60961798,"latitude":28.33630476,"authority":"YEIDA","category":"residential","execution_stage":"allotted"}},{"type":"Feature","geometry":{"type":"Polygon","coordinates":[[[77.609783,28.336222],[77.609786,28.336383],[77.609675,28.336385],[77.609672,28.336223],[77.609783,28.336222]]]},"properties":{"objectid":1352,"uniqueplotid":"PLNGRESIDENTIAL1352","plotmap_id":"SECTOR-16_110_F_RESI","plotidentificationnumber":"110","plotno":"110","industrysector":"SECTOR-16","block":"F","plotsize":"200 SQMT","plotsize_at_the_time_of_allotme":"200 SQMT","landuse_type":"RESIDENTIAL","landuse_subcategory":"RESIDENTIAL","scheme_cod":"RPS07","investment":0,"employment":0,"plotstatus":"Allotted","landallotementstatus":"SOLD","landallotementtype":"ALLOTTED","allotmentid":"RPS071686","allotment_date":1698777000000,"rate_of_allotment":24900,"village_name":"Dhanauri","khasra_no":"1709","longitude":77.60972923,"latitude":28.336303150000003,"authority":"YEIDA","category":"residential","execution_stage":"allotted"}},{"type":"Feature","geometry":{"type":"Polygon","coordinates":[[[77.609453,28.336388],[77.609456,28.33655],[77.609346,28.336551],[77.609342,28.33639],[77.609453,28.336388]]]},"properties":{"objectid":1353,"uniqueplotid":"PLNGRESIDENTIAL1353","plotmap_id":"SECTOR-16_116_F_RESI","plotidentificationnumber":"116","plotno":"116","industrysector":"SECTOR-16","block":"F","plotsize":"200 SQMT","plotsize_at_the_time_of_allotme":"200 SQMT","landuse_type":"RESIDENTIAL","landuse_subcategory":"RESIDENTIAL","scheme_cod":"RPS07","investment":0,"employment":0,"plotstatus":"Allotted","landallotementstatus":"SOLD","landallotementtype":"ALLOTTED","allotmentid":"RPS071771","allotment_date":1698777000000,"rate_of_allotment":24900,"village_name":"Dhanauri","khasra_no":"1709,1648,1623","longitude":77.60939917,"latitude":28.336469530000002,"authority":"YEIDA","category":"residential","execution_stage":"allotted"}},{"type":"Feature","geometry":{"type":"Polygon","coordinates":[[[77.609564,28.336386],[77.609567,28.336548],[77.609456,28.33655],[77.609453,28.336388],[77.609564,28.336386]]]},"properties":{"objectid":1354,"uniqueplotid":"PLNGRESIDENTIAL1354","plotmap_id":"SECTOR-16_117_F_RESI","plotidentificationnumber":"117","plotno":"117","industrysector":"SECTOR-16","block":"F","plotsize":"200 SQMT","plotsize_at_the_time_of_allotme":"200 SQMT","landuse_type":"RESIDENTIAL","landuse_subcategory":"RESIDENTIAL","scheme_cod":"RPS07","investment":0,"employment":0,"plotstatus":"Allotted","landallotementstatus":"SOLD","landallotementtype":"ALLOTTED","allotmentid":"RPS071784","allotment_date":1698777000000,"rate_of_allotment":24900,"village_name":"Dhanauri","khasra_no":"1709","longitude":77.60951,"latitude":28.33646796,"authority":"YEIDA","category":"residential","execution_stage":"allotted"}},{"type":"Feature","geometry":{"type":"Polygon","coordinates":[[[77.609675,28.336385],[77.609679,28.336546],[77.609567,28.336548],[77.609564,28.336386],[77.609675,28.336385]]]},"properties":{"objectid":1355,"uniqueplotid":"PLNGRESIDENTIAL1355","plotmap_id":"SECTOR-16_118_F_RESI","plotidentificationnumber":"118","plotno":"118","industrysector":"SECTOR-16","block":"F","plotsize":"200 SQMT","plotsize_at_the_time_of_allotme":"200 SQMT","landuse_type":"RESIDENTIAL","landuse_subcategory":"RESIDENTIAL","scheme_cod":"RPS07","investment":0,"employment":0,"plotstatus":"Allotted","landallotementstatus":"SOLD","landallotementtype":"ALLOTTED","allotmentid":"RPS071917","allotment_date":1698777000000,"rate_of_allotment":24900,"village_name":"Dhanauri","khasra_no":"1709","longitude":77.60962125,"latitude":28.33646634,"authority":"YEIDA","category":"residential","execution_stage":"allotted"}},{"type":"Feature","geometry":{"type":"Polygon","coordinates":[[[77.609786,28.336383],[77.60979,28.336545],[77.609679,28.336546],[77.609675,28.336385],[77.609786,28.336383]]]},"properties":{"objectid":1356,"uniqueplotid":"PLNGRESIDENTIAL1356","plotmap_id":"SECTOR-16_119_F_RESI","plotidentificationnumber":"119","plotno":"119","industrysector":"SECTOR-16","block":"F","plotsize":"200 SQMT","plotsize_at_the_time_of_allotme":"200 SQMT","landuse_type":"RESIDENTIAL","landuse_subcategory":"RESIDENTIAL","scheme_cod":"RPS07","investment":0,"employment":0,"plotstatus":"Allotted","landallotementstatus":"SOLD","landallotementtype":"ALLOTTED","allotmentid":"RPS071834","allotment_date":1698777000000,"rate_of_allotment":24900,"village_name":"Dhanauri","khasra_no":"1709","longitude":77.60973249,"latitude":28.336464720000002,"authority":"YEIDA","category":"residential","execution_stage":"allotted"}},{"type":"Feature","geometry":{"type":"Polygon","coordinates":[[[77.610398,28.335194],[77.6104,28.335284],[77.610202,28.335287],[77.6102,28.335197],[77.610398,28.335194]]]},"properties":{"objectid":1357,"uniqueplotid":"PLNGRESIDENTIAL1357","plotmap_id":"SECTOR-16_65_F_RESI","plotidentificationnumber":"65","plotno":"65","industrysector":"SECTOR-16","block":"F","plotsize":"200 SQMT","plotsize_at_the_time_of_allotme":"200 SQMT","landuse_type":"RESIDENTIAL","landuse_subcategory":"RESIDENTIAL","scheme_cod":"RPS07","investment":0,"employment":0,"plotstatus":"Allotted","landallotementstatus":"SOLD","landallotementtype":"ALLOTTED","allotmentid":"RPS071697","allotment_date":1698777000000,"rate_of_allotment":24900,"village_name":"Dhanauri","khasra_no":"1720,1721","longitude":77.61029994,"latitude":28.335240640000002,"authority":"YEIDA","category":"residential","execution_stage":"allotted"}},{"type":"Feature","geometry":{"type":"Polygon","coordinates":[[[77.610404,28.335464],[77.610406,28.335553],[77.610207,28.335556],[77.610205,28.335466],[77.610404,28.335464]]]},"properties":{"objectid":1358,"uniqueplotid":"PLNGRESIDENTIAL1358","plotmap_id":"SECTOR-16_68_F_RESI","plotidentificationnumber":"68","plotno":"68","industrysector":"SECTOR-16","block":"F","plotsize":"200 SQMT","plotsize_at_the_time_of_allotme":"200 SQMT","landuse_type":"RESIDENTIAL","landuse_subcategory":"RESIDENTIAL","scheme_cod":"RPS07","investment":0,"employment":0,"plotstatus":"Allotted","landallotementstatus":"SOLD","landallotementtype":"ALLOTTED","allotmentid":"RPS071595","allotment_date":1698777000000,"rate_of_allotment":24900,"village_name":"Dhanauri","khasra_no":"1720,1719","longitude":77.61030538,"latitude":28.33550993,"authority":"YEIDA","category":"residential","execution_stage":"allotted"}},{"type":"Feature","geometry":{"type":"Polygon","coordinates":[[[77.6104,28.335284],[77.610402,28.335374],[77.610203,28.335377],[77.610202,28.335287],[77.6104,28.335284]]]},"properties":{"objectid":1359,"uniqueplotid":"PLNGRESIDENTIAL1359","plotmap_id":"SECTOR-16_66_F_RESI","plotidentificationnumber":"66","plotno":"66","industrysector":"SECTOR-16","block":"F","plotsize":"200 SQMT","plotsize_at_the_time_of_allotme":"200 SQMT","landuse_type":"RESIDENTIAL","landuse_subcategory":"RESIDENTIAL","scheme_cod":"RPS07","investment":0,"employment":0,"plotstatus":"Allotted","landallotementstatus":"SOLD","landallotementtype":"ALLOTTED","allotmentid":"RPS071693","allotment_date":1698777000000,"rate_of_allotment":24900,"village_name":"Dhanauri","khasra_no":"1720,1721","longitude":77.61030174999999,"latitude":28.33533041,"authority":"YEIDA","category":"residential","execution_stage":"allotted"}},{"type":"Feature","geometry":{"type":"Polygon","coordinates":[[[77.610402,28.335374],[77.610404,28.335464],[77.610205,28.335466],[77.610203,28.335377],[77.610402,28.335374]]]},"properties":{"objectid":1360,"uniqueplotid":"PLNGRESIDENTIAL1360","plotmap_id":"SECTOR-16_67_F_RESI","plotidentificationnumber":"67","plotno":"67","industrysector":"SECTOR-16","block":"F","plotsize":"200 SQMT","plotsize_at_the_time_of_allotme":"200 SQMT","landuse_type":"RESIDENTIAL","landuse_subcategory":"RESIDENTIAL","scheme_cod":"RPS07","investment":0,"employment":0,"plotstatus":"Allotted","landallotementstatus":"SOLD","landallotementtype":"ALLOTTED","allotmentid":"RPS071687","allotment_date":1698777000000,"rate_of_allotment":24900,"village_name":"Dhanauri","khasra_no":"1720","longitude":77.61030355999999,"latitude":28.33542017,"authority":"YEIDA","category":"residential","execution_stage":"allotted"}},{"type":"Feature","geometry":{"type":"Polygon","coordinates":[[[77.610848,28.335798],[77.61085,28.335888],[77.610651,28.335891],[77.610649,28.335801],[77.610848,28.335798]]]},"properties":{"objectid":1361,"uniqueplotid":"PLNGRESIDENTIAL1361","plotmap_id":"SECTOR-16_180_G_RESI","plotidentificationnumber":"180","plotno":"180","industrysector":"SECTOR-16","block":"G","plotsize":"200 SQMT","plotsize_at_the_time_of_allotme":"200 SQMT","landuse_type":"RESIDENTIAL","landuse_subcategory":"RESIDENTIAL","scheme_cod":"RPS07","investment":0,"employment":0,"plotstatus":"Allotted","landallotementstatus":"SOLD","landallotementtype":"ALLOTTED","allotmentid":"RPS071700","allotment_date":1698777000000,"rate_of_allotment":24900,"village_name":"Dhanauri","khasra_no":"1718,1720","longitude":77.6107493,"latitude":28.335844679999997,"authority":"YEIDA","category":"residential","execution_stage":"allotted"}},{"type":"Feature","geometry":{"type":"Polygon","coordinates":[[[77.610411,28.335823],[77.610413,28.335912],[77.610214,28.335915],[77.610212,28.335826],[77.610411,28.335823]]]},"properties":{"objectid":1362,"uniqueplotid":"PLNGRESIDENTIAL1362","plotmap_id":"SECTOR-16_72_F_RESI","plotidentificationnumber":"72","plotno":"72","industrysector":"SECTOR-16","block":"F","plotsize":"200 SQMT","plotsize_at_the_time_of_allotme":"200 SQMT","landuse_type":"RESIDENTIAL","landuse_subcategory":"RESIDENTIAL","scheme_cod":"RPS07","investment":0,"employment":0,"plotstatus":"Allotted","landallotementstatus":"SOLD","landallotementtype":"ALLOTTED","allotmentid":"RPS071455","allotment_date":1698777000000,"rate_of_allotment":24900,"village_name":"Dhanauri","khasra_no":"1710,1719,1717","longitude":77.61031263,"latitude":28.335868989999998,"authority":"YEIDA","category":"residential","execution_stage":"allotted"}},{"type":"Feature","geometry":{"type":"Polygon","coordinates":[[[77.610407,28.335643],[77.610409,28.335733],[77.610211,28.335736],[77.610209,28.335646],[77.610407,28.335643]]]},"properties":{"objectid":1363,"uniqueplotid":"PLNGRESIDENTIAL1363","plotmap_id":"SECTOR-16_70_F_RESI","plotidentificationnumber":"70","plotno":"70","industrysector":"SECTOR-16","block":"F","plotsize":"200 SQMT","plotsize_at_the_time_of_allotme":"200 SQMT","landuse_type":"RESIDENTIAL","landuse_subcategory":"RESIDENTIAL","scheme_cod":"RPS07","investment":0,"employment":0,"plotstatus":"Allotted","landallotementstatus":"SOLD","landallotementtype":"ALLOTTED","allotmentid":"RPS071503","allotment_date":1698777000000,"rate_of_allotment":24900,"village_name":"Dhanauri","khasra_no":"1720,1719,1717","longitude":77.610309,"latitude":28.33568946,"authority":"YEIDA","category":"residential","execution_stage":"allotted"}},{"type":"Feature","geometry":{"type":"Polygon","coordinates":[[[77.610846,28.335709],[77.610848,28.335798],[77.610649,28.335801],[77.610647,28.335711],[77.610846,28.335709]]]},"properties":{"objectid":1364,"uniqueplotid":"PLNGRESIDENTIAL1364","plotmap_id":"SECTOR-16_179_G_RESI","plotidentificationnumber":"179","plotno":"179","industrysector":"SECTOR-16","block":"G","plotsize":"200 SQMT","plotsize_at_the_time_of_allotme":"200 SQMT","landuse_type":"RESIDENTIAL","landuse_subcategory":"RESIDENTIAL","scheme_cod":"RPS07","investment":0,"employment":0,"plotstatus":"Allotted","landallotementstatus":"SOLD","landallotementtype":"ALLOTTED","allotmentid":"RPS071549","allotment_date":1698777000000,"rate_of_allotment":24900,"village_name":"Dhanauri","khasra_no":"1718,1720,1721","longitude":77.61074749,"latitude":28.33575492,"authority":"YEIDA","category":"residential","execution_stage":"allotted"}},{"type":"Feature","geometry":{"type":"Polygon","coordinates":[[[77.610409,28.335733],[77.610411,28.335823],[77.610212,28.335826],[77.610211,28.335736],[77.610409,28.335733]]]},"properties":{"objectid":1365,"uniqueplotid":"PLNGRESIDENTIAL1365","plotmap_id":"SECTOR-16_71_F_RESI","plotidentificationnumber":"71","plotno":"71","industrysector":"SECTOR-16","block":"F","plotsize":"200 SQMT","plotsize_at_the_time_of_allotme":"200 SQMT","landuse_type":"RESIDENTIAL","landuse_subcategory":"RESIDENTIAL","scheme_cod":"RPS07","investment":0,"employment":0,"plotstatus":"Allotted","landallotementstatus":"SOLD","landallotementtype":"ALLOTTED","allotmentid":"RPS071911","allotment_date":1698777000000,"rate_of_allotment":24900,"village_name":"Dhanauri","khasra_no":"1710,1719,1717","longitude":77.61031081,"latitude":28.33577923,"authority":"YEIDA","category":"residential","execution_stage":"allotted"}},{"type":"Feature","geometry":{"type":"Polygon","coordinates":[[[77.61085,28.335888],[77.610851,28.335978],[77.610653,28.335981],[77.610651,28.335891],[77.61085,28.335888]]]},"properties":{"objectid":1366,"uniqueplotid":"PLNGRESIDENTIAL1366","plotmap_id":"SECTOR-16_181_G_RESI","plotidentificationnumber":"181","plotno":"181","industrysector":"SECTOR-16","block":"G","plotsize":"200 SQMT","plotsize_at_the_time_of_allotme":"200 SQMT","landuse_type":"RESIDENTIAL","landuse_subcategory":"RESIDENTIAL","scheme_cod":"RPS07","investment":0,"employment":0,"plotstatus":"Allotted","landallotementstatus":"SOLD","landallotementtype":"ALLOTTED","allotmentid":"RPS071906","allotment_date":1698777000000,"rate_of_allotment":24900,"village_name":"Dhanauri","khasra_no":"1718","longitude":77.61075111999999,"latitude":28.33593445,"authority":"YEIDA","category":"residential","execution_stage":"allotted"}},{"type":"Feature","geometry":{"type":"Polygon","coordinates":[[[77.610413,28.335912],[77.610415,28.336002],[77.610216,28.336005],[77.610214,28.335915],[77.610413,28.335912]]]},"properties":{"objectid":1367,"uniqueplotid":"PLNGRESIDENTIAL1367","plotmap_id":"SECTOR-16_73_F_RESI","plotidentificationnumber":"73","plotno":"73","industrysector":"SECTOR-16","block":"F","plotsize":"200 SQMT","plotsize_at_the_time_of_allotme":"200 SQMT","landuse_type":"RESIDENTIAL","landuse_subcategory":"RESIDENTIAL","scheme_cod":"RPS07","investment":0,"employment":0,"plotstatus":"Allotted","landallotementstatus":"SOLD","landallotementtype":"ALLOTTED","allotmentid":"RPS071525","allotment_date":1698777000000,"rate_of_allotment":24900,"village_name":"Dhanauri","khasra_no":"1710,1717","longitude":77.61031444,"latitude":28.33595876,"authority":"YEIDA","category":"residential","execution_stage":"allotted"}},{"type":"Feature","geometry":{"type":"Polygon","coordinates":[[[77.610418,28.336182],[77.61042,28.336271],[77.610221,28.336274],[77.61022,28.336185],[77.610418,28.336182]]]},"properties":{"objectid":1368,"uniqueplotid":"PLNGRESIDENTIAL1368","plotmap_id":"SECTOR-16_76_F_RESI","plotidentificationnumber":"76","plotno":"76","industrysector":"SECTOR-16","block":"F","plotsize":"200 SQMT","plotsize_at_the_time_of_allotme":"200 SQMT","landuse_type":"RESIDENTIAL","landuse_subcategory":"RESIDENTIAL","scheme_cod":"RPS07","investment":0,"employment":0,"plotstatus":"Allotted","landallotementstatus":"SOLD","landallotementtype":"ALLOTTED","allotmentid":"RPS071501","allotment_date":1698777000000,"rate_of_allotment":24900,"village_name":"Dhanauri","khasra_no":"1710","longitude":77.61031987999999,"latitude":28.336228050000003,"authority":"YEIDA","category":"residential","execution_stage":"allotted"}},{"type":"Feature","geometry":{"type":"Polygon","coordinates":[[[77.610851,28.335978],[77.610853,28.336068],[77.610655,28.336071],[77.610653,28.335981],[77.610851,28.335978]]]},"properties":{"objectid":1369,"uniqueplotid":"PLNGRESIDENTIAL1369","plotmap_id":"SECTOR-16_182_G_RESI","plotidentificationnumber":"182","plotno":"182","industrysector":"SECTOR-16","block":"G","plotsize":"200 SQMT","plotsize_at_the_time_of_allotme":"200 SQMT","landuse_type":"RESIDENTIAL","landuse_subcategory":"RESIDENTIAL","scheme_cod":"RPS07","investment":0,"employment":0,"plotstatus":"Allotted","landallotementstatus":"SOLD","landallotementtype":"ALLOTTED","allotmentid":"RPS071737","allotment_date":1698777000000,"rate_of_allotment":24900,"village_name":"Dhanauri","khasra_no":"1718","longitude":77.61075292999999,"latitude":28.336024209999998,"authority":"YEIDA","category":"residential","execution_stage":"allotted"}},{"type":"Feature","geometry":{"type":"Polygon","coordinates":[[[77.610415,28.336002],[77.610416,28.336092],[77.610218,28.336095],[77.610216,28.336005],[77.610415,28.336002]]]},"properties":{"objectid":1370,"uniqueplotid":"PLNGRESIDENTIAL1370","plotmap_id":"SECTOR-16_74_F_RESI","plotidentificationnumber":"74","plotno":"74","industrysector":"SECTOR-16","block":"F","plotsize":"200 SQMT","plotsize_at_the_time_of_allotme":"200 SQMT","landuse_type":"RESIDENTIAL","landuse_subcategory":"RESIDENTIAL","scheme_cod":"RPS07","investment":0,"employment":0,"plotstatus":"Allotted","landallotementstatus":"SOLD","landallotementtype":"ALLOTTED","allotmentid":"RPS071568","allotment_date":1698777000000,"rate_of_allotment":24900,"village_name":"Dhanauri","khasra_no":"1710","longitude":77.61031625,"latitude":28.33604852,"authority":"YEIDA","category":"residential","execution_stage":"allotted"}},{"type":"Feature","geometry":{"type":"Polygon","coordinates":[[[77.610416,28.336092],[77.610418,28.336182],[77.61022,28.336185],[77.610218,28.336095],[77.610416,28.336092]]]},"properties":{"objectid":1371,"uniqueplotid":"PLNGRESIDENTIAL1371","plotmap_id":"SECTOR-16_75_F_RESI","plotidentificationnumber":"75","plotno":"75","industrysector":"SECTOR-16","block":"F","plotsize":"200 SQMT","plotsize_at_the_time_of_allotme":"200 SQMT","landuse_type":"RESIDENTIAL","landuse_subcategory":"RESIDENTIAL","scheme_cod":"RPS07","investment":0,"employment":0,"plotstatus":"Allotted","landallotementstatus":"SOLD","landallotementtype":"ALLOTTED","allotmentid":"RPS071492","allotment_date":1698777000000,"rate_of_allotment":24900,"village_name":"Dhanauri","khasra_no":"1710","longitude":77.61031806,"latitude":28.336138279999997,"authority":"YEIDA","category":"residential","execution_stage":"allotted"}},{"type":"Feature","geometry":{"type":"Polygon","coordinates":[[[77.61042,28.336271],[77.610422,28.336361],[77.610223,28.336364],[77.610221,28.336274],[77.61042,28.336271]]]},"properties":{"objectid":1372,"uniqueplotid":"PLNGRESIDENTIAL1372","plotmap_id":"SECTOR-16_77_F_RESI","plotidentificationnumber":"77","plotno":"77","industrysector":"SECTOR-16","block":"F","plotsize":"200 SQMT","plotsize_at_the_time_of_allotme":"200 SQMT","landuse_type":"RESIDENTIAL","landuse_subcategory":"RESIDENTIAL","scheme_cod":"RPS07","investment":0,"employment":0,"plotstatus":"Allotted","landallotementstatus":"SOLD","landallotementtype":"ALLOTTED","allotmentid":"RPS071883","allotment_date":1698777000000,"rate_of_allotment":24900,"village_name":"Dhanauri","khasra_no":"1710","longitude":77.61032168999999,"latitude":28.33631781,"authority":"YEIDA","category":"residential","execution_stage":"allotted"}},{"type":"Feature","geometry":{"type":"Polygon","coordinates":[[[77.6102,28.335197],[77.610202,28.335287],[77.610003,28.33529],[77.610001,28.3352],[77.6102,28.335197]]]},"properties":{"objectid":1373,"uniqueplotid":"PLNGRESIDENTIAL1373","plotmap_id":"SECTOR-16_94_F_RESI","plotidentificationnumber":"94","plotno":"94","industrysector":"SECTOR-16","block":"F","plotsize":"200 SQMT","plotsize_at_the_time_of_allotme":"200 SQMT","landuse_type":"RESIDENTIAL","landuse_subcategory":"RESIDENTIAL","scheme_cod":"RPS07","investment":0,"employment":0,"plotstatus":"Allotted","landallotementstatus":"SOLD","landallotementtype":"ALLOTTED","allotmentid":"RPS071557","allotment_date":1698777000000,"rate_of_allotment":24900,"village_name":"Dhanauri","khasra_no":"1720,1719","longitude":77.61010128000001,"latitude":28.33524353,"authority":"YEIDA","category":"residential","execution_stage":"allotted"}},{"type":"Feature","geometry":{"type":"Polygon","coordinates":[[[77.610205,28.335466],[77.610207,28.335556],[77.610008,28.335559],[77.610006,28.335469],[77.610205,28.335466]]]},"properties":{"objectid":1374,"uniqueplotid":"PLNGRESIDENTIAL1374","plotmap_id":"SECTOR-16_91_F_RESI","plotidentificationnumber":"91","plotno":"91","industrysector":"SECTOR-16","block":"F","plotsize":"200 SQMT","plotsize_at_the_time_of_allotme":"200 SQMT","landuse_type":"RESIDENTIAL","landuse_subcategory":"RESIDENTIAL","scheme_cod":"RPS07","investment":0,"employment":0,"plotstatus":"Allotted","landallotementstatus":"SOLD","landallotementtype":"ALLOTTED","allotmentid":"RPS071624","allotment_date":1698777000000,"rate_of_allotment":24900,"village_name":"Dhanauri","khasra_no":"1720,1719,1717","longitude":77.61010672,"latitude":28.335512819999998,"authority":"YEIDA","category":"residential","execution_stage":"allotted"}},{"type":"Feature","geometry":{"type":"Polygon","coordinates":[[[77.610202,28.335287],[77.610203,28.335377],[77.610005,28.33538],[77.610003,28.33529],[77.610202,28.335287]]]},"properties":{"objectid":1375,"uniqueplotid":"PLNGRESIDENTIAL1375","plotmap_id":"SECTOR-16_93_F_RESI","plotidentificationnumber":"93","plotno":"93","industrysector":"SECTOR-16","block":"F","plotsize":"200 SQMT","plotsize_at_the_time_of_allotme":"200 SQMT","landuse_type":"RESIDENTIAL","landuse_subcategory":"RESIDENTIAL","scheme_cod":"RPS07","investment":0,"employment":0,"plotstatus":"Allotted","landallotementstatus":"SOLD","landallotementtype":"ALLOTTED","allotmentid":"RPS071698","allotment_date":1698777000000,"rate_of_allotment":24900,"village_name":"Dhanauri","khasra_no":"1720,1719","longitude":77.61010309000001,"latitude":28.33533329,"authority":"YEIDA","category":"residential","execution_stage":"allotted"}},{"type":"Feature","geometry":{"type":"Polygon","coordinates":[[[77.610203,28.335377],[77.610205,28.335466],[77.610006,28.335469],[77.610005,28.33538],[77.610203,28.335377]]]},"properties":{"objectid":1376,"uniqueplotid":"PLNGRESIDENTIAL1376","plotmap_id":"SECTOR-16_92_F_RESI","plotidentificationnumber":"92","plotno":"92","industrysector":"SECTOR-16","block":"F","plotsize":"200 SQMT","plotsize_at_the_time_of_allotme":"200 SQMT","landuse_type":"RESIDENTIAL","landuse_subcategory":"RESIDENTIAL","scheme_cod":"RPS07","investment":0,"employment":0,"plotstatus":"Allotted","landallotementstatus":"SOLD","landallotementtype":"ALLOTTED","allotmentid":"RPS071870","allotment_date":1698777000000,"rate_of_allotment":24900,"village_name":"Dhanauri","khasra_no":"1720,1719","longitude":77.61010491,"latitude":28.33542306,"authority":"YEIDA","category":"residential","execution_stage":"allotted"}},{"type":"Feature","geometry":{"type":"Polygon","coordinates":[[[77.610207,28.335556],[77.610209,28.335646],[77.61001,28.335649],[77.610008,28.335559],[77.610207,28.335556]]]},"properties":{"objectid":1377,"uniqueplotid":"PLNGRESIDENTIAL1377","plotmap_id":"SECTOR-16_90_F_RESI","plotidentificationnumber":"90","plotno":"90","industrysector":"SECTOR-16","block":"F","plotsize":"200 SQMT","plotsize_at_the_time_of_allotme":"200 SQMT","landuse_type":"RESIDENTIAL","landuse_subcategory":"RESIDENTIAL","scheme_cod":"RPS07","investment":0,"employment":0,"plotstatus":"Allotted","landallotementstatus":"SOLD","landallotementtype":"ALLOTTED","allotmentid":"RPS071497","allotment_date":1698777000000,"rate_of_allotment":24900,"village_name":"Dhanauri","khasra_no":"1710,1719,1711,1717","longitude":77.61010853,"latitude":28.33560259,"authority":"YEIDA","category":"residential","execution_stage":"allotted"}},{"type":"Feature","geometry":{"type":"Polygon","coordinates":[[[77.610212,28.335826],[77.610214,28.335915],[77.610016,28.335918],[77.610014,28.335828],[77.610212,28.335826]]]},"properties":{"objectid":1378,"uniqueplotid":"PLNGRESIDENTIAL1378","plotmap_id":"SECTOR-16_87_F_RESI","plotidentificationnumber":"87","plotno":"87","industrysector":"SECTOR-16","block":"F","plotsize":"200 SQMT","plotsize_at_the_time_of_allotme":"200 SQMT","landuse_type":"RESIDENTIAL","landuse_subcategory":"RESIDENTIAL","scheme_cod":"RPS07","investment":0,"employment":0,"plotstatus":"Allotted","landallotementstatus":"SOLD","landallotementtype":"ALLOTTED","allotmentid":"RPS071651","allotment_date":1698777000000,"rate_of_allotment":24900,"village_name":"Dhanauri","khasra_no":"1710","longitude":77.61011397,"latitude":28.33587188,"authority":"YEIDA","category":"residential","execution_stage":"allotted"}},{"type":"Feature","geometry":{"type":"Polygon","coordinates":[[[77.610209,28.335646],[77.610211,28.335736],[77.610012,28.335739],[77.61001,28.335649],[77.610209,28.335646]]]},"properties":{"objectid":1379,"uniqueplotid":"PLNGRESIDENTIAL1379","plotmap_id":"SECTOR-16_89_F_RESI","plotidentificationnumber":"89","plotno":"89","industrysector":"SECTOR-16","block":"F","plotsize":"200 SQMT","plotsize_at_the_time_of_allotme":"200 SQMT","landuse_type":"RESIDENTIAL","landuse_subcategory":"RESIDENTIAL","scheme_cod":"RPS07","investment":0,"employment":0,"plotstatus":"Allotted","landallotementstatus":"SOLD","landallotementtype":"ALLOTTED","allotmentid":"RPS071786","allotment_date":1698777000000,"rate_of_allotment":24900,"village_name":"Dhanauri","khasra_no":"1710,1719,1711,1717","longitude":77.61011035,"latitude":28.33569235,"authority":"YEIDA","category":"residential","execution_stage":"allotted"}},{"type":"Feature","geometry":{"type":"Polygon","coordinates":[[[77.610211,28.335736],[77.610212,28.335826],[77.610014,28.335828],[77.610012,28.335739],[77.610211,28.335736]]]},"properties":{"objectid":1380,"uniqueplotid":"PLNGRESIDENTIAL1380","plotmap_id":"SECTOR-16_88_F_RESI","plotidentificationnumber":"88","plotno":"88","industrysector":"SECTOR-16","block":"F","plotsize":"200 SQMT","plotsize_at_the_time_of_allotme":"200 SQMT","landuse_type":"RESIDENTIAL","landuse_subcategory":"RESIDENTIAL","scheme_cod":"RPS07","investment":0,"employment":0,"plotstatus":"Allotted","landallotementstatus":"SOLD","landallotementtype":"ALLOTTED","allotmentid":"RPS071763","allotment_date":1698777000000,"rate_of_allotment":24900,"village_name":"Dhanauri","khasra_no":"1710,1717","longitude":77.61011216,"latitude":28.335782119999998,"authority":"YEIDA","category":"residential","execution_stage":"allotted"}},{"type":"Feature","geometry":{"type":"Polygon","coordinates":[[[77.610214,28.335915],[77.610216,28.336005],[77.610017,28.336008],[77.610016,28.335918],[77.610214,28.335915]]]},"properties":{"objectid":1381,"uniqueplotid":"PLNGRESIDENTIAL1381","plotmap_id":"SECTOR-16_86_F_RESI","plotidentificationnumber":"86","plotno":"86","industrysector":"SECTOR-16","block":"F","plotsize":"200 SQMT","plotsize_at_the_time_of_allotme":"200 SQMT","landuse_type":"RESIDENTIAL","landuse_subcategory":"RESIDENTIAL","scheme_cod":"RPS07","investment":0,"employment":0,"plotstatus":"Allotted","landallotementstatus":"SOLD","landallotementtype":"ALLOTTED","allotmentid":"RPS071618","allotment_date":1698777000000,"rate_of_allotment":24900,"village_name":"Dhanauri","khasra_no":"1710","longitude":77.61011578,"latitude":28.335961649999998,"authority":"YEIDA","category":"residential","execution_stage":"allotted"}},{"type":"Feature","geometry":{"type":"Polygon","coordinates":[[[77.61022,28.336185],[77.610221,28.336274],[77.610023,28.336277],[77.610021,28.336187],[77.61022,28.336185]]]},"properties":{"objectid":1382,"uniqueplotid":"PLNGRESIDENTIAL1382","plotmap_id":"SECTOR-16_83_F_RESI","plotidentificationnumber":"83","plotno":"83","industrysector":"SECTOR-16","block":"F","plotsize":"200 SQMT","plotsize_at_the_time_of_allotme":"200 SQMT","landuse_type":"RESIDENTIAL","landuse_subcategory":"RESIDENTIAL","scheme_cod":"RPS07","investment":0,"employment":0,"plotstatus":"Allotted","landallotementstatus":"SOLD","landallotementtype":"ALLOTTED","allotmentid":"RPS071761","allotment_date":1698777000000,"rate_of_allotment":24900,"village_name":"Dhanauri","khasra_no":"1710","longitude":77.61012122,"latitude":28.33623094,"authority":"YEIDA","category":"residential","execution_stage":"allotted"}},{"type":"Feature","geometry":{"type":"Polygon","coordinates":[[[77.610216,28.336005],[77.610218,28.336095],[77.610019,28.336098],[77.610017,28.336008],[77.610216,28.336005]]]},"properties":{"objectid":1383,"uniqueplotid":"PLNGRESIDENTIAL1383","plotmap_id":"SECTOR-16_85_F_RESI","plotidentificationnumber":"85","plotno":"85","industrysector":"SECTOR-16","block":"F","plotsize":"200 SQMT","plotsize_at_the_time_of_allotme":"200 SQMT","landuse_type":"RESIDENTIAL","landuse_subcategory":"RESIDENTIAL","scheme_cod":"RPS07","investment":0,"employment":0,"plotstatus":"Allotted","landallotementstatus":"SOLD","landallotementtype":"ALLOTTED","allotmentid":"RPS071866","allotment_date":1698777000000,"rate_of_allotment":24900,"village_name":"Dhanauri","khasra_no":"1710","longitude":77.61011760000001,"latitude":28.33605141,"authority":"YEIDA","category":"residential","execution_stage":"allotted"}},{"type":"Feature","geometry":{"type":"Polygon","coordinates":[[[77.610218,28.336095],[77.61022,28.336185],[77.610021,28.336187],[77.610019,28.336098],[77.610218,28.336095]]]},"properties":{"objectid":1384,"uniqueplotid":"PLNGRESIDENTIAL1384","plotmap_id":"SECTOR-16_84_F_RESI","plotidentificationnumber":"84","plotno":"84","industrysector":"SECTOR-16","block":"F","plotsize":"200 SQMT","plotsize_at_the_time_of_allotme":"200 SQMT","landuse_type":"RESIDENTIAL","landuse_subcategory":"RESIDENTIAL","scheme_cod":"RPS07","investment":0,"employment":0,"plotstatus":"Allotted","landallotementstatus":"SOLD","landallotementtype":"ALLOTTED","allotmentid":"RPS071475","allotment_date":1698777000000,"rate_of_allotment":24900,"village_name":"Dhanauri","khasra_no":"1710","longitude":77.61011941,"latitude":28.336141169999998,"authority":"YEIDA","category":"residential","execution_stage":"allotted"}},{"type":"Feature","geometry":{"type":"Polygon","coordinates":[[[77.610221,28.336274],[77.610223,28.336364],[77.610025,28.336367],[77.610023,28.336277],[77.610221,28.336274]]]},"properties":{"objectid":1385,"uniqueplotid":"PLNGRESIDENTIAL1385","plotmap_id":"SECTOR-16_82_F_RESI","plotidentificationnumber":"82","plotno":"82","industrysector":"SECTOR-16","block":"F","plotsize":"200 SQMT","plotsize_at_the_time_of_allotme":"200 SQMT","landuse_type":"RESIDENTIAL","landuse_subcategory":"RESIDENTIAL","scheme_cod":"RPS07","investment":0,"employment":0,"plotstatus":"Allotted","landallotementstatus":"SOLD","landallotementtype":"ALLOTTED","allotmentid":"RPS071717","allotment_date":1698777000000,"rate_of_allotment":24900,"village_name":"Dhanauri","khasra_no":"1710","longitude":77.61012304,"latitude":28.3363207,"authority":"YEIDA","category":"residential","execution_stage":"allotted"}},{"type":"Feature","geometry":{"type":"Polygon","coordinates":[[[77.614003,28.335573],[77.614005,28.335663],[77.613806,28.335666],[77.613804,28.335576],[77.614003,28.335573]]]},"properties":{"objectid":1579,"uniqueplotid":"PLNGRESIDENTIAL1579","plotmap_id":"SECTOR-16_317_G_RESI","plotidentificationnumber":"317","plotno":"317","industrysector":"SECTOR-16","block":"G","plotsize":"200 SQMT","plotsize_at_the_time_of_allotme":"200 SQMT","landuse_type":"RESIDENTIAL","landuse_subcategory":"RESIDENTIAL","scheme_cod":"RPS07","investment":0,"employment":0,"plotstatus":"Allotted","landallotementstatus":"SOLD","landallotementtype":"ALLOTTED","allotmentid":"RPS071676","allotment_date":1698777000000,"rate_of_allotment":24900,"village_name":"Dhanauri","khasra_no":"1576,1556","longitude":77.61390429000001,"latitude":28.33561923,"authority":"YEIDA","category":"residential","execution_stage":"allotted"}},{"type":"Feature","geometry":{"type":"Polygon","coordinates":[[[77.614005,28.335663],[77.614006,28.335752],[77.613808,28.335755],[77.613806,28.335666],[77.614005,28.335663]]]},"properties":{"objectid":1580,"uniqueplotid":"PLNGRESIDENTIAL1580","plotmap_id":"SECTOR-16_316_G_RESI","plotidentificationnumber":"316","plotno":"316","industrysector":"SECTOR-16","block":"G","plotsize":"200 SQMT","plotsize_at_the_time_of_allotme":"200 SQMT","landuse_type":"RESIDENTIAL","landuse_subcategory":"RESIDENTIAL","scheme_cod":"RPS07","investment":0,"employment":0,"plotstatus":"Allotted","landallotementstatus":"SOLD","landallotementtype":"ALLOTTED","allotmentid":"RPS071850","allotment_date":1698777000000,"rate_of_allotment":24900,"village_name":"Dhanauri","khasra_no":"1576","longitude":77.6139061,"latitude":28.33570899,"authority":"YEIDA","category":"residential","execution_stage":"allotted"}},{"type":"Feature","geometry":{"type":"Polygon","coordinates":[[[77.612956,28.336885],[77.612961,28.337109],[77.612841,28.337111],[77.612837,28.336886],[77.612956,28.336885]]]},"properties":{"objectid":1581,"uniqueplotid":"PLNGRESIDENTIAL1581","plotmap_id":"SECTOR-16_341_G_RESI","plotidentificationnumber":"341","plotno":"341","industrysector":"SECTOR-16","block":"G","plotsize":"300 SQMT","plotsize_at_the_time_of_allotme":"300 SQMT","landuse_type":"RESIDENTIAL","landuse_subcategory":"RESIDENTIAL","scheme_cod":"RPS07","investment":0,"employment":0,"plotstatus":"Allotted","landallotementstatus":"SOLD","landallotementtype":"ALLOTTED","allotmentid":"RPS072000","allotment_date":1698777000000,"rate_of_allotment":24900,"village_name":"Dhanauri","khasra_no":"1529,1526,1528","longitude":77.61289882,"latitude":28.33699782,"authority":"YEIDA","category":"residential","execution_stage":"allotted"}},{"type":"Feature","geometry":{"type":"Polygon","coordinates":[[[77.613075,28.336883],[77.61308,28.337107],[77.612961,28.337109],[77.612956,28.336885],[77.613075,28.336883]]]},"properties":{"objectid":1582,"uniqueplotid":"PLNGRESIDENTIAL1582","plotmap_id":"SECTOR-16_342_G_RESI","plotidentificationnumber":"342","plotno":"342","industrysector":"SECTOR-16","block":"G","plotsize":"300 SQMT","plotsize_at_the_time_of_allotme":"300 SQMT","landuse_type":"RESIDENTIAL","landuse_subcategory":"RESIDENTIAL","scheme_cod":"RPS07","investment":0,"employment":0,"plotstatus":"Allotted","landallotementstatus":"SOLD","landallotementtype":"ALLOTTED","allotmentid":"RPS072114","allotment_date":1698777000000,"rate_of_allotment":24900,"village_name":"Dhanauri","khasra_no":"1529,1526,1528","longitude":77.61301801,"latitude":28.33699609,"authority":"YEIDA","category":"residential","execution_stage":"allotted"}},{"type":"Feature","geometry":{"type":"Polygon","coordinates":[[[77.613195,28.336881],[77.613199,28.337106],[77.61308,28.337107],[77.613075,28.336883],[77.613195,28.336881]]]},"properties":{"objectid":1583,"uniqueplotid":"PLNGRESIDENTIAL1583","plotmap_id":"SECTOR-16_343_G_RESI","plotidentificationnumber":"343","plotno":"343","industrysector":"SECTOR-16","block":"G","plotsize":"300 SQMT","plotsize_at_the_time_of_allotme":"300 SQMT","landuse_type":"RESIDENTIAL","landuse_subcategory":"RESIDENTIAL","scheme_cod":"RPS07","investment":0,"employment":0,"plotstatus":"Allotted","landallotementstatus":"SOLD","landallotementtype":"ALLOTTED","allotmentid":"RPS071956","allotment_date":1698777000000,"rate_of_allotment":24900,"village_name":"Dhanauri","khasra_no":"1529","longitude":77.61313721,"latitude":28.33699436,"authority":"YEIDA","category":"residential","execution_stage":"allotted"}},{"type":"Feature","geometry":{"type":"Polygon","coordinates":[[[77.613314,28.33688],[77.613318,28.337104],[77.613199,28.337106],[77.613195,28.336881],[77.613314,28.33688]]]},"properties":{"objectid":1584,"uniqueplotid":"PLNGRESIDENTIAL1584","plotmap_id":"SECTOR-16_344_G_RESI","plotidentificationnumber":"344","plotno":"344","industrysector":"SECTOR-16","block":"G","plotsize":"300 SQMT","plotsize_at_the_time_of_allotme":"300 SQMT","landuse_type":"RESIDENTIAL","landuse_subcategory":"RESIDENTIAL","scheme_cod":"RPS07","investment":0,"employment":0,"plotstatus":"Allotted","landallotementstatus":"SOLD","landallotementtype":"ALLOTTED","allotmentid":"RPS072115","allotment_date":1698777000000,"rate_of_allotment":24900,"village_name":"Dhanauri","khasra_no":"1529","longitude":77.61325640000001,"latitude":28.33699262,"authority":"YEIDA","category":"residential","execution_stage":"allotted"}},{"type":"Feature","geometry":{"type":"Polygon","coordinates":[[[77.613433,28.336878],[77.613437,28.337102],[77.613318,28.337104],[77.613314,28.33688],[77.613433,28.336878]]]},"properties":{"objectid":1585,"uniqueplotid":"PLNGRESIDENTIAL1585","plotmap_id":"SECTOR-16_345_G_RESI","plotidentificationnumber":"345","plotno":"345","industrysector":"SECTOR-16","block":"G","plotsize":"300 SQMT","plotsize_at_the_time_of_allotme":"300 SQMT","landuse_type":"RESIDENTIAL","landuse_subcategory":"RESIDENTIAL","scheme_cod":"RPS07","investment":0,"employment":0,"plotstatus":"Allotted","landallotementstatus":"SOLD","landallotementtype":"ALLOTTED","allotmentid":"RPS071924","allotment_date":1698777000000,"rate_of_allotment":24900,"village_name":"Dhanauri","khasra_no":"1529","longitude":77.61337558999999,"latitude":28.33699089,"authority":"YEIDA","category":"residential","execution_stage":"allotted"}},{"type":"Feature","geometry":{"type":"Polygon","coordinates":[[[77.613552,28.336876],[77.613557,28.3371],[77.613437,28.337102],[77.613433,28.336878],[77.613552,28.336876]]]},"properties":{"objectid":1586,"uniqueplotid":"PLNGRESIDENTIAL1586","plotmap_id":"SECTOR-16_346_G_RESI","plotidentificationnumber":"346","plotno":"346","industrysector":"SECTOR-16","block":"G","plotsize":"300 SQMT","plotsize_at_the_time_of_allotme":"300 SQMT","landuse_type":"RESIDENTIAL","landuse_subcategory":"RESIDENTIAL","scheme_cod":"RPS07","investment":0,"employment":0,"plotstatus":"Allotted","landallotementstatus":"SOLD","landallotementtype":"ALLOTTED","allotmentid":"RPS072033","allotment_date":1698777000000,"rate_of_allotment":24900,"village_name":"Dhanauri","khasra_no":"1529","longitude":77.61349479,"latitude":28.33698916,"authority":"YEIDA","category":"residential","execution_stage":"allotted"}},{"type":"Feature","geometry":{"type":"Polygon","coordinates":[[[77.612963,28.337216],[77.612967,28.33744],[77.612848,28.337442],[77.612844,28.337218],[77.612963,28.337216]]]},"properties":{"objectid":1587,"uniqueplotid":"PLNGRESIDENTIAL1587","plotmap_id":"SECTOR-16_363_G_RESI","plotidentificationnumber":"363","plotno":"363","industrysector":"SECTOR-16","block":"G","plotsize":"300 SQMT","plotsize_at_the_time_of_allotme":"300 SQMT","landuse_type":"RESIDENTIAL","landuse_subcategory":"RESIDENTIAL","scheme_cod":"RPS07","investment":0,"employment":0,"plotstatus":"Allotted","landallotementstatus":"SOLD","landallotementtype":"ALLOTTED","allotmentid":"RPS072050","allotment_date":1698777000000,"rate_of_allotment":24900,"village_name":"Dhanauri","khasra_no":"1525,1526","longitude":77.61290550999999,"latitude":28.33732911,"authority":"YEIDA","category":"residential","execution_stage":"allotted"}},{"type":"Feature","geometry":{"type":"Polygon","coordinates":[[[77.613082,28.337214],[77.613087,28.337439],[77.612967,28.33744],[77.612963,28.337216],[77.613082,28.337214]]]},"properties":{"objectid":1588,"uniqueplotid":"PLNGRESIDENTIAL1588","plotmap_id":"SECTOR-16_362_G_RESI","plotidentificationnumber":"362","plotno":"362","industrysector":"SECTOR-16","block":"G","plotsize":"300 SQMT","plotsize_at_the_time_of_allotme":"300 SQMT","landuse_type":"RESIDENTIAL","landuse_subcategory":"RESIDENTIAL","scheme_cod":"RPS07","investment":0,"employment":0,"plotstatus":"Allotted","landallotementstatus":"SOLD","landallotementtype":"ALLOTTED","allotmentid":"RPS071991","allotment_date":1698777000000,"rate_of_allotment":24900,"village_name":"Dhanauri","khasra_no":"1529,1525,1528","longitude":77.6130247,"latitude":28.337327379999998,"authority":"YEIDA","category":"residential","execution_stage":"allotted"}},{"type":"Feature","geometry":{"type":"Polygon","coordinates":[[[77.613201,28.337213],[77.613206,28.337437],[77.613087,28.337439],[77.613082,28.337214],[77.613201,28.337213]]]},"properties":{"objectid":1589,"uniqueplotid":"PLNGRESIDENTIAL1589","plotmap_id":"SECTOR-16_361_G_RESI","plotidentificationnumber":"361","plotno":"361","industrysector":"SECTOR-16","block":"G","plotsize":"300 SQMT","plotsize_at_the_time_of_allotme":"300 SQMT","landuse_type":"RESIDENTIAL","landuse_subcategory":"RESIDENTIAL","scheme_cod":"RPS07","investment":0,"employment":0,"plotstatus":"Allotted","landallotementstatus":"SOLD","landallotementtype":"ALLOTTED","allotmentid":"RPS072110","allotment_date":1698777000000,"rate_of_allotment":24900,"village_name":"Dhanauri","khasra_no":"1529,1524,1525,1528","longitude":77.6131439,"latitude":28.33732565,"authority":"YEIDA","category":"residential","execution_stage":"allotted"}},{"type":"Feature","geometry":{"type":"Polygon","coordinates":[[[77.61332,28.337211],[77.613325,28.337435],[77.613206,28.337437],[77.613201,28.337213],[77.61332,28.337211]]]},"properties":{"objectid":1590,"uniqueplotid":"PLNGRESIDENTIAL1590","plotmap_id":"SECTOR-16_360_G_RESI","plotidentificationnumber":"360","plotno":"360","industrysector":"SECTOR-16","block":"G","plotsize":"300 SQMT","plotsize_at_the_time_of_allotme":"300 SQMT","landuse_type":"RESIDENTIAL","landuse_subcategory":"RESIDENTIAL","scheme_cod":"RPS07","investment":0,"employment":0,"plotstatus":"Allotted","landallotementstatus":"SOLD","landallotementtype":"ALLOTTED","allotmentid":"RPS072106","allotment_date":1698777000000,"rate_of_allotment":24900,"village_name":"Dhanauri","khasra_no":"1529","longitude":77.61326309,"latitude":28.33732391,"authority":"YEIDA","category":"residential","execution_stage":"allotted"}},{"type":"Feature","geometry":{"type":"Polygon","coordinates":[[[77.61344,28.337209],[77.613444,28.337434],[77.613325,28.337435],[77.61332,28.337211],[77.61344,28.337209]]]},"properties":{"objectid":1591,"uniqueplotid":"PLNGRESIDENTIAL1591","plotmap_id":"SECTOR-16_359_G_RESI","plotidentificationnumber":"359","plotno":"359","industrysector":"SECTOR-16","block":"G","plotsize":"300 SQMT","plotsize_at_the_time_of_allotme":"300 SQMT","landuse_type":"RESIDENTIAL","landuse_subcategory":"RESIDENTIAL","scheme_cod":"RPS07","investment":0,"employment":0,"plotstatus":"Allotted","landallotementstatus":"SOLD","landallotementtype":"ALLOTTED","allotmentid":"RPS071961","allotment_date":1698777000000,"rate_of_allotment":24900,"village_name":"Dhanauri","khasra_no":"1529","longitude":77.61338228,"latitude":28.337322179999997,"authority":"YEIDA","category":"residential","execution_stage":"allotted"}},{"type":"Feature","geometry":{"type":"Polygon","coordinates":[[[77.613559,28.337207],[77.613563,28.337432],[77.613444,28.337434],[77.61344,28.337209],[77.613559,28.337207]]]},"properties":{"objectid":1592,"uniqueplotid":"PLNGRESIDENTIAL1592","plotmap_id":"SECTOR-16_358_G_RESI","plotidentificationnumber":"358","plotno":"358","industrysector":"SECTOR-16","block":"G","plotsize":"300 SQMT","plotsize_at_the_time_of_allotme":"300 SQMT","landuse_type":"RESIDENTIAL","landuse_subcategory":"RESIDENTIAL","scheme_cod":"RPS07","investment":0,"employment":0,"plotstatus":"Allotted","landallotementstatus":"SOLD","landallotementtype":"ALLOTTED","allotmentid":"RPS071949","allotment_date":1698777000000,"rate_of_allotment":24900,"village_name":"Dhanauri","khasra_no":"1529","longitude":77.61350147,"latitude":28.33732045,"authority":"YEIDA","category":"residential","execution_stage":"allotted"}},{"type":"Feature","geometry":{"type":"Polygon","coordinates":[[[77.611037,28.335347],[77.611039,28.335436],[77.61084,28.335439],[77.610839,28.33535],[77.611037,28.335347]]]},"properties":{"objectid":1593,"uniqueplotid":"PLNGRESIDENTIAL1593","plotmap_id":"SECTOR-16_200_G_RESI","plotidentificationnumber":"200","plotno":"200","industrysector":"SECTOR-16","block":"G","plotsize":"200 SQMT","plotsize_at_the_time_of_allotme":"200 SQMT","landuse_type":"RESIDENTIAL","landuse_subcategory":"RESIDENTIAL","scheme_cod":"RPS07","investment":0,"employment":0,"plotstatus":"Allotted","landallotementstatus":"SOLD","landallotementtype":"ALLOTTED","allotmentid":"RPS071670","allotment_date":1698777000000,"rate_of_allotment":24900,"village_name":"Dhanauri","khasra_no":"1722","longitude":77.61093890000001,"latitude":28.33539297,"authority":"YEIDA","category":"residential","execution_stage":"allotted"}},{"type":"Feature","geometry":{"type":"Polygon","coordinates":[[[77.611355,28.335342],[77.611357,28.335432],[77.611158,28.335435],[77.611157,28.335345],[77.611355,28.335342]]]},"properties":{"objectid":1594,"uniqueplotid":"PLNGRESIDENTIAL1594","plotmap_id":"SECTOR-16_205_G_RESI","plotidentificationnumber":"205","plotno":"205","industrysector":"SECTOR-16","block":"G","plotsize":"200 SQMT","plotsize_at_the_time_of_allotme":"200 SQMT","landuse_type":"RESIDENTIAL","landuse_subcategory":"RESIDENTIAL","scheme_cod":"RPS07","investment":0,"employment":0,"plotstatus":"Allotted","landallotementstatus":"SOLD","landallotementtype":"ALLOTTED","allotmentid":"RPS071910","allotment_date":1698777000000,"rate_of_allotment":24900,"village_name":"Dhanauri","khasra_no":"1730,1718,1722,1729","longitude":77.61125674,"latitude":28.33538835,"authority":"YEIDA","category":"residential","execution_stage":"allotted"}},{"type":"Feature","geometry":{"type":"Polygon","coordinates":[[[77.611039,28.335436],[77.611041,28.335526],[77.610842,28.335529],[77.61084,28.335439],[77.611039,28.335436]]]},"properties":{"objectid":1595,"uniqueplotid":"PLNGRESIDENTIAL1595","plotmap_id":"SECTOR-16_199_G_RESI","plotidentificationnumber":"199","plotno":"199","industrysector":"SECTOR-16","block":"G","plotsize":"200 SQMT","plotsize_at_the_time_of_allotme":"200 SQMT","landuse_type":"RESIDENTIAL","landuse_subcategory":"RESIDENTIAL","scheme_cod":"RPS07","investment":0,"employment":0,"plotstatus":"Allotted","landallotementstatus":"SOLD","landallotementtype":"ALLOTTED","allotmentid":"RPS071586","allotment_date":1698777000000,"rate_of_allotment":24900,"village_name":"Dhanauri","khasra_no":"1722","longitude":77.61094071,"latitude":28.33548274,"authority":"YEIDA","category":"residential","execution_stage":"allotted"}},{"type":"Feature","geometry":{"type":"Polygon","coordinates":[[[77.611357,28.335432],[77.611359,28.335522],[77.61116,28.335524],[77.611158,28.335435],[77.611357,28.335432]]]},"properties":{"objectid":1596,"uniqueplotid":"PLNGRESIDENTIAL1596","plotmap_id":"SECTOR-16_206_G_RESI","plotidentificationnumber":"206","plotno":"206","industrysector":"SECTOR-16","block":"G","plotsize":"200 SQMT","plotsize_at_the_time_of_allotme":"200 SQMT","landuse_type":"RESIDENTIAL","landuse_subcategory":"RESIDENTIAL","scheme_cod":"RPS07","investment":0,"employment":0,"plotstatus":"Allotted","landallotementstatus":"SOLD","landallotementtype":"ALLOTTED","allotmentid":"RPS071632","allotment_date":1698777000000,"rate_of_allotment":24900,"village_name":"Dhanauri","khasra_no":"1718,1722","longitude":77.61125856,"latitude":28.33547811,"authority":"YEIDA","category":"residential","execution_stage":"allotted"}},{"type":"Feature","geometry":{"type":"Polygon","coordinates":[[[77.610842,28.335529],[77.610844,28.335619],[77.610645,28.335622],[77.610644,28.335532],[77.610842,28.335529]]]},"properties":{"objectid":1597,"uniqueplotid":"PLNGRESIDENTIAL1597","plotmap_id":"SECTOR-16_177_G_RESI","plotidentificationnumber":"177","plotno":"177","industrysector":"SECTOR-16","block":"G","plotsize":"200 SQMT","plotsize_at_the_time_of_allotme":"200 SQMT","landuse_type":"RESIDENTIAL","landuse_subcategory":"RESIDENTIAL","scheme_cod":"RPS07","investment":0,"employment":0,"plotstatus":"Allotted","landallotementstatus":"SOLD","landallotementtype":"ALLOTTED","allotmentid":"RPS071564","allotment_date":1698777000000,"rate_of_allotment":24900,"village_name":"Dhanauri","khasra_no":"1720,1722,1721","longitude":77.61074387,"latitude":28.33557539,"authority":"YEIDA","category":"residential","execution_stage":"allotted"}},{"type":"Feature","geometry":{"type":"Polygon","coordinates":[[[77.611041,28.335526],[77.611043,28.335616],[77.610844,28.335619],[77.610842,28.335529],[77.611041,28.335526]]]},"properties":{"objectid":1598,"uniqueplotid":"PLNGRESIDENTIAL1598","plotmap_id":"SECTOR-16_198_G_RESI","plotidentificationnumber":"198","plotno":"198","industrysector":"SECTOR-16","block":"G","plotsize":"200 SQMT","plotsize_at_the_time_of_allotme":"200 SQMT","landuse_type":"RESIDENTIAL","landuse_subcategory":"RESIDENTIAL","scheme_cod":"RPS07","investment":0,"employment":0,"plotstatus":"Allotted","landallotementstatus":"SOLD","landallotementtype":"ALLOTTED","allotmentid":"RPS071599","allotment_date":1698777000000,"rate_of_allotment":24900,"village_name":"Dhanauri","khasra_no":"1718,1722,1721","longitude":77.61094252,"latitude":28.3355725,"authority":"YEIDA","category":"residential","execution_stage":"allotted"}},{"type":"Feature","geometry":{"type":"Polygon","coordinates":[[[77.611359,28.335522],[77.611361,28.335611],[77.611162,28.335614],[77.61116,28.335524],[77.611359,28.335522]]]},"properties":{"objectid":1599,"uniqueplotid":"PLNGRESIDENTIAL1599","plotmap_id":"SECTOR-16_207_G_RESI","plotidentificationnumber":"207","plotno":"207","industrysector":"SECTOR-16","block":"G","plotsize":"200 SQMT","plotsize_at_the_time_of_allotme":"200 SQMT","landuse_type":"RESIDENTIAL","landuse_subcategory":"RESIDENTIAL","scheme_cod":"RPS07","investment":0,"employment":0,"plotstatus":"Allotted","landallotementstatus":"SOLD","landallotementtype":"ALLOTTED","allotmentid":"RPS071531","allotment_date":1698777000000,"rate_of_allotment":24900,"village_name":"Dhanauri","khasra_no":"1718","longitude":77.61126037,"latitude":28.33556788,"authority":"YEIDA","category":"residential","execution_stage":"allotted"}},{"type":"Feature","geometry":{"type":"Polygon","coordinates":[[[77.610844,28.335619],[77.610846,28.335709],[77.610647,28.335711],[77.610645,28.335622],[77.610844,28.335619]]]},"properties":{"objectid":1600,"uniqueplotid":"PLNGRESIDENTIAL1600","plotmap_id":"SECTOR-16_178_G_RESI","plotidentificationnumber":"178","plotno":"178","industrysector":"SECTOR-16","block":"G","plotsize":"200 SQMT","plotsize_at_the_time_of_allotme":"200 SQMT","landuse_type":"RESIDENTIAL","landuse_subcategory":"RESIDENTIAL","scheme_cod":"RPS07","investment":0,"employment":0,"plotstatus":"Allotted","landallotementstatus":"SOLD","landallotementtype":"ALLOTTED","allotmentid":"RPS071569","allotment_date":1698777000000,"rate_of_allotment":24900,"village_name":"Dhanauri","khasra_no":"1718,1720,1721","longitude":77.61074568,"latitude":28.33566515,"authority":"YEIDA","category":"residential","execution_stage":"allotted"}},{"type":"Feature","geometry":{"type":"Polygon","coordinates":[[[77.611043,28.335616],[77.611045,28.335706],[77.610846,28.335709],[77.610844,28.335619],[77.611043,28.335616]]]},"properties":{"objectid":1601,"uniqueplotid":"PLNGRESIDENTIAL1601","plotmap_id":"SECTOR-16_197_G_RESI","plotidentificationnumber":"197","plotno":"197","industrysector":"SECTOR-16","block":"G","plotsize":"200 SQMT","plotsize_at_the_time_of_allotme":"200 SQMT","landuse_type":"RESIDENTIAL","landuse_subcategory":"RESIDENTIAL","scheme_cod":"RPS07","investment":0,"employment":0,"plotstatus":"Allotted","landallotementstatus":"SOLD","landallotementtype":"ALLOTTED","allotmentid":"RPS071521","allotment_date":1698777000000,"rate_of_allotment":24900,"village_name":"Dhanauri","khasra_no":"1718,1722,1721","longitude":77.61094433,"latitude":28.33566227,"authority":"YEIDA","category":"residential","execution_stage":"allotted"}},{"type":"Feature","geometry":{"type":"Polygon","coordinates":[[[77.611361,28.335611],[77.611362,28.335701],[77.611164,28.335704],[77.611162,28.335614],[77.611361,28.335611]]]},"properties":{"objectid":1602,"uniqueplotid":"PLNGRESIDENTIAL1602","plotmap_id":"SECTOR-16_208_G_RESI","plotidentificationnumber":"208","plotno":"208","industrysector":"SECTOR-16","block":"G","plotsize":"200 SQMT","plotsize_at_the_time_of_allotme":"200 SQMT","landuse_type":"RESIDENTIAL","landuse_subcategory":"RESIDENTIAL","scheme_cod":"RPS07","investment":0,"employment":0,"plotstatus":"Allotted","landallotementstatus":"SOLD","landallotementtype":"ALLOTTED","allotmentid":"RPS071909","allotment_date":1698777000000,"rate_of_allotment":24900,"village_name":"Dhanauri","khasra_no":"1718","longitude":77.61126218,"latitude":28.33565764,"authority":"YEIDA","category":"residential","execution_stage":"allotted"}},{"type":"Feature","geometry":{"type":"Polygon","coordinates":[[[77.611045,28.335706],[77.611046,28.335795],[77.610848,28.335798],[77.610846,28.335709],[77.611045,28.335706]]]},"properties":{"objectid":1603,"uniqueplotid":"PLNGRESIDENTIAL1603","plotmap_id":"SECTOR-16_196_G_RESI","plotidentificationnumber":"196","plotno":"196","industrysector":"SECTOR-16","block":"G","plotsize":"200 SQMT","plotsize_at_the_time_of_allotme":"200 SQMT","landuse_type":"RESIDENTIAL","landuse_subcategory":"RESIDENTIAL","scheme_cod":"RPS07","investment":0,"employment":0,"plotstatus":"Allotted","landallotementstatus":"SOLD","landallotementtype":"ALLOTTED","allotmentid":"RPS071684","allotment_date":1698777000000,"rate_of_allotment":24900,"village_name":"Dhanauri","khasra_no":"1718","longitude":77.61094615,"latitude":28.33575203,"authority":"YEIDA","category":"residential","execution_stage":"allotted"}},{"type":"Feature","geometry":{"type":"Polygon","coordinates":[[[77.611362,28.335701],[77.611364,28.335791],[77.611166,28.335794],[77.611164,28.335704],[77.611362,28.335701]]]},"properties":{"objectid":1604,"uniqueplotid":"PLNGRESIDENTIAL1604","plotmap_id":"SECTOR-16_209_G_RESI","plotidentificationnumber":"209","plotno":"209","industrysector":"SECTOR-16","block":"G","plotsize":"200 SQMT","plotsize_at_the_time_of_allotme":"200 SQMT","landuse_type":"RESIDENTIAL","landuse_subcategory":"RESIDENTIAL","scheme_cod":"RPS07","investment":0,"employment":0,"plotstatus":"Allotted","landallotementstatus":"SOLD","landallotementtype":"ALLOTTED","allotmentid":"RPS071894","allotment_date":1698777000000,"rate_of_allotment":24900,"village_name":"Dhanauri","khasra_no":"1718,1708","longitude":77.61126399,"latitude":28.33574741,"authority":"YEIDA","category":"residential","execution_stage":"allotted"}},{"type":"Feature","geometry":{"type":"Polygon","coordinates":[[[77.611046,28.335795],[77.611048,28.335885],[77.61085,28.335888],[77.610848,28.335798],[77.611046,28.335795]]]},"properties":{"objectid":1605,"uniqueplotid":"PLNGRESIDENTIAL1605","plotmap_id":"SECTOR-16_195_G_RESI","plotidentificationnumber":"195","plotno":"195","industrysector":"SECTOR-16","block":"G","plotsize":"200 SQMT","plotsize_at_the_time_of_allotme":"200 SQMT","landuse_type":"RESIDENTIAL","landuse_subcategory":"RESIDENTIAL","scheme_cod":"RPS07","investment":0,"employment":0,"plotstatus":"Allotted","landallotementstatus":"SOLD","landallotementtype":"ALLOTTED","allotmentid":"RPS071891","allotment_date":1698777000000,"rate_of_allotment":24900,"village_name":"Dhanauri","khasra_no":"1718","longitude":77.61094796,"latitude":28.33584179,"authority":"YEIDA","category":"residential","execution_stage":"allotted"}},{"type":"Feature","geometry":{"type":"Polygon","coordinates":[[[77.611364,28.335791],[77.611366,28.335881],[77.611167,28.335883],[77.611166,28.335794],[77.611364,28.335791]]]},"properties":{"objectid":1606,"uniqueplotid":"PLNGRESIDENTIAL1606","plotmap_id":"SECTOR-16_210_G_RESI","plotidentificationnumber":"210","plotno":"210","industrysector":"SECTOR-16","block":"G","plotsize":"200 SQMT","plotsize_at_the_time_of_allotme":"200 SQMT","landuse_type":"RESIDENTIAL","landuse_subcategory":"RESIDENTIAL","scheme_cod":"RPS07","investment":0,"employment":0,"plotstatus":"Allotted","landallotementstatus":"SOLD","landallotementtype":"ALLOTTED","allotmentid":"RPS071627","allotment_date":1698777000000,"rate_of_allotment":24900,"village_name":"Dhanauri","khasra_no":"1718,1707,1708","longitude":77.61126580999999,"latitude":28.335837169999998,"authority":"YEIDA","category":"residential","execution_stage":"allotted"}},{"type":"Feature","geometry":{"type":"Polygon","coordinates":[[[77.611048,28.335885],[77.61105,28.335975],[77.610851,28.335978],[77.61085,28.335888],[77.611048,28.335885]]]},"properties":{"objectid":1607,"uniqueplotid":"PLNGRESIDENTIAL1607","plotmap_id":"SECTOR-16_194_G_RESI","plotidentificationnumber":"194","plotno":"194","industrysector":"SECTOR-16","block":"G","plotsize":"200 SQMT","plotsize_at_the_time_of_allotme":"200 SQMT","landuse_type":"RESIDENTIAL","landuse_subcategory":"RESIDENTIAL","scheme_cod":"RPS07","investment":0,"employment":0,"plotstatus":"Allotted","landallotementstatus":"SOLD","landallotementtype":"ALLOTTED","allotmentid":"RPS071714","allotment_date":1698777000000,"rate_of_allotment":24900,"village_name":"Dhanauri","khasra_no":"1718","longitude":77.61094977,"latitude":28.33593156,"authority":"YEIDA","category":"residential","execution_stage":"allotted"}},{"type":"Feature","geometry":{"type":"Polygon","coordinates":[[[77.612964,28.335319],[77.612966,28.335408],[77.612767,28.335411],[77.612766,28.335322],[77.612964,28.335319]]]},"properties":{"objectid":1608,"uniqueplotid":"PLNGRESIDENTIAL1608","plotmap_id":"SECTOR-16_260_G_RESI","plotidentificationnumber":"260","plotno":"260","industrysector":"SECTOR-16","block":"G","plotsize":"200 SQMT","plotsize_at_the_time_of_allotme":"200 SQMT","landuse_type":"RESIDENTIAL","landuse_subcategory":"RESIDENTIAL","scheme_cod":"RPS07","investment":0,"employment":0,"plotstatus":"Allotted","landallotementstatus":"SOLD","landallotementtype":"ALLOTTED","allotmentid":"RPS071614","allotment_date":1698777000000,"rate_of_allotment":24900,"village_name":"Dhanauri","khasra_no":"1576,1577,1578","longitude":77.61286584999999,"latitude":28.33536495,"authority":"YEIDA","category":"residential","execution_stage":"allotted"}},{"type":"Feature","geometry":{"type":"Polygon","coordinates":[[[77.613282,28.335314],[77.613284,28.335404],[77.613085,28.335407],[77.613083,28.335317],[77.613282,28.335314]]]},"properties":{"objectid":1609,"uniqueplotid":"PLNGRESIDENTIAL1609","plotmap_id":"SECTOR-16_265_G_RESI","plotidentificationnumber":"265","plotno":"265","industrysector":"SECTOR-16","block":"G","plotsize":"200 SQMT","plotsize_at_the_time_of_allotme":"200 SQMT","landuse_type":"RESIDENTIAL","landuse_subcategory":"RESIDENTIAL","scheme_cod":"RPS07","investment":0,"employment":0,"plotstatus":"Allotted","landallotementstatus":"SOLD","landallotementtype":"ALLOTTED","allotmentid":"RPS071690","allotment_date":1698777000000,"rate_of_allotment":24900,"village_name":"Dhanauri","khasra_no":"1576,1555","longitude":77.61318370000001,"latitude":28.33536033,"authority":"YEIDA","category":"residential","execution_stage":"allotted"}},{"type":"Feature","geometry":{"type":"Polygon","coordinates":[[[77.612966,28.335408],[77.612968,28.335498],[77.612769,28.335501],[77.612767,28.335411],[77.612966,28.335408]]]},"properties":{"objectid":1610,"uniqueplotid":"PLNGRESIDENTIAL1610","plotmap_id":"SECTOR-16_259_G_RESI","plotidentificationnumber":"259","plotno":"259","industrysector":"SECTOR-16","block":"G","plotsize":"200 SQMT","plotsize_at_the_time_of_allotme":"200 SQMT","landuse_type":"RESIDENTIAL","landuse_subcategory":"RESIDENTIAL","scheme_cod":"RPS07","investment":0,"employment":0,"plotstatus":"Allotted","landallotementstatus":"SOLD","landallotementtype":"ALLOTTED","allotmentid":"RPS071702","allotment_date":1698777000000,"rate_of_allotment":24900,"village_name":"Dhanauri","khasra_no":"1576,1578","longitude":77.61286765999999,"latitude":28.33545472,"authority":"YEIDA","category":"residential","execution_stage":"allotted"}},{"type":"Feature","geometry":{"type":"Polygon","coordinates":[[[77.613284,28.335404],[77.613286,28.335494],[77.613087,28.335496],[77.613085,28.335407],[77.613284,28.335404]]]},"properties":{"objectid":1611,"uniqueplotid":"PLNGRESIDENTIAL1611","plotmap_id":"SECTOR-16_266_G_RESI","plotidentificationnumber":"266","plotno":"266","industrysector":"SECTOR-16","block":"G","plotsize":"200 SQMT","plotsize_at_the_time_of_allotme":"200 SQMT","landuse_type":"RESIDENTIAL","landuse_subcategory":"RESIDENTIAL","scheme_cod":"RPS07","investment":0,"employment":0,"plotstatus":"Allotted","landallotementstatus":"SOLD","landallotementtype":"ALLOTTED","allotmentid":"RPS071789","allotment_date":1698777000000,"rate_of_allotment":24900,"village_name":"Dhanauri","khasra_no":"1576,1555","longitude":77.61318551000001,"latitude":28.33545009,"authority":"YEIDA","category":"residential","execution_stage":"allotted"}},{"type":"Feature","geometry":{"type":"Polygon","coordinates":[[[77.612968,28.335498],[77.61297,28.335588],[77.612771,28.335591],[77.612769,28.335501],[77.612968,28.335498]]]},"properties":{"objectid":1612,"uniqueplotid":"PLNGRESIDENTIAL1612","plotmap_id":"SECTOR-16_258_G_RESI","plotidentificationnumber":"258","plotno":"258","industrysector":"SECTOR-16","block":"G","plotsize":"200 SQMT","plotsize_at_the_time_of_allotme":"200 SQMT","landuse_type":"RESIDENTIAL","landuse_subcategory":"RESIDENTIAL","scheme_cod":"RPS07","investment":0,"employment":0,"plotstatus":"Allotted","landallotementstatus":"SOLD","landallotementtype":"ALLOTTED","allotmentid":"RPS071487","allotment_date":1698777000000,"rate_of_allotment":24900,"village_name":"Dhanauri","khasra_no":"1576","longitude":77.61286946999999,"latitude":28.33554448,"authority":"YEIDA","category":"residential","execution_stage":"allotted"}},{"type":"Feature","geometry":{"type":"Polygon","coordinates":[[[77.613286,28.335494],[77.613288,28.335583],[77.613089,28.335586],[77.613087,28.335496],[77.613286,28.335494]]]},"properties":{"objectid":1613,"uniqueplotid":"PLNGRESIDENTIAL1613","plotmap_id":"SECTOR-16_267_G_RESI","plotidentificationnumber":"267","plotno":"267","industrysector":"SECTOR-16","block":"G","plotsize":"200 SQMT","plotsize_at_the_time_of_allotme":"200 SQMT","landuse_type":"RESIDENTIAL","landuse_subcategory":"RESIDENTIAL","scheme_cod":"RPS07","investment":0,"employment":0,"plotstatus":"Allotted","landallotementstatus":"SOLD","landallotementtype":"ALLOTTED","allotmentid":"RPS071843","allotment_date":1698777000000,"rate_of_allotment":24900,"village_name":"Dhanauri","khasra_no":"1576","longitude":77.61318732000001,"latitude":28.33553986,"authority":"YEIDA","category":"residential","execution_stage":"allotted"}},{"type":"Feature","geometry":{"type":"Polygon","coordinates":[[[77.61297,28.335588],[77.612972,28.335678],[77.612773,28.335681],[77.612771,28.335591],[77.61297,28.335588]]]},"properties":{"objectid":1614,"uniqueplotid":"PLNGRESIDENTIAL1614","plotmap_id":"SECTOR-16_257_G_RESI","plotidentificationnumber":"257","plotno":"257","industrysector":"SECTOR-16","block":"G","plotsize":"200 SQMT","plotsize_at_the_time_of_allotme":"200 SQMT","landuse_type":"RESIDENTIAL","landuse_subcategory":"RESIDENTIAL","scheme_cod":"RPS07","investment":0,"employment":0,"plotstatus":"Allotted","landallotementstatus":"SOLD","landallotementtype":"ALLOTTED","allotmentid":"RPS071604","allotment_date":1698777000000,"rate_of_allotment":24900,"village_name":"Dhanauri","khasra_no":"1576","longitude":77.61287128999999,"latitude":28.33563425,"authority":"YEIDA","category":"residential","execution_stage":"allotted"}},{"type":"Feature","geometry":{"type":"Polygon","coordinates":[[[77.613288,28.335583],[77.613289,28.335673],[77.613091,28.335676],[77.613089,28.335586],[77.613288,28.335583]]]},"properties":{"objectid":1615,"uniqueplotid":"PLNGRESIDENTIAL1615","plotmap_id":"SECTOR-16_268_G_RESI","plotidentificationnumber":"268","plotno":"268","industrysector":"SECTOR-16","block":"G","plotsize":"200 SQMT","plotsize_at_the_time_of_allotme":"200 SQMT","landuse_type":"RESIDENTIAL","landuse_subcategory":"RESIDENTIAL","scheme_cod":"RPS07","investment":0,"employment":0,"plotstatus":"Allotted","landallotementstatus":"SOLD","landallotementtype":"ALLOTTED","allotmentid":"RPS071529","allotment_date":1698777000000,"rate_of_allotment":24900,"village_name":"Dhanauri","khasra_no":"1576","longitude":77.61318913000001,"latitude":28.33562962,"authority":"YEIDA","category":"residential","execution_stage":"allotted"}},{"type":"Feature","geometry":{"type":"Polygon","coordinates":[[[77.612972,28.335678],[77.612973,28.335767],[77.612775,28.33577],[77.612773,28.335681],[77.612972,28.335678]]]},"properties":{"objectid":1616,"uniqueplotid":"PLNGRESIDENTIAL1616","plotmap_id":"SECTOR-16_256_G_RESI","plotidentificationnumber":"256","plotno":"256","industrysector":"SECTOR-16","block":"G","plotsize":"200 SQMT","plotsize_at_the_time_of_allotme":"200 SQMT","landuse_type":"RESIDENTIAL","landuse_subcategory":"RESIDENTIAL","scheme_cod":"RPS07","investment":0,"employment":0,"plotstatus":"Allotted","landallotementstatus":"SOLD","landallotementtype":"ALLOTTED","allotmentid":"RPS071726","allotment_date":1698777000000,"rate_of_allotment":24900,"village_name":"Dhanauri","khasra_no":"1576","longitude":77.61287309999999,"latitude":28.33572401,"authority":"YEIDA","category":"residential","execution_stage":"allotted"}},{"type":"Feature","geometry":{"type":"Polygon","coordinates":[[[77.613289,28.335673],[77.613291,28.335763],[77.613093,28.335766],[77.613091,28.335676],[77.613289,28.335673]]]},"properties":{"objectid":1617,"uniqueplotid":"PLNGRESIDENTIAL1617","plotmap_id":"SECTOR-16_269_G_RESI","plotidentificationnumber":"269","plotno":"269","industrysector":"SECTOR-16","block":"G","plotsize":"200 SQMT","plotsize_at_the_time_of_allotme":"200 SQMT","landuse_type":"RESIDENTIAL","landuse_subcategory":"RESIDENTIAL","scheme_cod":"RPS07","investment":0,"employment":0,"plotstatus":"Allotted","landallotementstatus":"SOLD","landallotementtype":"ALLOTTED","allotmentid":"RPS071681","allotment_date":1698777000000,"rate_of_allotment":24900,"village_name":"Dhanauri","khasra_no":"1576","longitude":77.61319095,"latitude":28.335719389999998,"authority":"YEIDA","category":"residential","execution_stage":"allotted"}},{"type":"Feature","geometry":{"type":"Polygon","coordinates":[[[77.612973,28.335767],[77.612975,28.335857],[77.612776,28.33586],[77.612775,28.33577],[77.612973,28.335767]]]},"properties":{"objectid":1618,"uniqueplotid":"PLNGRESIDENTIAL1618","plotmap_id":"SECTOR-16_255_G_RESI","plotidentificationnumber":"255","plotno":"255","industrysector":"SECTOR-16","block":"G","plotsize":"200 SQMT","plotsize_at_the_time_of_allotme":"200 SQMT","landuse_type":"RESIDENTIAL","landuse_subcategory":"RESIDENTIAL","scheme_cod":"RPS07","investment":0,"employment":0,"plotstatus":"Allotted","landallotementstatus":"SOLD","landallotementtype":"ALLOTTED","allotmentid":"RPS071671","allotment_date":1698777000000,"rate_of_allotment":24900,"village_name":"Dhanauri","khasra_no":"1576","longitude":77.61287490999999,"latitude":28.335813769999998,"authority":"YEIDA","category":"residential","execution_stage":"allotted"}},{"type":"Feature","geometry":{"type":"Polygon","coordinates":[[[77.613291,28.335763],[77.613293,28.335853],[77.613094,28.335855],[77.613093,28.335766],[77.613291,28.335763]]]},"properties":{"objectid":1619,"uniqueplotid":"PLNGRESIDENTIAL1619","plotmap_id":"SECTOR-16_270_G_RESI","plotidentificationnumber":"270","plotno":"270","industrysector":"SECTOR-16","block":"G","plotsize":"200 SQMT","plotsize_at_the_time_of_allotme":"200 SQMT","landuse_type":"RESIDENTIAL","landuse_subcategory":"RESIDENTIAL","scheme_cod":"RPS07","investment":0,"employment":0,"plotstatus":"Allotted","landallotementstatus":"SOLD","landallotementtype":"ALLOTTED","allotmentid":"RPS071785","allotment_date":1698777000000,"rate_of_allotment":24900,"village_name":"Dhanauri","khasra_no":"1576","longitude":77.61319276,"latitude":28.33580915,"authority":"YEIDA","category":"residential","execution_stage":"allotted"}},{"type":"Feature","geometry":{"type":"Polygon","coordinates":[[[77.612975,28.335857],[77.612977,28.335947],[77.612778,28.33595],[77.612776,28.33586],[77.612975,28.335857]]]},"properties":{"objectid":1620,"uniqueplotid":"PLNGRESIDENTIAL1620","plotmap_id":"SECTOR-16_254_G_RESI","plotidentificationnumber":"254","plotno":"254","industrysector":"SECTOR-16","block":"G","plotsize":"200 SQMT","plotsize_at_the_time_of_allotme":"200 SQMT","landuse_type":"RESIDENTIAL","landuse_subcategory":"RESIDENTIAL","scheme_cod":"RPS07","investment":0,"employment":0,"plotstatus":"Allotted","landallotementstatus":"SOLD","landallotementtype":"ALLOTTED","allotmentid":"RPS071474","allotment_date":1698777000000,"rate_of_allotment":24900,"village_name":"Dhanauri","khasra_no":"1576","longitude":77.61287671999999,"latitude":28.33590354,"authority":"YEIDA","category":"residential","execution_stage":"allotted"}},{"type":"Feature","geometry":{"type":"Polygon","coordinates":[[[77.613293,28.335853],[77.613295,28.335942],[77.613096,28.335945],[77.613094,28.335855],[77.613293,28.335853]]]},"properties":{"objectid":1621,"uniqueplotid":"PLNGRESIDENTIAL1621","plotmap_id":"SECTOR-16_271_G_RESI","plotidentificationnumber":"271","plotno":"271","industrysector":"SECTOR-16","block":"G","plotsize":"200 SQMT","plotsize_at_the_time_of_allotme":"200 SQMT","landuse_type":"RESIDENTIAL","landuse_subcategory":"RESIDENTIAL","scheme_cod":"RPS07","investment":0,"employment":0,"plotstatus":"Allotted","landallotementstatus":"SOLD","landallotementtype":"ALLOTTED","allotmentid":"RPS071903","allotment_date":1698777000000,"rate_of_allotment":24900,"village_name":"Dhanauri","khasra_no":"1576","longitude":77.61319457,"latitude":28.335898919999998,"authority":"YEIDA","category":"residential","execution_stage":"allotted"}},{"type":"Feature","geometry":{"type":"Polygon","coordinates":[[[77.613481,28.335311],[77.613483,28.335401],[77.613284,28.335404],[77.613282,28.335314],[77.613481,28.335311]]]},"properties":{"objectid":1622,"uniqueplotid":"PLNGRESIDENTIAL1622","plotmap_id":"SECTOR-16_290_G_RESI","plotidentificationnumber":"290","plotno":"290","industrysector":"SECTOR-16","block":"G","plotsize":"200 SQMT","plotsize_at_the_time_of_allotme":"200 SQMT","landuse_type":"RESIDENTIAL","landuse_subcategory":"RESIDENTIAL","scheme_cod":"RPS07","investment":0,"employment":0,"plotstatus":"Allotted","landallotementstatus":"SOLD","landallotementtype":"ALLOTTED","allotmentid":"RPS071538","allotment_date":1698777000000,"rate_of_allotment":24900,"village_name":"Dhanauri","khasra_no":"1576,1555","longitude":77.61338235,"latitude":28.33535744,"authority":"YEIDA","category":"residential","execution_stage":"allotted"}},{"type":"Feature","geometry":{"type":"Polygon","coordinates":[[[77.613799,28.335306],[77.6138,28.335396],[77.613602,28.335399],[77.6136,28.335309],[77.613799,28.335306]]]},"properties":{"objectid":1623,"uniqueplotid":"PLNGRESIDENTIAL1623","plotmap_id":"SECTOR-16_295_G_RESI","plotidentificationnumber":"295","plotno":"295","industrysector":"SECTOR-16","block":"G","plotsize":"200 SQMT","plotsize_at_the_time_of_allotme":"200 SQMT","landuse_type":"RESIDENTIAL","landuse_subcategory":"RESIDENTIAL","scheme_cod":"RPS07","investment":0,"employment":0,"plotstatus":"Allotted","landallotementstatus":"SOLD","landallotementtype":"ALLOTTED","allotmentid":"RPS071643","allotment_date":1698777000000,"rate_of_allotment":24900,"village_name":"Dhanauri","khasra_no":"1576","longitude":77.6137002,"latitude":28.33535282,"authority":"YEIDA","category":"residential","execution_stage":"allotted"}},{"type":"Feature","geometry":{"type":"Polygon","coordinates":[[[77.613483,28.335401],[77.613484,28.335491],[77.613286,28.335494],[77.613284,28.335404],[77.613483,28.335401]]]},"properties":{"objectid":1624,"uniqueplotid":"PLNGRESIDENTIAL1624","plotmap_id":"SECTOR-16_289_G_RESI","plotidentificationnumber":"289","plotno":"289","industrysector":"SECTOR-16","block":"G","plotsize":"200 SQMT","plotsize_at_the_time_of_allotme":"200 SQMT","landuse_type":"RESIDENTIAL","landuse_subcategory":"RESIDENTIAL","scheme_cod":"RPS07","investment":0,"employment":0,"plotstatus":"Allotted","landallotementstatus":"SOLD","landallotementtype":"ALLOTTED","allotmentid":"RPS071722","allotment_date":1698777000000,"rate_of_allotment":24900,"village_name":"Dhanauri","khasra_no":"1576","longitude":77.61338416,"latitude":28.33544721,"authority":"YEIDA","category":"residential","execution_stage":"allotted"}},{"type":"Feature","geometry":{"type":"Polygon","coordinates":[[[77.6138,28.335396],[77.613802,28.335486],[77.613604,28.335489],[77.613602,28.335399],[77.6138,28.335396]]]},"properties":{"objectid":1625,"uniqueplotid":"PLNGRESIDENTIAL1625","plotmap_id":"SECTOR-16_296_G_RESI","plotidentificationnumber":"296","plotno":"296","industrysector":"SECTOR-16","block":"G","plotsize":"200 SQMT","plotsize_at_the_time_of_allotme":"200 SQMT","landuse_type":"RESIDENTIAL","landuse_subcategory":"RESIDENTIAL","scheme_cod":"RPS07","investment":0,"employment":0,"plotstatus":"Allotted","landallotementstatus":"SOLD","landallotementtype":"ALLOTTED","allotmentid":"RPS071527","allotment_date":1698777000000,"rate_of_allotment":24900,"village_name":"Dhanauri","khasra_no":"1576","longitude":77.61370201,"latitude":28.33544259,"authority":"YEIDA","category":"residential","execution_stage":"allotted"}},{"type":"Feature","geometry":{"type":"Polygon","coordinates":[[[77.613484,28.335491],[77.613486,28.33558],[77.613288,28.335583],[77.613286,28.335494],[77.613484,28.335491]]]},"properties":{"objectid":1626,"uniqueplotid":"PLNGRESIDENTIAL1626","plotmap_id":"SECTOR-16_288_G_RESI","plotidentificationnumber":"288","plotno":"288","industrysector":"SECTOR-16","block":"G","plotsize":"200 SQMT","plotsize_at_the_time_of_allotme":"200 SQMT","landuse_type":"RESIDENTIAL","landuse_subcategory":"RESIDENTIAL","scheme_cod":"RPS07","investment":0,"employment":0,"plotstatus":"Allotted","landallotementstatus":"SOLD","landallotementtype":"ALLOTTED","allotmentid":"RPS071667","allotment_date":1698777000000,"rate_of_allotment":24900,"village_name":"Dhanauri","khasra_no":"1576","longitude":77.61338597999999,"latitude":28.33553697,"authority":"YEIDA","category":"residential","execution_stage":"allotted"}},{"type":"Feature","geometry":{"type":"Polygon","coordinates":[[[77.613486,28.33558],[77.613488,28.33567],[77.613289,28.335673],[77.613288,28.335583],[77.613486,28.33558]]]},"properties":{"objectid":1627,"uniqueplotid":"PLNGRESIDENTIAL1627","plotmap_id":"SECTOR-16_287_G_RESI","plotidentificationnumber":"287","plotno":"287","industrysector":"SECTOR-16","block":"G","plotsize":"200 SQMT","plotsize_at_the_time_of_allotme":"200 SQMT","landuse_type":"RESIDENTIAL","landuse_subcategory":"RESIDENTIAL","scheme_cod":"RPS07","investment":0,"employment":0,"plotstatus":"Allotted","landallotementstatus":"SOLD","landallotementtype":"ALLOTTED","allotmentid":"RPS071897","allotment_date":1698777000000,"rate_of_allotment":24900,"village_name":"Dhanauri","khasra_no":"1576","longitude":77.61338778999999,"latitude":28.33562674,"authority":"YEIDA","category":"residential","execution_stage":"allotted"}},{"type":"Feature","geometry":{"type":"Polygon","coordinates":[[[77.613488,28.33567],[77.61349,28.33576],[77.613291,28.335763],[77.613289,28.335673],[77.613488,28.33567]]]},"properties":{"objectid":1628,"uniqueplotid":"PLNGRESIDENTIAL1628","plotmap_id":"SECTOR-16_286_G_RESI","plotidentificationnumber":"286","plotno":"286","industrysector":"SECTOR-16","block":"G","plotsize":"200 SQMT","plotsize_at_the_time_of_allotme":"200 SQMT","landuse_type":"RESIDENTIAL","landuse_subcategory":"RESIDENTIAL","scheme_cod":"RPS07","investment":0,"employment":0,"plotstatus":"Allotted","landallotementstatus":"SOLD","landallotementtype":"ALLOTTED","allotmentid":"RPS071758","allotment_date":1698777000000,"rate_of_allotment":24900,"village_name":"Dhanauri","khasra_no":"1576","longitude":77.61338959999999,"latitude":28.3357165,"authority":"YEIDA","category":"residential","execution_stage":"allotted"}},{"type":"Feature","geometry":{"type":"Polygon","coordinates":[[[77.61349,28.33576],[77.613492,28.33585],[77.613293,28.335853],[77.613291,28.335763],[77.61349,28.33576]]]},"properties":{"objectid":1629,"uniqueplotid":"PLNGRESIDENTIAL1629","plotmap_id":"SECTOR-16_285_G_RESI","plotidentificationnumber":"285","plotno":"285","industrysector":"SECTOR-16","block":"G","plotsize":"200 SQMT","plotsize_at_the_time_of_allotme":"200 SQMT","landuse_type":"RESIDENTIAL","landuse_subcategory":"RESIDENTIAL","scheme_cod":"RPS07","investment":0,"employment":0,"plotstatus":"Allotted","landallotementstatus":"SOLD","landallotementtype":"ALLOTTED","allotmentid":"RPS071534","allotment_date":1698777000000,"rate_of_allotment":24900,"village_name":"Dhanauri","khasra_no":"1576","longitude":77.61339140999999,"latitude":28.33580626,"authority":"YEIDA","category":"residential","execution_stage":"allotted"}},{"type":"Feature","geometry":{"type":"Polygon","coordinates":[[[77.613492,28.33585],[77.613493,28.335939],[77.613295,28.335942],[77.613293,28.335853],[77.613492,28.33585]]]},"properties":{"objectid":1630,"uniqueplotid":"PLNGRESIDENTIAL1630","plotmap_id":"SECTOR-16_284_G_RESI","plotidentificationnumber":"284","plotno":"284","industrysector":"SECTOR-16","block":"G","plotsize":"200 SQMT","plotsize_at_the_time_of_allotme":"200 SQMT","landuse_type":"RESIDENTIAL","landuse_subcategory":"RESIDENTIAL","scheme_cod":"RPS07","investment":0,"employment":0,"plotstatus":"Allotted","landallotementstatus":"SOLD","landallotementtype":"ALLOTTED","allotmentid":"RPS071710","allotment_date":1698777000000,"rate_of_allotment":24900,"village_name":"Dhanauri","khasra_no":"1576","longitude":77.61339323,"latitude":28.33589603,"authority":"YEIDA","category":"residential","execution_stage":"allotted"}},{"type":"Feature","geometry":{"type":"Polygon","coordinates":[[[77.613786,28.336648],[77.613791,28.336873],[77.613671,28.336874],[77.613667,28.33665],[77.613786,28.336648]]]},"properties":{"objectid":1631,"uniqueplotid":"PLNGRESIDENTIAL1631","plotmap_id":"SECTOR-16_329_G_RESI","plotidentificationnumber":"329","plotno":"329","industrysector":"SECTOR-16","block":"G","plotsize":"300 SQMT","plotsize_at_the_time_of_allotme":"300 SQMT","landuse_type":"RESIDENTIAL","landuse_subcategory":"RESIDENTIAL","scheme_cod":"RPS07","investment":0,"employment":0,"plotstatus":"Allotted","landallotementstatus":"SOLD","landallotementtype":"ALLOTTED","allotmentid":"RPS072102","allotment_date":1698777000000,"rate_of_allotment":24900,"village_name":"Dhanauri","khasra_no":"1529,1575","longitude":77.61372863999999,"latitude":28.33676128,"authority":"YEIDA","category":"residential","execution_stage":"allotted"}},{"type":"Feature","geometry":{"type":"Polygon","coordinates":[[[77.613905,28.336646],[77.61391,28.336871],[77.613791,28.336873],[77.613786,28.336648],[77.613905,28.336646]]]},"properties":{"objectid":1632,"uniqueplotid":"PLNGRESIDENTIAL1632","plotmap_id":"SECTOR-16_328_G_RESI","plotidentificationnumber":"328","plotno":"328","industrysector":"SECTOR-16","block":"G","plotsize":"300 SQMT","plotsize_at_the_time_of_allotme":"300 SQMT","landuse_type":"RESIDENTIAL","landuse_subcategory":"RESIDENTIAL","scheme_cod":"RPS07","investment":0,"employment":0,"plotstatus":"Allotted","landallotementstatus":"SOLD","landallotementtype":"ALLOTTED","allotmentid":"RPS072088","allotment_date":1698777000000,"rate_of_allotment":24900,"village_name":"Dhanauri","khasra_no":"1574,1529,1575","longitude":77.61384783,"latitude":28.33675955,"authority":"YEIDA","category":"residential","execution_stage":"allotted"}},{"type":"Feature","geometry":{"type":"Polygon","coordinates":[[[77.614024,28.336645],[77.614029,28.336869],[77.61391,28.336871],[77.613905,28.336646],[77.614024,28.336645]]]},"properties":{"objectid":1633,"uniqueplotid":"PLNGRESIDENTIAL1633","plotmap_id":"SECTOR-16_327_G_RESI","plotidentificationnumber":"327","plotno":"327","industrysector":"SECTOR-16","block":"G","plotsize":"300 SQMT","plotsize_at_the_time_of_allotme":"300 SQMT","landuse_type":"RESIDENTIAL","landuse_subcategory":"RESIDENTIAL","scheme_cod":"RPS07","investment":0,"employment":0,"plotstatus":"Allotted","landallotementstatus":"SOLD","landallotementtype":"ALLOTTED","allotmentid":"RPS072069","allotment_date":1698777000000,"rate_of_allotment":24900,"village_name":"Dhanauri","khasra_no":"1574,1529,1575","longitude":77.61396702,"latitude":28.33675782,"authority":"YEIDA","category":"residential","execution_stage":"allotted"}},{"type":"Feature","geometry":{"type":"Polygon","coordinates":[[[77.613671,28.336874],[77.613676,28.337099],[77.613557,28.3371],[77.613552,28.336876],[77.613671,28.336874]]]},"properties":{"objectid":1634,"uniqueplotid":"PLNGRESIDENTIAL1634","plotmap_id":"SECTOR-16_347_G_RESI","plotidentificationnumber":"347","plotno":"347","industrysector":"SECTOR-16","block":"G","plotsize":"300 SQMT","plotsize_at_the_time_of_allotme":"300 SQMT","landuse_type":"RESIDENTIAL","landuse_subcategory":"RESIDENTIAL","scheme_cod":"RPS07","investment":0,"employment":0,"plotstatus":"Allotted","landallotementstatus":"SOLD","landallotementtype":"ALLOTTED","allotmentid":"RPS071962","allotment_date":1698777000000,"rate_of_allotment":24900,"village_name":"Dhanauri","khasra_no":"1529","longitude":77.61361398000001,"latitude":28.33698742,"authority":"YEIDA","category":"residential","execution_stage":"allotted"}},{"type":"Feature","geometry":{"type":"Polygon","coordinates":[[[77.613791,28.336873],[77.613795,28.337097],[77.613676,28.337099],[77.613671,28.336874],[77.613791,28.336873]]]},"properties":{"objectid":1635,"uniqueplotid":"PLNGRESIDENTIAL1635","plotmap_id":"SECTOR-16_348_G_RESI","plotidentificationnumber":"348","plotno":"348","industrysector":"SECTOR-16","block":"G","plotsize":"300 SQMT","plotsize_at_the_time_of_allotme":"300 SQMT","landuse_type":"RESIDENTIAL","landuse_subcategory":"RESIDENTIAL","scheme_cod":"RPS07","investment":0,"employment":0,"plotstatus":"Allotted","landallotementstatus":"SOLD","landallotementtype":"ALLOTTED","allotmentid":"RPS072071","allotment_date":1698777000000,"rate_of_allotment":24900,"village_name":"Dhanauri","khasra_no":"1529","longitude":77.61373316999999,"latitude":28.33698569,"authority":"YEIDA","category":"residential","execution_stage":"allotted"}},{"type":"Feature","geometry":{"type":"Polygon","coordinates":[[[77.61391,28.336871],[77.613914,28.337095],[77.613795,28.337097],[77.613791,28.336873],[77.61391,28.336871]]]},"properties":{"objectid":1636,"uniqueplotid":"PLNGRESIDENTIAL1636","plotmap_id":"SECTOR-16_349_G_RESI","plotidentificationnumber":"349","plotno":"349","industrysector":"SECTOR-16","block":"G","plotsize":"300 SQMT","plotsize_at_the_time_of_allotme":"300 SQMT","landuse_type":"RESIDENTIAL","landuse_subcategory":"RESIDENTIAL","scheme_cod":"RPS07","investment":0,"employment":0,"plotstatus":"Allotted","landallotementstatus":"SOLD","landallotementtype":"ALLOTTED","allotmentid":"RPS071966","allotment_date":1698777000000,"rate_of_allotment":24900,"village_name":"Dhanauri","khasra_no":"1529","longitude":77.61385236,"latitude":28.33698396,"authority":"YEIDA","category":"residential","execution_stage":"allotted"}},{"type":"Feature","geometry":{"type":"Polygon","coordinates":[[[77.614029,28.336869],[77.614033,28.337094],[77.613914,28.337095],[77.61391,28.336871],[77.614029,28.336869]]]},"properties":{"objectid":1637,"uniqueplotid":"PLNGRESIDENTIAL1637","plotmap_id":"SECTOR-16_350_G_RESI","plotidentificationnumber":"350","plotno":"350","industrysector":"SECTOR-16","block":"G","plotsize":"300 SQMT","plotsize_at_the_time_of_allotme":"300 SQMT","landuse_type":"RESIDENTIAL","landuse_subcategory":"RESIDENTIAL","scheme_cod":"RPS07","investment":0,"employment":0,"plotstatus":"Allotted","landallotementstatus":"SOLD","landallotementtype":"ALLOTTED","allotmentid":"RPS071934","allotment_date":1698777000000,"rate_of_allotment":24900,"village_name":"Dhanauri","khasra_no":"1529","longitude":77.61397156,"latitude":28.33698223,"authority":"YEIDA","category":"residential","execution_stage":"allotted"}},{"type":"Feature","geometry":{"type":"Polygon","coordinates":[[[77.611186,28.337799],[77.611191,28.338023],[77.611072,28.338025],[77.611067,28.3378],[77.611186,28.337799]]]},"properties":{"objectid":1638,"uniqueplotid":"PLNGRESIDENTIAL1638","plotmap_id":"SECTOR-16_409_G_RESI","plotidentificationnumber":"409","plotno":"409","industrysector":"SECTOR-16","block":"G","plotsize":"300 SQMT","landuse_type":"RESIDENTIAL","landuse_subcategory":"RESIDENTIAL","investment":0,"employment":0,"landallotementstatus":"VACANT","landallotementtype":"VACANT","village_name":"Dhanauri","khasra_no":"1694,1698","longitude":77.61112886,"latitude":28.33791164,"authority":"YEIDA","category":"residential","execution_stage":"vacant"}},{"type":"Feature","geometry":{"type":"Polygon","coordinates":[[[77.611305,28.337797],[77.61131,28.338021],[77.611191,28.338023],[77.611186,28.337799],[77.611305,28.337797]]]},"properties":{"objectid":1639,"uniqueplotid":"PLNGRESIDENTIAL1639","plotmap_id":"SECTOR-16_408_G_RESI","plotidentificationnumber":"408","plotno":"408","industrysector":"SECTOR-16","block":"G","plotsize":"300 SQMT","landuse_type":"RESIDENTIAL","landuse_subcategory":"RESIDENTIAL","investment":0,"employment":0,"landallotementstatus":"VACANT","landallotementtype":"VACANT","village_name":"Dhanauri","khasra_no":"1694,1698","longitude":77.61124805,"latitude":28.3379099,"authority":"YEIDA","category":"residential","execution_stage":"vacant"}},{"type":"Feature","geometry":{"type":"Polygon","coordinates":[[[77.611425,28.337795],[77.611429,28.33802],[77.61131,28.338021],[77.611305,28.337797],[77.611425,28.337795]]]},"properties":{"objectid":1640,"uniqueplotid":"PLNGRESIDENTIAL1640","plotmap_id":"SECTOR-16_407_G_RESI","plotidentificationnumber":"407","plotno":"407","industrysector":"SECTOR-16","block":"G","plotsize":"300 SQMT","landuse_type":"RESIDENTIAL","landuse_subcategory":"RESIDENTIAL","investment":0,"employment":0,"landallotementstatus":"VACANT","landallotementtype":"VACANT","village_name":"Dhanauri","khasra_no":"1694","longitude":77.61136725,"latitude":28.337908170000002,"authority":"YEIDA","category":"residential","execution_stage":"vacant"}},{"type":"Feature","geometry":{"type":"Polygon","coordinates":[[[77.611544,28.337793],[77.611548,28.338018],[77.611429,28.33802],[77.611425,28.337795],[77.611544,28.337793]]]},"properties":{"objectid":1641,"uniqueplotid":"PLNGRESIDENTIAL1641","plotmap_id":"SECTOR-16_406_G_RESI","plotidentificationnumber":"406","plotno":"406","industrysector":"SECTOR-16","block":"G","plotsize":"300 SQMT","landuse_type":"RESIDENTIAL","landuse_subcategory":"RESIDENTIAL","investment":0,"employment":0,"landallotementstatus":"VACANT","landallotementtype":"VACANT","village_name":"Dhanauri","khasra_no":"1694","longitude":77.61148644000001,"latitude":28.33790644,"authority":"YEIDA","category":"residential","execution_stage":"vacant"}},{"type":"Feature","geometry":{"type":"Polygon","coordinates":[[[77.611663,28.337792],[77.611667,28.338016],[77.611548,28.338018],[77.611544,28.337793],[77.611663,28.337792]]]},"properties":{"objectid":1642,"uniqueplotid":"PLNGRESIDENTIAL1642","plotmap_id":"SECTOR-16_405_G_RESI","plotidentificationnumber":"405","plotno":"405","industrysector":"SECTOR-16","block":"G","plotsize":"300 SQMT","landuse_type":"RESIDENTIAL","landuse_subcategory":"RESIDENTIAL","investment":0,"employment":0,"landallotementstatus":"VACANT","landallotementtype":"VACANT","village_name":"Dhanauri","khasra_no":"1694","longitude":77.61160563,"latitude":28.337904700000003,"authority":"YEIDA","category":"residential","execution_stage":"vacant"}},{"type":"Feature","geometry":{"type":"Polygon","coordinates":[[[77.611782,28.33779],[77.611787,28.338014],[77.611667,28.338016],[77.611663,28.337792],[77.611782,28.33779]]]},"properties":{"objectid":1643,"uniqueplotid":"PLNGRESIDENTIAL1643","plotmap_id":"SECTOR-16_404_G_RESI","plotidentificationnumber":"404","plotno":"404","industrysector":"SECTOR-16","block":"G","plotsize":"300 SQMT","plotsize_at_the_time_of_allotme":"300 SQMT","landuse_type":"RESIDENTIAL","landuse_subcategory":"RESIDENTIAL","scheme_cod":"RPS08","investment":0,"employment":0,"plotstatus":"Allotted","landallotementstatus":"SOLD","landallotementtype":"ALLOTTED","allotmentid":"RPS081192","allotment_date":1728585000000,"rate_of_allotment":25900,"village_name":"Dhanauri","khasra_no":"1694","longitude":77.61172481999999,"latitude":28.337902970000002,"authority":"YEIDA","category":"residential","execution_stage":"allotted"}},{"type":"Feature","geometry":{"type":"Polygon","coordinates":[[[77.611901,28.337788],[77.611906,28.338013],[77.611787,28.338014],[77.611782,28.33779],[77.611901,28.337788]]]},"properties":{"objectid":1644,"uniqueplotid":"PLNGRESIDENTIAL1644","plotmap_id":"SECTOR-16_403_G_RESI","plotidentificationnumber":"403","plotno":"403","industrysector":"SECTOR-16","block":"G","plotsize":"300 SQMT","plotsize_at_the_time_of_allotme":"300 SQMT","landuse_type":"RESIDENTIAL","landuse_subcategory":"RESIDENTIAL","scheme_cod":"RPS08","investment":0,"employment":0,"plotstatus":"Allotted","landallotementstatus":"SOLD","landallotementtype":"ALLOTTED","allotmentid":"RPS081230","allotment_date":1728585000000,"rate_of_allotment":25900,"village_name":"Dhanauri","khasra_no":"1694","longitude":77.61184402,"latitude":28.33790124,"authority":"YEIDA","category":"residential","execution_stage":"allotted"}},{"type":"Feature","geometry":{"type":"Polygon","coordinates":[[[77.611561,28.335698],[77.611563,28.335788],[77.611364,28.335791],[77.611362,28.335701],[77.611561,28.335698]]]},"properties":{"objectid":1645,"uniqueplotid":"PLNGRESIDENTIAL1645","plotmap_id":"SECTOR-16_226_G_RESI","plotidentificationnumber":"226","plotno":"226","industrysector":"SECTOR-16","block":"G","plotsize":"200 SQMT","plotsize_at_the_time_of_allotme":"200 SQMT","landuse_type":"RESIDENTIAL","landuse_subcategory":"RESIDENTIAL","scheme_cod":"RPS07","investment":0,"employment":0,"plotstatus":"Allotted","landallotementstatus":"SOLD","landallotementtype":"ALLOTTED","allotmentid":"RPS071876","allotment_date":1698777000000,"rate_of_allotment":24900,"village_name":"Dhanauri","khasra_no":"1718,1706,1707,1708","longitude":77.61146265,"latitude":28.33574452,"authority":"YEIDA","category":"residential","execution_stage":"allotted"}},{"type":"Feature","geometry":{"type":"Polygon","coordinates":[[[77.611563,28.335788],[77.611565,28.335878],[77.611366,28.335881],[77.611364,28.335791],[77.611563,28.335788]]]},"properties":{"objectid":1646,"uniqueplotid":"PLNGRESIDENTIAL1646","plotmap_id":"SECTOR-16_225_G_RESI","plotidentificationnumber":"225","plotno":"225","industrysector":"SECTOR-16","block":"G","plotsize":"200 SQMT","plotsize_at_the_time_of_allotme":"200 SQMT","landuse_type":"RESIDENTIAL","landuse_subcategory":"RESIDENTIAL","scheme_cod":"RPS07","investment":0,"employment":0,"plotstatus":"Allotted","landallotementstatus":"SOLD","landallotementtype":"ALLOTTED","allotmentid":"RPS071659","allotment_date":1698777000000,"rate_of_allotment":24900,"village_name":"Dhanauri","khasra_no":"1706,1707,1708","longitude":77.61146446000001,"latitude":28.33583428,"authority":"YEIDA","category":"residential","execution_stage":"allotted"}},{"type":"Feature","geometry":{"type":"Polygon","coordinates":[[[77.611366,28.335881],[77.611368,28.33597],[77.611169,28.335973],[77.611167,28.335883],[77.611366,28.335881]]]},"properties":{"objectid":1647,"uniqueplotid":"PLNGRESIDENTIAL1647","plotmap_id":"SECTOR-16_211_G_RESI","plotidentificationnumber":"211","plotno":"211","industrysector":"SECTOR-16","block":"G","plotsize":"200 SQMT","plotsize_at_the_time_of_allotme":"200 SQMT","landuse_type":"RESIDENTIAL","landuse_subcategory":"RESIDENTIAL","scheme_cod":"RPS07","investment":0,"employment":0,"plotstatus":"Allotted","landallotementstatus":"SOLD","landallotementtype":"ALLOTTED","allotmentid":"RPS071862","allotment_date":1698777000000,"rate_of_allotment":24900,"village_name":"Dhanauri","khasra_no":"1718,1706,1707,1708","longitude":77.61126761999999,"latitude":28.33592694,"authority":"YEIDA","category":"residential","execution_stage":"allotted"}},{"type":"Feature","geometry":{"type":"Polygon","coordinates":[[[77.611565,28.335878],[77.611567,28.335967],[77.611368,28.33597],[77.611366,28.335881],[77.611565,28.335878]]]},"properties":{"objectid":1648,"uniqueplotid":"PLNGRESIDENTIAL1648","plotmap_id":"SECTOR-16_224_G_RESI","plotidentificationnumber":"224","plotno":"224","industrysector":"SECTOR-16","block":"G","plotsize":"200 SQMT","plotsize_at_the_time_of_allotme":"200 SQMT","landuse_type":"RESIDENTIAL","landuse_subcategory":"RESIDENTIAL","scheme_cod":"RPS08","investment":0,"employment":0,"plotstatus":"Allotted","landallotementstatus":"SOLD","landallotementtype":"ALLOTTED","allotmentid":"RPS081162","allotment_date":1728585000000,"rate_of_allotment":25900,"village_name":"Dhanauri","khasra_no":"1706,1707","longitude":77.61146627000001,"latitude":28.33592405,"authority":"YEIDA","category":"residential","execution_stage":"allotted"}},{"type":"Feature","geometry":{"type":"Polygon","coordinates":[[[77.611567,28.335967],[77.611568,28.336057],[77.61137,28.33606],[77.611368,28.33597],[77.611567,28.335967]]]},"properties":{"objectid":1649,"uniqueplotid":"PLNGRESIDENTIAL1649","plotmap_id":"SECTOR-16_223_G_RESI","plotidentificationnumber":"223","plotno":"223","industrysector":"SECTOR-16","block":"G","plotsize":"200 SQMT","plotsize_at_the_time_of_allotme":"200 SQMT","landuse_type":"RESIDENTIAL","landuse_subcategory":"RESIDENTIAL","scheme_cod":"RPS07","investment":0,"employment":0,"plotstatus":"Allotted","landallotementstatus":"SOLD","landallotementtype":"ALLOTTED","allotmentid":"RPS071792","allotment_date":1698777000000,"rate_of_allotment":24900,"village_name":"Dhanauri","khasra_no":"1706","longitude":77.61146809,"latitude":28.336013809999997,"authority":"YEIDA","category":"residential","execution_stage":"allotted"}},{"type":"Feature","geometry":{"type":"Polygon","coordinates":[[[77.611568,28.336057],[77.61157,28.336147],[77.611371,28.33615],[77.61137,28.33606],[77.611568,28.336057]]]},"properties":{"objectid":1650,"uniqueplotid":"PLNGRESIDENTIAL1650","plotmap_id":"SECTOR-16_222_G_RESI","plotidentificationnumber":"222","plotno":"222","industrysector":"SECTOR-16","block":"G","plotsize":"200 SQMT","plotsize_at_the_time_of_allotme":"200 SQMT","landuse_type":"RESIDENTIAL","landuse_subcategory":"RESIDENTIAL","scheme_cod":"RPS07","investment":0,"employment":0,"plotstatus":"Allotted","landallotementstatus":"SOLD","landallotementtype":"ALLOTTED","allotmentid":"RPS071548","allotment_date":1698777000000,"rate_of_allotment":24900,"village_name":"Dhanauri","khasra_no":"1706","longitude":77.6114699,"latitude":28.33610358,"authority":"YEIDA","category":"residential","execution_stage":"allotted"}},{"type":"Feature","geometry":{"type":"Polygon","coordinates":[[[77.612967,28.33744],[77.612972,28.337665],[77.612853,28.337667],[77.612848,28.337442],[77.612967,28.33744]]]},"properties":{"objectid":1651,"uniqueplotid":"PLNGRESIDENTIAL1651","plotmap_id":"SECTOR-16_398_G_RESI","plotidentificationnumber":"398","plotno":"398","industrysector":"SECTOR-16","block":"G","plotsize":"300 SQMT","plotsize_at_the_time_of_allotme":"300 SQMT","landuse_type":"RESIDENTIAL","landuse_subcategory":"RESIDENTIAL","scheme_cod":"RPS08","investment":0,"employment":0,"plotstatus":"Allotted","landallotementstatus":"SOLD","landallotementtype":"ALLOTTED","allotmentid":"RPS081190","allotment_date":1728585000000,"rate_of_allotment":25900,"village_name":"Dhanauri","khasra_no":"1524,1525","longitude":77.61291004,"latitude":28.33755352,"authority":"YEIDA","category":"residential","execution_stage":"allotted"}},{"type":"Feature","geometry":{"type":"Polygon","coordinates":[[[77.613087,28.337439],[77.613091,28.337663],[77.612972,28.337665],[77.612967,28.33744],[77.613087,28.337439]]]},"properties":{"objectid":1652,"uniqueplotid":"PLNGRESIDENTIAL1652","plotmap_id":"SECTOR-16_369_G_RESI","plotidentificationnumber":"369","plotno":"369","industrysector":"SECTOR-16","block":"G","plotsize":"300 SQMT","plotsize_at_the_time_of_allotme":"300 SQMT","landuse_type":"RESIDENTIAL","landuse_subcategory":"RESIDENTIAL","scheme_cod":"RPS07","investment":0,"employment":0,"plotstatus":"Allotted","landallotementstatus":"SOLD","landallotementtype":"ALLOTTED","allotmentid":"RPS072078","allotment_date":1698777000000,"rate_of_allotment":24900,"village_name":"Dhanauri","khasra_no":"1524,1525","longitude":77.61302924,"latitude":28.33755179,"authority":"YEIDA","category":"residential","execution_stage":"allotted"}},{"type":"Feature","geometry":{"type":"Polygon","coordinates":[[[77.613206,28.337437],[77.61321,28.337661],[77.613091,28.337663],[77.613087,28.337439],[77.613206,28.337437]]]},"properties":{"objectid":1653,"uniqueplotid":"PLNGRESIDENTIAL1653","plotmap_id":"SECTOR-16_370_G_RESI","plotidentificationnumber":"370","plotno":"370","industrysector":"SECTOR-16","block":"G","plotsize":"300 SQMT","plotsize_at_the_time_of_allotme":"300 SQMT","landuse_type":"RESIDENTIAL","landuse_subcategory":"RESIDENTIAL","scheme_cod":"RPS07","investment":0,"employment":0,"plotstatus":"Allotted","landallotementstatus":"SOLD","landallotementtype":"ALLOTTED","allotmentid":"RPS072061","allotment_date":1698777000000,"rate_of_allotment":24900,"village_name":"Dhanauri","khasra_no":"1529,1524,1525,1528","longitude":77.61314843000001,"latitude":28.337550049999997,"authority":"YEIDA","category":"residential","execution_stage":"allotted"}},{"type":"Feature","geometry":{"type":"Polygon","coordinates":[[[77.613325,28.337435],[77.613329,28.33766],[77.61321,28.337661],[77.613206,28.337437],[77.613325,28.337435]]]},"properties":{"objectid":1654,"uniqueplotid":"PLNGRESIDENTIAL1654","plotmap_id":"SECTOR-16_371_G_RESI","plotidentificationnumber":"371","plotno":"371","industrysector":"SECTOR-16","block":"G","plotsize":"300 SQMT","plotsize_at_the_time_of_allotme":"300 SQMT","landuse_type":"RESIDENTIAL","landuse_subcategory":"RESIDENTIAL","scheme_cod":"RPS07","investment":0,"employment":0,"plotstatus":"Allotted","landallotementstatus":"SOLD","landallotementtype":"ALLOTTED","allotmentid":"RPS072040","allotment_date":1698777000000,"rate_of_allotment":24900,"village_name":"Dhanauri","khasra_no":"1529,1523,1524,1528","longitude":77.61326762,"latitude":28.33754832,"authority":"YEIDA","category":"residential","execution_stage":"allotted"}},{"type":"Feature","geometry":{"type":"Polygon","coordinates":[[[77.613444,28.337434],[77.613449,28.337658],[77.613329,28.33766],[77.613325,28.337435],[77.613444,28.337434]]]},"properties":{"objectid":1655,"uniqueplotid":"PLNGRESIDENTIAL1655","plotmap_id":"SECTOR-16_372_G_RESI","plotidentificationnumber":"372","plotno":"372","industrysector":"SECTOR-16","block":"G","plotsize":"300 SQMT","plotsize_at_the_time_of_allotme":"300 SQMT","landuse_type":"RESIDENTIAL","landuse_subcategory":"RESIDENTIAL","scheme_cod":"RPS07","investment":0,"employment":0,"plotstatus":"Allotted","landallotementstatus":"SOLD","landallotementtype":"ALLOTTED","allotmentid":"RPS072095","allotment_date":1698777000000,"rate_of_allotment":24900,"village_name":"Dhanauri","khasra_no":"1529,1523,1528","longitude":77.61338681,"latitude":28.33754659,"authority":"YEIDA","category":"residential","execution_stage":"allotted"}},{"type":"Feature","geometry":{"type":"Polygon","coordinates":[[[77.612974,28.337773],[77.612979,28.337997],[77.612859,28.337999],[77.612855,28.337774],[77.612974,28.337773]]]},"properties":{"objectid":1656,"uniqueplotid":"PLNGRESIDENTIAL1656","plotmap_id":"SECTOR-16_395_G_RESI","plotidentificationnumber":"395","plotno":"395","industrysector":"SECTOR-16","block":"G","plotsize":"300 SQMT","plotsize_at_the_time_of_allotme":"300 SQMT","landuse_type":"RESIDENTIAL","landuse_subcategory":"RESIDENTIAL","scheme_cod":"RPS07","investment":0,"employment":0,"plotstatus":"Allotted","landallotementstatus":"SOLD","landallotementtype":"ALLOTTED","allotmentid":"RPS072096","allotment_date":1698777000000,"rate_of_allotment":24900,"village_name":"Dhanauri","khasra_no":"1523,1524","longitude":77.61291675,"latitude":28.337885640000003,"authority":"YEIDA","category":"residential","execution_stage":"allotted"}},{"type":"Feature","geometry":{"type":"Polygon","coordinates":[[[77.613093,28.337771],[77.613098,28.337995],[77.612979,28.337997],[77.612974,28.337773],[77.613093,28.337771]]]},"properties":{"objectid":1657,"uniqueplotid":"PLNGRESIDENTIAL1657","plotmap_id":"SECTOR-16_394_G_RESI","plotidentificationnumber":"394","plotno":"394","industrysector":"SECTOR-16","block":"G","plotsize":"300 SQMT","plotsize_at_the_time_of_allotme":"300 SQMT","landuse_type":"RESIDENTIAL","landuse_subcategory":"RESIDENTIAL","scheme_cod":"RPS07","investment":0,"employment":0,"plotstatus":"Allotted","landallotementstatus":"SOLD","landallotementtype":"ALLOTTED","allotmentid":"RPS072128","allotment_date":1698777000000,"rate_of_allotment":24900,"village_name":"Dhanauri","khasra_no":"1523,1524","longitude":77.61303594,"latitude":28.337883910000002,"authority":"YEIDA","category":"residential","execution_stage":"allotted"}},{"type":"Feature","geometry":{"type":"Polygon","coordinates":[[[77.613212,28.337769],[77.613217,28.337994],[77.613098,28.337995],[77.613093,28.337771],[77.613212,28.337769]]]},"properties":{"objectid":1658,"uniqueplotid":"PLNGRESIDENTIAL1658","plotmap_id":"SECTOR-16_393_G_RESI","plotidentificationnumber":"393","plotno":"393","industrysector":"SECTOR-16","block":"G","plotsize":"300 SQMT","plotsize_at_the_time_of_allotme":"300 SQMT","landuse_type":"RESIDENTIAL","landuse_subcategory":"RESIDENTIAL","scheme_cod":"RPS07","investment":0,"employment":0,"plotstatus":"Allotted","landallotementstatus":"SOLD","landallotementtype":"ALLOTTED","allotmentid":"RPS072119","allotment_date":1698777000000,"rate_of_allotment":24900,"village_name":"Dhanauri","khasra_no":"1523","longitude":77.61315514,"latitude":28.33788217,"authority":"YEIDA","category":"residential","execution_stage":"allotted"}},{"type":"Feature","geometry":{"type":"Polygon","coordinates":[[[77.613332,28.337767],[77.613336,28.337992],[77.613217,28.337994],[77.613212,28.337769],[77.613332,28.337767]]]},"properties":{"objectid":1659,"uniqueplotid":"PLNGRESIDENTIAL1659","plotmap_id":"SECTOR-16_392_G_RESI","plotidentificationnumber":"392","plotno":"392","industrysector":"SECTOR-16","block":"G","plotsize":"300 SQMT","plotsize_at_the_time_of_allotme":"300 SQMT","landuse_type":"RESIDENTIAL","landuse_subcategory":"RESIDENTIAL","scheme_cod":"RPS07","investment":0,"employment":0,"plotstatus":"Allotted","landallotementstatus":"SOLD","landallotementtype":"ALLOTTED","allotmentid":"RPS072066","allotment_date":1698777000000,"rate_of_allotment":24900,"village_name":"Dhanauri","khasra_no":"1523","longitude":77.61327433000001,"latitude":28.337880440000003,"authority":"YEIDA","category":"residential","execution_stage":"allotted"}},{"type":"Feature","geometry":{"type":"Polygon","coordinates":[[[77.613451,28.337766],[77.613455,28.33799],[77.613336,28.337992],[77.613332,28.337767],[77.613451,28.337766]]]},"properties":{"objectid":1660,"uniqueplotid":"PLNGRESIDENTIAL1660","plotmap_id":"SECTOR-16_391_G_RESI","plotidentificationnumber":"391","plotno":"391","industrysector":"SECTOR-16","block":"G","plotsize":"300 SQMT","plotsize_at_the_time_of_allotme":"300 SQMT","landuse_type":"RESIDENTIAL","landuse_subcategory":"RESIDENTIAL","scheme_cod":"RPS07","investment":0,"employment":0,"plotstatus":"Allotted","landallotementstatus":"SOLD","landallotementtype":"ALLOTTED","allotmentid":"RPS072116","allotment_date":1698777000000,"rate_of_allotment":24900,"village_name":"Dhanauri","khasra_no":"1523","longitude":77.61339351999999,"latitude":28.337878710000002,"authority":"YEIDA","category":"residential","execution_stage":"allotted"}},{"type":"Feature","geometry":{"type":"Polygon","coordinates":[[[77.612766,28.335322],[77.612767,28.335411],[77.612569,28.335414],[77.612567,28.335324],[77.612766,28.335322]]]},"properties":{"objectid":1661,"uniqueplotid":"PLNGRESIDENTIAL1661","plotmap_id":"SECTOR-16_235_G_RESI","plotidentificationnumber":"235","plotno":"235","industrysector":"SECTOR-16","block":"G","plotsize":"200 SQMT","plotsize_at_the_time_of_allotme":"200 SQMT","landuse_type":"RESIDENTIAL","landuse_subcategory":"RESIDENTIAL","scheme_cod":"RPS07","investment":0,"employment":0,"plotstatus":"Allotted","landallotementstatus":"SOLD","landallotementtype":"ALLOTTED","allotmentid":"RPS071515","allotment_date":1698777000000,"rate_of_allotment":24900,"village_name":"Dhanauri","khasra_no":"1578","longitude":77.61266719,"latitude":28.33536784,"authority":"YEIDA","category":"residential","execution_stage":"allotted"}},{"type":"Feature","geometry":{"type":"Polygon","coordinates":[[[77.612767,28.335411],[77.612769,28.335501],[77.612571,28.335504],[77.612569,28.335414],[77.612767,28.335411]]]},"properties":{"objectid":1662,"uniqueplotid":"PLNGRESIDENTIAL1662","plotmap_id":"SECTOR-16_236_G_RESI","plotidentificationnumber":"236","plotno":"236","industrysector":"SECTOR-16","block":"G","plotsize":"200 SQMT","plotsize_at_the_time_of_allotme":"200 SQMT","landuse_type":"RESIDENTIAL","landuse_subcategory":"RESIDENTIAL","scheme_cod":"RPS07","investment":0,"employment":0,"plotstatus":"Allotted","landallotementstatus":"SOLD","landallotementtype":"ALLOTTED","allotmentid":"RPS071600","allotment_date":1698777000000,"rate_of_allotment":24900,"village_name":"Dhanauri","khasra_no":"1576,1578","longitude":77.61266901,"latitude":28.3354576,"authority":"YEIDA","category":"residential","execution_stage":"allotted"}},{"type":"Feature","geometry":{"type":"Polygon","coordinates":[[[77.612769,28.335501],[77.612771,28.335591],[77.612572,28.335594],[77.612571,28.335504],[77.612769,28.335501]]]},"properties":{"objectid":1663,"uniqueplotid":"PLNGRESIDENTIAL1663","plotmap_id":"SECTOR-16_237_G_RESI","plotidentificationnumber":"237","plotno":"237","industrysector":"SECTOR-16","block":"G","plotsize":"200 SQMT","plotsize_at_the_time_of_allotme":"200 SQMT","landuse_type":"RESIDENTIAL","landuse_subcategory":"RESIDENTIAL","scheme_cod":"RPS07","investment":0,"employment":0,"plotstatus":"Allotted","landallotementstatus":"SOLD","landallotementtype":"ALLOTTED","allotmentid":"RPS071674","allotment_date":1698777000000,"rate_of_allotment":24900,"village_name":"Dhanauri","khasra_no":"1576,1578","longitude":77.61267082,"latitude":28.33554737,"authority":"YEIDA","category":"residential","execution_stage":"allotted"}},{"type":"Feature","geometry":{"type":"Polygon","coordinates":[[[77.612771,28.335591],[77.612773,28.335681],[77.612574,28.335683],[77.612572,28.335594],[77.612771,28.335591]]]},"properties":{"objectid":1664,"uniqueplotid":"PLNGRESIDENTIAL1664","plotmap_id":"SECTOR-16_238_G_RESI","plotidentificationnumber":"238","plotno":"238","industrysector":"SECTOR-16","block":"G","plotsize":"200 SQMT","plotsize_at_the_time_of_allotme":"200 SQMT","landuse_type":"RESIDENTIAL","landuse_subcategory":"RESIDENTIAL","scheme_cod":"RPS07","investment":0,"employment":0,"plotstatus":"Allotted","landallotementstatus":"SOLD","landallotementtype":"ALLOTTED","allotmentid":"RPS071916","allotment_date":1698777000000,"rate_of_allotment":24900,"village_name":"Dhanauri","khasra_no":"1576","longitude":77.61267263,"latitude":28.33563713,"authority":"YEIDA","category":"residential","execution_stage":"allotted"}},{"type":"Feature","geometry":{"type":"Polygon","coordinates":[[[77.612773,28.335681],[77.612775,28.33577],[77.612576,28.335773],[77.612574,28.335683],[77.612773,28.335681]]]},"properties":{"objectid":1665,"uniqueplotid":"PLNGRESIDENTIAL1665","plotmap_id":"SECTOR-16_239_G_RESI","plotidentificationnumber":"239","plotno":"239","industrysector":"SECTOR-16","block":"G","plotsize":"200 SQMT","plotsize_at_the_time_of_allotme":"200 SQMT","landuse_type":"RESIDENTIAL","landuse_subcategory":"RESIDENTIAL","scheme_cod":"RPS07","investment":0,"employment":0,"plotstatus":"Allotted","landallotementstatus":"SOLD","landallotementtype":"ALLOTTED","allotmentid":"RPS071879","allotment_date":1698777000000,"rate_of_allotment":24900,"village_name":"Dhanauri","khasra_no":"1576","longitude":77.61267444,"latitude":28.3357269,"authority":"YEIDA","category":"residential","execution_stage":"allotted"}},{"type":"Feature","geometry":{"type":"Polygon","coordinates":[[[77.612775,28.33577],[77.612776,28.33586],[77.612578,28.335863],[77.612576,28.335773],[77.612775,28.33577]]]},"properties":{"objectid":1666,"uniqueplotid":"PLNGRESIDENTIAL1666","plotmap_id":"SECTOR-16_240_G_RESI","plotidentificationnumber":"240","plotno":"240","industrysector":"SECTOR-16","block":"G","plotsize":"200 SQMT","plotsize_at_the_time_of_allotme":"200 SQMT","landuse_type":"RESIDENTIAL","landuse_subcategory":"RESIDENTIAL","scheme_cod":"RPS07","investment":0,"employment":0,"plotstatus":"Allotted","landallotementstatus":"SOLD","landallotementtype":"ALLOTTED","allotmentid":"RPS071536","allotment_date":1698777000000,"rate_of_allotment":24900,"village_name":"Dhanauri","khasra_no":"1576","longitude":77.61267626,"latitude":28.33581666,"authority":"YEIDA","category":"residential","execution_stage":"allotted"}},{"type":"Feature","geometry":{"type":"Polygon","coordinates":[[[77.612776,28.33586],[77.612778,28.33595],[77.61258,28.335953],[77.612578,28.335863],[77.612776,28.33586]]]},"properties":{"objectid":1667,"uniqueplotid":"PLNGRESIDENTIAL1667","plotmap_id":"SECTOR-16_241_G_RESI","plotidentificationnumber":"241","plotno":"241","industrysector":"SECTOR-16","block":"G","plotsize":"200 SQMT","plotsize_at_the_time_of_allotme":"200 SQMT","landuse_type":"RESIDENTIAL","landuse_subcategory":"RESIDENTIAL","scheme_cod":"RPS07","investment":0,"employment":0,"plotstatus":"Allotted","landallotementstatus":"SOLD","landallotementtype":"ALLOTTED","allotmentid":"RPS071798","allotment_date":1698777000000,"rate_of_allotment":24900,"village_name":"Dhanauri","khasra_no":"1576","longitude":77.61267807,"latitude":28.335906429999998,"authority":"YEIDA","category":"residential","execution_stage":"allotted"}},{"type":"Feature","geometry":{"type":"Polygon","coordinates":[[[77.611554,28.335339],[77.611556,28.335429],[77.611357,28.335432],[77.611355,28.335342],[77.611554,28.335339]]]},"properties":{"objectid":1668,"uniqueplotid":"PLNGRESIDENTIAL1668","plotmap_id":"SECTOR-16_230_G_RESI","plotidentificationnumber":"230","plotno":"230","industrysector":"SECTOR-16","block":"G","plotsize":"200 SQMT","plotsize_at_the_time_of_allotme":"200 SQMT","landuse_type":"RESIDENTIAL","landuse_subcategory":"RESIDENTIAL","scheme_cod":"RPS07","investment":0,"employment":0,"plotstatus":"Allotted","landallotementstatus":"SOLD","landallotementtype":"ALLOTTED","allotmentid":"RPS071679","allotment_date":1698777000000,"rate_of_allotment":24900,"village_name":"Dhanauri","khasra_no":"1718","longitude":77.6114554,"latitude":28.33538546,"authority":"YEIDA","category":"residential","execution_stage":"allotted"}},{"type":"Feature","geometry":{"type":"Polygon","coordinates":[[[77.611556,28.335429],[77.611557,28.335519],[77.611359,28.335522],[77.611357,28.335432],[77.611556,28.335429]]]},"properties":{"objectid":1669,"uniqueplotid":"PLNGRESIDENTIAL1669","plotmap_id":"SECTOR-16_229_G_RESI","plotidentificationnumber":"229","plotno":"229","industrysector":"SECTOR-16","block":"G","plotsize":"200 SQMT","plotsize_at_the_time_of_allotme":"200 SQMT","landuse_type":"RESIDENTIAL","landuse_subcategory":"RESIDENTIAL","scheme_cod":"RPS07","investment":0,"employment":0,"plotstatus":"Allotted","landallotementstatus":"SOLD","landallotementtype":"ALLOTTED","allotmentid":"RPS071793","allotment_date":1698777000000,"rate_of_allotment":24900,"village_name":"Dhanauri","khasra_no":"1718","longitude":77.61145721,"latitude":28.33547523,"authority":"YEIDA","category":"residential","execution_stage":"allotted"}},{"type":"Feature","geometry":{"type":"Polygon","coordinates":[[[77.611557,28.335519],[77.611559,28.335608],[77.611361,28.335611],[77.611359,28.335522],[77.611557,28.335519]]]},"properties":{"objectid":1670,"uniqueplotid":"PLNGRESIDENTIAL1670","plotmap_id":"SECTOR-16_228_G_RESI","plotidentificationnumber":"228","plotno":"228","industrysector":"SECTOR-16","block":"G","plotsize":"200 SQMT","plotsize_at_the_time_of_allotme":"200 SQMT","landuse_type":"RESIDENTIAL","landuse_subcategory":"RESIDENTIAL","scheme_cod":"RPS07","investment":0,"employment":0,"plotstatus":"Allotted","landallotementstatus":"SOLD","landallotementtype":"ALLOTTED","allotmentid":"RPS071597","allotment_date":1698777000000,"rate_of_allotment":24900,"village_name":"Dhanauri","khasra_no":"1718","longitude":77.61145902,"latitude":28.335564989999998,"authority":"YEIDA","category":"residential","execution_stage":"allotted"}},{"type":"Feature","geometry":{"type":"Polygon","coordinates":[[[77.611559,28.335608],[77.611561,28.335698],[77.611362,28.335701],[77.611361,28.335611],[77.611559,28.335608]]]},"properties":{"objectid":1671,"uniqueplotid":"PLNGRESIDENTIAL1671","plotmap_id":"SECTOR-16_227_G_RESI","plotidentificationnumber":"227","plotno":"227","industrysector":"SECTOR-16","block":"G","plotsize":"200 SQMT","plotsize_at_the_time_of_allotme":"200 SQMT","landuse_type":"RESIDENTIAL","landuse_subcategory":"RESIDENTIAL","scheme_cod":"RPS07","investment":0,"employment":0,"plotstatus":"Allotted","landallotementstatus":"SOLD","landallotementtype":"ALLOTTED","allotmentid":"RPS071621","allotment_date":1698777000000,"rate_of_allotment":24900,"village_name":"Dhanauri","khasra_no":"1718,1708","longitude":77.61146084,"latitude":28.33565475,"authority":"YEIDA","category":"residential","execution_stage":"allotted"}},{"type":"Feature","geometry":{"type":"Polygon","coordinates":[[[77.610835,28.33517],[77.610837,28.33526],[77.610638,28.335263],[77.610636,28.335173],[77.610835,28.33517]]]},"properties":{"objectid":1672,"uniqueplotid":"PLNGRESIDENTIAL1672","plotmap_id":"SECTOR-16_173_G_RESI","plotidentificationnumber":"173","plotno":"173","industrysector":"SECTOR-16","block":"G","plotsize":"200 SQMT","plotsize_at_the_time_of_allotme":"200 SQMT","landuse_type":"RESIDENTIAL","landuse_subcategory":"RESIDENTIAL","scheme_cod":"RPS07","investment":0,"employment":0,"plotstatus":"Allotted","landallotementstatus":"SOLD","landallotementtype":"ALLOTTED","allotmentid":"RPS071746","allotment_date":1698777000000,"rate_of_allotment":24900,"village_name":"Dhanauri","khasra_no":"1723","longitude":77.61071991,"latitude":28.33520909,"authority":"YEIDA","category":"residential","execution_stage":"allotted"}},{"type":"Feature","geometry":{"type":"Polygon","coordinates":[[[77.610837,28.33526],[77.610839,28.33535],[77.61064,28.335352],[77.610638,28.335263],[77.610837,28.33526]]]},"properties":{"objectid":1673,"uniqueplotid":"PLNGRESIDENTIAL1673","plotmap_id":"SECTOR-16_174_G_RESI","plotidentificationnumber":"174","plotno":"174","industrysector":"SECTOR-16","block":"G","plotsize":"200 SQMT","plotsize_at_the_time_of_allotme":"200 SQMT","landuse_type":"RESIDENTIAL","landuse_subcategory":"RESIDENTIAL","scheme_cod":"RPS07","investment":0,"employment":0,"plotstatus":"Allotted","landallotementstatus":"SOLD","landallotementtype":"ALLOTTED","allotmentid":"RPS071559","allotment_date":1698777000000,"rate_of_allotment":24900,"village_name":"Dhanauri","khasra_no":"1722,1723,1721","longitude":77.61073843,"latitude":28.3353061,"authority":"YEIDA","category":"residential","execution_stage":"allotted"}},{"type":"Feature","geometry":{"type":"Polygon","coordinates":[[[77.610839,28.33535],[77.61084,28.335439],[77.610642,28.335442],[77.61064,28.335352],[77.610839,28.33535]]]},"properties":{"objectid":1674,"uniqueplotid":"PLNGRESIDENTIAL1674","plotmap_id":"SECTOR-16_175_G_RESI","plotidentificationnumber":"175","plotno":"175","industrysector":"SECTOR-16","block":"G","plotsize":"200 SQMT","plotsize_at_the_time_of_allotme":"200 SQMT","landuse_type":"RESIDENTIAL","landuse_subcategory":"RESIDENTIAL","scheme_cod":"RPS07","investment":0,"employment":0,"plotstatus":"Allotted","landallotementstatus":"SOLD","landallotementtype":"ALLOTTED","allotmentid":"RPS071590","allotment_date":1698777000000,"rate_of_allotment":24900,"village_name":"Dhanauri","khasra_no":"1722,1723,1721","longitude":77.61074024,"latitude":28.33539586,"authority":"YEIDA","category":"residential","execution_stage":"allotted"}},{"type":"Feature","geometry":{"type":"Polygon","coordinates":[[[77.61084,28.335439],[77.610842,28.335529],[77.610644,28.335532],[77.610642,28.335442],[77.61084,28.335439]]]},"properties":{"objectid":1675,"uniqueplotid":"PLNGRESIDENTIAL1675","plotmap_id":"SECTOR-16_176_G_RESI","plotidentificationnumber":"176","plotno":"176","industrysector":"SECTOR-16","block":"G","plotsize":"200 SQMT","plotsize_at_the_time_of_allotme":"200 SQMT","landuse_type":"RESIDENTIAL","landuse_subcategory":"RESIDENTIAL","scheme_cod":"RPS07","investment":0,"employment":0,"plotstatus":"Allotted","landallotementstatus":"SOLD","landallotementtype":"ALLOTTED","allotmentid":"RPS071517","allotment_date":1698777000000,"rate_of_allotment":24900,"village_name":"Dhanauri","khasra_no":"1722,1721","longitude":77.61074205,"latitude":28.33548563,"authority":"YEIDA","category":"residential","execution_stage":"allotted"}},{"type":"Feature","geometry":{"type":"Polygon","coordinates":[[[77.611034,28.335167],[77.611036,28.335257],[77.610837,28.33526],[77.610835,28.33517],[77.611034,28.335167]]]},"properties":{"objectid":1676,"uniqueplotid":"PLNGRESIDENTIAL1676","plotmap_id":"SECTOR-16_202_G_RESI","plotidentificationnumber":"202","plotno":"202","industrysector":"SECTOR-16","block":"G","plotsize":"200 SQMT","plotsize_at_the_time_of_allotme":"200 SQMT","landuse_type":"RESIDENTIAL","landuse_subcategory":"RESIDENTIAL","scheme_cod":"RPS07","investment":0,"employment":0,"plotstatus":"Allotted","landallotementstatus":"SOLD","landallotementtype":"ALLOTTED","allotmentid":"RPS071640","allotment_date":1698777000000,"rate_of_allotment":24900,"village_name":"Dhanauri","khasra_no":"1722,1723,1729","longitude":77.61093527,"latitude":28.33521344,"authority":"YEIDA","category":"residential","execution_stage":"allotted"}},{"type":"Feature","geometry":{"type":"Polygon","coordinates":[[[77.611036,28.335257],[77.611037,28.335347],[77.610839,28.33535],[77.610837,28.33526],[77.611036,28.335257]]]},"properties":{"objectid":1677,"uniqueplotid":"PLNGRESIDENTIAL1677","plotmap_id":"SECTOR-16_201_G_RESI","plotidentificationnumber":"201","plotno":"201","industrysector":"SECTOR-16","block":"G","plotsize":"200 SQMT","plotsize_at_the_time_of_allotme":"200 SQMT","landuse_type":"RESIDENTIAL","landuse_subcategory":"RESIDENTIAL","scheme_cod":"RPS07","investment":0,"employment":0,"plotstatus":"Allotted","landallotementstatus":"SOLD","landallotementtype":"ALLOTTED","allotmentid":"RPS071563","allotment_date":1698777000000,"rate_of_allotment":24900,"village_name":"Dhanauri","khasra_no":"1722,1723","longitude":77.61093708,"latitude":28.33530321,"authority":"YEIDA","category":"residential","execution_stage":"allotted"}},{"type":"Feature","geometry":{"type":"Polygon","coordinates":[[[77.610853,28.336068],[77.610855,28.336157],[77.610656,28.33616],[77.610655,28.336071],[77.610853,28.336068]]]},"properties":{"objectid":1678,"uniqueplotid":"PLNGRESIDENTIAL1678","plotmap_id":"SECTOR-16_183_G_RESI","plotidentificationnumber":"183","plotno":"183","industrysector":"SECTOR-16","block":"G","plotsize":"200 SQMT","plotsize_at_the_time_of_allotme":"200 SQMT","landuse_type":"RESIDENTIAL","landuse_subcategory":"RESIDENTIAL","scheme_cod":"RPS07","investment":0,"employment":0,"plotstatus":"Allotted","landallotementstatus":"SOLD","landallotementtype":"ALLOTTED","allotmentid":"RPS071540","allotment_date":1698777000000,"rate_of_allotment":24900,"village_name":"Dhanauri","khasra_no":"1718,1708,1717","longitude":77.61075473999999,"latitude":28.336113979999997,"authority":"YEIDA","category":"residential","execution_stage":"allotted"}},{"type":"Feature","geometry":{"type":"Polygon","coordinates":[[[77.610855,28.336157],[77.610857,28.336247],[77.610658,28.33625],[77.610656,28.33616],[77.610855,28.336157]]]},"properties":{"objectid":1679,"uniqueplotid":"PLNGRESIDENTIAL1679","plotmap_id":"SECTOR-16_184_G_RESI","plotidentificationnumber":"184","plotno":"184","industrysector":"SECTOR-16","block":"G","plotsize":"200 SQMT","plotsize_at_the_time_of_allotme":"200 SQMT","landuse_type":"RESIDENTIAL","landuse_subcategory":"RESIDENTIAL","scheme_cod":"RPS07","investment":0,"employment":0,"plotstatus":"Allotted","landallotementstatus":"SOLD","landallotementtype":"ALLOTTED","allotmentid":"RPS071773","allotment_date":1698777000000,"rate_of_allotment":24900,"village_name":"Dhanauri","khasra_no":"1718,1707,1710,1708,1717","longitude":77.61075656,"latitude":28.336203740000002,"authority":"YEIDA","category":"residential","execution_stage":"allotted"}},{"type":"Feature","geometry":{"type":"Polygon","coordinates":[[[77.610857,28.336247],[77.610859,28.336337],[77.61066,28.33634],[77.610658,28.33625],[77.610857,28.336247]]]},"properties":{"objectid":1680,"uniqueplotid":"PLNGRESIDENTIAL1680","plotmap_id":"SECTOR-16_185_G_RESI","plotidentificationnumber":"185","plotno":"185","industrysector":"SECTOR-16","block":"G","plotsize":"200 SQMT","plotsize_at_the_time_of_allotme":"200 SQMT","landuse_type":"RESIDENTIAL","landuse_subcategory":"RESIDENTIAL","scheme_cod":"RPS07","investment":0,"employment":0,"plotstatus":"Allotted","landallotementstatus":"SOLD","landallotementtype":"ALLOTTED","allotmentid":"RPS071718","allotment_date":1698777000000,"rate_of_allotment":24900,"village_name":"Dhanauri","khasra_no":"1701,1706,1704,1707,1710,1708","longitude":77.61075837,"latitude":28.3362935,"authority":"YEIDA","category":"residential","execution_stage":"allotted"}},{"type":"Feature","geometry":{"type":"Polygon","coordinates":[[[77.610859,28.336337],[77.61086,28.336427],[77.610662,28.33643],[77.61066,28.33634],[77.610859,28.336337]]]},"properties":{"objectid":1681,"uniqueplotid":"PLNGRESIDENTIAL1681","plotmap_id":"SECTOR-16_186_G_RESI","plotidentificationnumber":"186","plotno":"186","industrysector":"SECTOR-16","block":"G","plotsize":"200 SQMT","plotsize_at_the_time_of_allotme":"200 SQMT","landuse_type":"RESIDENTIAL","landuse_subcategory":"RESIDENTIAL","scheme_cod":"RPS07","investment":0,"employment":0,"plotstatus":"Allotted","landallotementstatus":"SOLD","landallotementtype":"ALLOTTED","allotmentid":"RPS071464","allotment_date":1698777000000,"rate_of_allotment":24900,"village_name":"Dhanauri","khasra_no":"1701,1704,1707","longitude":77.61076018,"latitude":28.336383270000002,"authority":"YEIDA","category":"residential","execution_stage":"allotted"}},{"type":"Feature","geometry":{"type":"Polygon","coordinates":[[[77.61086,28.336427],[77.610862,28.336529],[77.610664,28.336532],[77.610662,28.33643],[77.61086,28.336427]]]},"properties":{"objectid":1682,"uniqueplotid":"PLNGRESIDENTIAL1682","plotmap_id":"SECTOR-16_187_G_RESI","plotidentificationnumber":"187","plotno":"187","industrysector":"SECTOR-16","block":"G","plotsize":"200 SQMT","plotsize_at_the_time_of_allotme":"200 SQMT","landuse_type":"RESIDENTIAL","landuse_subcategory":"RESIDENTIAL","scheme_cod":"RPS07","investment":0,"employment":0,"plotstatus":"Allotted","landallotementstatus":"SOLD","landallotementtype":"ALLOTTED","allotmentid":"RPS071769","allotment_date":1698777000000,"rate_of_allotment":24900,"village_name":"Dhanauri","khasra_no":"1701","longitude":77.61076211999999,"latitude":28.33647935,"authority":"YEIDA","category":"residential","execution_stage":"allotted"}},{"type":"Feature","geometry":{"type":"Polygon","coordinates":[[[77.61105,28.335975],[77.611052,28.336065],[77.610853,28.336068],[77.610851,28.335978],[77.61105,28.335975]]]},"properties":{"objectid":1683,"uniqueplotid":"PLNGRESIDENTIAL1683","plotmap_id":"SECTOR-16_193_G_RESI","plotidentificationnumber":"193","plotno":"193","industrysector":"SECTOR-16","block":"G","plotsize":"200 SQMT","plotsize_at_the_time_of_allotme":"200 SQMT","landuse_type":"RESIDENTIAL","landuse_subcategory":"RESIDENTIAL","scheme_cod":"RPS07","investment":0,"employment":0,"plotstatus":"Allotted","landallotementstatus":"SOLD","landallotementtype":"ALLOTTED","allotmentid":"RPS071665","allotment_date":1698777000000,"rate_of_allotment":24900,"village_name":"Dhanauri","khasra_no":"1718,1707,1708","longitude":77.61095159,"latitude":28.336021319999997,"authority":"YEIDA","category":"residential","execution_stage":"allotted"}},{"type":"Feature","geometry":{"type":"Polygon","coordinates":[[[77.611052,28.336065],[77.611054,28.336155],[77.610855,28.336157],[77.610853,28.336068],[77.611052,28.336065]]]},"properties":{"objectid":1684,"uniqueplotid":"PLNGRESIDENTIAL1684","plotmap_id":"SECTOR-16_192_G_RESI","plotidentificationnumber":"192","plotno":"192","industrysector":"SECTOR-16","block":"G","plotsize":"200 SQMT","plotsize_at_the_time_of_allotme":"200 SQMT","landuse_type":"RESIDENTIAL","landuse_subcategory":"RESIDENTIAL","scheme_cod":"RPS07","investment":0,"employment":0,"plotstatus":"Allotted","landallotementstatus":"SOLD","landallotementtype":"ALLOTTED","allotmentid":"RPS071662","allotment_date":1698777000000,"rate_of_allotment":24900,"village_name":"Dhanauri","khasra_no":"1718,1706,1707,1708","longitude":77.6109534,"latitude":28.33611109,"authority":"YEIDA","category":"residential","execution_stage":"allotted"}},{"type":"Feature","geometry":{"type":"Polygon","coordinates":[[[77.611054,28.336155],[77.611055,28.336244],[77.610857,28.336247],[77.610855,28.336157],[77.611054,28.336155]]]},"properties":{"objectid":1685,"uniqueplotid":"PLNGRESIDENTIAL1685","plotmap_id":"SECTOR-16_191_G_RESI","plotidentificationnumber":"191","plotno":"191","industrysector":"SECTOR-16","block":"G","plotsize":"200 SQMT","plotsize_at_the_time_of_allotme":"200 SQMT","landuse_type":"RESIDENTIAL","landuse_subcategory":"RESIDENTIAL","scheme_cod":"RPS07","investment":0,"employment":0,"plotstatus":"Allotted","landallotementstatus":"SOLD","landallotementtype":"ALLOTTED","allotmentid":"RPS071566","allotment_date":1698777000000,"rate_of_allotment":24900,"village_name":"Dhanauri","khasra_no":"1706,1707,1708","longitude":77.61095521,"latitude":28.33620085,"authority":"YEIDA","category":"residential","execution_stage":"allotted"}},{"type":"Feature","geometry":{"type":"Polygon","coordinates":[[[77.611055,28.336244],[77.611057,28.336334],[77.610859,28.336337],[77.610857,28.336247],[77.611055,28.336244]]]},"properties":{"objectid":1686,"uniqueplotid":"PLNGRESIDENTIAL1686","plotmap_id":"SECTOR-16_190_G_RESI","plotidentificationnumber":"190","plotno":"190","industrysector":"SECTOR-16","block":"G","plotsize":"200 SQMT","plotsize_at_the_time_of_allotme":"200 SQMT","landuse_type":"RESIDENTIAL","landuse_subcategory":"RESIDENTIAL","scheme_cod":"RPS07","investment":0,"employment":0,"plotstatus":"Allotted","landallotementstatus":"SOLD","landallotementtype":"ALLOTTED","allotmentid":"RPS071510","allotment_date":1698777000000,"rate_of_allotment":24900,"village_name":"Dhanauri","khasra_no":"1706,1704,1707","longitude":77.61095702,"latitude":28.336290610000002,"authority":"YEIDA","category":"residential","execution_stage":"allotted"}},{"type":"Feature","geometry":{"type":"Polygon","coordinates":[[[77.611057,28.336334],[77.611059,28.336424],[77.61086,28.336427],[77.610859,28.336337],[77.611057,28.336334]]]},"properties":{"objectid":1687,"uniqueplotid":"PLNGRESIDENTIAL1687","plotmap_id":"SECTOR-16_189_G_RESI","plotidentificationnumber":"189","plotno":"189","industrysector":"SECTOR-16","block":"G","plotsize":"200 SQMT","plotsize_at_the_time_of_allotme":"200 SQMT","landuse_type":"RESIDENTIAL","landuse_subcategory":"RESIDENTIAL","scheme_cod":"RPS07","investment":0,"employment":0,"plotstatus":"Allotted","landallotementstatus":"SOLD","landallotementtype":"ALLOTTED","allotmentid":"RPS071594","allotment_date":1698777000000,"rate_of_allotment":24900,"village_name":"Dhanauri","khasra_no":"1701,1706,1704","longitude":77.61095884,"latitude":28.33638038,"authority":"YEIDA","category":"residential","execution_stage":"allotted"}},{"type":"Feature","geometry":{"type":"Polygon","coordinates":[[[77.611059,28.336424],[77.611061,28.336526],[77.610862,28.336529],[77.61086,28.336427],[77.611059,28.336424]]]},"properties":{"objectid":1688,"uniqueplotid":"PLNGRESIDENTIAL1688","plotmap_id":"SECTOR-16_188_G_RESI","plotidentificationnumber":"188","plotno":"188","industrysector":"SECTOR-16","block":"G","plotsize":"200 SQMT","plotsize_at_the_time_of_allotme":"200 SQMT","landuse_type":"RESIDENTIAL","landuse_subcategory":"RESIDENTIAL","scheme_cod":"RPS07","investment":0,"employment":0,"plotstatus":"Allotted","landallotementstatus":"SOLD","landallotementtype":"ALLOTTED","allotmentid":"RPS071738","allotment_date":1698777000000,"rate_of_allotment":24900,"village_name":"Dhanauri","khasra_no":"1701,1706,1704","longitude":77.61096078,"latitude":28.33647646,"authority":"YEIDA","category":"residential","execution_stage":"allotted"}},{"type":"Feature","geometry":{"type":"Polygon","coordinates":[[[77.611352,28.335162],[77.611353,28.335252],[77.611155,28.335255],[77.611153,28.335165],[77.611352,28.335162]]]},"properties":{"objectid":1689,"uniqueplotid":"PLNGRESIDENTIAL1689","plotmap_id":"SECTOR-16_203_G_RESI","plotidentificationnumber":"203","plotno":"203","industrysector":"SECTOR-16","block":"G","plotsize":"200 SQMT","plotsize_at_the_time_of_allotme":"200 SQMT","landuse_type":"RESIDENTIAL","landuse_subcategory":"RESIDENTIAL","scheme_cod":"RPS07","investment":0,"employment":0,"plotstatus":"Allotted","landallotementstatus":"SOLD","landallotementtype":"ALLOTTED","allotmentid":"RPS071578","allotment_date":1698777000000,"rate_of_allotment":24900,"village_name":"Dhanauri","khasra_no":"1730","longitude":77.61125312,"latitude":28.335208820000002,"authority":"YEIDA","category":"residential","execution_stage":"allotted"}},{"type":"Feature","geometry":{"type":"Polygon","coordinates":[[[77.611353,28.335252],[77.611355,28.335342],[77.611157,28.335345],[77.611155,28.335255],[77.611353,28.335252]]]},"properties":{"objectid":1690,"uniqueplotid":"PLNGRESIDENTIAL1690","plotmap_id":"SECTOR-16_204_G_RESI","plotidentificationnumber":"204","plotno":"204","industrysector":"SECTOR-16","block":"G","plotsize":"200 SQMT","plotsize_at_the_time_of_allotme":"200 SQMT","landuse_type":"RESIDENTIAL","landuse_subcategory":"RESIDENTIAL","scheme_cod":"RPS07","investment":0,"employment":0,"plotstatus":"Allotted","landallotementstatus":"SOLD","landallotementtype":"ALLOTTED","allotmentid":"RPS071782","allotment_date":1698777000000,"rate_of_allotment":24900,"village_name":"Dhanauri","khasra_no":"1730,1718,1729","longitude":77.61125493,"latitude":28.33529859,"authority":"YEIDA","category":"residential","execution_stage":"allotted"}},{"type":"Feature","geometry":{"type":"Polygon","coordinates":[[[77.61155,28.33516],[77.611552,28.335249],[77.611353,28.335252],[77.611352,28.335162],[77.61155,28.33516]]]},"properties":{"objectid":1691,"uniqueplotid":"PLNGRESIDENTIAL1691","plotmap_id":"SECTOR-16_232_G_RESI","plotidentificationnumber":"232","plotno":"232","industrysector":"SECTOR-16","block":"G","plotsize":"200 SQMT","plotsize_at_the_time_of_allotme":"200 SQMT","landuse_type":"RESIDENTIAL","landuse_subcategory":"RESIDENTIAL","scheme_cod":"RPS07","investment":0,"employment":0,"plotstatus":"Allotted","landallotementstatus":"SOLD","landallotementtype":"ALLOTTED","allotmentid":"RPS071646","allotment_date":1698777000000,"rate_of_allotment":24900,"village_name":"Dhanauri","khasra_no":"1730,1718","longitude":77.61145177,"latitude":28.33520593,"authority":"YEIDA","category":"residential","execution_stage":"allotted"}},{"type":"Feature","geometry":{"type":"Polygon","coordinates":[[[77.611552,28.335249],[77.611554,28.335339],[77.611355,28.335342],[77.611353,28.335252],[77.611552,28.335249]]]},"properties":{"objectid":1692,"uniqueplotid":"PLNGRESIDENTIAL1692","plotmap_id":"SECTOR-16_231_G_RESI","plotidentificationnumber":"231","plotno":"231","industrysector":"SECTOR-16","block":"G","plotsize":"200 SQMT","plotsize_at_the_time_of_allotme":"200 SQMT","landuse_type":"RESIDENTIAL","landuse_subcategory":"RESIDENTIAL","scheme_cod":"RPS07","investment":0,"employment":0,"plotstatus":"Allotted","landallotementstatus":"SOLD","landallotementtype":"ALLOTTED","allotmentid":"RPS071730","allotment_date":1698777000000,"rate_of_allotment":24900,"village_name":"Dhanauri","khasra_no":"1730,1718","longitude":77.61145359,"latitude":28.3352957,"authority":"YEIDA","category":"residential","execution_stage":"allotted"}},{"type":"Feature","geometry":{"type":"Polygon","coordinates":[[[77.611368,28.33597],[77.61137,28.33606],[77.611171,28.336063],[77.611169,28.335973],[77.611368,28.33597]]]},"properties":{"objectid":1693,"uniqueplotid":"PLNGRESIDENTIAL1693","plotmap_id":"SECTOR-16_212_G_RESI","plotidentificationnumber":"212","plotno":"212","industrysector":"SECTOR-16","block":"G","plotsize":"200 SQMT","plotsize_at_the_time_of_allotme":"200 SQMT","landuse_type":"RESIDENTIAL","landuse_subcategory":"RESIDENTIAL","scheme_cod":"RPS07","investment":0,"employment":0,"plotstatus":"Allotted","landallotementstatus":"SOLD","landallotementtype":"ALLOTTED","allotmentid":"RPS071683","allotment_date":1698777000000,"rate_of_allotment":24900,"village_name":"Dhanauri","khasra_no":"1706,1707,1708","longitude":77.61126943,"latitude":28.3360167,"authority":"YEIDA","category":"residential","execution_stage":"allotted"}},{"type":"Feature","geometry":{"type":"Polygon","coordinates":[[[77.61137,28.33606],[77.611371,28.33615],[77.611173,28.336153],[77.611171,28.336063],[77.61137,28.33606]]]},"properties":{"objectid":1694,"uniqueplotid":"PLNGRESIDENTIAL1694","plotmap_id":"SECTOR-16_213_G_RESI","plotidentificationnumber":"213","plotno":"213","industrysector":"SECTOR-16","block":"G","plotsize":"200 SQMT","plotsize_at_the_time_of_allotme":"200 SQMT","landuse_type":"RESIDENTIAL","landuse_subcategory":"RESIDENTIAL","scheme_cod":"RPS07","investment":0,"employment":0,"plotstatus":"Allotted","landallotementstatus":"SOLD","landallotementtype":"ALLOTTED","allotmentid":"RPS071561","allotment_date":1698777000000,"rate_of_allotment":24900,"village_name":"Dhanauri","khasra_no":"1706","longitude":77.61127125,"latitude":28.33610646,"authority":"YEIDA","category":"residential","execution_stage":"allotted"}},{"type":"Feature","geometry":{"type":"Polygon","coordinates":[[[77.611371,28.33615],[77.611373,28.33624],[77.611175,28.336243],[77.611173,28.336153],[77.611371,28.33615]]]},"properties":{"objectid":1695,"uniqueplotid":"PLNGRESIDENTIAL1695","plotmap_id":"SECTOR-16_214_G_RESI","plotidentificationnumber":"214","plotno":"214","industrysector":"SECTOR-16","block":"G","plotsize":"200 SQMT","plotsize_at_the_time_of_allotme":"200 SQMT","landuse_type":"RESIDENTIAL","landuse_subcategory":"RESIDENTIAL","scheme_cod":"RPS07","investment":0,"employment":0,"plotstatus":"Allotted","landallotementstatus":"SOLD","landallotementtype":"ALLOTTED","allotmentid":"RPS071835","allotment_date":1698777000000,"rate_of_allotment":24900,"village_name":"Dhanauri","khasra_no":"1706","longitude":77.61127306,"latitude":28.33619623,"authority":"YEIDA","category":"residential","execution_stage":"allotted"}},{"type":"Feature","geometry":{"type":"Polygon","coordinates":[[[77.611373,28.33624],[77.611375,28.336329],[77.611176,28.336332],[77.611175,28.336243],[77.611373,28.33624]]]},"properties":{"objectid":1696,"uniqueplotid":"PLNGRESIDENTIAL1696","plotmap_id":"SECTOR-16_214_G_RESI","plotidentificationnumber":"214","plotno":"214","industrysector":"SECTOR-16","block":"G","plotsize":"200 SQMT","plotsize_at_the_time_of_allotme":"200 SQMT","landuse_type":"RESIDENTIAL","landuse_subcategory":"RESIDENTIAL","scheme_cod":"RPS07","investment":0,"employment":0,"plotstatus":"Allotted","landallotementstatus":"SOLD","landallotementtype":"ALLOTTED","allotmentid":"RPS071835","allotment_date":1698777000000,"rate_of_allotment":24900,"village_name":"Dhanauri","khasra_no":"1706,1705","longitude":77.61127487,"latitude":28.33628599,"authority":"YEIDA","category":"residential","execution_stage":"allotted"}},{"type":"Feature","geometry":{"type":"Polygon","coordinates":[[[77.611375,28.336329],[77.611377,28.336419],[77.611178,28.336422],[77.611176,28.336332],[77.611375,28.336329]]]},"properties":{"objectid":1697,"uniqueplotid":"PLNGRESIDENTIAL1697","plotmap_id":"SECTOR-16_216_G_RESI","plotidentificationnumber":"216","plotno":"216","industrysector":"SECTOR-16","block":"G","plotsize":"200 SQMT","plotsize_at_the_time_of_allotme":"200 SQMT","landuse_type":"RESIDENTIAL","landuse_subcategory":"RESIDENTIAL","scheme_cod":"RPS07","investment":0,"employment":0,"plotstatus":"Allotted","landallotementstatus":"SOLD","landallotementtype":"ALLOTTED","allotmentid":"RPS071537","allotment_date":1698777000000,"rate_of_allotment":24900,"village_name":"Dhanauri","khasra_no":"1706,1705","longitude":77.61127668,"latitude":28.336375760000003,"authority":"YEIDA","category":"residential","execution_stage":"allotted"}},{"type":"Feature","geometry":{"type":"Polygon","coordinates":[[[77.611377,28.336419],[77.611379,28.336522],[77.61118,28.336524],[77.611178,28.336422],[77.611377,28.336419]]]},"properties":{"objectid":1698,"uniqueplotid":"PLNGRESIDENTIAL1698","plotmap_id":"SECTOR-16_217_G_RESI","plotidentificationnumber":"217","plotno":"217","industrysector":"SECTOR-16","block":"G","plotsize":"200 SQMT","plotsize_at_the_time_of_allotme":"200 SQMT","landuse_type":"RESIDENTIAL","landuse_subcategory":"RESIDENTIAL","scheme_cod":"RPS07","investment":0,"employment":0,"plotstatus":"Allotted","landallotementstatus":"SOLD","landallotementtype":"ALLOTTED","allotmentid":"RPS071724","allotment_date":1698777000000,"rate_of_allotment":24900,"village_name":"Dhanauri","khasra_no":"1706,1705","longitude":77.61127862,"latitude":28.33647183,"authority":"YEIDA","category":"residential","execution_stage":"allotted"}},{"type":"Feature","geometry":{"type":"Polygon","coordinates":[[[77.61157,28.336147],[77.611572,28.336237],[77.611373,28.33624],[77.611371,28.33615],[77.61157,28.336147]]]},"properties":{"objectid":1699,"uniqueplotid":"PLNGRESIDENTIAL1699","plotmap_id":"SECTOR-16_221_G_RESI","plotidentificationnumber":"221","plotno":"221","industrysector":"SECTOR-16","block":"G","plotsize":"200 SQMT","plotsize_at_the_time_of_allotme":"200 SQMT","landuse_type":"RESIDENTIAL","landuse_subcategory":"RESIDENTIAL","scheme_cod":"RPS07","investment":0,"employment":0,"plotstatus":"Allotted","landallotementstatus":"SOLD","landallotementtype":"ALLOTTED","allotmentid":"RPS071605","allotment_date":1698777000000,"rate_of_allotment":24900,"village_name":"Dhanauri","khasra_no":"1706,1705","longitude":77.61147171,"latitude":28.336193339999998,"authority":"YEIDA","category":"residential","execution_stage":"allotted"}},{"type":"Feature","geometry":{"type":"Polygon","coordinates":[[[77.611572,28.336237],[77.611574,28.336327],[77.611375,28.336329],[77.611373,28.33624],[77.611572,28.336237]]]},"properties":{"objectid":1700,"uniqueplotid":"PLNGRESIDENTIAL1700","plotmap_id":"SECTOR-16_220_G_RESI","plotidentificationnumber":"220","plotno":"220","industrysector":"SECTOR-16","block":"G","plotsize":"200 SQMT","plotsize_at_the_time_of_allotme":"200 SQMT","landuse_type":"RESIDENTIAL","landuse_subcategory":"RESIDENTIAL","scheme_cod":"RPS07","investment":0,"employment":0,"plotstatus":"Allotted","landallotementstatus":"SOLD","landallotementtype":"ALLOTTED","allotmentid":"RPS071608","allotment_date":1698777000000,"rate_of_allotment":24900,"village_name":"Dhanauri","khasra_no":"1706,1705","longitude":77.61147353,"latitude":28.336283100000003,"authority":"YEIDA","category":"residential","execution_stage":"allotted"}},{"type":"Feature","geometry":{"type":"Polygon","coordinates":[[[77.611574,28.336327],[77.611576,28.336416],[77.611377,28.336419],[77.611375,28.336329],[77.611574,28.336327]]]},"properties":{"objectid":1701,"uniqueplotid":"PLNGRESIDENTIAL1701","plotmap_id":"SECTOR-16_219_G_RESI","plotidentificationnumber":"219","plotno":"219","industrysector":"SECTOR-16","block":"G","plotsize":"200 SQMT","plotsize_at_the_time_of_allotme":"200 SQMT","landuse_type":"RESIDENTIAL","landuse_subcategory":"RESIDENTIAL","scheme_cod":"RPS07","investment":0,"employment":0,"plotstatus":"Allotted","landallotementstatus":"SOLD","landallotementtype":"ALLOTTED","allotmentid":"RPS071602","allotment_date":1698777000000,"rate_of_allotment":24900,"village_name":"Dhanauri","khasra_no":"1705","longitude":77.61147534,"latitude":28.33637287,"authority":"YEIDA","category":"residential","execution_stage":"allotted"}},{"type":"Feature","geometry":{"type":"Polygon","coordinates":[[[77.611576,28.336416],[77.611578,28.336519],[77.611379,28.336522],[77.611377,28.336419],[77.611576,28.336416]]]},"properties":{"objectid":1702,"uniqueplotid":"PLNGRESIDENTIAL1702","plotmap_id":"SECTOR-16_218_G_RESI","plotidentificationnumber":"218","plotno":"218","industrysector":"SECTOR-16","block":"G","plotsize":"200 SQMT","plotsize_at_the_time_of_allotme":"200 SQMT","landuse_type":"RESIDENTIAL","landuse_subcategory":"RESIDENTIAL","scheme_cod":"RPS07","investment":0,"employment":0,"plotstatus":"Allotted","landallotementstatus":"SOLD","landallotementtype":"ALLOTTED","allotmentid":"RPS071476","allotment_date":1698777000000,"rate_of_allotment":24900,"village_name":"Dhanauri","khasra_no":"1705","longitude":77.61147728,"latitude":28.33646895,"authority":"YEIDA","category":"residential","execution_stage":"allotted"}},{"type":"Feature","geometry":{"type":"Polygon","coordinates":[[[77.612778,28.33595],[77.61278,28.33604],[77.612581,28.336043],[77.61258,28.335953],[77.612778,28.33595]]]},"properties":{"objectid":1703,"uniqueplotid":"PLNGRESIDENTIAL1703","plotmap_id":"SECTOR-16_242_G_RESI","plotidentificationnumber":"242","plotno":"242","industrysector":"SECTOR-16","block":"G","plotsize":"200 SQMT","plotsize_at_the_time_of_allotme":"200 SQMT","landuse_type":"RESIDENTIAL","landuse_subcategory":"RESIDENTIAL","scheme_cod":"RPS07","investment":0,"employment":0,"plotstatus":"Allotted","landallotementstatus":"SOLD","landallotementtype":"ALLOTTED","allotmentid":"RPS071872","allotment_date":1698777000000,"rate_of_allotment":24900,"village_name":"Dhanauri","khasra_no":"1529,1576","longitude":77.61267988,"latitude":28.33599619,"authority":"YEIDA","category":"residential","execution_stage":"allotted"}},{"type":"Feature","geometry":{"type":"Polygon","coordinates":[[[77.61278,28.33604],[77.612782,28.336129],[77.612583,28.336132],[77.612581,28.336043],[77.61278,28.33604]]]},"properties":{"objectid":1704,"uniqueplotid":"PLNGRESIDENTIAL1704","plotmap_id":"SECTOR-16_243_G_RESI","plotidentificationnumber":"243","plotno":"243","industrysector":"SECTOR-16","block":"G","plotsize":"200 SQMT","plotsize_at_the_time_of_allotme":"200 SQMT","landuse_type":"RESIDENTIAL","landuse_subcategory":"RESIDENTIAL","scheme_cod":"RPS07","investment":0,"employment":0,"plotstatus":"Allotted","landallotementstatus":"SOLD","landallotementtype":"ALLOTTED","allotmentid":"RPS071711","allotment_date":1698777000000,"rate_of_allotment":24900,"village_name":"Dhanauri","khasra_no":"1529","longitude":77.6126817,"latitude":28.336085949999998,"authority":"YEIDA","category":"residential","execution_stage":"allotted"}},{"type":"Feature","geometry":{"type":"Polygon","coordinates":[[[77.612782,28.336129],[77.612784,28.336219],[77.612585,28.336222],[77.612583,28.336132],[77.612782,28.336129]]]},"properties":{"objectid":1705,"uniqueplotid":"PLNGRESIDENTIAL1705","plotmap_id":"SECTOR-16_244_G_RESI","plotidentificationnumber":"244","plotno":"244","industrysector":"SECTOR-16","block":"G","plotsize":"200 SQMT","plotsize_at_the_time_of_allotme":"200 SQMT","landuse_type":"RESIDENTIAL","landuse_subcategory":"RESIDENTIAL","scheme_cod":"RPS07","investment":0,"employment":0,"plotstatus":"Allotted","landallotementstatus":"SOLD","landallotementtype":"ALLOTTED","allotmentid":"RPS071585","allotment_date":1698777000000,"rate_of_allotment":24900,"village_name":"Dhanauri","khasra_no":"1529","longitude":77.61268351,"latitude":28.33617572,"authority":"YEIDA","category":"residential","execution_stage":"allotted"}},{"type":"Feature","geometry":{"type":"Polygon","coordinates":[[[77.612784,28.336219],[77.612786,28.336309],[77.612587,28.336312],[77.612585,28.336222],[77.612784,28.336219]]]},"properties":{"objectid":1706,"uniqueplotid":"PLNGRESIDENTIAL1706","plotmap_id":"SECTOR-16_245_G_RESI","plotidentificationnumber":"245","plotno":"245","industrysector":"SECTOR-16","block":"G","plotsize":"200 SQMT","plotsize_at_the_time_of_allotme":"200 SQMT","landuse_type":"RESIDENTIAL","landuse_subcategory":"RESIDENTIAL","scheme_cod":"RPS07","investment":0,"employment":0,"plotstatus":"Allotted","landallotementstatus":"SOLD","landallotementtype":"ALLOTTED","allotmentid":"RPS071592","allotment_date":1698777000000,"rate_of_allotment":24900,"village_name":"Dhanauri","khasra_no":"1529","longitude":77.61268532,"latitude":28.33626548,"authority":"YEIDA","category":"residential","execution_stage":"allotted"}},{"type":"Feature","geometry":{"type":"Polygon","coordinates":[[[77.612786,28.336309],[77.612787,28.336399],[77.612589,28.336402],[77.612587,28.336312],[77.612786,28.336309]]]},"properties":{"objectid":1707,"uniqueplotid":"PLNGRESIDENTIAL1707","plotmap_id":"SECTOR-16_246_G_RESI","plotidentificationnumber":"246","plotno":"246","industrysector":"SECTOR-16","block":"G","plotsize":"200 SQMT","plotsize_at_the_time_of_allotme":"200 SQMT","landuse_type":"RESIDENTIAL","landuse_subcategory":"RESIDENTIAL","scheme_cod":"RPS07","investment":0,"employment":0,"plotstatus":"Allotted","landallotementstatus":"SOLD","landallotementtype":"ALLOTTED","allotmentid":"RPS071694","allotment_date":1698777000000,"rate_of_allotment":24900,"village_name":"Dhanauri","khasra_no":"1529,1528","longitude":77.61268713,"latitude":28.33635525,"authority":"YEIDA","category":"residential","execution_stage":"allotted"}},{"type":"Feature","geometry":{"type":"Polygon","coordinates":[[[77.612787,28.336399],[77.612789,28.336501],[77.612591,28.336504],[77.612589,28.336402],[77.612787,28.336399]]]},"properties":{"objectid":1708,"uniqueplotid":"PLNGRESIDENTIAL1708","plotmap_id":"SECTOR-16_247_G_RESI","plotidentificationnumber":"247","plotno":"247","industrysector":"SECTOR-16","block":"G","plotsize":"200 SQMT","plotsize_at_the_time_of_allotme":"200 SQMT","landuse_type":"RESIDENTIAL","landuse_subcategory":"RESIDENTIAL","scheme_cod":"RPS07","investment":0,"employment":0,"plotstatus":"Allotted","landallotementstatus":"SOLD","landallotementtype":"ALLOTTED","allotmentid":"RPS071719","allotment_date":1698777000000,"rate_of_allotment":24900,"village_name":"Dhanauri","khasra_no":"1529,1527,1528","longitude":77.61268907,"latitude":28.336451330000003,"authority":"YEIDA","category":"residential","execution_stage":"allotted"}},{"type":"Feature","geometry":{"type":"Polygon","coordinates":[[[77.612977,28.335947],[77.612979,28.336037],[77.61278,28.33604],[77.612778,28.33595],[77.612977,28.335947]]]},"properties":{"objectid":1709,"uniqueplotid":"PLNGRESIDENTIAL1709","plotmap_id":"SECTOR-16_253_G_RESI","plotidentificationnumber":"253","plotno":"253","industrysector":"SECTOR-16","block":"G","plotsize":"200 SQMT","plotsize_at_the_time_of_allotme":"200 SQMT","landuse_type":"RESIDENTIAL","landuse_subcategory":"RESIDENTIAL","scheme_cod":"RPS07","investment":0,"employment":0,"plotstatus":"Allotted","landallotementstatus":"SOLD","landallotementtype":"ALLOTTED","allotmentid":"RPS071551","allotment_date":1698777000000,"rate_of_allotment":24900,"village_name":"Dhanauri","khasra_no":"1529,1576","longitude":77.61287854,"latitude":28.3359933,"authority":"YEIDA","category":"residential","execution_stage":"allotted"}},{"type":"Feature","geometry":{"type":"Polygon","coordinates":[[[77.612979,28.336037],[77.612981,28.336127],[77.612782,28.336129],[77.61278,28.33604],[77.612979,28.336037]]]},"properties":{"objectid":1710,"uniqueplotid":"PLNGRESIDENTIAL1710","plotmap_id":"SECTOR-16_252_G_RESI","plotidentificationnumber":"252","plotno":"252","industrysector":"SECTOR-16","block":"G","plotsize":"200 SQMT","plotsize_at_the_time_of_allotme":"200 SQMT","landuse_type":"RESIDENTIAL","landuse_subcategory":"RESIDENTIAL","scheme_cod":"RPS07","investment":0,"employment":0,"plotstatus":"Allotted","landallotementstatus":"SOLD","landallotementtype":"ALLOTTED","allotmentid":"RPS071824","allotment_date":1698777000000,"rate_of_allotment":24900,"village_name":"Dhanauri","khasra_no":"1529,1576","longitude":77.61288035,"latitude":28.336083069999997,"authority":"YEIDA","category":"residential","execution_stage":"allotted"}},{"type":"Feature","geometry":{"type":"Polygon","coordinates":[[[77.612981,28.336127],[77.612982,28.336216],[77.612784,28.336219],[77.612782,28.336129],[77.612981,28.336127]]]},"properties":{"objectid":1711,"uniqueplotid":"PLNGRESIDENTIAL1711","plotmap_id":"SECTOR-16_251_G_RESI","plotidentificationnumber":"251","plotno":"251","industrysector":"SECTOR-16","block":"G","plotsize":"200 SQMT","plotsize_at_the_time_of_allotme":"200 SQMT","landuse_type":"RESIDENTIAL","landuse_subcategory":"RESIDENTIAL","scheme_cod":"RPS07","investment":0,"employment":0,"plotstatus":"Allotted","landallotementstatus":"SOLD","landallotementtype":"ALLOTTED","allotmentid":"RPS071649","allotment_date":1698777000000,"rate_of_allotment":24900,"village_name":"Dhanauri","khasra_no":"1529","longitude":77.61288216,"latitude":28.33617283,"authority":"YEIDA","category":"residential","execution_stage":"allotted"}},{"type":"Feature","geometry":{"type":"Polygon","coordinates":[[[77.612982,28.336216],[77.612984,28.336306],[77.612786,28.336309],[77.612784,28.336219],[77.612982,28.336216]]]},"properties":{"objectid":1712,"uniqueplotid":"PLNGRESIDENTIAL1712","plotmap_id":"SECTOR-16_250_G_RESI","plotidentificationnumber":"250","plotno":"250","industrysector":"SECTOR-16","block":"G","plotsize":"200 SQMT","plotsize_at_the_time_of_allotme":"200 SQMT","landuse_type":"RESIDENTIAL","landuse_subcategory":"RESIDENTIAL","scheme_cod":"RPS07","investment":0,"employment":0,"plotstatus":"Allotted","landallotementstatus":"SOLD","landallotementtype":"ALLOTTED","allotmentid":"RPS071704","allotment_date":1698777000000,"rate_of_allotment":24900,"village_name":"Dhanauri","khasra_no":"1529","longitude":77.61288397,"latitude":28.33626259,"authority":"YEIDA","category":"residential","execution_stage":"allotted"}},{"type":"Feature","geometry":{"type":"Polygon","coordinates":[[[77.612984,28.336306],[77.612986,28.336396],[77.612787,28.336399],[77.612786,28.336309],[77.612984,28.336306]]]},"properties":{"objectid":1713,"uniqueplotid":"PLNGRESIDENTIAL1713","plotmap_id":"SECTOR-16_249_G_RESI","plotidentificationnumber":"249","plotno":"249","industrysector":"SECTOR-16","block":"G","plotsize":"200 SQMT","plotsize_at_the_time_of_allotme":"200 SQMT","landuse_type":"RESIDENTIAL","landuse_subcategory":"RESIDENTIAL","scheme_cod":"RPS07","investment":0,"employment":0,"plotstatus":"Allotted","landallotementstatus":"SOLD","landallotementtype":"ALLOTTED","allotmentid":"RPS071490","allotment_date":1698777000000,"rate_of_allotment":24900,"village_name":"Dhanauri","khasra_no":"1529","longitude":77.61288578999999,"latitude":28.336352360000003,"authority":"YEIDA","category":"residential","execution_stage":"allotted"}},{"type":"Feature","geometry":{"type":"Polygon","coordinates":[[[77.612986,28.336396],[77.612988,28.336498],[77.612789,28.336501],[77.612787,28.336399],[77.612986,28.336396]]]},"properties":{"objectid":1714,"uniqueplotid":"PLNGRESIDENTIAL1714","plotmap_id":"SECTOR-16_248_G_RESI","plotidentificationnumber":"248","plotno":"248","industrysector":"SECTOR-16","block":"G","plotsize":"200 SQMT","plotsize_at_the_time_of_allotme":"200 SQMT","landuse_type":"RESIDENTIAL","landuse_subcategory":"RESIDENTIAL","scheme_cod":"RPS07","investment":0,"employment":0,"plotstatus":"Allotted","landallotementstatus":"SOLD","landallotementtype":"ALLOTTED","allotmentid":"RPS071588","allotment_date":1698777000000,"rate_of_allotment":24900,"village_name":"Dhanauri","khasra_no":"1529","longitude":77.61288773,"latitude":28.33644844,"authority":"YEIDA","category":"residential","execution_stage":"allotted"}},{"type":"Feature","geometry":{"type":"Polygon","coordinates":[[[77.613071,28.336659],[77.613075,28.336883],[77.612956,28.336885],[77.612952,28.33666],[77.613071,28.336659]]]},"properties":{"objectid":1715,"uniqueplotid":"PLNGRESIDENTIAL1715","plotmap_id":"SECTOR-16_335_G_RESI","plotidentificationnumber":"335","plotno":"335","industrysector":"SECTOR-16","block":"G","plotsize":"300 SQMT","plotsize_at_the_time_of_allotme":"300 SQMT","landuse_type":"RESIDENTIAL","landuse_subcategory":"RESIDENTIAL","scheme_cod":"RPS07","investment":0,"employment":0,"plotstatus":"Allotted","landallotementstatus":"SOLD","landallotementtype":"ALLOTTED","allotmentid":"RPS072103","allotment_date":1698777000000,"rate_of_allotment":24900,"village_name":"Dhanauri","khasra_no":"1529","longitude":77.61301348,"latitude":28.336771680000002,"authority":"YEIDA","category":"residential","execution_stage":"allotted"}},{"type":"Feature","geometry":{"type":"Polygon","coordinates":[[[77.612762,28.335142],[77.612764,28.335232],[77.612565,28.335235],[77.612563,28.335145],[77.612762,28.335142]]]},"properties":{"objectid":1716,"uniqueplotid":"PLNGRESIDENTIAL1716","plotmap_id":"SECTOR-16_233_G_RESI","plotidentificationnumber":"233","plotno":"233","industrysector":"SECTOR-16","block":"G","plotsize":"200 SQMT","plotsize_at_the_time_of_allotme":"200 SQMT","landuse_type":"RESIDENTIAL","landuse_subcategory":"RESIDENTIAL","scheme_cod":"RPS07","investment":0,"employment":0,"plotstatus":"Allotted","landallotementstatus":"SOLD","landallotementtype":"ALLOTTED","allotmentid":"RPS071913","allotment_date":1698777000000,"rate_of_allotment":24900,"village_name":"Dhanauri","khasra_no":"1578","longitude":77.61266357,"latitude":28.33518831,"authority":"YEIDA","category":"residential","execution_stage":"allotted"}},{"type":"Feature","geometry":{"type":"Polygon","coordinates":[[[77.612764,28.335232],[77.612766,28.335322],[77.612567,28.335324],[77.612565,28.335235],[77.612764,28.335232]]]},"properties":{"objectid":1717,"uniqueplotid":"PLNGRESIDENTIAL1717","plotmap_id":"SECTOR-16_234_G_RESI","plotidentificationnumber":"234","plotno":"234","industrysector":"SECTOR-16","block":"G","plotsize":"200 SQMT","plotsize_at_the_time_of_allotme":"200 SQMT","landuse_type":"RESIDENTIAL","landuse_subcategory":"RESIDENTIAL","scheme_cod":"RPS07","investment":0,"employment":0,"plotstatus":"Allotted","landallotementstatus":"SOLD","landallotementtype":"ALLOTTED","allotmentid":"RPS071814","allotment_date":1698777000000,"rate_of_allotment":24900,"village_name":"Dhanauri","khasra_no":"1578","longitude":77.61266538,"latitude":28.335278080000002,"authority":"YEIDA","category":"residential","execution_stage":"allotted"}},{"type":"Feature","geometry":{"type":"Polygon","coordinates":[[[77.612961,28.335139],[77.612962,28.335229],[77.612764,28.335232],[77.612762,28.335142],[77.612961,28.335139]]]},"properties":{"objectid":1718,"uniqueplotid":"PLNGRESIDENTIAL1718","plotmap_id":"SECTOR-16_262_G_RESI","plotidentificationnumber":"262","plotno":"262","industrysector":"SECTOR-16","block":"G","plotsize":"200 SQMT","plotsize_at_the_time_of_allotme":"200 SQMT","landuse_type":"RESIDENTIAL","landuse_subcategory":"RESIDENTIAL","scheme_cod":"RPS07","investment":0,"employment":0,"plotstatus":"Allotted","landallotementstatus":"SOLD","landallotementtype":"ALLOTTED","allotmentid":"RPS071791","allotment_date":1698777000000,"rate_of_allotment":24900,"village_name":"Dhanauri","khasra_no":"1577,1578","longitude":77.61286222,"latitude":28.335185420000002,"authority":"YEIDA","category":"residential","execution_stage":"allotted"}},{"type":"Feature","geometry":{"type":"Polygon","coordinates":[[[77.612962,28.335229],[77.612964,28.335319],[77.612766,28.335322],[77.612764,28.335232],[77.612962,28.335229]]]},"properties":{"objectid":1719,"uniqueplotid":"PLNGRESIDENTIAL1719","plotmap_id":"SECTOR-16_261_G_RESI","plotidentificationnumber":"261","plotno":"261","industrysector":"SECTOR-16","block":"G","plotsize":"200 SQMT","plotsize_at_the_time_of_allotme":"200 SQMT","landuse_type":"RESIDENTIAL","landuse_subcategory":"RESIDENTIAL","scheme_cod":"RPS07","investment":0,"employment":0,"plotstatus":"Allotted","landallotementstatus":"SOLD","landallotementtype":"ALLOTTED","allotmentid":"RPS071800","allotment_date":1698777000000,"rate_of_allotment":24900,"village_name":"Dhanauri","khasra_no":"1577,1578","longitude":77.61286403999999,"latitude":28.33527519,"authority":"YEIDA","category":"residential","execution_stage":"allotted"}},{"type":"Feature","geometry":{"type":"Polygon","coordinates":[[[77.613295,28.335942],[77.613297,28.336032],[77.613098,28.336035],[77.613096,28.335945],[77.613295,28.335942]]]},"properties":{"objectid":1720,"uniqueplotid":"PLNGRESIDENTIAL1720","plotmap_id":"SECTOR-16_272_G_RESI","plotidentificationnumber":"272","plotno":"272","industrysector":"SECTOR-16","block":"G","plotsize":"200 SQMT","plotsize_at_the_time_of_allotme":"200 SQMT","landuse_type":"RESIDENTIAL","landuse_subcategory":"RESIDENTIAL","scheme_cod":"RPS07","investment":0,"employment":0,"plotstatus":"Allotted","landallotementstatus":"SOLD","landallotementtype":"ALLOTTED","allotmentid":"RPS071505","allotment_date":1698777000000,"rate_of_allotment":24900,"village_name":"Dhanauri","khasra_no":"1576","longitude":77.61319638,"latitude":28.33598868,"authority":"YEIDA","category":"residential","execution_stage":"allotted"}},{"type":"Feature","geometry":{"type":"Polygon","coordinates":[[[77.613297,28.336032],[77.613298,28.336122],[77.6131,28.336125],[77.613098,28.336035],[77.613297,28.336032]]]},"properties":{"objectid":1721,"uniqueplotid":"PLNGRESIDENTIAL1721","plotmap_id":"SECTOR-16_273_G_RESI","plotidentificationnumber":"273","plotno":"273","industrysector":"SECTOR-16","block":"G","plotsize":"200 SQMT","plotsize_at_the_time_of_allotme":"200 SQMT","landuse_type":"RESIDENTIAL","landuse_subcategory":"RESIDENTIAL","scheme_cod":"RPS07","investment":0,"employment":0,"plotstatus":"Allotted","landallotementstatus":"SOLD","landallotementtype":"ALLOTTED","allotmentid":"RPS071828","allotment_date":1698777000000,"rate_of_allotment":24900,"village_name":"Dhanauri","khasra_no":"1576","longitude":77.6131982,"latitude":28.33607845,"authority":"YEIDA","category":"residential","execution_stage":"allotted"}},{"type":"Feature","geometry":{"type":"Polygon","coordinates":[[[77.613298,28.336122],[77.6133,28.336212],[77.613102,28.336215],[77.6131,28.336125],[77.613298,28.336122]]]},"properties":{"objectid":1722,"uniqueplotid":"PLNGRESIDENTIAL1722","plotmap_id":"SECTOR-16_274_G_RESI","plotidentificationnumber":"274","plotno":"274","industrysector":"SECTOR-16","block":"G","plotsize":"200 SQMT","plotsize_at_the_time_of_allotme":"200 SQMT","landuse_type":"RESIDENTIAL","landuse_subcategory":"RESIDENTIAL","scheme_cod":"RPS07","investment":0,"employment":0,"plotstatus":"Allotted","landallotementstatus":"SOLD","landallotementtype":"ALLOTTED","allotmentid":"RPS071616","allotment_date":1698777000000,"rate_of_allotment":24900,"village_name":"Dhanauri","khasra_no":"1576","longitude":77.61320001,"latitude":28.336168209999997,"authority":"YEIDA","category":"residential","execution_stage":"allotted"}},{"type":"Feature","geometry":{"type":"Polygon","coordinates":[[[77.6133,28.336212],[77.613302,28.336301],[77.613103,28.336304],[77.613102,28.336215],[77.6133,28.336212]]]},"properties":{"objectid":1723,"uniqueplotid":"PLNGRESIDENTIAL1723","plotmap_id":"SECTOR-16_275_G_RESI","plotidentificationnumber":"275","plotno":"275","industrysector":"SECTOR-16","block":"G","plotsize":"200 SQMT","plotsize_at_the_time_of_allotme":"200 SQMT","landuse_type":"RESIDENTIAL","landuse_subcategory":"RESIDENTIAL","scheme_cod":"RPS07","investment":0,"employment":0,"plotstatus":"Allotted","landallotementstatus":"SOLD","landallotementtype":"ALLOTTED","allotmentid":"RPS071849","allotment_date":1698777000000,"rate_of_allotment":24900,"village_name":"Dhanauri","khasra_no":"1529,1576","longitude":77.61320182,"latitude":28.336257970000002,"authority":"YEIDA","category":"residential","execution_stage":"allotted"}},{"type":"Feature","geometry":{"type":"Polygon","coordinates":[[[77.613302,28.336301],[77.613304,28.336391],[77.613105,28.336394],[77.613103,28.336304],[77.613302,28.336301]]]},"properties":{"objectid":1724,"uniqueplotid":"PLNGRESIDENTIAL1724","plotmap_id":"SECTOR-16_276_G_RESI","plotidentificationnumber":"276","plotno":"276","industrysector":"SECTOR-16","block":"G","plotsize":"200 SQMT","plotsize_at_the_time_of_allotme":"200 SQMT","landuse_type":"RESIDENTIAL","landuse_subcategory":"RESIDENTIAL","scheme_cod":"RPS07","investment":0,"employment":0,"plotstatus":"Allotted","landallotementstatus":"SOLD","landallotementtype":"ALLOTTED","allotmentid":"RPS071479","allotment_date":1698777000000,"rate_of_allotment":24900,"village_name":"Dhanauri","khasra_no":"1529,1576","longitude":77.61320363,"latitude":28.33634774,"authority":"YEIDA","category":"residential","execution_stage":"allotted"}},{"type":"Feature","geometry":{"type":"Polygon","coordinates":[[[77.613304,28.336391],[77.613306,28.336494],[77.613107,28.336496],[77.613105,28.336394],[77.613304,28.336391]]]},"properties":{"objectid":1725,"uniqueplotid":"PLNGRESIDENTIAL1725","plotmap_id":"SECTOR-16_277_G_RESI","plotidentificationnumber":"277","plotno":"277","industrysector":"SECTOR-16","block":"G","plotsize":"200 SQMT","plotsize_at_the_time_of_allotme":"200 SQMT","landuse_type":"RESIDENTIAL","landuse_subcategory":"RESIDENTIAL","scheme_cod":"RPS07","investment":0,"employment":0,"plotstatus":"Allotted","landallotementstatus":"SOLD","landallotementtype":"ALLOTTED","allotmentid":"RPS071768","allotment_date":1698777000000,"rate_of_allotment":24900,"village_name":"Dhanauri","khasra_no":"1529","longitude":77.61320558000001,"latitude":28.33644382,"authority":"YEIDA","category":"residential","execution_stage":"allotted"}},{"type":"Feature","geometry":{"type":"Polygon","coordinates":[[[77.61319,28.336657],[77.613195,28.336881],[77.613075,28.336883],[77.613071,28.336659],[77.61319,28.336657]]]},"properties":{"objectid":1726,"uniqueplotid":"PLNGRESIDENTIAL1726","plotmap_id":"SECTOR-16_334_G_RESI","plotidentificationnumber":"334","plotno":"334","industrysector":"SECTOR-16","block":"G","plotsize":"300 SQMT","plotsize_at_the_time_of_allotme":"300 SQMT","landuse_type":"RESIDENTIAL","landuse_subcategory":"RESIDENTIAL","scheme_cod":"RPS07","investment":0,"employment":0,"plotstatus":"Allotted","landallotementstatus":"SOLD","landallotementtype":"ALLOTTED","allotmentid":"RPS071938","allotment_date":1698777000000,"rate_of_allotment":24900,"village_name":"Dhanauri","khasra_no":"1529","longitude":77.61313268,"latitude":28.33676995,"authority":"YEIDA","category":"residential","execution_stage":"allotted"}},{"type":"Feature","geometry":{"type":"Polygon","coordinates":[[[77.613309,28.336655],[77.613314,28.33688],[77.613195,28.336881],[77.61319,28.336657],[77.613309,28.336655]]]},"properties":{"objectid":1727,"uniqueplotid":"PLNGRESIDENTIAL1727","plotmap_id":"SECTOR-16_333_G_RESI","plotidentificationnumber":"333","plotno":"333","industrysector":"SECTOR-16","block":"G","plotsize":"300 SQMT","plotsize_at_the_time_of_allotme":"300 SQMT","landuse_type":"RESIDENTIAL","landuse_subcategory":"RESIDENTIAL","scheme_cod":"RPS07","investment":0,"employment":0,"plotstatus":"Allotted","landallotementstatus":"SOLD","landallotementtype":"ALLOTTED","allotmentid":"RPS071947","allotment_date":1698777000000,"rate_of_allotment":24900,"village_name":"Dhanauri","khasra_no":"1529","longitude":77.61325187,"latitude":28.33676821,"authority":"YEIDA","category":"residential","execution_stage":"allotted"}},{"type":"Feature","geometry":{"type":"Polygon","coordinates":[[[77.613493,28.335939],[77.613495,28.336029],[77.613297,28.336032],[77.613295,28.335942],[77.613493,28.335939]]]},"properties":{"objectid":1728,"uniqueplotid":"PLNGRESIDENTIAL1728","plotmap_id":"SECTOR-16_283_G_RESI","plotidentificationnumber":"283","plotno":"283","industrysector":"SECTOR-16","block":"G","plotsize":"200 SQMT","plotsize_at_the_time_of_allotme":"200 SQMT","landuse_type":"RESIDENTIAL","landuse_subcategory":"RESIDENTIAL","scheme_cod":"RPS07","investment":0,"employment":0,"plotstatus":"Allotted","landallotementstatus":"SOLD","landallotementtype":"ALLOTTED","allotmentid":"RPS071522","allotment_date":1698777000000,"rate_of_allotment":24900,"village_name":"Dhanauri","khasra_no":"1576","longitude":77.61339504,"latitude":28.33598579,"authority":"YEIDA","category":"residential","execution_stage":"allotted"}},{"type":"Feature","geometry":{"type":"Polygon","coordinates":[[[77.613495,28.336029],[77.613497,28.336119],[77.613298,28.336122],[77.613297,28.336032],[77.613495,28.336029]]]},"properties":{"objectid":1729,"uniqueplotid":"PLNGRESIDENTIAL1729","plotmap_id":"SECTOR-16_282_G_RESI","plotidentificationnumber":"282","plotno":"282","industrysector":"SECTOR-16","block":"G","plotsize":"200 SQMT","plotsize_at_the_time_of_allotme":"200 SQMT","landuse_type":"RESIDENTIAL","landuse_subcategory":"RESIDENTIAL","scheme_cod":"RPS07","investment":0,"employment":0,"plotstatus":"Allotted","landallotementstatus":"SOLD","landallotementtype":"ALLOTTED","allotmentid":"RPS071780","allotment_date":1698777000000,"rate_of_allotment":24900,"village_name":"Dhanauri","khasra_no":"1576","longitude":77.61339685,"latitude":28.336075559999998,"authority":"YEIDA","category":"residential","execution_stage":"allotted"}},{"type":"Feature","geometry":{"type":"Polygon","coordinates":[[[77.613497,28.336119],[77.613499,28.336209],[77.6133,28.336212],[77.613298,28.336122],[77.613497,28.336119]]]},"properties":{"objectid":1730,"uniqueplotid":"PLNGRESIDENTIAL1730","plotmap_id":"SECTOR-16_281_G_RESI","plotidentificationnumber":"281","plotno":"281","industrysector":"SECTOR-16","block":"G","plotsize":"200 SQMT","plotsize_at_the_time_of_allotme":"200 SQMT","landuse_type":"RESIDENTIAL","landuse_subcategory":"RESIDENTIAL","scheme_cod":"RPS07","investment":0,"employment":0,"plotstatus":"Allotted","landallotementstatus":"SOLD","landallotementtype":"ALLOTTED","allotmentid":"RPS071457","allotment_date":1698777000000,"rate_of_allotment":24900,"village_name":"Dhanauri","khasra_no":"1576","longitude":77.61339866,"latitude":28.33616532,"authority":"YEIDA","category":"residential","execution_stage":"allotted"}},{"type":"Feature","geometry":{"type":"Polygon","coordinates":[[[77.613499,28.336209],[77.613501,28.336299],[77.613302,28.336301],[77.6133,28.336212],[77.613499,28.336209]]]},"properties":{"objectid":1731,"uniqueplotid":"PLNGRESIDENTIAL1731","plotmap_id":"SECTOR-16_280_G_RESI","plotidentificationnumber":"280","plotno":"280","industrysector":"SECTOR-16","block":"G","plotsize":"200 SQMT","plotsize_at_the_time_of_allotme":"200 SQMT","landuse_type":"RESIDENTIAL","landuse_subcategory":"RESIDENTIAL","scheme_cod":"RPS07","investment":0,"employment":0,"plotstatus":"Allotted","landallotementstatus":"SOLD","landallotementtype":"ALLOTTED","allotmentid":"RPS071708","allotment_date":1698777000000,"rate_of_allotment":24900,"village_name":"Dhanauri","khasra_no":"1576","longitude":77.61340048,"latitude":28.33625508,"authority":"YEIDA","category":"residential","execution_stage":"allotted"}},{"type":"Feature","geometry":{"type":"Polygon","coordinates":[[[77.613501,28.336299],[77.613503,28.336388],[77.613304,28.336391],[77.613302,28.336301],[77.613501,28.336299]]]},"properties":{"objectid":1732,"uniqueplotid":"PLNGRESIDENTIAL1732","plotmap_id":"SECTOR-16_279_G_RESI","plotidentificationnumber":"279","plotno":"279","industrysector":"SECTOR-16","block":"G","plotsize":"200 SQMT","plotsize_at_the_time_of_allotme":"200 SQMT","landuse_type":"RESIDENTIAL","landuse_subcategory":"RESIDENTIAL","scheme_cod":"RPS07","investment":0,"employment":0,"plotstatus":"Allotted","landallotementstatus":"SOLD","landallotementtype":"ALLOTTED","allotmentid":"RPS071655","allotment_date":1698777000000,"rate_of_allotment":24900,"village_name":"Dhanauri","khasra_no":"1529,1576","longitude":77.61340229,"latitude":28.33634485,"authority":"YEIDA","category":"residential","execution_stage":"allotted"}},{"type":"Feature","geometry":{"type":"Polygon","coordinates":[[[77.613503,28.336388],[77.613505,28.336491],[77.613306,28.336494],[77.613304,28.336391],[77.613503,28.336388]]]},"properties":{"objectid":1733,"uniqueplotid":"PLNGRESIDENTIAL1733","plotmap_id":"SECTOR-16_278_G_RESI","plotidentificationnumber":"278","plotno":"278","industrysector":"SECTOR-16","block":"G","plotsize":"200 SQMT","plotsize_at_the_time_of_allotme":"200 SQMT","landuse_type":"RESIDENTIAL","landuse_subcategory":"RESIDENTIAL","scheme_cod":"RPS07","investment":0,"employment":0,"plotstatus":"Allotted","landallotementstatus":"SOLD","landallotementtype":"ALLOTTED","allotmentid":"RPS071657","allotment_date":1698777000000,"rate_of_allotment":24900,"village_name":"Dhanauri","khasra_no":"1529,1576","longitude":77.61340423,"latitude":28.336440930000002,"authority":"YEIDA","category":"residential","execution_stage":"allotted"}},{"type":"Feature","geometry":{"type":"Polygon","coordinates":[[[77.613428,28.336653],[77.613433,28.336878],[77.613314,28.33688],[77.613309,28.336655],[77.613428,28.336653]]]},"properties":{"objectid":1734,"uniqueplotid":"PLNGRESIDENTIAL1734","plotmap_id":"SECTOR-16_332_G_RESI","plotidentificationnumber":"332","plotno":"332","industrysector":"SECTOR-16","block":"G","plotsize":"300 SQMT","plotsize_at_the_time_of_allotme":"300 SQMT","landuse_type":"RESIDENTIAL","landuse_subcategory":"RESIDENTIAL","scheme_cod":"RPS07","investment":0,"employment":0,"plotstatus":"Allotted","landallotementstatus":"SOLD","landallotementtype":"ALLOTTED","allotmentid":"RPS071982","allotment_date":1698777000000,"rate_of_allotment":24900,"village_name":"Dhanauri","khasra_no":"1529","longitude":77.61337105999999,"latitude":28.33676648,"authority":"YEIDA","category":"residential","execution_stage":"allotted"}},{"type":"Feature","geometry":{"type":"Polygon","coordinates":[[[77.613548,28.336652],[77.613552,28.336876],[77.613433,28.336878],[77.613428,28.336653],[77.613548,28.336652]]]},"properties":{"objectid":1735,"uniqueplotid":"PLNGRESIDENTIAL1735","plotmap_id":"SECTOR-16_331_G_RESI","plotidentificationnumber":"331","plotno":"331","industrysector":"SECTOR-16","block":"G","plotsize":"300 SQMT","plotsize_at_the_time_of_allotme":"300 SQMT","landuse_type":"RESIDENTIAL","landuse_subcategory":"RESIDENTIAL","scheme_cod":"RPS07","investment":0,"employment":0,"plotstatus":"Allotted","landallotementstatus":"SOLD","landallotementtype":"ALLOTTED","allotmentid":"RPS071936","allotment_date":1698777000000,"rate_of_allotment":24900,"village_name":"Dhanauri","khasra_no":"1529","longitude":77.61349025,"latitude":28.33676475,"authority":"YEIDA","category":"residential","execution_stage":"allotted"}},{"type":"Feature","geometry":{"type":"Polygon","coordinates":[[[77.613278,28.335134],[77.61328,28.335224],[77.613082,28.335227],[77.61308,28.335137],[77.613278,28.335134]]]},"properties":{"objectid":1736,"uniqueplotid":"PLNGRESIDENTIAL1736","plotmap_id":"SECTOR-16_263_G_RESI","plotidentificationnumber":"263","plotno":"263","industrysector":"SECTOR-16","block":"G","plotsize":"200 SQMT","plotsize_at_the_time_of_allotme":"200 SQMT","landuse_type":"RESIDENTIAL","landuse_subcategory":"RESIDENTIAL","scheme_cod":"RPS07","investment":0,"employment":0,"plotstatus":"Allotted","landallotementstatus":"SOLD","landallotementtype":"ALLOTTED","allotmentid":"RPS071732","allotment_date":1698777000000,"rate_of_allotment":24900,"village_name":"Dhanauri","khasra_no":"1577,1555","longitude":77.61318007,"latitude":28.3351808,"authority":"YEIDA","category":"residential","execution_stage":"allotted"}},{"type":"Feature","geometry":{"type":"Polygon","coordinates":[[[77.61328,28.335224],[77.613282,28.335314],[77.613083,28.335317],[77.613082,28.335227],[77.61328,28.335224]]]},"properties":{"objectid":1737,"uniqueplotid":"PLNGRESIDENTIAL1737","plotmap_id":"SECTOR-16_264_G_RESI","plotidentificationnumber":"264","plotno":"264","industrysector":"SECTOR-16","block":"G","plotsize":"200 SQMT","plotsize_at_the_time_of_allotme":"200 SQMT","landuse_type":"RESIDENTIAL","landuse_subcategory":"RESIDENTIAL","scheme_cod":"RPS07","investment":0,"employment":0,"plotstatus":"Allotted","landallotementstatus":"SOLD","landallotementtype":"ALLOTTED","allotmentid":"RPS071747","allotment_date":1698777000000,"rate_of_allotment":24900,"village_name":"Dhanauri","khasra_no":"1576,1577,1555","longitude":77.61318188,"latitude":28.33527057,"authority":"YEIDA","category":"residential","execution_stage":"allotted"}},{"type":"Feature","geometry":{"type":"Polygon","coordinates":[[[77.613477,28.335132],[77.613479,28.335221],[77.61328,28.335224],[77.613278,28.335134],[77.613477,28.335132]]]},"properties":{"objectid":1738,"uniqueplotid":"PLNGRESIDENTIAL1738","plotmap_id":"SECTOR-16_292_G_RESI","plotidentificationnumber":"292","plotno":"292","industrysector":"SECTOR-16","block":"G","plotsize":"200 SQMT","plotsize_at_the_time_of_allotme":"200 SQMT","landuse_type":"RESIDENTIAL","landuse_subcategory":"RESIDENTIAL","scheme_cod":"RPS07","investment":0,"employment":0,"plotstatus":"Allotted","landallotementstatus":"SOLD","landallotementtype":"ALLOTTED","allotmentid":"RPS071601","allotment_date":1698777000000,"rate_of_allotment":24900,"village_name":"Dhanauri","khasra_no":"1555","longitude":77.61337873,"latitude":28.335177910000002,"authority":"YEIDA","category":"residential","execution_stage":"allotted"}},{"type":"Feature","geometry":{"type":"Polygon","coordinates":[[[77.613479,28.335221],[77.613481,28.335311],[77.613282,28.335314],[77.61328,28.335224],[77.613479,28.335221]]]},"properties":{"objectid":1739,"uniqueplotid":"PLNGRESIDENTIAL1739","plotmap_id":"SECTOR-16_291_G_RESI","plotidentificationnumber":"291","plotno":"291","industrysector":"SECTOR-16","block":"G","plotsize":"200 SQMT","plotsize_at_the_time_of_allotme":"200 SQMT","landuse_type":"RESIDENTIAL","landuse_subcategory":"RESIDENTIAL","scheme_cod":"RPS07","investment":0,"employment":0,"plotstatus":"Allotted","landallotementstatus":"SOLD","landallotementtype":"ALLOTTED","allotmentid":"RPS071516","allotment_date":1698777000000,"rate_of_allotment":24900,"village_name":"Dhanauri","khasra_no":"1555","longitude":77.61338054,"latitude":28.33526768,"authority":"YEIDA","category":"residential","execution_stage":"allotted"}},{"type":"Feature","geometry":{"type":"Polygon","coordinates":[[[77.613811,28.335935],[77.613813,28.336025],[77.613614,28.336027],[77.613613,28.335938],[77.613811,28.335935]]]},"properties":{"objectid":1740,"uniqueplotid":"PLNGRESIDENTIAL1740","plotmap_id":"SECTOR-16_302_G_RESI","plotidentificationnumber":"302","plotno":"302","industrysector":"SECTOR-16","block":"G","plotsize":"200 SQMT","plotsize_at_the_time_of_allotme":"200 SQMT","landuse_type":"RESIDENTIAL","landuse_subcategory":"RESIDENTIAL","scheme_cod":"RPS07","investment":0,"employment":0,"plotstatus":"Allotted","landallotementstatus":"SOLD","landallotementtype":"ALLOTTED","allotmentid":"RPS071820","allotment_date":1698777000000,"rate_of_allotment":24900,"village_name":"Dhanauri","khasra_no":"1576","longitude":77.61371288999999,"latitude":28.33598117,"authority":"YEIDA","category":"residential","execution_stage":"allotted"}},{"type":"Feature","geometry":{"type":"Polygon","coordinates":[[[77.613813,28.336025],[77.613815,28.336114],[77.613616,28.336117],[77.613614,28.336027],[77.613813,28.336025]]]},"properties":{"objectid":1741,"uniqueplotid":"PLNGRESIDENTIAL1741","plotmap_id":"SECTOR-16_303_G_RESI","plotidentificationnumber":"303","plotno":"303","industrysector":"SECTOR-16","block":"G","plotsize":"200 SQMT","plotsize_at_the_time_of_allotme":"200 SQMT","landuse_type":"RESIDENTIAL","landuse_subcategory":"RESIDENTIAL","scheme_cod":"RPS07","investment":0,"employment":0,"plotstatus":"Allotted","landallotementstatus":"SOLD","landallotementtype":"ALLOTTED","allotmentid":"RPS071902","allotment_date":1698777000000,"rate_of_allotment":24900,"village_name":"Dhanauri","khasra_no":"1576","longitude":77.61371469999999,"latitude":28.33607094,"authority":"YEIDA","category":"residential","execution_stage":"allotted"}},{"type":"Feature","geometry":{"type":"Polygon","coordinates":[[[77.613815,28.336114],[77.613817,28.336204],[77.613618,28.336207],[77.613616,28.336117],[77.613815,28.336114]]]},"properties":{"objectid":1742,"uniqueplotid":"PLNGRESIDENTIAL1742","plotmap_id":"SECTOR-16_304_G_RESI","plotidentificationnumber":"304","plotno":"304","industrysector":"SECTOR-16","block":"G","plotsize":"200 SQMT","plotsize_at_the_time_of_allotme":"200 SQMT","landuse_type":"RESIDENTIAL","landuse_subcategory":"RESIDENTIAL","scheme_cod":"RPS07","investment":0,"employment":0,"plotstatus":"Allotted","landallotementstatus":"SOLD","landallotementtype":"ALLOTTED","allotmentid":"RPS071685","allotment_date":1698777000000,"rate_of_allotment":24900,"village_name":"Dhanauri","khasra_no":"1576","longitude":77.61371650999999,"latitude":28.336160699999997,"authority":"YEIDA","category":"residential","execution_stage":"allotted"}},{"type":"Feature","geometry":{"type":"Polygon","coordinates":[[[77.613817,28.336204],[77.613819,28.336294],[77.61362,28.336297],[77.613618,28.336207],[77.613817,28.336204]]]},"properties":{"objectid":1743,"uniqueplotid":"PLNGRESIDENTIAL1743","plotmap_id":"SECTOR-16_305_G_RESI","plotidentificationnumber":"305","plotno":"305","industrysector":"SECTOR-16","block":"G","plotsize":"200 SQMT","plotsize_at_the_time_of_allotme":"200 SQMT","landuse_type":"RESIDENTIAL","landuse_subcategory":"RESIDENTIAL","scheme_cod":"RPS07","investment":0,"employment":0,"plotstatus":"Allotted","landallotementstatus":"SOLD","landallotementtype":"ALLOTTED","allotmentid":"RPS071853","allotment_date":1698777000000,"rate_of_allotment":24900,"village_name":"Dhanauri","khasra_no":"1576","longitude":77.61371831999999,"latitude":28.336250460000002,"authority":"YEIDA","category":"residential","execution_stage":"allotted"}},{"type":"Feature","geometry":{"type":"Polygon","coordinates":[[[77.613819,28.336294],[77.61382,28.336384],[77.613622,28.336387],[77.61362,28.336297],[77.613819,28.336294]]]},"properties":{"objectid":1744,"uniqueplotid":"PLNGRESIDENTIAL1744","plotmap_id":"SECTOR-16_306_G_RESI","plotidentificationnumber":"306","plotno":"306","industrysector":"SECTOR-16","block":"G","plotsize":"200 SQMT","plotsize_at_the_time_of_allotme":"200 SQMT","landuse_type":"RESIDENTIAL","landuse_subcategory":"RESIDENTIAL","scheme_cod":"RPS07","investment":0,"employment":0,"plotstatus":"Allotted","landallotementstatus":"SOLD","landallotementtype":"ALLOTTED","allotmentid":"RPS071701","allotment_date":1698777000000,"rate_of_allotment":24900,"village_name":"Dhanauri","khasra_no":"1576","longitude":77.61372014,"latitude":28.33634023,"authority":"YEIDA","category":"residential","execution_stage":"allotted"}},{"type":"Feature","geometry":{"type":"Polygon","coordinates":[[[77.61382,28.336384],[77.613822,28.336486],[77.613624,28.336489],[77.613622,28.336387],[77.61382,28.336384]]]},"properties":{"objectid":1745,"uniqueplotid":"PLNGRESIDENTIAL1745","plotmap_id":"SECTOR-16_307_G_RESI","plotidentificationnumber":"307","plotno":"307","industrysector":"SECTOR-16","block":"G","plotsize":"200 SQMT","plotsize_at_the_time_of_allotme":"200 SQMT","landuse_type":"RESIDENTIAL","landuse_subcategory":"RESIDENTIAL","scheme_cod":"RPS07","investment":0,"employment":0,"plotstatus":"Allotted","landallotementstatus":"SOLD","landallotementtype":"ALLOTTED","allotmentid":"RPS071613","allotment_date":1698777000000,"rate_of_allotment":24900,"village_name":"Dhanauri","khasra_no":"1576,1575","longitude":77.61372207999999,"latitude":28.33643631,"authority":"YEIDA","category":"residential","execution_stage":"allotted"}},{"type":"Feature","geometry":{"type":"Polygon","coordinates":[[[77.613667,28.33665],[77.613671,28.336874],[77.613552,28.336876],[77.613548,28.336652],[77.613667,28.33665]]]},"properties":{"objectid":1746,"uniqueplotid":"PLNGRESIDENTIAL1746","plotmap_id":"SECTOR-16_330_G_RESI","plotidentificationnumber":"330","plotno":"330","industrysector":"SECTOR-16","block":"G","plotsize":"300 SQMT","plotsize_at_the_time_of_allotme":"300 SQMT","landuse_type":"RESIDENTIAL","landuse_subcategory":"RESIDENTIAL","scheme_cod":"RPS07","investment":0,"employment":0,"plotstatus":"Allotted","landallotementstatus":"SOLD","landallotementtype":"ALLOTTED","allotmentid":"RPS071948","allotment_date":1698777000000,"rate_of_allotment":24900,"village_name":"Dhanauri","khasra_no":"1529,1575","longitude":77.61360945,"latitude":28.33676302,"authority":"YEIDA","category":"residential","execution_stage":"allotted"}},{"type":"Feature","geometry":{"type":"Polygon","coordinates":[[[77.614014,28.336111],[77.614015,28.336201],[77.613817,28.336204],[77.613815,28.336114],[77.614014,28.336111]]]},"properties":{"objectid":1747,"uniqueplotid":"PLNGRESIDENTIAL1747","plotmap_id":"SECTOR-16_311_G_RESI","plotidentificationnumber":"311","plotno":"311","industrysector":"SECTOR-16","block":"G","plotsize":"200 SQMT","plotsize_at_the_time_of_allotme":"200 SQMT","landuse_type":"RESIDENTIAL","landuse_subcategory":"RESIDENTIAL","scheme_cod":"RPS07","investment":0,"employment":0,"plotstatus":"Allotted","landallotementstatus":"SOLD","landallotementtype":"ALLOTTED","allotmentid":"RPS071801","allotment_date":1698777000000,"rate_of_allotment":24900,"village_name":"Dhanauri","khasra_no":"1576","longitude":77.61391517,"latitude":28.33615781,"authority":"YEIDA","category":"residential","execution_stage":"allotted"}},{"type":"Feature","geometry":{"type":"Polygon","coordinates":[[[77.614015,28.336201],[77.614017,28.336291],[77.613819,28.336294],[77.613817,28.336204],[77.614015,28.336201]]]},"properties":{"objectid":1748,"uniqueplotid":"PLNGRESIDENTIAL1748","plotmap_id":"SECTOR-16_310_G_RESI","plotidentificationnumber":"310","plotno":"310","industrysector":"SECTOR-16","block":"G","plotsize":"200 SQMT","plotsize_at_the_time_of_allotme":"200 SQMT","landuse_type":"RESIDENTIAL","landuse_subcategory":"RESIDENTIAL","scheme_cod":"RPS07","investment":0,"employment":0,"plotstatus":"Allotted","landallotementstatus":"SOLD","landallotementtype":"ALLOTTED","allotmentid":"RPS071500","allotment_date":1698777000000,"rate_of_allotment":24900,"village_name":"Dhanauri","khasra_no":"1576,1575","longitude":77.61391698,"latitude":28.336247580000002,"authority":"YEIDA","category":"residential","execution_stage":"allotted"}},{"type":"Feature","geometry":{"type":"Polygon","coordinates":[[[77.614017,28.336291],[77.614019,28.336381],[77.61382,28.336384],[77.613819,28.336294],[77.614017,28.336291]]]},"properties":{"objectid":1749,"uniqueplotid":"PLNGRESIDENTIAL1749","plotmap_id":"SECTOR-16_309_G_RESI","plotidentificationnumber":"309","plotno":"309","industrysector":"SECTOR-16","block":"G","plotsize":"200 SQMT","plotsize_at_the_time_of_allotme":"200 SQMT","landuse_type":"RESIDENTIAL","landuse_subcategory":"RESIDENTIAL","scheme_cod":"RPS07","investment":0,"employment":0,"plotstatus":"Allotted","landallotementstatus":"SOLD","landallotementtype":"ALLOTTED","allotmentid":"RPS071794","allotment_date":1698777000000,"rate_of_allotment":24900,"village_name":"Dhanauri","khasra_no":"1576,1575","longitude":77.61391879,"latitude":28.33633734,"authority":"YEIDA","category":"residential","execution_stage":"allotted"}},{"type":"Feature","geometry":{"type":"Polygon","coordinates":[[[77.614019,28.336381],[77.614021,28.336483],[77.613822,28.336486],[77.61382,28.336384],[77.614019,28.336381]]]},"properties":{"objectid":1750,"uniqueplotid":"PLNGRESIDENTIAL1750","plotmap_id":"SECTOR-16_308_G_RESI","plotidentificationnumber":"308","plotno":"308","industrysector":"SECTOR-16","block":"G","plotsize":"200 SQMT","plotsize_at_the_time_of_allotme":"200 SQMT","landuse_type":"RESIDENTIAL","landuse_subcategory":"RESIDENTIAL","scheme_cod":"RPS07","investment":0,"employment":0,"plotstatus":"Allotted","landallotementstatus":"SOLD","landallotementtype":"ALLOTTED","allotmentid":"RPS071716","allotment_date":1698777000000,"rate_of_allotment":24900,"village_name":"Dhanauri","khasra_no":"1576,1575","longitude":77.61392073,"latitude":28.336433420000002,"authority":"YEIDA","category":"residential","execution_stage":"allotted"}},{"type":"Feature","geometry":{"type":"Polygon","coordinates":[[[77.613795,28.335127],[77.613797,28.335217],[77.613598,28.33522],[77.613596,28.33513],[77.613795,28.335127]]]},"properties":{"objectid":1751,"uniqueplotid":"PLNGRESIDENTIAL1751","plotmap_id":"SECTOR-16_293_G_RESI","plotidentificationnumber":"293","plotno":"293","industrysector":"SECTOR-16","block":"G","plotsize":"200 SQMT","plotsize_at_the_time_of_allotme":"200 SQMT","landuse_type":"RESIDENTIAL","landuse_subcategory":"RESIDENTIAL","scheme_cod":"RPS07","investment":0,"employment":0,"plotstatus":"Allotted","landallotementstatus":"SOLD","landallotementtype":"ALLOTTED","allotmentid":"RPS071598","allotment_date":1698777000000,"rate_of_allotment":24900,"village_name":"Dhanauri","khasra_no":"1556,1555","longitude":77.61369658000001,"latitude":28.33517332,"authority":"YEIDA","category":"residential","execution_stage":"allotted"}},{"type":"Feature","geometry":{"type":"Polygon","coordinates":[[[77.613797,28.335217],[77.613799,28.335306],[77.6136,28.335309],[77.613598,28.33522],[77.613797,28.335217]]]},"properties":{"objectid":1752,"uniqueplotid":"PLNGRESIDENTIAL1752","plotmap_id":"SECTOR-16_294_G_RESI","plotidentificationnumber":"294","plotno":"294","industrysector":"SECTOR-16","block":"G","plotsize":"200 SQMT","plotsize_at_the_time_of_allotme":"200 SQMT","landuse_type":"RESIDENTIAL","landuse_subcategory":"RESIDENTIAL","scheme_cod":"RPS07","investment":0,"employment":0,"plotstatus":"Allotted","landallotementstatus":"SOLD","landallotementtype":"ALLOTTED","allotmentid":"RPS071477","allotment_date":1698777000000,"rate_of_allotment":24900,"village_name":"Dhanauri","khasra_no":"1576,1556,1555","longitude":77.61369839000001,"latitude":28.33526306,"authority":"YEIDA","category":"residential","execution_stage":"allotted"}},{"type":"Feature","geometry":{"type":"Polygon","coordinates":[[[77.612713,28.336664],[77.612718,28.336888],[77.612599,28.33689],[77.612594,28.336666],[77.612713,28.336664]]]},"properties":{"objectid":1753,"uniqueplotid":"PLNGRESIDENTIAL1753","plotmap_id":"SECTOR-16_338_G_RESI","plotidentificationnumber":"338","plotno":"338","industrysector":"SECTOR-16","block":"G","plotsize":"300 SQMT","plotsize_at_the_time_of_allotme":"300 SQMT","landuse_type":"RESIDENTIAL","landuse_subcategory":"RESIDENTIAL","scheme_cod":"RPS07","investment":0,"employment":0,"plotstatus":"Allotted","landallotementstatus":"SOLD","landallotementtype":"ALLOTTED","allotmentid":"RPS072067","allotment_date":1698777000000,"rate_of_allotment":24900,"village_name":"Dhanauri","khasra_no":"1529,1526,1527,1528","longitude":77.61265590000001,"latitude":28.336776880000002,"authority":"YEIDA","category":"residential","execution_stage":"allotted"}},{"type":"Feature","geometry":{"type":"Polygon","coordinates":[[[77.612832,28.336662],[77.612837,28.336886],[77.612718,28.336888],[77.612713,28.336664],[77.612832,28.336662]]]},"properties":{"objectid":1754,"uniqueplotid":"PLNGRESIDENTIAL1754","plotmap_id":"SECTOR-16_337_G_RESI","plotidentificationnumber":"337","plotno":"337","industrysector":"SECTOR-16","block":"G","plotsize":"300 SQMT","plotsize_at_the_time_of_allotme":"300 SQMT","landuse_type":"RESIDENTIAL","landuse_subcategory":"RESIDENTIAL","scheme_cod":"RPS07","investment":0,"employment":0,"plotstatus":"Allotted","landallotementstatus":"SOLD","landallotementtype":"ALLOTTED","allotmentid":"RPS072058","allotment_date":1698777000000,"rate_of_allotment":24900,"village_name":"Dhanauri","khasra_no":"1529,1526,1528","longitude":77.61277510000001,"latitude":28.33677515,"authority":"YEIDA","category":"residential","execution_stage":"allotted"}},{"type":"Feature","geometry":{"type":"Polygon","coordinates":[[[77.612952,28.33666],[77.612956,28.336885],[77.612837,28.336886],[77.612832,28.336662],[77.612952,28.33666]]]},"properties":{"objectid":1755,"uniqueplotid":"PLNGRESIDENTIAL1755","plotmap_id":"SECTOR-16_336_G_RESI","plotidentificationnumber":"336","plotno":"336","industrysector":"SECTOR-16","block":"G","plotsize":"300 SQMT","plotsize_at_the_time_of_allotme":"300 SQMT","landuse_type":"RESIDENTIAL","landuse_subcategory":"RESIDENTIAL","scheme_cod":"RPS07","investment":0,"employment":0,"plotstatus":"Allotted","landallotementstatus":"SOLD","landallotementtype":"ALLOTTED","allotmentid":"RPS072117","allotment_date":1698777000000,"rate_of_allotment":24900,"village_name":"Dhanauri","khasra_no":"1529,1528","longitude":77.61289429,"latitude":28.33677341,"authority":"YEIDA","category":"residential","execution_stage":"allotted"}},{"type":"Feature","geometry":{"type":"Polygon","coordinates":[[[77.612718,28.336888],[77.612722,28.337113],[77.612603,28.337114],[77.612599,28.33689],[77.612718,28.336888]]]},"properties":{"objectid":1756,"uniqueplotid":"PLNGRESIDENTIAL1756","plotmap_id":"SECTOR-16_339_G_RESI","plotidentificationnumber":"339","plotno":"339","industrysector":"SECTOR-16","block":"G","plotsize":"300 SQMT","plotsize_at_the_time_of_allotme":"300 SQMT","landuse_type":"RESIDENTIAL","landuse_subcategory":"RESIDENTIAL","scheme_cod":"RPS07","investment":0,"employment":0,"plotstatus":"Allotted","landallotementstatus":"SOLD","landallotementtype":"ALLOTTED","allotmentid":"RPS072013","allotment_date":1698777000000,"rate_of_allotment":24900,"village_name":"Dhanauri","khasra_no":"1526","longitude":77.61266044,"latitude":28.33700129,"authority":"YEIDA","category":"residential","execution_stage":"allotted"}},{"type":"Feature","geometry":{"type":"Polygon","coordinates":[[[77.612837,28.336886],[77.612841,28.337111],[77.612722,28.337113],[77.612718,28.336888],[77.612837,28.336886]]]},"properties":{"objectid":1757,"uniqueplotid":"PLNGRESIDENTIAL1757","plotmap_id":"SECTOR-16_340_G_RESI","plotidentificationnumber":"340","plotno":"340","industrysector":"SECTOR-16","block":"G","plotsize":"300 SQMT","plotsize_at_the_time_of_allotme":"300 SQMT","landuse_type":"RESIDENTIAL","landuse_subcategory":"RESIDENTIAL","scheme_cod":"RPS07","investment":0,"employment":0,"plotstatus":"Allotted","landallotementstatus":"SOLD","landallotementtype":"ALLOTTED","allotmentid":"RPS072090","allotment_date":1698777000000,"rate_of_allotment":24900,"village_name":"Dhanauri","khasra_no":"1526,1528","longitude":77.61277963,"latitude":28.33699955,"authority":"YEIDA","category":"residential","execution_stage":"allotted"}},{"type":"Feature","geometry":{"type":"Polygon","coordinates":[[[77.613678,28.337206],[77.613683,28.33743],[77.613563,28.337432],[77.613559,28.337207],[77.613678,28.337206]]]},"properties":{"objectid":1758,"uniqueplotid":"PLNGRESIDENTIAL1758","plotmap_id":"SECTOR-16_357_G_RESI","plotidentificationnumber":"357","plotno":"357","industrysector":"SECTOR-16","block":"G","plotsize":"300 SQMT","plotsize_at_the_time_of_allotme":"300 SQMT","landuse_type":"RESIDENTIAL","landuse_subcategory":"RESIDENTIAL","scheme_cod":"RPS07","investment":0,"employment":0,"plotstatus":"Allotted","landallotementstatus":"SOLD","landallotementtype":"ALLOTTED","allotmentid":"RPS072004","allotment_date":1698777000000,"rate_of_allotment":24900,"village_name":"Dhanauri","khasra_no":"1529","longitude":77.61362067,"latitude":28.337318709999998,"authority":"YEIDA","category":"residential","execution_stage":"allotted"}},{"type":"Feature","geometry":{"type":"Polygon","coordinates":[[[77.613797,28.337204],[77.613802,28.337428],[77.613683,28.33743],[77.613678,28.337206],[77.613797,28.337204]]]},"properties":{"objectid":1759,"uniqueplotid":"PLNGRESIDENTIAL1759","plotmap_id":"SECTOR-16_356_G_RESI","plotidentificationnumber":"356","plotno":"356","industrysector":"SECTOR-16","block":"G","plotsize":"300 SQMT","plotsize_at_the_time_of_allotme":"300 SQMT","landuse_type":"RESIDENTIAL","landuse_subcategory":"RESIDENTIAL","scheme_cod":"RPS07","investment":0,"employment":0,"plotstatus":"Allotted","landallotementstatus":"SOLD","landallotementtype":"ALLOTTED","allotmentid":"RPS072054","allotment_date":1698777000000,"rate_of_allotment":24900,"village_name":"Dhanauri","khasra_no":"1529","longitude":77.61373986,"latitude":28.33731698,"authority":"YEIDA","category":"residential","execution_stage":"allotted"}},{"type":"Feature","geometry":{"type":"Polygon","coordinates":[[[77.613916,28.337202],[77.613921,28.337427],[77.613802,28.337428],[77.613797,28.337204],[77.613916,28.337202]]]},"properties":{"objectid":1760,"uniqueplotid":"PLNGRESIDENTIAL1760","plotmap_id":"SECTOR-16_355_G_RESI","plotidentificationnumber":"355","plotno":"355","industrysector":"SECTOR-16","block":"G","plotsize":"300 SQMT","plotsize_at_the_time_of_allotme":"300 SQMT","landuse_type":"RESIDENTIAL","landuse_subcategory":"RESIDENTIAL","scheme_cod":"RPS07","investment":0,"employment":0,"plotstatus":"Allotted","landallotementstatus":"SOLD","landallotementtype":"ALLOTTED","allotmentid":"RPS072124","allotment_date":1698777000000,"rate_of_allotment":24900,"village_name":"Dhanauri","khasra_no":"1529","longitude":77.61385905,"latitude":28.33731525,"authority":"YEIDA","category":"residential","execution_stage":"allotted"}},{"type":"Feature","geometry":{"type":"Polygon","coordinates":[[[77.614036,28.3372],[77.61404,28.337425],[77.613921,28.337427],[77.613916,28.337202],[77.614036,28.3372]]]},"properties":{"objectid":1761,"uniqueplotid":"PLNGRESIDENTIAL1761","plotmap_id":"SECTOR-16_354_G_RESI","plotidentificationnumber":"354","plotno":"354","industrysector":"SECTOR-16","block":"G","plotsize":"300 SQMT","plotsize_at_the_time_of_allotme":"300 SQMT","landuse_type":"RESIDENTIAL","landuse_subcategory":"RESIDENTIAL","scheme_cod":"RPS07","investment":0,"employment":0,"plotstatus":"Allotted","landallotementstatus":"SOLD","landallotementtype":"ALLOTTED","allotmentid":"RPS072059","allotment_date":1698777000000,"rate_of_allotment":24900,"village_name":"Dhanauri","khasra_no":"1529","longitude":77.61397825,"latitude":28.33731352,"authority":"YEIDA","category":"residential","execution_stage":"allotted"}},{"type":"Feature","geometry":{"type":"Polygon","coordinates":[[[77.613563,28.337432],[77.613568,28.337656],[77.613449,28.337658],[77.613444,28.337434],[77.613563,28.337432]]]},"properties":{"objectid":1762,"uniqueplotid":"PLNGRESIDENTIAL1762","plotmap_id":"SECTOR-16_373_G_RESI","plotidentificationnumber":"373","plotno":"373","industrysector":"SECTOR-16","block":"G","plotsize":"300 SQMT","plotsize_at_the_time_of_allotme":"300 SQMT","landuse_type":"RESIDENTIAL","landuse_subcategory":"RESIDENTIAL","scheme_cod":"RPS07","investment":0,"employment":0,"plotstatus":"Allotted","landallotementstatus":"SOLD","landallotementtype":"ALLOTTED","allotmentid":"RPS071984","allotment_date":1698777000000,"rate_of_allotment":24900,"village_name":"Dhanauri","khasra_no":"1529","longitude":77.61350601000001,"latitude":28.337544849999997,"authority":"YEIDA","category":"residential","execution_stage":"allotted"}},{"type":"Feature","geometry":{"type":"Polygon","coordinates":[[[77.613683,28.33743],[77.613687,28.337654],[77.613568,28.337656],[77.613563,28.337432],[77.613683,28.33743]]]},"properties":{"objectid":1763,"uniqueplotid":"PLNGRESIDENTIAL1763","plotmap_id":"SECTOR-16_374_G_RESI","plotidentificationnumber":"374","plotno":"374","industrysector":"SECTOR-16","block":"G","plotsize":"300 SQMT","plotsize_at_the_time_of_allotme":"300 SQMT","landuse_type":"RESIDENTIAL","landuse_subcategory":"RESIDENTIAL","scheme_cod":"RPS07","investment":0,"employment":0,"plotstatus":"Allotted","landallotementstatus":"SOLD","landallotementtype":"ALLOTTED","allotmentid":"RPS072052","allotment_date":1698777000000,"rate_of_allotment":24900,"village_name":"Dhanauri","khasra_no":"1529","longitude":77.6136252,"latitude":28.33754312,"authority":"YEIDA","category":"residential","execution_stage":"allotted"}},{"type":"Feature","geometry":{"type":"Polygon","coordinates":[[[77.613802,28.337428],[77.613806,28.337653],[77.613687,28.337654],[77.613683,28.33743],[77.613802,28.337428]]]},"properties":{"objectid":1764,"uniqueplotid":"PLNGRESIDENTIAL1764","plotmap_id":"SECTOR-16_375_G_RESI","plotidentificationnumber":"375","plotno":"375","industrysector":"SECTOR-16","block":"G","plotsize":"300 SQMT","plotsize_at_the_time_of_allotme":"300 SQMT","landuse_type":"RESIDENTIAL","landuse_subcategory":"RESIDENTIAL","scheme_cod":"RPS07","investment":0,"employment":0,"plotstatus":"Allotted","landallotementstatus":"SOLD","landallotementtype":"ALLOTTED","allotmentid":"RPS071965","allotment_date":1698777000000,"rate_of_allotment":24900,"village_name":"Dhanauri","khasra_no":"1529","longitude":77.61374439,"latitude":28.33754139,"authority":"YEIDA","category":"residential","execution_stage":"allotted"}},{"type":"Feature","geometry":{"type":"Polygon","coordinates":[[[77.613921,28.337427],[77.613925,28.337651],[77.613806,28.337653],[77.613802,28.337428],[77.613921,28.337427]]]},"properties":{"objectid":1765,"uniqueplotid":"PLNGRESIDENTIAL1765","plotmap_id":"SECTOR-16_376_G_RESI","plotidentificationnumber":"376","plotno":"376","industrysector":"SECTOR-16","block":"G","plotsize":"300 SQMT","plotsize_at_the_time_of_allotme":"300 SQMT","landuse_type":"RESIDENTIAL","landuse_subcategory":"RESIDENTIAL","scheme_cod":"RPS07","investment":0,"employment":0,"plotstatus":"Allotted","landallotementstatus":"SOLD","landallotementtype":"ALLOTTED","allotmentid":"RPS072097","allotment_date":1698777000000,"rate_of_allotment":24900,"village_name":"Dhanauri","khasra_no":"1529","longitude":77.61386358,"latitude":28.33753965,"authority":"YEIDA","category":"residential","execution_stage":"allotted"}},{"type":"Feature","geometry":{"type":"Polygon","coordinates":[[[77.61404,28.337425],[77.614045,28.337649],[77.613925,28.337651],[77.613921,28.337427],[77.61404,28.337425]]]},"properties":{"objectid":1766,"uniqueplotid":"PLNGRESIDENTIAL1766","plotmap_id":"SECTOR-16_377_G_RESI","plotidentificationnumber":"377","plotno":"377","industrysector":"SECTOR-16","block":"G","plotsize":"300 SQMT","plotsize_at_the_time_of_allotme":"300 SQMT","landuse_type":"RESIDENTIAL","landuse_subcategory":"RESIDENTIAL","scheme_cod":"RPS07","investment":0,"employment":0,"plotstatus":"Allotted","landallotementstatus":"SOLD","landallotementtype":"ALLOTTED","allotmentid":"RPS071927","allotment_date":1698777000000,"rate_of_allotment":24900,"village_name":"Dhanauri","khasra_no":"1529","longitude":77.61398278,"latitude":28.33753792,"authority":"YEIDA","category":"residential","execution_stage":"allotted"}},{"type":"Feature","geometry":{"type":"Polygon","coordinates":[[[77.612724,28.33722],[77.612729,28.337444],[77.61261,28.337446],[77.612605,28.337221],[77.612724,28.33722]]]},"properties":{"objectid":1767,"uniqueplotid":"PLNGRESIDENTIAL1767","plotmap_id":"SECTOR-16_365_G_RESI","plotidentificationnumber":"365","plotno":"365","industrysector":"SECTOR-16","block":"G","plotsize":"300 SQMT","plotsize_at_the_time_of_allotme":"300 SQMT","landuse_type":"RESIDENTIAL","landuse_subcategory":"RESIDENTIAL","scheme_cod":"RPS07","investment":0,"employment":0,"plotstatus":"Allotted","landallotementstatus":"SOLD","landallotementtype":"ALLOTTED","allotmentid":"RPS072024","allotment_date":1698777000000,"rate_of_allotment":24900,"village_name":"Dhanauri","khasra_no":"1525,1526","longitude":77.61266713,"latitude":28.337332579999998,"authority":"YEIDA","category":"residential","execution_stage":"allotted"}},{"type":"Feature","geometry":{"type":"Polygon","coordinates":[[[77.612844,28.337218],[77.612848,28.337442],[77.612729,28.337444],[77.612724,28.33722],[77.612844,28.337218]]]},"properties":{"objectid":1768,"uniqueplotid":"PLNGRESIDENTIAL1768","plotmap_id":"SECTOR-16_364_G_RESI","plotidentificationnumber":"364","plotno":"364","industrysector":"SECTOR-16","block":"G","plotsize":"300 SQMT","plotsize_at_the_time_of_allotme":"300 SQMT","landuse_type":"RESIDENTIAL","landuse_subcategory":"RESIDENTIAL","scheme_cod":"RPS07","investment":0,"employment":0,"plotstatus":"Allotted","landallotementstatus":"SOLD","landallotementtype":"ALLOTTED","allotmentid":"RPS072112","allotment_date":1698777000000,"rate_of_allotment":24900,"village_name":"Dhanauri","khasra_no":"1525,1526","longitude":77.61278632,"latitude":28.33733084,"authority":"YEIDA","category":"residential","execution_stage":"allotted"}},{"type":"Feature","geometry":{"type":"Polygon","coordinates":[[[77.612729,28.337444],[77.612734,28.337668],[77.612614,28.33767],[77.61261,28.337446],[77.612729,28.337444]]]},"properties":{"objectid":1769,"uniqueplotid":"PLNGRESIDENTIAL1769","plotmap_id":"SECTOR-16_366_G_RESI","plotidentificationnumber":"366","plotno":"366","industrysector":"SECTOR-16","block":"G","plotsize":"300 SQMT","plotsize_at_the_time_of_allotme":"300 SQMT","landuse_type":"RESIDENTIAL","landuse_subcategory":"RESIDENTIAL","scheme_cod":"RPS07","investment":0,"employment":0,"plotstatus":"Allotted","landallotementstatus":"SOLD","landallotementtype":"ALLOTTED","allotmentid":"RPS072047","allotment_date":1698777000000,"rate_of_allotment":24900,"village_name":"Dhanauri","khasra_no":"1525","longitude":77.61267166,"latitude":28.33755698,"authority":"YEIDA","category":"residential","execution_stage":"allotted"}},{"type":"Feature","geometry":{"type":"Polygon","coordinates":[[[77.612848,28.337442],[77.612853,28.337667],[77.612734,28.337668],[77.612729,28.337444],[77.612848,28.337442]]]},"properties":{"objectid":1770,"uniqueplotid":"PLNGRESIDENTIAL1770","plotmap_id":"SECTOR-16_367_G_RESI","plotidentificationnumber":"367","plotno":"367","industrysector":"SECTOR-16","block":"G","plotsize":"300 SQMT","plotsize_at_the_time_of_allotme":"300 SQMT","landuse_type":"RESIDENTIAL","landuse_subcategory":"RESIDENTIAL","scheme_cod":"RPS07","investment":0,"employment":0,"plotstatus":"Allotted","landallotementstatus":"SOLD","landallotementtype":"ALLOTTED","allotmentid":"RPS072048","allotment_date":1698777000000,"rate_of_allotment":24900,"village_name":"Dhanauri","khasra_no":"1524,1525","longitude":77.61279085000001,"latitude":28.337555249999998,"authority":"YEIDA","category":"residential","execution_stage":"allotted"}},{"type":"Feature","geometry":{"type":"Polygon","coordinates":[[[77.610829,28.337804],[77.610833,28.338028],[77.610694,28.33803],[77.61069,28.337806],[77.610829,28.337804]]]},"properties":{"objectid":1771,"uniqueplotid":"PLNGRESIDENTIAL1771","plotmap_id":"SECTOR-16_412_G_RESI","plotidentificationnumber":"412","plotno":"412","industrysector":"SECTOR-16","block":"G","plotsize":"300 SQMT","landuse_type":"RESIDENTIAL","landuse_subcategory":"RESIDENTIAL","investment":0,"employment":0,"landallotementstatus":"VACANT","landallotementtype":"VACANT","village_name":"Dhanauri","khasra_no":"1610,1698,1699,1691","longitude":77.61074937999999,"latitude":28.33789845,"authority":"YEIDA","category":"residential","execution_stage":"vacant"}},{"type":"Feature","geometry":{"type":"Polygon","coordinates":[[[77.610948,28.337802],[77.610952,28.338026],[77.610833,28.338028],[77.610829,28.337804],[77.610948,28.337802]]]},"properties":{"objectid":1772,"uniqueplotid":"PLNGRESIDENTIAL1772","plotmap_id":"SECTOR-16_411_G_RESI","plotidentificationnumber":"411","plotno":"411","industrysector":"SECTOR-16","block":"G","plotsize":"300 SQMT","landuse_type":"RESIDENTIAL","landuse_subcategory":"RESIDENTIAL","investment":0,"employment":0,"landallotementstatus":"VACANT","landallotementtype":"VACANT","village_name":"Dhanauri","khasra_no":"1698","longitude":77.61089047,"latitude":28.3379151,"authority":"YEIDA","category":"residential","execution_stage":"vacant"}},{"type":"Feature","geometry":{"type":"Polygon","coordinates":[[[77.611067,28.3378],[77.611072,28.338025],[77.610952,28.338026],[77.610948,28.337802],[77.611067,28.3378]]]},"properties":{"objectid":1773,"uniqueplotid":"PLNGRESIDENTIAL1773","plotmap_id":"SECTOR-16_410_G_RESI","plotidentificationnumber":"410","plotno":"410","industrysector":"SECTOR-16","block":"G","plotsize":"300 SQMT","landuse_type":"RESIDENTIAL","landuse_subcategory":"RESIDENTIAL","investment":0,"employment":0,"landallotementstatus":"VACANT","landallotementtype":"VACANT","village_name":"Dhanauri","khasra_no":"1694,1698","longitude":77.61100967,"latitude":28.337913370000003,"authority":"YEIDA","category":"residential","execution_stage":"vacant"}},{"type":"Feature","geometry":{"type":"Polygon","coordinates":[[[77.61214,28.337785],[77.612144,28.338009],[77.612025,28.338011],[77.612021,28.337786],[77.61214,28.337785]]]},"properties":{"objectid":1774,"uniqueplotid":"PLNGRESIDENTIAL1774","plotmap_id":"SECTOR-16_401_G_RESI","plotidentificationnumber":"401","plotno":"401","industrysector":"SECTOR-16","block":"G","plotsize":"300 SQMT","plotsize_at_the_time_of_allotme":"300 SQMT","landuse_type":"RESIDENTIAL","landuse_subcategory":"RESIDENTIAL","scheme_cod":"RPS08","investment":0,"employment":0,"plotstatus":"Allotted","landallotementstatus":"SOLD","landallotementtype":"ALLOTTED","allotmentid":"RPS081212","allotment_date":1728585000000,"rate_of_allotment":25900,"village_name":"Dhanauri","khasra_no":"1692,1695,1696,1694","longitude":77.61208239999999,"latitude":28.33789777,"authority":"YEIDA","category":"residential","execution_stage":"allotted"}},{"type":"Feature","geometry":{"type":"Polygon","coordinates":[[[77.612259,28.337783],[77.612263,28.338007],[77.612144,28.338009],[77.61214,28.337785],[77.612259,28.337783]]]},"properties":{"objectid":1775,"uniqueplotid":"PLNGRESIDENTIAL1775","plotmap_id":"SECTOR-16_400_G_RESI","plotidentificationnumber":"400","plotno":"400","industrysector":"SECTOR-16","block":"G","plotsize":"300 SQMT","plotsize_at_the_time_of_allotme":"300 SQMT","landuse_type":"RESIDENTIAL","landuse_subcategory":"RESIDENTIAL","scheme_cod":"RPS08","investment":0,"employment":0,"plotstatus":"Allotted","landallotementstatus":"SOLD","landallotementtype":"ALLOTTED","allotmentid":"RPS081289","allotment_date":1728585000000,"rate_of_allotment":25900,"village_name":"Dhanauri","khasra_no":"1692,1695,1696,1580","longitude":77.61220159,"latitude":28.33789604,"authority":"YEIDA","category":"residential","execution_stage":"allotted"}},{"type":"Feature","geometry":{"type":"Polygon","coordinates":[[[77.612378,28.337781],[77.612383,28.338006],[77.612263,28.338007],[77.612259,28.337783],[77.612378,28.337781]]]},"properties":{"objectid":1776,"uniqueplotid":"PLNGRESIDENTIAL1776","plotmap_id":"SECTOR-16_399_G_RESI","plotidentificationnumber":"399","plotno":"399","industrysector":"SECTOR-16","block":"G","plotsize":"300 SQMT","plotsize_at_the_time_of_allotme":"300 SQMT","landuse_type":"RESIDENTIAL","landuse_subcategory":"RESIDENTIAL","scheme_cod":"RPS08","investment":0,"employment":0,"plotstatus":"Allotted","landallotementstatus":"SOLD","landallotementtype":"ALLOTTED","allotmentid":"RPS081204","allotment_date":1728585000000,"rate_of_allotment":25900,"village_name":"Dhanauri","khasra_no":"1692,1580","longitude":77.61232079,"latitude":28.337894300000002,"authority":"YEIDA","category":"residential","execution_stage":"allotted"}},{"type":"Feature","geometry":{"type":"Polygon","coordinates":[[[77.612497,28.33778],[77.612502,28.338004],[77.612383,28.338006],[77.612378,28.337781],[77.612497,28.33778]]]},"properties":{"objectid":1777,"uniqueplotid":"PLNGRESIDENTIAL1777","plotmap_id":"SECTOR-16_398_G_RESI","plotidentificationnumber":"398","plotno":"398","industrysector":"SECTOR-16","block":"G","plotsize":"300 SQMT","plotsize_at_the_time_of_allotme":"300 SQMT","landuse_type":"RESIDENTIAL","landuse_subcategory":"RESIDENTIAL","scheme_cod":"RPS08","investment":0,"employment":0,"plotstatus":"Allotted","landallotementstatus":"SOLD","landallotementtype":"ALLOTTED","allotmentid":"RPS081190","allotment_date":1728585000000,"rate_of_allotment":25900,"village_name":"Dhanauri","khasra_no":"1524,1525,1580","longitude":77.61243997999999,"latitude":28.33789257,"authority":"YEIDA","category":"residential","execution_stage":"allotted"}},{"type":"Feature","geometry":{"type":"Polygon","coordinates":[[[77.612736,28.337776],[77.61274,28.338],[77.612621,28.338002],[77.612617,28.337778],[77.612736,28.337776]]]},"properties":{"objectid":1778,"uniqueplotid":"PLNGRESIDENTIAL1778","plotmap_id":"SECTOR-16_397_G_RESI","plotidentificationnumber":"397","plotno":"397","industrysector":"SECTOR-16","block":"G","plotsize":"300 SQMT","plotsize_at_the_time_of_allotme":"300 SQMT","landuse_type":"RESIDENTIAL","landuse_subcategory":"RESIDENTIAL","scheme_cod":"RPS07","investment":0,"employment":0,"plotstatus":"Allotted","landallotementstatus":"SOLD","landallotementtype":"ALLOTTED","allotmentid":"RPS071955","allotment_date":1698777000000,"rate_of_allotment":24900,"village_name":"Dhanauri","khasra_no":"1524,1525","longitude":77.61267836,"latitude":28.337889110000003,"authority":"YEIDA","category":"residential","execution_stage":"allotted"}},{"type":"Feature","geometry":{"type":"Polygon","coordinates":[[[77.612855,28.337774],[77.612859,28.337999],[77.61274,28.338],[77.612736,28.337776],[77.612855,28.337774]]]},"properties":{"objectid":1779,"uniqueplotid":"PLNGRESIDENTIAL1779","plotmap_id":"SECTOR-16_396_G_RESI","plotidentificationnumber":"396","plotno":"396","industrysector":"SECTOR-16","block":"G","plotsize":"300 SQMT","plotsize_at_the_time_of_allotme":"300 SQMT","landuse_type":"RESIDENTIAL","landuse_subcategory":"RESIDENTIAL","scheme_cod":"RPS07","investment":0,"employment":0,"plotstatus":"Allotted","landallotementstatus":"SOLD","landallotementtype":"ALLOTTED","allotmentid":"RPS072020","allotment_date":1698777000000,"rate_of_allotment":24900,"village_name":"Dhanauri","khasra_no":"1523,1524","longitude":77.61279756,"latitude":28.33788737,"authority":"YEIDA","category":"residential","execution_stage":"allotted"}},{"type":"Feature","geometry":{"type":"Polygon","coordinates":[[[77.61357,28.337764],[77.613575,28.337988],[77.613455,28.33799],[77.613451,28.337766],[77.61357,28.337764]]]},"properties":{"objectid":1780,"uniqueplotid":"PLNGRESIDENTIAL1780","plotmap_id":"SECTOR-16_390_G_RESI","plotidentificationnumber":"390","plotno":"390","industrysector":"SECTOR-16","block":"G","plotsize":"300 SQMT","plotsize_at_the_time_of_allotme":"300 SQMT","landuse_type":"RESIDENTIAL","landuse_subcategory":"RESIDENTIAL","scheme_cod":"RPS07","investment":0,"employment":0,"plotstatus":"Allotted","landallotementstatus":"SOLD","landallotementtype":"ALLOTTED","allotmentid":"RPS072104","allotment_date":1698777000000,"rate_of_allotment":24900,"village_name":"Dhanauri","khasra_no":"1529,1523,1528","longitude":77.61351271,"latitude":28.33787697,"authority":"YEIDA","category":"residential","execution_stage":"allotted"}},{"type":"Feature","geometry":{"type":"Polygon","coordinates":[[[77.613689,28.337762],[77.613694,28.337987],[77.613575,28.337988],[77.61357,28.337764],[77.613689,28.337762]]]},"properties":{"objectid":1781,"uniqueplotid":"PLNGRESIDENTIAL1781","plotmap_id":"SECTOR-16_389_G_RESI","plotidentificationnumber":"389","plotno":"389","industrysector":"SECTOR-16","block":"G","plotsize":"300 SQMT","plotsize_at_the_time_of_allotme":"300 SQMT","landuse_type":"RESIDENTIAL","landuse_subcategory":"RESIDENTIAL","scheme_cod":"RPS07","investment":0,"employment":0,"plotstatus":"Allotted","landallotementstatus":"SOLD","landallotementtype":"ALLOTTED","allotmentid":"RPS071950","allotment_date":1698777000000,"rate_of_allotment":24900,"village_name":"Dhanauri","khasra_no":"1522,1529,1523,1528","longitude":77.61363191000001,"latitude":28.337875240000002,"authority":"YEIDA","category":"residential","execution_stage":"allotted"}},{"type":"Feature","geometry":{"type":"Polygon","coordinates":[[[77.613808,28.33776],[77.613813,28.337985],[77.613694,28.337987],[77.613689,28.337762],[77.613808,28.33776]]]},"properties":{"objectid":1782,"uniqueplotid":"PLNGRESIDENTIAL1782","plotmap_id":"SECTOR-16_388_G_RESI","plotidentificationnumber":"388","plotno":"388","industrysector":"SECTOR-16","block":"G","plotsize":"300 SQMT","plotsize_at_the_time_of_allotme":"300 SQMT","landuse_type":"RESIDENTIAL","landuse_subcategory":"RESIDENTIAL","scheme_cod":"RPS07","investment":0,"employment":0,"plotstatus":"Allotted","landallotementstatus":"SOLD","landallotementtype":"ALLOTTED","allotmentid":"RPS072075","allotment_date":1698777000000,"rate_of_allotment":24900,"village_name":"Dhanauri","khasra_no":"1529","longitude":77.61375109999999,"latitude":28.33787351,"authority":"YEIDA","category":"residential","execution_stage":"allotted"}},{"type":"Feature","geometry":{"type":"Polygon","coordinates":[[[77.613928,28.337759],[77.613932,28.337983],[77.613813,28.337985],[77.613808,28.33776],[77.613928,28.337759]]]},"properties":{"objectid":1783,"uniqueplotid":"PLNGRESIDENTIAL1783","plotmap_id":"SECTOR-16_387_G_RESI","plotidentificationnumber":"387","plotno":"387","industrysector":"SECTOR-16","block":"G","plotsize":"300 SQMT","plotsize_at_the_time_of_allotme":"300 SQMT","landuse_type":"RESIDENTIAL","landuse_subcategory":"RESIDENTIAL","scheme_cod":"RPS07","investment":0,"employment":0,"plotstatus":"Allotted","landallotementstatus":"SOLD","landallotementtype":"ALLOTTED","allotmentid":"RPS072041","allotment_date":1698777000000,"rate_of_allotment":24900,"village_name":"Dhanauri","khasra_no":"1529","longitude":77.61387029,"latitude":28.33787178,"authority":"YEIDA","category":"residential","execution_stage":"allotted"}},{"type":"Feature","geometry":{"type":"Polygon","coordinates":[[[77.614047,28.337757],[77.614051,28.337981],[77.613932,28.337983],[77.613928,28.337759],[77.614047,28.337757]]]},"properties":{"objectid":1784,"uniqueplotid":"PLNGRESIDENTIAL1784","plotmap_id":"SECTOR-16_386_G_RESI","plotidentificationnumber":"386","plotno":"386","industrysector":"SECTOR-16","block":"G","plotsize":"300 SQMT","plotsize_at_the_time_of_allotme":"300 SQMT","landuse_type":"RESIDENTIAL","landuse_subcategory":"RESIDENTIAL","scheme_cod":"RPS07","investment":0,"employment":0,"plotstatus":"Allotted","landallotementstatus":"SOLD","landallotementtype":"ALLOTTED","allotmentid":"RPS071969","allotment_date":1698777000000,"rate_of_allotment":24900,"village_name":"Dhanauri","khasra_no":"1529","longitude":77.61398948,"latitude":28.337870040000002,"authority":"YEIDA","category":"residential","execution_stage":"allotted"}},{"type":"Feature","geometry":{"type":"Polygon","coordinates":[[[77.612021,28.337786],[77.612025,28.338011],[77.611906,28.338013],[77.611901,28.337788],[77.612021,28.337786]]]},"properties":{"objectid":1785,"uniqueplotid":"PLNGRESIDENTIAL1785","plotmap_id":"SECTOR-16_402_G_RESI","plotidentificationnumber":"402","plotno":"402","industrysector":"SECTOR-16","block":"G","plotsize":"300 SQMT","plotsize_at_the_time_of_allotme":"300 SQMT","landuse_type":"RESIDENTIAL","landuse_subcategory":"RESIDENTIAL","scheme_cod":"RPS08","investment":0,"employment":0,"plotstatus":"Allotted","landallotementstatus":"SOLD","landallotementtype":"ALLOTTED","allotmentid":"RPS081198","allotment_date":1728585000000,"rate_of_allotment":25900,"village_name":"Dhanauri","khasra_no":"1692,1696,1694","longitude":77.61196321,"latitude":28.337899500000002,"authority":"YEIDA","category":"residential","execution_stage":"allotted"}},{"type":"Feature","geometry":{"type":"Polygon","coordinates":[[[77.613999,28.335393],[77.614001,28.335483],[77.613802,28.335486],[77.6138,28.335396],[77.613999,28.335393]]]},"properties":{"objectid":1786,"uniqueplotid":"PLNGRESIDENTIAL1786","plotmap_id":"SECTOR-16_319_G_RESI","plotidentificationnumber":"319","plotno":"319","industrysector":"SECTOR-16","block":"G","plotsize":"200 SQMT","plotsize_at_the_time_of_allotme":"200 SQMT","landuse_type":"RESIDENTIAL","landuse_subcategory":"RESIDENTIAL","scheme_cod":"RPS07","investment":0,"employment":0,"plotstatus":"Allotted","landallotementstatus":"SOLD","landallotementtype":"ALLOTTED","allotmentid":"RPS071895","allotment_date":1698777000000,"rate_of_allotment":24900,"village_name":"Dhanauri","khasra_no":"1576,1556","longitude":77.61390067,"latitude":28.3354397,"authority":"YEIDA","category":"residential","execution_stage":"allotted"}},{"type":"Feature","geometry":{"type":"Polygon","coordinates":[[[77.613802,28.335486],[77.613804,28.335576],[77.613605,28.335579],[77.613604,28.335489],[77.613802,28.335486]]]},"properties":{"objectid":1787,"uniqueplotid":"PLNGRESIDENTIAL1787","plotmap_id":"SECTOR-16_297_G_RESI","plotidentificationnumber":"297","plotno":"297","industrysector":"SECTOR-16","block":"G","plotsize":"200 SQMT","plotsize_at_the_time_of_allotme":"200 SQMT","landuse_type":"RESIDENTIAL","landuse_subcategory":"RESIDENTIAL","scheme_cod":"RPS07","investment":0,"employment":0,"plotstatus":"Allotted","landallotementstatus":"SOLD","landallotementtype":"ALLOTTED","allotmentid":"RPS071581","allotment_date":1698777000000,"rate_of_allotment":24900,"village_name":"Dhanauri","khasra_no":"1576","longitude":77.61370382,"latitude":28.33553235,"authority":"YEIDA","category":"residential","execution_stage":"allotted"}},{"type":"Feature","geometry":{"type":"Polygon","coordinates":[[[77.614001,28.335483],[77.614003,28.335573],[77.613804,28.335576],[77.613802,28.335486],[77.614001,28.335483]]]},"properties":{"objectid":1788,"uniqueplotid":"PLNGRESIDENTIAL1788","plotmap_id":"SECTOR-16_318_G_RESI","plotidentificationnumber":"318","plotno":"318","industrysector":"SECTOR-16","block":"G","plotsize":"200 SQMT","plotsize_at_the_time_of_allotme":"200 SQMT","landuse_type":"RESIDENTIAL","landuse_subcategory":"RESIDENTIAL","scheme_cod":"RPS07","investment":0,"employment":0,"plotstatus":"Allotted","landallotementstatus":"SOLD","landallotementtype":"ALLOTTED","allotmentid":"RPS071653","allotment_date":1698777000000,"rate_of_allotment":24900,"village_name":"Dhanauri","khasra_no":"1576,1556","longitude":77.61390248000001,"latitude":28.33552946,"authority":"YEIDA","category":"residential","execution_stage":"allotted"}},{"type":"Feature","geometry":{"type":"Polygon","coordinates":[[[77.613804,28.335576],[77.613806,28.335666],[77.613607,28.335668],[77.613605,28.335579],[77.613804,28.335576]]]},"properties":{"objectid":1789,"uniqueplotid":"PLNGRESIDENTIAL1789","plotmap_id":"SECTOR-16_298_G_RESI","plotidentificationnumber":"298","plotno":"298","industrysector":"SECTOR-16","block":"G","plotsize":"200 SQMT","plotsize_at_the_time_of_allotme":"200 SQMT","landuse_type":"RESIDENTIAL","landuse_subcategory":"RESIDENTIAL","scheme_cod":"RPS07","investment":0,"employment":0,"plotstatus":"Allotted","landallotementstatus":"SOLD","landallotementtype":"ALLOTTED","allotmentid":"RPS071663","allotment_date":1698777000000,"rate_of_allotment":24900,"village_name":"Dhanauri","khasra_no":"1576","longitude":77.61370563999999,"latitude":28.33562211,"authority":"YEIDA","category":"residential","execution_stage":"allotted"}},{"type":"Feature","geometry":{"type":"Polygon","coordinates":[[[77.613806,28.335666],[77.613808,28.335755],[77.613609,28.335758],[77.613607,28.335668],[77.613806,28.335666]]]},"properties":{"objectid":1790,"uniqueplotid":"PLNGRESIDENTIAL1790","plotmap_id":"SECTOR-16_299_G_RESI","plotidentificationnumber":"299","plotno":"299","industrysector":"SECTOR-16","block":"G","plotsize":"200 SQMT","plotsize_at_the_time_of_allotme":"200 SQMT","landuse_type":"RESIDENTIAL","landuse_subcategory":"RESIDENTIAL","scheme_cod":"RPS07","investment":0,"employment":0,"plotstatus":"Allotted","landallotementstatus":"SOLD","landallotementtype":"ALLOTTED","allotmentid":"RPS071519","allotment_date":1698777000000,"rate_of_allotment":24900,"village_name":"Dhanauri","khasra_no":"1576","longitude":77.61370744999999,"latitude":28.335711879999998,"authority":"YEIDA","category":"residential","execution_stage":"allotted"}},{"type":"Feature","geometry":{"type":"Polygon","coordinates":[[[77.613808,28.335755],[77.613809,28.335845],[77.613611,28.335848],[77.613609,28.335758],[77.613808,28.335755]]]},"properties":{"objectid":1791,"uniqueplotid":"PLNGRESIDENTIAL1791","plotmap_id":"SECTOR-16_300_G_RESI","plotidentificationnumber":"300","plotno":"300","industrysector":"SECTOR-16","block":"G","plotsize":"200 SQMT","plotsize_at_the_time_of_allotme":"200 SQMT","landuse_type":"RESIDENTIAL","landuse_subcategory":"RESIDENTIAL","scheme_cod":"RPS07","investment":0,"employment":0,"plotstatus":"Allotted","landallotementstatus":"SOLD","landallotementtype":"ALLOTTED","allotmentid":"RPS071573","allotment_date":1698777000000,"rate_of_allotment":24900,"village_name":"Dhanauri","khasra_no":"1576","longitude":77.61370926,"latitude":28.33580164,"authority":"YEIDA","category":"residential","execution_stage":"allotted"}},{"type":"Feature","geometry":{"type":"Polygon","coordinates":[[[77.614006,28.335752],[77.614008,28.335842],[77.613809,28.335845],[77.613808,28.335755],[77.614006,28.335752]]]},"properties":{"objectid":1792,"uniqueplotid":"PLNGRESIDENTIAL1792","plotmap_id":"SECTOR-16_315_G_RESI","plotidentificationnumber":"315","plotno":"315","industrysector":"SECTOR-16","block":"G","plotsize":"200 SQMT","plotsize_at_the_time_of_allotme":"200 SQMT","landuse_type":"RESIDENTIAL","landuse_subcategory":"RESIDENTIAL","scheme_cod":"RPS07","investment":0,"employment":0,"plotstatus":"Allotted","landallotementstatus":"SOLD","landallotementtype":"ALLOTTED","allotmentid":"RPS071511","allotment_date":1698777000000,"rate_of_allotment":24900,"village_name":"Dhanauri","khasra_no":"1576","longitude":77.61390792,"latitude":28.33579876,"authority":"YEIDA","category":"residential","execution_stage":"allotted"}},{"type":"Feature","geometry":{"type":"Polygon","coordinates":[[[77.613809,28.335845],[77.613811,28.335935],[77.613613,28.335938],[77.613611,28.335848],[77.613809,28.335845]]]},"properties":{"objectid":1793,"uniqueplotid":"PLNGRESIDENTIAL1793","plotmap_id":"SECTOR-16_301_G_RESI","plotidentificationnumber":"301","plotno":"301","industrysector":"SECTOR-16","block":"G","plotsize":"200 SQMT","plotsize_at_the_time_of_allotme":"200 SQMT","landuse_type":"RESIDENTIAL","landuse_subcategory":"RESIDENTIAL","scheme_cod":"RPS07","investment":0,"employment":0,"plotstatus":"Allotted","landallotementstatus":"SOLD","landallotementtype":"ALLOTTED","allotmentid":"RPS071908","allotment_date":1698777000000,"rate_of_allotment":24900,"village_name":"Dhanauri","khasra_no":"1576","longitude":77.61371107,"latitude":28.33589141,"authority":"YEIDA","category":"residential","execution_stage":"allotted"}},{"type":"Feature","geometry":{"type":"Polygon","coordinates":[[[77.614008,28.335842],[77.61401,28.335932],[77.613811,28.335935],[77.613809,28.335845],[77.614008,28.335842]]]},"properties":{"objectid":1794,"uniqueplotid":"PLNGRESIDENTIAL1794","plotmap_id":"SECTOR-16_314_G_RESI","plotidentificationnumber":"314","plotno":"314","industrysector":"SECTOR-16","block":"G","plotsize":"200 SQMT","plotsize_at_the_time_of_allotme":"200 SQMT","landuse_type":"RESIDENTIAL","landuse_subcategory":"RESIDENTIAL","scheme_cod":"RPS07","investment":0,"employment":0,"plotstatus":"Allotted","landallotementstatus":"SOLD","landallotementtype":"ALLOTTED","allotmentid":"RPS071871","allotment_date":1698777000000,"rate_of_allotment":24900,"village_name":"Dhanauri","khasra_no":"1576","longitude":77.61390973,"latitude":28.335888519999997,"authority":"YEIDA","category":"residential","execution_stage":"allotted"}},{"type":"Feature","geometry":{"type":"Polygon","coordinates":[[[77.614386,28.335849],[77.614388,28.335939],[77.614189,28.335942],[77.614187,28.335852],[77.614386,28.335849]]]},"properties":{"objectid":1795,"uniqueplotid":"PLNGRESIDENTIAL1795","plotmap_id":"SECTOR-16_320_G_RESI","plotidentificationnumber":"320","plotno":"320","industrysector":"SECTOR-16","block":"G","plotsize":"200 SQMT","plotsize_at_the_time_of_allotme":"200 SQMT","landuse_type":"RESIDENTIAL","landuse_subcategory":"RESIDENTIAL","scheme_cod":"RPS07","investment":0,"employment":0,"plotstatus":"Allotted","landallotementstatus":"SOLD","landallotementtype":"ALLOTTED","allotmentid":"RPS071743","allotment_date":1698777000000,"rate_of_allotment":24900,"village_name":"Dhanauri","khasra_no":"1561","longitude":77.61428742999999,"latitude":28.33589566,"authority":"YEIDA","category":"residential","execution_stage":"allotted"}},{"type":"Feature","geometry":{"type":"Polygon","coordinates":[[[77.61401,28.335932],[77.614012,28.336022],[77.613813,28.336025],[77.613811,28.335935],[77.61401,28.335932]]]},"properties":{"objectid":1796,"uniqueplotid":"PLNGRESIDENTIAL1796","plotmap_id":"SECTOR-16_313_G_RESI","plotidentificationnumber":"313","plotno":"313","industrysector":"SECTOR-16","block":"G","plotsize":"200 SQMT","plotsize_at_the_time_of_allotme":"200 SQMT","landuse_type":"RESIDENTIAL","landuse_subcategory":"RESIDENTIAL","scheme_cod":"RPS07","investment":0,"employment":0,"plotstatus":"Allotted","landallotementstatus":"SOLD","landallotementtype":"ALLOTTED","allotmentid":"RPS071787","allotment_date":1698777000000,"rate_of_allotment":24900,"village_name":"Dhanauri","khasra_no":"1561,1576","longitude":77.61391154,"latitude":28.33597828,"authority":"YEIDA","category":"residential","execution_stage":"allotted"}},{"type":"Feature","geometry":{"type":"Polygon","coordinates":[[[77.614388,28.335939],[77.614389,28.336029],[77.614191,28.336032],[77.614189,28.335942],[77.614388,28.335939]]]},"properties":{"objectid":1797,"uniqueplotid":"PLNGRESIDENTIAL1797","plotmap_id":"SECTOR-16_321_G_RESI","plotidentificationnumber":"321","plotno":"321","industrysector":"SECTOR-16","block":"G","plotsize":"200 SQMT","plotsize_at_the_time_of_allotme":"200 SQMT","landuse_type":"RESIDENTIAL","landuse_subcategory":"RESIDENTIAL","scheme_cod":"RPS07","investment":0,"employment":0,"plotstatus":"Allotted","landallotementstatus":"SOLD","landallotementtype":"ALLOTTED","allotmentid":"RPS071767","allotment_date":1698777000000,"rate_of_allotment":24900,"village_name":"Dhanauri","khasra_no":"1561","longitude":77.61428923999999,"latitude":28.335985429999997,"authority":"YEIDA","category":"residential","execution_stage":"allotted"}},{"type":"Feature","geometry":{"type":"Polygon","coordinates":[[[77.614012,28.336022],[77.614014,28.336111],[77.613815,28.336114],[77.613813,28.336025],[77.614012,28.336022]]]},"properties":{"objectid":1798,"uniqueplotid":"PLNGRESIDENTIAL1798","plotmap_id":"SECTOR-16_312_G_RESI","plotidentificationnumber":"312","plotno":"312","industrysector":"SECTOR-16","block":"G","plotsize":"200 SQMT","plotsize_at_the_time_of_allotme":"200 SQMT","landuse_type":"RESIDENTIAL","landuse_subcategory":"RESIDENTIAL","scheme_cod":"RPS07","investment":0,"employment":0,"plotstatus":"Allotted","landallotementstatus":"SOLD","landallotementtype":"ALLOTTED","allotmentid":"RPS071915","allotment_date":1698777000000,"rate_of_allotment":24900,"village_name":"Dhanauri","khasra_no":"1561,1576","longitude":77.61391335,"latitude":28.336068049999998,"authority":"YEIDA","category":"residential","execution_stage":"allotted"}},{"type":"Feature","geometry":{"type":"Polygon","coordinates":[[[77.614389,28.336029],[77.614391,28.336119],[77.614193,28.336122],[77.614191,28.336032],[77.614389,28.336029]]]},"properties":{"objectid":1799,"uniqueplotid":"PLNGRESIDENTIAL1799","plotmap_id":"SECTOR-16_322_G_RESI","plotidentificationnumber":"322","plotno":"322","industrysector":"SECTOR-16","block":"G","plotsize":"200 SQMT","plotsize_at_the_time_of_allotme":"200 SQMT","landuse_type":"RESIDENTIAL","landuse_subcategory":"RESIDENTIAL","scheme_cod":"RPS07","investment":0,"employment":0,"plotstatus":"Allotted","landallotementstatus":"SOLD","landallotementtype":"ALLOTTED","allotmentid":"RPS071644","allotment_date":1698777000000,"rate_of_allotment":24900,"village_name":"Dhanauri","khasra_no":"1562,1561","longitude":77.61429104999999,"latitude":28.33607519,"authority":"YEIDA","category":"residential","execution_stage":"allotted"}},{"type":"Feature","geometry":{"type":"Polygon","coordinates":[[[77.614391,28.336119],[77.614393,28.336208],[77.614194,28.336211],[77.614193,28.336122],[77.614391,28.336119]]]},"properties":{"objectid":1800,"uniqueplotid":"PLNGRESIDENTIAL1800","plotmap_id":"SECTOR-16_323_G_RESI","plotidentificationnumber":"323","plotno":"323","industrysector":"SECTOR-16","block":"G","plotsize":"200 SQMT","plotsize_at_the_time_of_allotme":"200 SQMT","landuse_type":"RESIDENTIAL","landuse_subcategory":"RESIDENTIAL","scheme_cod":"RPS07","investment":0,"employment":0,"plotstatus":"Allotted","landallotementstatus":"SOLD","landallotementtype":"ALLOTTED","allotmentid":"RPS071645","allotment_date":1698777000000,"rate_of_allotment":24900,"village_name":"Dhanauri","khasra_no":"1562,1561","longitude":77.61429287,"latitude":28.336164959999998,"authority":"YEIDA","category":"residential","execution_stage":"allotted"}},{"type":"Feature","geometry":{"type":"Polygon","coordinates":[[[77.614393,28.336208],[77.614395,28.336298],[77.614196,28.336301],[77.614194,28.336211],[77.614393,28.336208]]]},"properties":{"objectid":1801,"uniqueplotid":"PLNGRESIDENTIAL1801","plotmap_id":"SECTOR-16_324_G_RESI","plotidentificationnumber":"324","plotno":"324","industrysector":"SECTOR-16","block":"G","plotsize":"200 SQMT","plotsize_at_the_time_of_allotme":"200 SQMT","landuse_type":"RESIDENTIAL","landuse_subcategory":"RESIDENTIAL","scheme_cod":"RPS07","investment":0,"employment":0,"plotstatus":"Allotted","landallotementstatus":"SOLD","landallotementtype":"ALLOTTED","allotmentid":"RPS071539","allotment_date":1698777000000,"rate_of_allotment":24900,"village_name":"Dhanauri","khasra_no":"1562,1561,1575","longitude":77.61429468,"latitude":28.336254720000003,"authority":"YEIDA","category":"residential","execution_stage":"allotted"}},{"type":"Feature","geometry":{"type":"Polygon","coordinates":[[[77.614395,28.336298],[77.614397,28.336388],[77.614198,28.336391],[77.614196,28.336301],[77.614395,28.336298]]]},"properties":{"objectid":1802,"uniqueplotid":"PLNGRESIDENTIAL1802","plotmap_id":"SECTOR-16_325_G_RESI","plotidentificationnumber":"325","plotno":"325","industrysector":"SECTOR-16","block":"G","plotsize":"200 SQMT","plotsize_at_the_time_of_allotme":"200 SQMT","landuse_type":"RESIDENTIAL","landuse_subcategory":"RESIDENTIAL","scheme_cod":"RPS08","investment":0,"employment":0,"plotstatus":"Allotted","landallotementstatus":"SOLD","landallotementtype":"ALLOTTED","allotmentid":"RPS081163","allotment_date":1728585000000,"rate_of_allotment":25900,"village_name":"Dhanauri","khasra_no":"1562,1575","longitude":77.61429649,"latitude":28.33634448,"authority":"YEIDA","category":"residential","execution_stage":"allotted"}},{"type":"Feature","geometry":{"type":"Polygon","coordinates":[[[77.614397,28.336388],[77.614399,28.336478],[77.6142,28.336481],[77.614198,28.336391],[77.614397,28.336388]]]},"properties":{"objectid":1803,"uniqueplotid":"PLNGRESIDENTIAL1803","plotmap_id":"SECTOR-16_326_G_RESI","plotidentificationnumber":"326","plotno":"326","industrysector":"SECTOR-16","block":"G","plotsize":"200 SQMT","plotsize_at_the_time_of_allotme":"200 SQMT","landuse_type":"RESIDENTIAL","landuse_subcategory":"RESIDENTIAL","scheme_cod":"RPS07","investment":0,"employment":0,"plotstatus":"Allotted","landallotementstatus":"SOLD","landallotementtype":"ALLOTTED","allotmentid":"RPS071544","allotment_date":1698777000000,"rate_of_allotment":24900,"village_name":"Dhanauri","khasra_no":"1574,1562,1575","longitude":77.6142983,"latitude":28.33643425,"authority":"YEIDA","category":"residential","execution_stage":"allotted"}},{"type":"Feature","geometry":{"type":"Polygon","coordinates":[[[77.614572,28.337193],[77.614576,28.337417],[77.614457,28.337419],[77.614453,28.337194],[77.614572,28.337193]]]},"properties":{"objectid":1804,"uniqueplotid":"PLNGRESIDENTIAL1804","plotmap_id":"SECTOR-16_351_G_RESI","plotidentificationnumber":"351","plotno":"351","industrysector":"SECTOR-16","block":"G","plotsize":"300 SQMT","plotsize_at_the_time_of_allotme":"300 SQMT","landuse_type":"RESIDENTIAL","landuse_subcategory":"RESIDENTIAL","scheme_cod":"RPS07","investment":0,"employment":0,"plotstatus":"Allotted","landallotementstatus":"SOLD","landallotementtype":"ALLOTTED","allotmentid":"RPS071978","allotment_date":1698777000000,"rate_of_allotment":24900,"village_name":"Dhanauri","khasra_no":"1568,1530","longitude":77.61451461,"latitude":28.33730572,"authority":"YEIDA","category":"residential","execution_stage":"allotted"}},{"type":"Feature","geometry":{"type":"Polygon","coordinates":[[[77.614576,28.337417],[77.614581,28.337641],[77.614462,28.337643],[77.614457,28.337419],[77.614576,28.337417]]]},"properties":{"objectid":1805,"uniqueplotid":"PLNGRESIDENTIAL1805","plotmap_id":"SECTOR-16_380_G_RESI","plotidentificationnumber":"380","plotno":"380","industrysector":"SECTOR-16","block":"G","plotsize":"300 SQMT","plotsize_at_the_time_of_allotme":"300 SQMT","landuse_type":"RESIDENTIAL","landuse_subcategory":"RESIDENTIAL","scheme_cod":"RPS07","investment":0,"employment":0,"plotstatus":"Allotted","landallotementstatus":"SOLD","landallotementtype":"ALLOTTED","allotmentid":"RPS072015","allotment_date":1698777000000,"rate_of_allotment":24900,"village_name":"Dhanauri","khasra_no":"1568,1530","longitude":77.61451914000001,"latitude":28.33753012,"authority":"YEIDA","category":"residential","execution_stage":"allotted"}},{"type":"Feature","geometry":{"type":"Polygon","coordinates":[[[77.614453,28.337194],[77.614457,28.337419],[77.614338,28.337421],[77.614334,28.337196],[77.614453,28.337194]]]},"properties":{"objectid":1806,"uniqueplotid":"PLNGRESIDENTIAL1806","plotmap_id":"SECTOR-16_352_G_RESI","plotidentificationnumber":"352","plotno":"352","industrysector":"SECTOR-16","block":"G","plotsize":"300 SQMT","plotsize_at_the_time_of_allotme":"300 SQMT","landuse_type":"RESIDENTIAL","landuse_subcategory":"RESIDENTIAL","scheme_cod":"RPS07","investment":0,"employment":0,"plotstatus":"Allotted","landallotementstatus":"SOLD","landallotementtype":"ALLOTTED","allotmentid":"RPS072042","allotment_date":1698777000000,"rate_of_allotment":24900,"village_name":"Dhanauri","khasra_no":"1568,1529","longitude":77.61439542,"latitude":28.337307449999997,"authority":"YEIDA","category":"residential","execution_stage":"allotted"}},{"type":"Feature","geometry":{"type":"Polygon","coordinates":[[[77.614334,28.337196],[77.614338,28.337421],[77.614219,28.337422],[77.614214,28.337198],[77.614334,28.337196]]]},"properties":{"objectid":1807,"uniqueplotid":"PLNGRESIDENTIAL1807","plotmap_id":"SECTOR-16_353_G_RESI","plotidentificationnumber":"353","plotno":"353","industrysector":"SECTOR-16","block":"G","plotsize":"300 SQMT","plotsize_at_the_time_of_allotme":"300 SQMT","landuse_type":"RESIDENTIAL","landuse_subcategory":"RESIDENTIAL","scheme_cod":"RPS07","investment":0,"employment":0,"plotstatus":"Allotted","landallotementstatus":"SOLD","landallotementtype":"ALLOTTED","allotmentid":"RPS072039","allotment_date":1698777000000,"rate_of_allotment":24900,"village_name":"Dhanauri","khasra_no":"1568,1529","longitude":77.61427623,"latitude":28.33730918,"authority":"YEIDA","category":"residential","execution_stage":"allotted"}},{"type":"Feature","geometry":{"type":"Polygon","coordinates":[[[77.614338,28.337421],[77.614343,28.337645],[77.614223,28.337647],[77.614219,28.337422],[77.614338,28.337421]]]},"properties":{"objectid":1808,"uniqueplotid":"PLNGRESIDENTIAL1808","plotmap_id":"SECTOR-16_378_G_RESI","plotidentificationnumber":"378","plotno":"378","industrysector":"SECTOR-16","block":"G","plotsize":"300 SQMT","plotsize_at_the_time_of_allotme":"300 SQMT","landuse_type":"RESIDENTIAL","landuse_subcategory":"RESIDENTIAL","scheme_cod":"RPS07","investment":0,"employment":0,"plotstatus":"Allotted","landallotementstatus":"SOLD","landallotementtype":"ALLOTTED","allotmentid":"RPS071923","allotment_date":1698777000000,"rate_of_allotment":24900,"village_name":"Dhanauri","khasra_no":"1568,1529,1530","longitude":77.61428076,"latitude":28.33753359,"authority":"YEIDA","category":"residential","execution_stage":"allotted"}},{"type":"Feature","geometry":{"type":"Polygon","coordinates":[[[77.614457,28.337419],[77.614462,28.337643],[77.614343,28.337645],[77.614338,28.337421],[77.614457,28.337419]]]},"properties":{"objectid":1809,"uniqueplotid":"PLNGRESIDENTIAL1809","plotmap_id":"SECTOR-16_379_G_RESI","plotidentificationnumber":"379","plotno":"379","industrysector":"SECTOR-16","block":"G","plotsize":"300 SQMT","plotsize_at_the_time_of_allotme":"300 SQMT","landuse_type":"RESIDENTIAL","landuse_subcategory":"RESIDENTIAL","scheme_cod":"RPS07","investment":0,"employment":0,"plotstatus":"Allotted","landallotementstatus":"SOLD","landallotementtype":"ALLOTTED","allotmentid":"RPS071975","allotment_date":1698777000000,"rate_of_allotment":24900,"village_name":"Dhanauri","khasra_no":"1568,1529,1530","longitude":77.61439995,"latitude":28.33753186,"authority":"YEIDA","category":"residential","execution_stage":"allotted"}},{"type":"Feature","geometry":{"type":"Polygon","coordinates":[[[77.614345,28.337753],[77.614349,28.337977],[77.61423,28.337979],[77.614226,28.337754],[77.614345,28.337753]]]},"properties":{"objectid":1810,"uniqueplotid":"PLNGRESIDENTIAL1810","plotmap_id":"SECTOR-16_385_G_RESI","plotidentificationnumber":"385","plotno":"385","industrysector":"SECTOR-16","block":"G","plotsize":"300 SQMT","plotsize_at_the_time_of_allotme":"300 SQMT","landuse_type":"RESIDENTIAL","landuse_subcategory":"RESIDENTIAL","scheme_cod":"RPS07","investment":0,"employment":0,"plotstatus":"Allotted","landallotementstatus":"SOLD","landallotementtype":"ALLOTTED","allotmentid":"RPS072123","allotment_date":1698777000000,"rate_of_allotment":24900,"village_name":"Dhanauri","khasra_no":"1529","longitude":77.61428746,"latitude":28.337865710000003,"authority":"YEIDA","category":"residential","execution_stage":"allotted"}},{"type":"Feature","geometry":{"type":"Polygon","coordinates":[[[77.614702,28.337747],[77.614707,28.337972],[77.614588,28.337974],[77.614583,28.337749],[77.614702,28.337747]]]},"properties":{"objectid":1811,"uniqueplotid":"PLNGRESIDENTIAL1811","plotmap_id":"SECTOR-16_382_G_RESI","plotidentificationnumber":"382","plotno":"382","industrysector":"SECTOR-16","block":"G","plotsize":"300 SQMT","plotsize_at_the_time_of_allotme":"300 SQMT","landuse_type":"RESIDENTIAL","landuse_subcategory":"RESIDENTIAL","scheme_cod":"RPS07","investment":0,"employment":0,"plotstatus":"Allotted","landallotementstatus":"SOLD","landallotementtype":"ALLOTTED","allotmentid":"RPS071930","allotment_date":1698777000000,"rate_of_allotment":24900,"village_name":"Dhanauri","khasra_no":"1529,1530","longitude":77.61464504,"latitude":28.337860510000002,"authority":"YEIDA","category":"residential","execution_stage":"allotted"}},{"type":"Feature","geometry":{"type":"Polygon","coordinates":[[[77.614583,28.337749],[77.614588,28.337974],[77.614469,28.337975],[77.614464,28.337751],[77.614583,28.337749]]]},"properties":{"objectid":1812,"uniqueplotid":"PLNGRESIDENTIAL1812","plotmap_id":"SECTOR-16_383_G_RESI","plotidentificationnumber":"383","plotno":"383","industrysector":"SECTOR-16","block":"G","plotsize":"300 SQMT","plotsize_at_the_time_of_allotme":"300 SQMT","landuse_type":"RESIDENTIAL","landuse_subcategory":"RESIDENTIAL","scheme_cod":"RPS07","investment":0,"employment":0,"plotstatus":"Allotted","landallotementstatus":"SOLD","landallotementtype":"ALLOTTED","allotmentid":"RPS071925","allotment_date":1698777000000,"rate_of_allotment":24900,"village_name":"Dhanauri","khasra_no":"1529,1530","longitude":77.61452585,"latitude":28.33786225,"authority":"YEIDA","category":"residential","execution_stage":"allotted"}},{"type":"Feature","geometry":{"type":"Polygon","coordinates":[[[77.614464,28.337751],[77.614469,28.337975],[77.614349,28.337977],[77.614345,28.337753],[77.614464,28.337751]]]},"properties":{"objectid":1813,"uniqueplotid":"PLNGRESIDENTIAL1813","plotmap_id":"SECTOR-16_384_G_RESI","plotidentificationnumber":"384","plotno":"384","industrysector":"SECTOR-16","block":"G","plotsize":"300 SQMT","plotsize_at_the_time_of_allotme":"300 SQMT","landuse_type":"RESIDENTIAL","landuse_subcategory":"RESIDENTIAL","scheme_cod":"RPS07","investment":0,"employment":0,"plotstatus":"Allotted","landallotementstatus":"SOLD","landallotementtype":"ALLOTTED","allotmentid":"RPS071996","allotment_date":1698777000000,"rate_of_allotment":24900,"village_name":"Dhanauri","khasra_no":"1529","longitude":77.61440666,"latitude":28.33786398,"authority":"YEIDA","category":"residential","execution_stage":"allotted"}},{"type":"Feature","geometry":{"type":"Polygon","coordinates":[[[77.636377,28.34048],[77.627209,28.340662],[77.625659,28.34067],[77.626256,28.33738],[77.627469,28.332472],[77.627644,28.332602],[77.627922,28.332193],[77.627716,28.332019],[77.627754,28.331893],[77.627675,28.331846],[77.629114,28.326576],[77.629619,28.325478],[77.630956,28.323281],[77.632356,28.320889],[77.63243,28.321532],[77.632565,28.322369],[77.632648,28.32273],[77.632803,28.323286],[77.633074,28.324091],[77.634247,28.327165],[77.634989,28.329206],[77.635258,28.330026],[77.63553,28.330928],[77.635833,28.332076],[77.636025,28.332975],[77.636109,28.333465],[77.63624,28.334536],[77.636342,28.336149],[77.636383,28.337069],[77.636377,28.34048]],[[77.628394,28.339195],[77.6285,28.339182],[77.628558,28.339214],[77.628617,28.339302],[77.628668,28.339313],[77.628909,28.339194],[77.629188,28.339084],[77.629506,28.338873],[77.629636,28.338892],[77.62997,28.338875],[77.630072,28.338837],[77.630154,28.338788],[77.630207,28.338724],[77.630248,28.338602],[77.630232,28.338317],[77.630157,28.338145],[77.62976,28.337599],[77.629684,28.337438],[77.629651,28.337249],[77.629631,28.337214],[77.628685,28.337041],[77.628436,28.337008],[77.628088,28.336991],[77.627529,28.336922],[77.627476,28.337015],[77.627424,28.337062],[77.62735,28.337289],[77.627358,28.337608],[77.627432,28.337824],[77.627214,28.337908],[77.627198,28.33794],[77.627303,28.338436],[77.627245,28.338605],[77.627159,28.338968],[77.627184,28.339029],[77.627271,28.339097],[77.627436,28.339191],[77.627713,28.339335],[77.627906,28.339371],[77.628057,28.339345],[77.628394,28.339195]]]},"properties":{"objectid":1814,"uniqueplotid":"PLNGRESIDENTIAL1814","plotmap_id":"SECTOR-16_N.A_FUTURE USE 4_RESI","plotidentificationnumber":"N.A","plotno":"N.A","industrysector":"SECTOR-16","block":"FUTURE USE 4","plotsize":"N.A","landuse_type":"RESIDENTIAL","landuse_subcategory":"RESIDENTIAL","investment":0,"employment":0,"landallotementstatus":"VACANT","landallotementtype":"VACANT","village_name":"Thasrana,Sunpeda,Azampur Husainpur,Ameepur Bangar,Alipura","khasra_no":"660,550,569,674,560,644,551,653,568,559,646,576,546,547,575,659,549,440,468,647,566,565,578,579,462,461,648,590,438,457,456,592,591,544,481,552,439,340,338,334","longitude":77.63207279000001,"latitude":28.3307077,"authority":"YEIDA","category":"residential","execution_stage":"vacant"}},{"type":"Feature","geometry":{"type":"Polygon","coordinates":[[[77.609648,28.338378],[77.609651,28.338539],[77.609562,28.33854],[77.609559,28.338379],[77.609648,28.338378]]]},"properties":{"objectid":1825,"uniqueplotid":"PLNGRESIDENTIAL1825","plotmap_id":"SECTOR-16_36_G_RESI","plotidentificationnumber":"36","plotno":"36","industrysector":"SECTOR-16","block":"B","plotsize":"162 SQMT","plotsize_at_the_time_of_allotme":"162 SQMT","landuse_type":"RESIDENTIAL","landuse_subcategory":"RESIDENTIAL","scheme_cod":"RPS05","investment":0,"employment":0,"plotstatus":"Allotted","landallotementstatus":"SOLD","landallotementtype":"ALLOTTED","allotmentid":"RPS051210","allotment_date":1650565800000,"rate_of_allotment":17800,"village_name":"Dhanauri","khasra_no":"1620","longitude":77.60960264,"latitude":28.33845522,"last_edited_date":1779095830000,"authority":"YEIDA","category":"residential","execution_stage":"allotted"}},{"type":"Feature","geometry":{"type":"Polygon","coordinates":[[[77.609651,28.338539],[77.609654,28.338701],[77.609565,28.338702],[77.609562,28.33854],[77.609651,28.338539]]]},"properties":{"objectid":1826,"uniqueplotid":"PLNGRESIDENTIAL1826","plotmap_id":"SECTOR-16_37_G_RESI","plotidentificationnumber":"37","plotno":"37","industrysector":"SECTOR-16","block":"B","plotsize":"162 SQMT","plotsize_at_the_time_of_allotme":"162 SQMT","landuse_type":"RESIDENTIAL","landuse_subcategory":"RESIDENTIAL","scheme_cod":"RPS05","investment":0,"employment":0,"plotstatus":"Allotted","landallotementstatus":"SOLD","landallotementtype":"ALLOTTED","allotmentid":"RPS051257","allotment_date":1650565800000,"rate_of_allotment":17800,"village_name":"Dhanauri","khasra_no":"1610,1611,1612,1620","longitude":77.60961585,"latitude":28.338633989999998,"last_edited_date":1779095830000,"authority":"YEIDA","category":"residential","execution_stage":"allotted"}},{"type":"Feature","geometry":{"type":"Polygon","coordinates":[[[77.609657,28.338826],[77.60966,28.33897],[77.60957,28.338971],[77.609567,28.33881],[77.609657,28.338808],[77.609657,28.338826]]]},"properties":{"objectid":1827,"uniqueplotid":"PLNGRESIDENTIAL1827","plotmap_id":"SECTOR-16_76_G_RESI","plotidentificationnumber":"76","plotno":"76","industrysector":"SECTOR-16","block":"B","plotsize":"162 SQMT","plotsize_at_the_time_of_allotme":"162 SQMT","landuse_type":"RESIDENTIAL","landuse_subcategory":"RESIDENTIAL","scheme_cod":"RPS05","investment":0,"employment":0,"plotstatus":"Allotted","landallotementstatus":"SOLD","landallotementtype":"ALLOTTED","allotmentid":"RPS051291","allotment_date":1650565800000,"rate_of_allotment":17800,"village_name":"Dhanauri","khasra_no":"1604,1605","longitude":77.60961356,"latitude":28.33888992,"last_edited_date":1779095830000,"authority":"YEIDA","category":"residential","execution_stage":"allotted"}},{"type":"Feature","geometry":{"type":"Polygon","coordinates":[[[77.610459,28.338189],[77.61046,28.338258],[77.610276,28.338261],[77.610274,28.338192],[77.610459,28.338189]]]},"properties":{"objectid":1837,"uniqueplotid":"PLNGRESIDENTIAL1837","plotmap_id":"SECTOR-16_116_E_RESI","plotidentificationnumber":"116","plotno":"116","industrysector":"SECTOR-16","block":"E","plotsize":"162 SQMT","plotsize_at_the_time_of_allotme":"162 SQMT","landuse_type":"RESIDENTIAL","landuse_subcategory":"RESIDENTIAL","scheme_cod":"RPS07","investment":0,"employment":0,"plotstatus":"Allotted","landallotementstatus":"SOLD","landallotementtype":"ALLOTTED","allotmentid":"RPS071311","allotment_date":1698777000000,"rate_of_allotment":24900,"village_name":"Dhanauri","khasra_no":"1610","longitude":77.61036727999999,"latitude":28.33822504,"authority":"YEIDA","category":"residential","execution_stage":"allotted"}},{"type":"Feature","geometry":{"type":"Polygon","coordinates":[[[77.610274,28.338192],[77.610276,28.338261],[77.610091,28.338263],[77.61009,28.338195],[77.610274,28.338192]]]},"properties":{"objectid":1838,"uniqueplotid":"PLNGRESIDENTIAL1838","plotmap_id":"SECTOR-16_77_E_RESI","plotidentificationnumber":"77","plotno":"77","industrysector":"SECTOR-16","block":"E","plotsize":"162 SQMT","plotsize_at_the_time_of_allotme":"162 SQMT","landuse_type":"RESIDENTIAL","landuse_subcategory":"RESIDENTIAL","scheme_cod":"RPS07","investment":0,"employment":0,"plotstatus":"Allotted","landallotementstatus":"SOLD","landallotementtype":"ALLOTTED","allotmentid":"RPS071438","allotment_date":1698777000000,"rate_of_allotment":24900,"village_name":"Dhanauri","khasra_no":"1610,1621,1611,1612","longitude":77.61018276,"latitude":28.33822772,"authority":"YEIDA","category":"residential","execution_stage":"allotted"}},{"type":"Feature","geometry":{"type":"Polygon","coordinates":[[[77.609968,28.338088],[77.609972,28.338265],[77.609891,28.338266],[77.609887,28.338089],[77.609968,28.338088]]]},"properties":{"objectid":1841,"uniqueplotid":"PLNGRESIDENTIAL1841","plotmap_id":"SECTOR-16_67_E_RESI","plotidentificationnumber":"67","plotno":"67","industrysector":"SECTOR-16","block":"E","plotsize":"162 SQMT","plotsize_at_the_time_of_allotme":"162 SQMT","landuse_type":"RESIDENTIAL","landuse_subcategory":"RESIDENTIAL","scheme_cod":"RPS07","investment":0,"employment":0,"plotstatus":"Allotted","landallotementstatus":"SOLD","landallotementtype":"ALLOTTED","allotmentid":"RPS071361","allotment_date":1698777000000,"rate_of_allotment":24900,"village_name":"Dhanauri","khasra_no":"1621","longitude":77.60992947999999,"latitude":28.33817694,"authority":"YEIDA","category":"residential","execution_stage":"allotted"}},{"type":"Feature","geometry":{"type":"Polygon","coordinates":[[[77.609965,28.33791],[77.609968,28.338088],[77.609887,28.338089],[77.609883,28.337911],[77.609965,28.33791]]]},"properties":{"objectid":1842,"uniqueplotid":"PLNGRESIDENTIAL1842","plotmap_id":"SECTOR-16_68_E_RESI","plotidentificationnumber":"68","plotno":"68","industrysector":"SECTOR-16","block":"E","plotsize":"162 SQMT","plotsize_at_the_time_of_allotme":"162 SQMT","landuse_type":"RESIDENTIAL","landuse_subcategory":"RESIDENTIAL","scheme_cod":"RPS07","investment":0,"employment":0,"plotstatus":"Allotted","landallotementstatus":"SOLD","landallotementtype":"ALLOTTED","allotmentid":"RPS071360","allotment_date":1698777000000,"rate_of_allotment":24900,"village_name":"Dhanauri","khasra_no":"1621","longitude":77.60992589,"latitude":28.3379993,"authority":"YEIDA","category":"residential","execution_stage":"allotted"}},{"type":"Feature","geometry":{"type":"Polygon","coordinates":[[[77.609478,28.338811],[77.609481,28.338973],[77.609392,28.338974],[77.609388,28.338812],[77.609478,28.338811]]]},"properties":{"objectid":1877,"uniqueplotid":"PLNGRESIDENTIAL1877","plotmap_id":"SECTOR-16_74_G_RESI","plotidentificationnumber":"74","plotno":"74","industrysector":"SECTOR-16","block":"B","plotsize":"162 SQMT","plotsize_at_the_time_of_allotme":"162 SQMT","landuse_type":"RESIDENTIAL","landuse_subcategory":"RESIDENTIAL","scheme_cod":"RPS05","investment":0,"employment":0,"plotstatus":"Allotted","landallotementstatus":"SOLD","landallotementtype":"ALLOTTED","allotmentid":"RPS051249","allotment_date":1650565800000,"rate_of_allotment":17800,"village_name":"Dhanauri","khasra_no":"1604,1611,1612","longitude":77.60943477,"latitude":28.338892519999998,"last_edited_date":1779095830000,"authority":"YEIDA","category":"residential","execution_stage":"allotted"}},{"type":"Feature","geometry":{"type":"Polygon","coordinates":[[[77.609567,28.33881],[77.60957,28.338971],[77.609481,28.338973],[77.609478,28.338811],[77.609567,28.33881]]]},"properties":{"objectid":1878,"uniqueplotid":"PLNGRESIDENTIAL1878","plotmap_id":"SECTOR-16_75_G_RESI","plotidentificationnumber":"75","plotno":"75","industrysector":"SECTOR-16","block":"B","plotsize":"162 SQMT","plotsize_at_the_time_of_allotme":"162 SQMT","landuse_type":"RESIDENTIAL","landuse_subcategory":"RESIDENTIAL","scheme_cod":"RPS05","investment":0,"employment":0,"plotstatus":"Allotted","landallotementstatus":"SOLD","landallotementtype":"ALLOTTED","allotmentid":"RPS051268","allotment_date":1650565800000,"rate_of_allotment":17800,"village_name":"Dhanauri","khasra_no":"1604","longitude":77.60952417,"latitude":28.33889122,"last_edited_date":1779095830000,"authority":"YEIDA","category":"residential","execution_stage":"allotted"}},{"type":"Feature","geometry":{"type":"Polygon","coordinates":[[[77.609469,28.33838],[77.609472,28.338542],[77.609383,28.338543],[77.60938,28.338382],[77.609469,28.33838]]]},"properties":{"objectid":1885,"uniqueplotid":"PLNGRESIDENTIAL1885","plotmap_id":"SECTOR-16_34_G_RESI","plotidentificationnumber":"34","plotno":"34","industrysector":"SECTOR-16","block":"B","plotsize":"162 SQMT","plotsize_at_the_time_of_allotme":"162 SQMT","landuse_type":"RESIDENTIAL","landuse_subcategory":"RESIDENTIAL","scheme_cod":"RPS05","investment":0,"employment":0,"plotstatus":"Allotted","landallotementstatus":"SOLD","landallotementtype":"ALLOTTED","allotmentid":"RPS051274","allotment_date":1650565800000,"rate_of_allotment":17800,"village_name":"Dhanauri","khasra_no":"1619,1620","longitude":77.60942607,"latitude":28.33846166,"last_edited_date":1779095830000,"authority":"YEIDA","category":"residential","execution_stage":"allotted"}},{"type":"Feature","geometry":{"type":"Polygon","coordinates":[[[77.609559,28.338379],[77.609562,28.33854],[77.609472,28.338542],[77.609469,28.33838],[77.609559,28.338379]]]},"properties":{"objectid":1886,"uniqueplotid":"PLNGRESIDENTIAL1886","plotmap_id":"SECTOR-16_35_G_RESI","plotidentificationnumber":"35","plotno":"35","industrysector":"SECTOR-16","block":"B","plotsize":"162 SQMT","plotsize_at_the_time_of_allotme":"162 SQMT","landuse_type":"RESIDENTIAL","landuse_subcategory":"RESIDENTIAL","scheme_cod":"RPS05","investment":0,"employment":0,"plotstatus":"Allotted","landallotementstatus":"SOLD","landallotementtype":"ALLOTTED","allotmentid":"RPS051226","allotment_date":1650565800000,"rate_of_allotment":17800,"village_name":"Dhanauri","khasra_no":"1620","longitude":77.60951546999999,"latitude":28.33846036,"last_edited_date":1779095830000,"authority":"YEIDA","category":"residential","execution_stage":"allotted"}},{"type":"Feature","geometry":{"type":"Polygon","coordinates":[[[77.609472,28.338542],[77.609476,28.338703],[77.609386,28.338705],[77.609383,28.338543],[77.609472,28.338542]]]},"properties":{"objectid":1893,"uniqueplotid":"PLNGRESIDENTIAL1893","plotmap_id":"SECTOR-16_39_G_RESI","plotidentificationnumber":"39","plotno":"39","industrysector":"SECTOR-16","block":"B","plotsize":"162 SQMT","plotsize_at_the_time_of_allotme":"162 SQMT","landuse_type":"RESIDENTIAL","landuse_subcategory":"RESIDENTIAL","scheme_cod":"RPS05","investment":0,"employment":0,"plotstatus":"Allotted","landallotementstatus":"SOLD","landallotementtype":"ALLOTTED","allotmentid":"RPS051231","allotment_date":1650565800000,"rate_of_allotment":17800,"village_name":"Dhanauri","khasra_no":"1619,1620","longitude":77.60942933,"latitude":28.33862323,"last_edited_date":1779095830000,"authority":"YEIDA","category":"residential","execution_stage":"allotted"}},{"type":"Feature","geometry":{"type":"Polygon","coordinates":[[[77.609562,28.33854],[77.609565,28.338702],[77.609476,28.338703],[77.609472,28.338542],[77.609562,28.33854]]]},"properties":{"objectid":1894,"uniqueplotid":"PLNGRESIDENTIAL1894","plotmap_id":"SECTOR-16_38_G_RESI","plotidentificationnumber":"38","plotno":"38","industrysector":"SECTOR-16","block":"B","plotsize":"162 SQMT","plotsize_at_the_time_of_allotme":"162 SQMT","landuse_type":"RESIDENTIAL","landuse_subcategory":"RESIDENTIAL","scheme_cod":"RPS05","investment":0,"employment":0,"plotstatus":"Allotted","landallotementstatus":"SOLD","landallotementtype":"ALLOTTED","allotmentid":"RPS051221","allotment_date":1650565800000,"rate_of_allotment":17800,"village_name":"Dhanauri","khasra_no":"1619,1611,1612,1620","longitude":77.60951872999999,"latitude":28.33862193,"last_edited_date":1779095830000,"authority":"YEIDA","category":"residential","execution_stage":"allotted"}},{"type":"Feature","geometry":{"type":"Polygon","coordinates":[[[77.609399,28.338096],[77.609403,28.338273],[77.609321,28.338275],[77.609318,28.338097],[77.609399,28.338096]]]},"properties":{"objectid":1910,"uniqueplotid":"PLNGRESIDENTIAL1910","plotmap_id":"SECTOR-16_60_E_RESI","plotidentificationnumber":"60","plotno":"60","industrysector":"SECTOR-16","block":"E","plotsize":"162 SQMT","plotsize_at_the_time_of_allotme":"162 SQMT","landuse_type":"RESIDENTIAL","landuse_subcategory":"RESIDENTIAL","scheme_cod":"RPS07","investment":0,"employment":0,"plotstatus":"Allotted","landallotementstatus":"SOLD","landallotementtype":"ALLOTTED","allotmentid":"RPS071424","allotment_date":1698777000000,"rate_of_allotment":24900,"village_name":"Dhanauri","khasra_no":"1620","longitude":77.60936024,"latitude":28.33818522,"authority":"YEIDA","category":"residential","execution_stage":"allotted"}},{"type":"Feature","geometry":{"type":"Polygon","coordinates":[[[77.609396,28.337918],[77.609399,28.338096],[77.609318,28.338097],[77.609314,28.337919],[77.609396,28.337918]]]},"properties":{"objectid":1911,"uniqueplotid":"PLNGRESIDENTIAL1911","plotmap_id":"SECTOR-16_75_E_RESI","plotidentificationnumber":"75","plotno":"75","industrysector":"SECTOR-16","block":"E","plotsize":"162 SQMT","plotsize_at_the_time_of_allotme":"162 SQMT","landuse_type":"RESIDENTIAL","landuse_subcategory":"RESIDENTIAL","scheme_cod":"RPS07","investment":0,"employment":0,"plotstatus":"Allotted","landallotementstatus":"SOLD","landallotementtype":"ALLOTTED","allotmentid":"RPS071272","allotment_date":1698777000000,"rate_of_allotment":24900,"village_name":"Dhanauri","khasra_no":"1620","longitude":77.60935665000001,"latitude":28.33800758,"authority":"YEIDA","category":"residential","execution_stage":"allotted"}},{"type":"Feature","geometry":{"type":"Polygon","coordinates":[[[77.60948,28.338095],[77.609483,28.338272],[77.609403,28.338273],[77.609399,28.338096],[77.60948,28.338095]]]},"properties":{"objectid":1912,"uniqueplotid":"PLNGRESIDENTIAL1912","plotmap_id":"SECTOR-16_61_E_RESI","plotidentificationnumber":"61","plotno":"61","industrysector":"SECTOR-16","block":"E","plotsize":"162 SQMT","plotsize_at_the_time_of_allotme":"162 SQMT","landuse_type":"RESIDENTIAL","landuse_subcategory":"RESIDENTIAL","scheme_cod":"RPS07","investment":0,"employment":0,"plotstatus":"Allotted","landallotementstatus":"SOLD","landallotementtype":"ALLOTTED","allotmentid":"RPS071339","allotment_date":1698777000000,"rate_of_allotment":24900,"village_name":"Dhanauri","khasra_no":"1620","longitude":77.60944113,"latitude":28.33818404,"authority":"YEIDA","category":"residential","execution_stage":"allotted"}},{"type":"Feature","geometry":{"type":"Polygon","coordinates":[[[77.609476,28.337917],[77.60948,28.338095],[77.609399,28.338096],[77.609396,28.337918],[77.609476,28.337917]]]},"properties":{"objectid":1913,"uniqueplotid":"PLNGRESIDENTIAL1913","plotmap_id":"SECTOR-16_74_E_RESI","plotidentificationnumber":"74","plotno":"74","industrysector":"SECTOR-16","block":"E","plotsize":"162 SQMT","plotsize_at_the_time_of_allotme":"162 SQMT","landuse_type":"RESIDENTIAL","landuse_subcategory":"RESIDENTIAL","scheme_cod":"RPS07","investment":0,"employment":0,"plotstatus":"Allotted","landallotementstatus":"SOLD","landallotementtype":"ALLOTTED","allotmentid":"RPS071443","allotment_date":1698777000000,"rate_of_allotment":24900,"village_name":"Dhanauri","khasra_no":"1621,1620","longitude":77.60943753999999,"latitude":28.3380064,"authority":"YEIDA","category":"residential","execution_stage":"allotted"}},{"type":"Feature","geometry":{"type":"Polygon","coordinates":[[[77.609562,28.338093],[77.609565,28.338271],[77.609483,28.338272],[77.60948,28.338095],[77.609562,28.338093]]]},"properties":{"objectid":1914,"uniqueplotid":"PLNGRESIDENTIAL1914","plotmap_id":"SECTOR-16_62_E_RESI","plotidentificationnumber":"62","plotno":"62","industrysector":"SECTOR-16","block":"E","plotsize":"162 SQMT","plotsize_at_the_time_of_allotme":"162 SQMT","landuse_type":"RESIDENTIAL","landuse_subcategory":"RESIDENTIAL","scheme_cod":"RPS07","investment":0,"employment":0,"plotstatus":"Allotted","landallotementstatus":"SOLD","landallotementtype":"ALLOTTED","allotmentid":"RPS071431","allotment_date":1698777000000,"rate_of_allotment":24900,"village_name":"Dhanauri","khasra_no":"1620","longitude":77.60952246,"latitude":28.33818286,"authority":"YEIDA","category":"residential","execution_stage":"allotted"}},{"type":"Feature","geometry":{"type":"Polygon","coordinates":[[[77.609559,28.337937],[77.609562,28.338093],[77.60948,28.338095],[77.609476,28.337917],[77.609558,28.337916],[77.609559,28.337937]]]},"properties":{"objectid":1915,"uniqueplotid":"PLNGRESIDENTIAL1915","plotmap_id":"SECTOR-16_73_E_RESI","plotidentificationnumber":"73","plotno":"73","industrysector":"SECTOR-16","block":"E","plotsize":"162 SQMT","plotsize_at_the_time_of_allotme":"162 SQMT","landuse_type":"RESIDENTIAL","landuse_subcategory":"RESIDENTIAL","scheme_cod":"RPS07","investment":0,"employment":0,"plotstatus":"Allotted","landallotementstatus":"SOLD","landallotementtype":"ALLOTTED","allotmentid":"RPS071312","allotment_date":1698777000000,"rate_of_allotment":24900,"village_name":"Dhanauri","khasra_no":"1621,1620","longitude":77.60951887,"latitude":28.33800522,"authority":"YEIDA","category":"residential","execution_stage":"allotted"}},{"type":"Feature","geometry":{"type":"Polygon","coordinates":[[[77.609643,28.338092],[77.609647,28.33827],[77.609565,28.338271],[77.609562,28.338093],[77.609643,28.338092]]]},"properties":{"objectid":1916,"uniqueplotid":"PLNGRESIDENTIAL1916","plotmap_id":"SECTOR-16_63_E_RESI","plotidentificationnumber":"63","plotno":"63","industrysector":"SECTOR-16","block":"E","plotsize":"162 SQMT","plotsize_at_the_time_of_allotme":"162 SQMT","landuse_type":"RESIDENTIAL","landuse_subcategory":"RESIDENTIAL","scheme_cod":"RPS07","investment":0,"employment":0,"plotstatus":"Allotted","landallotementstatus":"SOLD","landallotementtype":"ALLOTTED","allotmentid":"RPS071445","allotment_date":1698777000000,"rate_of_allotment":24900,"village_name":"Dhanauri","khasra_no":"1621,1620","longitude":77.60960422,"latitude":28.33818167,"authority":"YEIDA","category":"residential","execution_stage":"allotted"}},{"type":"Feature","geometry":{"type":"Polygon","coordinates":[[[77.609639,28.337915],[77.609643,28.338092],[77.609562,28.338093],[77.609558,28.337916],[77.609639,28.337915]]]},"properties":{"objectid":1917,"uniqueplotid":"PLNGRESIDENTIAL1917","plotmap_id":"SECTOR-16_72_E_RESI","plotidentificationnumber":"72","plotno":"72","industrysector":"SECTOR-16","block":"E","plotsize":"162 SQMT","plotsize_at_the_time_of_allotme":"162 SQMT","landuse_type":"RESIDENTIAL","landuse_subcategory":"RESIDENTIAL","scheme_cod":"RPS07","investment":0,"employment":0,"plotstatus":"Allotted","landallotementstatus":"SOLD","landallotementtype":"ALLOTTED","allotmentid":"RPS071287","allotment_date":1698777000000,"rate_of_allotment":24900,"village_name":"Dhanauri","khasra_no":"1621,1620","longitude":77.60960060000001,"latitude":28.33800404,"authority":"YEIDA","category":"residential","execution_stage":"allotted"}},{"type":"Feature","geometry":{"type":"Polygon","coordinates":[[[77.609724,28.338091],[77.609728,28.338269],[77.609647,28.33827],[77.609643,28.338092],[77.609724,28.338091]]]},"properties":{"objectid":1918,"uniqueplotid":"PLNGRESIDENTIAL1918","plotmap_id":"SECTOR-16_64_E_RESI","plotidentificationnumber":"64","plotno":"64","industrysector":"SECTOR-16","block":"E","plotsize":"162 SQMT","plotsize_at_the_time_of_allotme":"162 SQMT","landuse_type":"RESIDENTIAL","landuse_subcategory":"RESIDENTIAL","scheme_cod":"RPS07","investment":0,"employment":0,"plotstatus":"Allotted","landallotementstatus":"SOLD","landallotementtype":"ALLOTTED","allotmentid":"RPS071232","allotment_date":1698777000000,"rate_of_allotment":24900,"village_name":"Dhanauri","khasra_no":"1621,1620","longitude":77.60968548,"latitude":28.338180480000002,"authority":"YEIDA","category":"residential","execution_stage":"allotted"}},{"type":"Feature","geometry":{"type":"Polygon","coordinates":[[[77.609721,28.337913],[77.609724,28.338091],[77.609643,28.338092],[77.609639,28.337915],[77.609721,28.337913]]]},"properties":{"objectid":1919,"uniqueplotid":"PLNGRESIDENTIAL1919","plotmap_id":"SECTOR-16_71_E_RESI","plotidentificationnumber":"71","plotno":"71","industrysector":"SECTOR-16","block":"E","plotsize":"162 SQMT","plotsize_at_the_time_of_allotme":"162 SQMT","landuse_type":"RESIDENTIAL","landuse_subcategory":"RESIDENTIAL","scheme_cod":"RPS07","investment":0,"employment":0,"plotstatus":"Allotted","landallotementstatus":"SOLD","landallotementtype":"ALLOTTED","allotmentid":"RPS071393","allotment_date":1698777000000,"rate_of_allotment":24900,"village_name":"Dhanauri","khasra_no":"1621","longitude":77.60968189,"latitude":28.33800284,"authority":"YEIDA","category":"residential","execution_stage":"allotted"}},{"type":"Feature","geometry":{"type":"Polygon","coordinates":[[[77.609806,28.33809],[77.609809,28.338268],[77.609728,28.338269],[77.609724,28.338091],[77.609806,28.33809]]]},"properties":{"objectid":1920,"uniqueplotid":"PLNGRESIDENTIAL1920","plotmap_id":"SECTOR-16_65_E_RESI","plotidentificationnumber":"65","plotno":"65","industrysector":"SECTOR-16","block":"E","plotsize":"162 SQMT","plotsize_at_the_time_of_allotme":"162 SQMT","landuse_type":"RESIDENTIAL","landuse_subcategory":"RESIDENTIAL","scheme_cod":"RPS07","investment":0,"employment":0,"plotstatus":"Allotted","landallotementstatus":"SOLD","landallotementtype":"ALLOTTED","allotmentid":"RPS071319","allotment_date":1698777000000,"rate_of_allotment":24900,"village_name":"Dhanauri","khasra_no":"1621,1620","longitude":77.60976683,"latitude":28.338179320000002,"authority":"YEIDA","category":"residential","execution_stage":"allotted"}},{"type":"Feature","geometry":{"type":"Polygon","coordinates":[[[77.609802,28.337912],[77.609806,28.33809],[77.609724,28.338091],[77.609721,28.337913],[77.609802,28.337912]]]},"properties":{"objectid":1921,"uniqueplotid":"PLNGRESIDENTIAL1921","plotmap_id":"SECTOR-16_70_E_RESI","plotidentificationnumber":"70","plotno":"70","industrysector":"SECTOR-16","block":"E","plotsize":"162 SQMT","plotsize_at_the_time_of_allotme":"162 SQMT","landuse_type":"RESIDENTIAL","landuse_subcategory":"RESIDENTIAL","scheme_cod":"RPS07","investment":0,"employment":0,"plotstatus":"Allotted","landallotementstatus":"SOLD","landallotementtype":"ALLOTTED","allotmentid":"RPS071376","allotment_date":1698777000000,"rate_of_allotment":24900,"village_name":"Dhanauri","khasra_no":"1621","longitude":77.60976322,"latitude":28.33800168,"authority":"YEIDA","category":"residential","execution_stage":"allotted"}},{"type":"Feature","geometry":{"type":"Polygon","coordinates":[[[77.609887,28.338089],[77.609891,28.338266],[77.609809,28.338268],[77.609806,28.33809],[77.609887,28.338089]]]},"properties":{"objectid":1922,"uniqueplotid":"PLNGRESIDENTIAL1922","plotmap_id":"SECTOR-16_66_E_RESI","plotidentificationnumber":"66","plotno":"66","industrysector":"SECTOR-16","block":"E","plotsize":"162 SQMT","plotsize_at_the_time_of_allotme":"162 SQMT","landuse_type":"RESIDENTIAL","landuse_subcategory":"RESIDENTIAL","scheme_cod":"RPS07","investment":0,"employment":0,"plotstatus":"Allotted","landallotementstatus":"SOLD","landallotementtype":"ALLOTTED","allotmentid":"RPS071414","allotment_date":1698777000000,"rate_of_allotment":24900,"village_name":"Dhanauri","khasra_no":"1621","longitude":77.60984811,"latitude":28.33817811,"authority":"YEIDA","category":"residential","execution_stage":"allotted"}},{"type":"Feature","geometry":{"type":"Polygon","coordinates":[[[77.609883,28.337911],[77.609887,28.338089],[77.609806,28.33809],[77.609802,28.337912],[77.609883,28.337911]]]},"properties":{"objectid":1923,"uniqueplotid":"PLNGRESIDENTIAL1923","plotmap_id":"SECTOR-16_69_E_RESI","plotidentificationnumber":"69","plotno":"69","industrysector":"SECTOR-16","block":"E","plotsize":"162 SQMT","plotsize_at_the_time_of_allotme":"162 SQMT","landuse_type":"RESIDENTIAL","landuse_subcategory":"RESIDENTIAL","scheme_cod":"RPS07","investment":0,"employment":0,"plotstatus":"Allotted","landallotementstatus":"SOLD","landallotementtype":"ALLOTTED","allotmentid":"RPS071279","allotment_date":1698777000000,"rate_of_allotment":24900,"village_name":"Dhanauri","khasra_no":"1621","longitude":77.60984446,"latitude":28.33800047,"authority":"YEIDA","category":"residential","execution_stage":"allotted"}},{"type":"Feature","geometry":{"type":"Polygon","coordinates":[[[77.610273,28.338113],[77.610274,28.338192],[77.61009,28.338195],[77.610088,28.338116],[77.610273,28.338113]]]},"properties":{"objectid":1924,"uniqueplotid":"PLNGRESIDENTIAL1924","plotmap_id":"SECTOR-16_78_E_RESI","plotidentificationnumber":"78","plotno":"78","industrysector":"SECTOR-16","block":"E","plotsize":"162 SQMT","plotsize_at_the_time_of_allotme":"162 SQMT","landuse_type":"RESIDENTIAL","landuse_subcategory":"RESIDENTIAL","scheme_cod":"RPS07","investment":0,"employment":0,"plotstatus":"Allotted","landallotementstatus":"SOLD","landallotementtype":"ALLOTTED","allotmentid":"RPS071231","allotment_date":1698777000000,"rate_of_allotment":24900,"village_name":"Dhanauri","khasra_no":"1610,1621,1611,1612","longitude":77.61018127,"latitude":28.33815409,"authority":"YEIDA","category":"residential","execution_stage":"allotted"}},{"type":"Feature","geometry":{"type":"Polygon","coordinates":[[[77.610271,28.338035],[77.610273,28.338113],[77.610088,28.338116],[77.610087,28.338038],[77.610271,28.338035]]]},"properties":{"objectid":1925,"uniqueplotid":"PLNGRESIDENTIAL1925","plotmap_id":"SECTOR-16_79_E_RESI","plotidentificationnumber":"79","plotno":"79","industrysector":"SECTOR-16","block":"E","plotsize":"162 SQMT","plotsize_at_the_time_of_allotme":"162 SQMT","landuse_type":"RESIDENTIAL","landuse_subcategory":"RESIDENTIAL","scheme_cod":"RPS07","investment":0,"employment":0,"plotstatus":"Allotted","landallotementstatus":"SOLD","landallotementtype":"ALLOTTED","allotmentid":"RPS071368","allotment_date":1698777000000,"rate_of_allotment":24900,"village_name":"Dhanauri","khasra_no":"1621","longitude":77.61017969000001,"latitude":28.33807555,"authority":"YEIDA","category":"residential","execution_stage":"allotted"}},{"type":"Feature","geometry":{"type":"Polygon","coordinates":[[[77.610457,28.338111],[77.610459,28.338189],[77.610274,28.338192],[77.610273,28.338113],[77.610457,28.338111]]]},"properties":{"objectid":1926,"uniqueplotid":"PLNGRESIDENTIAL1926","plotmap_id":"SECTOR-16_115_E_RESI","plotidentificationnumber":"115","plotno":"115","industrysector":"SECTOR-16","block":"E","plotsize":"162 SQMT","plotsize_at_the_time_of_allotme":"162 SQMT","landuse_type":"RESIDENTIAL","landuse_subcategory":"RESIDENTIAL","scheme_cod":"RPS07","investment":0,"employment":0,"plotstatus":"Allotted","landallotementstatus":"SOLD","landallotementtype":"ALLOTTED","allotmentid":"RPS071236","allotment_date":1698777000000,"rate_of_allotment":24900,"village_name":"Dhanauri","khasra_no":"1610,1621,1611,1612","longitude":77.61036578999999,"latitude":28.3381514,"authority":"YEIDA","category":"residential","execution_stage":"allotted"}},{"type":"Feature","geometry":{"type":"Polygon","coordinates":[[[77.610456,28.338032],[77.610457,28.338111],[77.610273,28.338113],[77.610271,28.338035],[77.610456,28.338032]]]},"properties":{"objectid":1927,"uniqueplotid":"PLNGRESIDENTIAL1927","plotmap_id":"SECTOR-16_114_E_RESI","plotidentificationnumber":"114","plotno":"114","industrysector":"SECTOR-16","block":"E","plotsize":"162 SQMT","plotsize_at_the_time_of_allotme":"162 SQMT","landuse_type":"RESIDENTIAL","landuse_subcategory":"RESIDENTIAL","scheme_cod":"RPS07","investment":0,"employment":0,"plotstatus":"Allotted","landallotementstatus":"SOLD","landallotementtype":"ALLOTTED","allotmentid":"RPS071333","allotment_date":1698777000000,"rate_of_allotment":24900,"village_name":"Dhanauri","khasra_no":"1610,1621,1611,1612","longitude":77.61036419999999,"latitude":28.33807286,"authority":"YEIDA","category":"residential","execution_stage":"allotted"}},{"type":"Feature","geometry":{"type":"Polygon","coordinates":[[[77.613002,28.339164],[77.613007,28.339388],[77.612888,28.33939],[77.612883,28.339166],[77.613002,28.339164]]]},"properties":{"objectid":1932,"uniqueplotid":"PLNGRESIDENTIAL1932","plotmap_id":"SECTOR-16_494_G_RESI","plotidentificationnumber":"494","plotno":"494","industrysector":"SECTOR-16","block":"G","plotsize":"300 SQMT","plotsize_at_the_time_of_allotme":"300 SQMT","landuse_type":"RESIDENTIAL","landuse_subcategory":"RESIDENTIAL","scheme_cod":"RPS07","investment":0,"employment":0,"plotstatus":"Allotted","landallotementstatus":"SOLD","landallotementtype":"ALLOTTED","allotmentid":"RPS072127","allotment_date":1698777000000,"rate_of_allotment":24900,"village_name":"Dhanauri","khasra_no":"1519","longitude":77.61294484999999,"latitude":28.33927694,"authority":"YEIDA","category":"residential","execution_stage":"allotted"}},{"type":"Feature","geometry":{"type":"Polygon","coordinates":[[[77.613121,28.339162],[77.613126,28.339387],[77.613007,28.339388],[77.613002,28.339164],[77.613121,28.339162]]]},"properties":{"objectid":1933,"uniqueplotid":"PLNGRESIDENTIAL1933","plotmap_id":"SECTOR-16_493_G_RESI","plotidentificationnumber":"493","plotno":"493","industrysector":"SECTOR-16","block":"G","plotsize":"300 SQMT","plotsize_at_the_time_of_allotme":"300 SQMT","landuse_type":"RESIDENTIAL","landuse_subcategory":"RESIDENTIAL","scheme_cod":"RPS07","investment":0,"employment":0,"plotstatus":"Allotted","landallotementstatus":"SOLD","landallotementtype":"ALLOTTED","allotmentid":"RPS072010","allotment_date":1698777000000,"rate_of_allotment":24900,"village_name":"Dhanauri","khasra_no":"1519,1520","longitude":77.61306404,"latitude":28.33927521,"authority":"YEIDA","category":"residential","execution_stage":"allotted"}},{"type":"Feature","geometry":{"type":"Polygon","coordinates":[[[77.613241,28.33916],[77.613245,28.339385],[77.613126,28.339387],[77.613121,28.339162],[77.613241,28.33916]]]},"properties":{"objectid":1934,"uniqueplotid":"PLNGRESIDENTIAL1934","plotmap_id":"SECTOR-16_492_G_RESI","plotidentificationnumber":"492","plotno":"492","industrysector":"SECTOR-16","block":"G","plotsize":"300 SQMT","plotsize_at_the_time_of_allotme":"300 SQMT","landuse_type":"RESIDENTIAL","landuse_subcategory":"RESIDENTIAL","scheme_cod":"RPS07","investment":0,"employment":0,"plotstatus":"Allotted","landallotementstatus":"SOLD","landallotementtype":"ALLOTTED","allotmentid":"RPS072120","allotment_date":1698777000000,"rate_of_allotment":24900,"village_name":"Dhanauri","khasra_no":"1519,1520","longitude":77.61318323,"latitude":28.339273480000003,"authority":"YEIDA","category":"residential","execution_stage":"allotted"}},{"type":"Feature","geometry":{"type":"Polygon","coordinates":[[[77.61336,28.339159],[77.613364,28.339383],[77.613245,28.339385],[77.613241,28.33916],[77.61336,28.339159]]]},"properties":{"objectid":1935,"uniqueplotid":"PLNGRESIDENTIAL1935","plotmap_id":"SECTOR-16_491_G_RESI","plotidentificationnumber":"491","plotno":"491","industrysector":"SECTOR-16","block":"G","plotsize":"300 SQMT","plotsize_at_the_time_of_allotme":"300 SQMT","landuse_type":"RESIDENTIAL","landuse_subcategory":"RESIDENTIAL","scheme_cod":"RPS07","investment":0,"employment":0,"plotstatus":"Allotted","landallotementstatus":"SOLD","landallotementtype":"ALLOTTED","allotmentid":"RPS072027","allotment_date":1698777000000,"rate_of_allotment":24900,"village_name":"Dhanauri","khasra_no":"1519,1520","longitude":77.61330242,"latitude":28.33927175,"authority":"YEIDA","category":"residential","execution_stage":"allotted"}},{"type":"Feature","geometry":{"type":"Polygon","coordinates":[[[77.611906,28.338013],[77.61191,28.338237],[77.611791,28.338239],[77.611787,28.338014],[77.611906,28.338013]]]},"properties":{"objectid":1936,"uniqueplotid":"PLNGRESIDENTIAL1936","plotmap_id":"SECTOR-16_422_G_RESI","plotidentificationnumber":"422","plotno":"422","industrysector":"SECTOR-16","block":"G","plotsize":"300 SQMT","plotsize_at_the_time_of_allotme":"300 SQMT","landuse_type":"RESIDENTIAL","landuse_subcategory":"RESIDENTIAL","scheme_cod":"RPS08","investment":0,"employment":0,"plotstatus":"Allotted","landallotementstatus":"SOLD","landallotementtype":"ALLOTTED","allotmentid":"RPS081231","allotment_date":1728585000000,"rate_of_allotment":25900,"village_name":"Dhanauri","khasra_no":"1692,1694","longitude":77.61184855,"latitude":28.33812564,"authority":"YEIDA","category":"residential","execution_stage":"allotted"}},{"type":"Feature","geometry":{"type":"Polygon","coordinates":[[[77.612979,28.337997],[77.612983,28.338221],[77.612864,28.338223],[77.612859,28.337999],[77.612979,28.337997]]]},"properties":{"objectid":1937,"uniqueplotid":"PLNGRESIDENTIAL1937","plotmap_id":"SECTOR-16_430_G_RESI","plotidentificationnumber":"430","plotno":"430","industrysector":"SECTOR-16","block":"G","plotsize":"300 SQMT","plotsize_at_the_time_of_allotme":"300 SQMT","landuse_type":"RESIDENTIAL","landuse_subcategory":"RESIDENTIAL","scheme_cod":"RPS07","investment":0,"employment":0,"plotstatus":"Allotted","landallotementstatus":"SOLD","landallotementtype":"ALLOTTED","allotmentid":"RPS071944","allotment_date":1698777000000,"rate_of_allotment":24900,"village_name":"Dhanauri","khasra_no":"1523","longitude":77.61292128,"latitude":28.33811004,"authority":"YEIDA","category":"residential","execution_stage":"allotted"}},{"type":"Feature","geometry":{"type":"Polygon","coordinates":[[[77.613098,28.337995],[77.613102,28.33822],[77.612983,28.338221],[77.612979,28.337997],[77.613098,28.337995]]]},"properties":{"objectid":1938,"uniqueplotid":"PLNGRESIDENTIAL1938","plotmap_id":"SECTOR-16_431_G_RESI","plotidentificationnumber":"431","plotno":"431","industrysector":"SECTOR-16","block":"G","plotsize":"300 SQMT","plotsize_at_the_time_of_allotme":"300 SQMT","landuse_type":"RESIDENTIAL","landuse_subcategory":"RESIDENTIAL","scheme_cod":"RPS07","investment":0,"employment":0,"plotstatus":"Allotted","landallotementstatus":"SOLD","landallotementtype":"ALLOTTED","allotmentid":"RPS072064","allotment_date":1698777000000,"rate_of_allotment":24900,"village_name":"Dhanauri","khasra_no":"1523","longitude":77.61304047,"latitude":28.33810831,"authority":"YEIDA","category":"residential","execution_stage":"allotted"}},{"type":"Feature","geometry":{"type":"Polygon","coordinates":[[[77.613217,28.337994],[77.613222,28.338218],[77.613102,28.33822],[77.613098,28.337995],[77.613217,28.337994]]]},"properties":{"objectid":1939,"uniqueplotid":"PLNGRESIDENTIAL1939","plotmap_id":"SECTOR-16_432_G_RESI","plotidentificationnumber":"432","plotno":"432","industrysector":"SECTOR-16","block":"G","plotsize":"300 SQMT","plotsize_at_the_time_of_allotme":"300 SQMT","landuse_type":"RESIDENTIAL","landuse_subcategory":"RESIDENTIAL","scheme_cod":"RPS07","investment":0,"employment":0,"plotstatus":"Allotted","landallotementstatus":"SOLD","landallotementtype":"ALLOTTED","allotmentid":"RPS072032","allotment_date":1698777000000,"rate_of_allotment":24900,"village_name":"Dhanauri","khasra_no":"1523","longitude":77.61315967,"latitude":28.33810658,"authority":"YEIDA","category":"residential","execution_stage":"allotted"}},{"type":"Feature","geometry":{"type":"Polygon","coordinates":[[[77.612998,28.338939],[77.613002,28.339164],[77.612883,28.339166],[77.612878,28.338941],[77.612998,28.338939]]]},"properties":{"objectid":1940,"uniqueplotid":"PLNGRESIDENTIAL1940","plotmap_id":"SECTOR-16_475_G_RESI","plotidentificationnumber":"475","plotno":"475","industrysector":"SECTOR-16","block":"G","plotsize":"300 SQMT","plotsize_at_the_time_of_allotme":"300 SQMT","landuse_type":"RESIDENTIAL","landuse_subcategory":"RESIDENTIAL","scheme_cod":"RPS07","investment":0,"employment":0,"plotstatus":"Allotted","landallotementstatus":"SOLD","landallotementtype":"ALLOTTED","allotmentid":"RPS072092","allotment_date":1698777000000,"rate_of_allotment":24900,"village_name":"Dhanauri","khasra_no":"1522,1519","longitude":77.61294031,"latitude":28.339052539999997,"authority":"YEIDA","category":"residential","execution_stage":"allotted"}},{"type":"Feature","geometry":{"type":"Polygon","coordinates":[[[77.613117,28.338938],[77.613121,28.339162],[77.613002,28.339164],[77.612998,28.338939],[77.613117,28.338938]]]},"properties":{"objectid":1941,"uniqueplotid":"PLNGRESIDENTIAL1941","plotmap_id":"SECTOR-16_476_G_RESI","plotidentificationnumber":"476","plotno":"476","industrysector":"SECTOR-16","block":"G","plotsize":"300 SQMT","plotsize_at_the_time_of_allotme":"300 SQMT","landuse_type":"RESIDENTIAL","landuse_subcategory":"RESIDENTIAL","scheme_cod":"RPS08","investment":0,"employment":0,"plotstatus":"Allotted","landallotementstatus":"SOLD","landallotementtype":"ALLOTTED","allotmentid":"RPS081285","allotment_date":1728585000000,"rate_of_allotment":25900,"village_name":"Dhanauri","khasra_no":"1522,1519,1520","longitude":77.61305951,"latitude":28.33905081,"authority":"YEIDA","category":"residential","execution_stage":"allotted"}},{"type":"Feature","geometry":{"type":"Polygon","coordinates":[[[77.613236,28.338936],[77.613241,28.33916],[77.613121,28.339162],[77.613117,28.338938],[77.613236,28.338936]]]},"properties":{"objectid":1942,"uniqueplotid":"PLNGRESIDENTIAL1942","plotmap_id":"SECTOR-16_477_G_RESI","plotidentificationnumber":"477","plotno":"477","industrysector":"SECTOR-16","block":"G","plotsize":"300 SQMT","plotsize_at_the_time_of_allotme":"300 SQMT","landuse_type":"RESIDENTIAL","landuse_subcategory":"RESIDENTIAL","scheme_cod":"RPS07","investment":0,"employment":0,"plotstatus":"Allotted","landallotementstatus":"SOLD","landallotementtype":"ALLOTTED","allotmentid":"RPS072083","allotment_date":1698777000000,"rate_of_allotment":24900,"village_name":"Dhanauri","khasra_no":"1522,1520","longitude":77.6131787,"latitude":28.33904908,"authority":"YEIDA","category":"residential","execution_stage":"allotted"}},{"type":"Feature","geometry":{"type":"Polygon","coordinates":[[[77.613355,28.338934],[77.61336,28.339159],[77.613241,28.33916],[77.613236,28.338936],[77.613355,28.338934]]]},"properties":{"objectid":1943,"uniqueplotid":"PLNGRESIDENTIAL1943","plotmap_id":"SECTOR-16_478_G_RESI","plotidentificationnumber":"478","plotno":"478","industrysector":"SECTOR-16","block":"G","plotsize":"300 SQMT","plotsize_at_the_time_of_allotme":"300 SQMT","landuse_type":"RESIDENTIAL","landuse_subcategory":"RESIDENTIAL","scheme_cod":"RPS07","investment":0,"employment":0,"plotstatus":"Allotted","landallotementstatus":"SOLD","landallotementtype":"ALLOTTED","allotmentid":"RPS071942","allotment_date":1698777000000,"rate_of_allotment":24900,"village_name":"Dhanauri","khasra_no":"1520","longitude":77.61329789000001,"latitude":28.339047339999997,"authority":"YEIDA","category":"residential","execution_stage":"allotted"}},{"type":"Feature","geometry":{"type":"Polygon","coordinates":[[[77.613474,28.338933],[77.613479,28.339157],[77.61336,28.339159],[77.613355,28.338934],[77.613474,28.338933]]]},"properties":{"objectid":1944,"uniqueplotid":"PLNGRESIDENTIAL1944","plotmap_id":"SECTOR-16_479_G_RESI","plotidentificationnumber":"479","plotno":"479","industrysector":"SECTOR-16","block":"G","plotsize":"300 SQMT","plotsize_at_the_time_of_allotme":"300 SQMT","landuse_type":"RESIDENTIAL","landuse_subcategory":"RESIDENTIAL","scheme_cod":"RPS07","investment":0,"employment":0,"plotstatus":"Allotted","landallotementstatus":"SOLD","landallotementtype":"ALLOTTED","allotmentid":"RPS072076","allotment_date":1698777000000,"rate_of_allotment":24900,"village_name":"Dhanauri","khasra_no":"1520","longitude":77.61341708,"latitude":28.33904561,"authority":"YEIDA","category":"residential","execution_stage":"allotted"}},{"type":"Feature","geometry":{"type":"Polygon","coordinates":[[[77.613713,28.338929],[77.613717,28.339153],[77.613598,28.339155],[77.613594,28.338931],[77.613713,28.338929]]]},"properties":{"objectid":1945,"uniqueplotid":"PLNGRESIDENTIAL1945","plotmap_id":"SECTOR-16_481_G_RESI","plotidentificationnumber":"481","plotno":"481","industrysector":"SECTOR-16","block":"G","plotsize":"300 SQMT","plotsize_at_the_time_of_allotme":"300 SQMT","landuse_type":"RESIDENTIAL","landuse_subcategory":"RESIDENTIAL","scheme_cod":"RPS07","investment":0,"employment":0,"plotstatus":"Allotted","landallotementstatus":"SOLD","landallotementtype":"ALLOTTED","allotmentid":"RPS072043","allotment_date":1698777000000,"rate_of_allotment":24900,"village_name":"Dhanauri","khasra_no":"1521,1520","longitude":77.61365547000001,"latitude":28.33904214,"authority":"YEIDA","category":"residential","execution_stage":"allotted"}},{"type":"Feature","geometry":{"type":"Polygon","coordinates":[[[77.613832,28.338927],[77.613837,28.339152],[77.613717,28.339153],[77.613713,28.338929],[77.613832,28.338927]]]},"properties":{"objectid":1946,"uniqueplotid":"PLNGRESIDENTIAL1946","plotmap_id":"SECTOR-16_482_G_RESI","plotidentificationnumber":"482","plotno":"482","industrysector":"SECTOR-16","block":"G","plotsize":"300 SQMT","plotsize_at_the_time_of_allotme":"300 SQMT","landuse_type":"RESIDENTIAL","landuse_subcategory":"RESIDENTIAL","scheme_cod":"RPS07","investment":0,"employment":0,"plotstatus":"Allotted","landallotementstatus":"SOLD","landallotementtype":"ALLOTTED","allotmentid":"RPS072108","allotment_date":1698777000000,"rate_of_allotment":24900,"village_name":"Dhanauri","khasra_no":"1521,1520","longitude":77.61377465999999,"latitude":28.33904041,"authority":"YEIDA","category":"residential","execution_stage":"allotted"}},{"type":"Feature","geometry":{"type":"Polygon","coordinates":[[[77.613951,28.338926],[77.613956,28.33915],[77.613837,28.339152],[77.613832,28.338927],[77.613951,28.338926]]]},"properties":{"objectid":1947,"uniqueplotid":"PLNGRESIDENTIAL1947","plotmap_id":"SECTOR-16_483_G_RESI","plotidentificationnumber":"483","plotno":"483","industrysector":"SECTOR-16","block":"G","plotsize":"300 SQMT","plotsize_at_the_time_of_allotme":"300 SQMT","landuse_type":"RESIDENTIAL","landuse_subcategory":"RESIDENTIAL","scheme_cod":"RPS07","investment":0,"employment":0,"plotstatus":"Allotted","landallotementstatus":"SOLD","landallotementtype":"ALLOTTED","allotmentid":"RPS072025","allotment_date":1698777000000,"rate_of_allotment":24900,"village_name":"Dhanauri","khasra_no":"1521","longitude":77.61389385,"latitude":28.339038679999998,"authority":"YEIDA","category":"residential","execution_stage":"allotted"}},{"type":"Feature","geometry":{"type":"Polygon","coordinates":[[[77.61407,28.338924],[77.614075,28.339148],[77.613956,28.33915],[77.613951,28.338926],[77.61407,28.338924]]]},"properties":{"objectid":1948,"uniqueplotid":"PLNGRESIDENTIAL1948","plotmap_id":"SECTOR-16_484_G_RESI","plotidentificationnumber":"484","plotno":"484","industrysector":"SECTOR-16","block":"G","plotsize":"300 SQMT","plotsize_at_the_time_of_allotme":"300 SQMT","landuse_type":"RESIDENTIAL","landuse_subcategory":"RESIDENTIAL","scheme_cod":"RPS07","investment":0,"employment":0,"plotstatus":"Allotted","landallotementstatus":"SOLD","landallotementtype":"ALLOTTED","allotmentid":"RPS072014","allotment_date":1698777000000,"rate_of_allotment":24900,"village_name":"Dhanauri","khasra_no":"1521,1507,1494","longitude":77.61401305000001,"latitude":28.339036949999997,"authority":"YEIDA","category":"residential","execution_stage":"allotted"}},{"type":"Feature","geometry":{"type":"Polygon","coordinates":[[[77.612759,28.338943],[77.612764,28.339167],[77.612645,28.339169],[77.61264,28.338945],[77.612759,28.338943]]]},"properties":{"objectid":1949,"uniqueplotid":"PLNGRESIDENTIAL1949","plotmap_id":"SECTOR-16_473_G_RESI","plotidentificationnumber":"473","plotno":"473","industrysector":"SECTOR-16","block":"G","plotsize":"300 SQMT","plotsize_at_the_time_of_allotme":"300 SQMT","landuse_type":"RESIDENTIAL","landuse_subcategory":"RESIDENTIAL","scheme_cod":"RPS07","investment":0,"employment":0,"plotstatus":"Allotted","landallotementstatus":"SOLD","landallotementtype":"ALLOTTED","allotmentid":"RPS072007","allotment_date":1698777000000,"rate_of_allotment":24900,"village_name":"Dhanauri","khasra_no":"1522,1692,1691,1580","longitude":77.61270193,"latitude":28.33905601,"authority":"YEIDA","category":"residential","execution_stage":"allotted"}},{"type":"Feature","geometry":{"type":"Polygon","coordinates":[[[77.612878,28.338941],[77.612883,28.339166],[77.612764,28.339167],[77.612759,28.338943],[77.612878,28.338941]]]},"properties":{"objectid":1950,"uniqueplotid":"PLNGRESIDENTIAL1950","plotmap_id":"SECTOR-16_474_G_RESI","plotidentificationnumber":"474","plotno":"474","industrysector":"SECTOR-16","block":"G","plotsize":"300 SQMT","plotsize_at_the_time_of_allotme":"300 SQMT","landuse_type":"RESIDENTIAL","landuse_subcategory":"RESIDENTIAL","scheme_cod":"RPS07","investment":0,"employment":0,"plotstatus":"Allotted","landallotementstatus":"SOLD","landallotementtype":"ALLOTTED","allotmentid":"RPS072087","allotment_date":1698777000000,"rate_of_allotment":24900,"village_name":"Dhanauri","khasra_no":"1522,1519,1580","longitude":77.61282111999999,"latitude":28.33905428,"authority":"YEIDA","category":"residential","execution_stage":"allotted"}},{"type":"Feature","geometry":{"type":"Polygon","coordinates":[[[77.613956,28.33915],[77.61396,28.339374],[77.613841,28.339376],[77.613837,28.339152],[77.613956,28.33915]]]},"properties":{"objectid":1951,"uniqueplotid":"PLNGRESIDENTIAL1951","plotmap_id":"SECTOR-16_486_G_RESI","plotidentificationnumber":"486","plotno":"486","industrysector":"SECTOR-16","block":"G","plotsize":"300 SQMT","plotsize_at_the_time_of_allotme":"300 SQMT","landuse_type":"RESIDENTIAL","landuse_subcategory":"RESIDENTIAL","scheme_cod":"RPS07","investment":0,"employment":0,"plotstatus":"Allotted","landallotementstatus":"SOLD","landallotementtype":"ALLOTTED","allotmentid":"RPS072006","allotment_date":1698777000000,"rate_of_allotment":24900,"village_name":"Dhanauri","khasra_no":"1521,1507,1494,1520","longitude":77.61389838,"latitude":28.339263080000002,"authority":"YEIDA","category":"residential","execution_stage":"allotted"}},{"type":"Feature","geometry":{"type":"Polygon","coordinates":[[[77.614075,28.339148],[77.614079,28.339373],[77.61396,28.339374],[77.613956,28.33915],[77.614075,28.339148]]]},"properties":{"objectid":1952,"uniqueplotid":"PLNGRESIDENTIAL1952","plotmap_id":"SECTOR-16_485_G_RESI","plotidentificationnumber":"485","plotno":"485","industrysector":"SECTOR-16","block":"G","plotsize":"300 SQMT","plotsize_at_the_time_of_allotme":"300 SQMT","landuse_type":"RESIDENTIAL","landuse_subcategory":"RESIDENTIAL","scheme_cod":"RPS07","investment":0,"employment":0,"plotstatus":"Allotted","landallotementstatus":"SOLD","landallotementtype":"ALLOTTED","allotmentid":"RPS072021","allotment_date":1698777000000,"rate_of_allotment":24900,"village_name":"Dhanauri","khasra_no":"1521,1507,1494","longitude":77.61401758000001,"latitude":28.33926135,"authority":"YEIDA","category":"residential","execution_stage":"allotted"}},{"type":"Feature","geometry":{"type":"Polygon","coordinates":[[[77.612764,28.339167],[77.612768,28.339392],[77.612649,28.339393],[77.612645,28.339169],[77.612764,28.339167]]]},"properties":{"objectid":1953,"uniqueplotid":"PLNGRESIDENTIAL1953","plotmap_id":"SECTOR-16_496_G_RESI","plotidentificationnumber":"496","plotno":"496","industrysector":"SECTOR-16","block":"G","plotsize":"300 SQMT","plotsize_at_the_time_of_allotme":"300 SQMT","landuse_type":"RESIDENTIAL","landuse_subcategory":"RESIDENTIAL","scheme_cod":"RPS07","investment":0,"employment":0,"plotstatus":"Allotted","landallotementstatus":"SOLD","landallotementtype":"ALLOTTED","allotmentid":"RPS072031","allotment_date":1698777000000,"rate_of_allotment":24900,"village_name":"Dhanauri","khasra_no":"1690,1522,1691,1519,1580","longitude":77.61270646,"latitude":28.33928041,"authority":"YEIDA","category":"residential","execution_stage":"allotted"}},{"type":"Feature","geometry":{"type":"Polygon","coordinates":[[[77.612883,28.339166],[77.612888,28.33939],[77.612768,28.339392],[77.612764,28.339167],[77.612883,28.339166]]]},"properties":{"objectid":1954,"uniqueplotid":"PLNGRESIDENTIAL1954","plotmap_id":"SECTOR-16_495_G_RESI","plotidentificationnumber":"495","plotno":"495","industrysector":"SECTOR-16","block":"G","plotsize":"300 SQMT","plotsize_at_the_time_of_allotme":"300 SQMT","landuse_type":"RESIDENTIAL","landuse_subcategory":"RESIDENTIAL","scheme_cod":"RPS07","investment":0,"employment":0,"plotstatus":"Allotted","landallotementstatus":"SOLD","landallotementtype":"ALLOTTED","allotmentid":"RPS072055","allotment_date":1698777000000,"rate_of_allotment":24900,"village_name":"Dhanauri","khasra_no":"1522,1519","longitude":77.61282564999999,"latitude":28.339278680000003,"authority":"YEIDA","category":"residential","execution_stage":"allotted"}},{"type":"Feature","geometry":{"type":"Polygon","coordinates":[[[77.61274,28.338],[77.612745,28.338225],[77.612626,28.338227],[77.612621,28.338002],[77.61274,28.338]]]},"properties":{"objectid":1955,"uniqueplotid":"PLNGRESIDENTIAL1955","plotmap_id":"SECTOR-16_428_G_RESI","plotidentificationnumber":"428","plotno":"428","industrysector":"SECTOR-16","block":"G","plotsize":"300 SQMT","plotsize_at_the_time_of_allotme":"300 SQMT","landuse_type":"RESIDENTIAL","landuse_subcategory":"RESIDENTIAL","scheme_cod":"RPS07","investment":0,"employment":0,"plotstatus":"Allotted","landallotementstatus":"SOLD","landallotementtype":"ALLOTTED","allotmentid":"RPS072035","allotment_date":1698777000000,"rate_of_allotment":24900,"village_name":"Dhanauri","khasra_no":"1523,1524","longitude":77.6126829,"latitude":28.33811351,"authority":"YEIDA","category":"residential","execution_stage":"allotted"}},{"type":"Feature","geometry":{"type":"Polygon","coordinates":[[[77.612859,28.337999],[77.612864,28.338223],[77.612745,28.338225],[77.61274,28.338],[77.612859,28.337999]]]},"properties":{"objectid":1956,"uniqueplotid":"PLNGRESIDENTIAL1956","plotmap_id":"SECTOR-16_429_G_RESI","plotidentificationnumber":"429","plotno":"429","industrysector":"SECTOR-16","block":"G","plotsize":"300 SQMT","plotsize_at_the_time_of_allotme":"300 SQMT","landuse_type":"RESIDENTIAL","landuse_subcategory":"RESIDENTIAL","scheme_cod":"RPS07","investment":0,"employment":0,"plotstatus":"Allotted","landallotementstatus":"SOLD","landallotementtype":"ALLOTTED","allotmentid":"RPS072084","allotment_date":1698777000000,"rate_of_allotment":24900,"village_name":"Dhanauri","khasra_no":"1523,1524","longitude":77.61280208999999,"latitude":28.338111780000002,"authority":"YEIDA","category":"residential","execution_stage":"allotted"}},{"type":"Feature","geometry":{"type":"Polygon","coordinates":[[[77.613694,28.337987],[77.613698,28.338211],[77.613579,28.338213],[77.613575,28.337988],[77.613694,28.337987]]]},"properties":{"objectid":1957,"uniqueplotid":"PLNGRESIDENTIAL1957","plotmap_id":"SECTOR-16_436_G_RESI","plotidentificationnumber":"436","plotno":"436","industrysector":"SECTOR-16","block":"G","plotsize":"300 SQMT","plotsize_at_the_time_of_allotme":"300 SQMT","landuse_type":"RESIDENTIAL","landuse_subcategory":"RESIDENTIAL","scheme_cod":"RPS07","investment":0,"employment":0,"plotstatus":"Allotted","landallotementstatus":"SOLD","landallotementtype":"ALLOTTED","allotmentid":"RPS072003","allotment_date":1698777000000,"rate_of_allotment":24900,"village_name":"Dhanauri","khasra_no":"1522,1529,1523,1528","longitude":77.61363644000001,"latitude":28.33809965,"authority":"YEIDA","category":"residential","execution_stage":"allotted"}},{"type":"Feature","geometry":{"type":"Polygon","coordinates":[[[77.613813,28.337985],[77.613817,28.338209],[77.613698,28.338211],[77.613694,28.337987],[77.613813,28.337985]]]},"properties":{"objectid":1958,"uniqueplotid":"PLNGRESIDENTIAL1958","plotmap_id":"SECTOR-16_437_G_RESI","plotidentificationnumber":"437","plotno":"437","industrysector":"SECTOR-16","block":"G","plotsize":"300 SQMT","plotsize_at_the_time_of_allotme":"300 SQMT","landuse_type":"RESIDENTIAL","landuse_subcategory":"RESIDENTIAL","scheme_cod":"RPS07","investment":0,"employment":0,"plotstatus":"Allotted","landallotementstatus":"SOLD","landallotementtype":"ALLOTTED","allotmentid":"RPS071939","allotment_date":1698777000000,"rate_of_allotment":24900,"village_name":"Dhanauri","khasra_no":"1522,1529,1528","longitude":77.61375563,"latitude":28.338097910000002,"authority":"YEIDA","category":"residential","execution_stage":"allotted"}},{"type":"Feature","geometry":{"type":"Polygon","coordinates":[[[77.613932,28.337983],[77.613937,28.338208],[77.613817,28.338209],[77.613813,28.337985],[77.613932,28.337983]]]},"properties":{"objectid":1959,"uniqueplotid":"PLNGRESIDENTIAL1959","plotmap_id":"SECTOR-16_438_G_RESI","plotidentificationnumber":"438","plotno":"438","industrysector":"SECTOR-16","block":"G","plotsize":"300 SQMT","plotsize_at_the_time_of_allotme":"300 SQMT","landuse_type":"RESIDENTIAL","landuse_subcategory":"RESIDENTIAL","scheme_cod":"RPS07","investment":0,"employment":0,"plotstatus":"Allotted","landallotementstatus":"SOLD","landallotementtype":"ALLOTTED","allotmentid":"RPS071976","allotment_date":1698777000000,"rate_of_allotment":24900,"village_name":"Dhanauri","khasra_no":"1522,1529,1528","longitude":77.61387481999999,"latitude":28.33809618,"authority":"YEIDA","category":"residential","execution_stage":"allotted"}},{"type":"Feature","geometry":{"type":"Polygon","coordinates":[[[77.614051,28.337981],[77.614056,28.338206],[77.613937,28.338208],[77.613932,28.337983],[77.614051,28.337981]]]},"properties":{"objectid":1960,"uniqueplotid":"PLNGRESIDENTIAL1960","plotmap_id":"SECTOR-16_439_G_RESI","plotidentificationnumber":"439","plotno":"439","industrysector":"SECTOR-16","block":"G","plotsize":"300 SQMT","plotsize_at_the_time_of_allotme":"300 SQMT","landuse_type":"RESIDENTIAL","landuse_subcategory":"RESIDENTIAL","scheme_cod":"RPS07","investment":0,"employment":0,"plotstatus":"Allotted","landallotementstatus":"SOLD","landallotementtype":"ALLOTTED","allotmentid":"RPS072008","allotment_date":1698777000000,"rate_of_allotment":24900,"village_name":"Dhanauri","khasra_no":"1529","longitude":77.61399401,"latitude":28.33809445,"authority":"YEIDA","category":"residential","execution_stage":"allotted"}},{"type":"Feature","geometry":{"type":"Polygon","coordinates":[[[77.612383,28.338006],[77.612387,28.33823],[77.612268,28.338232],[77.612263,28.338007],[77.612383,28.338006]]]},"properties":{"objectid":1961,"uniqueplotid":"PLNGRESIDENTIAL1961","plotmap_id":"SECTOR-16_426_G_RESI","plotidentificationnumber":"426","plotno":"426","industrysector":"SECTOR-16","block":"G","plotsize":"300 SQMT","plotsize_at_the_time_of_allotme":"300 SQMT","landuse_type":"RESIDENTIAL","landuse_subcategory":"RESIDENTIAL","scheme_cod":"RPS08","investment":0,"employment":0,"plotstatus":"Allotted","landallotementstatus":"SOLD","landallotementtype":"ALLOTTED","allotmentid":"RPS081235","allotment_date":1728585000000,"rate_of_allotment":25900,"village_name":"Dhanauri","khasra_no":"1692,1580","longitude":77.61232532000001,"latitude":28.33811871,"authority":"YEIDA","category":"residential","execution_stage":"allotted"}},{"type":"Feature","geometry":{"type":"Polygon","coordinates":[[[77.612502,28.338004],[77.612506,28.338228],[77.612387,28.33823],[77.612383,28.338006],[77.612502,28.338004]]]},"properties":{"objectid":1962,"uniqueplotid":"PLNGRESIDENTIAL1962","plotmap_id":"SECTOR-16_427_G_RESI","plotidentificationnumber":"427","plotno":"427","industrysector":"SECTOR-16","block":"G","plotsize":"300 SQMT","plotsize_at_the_time_of_allotme":"300 SQMT","landuse_type":"RESIDENTIAL","landuse_subcategory":"RESIDENTIAL","scheme_cod":"RPS08","investment":0,"employment":0,"plotstatus":"Allotted","landallotementstatus":"SOLD","landallotementtype":"ALLOTTED","allotmentid":"RPS081282","allotment_date":1728585000000,"rate_of_allotment":25900,"village_name":"Dhanauri","khasra_no":"1692,1524,1580","longitude":77.61244450999999,"latitude":28.338116980000002,"authority":"YEIDA","category":"residential","execution_stage":"allotted"}},{"type":"Feature","geometry":{"type":"Polygon","coordinates":[[[77.610833,28.338028],[77.610838,28.338253],[77.610699,28.338255],[77.610694,28.33803],[77.610833,28.338028]]]},"properties":{"objectid":1963,"uniqueplotid":"PLNGRESIDENTIAL1963","plotmap_id":"SECTOR-16_413_G_RESI","plotidentificationnumber":"413","plotno":"413","industrysector":"SECTOR-16","block":"G","plotsize":"300 SQMT","plotsize_at_the_time_of_allotme":"300 SQMT","landuse_type":"RESIDENTIAL","landuse_subcategory":"RESIDENTIAL","scheme_cod":"RPS08","investment":0,"employment":0,"plotstatus":"Allotted","landallotementstatus":"SOLD","landallotementtype":"ALLOTTED","allotmentid":"RPS081213","allotment_date":1728585000000,"rate_of_allotment":25900,"village_name":"Dhanauri","khasra_no":"1610,1698,1691,1608","longitude":77.61076587999999,"latitude":28.33814139,"authority":"YEIDA","category":"residential","execution_stage":"allotted"}},{"type":"Feature","geometry":{"type":"Polygon","coordinates":[[[77.610952,28.338026],[77.610957,28.338251],[77.610838,28.338253],[77.610833,28.338028],[77.610952,28.338026]]]},"properties":{"objectid":1964,"uniqueplotid":"PLNGRESIDENTIAL1964","plotmap_id":"SECTOR-16_414_G_RESI","plotidentificationnumber":"414","plotno":"414","industrysector":"SECTOR-16","block":"G","plotsize":"300 SQMT","landuse_type":"RESIDENTIAL","landuse_subcategory":"RESIDENTIAL","investment":0,"employment":0,"landallotementstatus":"VACANT","landallotementtype":"VACANT","village_name":"Dhanauri","khasra_no":"1610,1694,1698,1691,1608","longitude":77.61089501,"latitude":28.33813951,"authority":"YEIDA","category":"residential","execution_stage":"vacant"}},{"type":"Feature","geometry":{"type":"Polygon","coordinates":[[[77.611072,28.338025],[77.611076,28.338249],[77.610957,28.338251],[77.610952,28.338026],[77.611072,28.338025]]]},"properties":{"objectid":1965,"uniqueplotid":"PLNGRESIDENTIAL1965","plotmap_id":"SECTOR-16_415_G_RESI","plotidentificationnumber":"415","plotno":"415","industrysector":"SECTOR-16","block":"G","plotsize":"300 SQMT","landuse_type":"RESIDENTIAL","landuse_subcategory":"RESIDENTIAL","investment":0,"employment":0,"landallotementstatus":"VACANT","landallotementtype":"VACANT","village_name":"Dhanauri","khasra_no":"1694,1698,1691","longitude":77.6110142,"latitude":28.33813778,"authority":"YEIDA","category":"residential","execution_stage":"vacant"}},{"type":"Feature","geometry":{"type":"Polygon","coordinates":[[[77.61082,28.338361],[77.610825,28.338585],[77.610705,28.338587],[77.610701,28.338362],[77.61082,28.338361]]]},"properties":{"objectid":1966,"uniqueplotid":"PLNGRESIDENTIAL1966","plotmap_id":"SECTOR-16_445_G_RESI","plotidentificationnumber":"445","plotno":"445","industrysector":"SECTOR-16","block":"G","plotsize":"300 SQMT","plotsize_at_the_time_of_allotme":"300 SQMT","landuse_type":"RESIDENTIAL","landuse_subcategory":"RESIDENTIAL","scheme_cod":"RPS07","investment":0,"employment":0,"plotstatus":"Allotted","landallotementstatus":"SOLD","landallotementtype":"ALLOTTED","allotmentid":"RPS072019","allotment_date":1698777000000,"rate_of_allotment":24900,"village_name":"Dhanauri","khasra_no":"1608","longitude":77.61075235,"latitude":28.33845509,"authority":"YEIDA","category":"residential","execution_stage":"allotted"}},{"type":"Feature","geometry":{"type":"Polygon","coordinates":[[[77.611787,28.338014],[77.611791,28.338239],[77.611672,28.33824],[77.611667,28.338016],[77.611787,28.338014]]]},"properties":{"objectid":1967,"uniqueplotid":"PLNGRESIDENTIAL1967","plotmap_id":"SECTOR-16_421_G_RESI","plotidentificationnumber":"421","plotno":"421","industrysector":"SECTOR-16","block":"G","plotsize":"300 SQMT","plotsize_at_the_time_of_allotme":"300 SQMT","landuse_type":"RESIDENTIAL","landuse_subcategory":"RESIDENTIAL","scheme_cod":"RPS08","investment":0,"employment":0,"plotstatus":"Allotted","landallotementstatus":"SOLD","landallotementtype":"ALLOTTED","allotmentid":"RPS081168","allotment_date":1728585000000,"rate_of_allotment":25900,"village_name":"Dhanauri","khasra_no":"1692,1694,1693","longitude":77.61172935,"latitude":28.33812738,"authority":"YEIDA","category":"residential","execution_stage":"allotted"}},{"type":"Feature","geometry":{"type":"Polygon","coordinates":[[[77.611774,28.338347],[77.611778,28.338571],[77.611659,28.338573],[77.611654,28.338348],[77.611774,28.338347]]]},"properties":{"objectid":1968,"uniqueplotid":"PLNGRESIDENTIAL1968","plotmap_id":"SECTOR-16_453_G_RESI","plotidentificationnumber":"453","plotno":"453","industrysector":"SECTOR-16","block":"G","plotsize":"300 SQMT","plotsize_at_the_time_of_allotme":"300 SQMT","landuse_type":"RESIDENTIAL","landuse_subcategory":"RESIDENTIAL","scheme_cod":"RPS07","investment":0,"employment":0,"plotstatus":"Allotted","landallotementstatus":"SOLD","landallotementtype":"ALLOTTED","allotmentid":"RPS072125","allotment_date":1698777000000,"rate_of_allotment":24900,"village_name":"Dhanauri","khasra_no":"1693","longitude":77.6117162,"latitude":28.33845978,"authority":"YEIDA","category":"residential","execution_stage":"allotted"}},{"type":"Feature","geometry":{"type":"Polygon","coordinates":[[[77.611893,28.338345],[77.611897,28.338569],[77.611778,28.338571],[77.611774,28.338347],[77.611893,28.338345]]]},"properties":{"objectid":1969,"uniqueplotid":"PLNGRESIDENTIAL1969","plotmap_id":"SECTOR-16_454_G_RESI","plotidentificationnumber":"454","plotno":"454","industrysector":"SECTOR-16","block":"G","plotsize":"300 SQMT","plotsize_at_the_time_of_allotme":"300 SQMT","landuse_type":"RESIDENTIAL","landuse_subcategory":"RESIDENTIAL","scheme_cod":"RPS07","investment":0,"employment":0,"plotstatus":"Allotted","landallotementstatus":"SOLD","landallotementtype":"ALLOTTED","allotmentid":"RPS071931","allotment_date":1698777000000,"rate_of_allotment":24900,"village_name":"Dhanauri","khasra_no":"1692,1693","longitude":77.61183539,"latitude":28.33845805,"authority":"YEIDA","category":"residential","execution_stage":"allotted"}},{"type":"Feature","geometry":{"type":"Polygon","coordinates":[[[77.611897,28.338569],[77.611899,28.338677],[77.611651,28.338681],[77.611649,28.338573],[77.611897,28.338569]]]},"properties":{"objectid":1970,"uniqueplotid":"PLNGRESIDENTIAL1970","plotmap_id":"SECTOR-16_455_G_RESI","plotidentificationnumber":"455","plotno":"455","industrysector":"SECTOR-16","block":"G","plotsize":"300 SQMT","plotsize_at_the_time_of_allotme":"300 SQMT","landuse_type":"RESIDENTIAL","landuse_subcategory":"RESIDENTIAL","scheme_cod":"RPS07","investment":0,"employment":0,"plotstatus":"Allotted","landallotementstatus":"SOLD","landallotementtype":"ALLOTTED","allotmentid":"RPS072079","allotment_date":1698777000000,"rate_of_allotment":24900,"village_name":"Dhanauri","khasra_no":"1693","longitude":77.61177418,"latitude":28.33862505,"authority":"YEIDA","category":"residential","execution_stage":"allotted"}},{"type":"Feature","geometry":{"type":"Polygon","coordinates":[[[77.611899,28.338677],[77.611902,28.338785],[77.611653,28.338788],[77.611651,28.338681],[77.611899,28.338677]]]},"properties":{"objectid":1971,"uniqueplotid":"PLNGRESIDENTIAL1971","plotmap_id":"SECTOR-16_456_G_RESI","plotidentificationnumber":"456","plotno":"456","industrysector":"SECTOR-16","block":"G","plotsize":"300 SQMT","plotsize_at_the_time_of_allotme":"300 SQMT","landuse_type":"RESIDENTIAL","landuse_subcategory":"RESIDENTIAL","scheme_cod":"RPS07","investment":0,"employment":0,"plotstatus":"Allotted","landallotementstatus":"SOLD","landallotementtype":"ALLOTTED","allotmentid":"RPS071929","allotment_date":1698777000000,"rate_of_allotment":24900,"village_name":"Dhanauri","khasra_no":"1693","longitude":77.61177636,"latitude":28.33873276,"authority":"YEIDA","category":"residential","execution_stage":"allotted"}},{"type":"Feature","geometry":{"type":"Polygon","coordinates":[[[77.611902,28.338785],[77.611904,28.338893],[77.611655,28.338896],[77.611653,28.338788],[77.611902,28.338785]]]},"properties":{"objectid":1972,"uniqueplotid":"PLNGRESIDENTIAL1972","plotmap_id":"SECTOR-16_457_G_RESI","plotidentificationnumber":"457","plotno":"457","industrysector":"SECTOR-16","block":"G","plotsize":"300 SQMT","plotsize_at_the_time_of_allotme":"300 SQMT","landuse_type":"RESIDENTIAL","landuse_subcategory":"RESIDENTIAL","scheme_cod":"RPS07","investment":0,"employment":0,"plotstatus":"Allotted","landallotementstatus":"SOLD","landallotementtype":"ALLOTTED","allotmentid":"RPS071953","allotment_date":1698777000000,"rate_of_allotment":24900,"village_name":"Dhanauri","khasra_no":"1693","longitude":77.61177853,"latitude":28.338840479999998,"authority":"YEIDA","category":"residential","execution_stage":"allotted"}},{"type":"Feature","geometry":{"type":"Polygon","coordinates":[[[77.611904,28.338893],[77.611906,28.339],[77.611658,28.339004],[77.611655,28.338896],[77.611904,28.338893]]]},"properties":{"objectid":1973,"uniqueplotid":"PLNGRESIDENTIAL1973","plotmap_id":"SECTOR-16_458_G_RESI","plotidentificationnumber":"458","plotno":"458","industrysector":"SECTOR-16","block":"G","plotsize":"300 SQMT","plotsize_at_the_time_of_allotme":"300 SQMT","landuse_type":"RESIDENTIAL","landuse_subcategory":"RESIDENTIAL","scheme_cod":"RPS07","investment":0,"employment":0,"plotstatus":"Allotted","landallotementstatus":"SOLD","landallotementtype":"ALLOTTED","allotmentid":"RPS072070","allotment_date":1698777000000,"rate_of_allotment":24900,"village_name":"Dhanauri","khasra_no":"1691,1693","longitude":77.61178071,"latitude":28.33894819,"authority":"YEIDA","category":"residential","execution_stage":"allotted"}},{"type":"Feature","geometry":{"type":"Polygon","coordinates":[[[77.610939,28.338359],[77.610944,28.338583],[77.610825,28.338585],[77.61082,28.338361],[77.610939,28.338359]]]},"properties":{"objectid":1974,"uniqueplotid":"PLNGRESIDENTIAL1974","plotmap_id":"SECTOR-16_446_G_RESI","plotidentificationnumber":"446","plotno":"446","industrysector":"SECTOR-16","block":"G","plotsize":"300 SQMT","plotsize_at_the_time_of_allotme":"300 SQMT","landuse_type":"RESIDENTIAL","landuse_subcategory":"RESIDENTIAL","scheme_cod":"RPS07","investment":0,"employment":0,"plotstatus":"Allotted","landallotementstatus":"SOLD","landallotementtype":"ALLOTTED","allotmentid":"RPS072100","allotment_date":1698777000000,"rate_of_allotment":24900,"village_name":"Dhanauri","khasra_no":"1608","longitude":77.61088185,"latitude":28.33847192,"authority":"YEIDA","category":"residential","execution_stage":"allotted"}},{"type":"Feature","geometry":{"type":"Polygon","coordinates":[[[77.611058,28.338357],[77.611063,28.338582],[77.610944,28.338583],[77.610939,28.338359],[77.611058,28.338357]]]},"properties":{"objectid":1975,"uniqueplotid":"PLNGRESIDENTIAL1975","plotmap_id":"SECTOR-16_447_G_RESI","plotidentificationnumber":"447","plotno":"447","industrysector":"SECTOR-16","block":"G","plotsize":"300 SQMT","plotsize_at_the_time_of_allotme":"300 SQMT","landuse_type":"RESIDENTIAL","landuse_subcategory":"RESIDENTIAL","scheme_cod":"RPS07","investment":0,"employment":0,"plotstatus":"Allotted","landallotementstatus":"SOLD","landallotementtype":"ALLOTTED","allotmentid":"RPS072051","allotment_date":1698777000000,"rate_of_allotment":24900,"village_name":"Dhanauri","khasra_no":"1691,1608","longitude":77.61100104,"latitude":28.33847018,"authority":"YEIDA","category":"residential","execution_stage":"allotted"}},{"type":"Feature","geometry":{"type":"Polygon","coordinates":[[[77.611191,28.338023],[77.611195,28.338247],[77.611076,28.338249],[77.611072,28.338025],[77.611191,28.338023]]]},"properties":{"objectid":1976,"uniqueplotid":"PLNGRESIDENTIAL1976","plotmap_id":"SECTOR-16_416_G_RESI","plotidentificationnumber":"416","plotno":"416","industrysector":"SECTOR-16","block":"G","plotsize":"300 SQMT","landuse_type":"RESIDENTIAL","landuse_subcategory":"RESIDENTIAL","investment":0,"employment":0,"landallotementstatus":"VACANT","landallotementtype":"VACANT","village_name":"Dhanauri","khasra_no":"1694","longitude":77.61113338999999,"latitude":28.338136040000002,"authority":"YEIDA","category":"residential","execution_stage":"vacant"}},{"type":"Feature","geometry":{"type":"Polygon","coordinates":[[[77.611178,28.338355],[77.611182,28.33858],[77.611063,28.338582],[77.611058,28.338357],[77.611178,28.338355]]]},"properties":{"objectid":1977,"uniqueplotid":"PLNGRESIDENTIAL1977","plotmap_id":"SECTOR-16_448_G_RESI","plotidentificationnumber":"448","plotno":"448","industrysector":"SECTOR-16","block":"G","plotsize":"300 SQMT","plotsize_at_the_time_of_allotme":"300 SQMT","landuse_type":"RESIDENTIAL","landuse_subcategory":"RESIDENTIAL","scheme_cod":"RPS07","investment":0,"employment":0,"plotstatus":"Allotted","landallotementstatus":"SOLD","landallotementtype":"ALLOTTED","allotmentid":"RPS072030","allotment_date":1698777000000,"rate_of_allotment":24900,"village_name":"Dhanauri","khasra_no":"1694,1691,1608","longitude":77.61112023,"latitude":28.33846845,"authority":"YEIDA","category":"residential","execution_stage":"allotted"}},{"type":"Feature","geometry":{"type":"Polygon","coordinates":[[[77.61131,28.338021],[77.611314,28.338246],[77.611195,28.338247],[77.611191,28.338023],[77.61131,28.338021]]]},"properties":{"objectid":1978,"uniqueplotid":"PLNGRESIDENTIAL1978","plotmap_id":"SECTOR-16_417_G_RESI","plotidentificationnumber":"417","plotno":"417","industrysector":"SECTOR-16","block":"G","plotsize":"300 SQMT","landuse_type":"RESIDENTIAL","landuse_subcategory":"RESIDENTIAL","investment":0,"employment":0,"landallotementstatus":"VACANT","landallotementtype":"VACANT","village_name":"Dhanauri","khasra_no":"1694","longitude":77.61125258,"latitude":28.33813431,"authority":"YEIDA","category":"residential","execution_stage":"vacant"}},{"type":"Feature","geometry":{"type":"Polygon","coordinates":[[[77.611297,28.338354],[77.611301,28.338578],[77.611182,28.33858],[77.611178,28.338355],[77.611297,28.338354]]]},"properties":{"objectid":1979,"uniqueplotid":"PLNGRESIDENTIAL1979","plotmap_id":"SECTOR-16_449_G_RESI","plotidentificationnumber":"449","plotno":"449","industrysector":"SECTOR-16","block":"G","plotsize":"300 SQMT","plotsize_at_the_time_of_allotme":"300 SQMT","landuse_type":"RESIDENTIAL","landuse_subcategory":"RESIDENTIAL","scheme_cod":"RPS07","investment":0,"employment":0,"plotstatus":"Allotted","landallotementstatus":"SOLD","landallotementtype":"ALLOTTED","allotmentid":"RPS072028","allotment_date":1698777000000,"rate_of_allotment":24900,"village_name":"Dhanauri","khasra_no":"1694,1691,1693,1608","longitude":77.61123943,"latitude":28.33846672,"authority":"YEIDA","category":"residential","execution_stage":"allotted"}},{"type":"Feature","geometry":{"type":"Polygon","coordinates":[[[77.611429,28.33802],[77.611434,28.338244],[77.611314,28.338246],[77.61131,28.338021],[77.611429,28.33802]]]},"properties":{"objectid":1980,"uniqueplotid":"PLNGRESIDENTIAL1980","plotmap_id":"SECTOR-16_418_G_RESI","plotidentificationnumber":"418","plotno":"418","industrysector":"SECTOR-16","block":"G","plotsize":"300 SQMT","landuse_type":"RESIDENTIAL","landuse_subcategory":"RESIDENTIAL","investment":0,"employment":0,"landallotementstatus":"VACANT","landallotementtype":"VACANT","village_name":"Dhanauri","khasra_no":"1694","longitude":77.61137178,"latitude":28.33813258,"authority":"YEIDA","category":"residential","execution_stage":"vacant"}},{"type":"Feature","geometry":{"type":"Polygon","coordinates":[[[77.611416,28.338352],[77.61142,28.338576],[77.611301,28.338578],[77.611297,28.338354],[77.611416,28.338352]]]},"properties":{"objectid":1981,"uniqueplotid":"PLNGRESIDENTIAL1981","plotmap_id":"SECTOR-16_450_G_RESI","plotidentificationnumber":"450","plotno":"450","industrysector":"SECTOR-16","block":"G","plotsize":"300 SQMT","plotsize_at_the_time_of_allotme":"300 SQMT","landuse_type":"RESIDENTIAL","landuse_subcategory":"RESIDENTIAL","scheme_cod":"RPS07","investment":0,"employment":0,"plotstatus":"Allotted","landallotementstatus":"SOLD","landallotementtype":"ALLOTTED","allotmentid":"RPS072118","allotment_date":1698777000000,"rate_of_allotment":24900,"village_name":"Dhanauri","khasra_no":"1694,1693","longitude":77.61135862,"latitude":28.33846498,"authority":"YEIDA","category":"residential","execution_stage":"allotted"}},{"type":"Feature","geometry":{"type":"Polygon","coordinates":[[[77.611548,28.338018],[77.611553,28.338242],[77.611434,28.338244],[77.611429,28.33802],[77.611548,28.338018]]]},"properties":{"objectid":1982,"uniqueplotid":"PLNGRESIDENTIAL1982","plotmap_id":"SECTOR-16_419_G_RESI","plotidentificationnumber":"419","plotno":"419","industrysector":"SECTOR-16","block":"G","plotsize":"300 SQMT","plotsize_at_the_time_of_allotme":"300 SQMT","landuse_type":"RESIDENTIAL","landuse_subcategory":"RESIDENTIAL","scheme_cod":"RPS08","investment":0,"employment":0,"plotstatus":"Allotted","landallotementstatus":"SOLD","landallotementtype":"ALLOTTED","allotmentid":"RPS081172","allotment_date":1728585000000,"rate_of_allotment":25900,"village_name":"Dhanauri","khasra_no":"1694","longitude":77.61149097,"latitude":28.33813084,"authority":"YEIDA","category":"residential","execution_stage":"allotted"}},{"type":"Feature","geometry":{"type":"Polygon","coordinates":[[[77.611535,28.33835],[77.61154,28.338575],[77.61142,28.338576],[77.611416,28.338352],[77.611535,28.33835]]]},"properties":{"objectid":1983,"uniqueplotid":"PLNGRESIDENTIAL1983","plotmap_id":"SECTOR-16_451_G_RESI","plotidentificationnumber":"451","plotno":"451","industrysector":"SECTOR-16","block":"G","plotsize":"300 SQMT","plotsize_at_the_time_of_allotme":"300 SQMT","landuse_type":"RESIDENTIAL","landuse_subcategory":"RESIDENTIAL","scheme_cod":"RPS07","investment":0,"employment":0,"plotstatus":"Allotted","landallotementstatus":"SOLD","landallotementtype":"ALLOTTED","allotmentid":"RPS071987","allotment_date":1698777000000,"rate_of_allotment":24900,"village_name":"Dhanauri","khasra_no":"1694,1693","longitude":77.61147781,"latitude":28.33846325,"authority":"YEIDA","category":"residential","execution_stage":"allotted"}},{"type":"Feature","geometry":{"type":"Polygon","coordinates":[[[77.611667,28.338016],[77.611672,28.33824],[77.611553,28.338242],[77.611548,28.338018],[77.611667,28.338016]]]},"properties":{"objectid":1984,"uniqueplotid":"PLNGRESIDENTIAL1984","plotmap_id":"SECTOR-16_420_G_RESI","plotidentificationnumber":"420","plotno":"420","industrysector":"SECTOR-16","block":"G","plotsize":"300 SQMT","plotsize_at_the_time_of_allotme":"300 SQMT","landuse_type":"RESIDENTIAL","landuse_subcategory":"RESIDENTIAL","scheme_cod":"RPS08","investment":0,"employment":0,"plotstatus":"Allotted","landallotementstatus":"SOLD","landallotementtype":"ALLOTTED","allotmentid":"RPS081200","allotment_date":1728585000000,"rate_of_allotment":25900,"village_name":"Dhanauri","khasra_no":"1694,1693","longitude":77.61161016,"latitude":28.33812911,"authority":"YEIDA","category":"residential","execution_stage":"allotted"}},{"type":"Feature","geometry":{"type":"Polygon","coordinates":[[[77.611654,28.338348],[77.611659,28.338573],[77.61154,28.338575],[77.611535,28.33835],[77.611654,28.338348]]]},"properties":{"objectid":1985,"uniqueplotid":"PLNGRESIDENTIAL1985","plotmap_id":"SECTOR-16_452_G_RESI","plotidentificationnumber":"452","plotno":"452","industrysector":"SECTOR-16","block":"G","plotsize":"300 SQMT","plotsize_at_the_time_of_allotme":"300 SQMT","landuse_type":"RESIDENTIAL","landuse_subcategory":"RESIDENTIAL","scheme_cod":"RPS07","investment":0,"employment":0,"plotstatus":"Allotted","landallotementstatus":"SOLD","landallotementtype":"ALLOTTED","allotmentid":"RPS072126","allotment_date":1698777000000,"rate_of_allotment":24900,"village_name":"Dhanauri","khasra_no":"1693","longitude":77.611597,"latitude":28.33846152,"authority":"YEIDA","category":"residential","execution_stage":"allotted"}},{"type":"Feature","geometry":{"type":"Polygon","coordinates":[[[77.612273,28.338986],[77.612275,28.339094],[77.612027,28.339097],[77.612025,28.33899],[77.612273,28.338986]]]},"properties":{"objectid":1986,"uniqueplotid":"PLNGRESIDENTIAL1986","plotmap_id":"SECTOR-16_459_G_RESI","plotidentificationnumber":"459","plotno":"459","industrysector":"SECTOR-16","block":"G","plotsize":"300 SQMT","plotsize_at_the_time_of_allotme":"300 SQMT","landuse_type":"RESIDENTIAL","landuse_subcategory":"RESIDENTIAL","scheme_cod":"RPS07","investment":0,"employment":0,"plotstatus":"Allotted","landallotementstatus":"SOLD","landallotementtype":"ALLOTTED","allotmentid":"RPS071959","allotment_date":1698777000000,"rate_of_allotment":24900,"village_name":"Dhanauri","khasra_no":"1691,1693","longitude":77.61215021,"latitude":28.33904158,"authority":"YEIDA","category":"residential","execution_stage":"allotted"}},{"type":"Feature","geometry":{"type":"Polygon","coordinates":[[[77.612271,28.338878],[77.612273,28.338986],[77.612025,28.33899],[77.612023,28.338882],[77.612271,28.338878]]]},"properties":{"objectid":1987,"uniqueplotid":"PLNGRESIDENTIAL1987","plotmap_id":"SECTOR-16_460_G_RESI","plotidentificationnumber":"460","plotno":"460","industrysector":"SECTOR-16","block":"G","plotsize":"300 SQMT","plotsize_at_the_time_of_allotme":"300 SQMT","landuse_type":"RESIDENTIAL","landuse_subcategory":"RESIDENTIAL","scheme_cod":"RPS07","investment":0,"employment":0,"plotstatus":"Allotted","landallotementstatus":"SOLD","landallotementtype":"ALLOTTED","allotmentid":"RPS072099","allotment_date":1698777000000,"rate_of_allotment":24900,"village_name":"Dhanauri","khasra_no":"1693","longitude":77.61214804,"latitude":28.338933869999998,"authority":"YEIDA","category":"residential","execution_stage":"allotted"}},{"type":"Feature","geometry":{"type":"Polygon","coordinates":[[[77.612262,28.338447],[77.612265,28.338555],[77.612016,28.338559],[77.612014,28.338451],[77.612262,28.338447]]]},"properties":{"objectid":1988,"uniqueplotid":"PLNGRESIDENTIAL1988","plotmap_id":"SECTOR-16_464_G_RESI","plotidentificationnumber":"464","plotno":"464","industrysector":"SECTOR-16","block":"G","plotsize":"300 SQMT","plotsize_at_the_time_of_allotme":"300 SQMT","landuse_type":"RESIDENTIAL","landuse_subcategory":"RESIDENTIAL","scheme_cod":"RPS07","investment":0,"employment":0,"plotstatus":"Allotted","landallotementstatus":"SOLD","landallotementtype":"ALLOTTED","allotmentid":"RPS072077","allotment_date":1698777000000,"rate_of_allotment":24900,"village_name":"Dhanauri","khasra_no":"1692,1693","longitude":77.61213933,"latitude":28.33850301,"authority":"YEIDA","category":"residential","execution_stage":"allotted"}},{"type":"Feature","geometry":{"type":"Polygon","coordinates":[[[77.612025,28.338011],[77.61203,28.338235],[77.61191,28.338237],[77.611906,28.338013],[77.612025,28.338011]]]},"properties":{"objectid":1989,"uniqueplotid":"PLNGRESIDENTIAL1989","plotmap_id":"SECTOR-16_423_G_RESI","plotidentificationnumber":"423","plotno":"423","industrysector":"SECTOR-16","block":"G","plotsize":"300 SQMT","plotsize_at_the_time_of_allotme":"300 SQMT","landuse_type":"RESIDENTIAL","landuse_subcategory":"RESIDENTIAL","scheme_cod":"RPS08","investment":0,"employment":0,"plotstatus":"Allotted","landallotementstatus":"SOLD","landallotementtype":"ALLOTTED","allotmentid":"RPS081234","allotment_date":1728585000000,"rate_of_allotment":25900,"village_name":"Dhanauri","khasra_no":"1692,1694","longitude":77.61196774000001,"latitude":28.33812391,"authority":"YEIDA","category":"residential","execution_stage":"allotted"}},{"type":"Feature","geometry":{"type":"Polygon","coordinates":[[[77.612144,28.338009],[77.612149,28.338234],[77.61203,28.338235],[77.612025,28.338011],[77.612144,28.338009]]]},"properties":{"objectid":1990,"uniqueplotid":"PLNGRESIDENTIAL1990","plotmap_id":"SECTOR-16_424_G_RESI","plotidentificationnumber":"424","plotno":"424","industrysector":"SECTOR-16","block":"G","plotsize":"300 SQMT","plotsize_at_the_time_of_allotme":"300 SQMT","landuse_type":"RESIDENTIAL","landuse_subcategory":"RESIDENTIAL","scheme_cod":"RPS08","investment":0,"employment":0,"plotstatus":"Allotted","landallotementstatus":"SOLD","landallotementtype":"ALLOTTED","allotmentid":"RPS081276","allotment_date":1728585000000,"rate_of_allotment":25900,"village_name":"Dhanauri","khasra_no":"1692","longitude":77.61208692999999,"latitude":28.33812218,"authority":"YEIDA","category":"residential","execution_stage":"allotted"}},{"type":"Feature","geometry":{"type":"Polygon","coordinates":[[[77.61226,28.33834],[77.612262,28.338447],[77.612014,28.338451],[77.612012,28.338343],[77.61226,28.33834]]]},"properties":{"objectid":1991,"uniqueplotid":"PLNGRESIDENTIAL1991","plotmap_id":"SECTOR-16_465_G_RESI","plotidentificationnumber":"465","plotno":"465","industrysector":"SECTOR-16","block":"G","plotsize":"300 SQMT","plotsize_at_the_time_of_allotme":"300 SQMT","landuse_type":"RESIDENTIAL","landuse_subcategory":"RESIDENTIAL","scheme_cod":"RPS07","investment":0,"employment":0,"plotstatus":"Allotted","landallotementstatus":"SOLD","landallotementtype":"ALLOTTED","allotmentid":"RPS072034","allotment_date":1698777000000,"rate_of_allotment":24900,"village_name":"Dhanauri","khasra_no":"1692","longitude":77.61213716,"latitude":28.338395300000002,"authority":"YEIDA","category":"residential","execution_stage":"allotted"}},{"type":"Feature","geometry":{"type":"Polygon","coordinates":[[[77.612511,28.338444],[77.612513,28.338551],[77.612265,28.338555],[77.612262,28.338447],[77.612511,28.338444]]]},"properties":{"objectid":1992,"uniqueplotid":"PLNGRESIDENTIAL1992","plotmap_id":"SECTOR-16_467_G_RESI","plotidentificationnumber":"467","plotno":"467","industrysector":"SECTOR-16","block":"G","plotsize":"300 SQMT","plotsize_at_the_time_of_allotme":"300 SQMT","landuse_type":"RESIDENTIAL","landuse_subcategory":"RESIDENTIAL","scheme_cod":"RPS07","investment":0,"employment":0,"plotstatus":"Allotted","landallotementstatus":"SOLD","landallotementtype":"ALLOTTED","allotmentid":"RPS072062","allotment_date":1698777000000,"rate_of_allotment":24900,"village_name":"Dhanauri","khasra_no":"1692,1580","longitude":77.61238765,"latitude":28.3384994,"authority":"YEIDA","category":"residential","execution_stage":"allotted"}},{"type":"Feature","geometry":{"type":"Polygon","coordinates":[[[77.612263,28.338007],[77.612268,28.338232],[77.612149,28.338234],[77.612144,28.338009],[77.612263,28.338007]]]},"properties":{"objectid":1993,"uniqueplotid":"PLNGRESIDENTIAL1993","plotmap_id":"SECTOR-16_425_G_RESI","plotidentificationnumber":"425","plotno":"425","industrysector":"SECTOR-16","block":"G","plotsize":"300 SQMT","plotsize_at_the_time_of_allotme":"300 SQMT","landuse_type":"RESIDENTIAL","landuse_subcategory":"RESIDENTIAL","scheme_cod":"RPS08","investment":0,"employment":0,"plotstatus":"Allotted","landallotementstatus":"SOLD","landallotementtype":"ALLOTTED","allotmentid":"RPS081269","allotment_date":1728585000000,"rate_of_allotment":25900,"village_name":"Dhanauri","khasra_no":"1692","longitude":77.61220613,"latitude":28.33812044,"authority":"YEIDA","category":"residential","execution_stage":"allotted"}},{"type":"Feature","geometry":{"type":"Polygon","coordinates":[[[77.612509,28.338336],[77.612511,28.338444],[77.612262,28.338447],[77.61226,28.33834],[77.612509,28.338336]]]},"properties":{"objectid":1994,"uniqueplotid":"PLNGRESIDENTIAL1994","plotmap_id":"SECTOR-16_466_G_RESI","plotidentificationnumber":"466","plotno":"466","industrysector":"SECTOR-16","block":"G","plotsize":"300 SQMT","plotsize_at_the_time_of_allotme":"300 SQMT","landuse_type":"RESIDENTIAL","landuse_subcategory":"RESIDENTIAL","scheme_cod":"RPS07","investment":0,"employment":0,"plotstatus":"Allotted","landallotementstatus":"SOLD","landallotementtype":"ALLOTTED","allotmentid":"RPS072001","allotment_date":1698777000000,"rate_of_allotment":24900,"village_name":"Dhanauri","khasra_no":"1692,1580","longitude":77.61238548,"latitude":28.33839169,"authority":"YEIDA","category":"residential","execution_stage":"allotted"}},{"type":"Feature","geometry":{"type":"Polygon","coordinates":[[[77.612522,28.338982],[77.612524,28.33909],[77.612275,28.339094],[77.612273,28.338986],[77.612522,28.338982]]]},"properties":{"objectid":1995,"uniqueplotid":"PLNGRESIDENTIAL1995","plotmap_id":"SECTOR-16_472_G_RESI","plotidentificationnumber":"472","plotno":"472","industrysector":"SECTOR-16","block":"G","plotsize":"300 SQMT","plotsize_at_the_time_of_allotme":"300 SQMT","landuse_type":"RESIDENTIAL","landuse_subcategory":"RESIDENTIAL","scheme_cod":"RPS07","investment":0,"employment":0,"plotstatus":"Allotted","landallotementstatus":"SOLD","landallotementtype":"ALLOTTED","allotmentid":"RPS072046","allotment_date":1698777000000,"rate_of_allotment":24900,"village_name":"Dhanauri","khasra_no":"1692,1691,1693","longitude":77.61239853000001,"latitude":28.33903797,"authority":"YEIDA","category":"residential","execution_stage":"allotted"}},{"type":"Feature","geometry":{"type":"Polygon","coordinates":[[[77.612519,28.338875],[77.612522,28.338982],[77.612273,28.338986],[77.612271,28.338878],[77.612519,28.338875]]]},"properties":{"objectid":1996,"uniqueplotid":"PLNGRESIDENTIAL1996","plotmap_id":"SECTOR-16_471_G_RESI","plotidentificationnumber":"471","plotno":"471","industrysector":"SECTOR-16","block":"G","plotsize":"300 SQMT","plotsize_at_the_time_of_allotme":"300 SQMT","landuse_type":"RESIDENTIAL","landuse_subcategory":"RESIDENTIAL","scheme_cod":"RPS07","investment":0,"employment":0,"plotstatus":"Allotted","landallotementstatus":"SOLD","landallotementtype":"ALLOTTED","allotmentid":"RPS071983","allotment_date":1698777000000,"rate_of_allotment":24900,"village_name":"Dhanauri","khasra_no":"1692,1693","longitude":77.61239635000001,"latitude":28.338930259999998,"authority":"YEIDA","category":"residential","execution_stage":"allotted"}},{"type":"Feature","geometry":{"type":"Polygon","coordinates":[[[77.612269,28.33877],[77.612271,28.338878],[77.612023,28.338882],[77.612021,28.338774],[77.612269,28.33877]]]},"properties":{"objectid":1997,"uniqueplotid":"PLNGRESIDENTIAL1997","plotmap_id":"SECTOR-16_461_G_RESI","plotidentificationnumber":"461","plotno":"461","industrysector":"SECTOR-16","block":"G","plotsize":"300 SQMT","plotsize_at_the_time_of_allotme":"300 SQMT","landuse_type":"RESIDENTIAL","landuse_subcategory":"RESIDENTIAL","scheme_cod":"RPS07","investment":0,"employment":0,"plotstatus":"Allotted","landallotementstatus":"SOLD","landallotementtype":"ALLOTTED","allotmentid":"RPS072091","allotment_date":1698777000000,"rate_of_allotment":24900,"village_name":"Dhanauri","khasra_no":"1692,1693","longitude":77.61214586,"latitude":28.33882616,"authority":"YEIDA","category":"residential","execution_stage":"allotted"}},{"type":"Feature","geometry":{"type":"Polygon","coordinates":[[[77.612267,28.338663],[77.612269,28.33877],[77.612021,28.338774],[77.612018,28.338666],[77.612267,28.338663]]]},"properties":{"objectid":1998,"uniqueplotid":"PLNGRESIDENTIAL1998","plotmap_id":"SECTOR-16_462_G_RESI","plotidentificationnumber":"462","plotno":"462","industrysector":"SECTOR-16","block":"G","plotsize":"300 SQMT","plotsize_at_the_time_of_allotme":"300 SQMT","landuse_type":"RESIDENTIAL","landuse_subcategory":"RESIDENTIAL","scheme_cod":"RPS07","investment":0,"employment":0,"plotstatus":"Allotted","landallotementstatus":"SOLD","landallotementtype":"ALLOTTED","allotmentid":"RPS072109","allotment_date":1698777000000,"rate_of_allotment":24900,"village_name":"Dhanauri","khasra_no":"1692,1693","longitude":77.61214369,"latitude":28.33871844,"authority":"YEIDA","category":"residential","execution_stage":"allotted"}},{"type":"Feature","geometry":{"type":"Polygon","coordinates":[[[77.612265,28.338555],[77.612267,28.338663],[77.612018,28.338666],[77.612016,28.338559],[77.612265,28.338555]]]},"properties":{"objectid":1999,"uniqueplotid":"PLNGRESIDENTIAL1999","plotmap_id":"SECTOR-16_463_G_RESI","plotidentificationnumber":"463","plotno":"463","industrysector":"SECTOR-16","block":"G","plotsize":"300 SQMT","plotsize_at_the_time_of_allotme":"300 SQMT","landuse_type":"RESIDENTIAL","landuse_subcategory":"RESIDENTIAL","scheme_cod":"RPS07","investment":0,"employment":0,"plotstatus":"Allotted","landallotementstatus":"SOLD","landallotementtype":"ALLOTTED","allotmentid":"RPS072057","allotment_date":1698777000000,"rate_of_allotment":24900,"village_name":"Dhanauri","khasra_no":"1692,1693","longitude":77.61214151,"latitude":28.33861073,"authority":"YEIDA","category":"residential","execution_stage":"allotted"}},{"type":"Feature","geometry":{"type":"Polygon","coordinates":[[[77.612513,28.338551],[77.612515,28.338659],[77.612267,28.338663],[77.612265,28.338555],[77.612513,28.338551]]]},"properties":{"objectid":2000,"uniqueplotid":"PLNGRESIDENTIAL2000","plotmap_id":"SECTOR-16_468_G_RESI","plotidentificationnumber":"468","plotno":"468","industrysector":"SECTOR-16","block":"G","plotsize":"300 SQMT","plotsize_at_the_time_of_allotme":"300 SQMT","landuse_type":"RESIDENTIAL","landuse_subcategory":"RESIDENTIAL","scheme_cod":"RPS07","investment":0,"employment":0,"plotstatus":"Allotted","landallotementstatus":"SOLD","landallotementtype":"ALLOTTED","allotmentid":"RPS072065","allotment_date":1698777000000,"rate_of_allotment":24900,"village_name":"Dhanauri","khasra_no":"1692","longitude":77.61238983,"latitude":28.33860712,"authority":"YEIDA","category":"residential","execution_stage":"allotted"}},{"type":"Feature","geometry":{"type":"Polygon","coordinates":[[[77.612515,28.338659],[77.612517,28.338767],[77.612269,28.33877],[77.612267,28.338663],[77.612515,28.338659]]]},"properties":{"objectid":2001,"uniqueplotid":"PLNGRESIDENTIAL2001","plotmap_id":"SECTOR-16_469_G_RESI","plotidentificationnumber":"469","plotno":"469","industrysector":"SECTOR-16","block":"G","plotsize":"300 SQMT","plotsize_at_the_time_of_allotme":"300 SQMT","landuse_type":"RESIDENTIAL","landuse_subcategory":"RESIDENTIAL","scheme_cod":"RPS07","investment":0,"employment":0,"plotstatus":"Allotted","landallotementstatus":"SOLD","landallotementtype":"ALLOTTED","allotmentid":"RPS072094","allotment_date":1698777000000,"rate_of_allotment":24900,"village_name":"Dhanauri","khasra_no":"1692","longitude":77.612392,"latitude":28.33871483,"authority":"YEIDA","category":"residential","execution_stage":"allotted"}},{"type":"Feature","geometry":{"type":"Polygon","coordinates":[[[77.612517,28.338767],[77.612519,28.338875],[77.612271,28.338878],[77.612269,28.33877],[77.612517,28.338767]]]},"properties":{"objectid":2002,"uniqueplotid":"PLNGRESIDENTIAL2002","plotmap_id":"SECTOR-16_470_G_RESI","plotidentificationnumber":"470","plotno":"470","industrysector":"SECTOR-16","block":"G","plotsize":"300 SQMT","plotsize_at_the_time_of_allotme":"300 SQMT","landuse_type":"RESIDENTIAL","landuse_subcategory":"RESIDENTIAL","scheme_cod":"RPS07","investment":0,"employment":0,"plotstatus":"Allotted","landallotementstatus":"SOLD","landallotementtype":"ALLOTTED","allotmentid":"RPS072016","allotment_date":1698777000000,"rate_of_allotment":24900,"village_name":"Dhanauri","khasra_no":"1692,1693","longitude":77.61239418000001,"latitude":28.33882255,"authority":"YEIDA","category":"residential","execution_stage":"allotted"}},{"type":"Feature","geometry":{"type":"Polygon","coordinates":[[[77.613336,28.337992],[77.613341,28.338216],[77.613222,28.338218],[77.613217,28.337994],[77.613336,28.337992]]]},"properties":{"objectid":2003,"uniqueplotid":"PLNGRESIDENTIAL2003","plotmap_id":"SECTOR-16_433_G_RESI","plotidentificationnumber":"433","plotno":"433","industrysector":"SECTOR-16","block":"G","plotsize":"300 SQMT","plotsize_at_the_time_of_allotme":"300 SQMT","landuse_type":"RESIDENTIAL","landuse_subcategory":"RESIDENTIAL","scheme_cod":"RPS07","investment":0,"employment":0,"plotstatus":"Allotted","landallotementstatus":"SOLD","landallotementtype":"ALLOTTED","allotmentid":"RPS072002","allotment_date":1698777000000,"rate_of_allotment":24900,"village_name":"Dhanauri","khasra_no":"1522,1523","longitude":77.61327886000001,"latitude":28.33810485,"authority":"YEIDA","category":"residential","execution_stage":"allotted"}},{"type":"Feature","geometry":{"type":"Polygon","coordinates":[[[77.613455,28.33799],[77.61346,28.338214],[77.613341,28.338216],[77.613336,28.337992],[77.613455,28.33799]]]},"properties":{"objectid":2004,"uniqueplotid":"PLNGRESIDENTIAL2004","plotmap_id":"SECTOR-16_434_G_RESI","plotidentificationnumber":"434","plotno":"434","industrysector":"SECTOR-16","block":"G","plotsize":"300 SQMT","plotsize_at_the_time_of_allotme":"300 SQMT","landuse_type":"RESIDENTIAL","landuse_subcategory":"RESIDENTIAL","scheme_cod":"RPS07","investment":0,"employment":0,"plotstatus":"Allotted","landallotementstatus":"SOLD","landallotementtype":"ALLOTTED","allotmentid":"RPS072072","allotment_date":1698777000000,"rate_of_allotment":24900,"village_name":"Dhanauri","khasra_no":"1522,1523","longitude":77.61339805,"latitude":28.338103110000002,"authority":"YEIDA","category":"residential","execution_stage":"allotted"}},{"type":"Feature","geometry":{"type":"Polygon","coordinates":[[[77.613575,28.337988],[77.613579,28.338213],[77.61346,28.338214],[77.613455,28.33799],[77.613575,28.337988]]]},"properties":{"objectid":2005,"uniqueplotid":"PLNGRESIDENTIAL2005","plotmap_id":"SECTOR-16_435_G_RESI","plotidentificationnumber":"435","plotno":"435","industrysector":"SECTOR-16","block":"G","plotsize":"300 SQMT","plotsize_at_the_time_of_allotme":"300 SQMT","landuse_type":"RESIDENTIAL","landuse_subcategory":"RESIDENTIAL","scheme_cod":"RPS07","investment":0,"employment":0,"plotstatus":"Allotted","landallotementstatus":"SOLD","landallotementtype":"ALLOTTED","allotmentid":"RPS071935","allotment_date":1698777000000,"rate_of_allotment":24900,"village_name":"Dhanauri","khasra_no":"1522,1523","longitude":77.61351724000001,"latitude":28.33810138,"authority":"YEIDA","category":"residential","execution_stage":"allotted"}},{"type":"Feature","geometry":{"type":"Polygon","coordinates":[[[77.614594,28.338306],[77.614599,28.33853],[77.61448,28.338532],[77.614475,28.338307],[77.614594,28.338306]]]},"properties":{"objectid":2006,"uniqueplotid":"PLNGRESIDENTIAL2006","plotmap_id":"SECTOR-16_561_G_RESI","plotidentificationnumber":"561","plotno":"561","industrysector":"SECTOR-16","block":"G","plotsize":"300 SQMT","plotsize_at_the_time_of_allotme":"300 SQMT","landuse_type":"RESIDENTIAL","landuse_subcategory":"RESIDENTIAL","scheme_cod":"RPS07","investment":0,"employment":0,"plotstatus":"Allotted","landallotementstatus":"SOLD","landallotementtype":"ALLOTTED","allotmentid":"RPS072074","allotment_date":1698777000000,"rate_of_allotment":24900,"village_name":"Dhanauri","khasra_no":"1529","longitude":77.61453709000001,"latitude":28.33841877,"authority":"YEIDA","category":"residential","execution_stage":"allotted"}},{"type":"Feature","geometry":{"type":"Polygon","coordinates":[[[77.614714,28.338304],[77.614718,28.338528],[77.614599,28.33853],[77.614594,28.338306],[77.614714,28.338304]]]},"properties":{"objectid":2007,"uniqueplotid":"PLNGRESIDENTIAL2007","plotmap_id":"SECTOR-16_562_G_RESI","plotidentificationnumber":"562","plotno":"562","industrysector":"SECTOR-16","block":"G","plotsize":"300 SQMT","plotsize_at_the_time_of_allotme":"300 SQMT","landuse_type":"RESIDENTIAL","landuse_subcategory":"RESIDENTIAL","scheme_cod":"RPS07","investment":0,"employment":0,"plotstatus":"Allotted","landallotementstatus":"SOLD","landallotementtype":"ALLOTTED","allotmentid":"RPS071995","allotment_date":1698777000000,"rate_of_allotment":24900,"village_name":"Dhanauri","khasra_no":"1529","longitude":77.61465627999999,"latitude":28.33841704,"authority":"YEIDA","category":"residential","execution_stage":"allotted"}},{"type":"Feature","geometry":{"type":"Polygon","coordinates":[[[77.61448,28.338532],[77.614484,28.338756],[77.614365,28.338758],[77.614361,28.338534],[77.61448,28.338532]]]},"properties":{"objectid":2008,"uniqueplotid":"PLNGRESIDENTIAL2008","plotmap_id":"SECTOR-16_557_G_RESI","plotidentificationnumber":"557","plotno":"557","industrysector":"SECTOR-16","block":"G","plotsize":"300 SQMT","plotsize_at_the_time_of_allotme":"300 SQMT","landuse_type":"RESIDENTIAL","landuse_subcategory":"RESIDENTIAL","scheme_cod":"RPS07","investment":0,"employment":0,"plotstatus":"Allotted","landallotementstatus":"SOLD","landallotementtype":"ALLOTTED","allotmentid":"RPS072044","allotment_date":1698777000000,"rate_of_allotment":24900,"village_name":"Dhanauri","khasra_no":"1529","longitude":77.61442243,"latitude":28.33864491,"authority":"YEIDA","category":"residential","execution_stage":"allotted"}},{"type":"Feature","geometry":{"type":"Polygon","coordinates":[[[77.614599,28.33853],[77.614603,28.338755],[77.614484,28.338756],[77.61448,28.338532],[77.614599,28.33853]]]},"properties":{"objectid":2009,"uniqueplotid":"PLNGRESIDENTIAL2009","plotmap_id":"SECTOR-16_556_G_RESI","plotidentificationnumber":"556","plotno":"556","industrysector":"SECTOR-16","block":"G","plotsize":"300 SQMT","plotsize_at_the_time_of_allotme":"300 SQMT","landuse_type":"RESIDENTIAL","landuse_subcategory":"RESIDENTIAL","scheme_cod":"RPS07","investment":0,"employment":0,"plotstatus":"Allotted","landallotementstatus":"SOLD","landallotementtype":"ALLOTTED","allotmentid":"RPS072105","allotment_date":1698777000000,"rate_of_allotment":24900,"village_name":"Dhanauri","khasra_no":"1529,1487,1507","longitude":77.61454162000001,"latitude":28.33864318,"authority":"YEIDA","category":"residential","execution_stage":"allotted"}},{"type":"Feature","geometry":{"type":"Polygon","coordinates":[[[77.614718,28.338528],[77.614723,28.338753],[77.614603,28.338755],[77.614599,28.33853],[77.614718,28.338528]]]},"properties":{"objectid":2010,"uniqueplotid":"PLNGRESIDENTIAL2010","plotmap_id":"SECTOR-16_555_G_RESI","plotidentificationnumber":"555","plotno":"555","industrysector":"SECTOR-16","block":"G","plotsize":"300 SQMT","plotsize_at_the_time_of_allotme":"300 SQMT","landuse_type":"RESIDENTIAL","landuse_subcategory":"RESIDENTIAL","scheme_cod":"RPS07","investment":0,"employment":0,"plotstatus":"Allotted","landallotementstatus":"SOLD","landallotementtype":"ALLOTTED","allotmentid":"RPS072113","allotment_date":1698777000000,"rate_of_allotment":24900,"village_name":"Dhanauri","khasra_no":"1529,1487,1507","longitude":77.61466080999999,"latitude":28.33864144,"authority":"YEIDA","category":"residential","execution_stage":"allotted"}},{"type":"Feature","geometry":{"type":"Polygon","coordinates":[[[77.614607,28.338916],[77.614611,28.33914],[77.614492,28.339142],[77.614488,28.338918],[77.614607,28.338916]]]},"properties":{"objectid":2011,"uniqueplotid":"PLNGRESIDENTIAL2011","plotmap_id":"SECTOR-16_550_G_RESI","plotidentificationnumber":"550","plotno":"550","industrysector":"SECTOR-16","block":"G","plotsize":"300 SQMT","plotsize_at_the_time_of_allotme":"300 SQMT","landuse_type":"RESIDENTIAL","landuse_subcategory":"RESIDENTIAL","scheme_cod":"RPS07","investment":0,"employment":0,"plotstatus":"Allotted","landallotementstatus":"SOLD","landallotementtype":"ALLOTTED","allotmentid":"RPS072121","allotment_date":1698777000000,"rate_of_allotment":24900,"village_name":"Dhanauri","khasra_no":"1488,1490,1489","longitude":77.61454941000001,"latitude":28.33902915,"authority":"YEIDA","category":"residential","execution_stage":"allotted"}},{"type":"Feature","geometry":{"type":"Polygon","coordinates":[[[77.614726,28.338914],[77.61473,28.339139],[77.614611,28.33914],[77.614607,28.338916],[77.614726,28.338914]]]},"properties":{"objectid":2012,"uniqueplotid":"PLNGRESIDENTIAL2012","plotmap_id":"SECTOR-16_549_G_RESI","plotidentificationnumber":"549","plotno":"549","industrysector":"SECTOR-16","block":"G","plotsize":"300 SQMT","plotsize_at_the_time_of_allotme":"300 SQMT","landuse_type":"RESIDENTIAL","landuse_subcategory":"RESIDENTIAL","scheme_cod":"RPS07","investment":0,"employment":0,"plotstatus":"Allotted","landallotementstatus":"SOLD","landallotementtype":"ALLOTTED","allotmentid":"RPS072122","allotment_date":1698777000000,"rate_of_allotment":24900,"village_name":"Dhanauri","khasra_no":"1490,1489","longitude":77.6146686,"latitude":28.339027419999997,"authority":"YEIDA","category":"residential","execution_stage":"allotted"}},{"type":"Feature","geometry":{"type":"Polygon","coordinates":[[[77.614492,28.339142],[77.614497,28.339367],[77.614377,28.339368],[77.614373,28.339144],[77.614492,28.339142]]]},"properties":{"objectid":2013,"uniqueplotid":"PLNGRESIDENTIAL2013","plotmap_id":"SECTOR-16_540_G_RESI","plotidentificationnumber":"540","plotno":"540","industrysector":"SECTOR-16","block":"G","plotsize":"300 SQMT","plotsize_at_the_time_of_allotme":"300 SQMT","landuse_type":"RESIDENTIAL","landuse_subcategory":"RESIDENTIAL","scheme_cod":"RPS07","investment":0,"employment":0,"plotstatus":"Allotted","landallotementstatus":"SOLD","landallotementtype":"ALLOTTED","allotmentid":"RPS071946","allotment_date":1698777000000,"rate_of_allotment":24900,"village_name":"Dhanauri","khasra_no":"1494,1490","longitude":77.61443475,"latitude":28.339255280000003,"authority":"YEIDA","category":"residential","execution_stage":"allotted"}},{"type":"Feature","geometry":{"type":"Polygon","coordinates":[[[77.614611,28.33914],[77.614616,28.339365],[77.614497,28.339367],[77.614492,28.339142],[77.614611,28.33914]]]},"properties":{"objectid":2014,"uniqueplotid":"PLNGRESIDENTIAL2014","plotmap_id":"SECTOR-16_541_G_RESI","plotidentificationnumber":"541","plotno":"541","industrysector":"SECTOR-16","block":"G","plotsize":"300 SQMT","plotsize_at_the_time_of_allotme":"300 SQMT","landuse_type":"RESIDENTIAL","landuse_subcategory":"RESIDENTIAL","scheme_cod":"RPS07","investment":0,"employment":0,"plotstatus":"Allotted","landallotementstatus":"SOLD","landallotementtype":"ALLOTTED","allotmentid":"RPS072012","allotment_date":1698777000000,"rate_of_allotment":24900,"village_name":"Dhanauri","khasra_no":"1494,1490","longitude":77.61455394000001,"latitude":28.339253550000002,"authority":"YEIDA","category":"residential","execution_stage":"allotted"}},{"type":"Feature","geometry":{"type":"Polygon","coordinates":[[[77.61473,28.339139],[77.614735,28.339363],[77.614616,28.339365],[77.614611,28.33914],[77.61473,28.339139]]]},"properties":{"objectid":2015,"uniqueplotid":"PLNGRESIDENTIAL2015","plotmap_id":"SECTOR-16_542_G_RESI","plotidentificationnumber":"542","plotno":"542","industrysector":"SECTOR-16","block":"G","plotsize":"300 SQMT","plotsize_at_the_time_of_allotme":"300 SQMT","landuse_type":"RESIDENTIAL","landuse_subcategory":"RESIDENTIAL","scheme_cod":"RPS07","investment":0,"employment":0,"plotstatus":"Allotted","landallotementstatus":"SOLD","landallotementtype":"ALLOTTED","allotmentid":"RPS072080","allotment_date":1698777000000,"rate_of_allotment":24900,"village_name":"Dhanauri","khasra_no":"1491,1494,1490","longitude":77.61467314,"latitude":28.33925182,"authority":"YEIDA","category":"residential","execution_stage":"allotted"}},{"type":"Feature","geometry":{"type":"Polygon","coordinates":[[[77.614618,28.339473],[77.614623,28.339697],[77.614503,28.339699],[77.614499,28.339474],[77.614618,28.339473]]]},"properties":{"objectid":2016,"uniqueplotid":"PLNGRESIDENTIAL2016","plotmap_id":"SECTOR-16_536_G_RESI","plotidentificationnumber":"536","plotno":"536","industrysector":"SECTOR-16","block":"G","plotsize":"300 SQMT","plotsize_at_the_time_of_allotme":"300 SQMT","landuse_type":"RESIDENTIAL","landuse_subcategory":"RESIDENTIAL","scheme_cod":"RPS07","investment":0,"employment":0,"plotstatus":"Allotted","landallotementstatus":"SOLD","landallotementtype":"ALLOTTED","allotmentid":"RPS072056","allotment_date":1698777000000,"rate_of_allotment":24900,"village_name":"Dhanauri","khasra_no":"1494","longitude":77.61456065,"latitude":28.33958567,"authority":"YEIDA","category":"residential","execution_stage":"allotted"}},{"type":"Feature","geometry":{"type":"Polygon","coordinates":[[[77.614737,28.339471],[77.614742,28.339695],[77.614623,28.339697],[77.614618,28.339473],[77.614737,28.339471]]]},"properties":{"objectid":2017,"uniqueplotid":"PLNGRESIDENTIAL2017","plotmap_id":"SECTOR-16_535_G_RESI","plotidentificationnumber":"535","plotno":"535","industrysector":"SECTOR-16","block":"G","plotsize":"300 SQMT","plotsize_at_the_time_of_allotme":"300 SQMT","landuse_type":"RESIDENTIAL","landuse_subcategory":"RESIDENTIAL","scheme_cod":"RPS07","investment":0,"employment":0,"plotstatus":"Allotted","landallotementstatus":"SOLD","landallotementtype":"ALLOTTED","allotmentid":"RPS071998","allotment_date":1698777000000,"rate_of_allotment":24900,"village_name":"Dhanauri","khasra_no":"1494","longitude":77.61467984,"latitude":28.33958394,"authority":"YEIDA","category":"residential","execution_stage":"allotted"}},{"type":"Feature","geometry":{"type":"Polygon","coordinates":[[[77.614856,28.339469],[77.614861,28.339694],[77.614742,28.339695],[77.614737,28.339471],[77.614856,28.339469]]]},"properties":{"objectid":2018,"uniqueplotid":"PLNGRESIDENTIAL2018","plotmap_id":"SECTOR-16_534_G_RESI","plotidentificationnumber":"534","plotno":"534","industrysector":"SECTOR-16","block":"G","plotsize":"300 SQMT","plotsize_at_the_time_of_allotme":"300 SQMT","landuse_type":"RESIDENTIAL","landuse_subcategory":"RESIDENTIAL","scheme_cod":"RPS07","investment":0,"employment":0,"plotstatus":"Allotted","landallotementstatus":"SOLD","landallotementtype":"ALLOTTED","allotmentid":"RPS071979","allotment_date":1698777000000,"rate_of_allotment":24900,"village_name":"Dhanauri","khasra_no":"1491,1494","longitude":77.61479903,"latitude":28.339582200000002,"authority":"YEIDA","category":"residential","execution_stage":"allotted"}},{"type":"Feature","geometry":{"type":"Polygon","coordinates":[[[77.614503,28.339699],[77.614508,28.339923],[77.614389,28.339925],[77.614384,28.3397],[77.614503,28.339699]]]},"properties":{"objectid":2019,"uniqueplotid":"PLNGRESIDENTIAL2019","plotmap_id":"SECTOR-16_524_G_RESI","plotidentificationnumber":"524","plotno":"524","industrysector":"SECTOR-16","block":"G","plotsize":"300 SQMT","plotsize_at_the_time_of_allotme":"300 SQMT","landuse_type":"RESIDENTIAL","landuse_subcategory":"RESIDENTIAL","scheme_cod":"RPS07","investment":0,"employment":0,"plotstatus":"Allotted","landallotementstatus":"SOLD","landallotementtype":"ALLOTTED","allotmentid":"RPS072018","allotment_date":1698777000000,"rate_of_allotment":24900,"village_name":"Dhanauri","khasra_no":"1493,1494","longitude":77.61444599000001,"latitude":28.3398118,"authority":"YEIDA","category":"residential","execution_stage":"allotted"}},{"type":"Feature","geometry":{"type":"Polygon","coordinates":[[[77.614623,28.339697],[77.614627,28.339921],[77.614508,28.339923],[77.614503,28.339699],[77.614623,28.339697]]]},"properties":{"objectid":2020,"uniqueplotid":"PLNGRESIDENTIAL2020","plotmap_id":"SECTOR-16_525_G_RESI","plotidentificationnumber":"525","plotno":"525","industrysector":"SECTOR-16","block":"G","plotsize":"300 SQMT","plotsize_at_the_time_of_allotme":"300 SQMT","landuse_type":"RESIDENTIAL","landuse_subcategory":"RESIDENTIAL","scheme_cod":"RPS07","investment":0,"employment":0,"plotstatus":"Allotted","landallotementstatus":"SOLD","landallotementtype":"ALLOTTED","allotmentid":"RPS071985","allotment_date":1698777000000,"rate_of_allotment":24900,"village_name":"Dhanauri","khasra_no":"1493,1494","longitude":77.61456518000001,"latitude":28.33981007,"authority":"YEIDA","category":"residential","execution_stage":"allotted"}},{"type":"Feature","geometry":{"type":"Polygon","coordinates":[[[77.614742,28.339695],[77.614746,28.33992],[77.614627,28.339921],[77.614623,28.339697],[77.614742,28.339695]]]},"properties":{"objectid":2021,"uniqueplotid":"PLNGRESIDENTIAL2021","plotmap_id":"SECTOR-16_526_G_RESI","plotidentificationnumber":"526","plotno":"526","industrysector":"SECTOR-16","block":"G","plotsize":"300 SQMT","plotsize_at_the_time_of_allotme":"300 SQMT","landuse_type":"RESIDENTIAL","landuse_subcategory":"RESIDENTIAL","scheme_cod":"RPS07","investment":0,"employment":0,"plotstatus":"Allotted","landallotementstatus":"SOLD","landallotementtype":"ALLOTTED","allotmentid":"RPS072023","allotment_date":1698777000000,"rate_of_allotment":24900,"village_name":"Dhanauri","khasra_no":"1493,1494","longitude":77.61468436999999,"latitude":28.33980834,"authority":"YEIDA","category":"residential","execution_stage":"allotted"}},{"type":"Feature","geometry":{"type":"Polygon","coordinates":[[[77.614822,28.337746],[77.614826,28.33797],[77.614707,28.337972],[77.614702,28.337747],[77.614822,28.337746]]]},"properties":{"objectid":2022,"uniqueplotid":"PLNGRESIDENTIAL2022","plotmap_id":"SECTOR-16_381_G_RESI","plotidentificationnumber":"381","plotno":"381","industrysector":"SECTOR-16","block":"G","plotsize":"300 SQMT","plotsize_at_the_time_of_allotme":"300 SQMT","landuse_type":"RESIDENTIAL","landuse_subcategory":"RESIDENTIAL","scheme_cod":"RPS07","investment":0,"employment":0,"plotstatus":"Allotted","landallotementstatus":"SOLD","landallotementtype":"ALLOTTED","allotmentid":"RPS071933","allotment_date":1698777000000,"rate_of_allotment":24900,"village_name":"Dhanauri","khasra_no":"1530","longitude":77.61476423,"latitude":28.33785878,"authority":"YEIDA","category":"residential","execution_stage":"allotted"}},{"type":"Feature","geometry":{"type":"Polygon","coordinates":[[[77.614349,28.337977],[77.614354,28.338201],[77.614235,28.338203],[77.61423,28.337979],[77.614349,28.337977]]]},"properties":{"objectid":2023,"uniqueplotid":"PLNGRESIDENTIAL2023","plotmap_id":"SECTOR-16_440_G_RESI","plotidentificationnumber":"440","plotno":"440","industrysector":"SECTOR-16","block":"G","plotsize":"300 SQMT","plotsize_at_the_time_of_allotme":"300 SQMT","landuse_type":"RESIDENTIAL","landuse_subcategory":"RESIDENTIAL","scheme_cod":"RPS07","investment":0,"employment":0,"plotstatus":"Allotted","landallotementstatus":"SOLD","landallotementtype":"ALLOTTED","allotmentid":"RPS072081","allotment_date":1698777000000,"rate_of_allotment":24900,"village_name":"Dhanauri","khasra_no":"1529","longitude":77.61429199999999,"latitude":28.33809012,"authority":"YEIDA","category":"residential","execution_stage":"allotted"}},{"type":"Feature","geometry":{"type":"Polygon","coordinates":[[[77.614826,28.33797],[77.614831,28.338195],[77.614711,28.338196],[77.614707,28.337972],[77.614826,28.33797]]]},"properties":{"objectid":2024,"uniqueplotid":"PLNGRESIDENTIAL2024","plotmap_id":"SECTOR-16_444_G_RESI","plotidentificationnumber":"444","plotno":"444","industrysector":"SECTOR-16","block":"G","plotsize":"300 SQMT","plotsize_at_the_time_of_allotme":"300 SQMT","landuse_type":"RESIDENTIAL","landuse_subcategory":"RESIDENTIAL","scheme_cod":"RPS07","investment":0,"employment":0,"plotstatus":"Allotted","landallotementstatus":"SOLD","landallotementtype":"ALLOTTED","allotmentid":"RPS071992","allotment_date":1698777000000,"rate_of_allotment":24900,"village_name":"Dhanauri","khasra_no":"1529,1530","longitude":77.61476877,"latitude":28.338083190000003,"authority":"YEIDA","category":"residential","execution_stage":"allotted"}},{"type":"Feature","geometry":{"type":"Polygon","coordinates":[[[77.614469,28.337975],[77.614473,28.3382],[77.614354,28.338201],[77.614349,28.337977],[77.614469,28.337975]]]},"properties":{"objectid":2025,"uniqueplotid":"PLNGRESIDENTIAL2025","plotmap_id":"SECTOR-16_441_G_RESI","plotidentificationnumber":"441","plotno":"441","industrysector":"SECTOR-16","block":"G","plotsize":"300 SQMT","plotsize_at_the_time_of_allotme":"300 SQMT","landuse_type":"RESIDENTIAL","landuse_subcategory":"RESIDENTIAL","scheme_cod":"RPS07","investment":0,"employment":0,"plotstatus":"Allotted","landallotementstatus":"SOLD","landallotementtype":"ALLOTTED","allotmentid":"RPS071940","allotment_date":1698777000000,"rate_of_allotment":24900,"village_name":"Dhanauri","khasra_no":"1529","longitude":77.61441119,"latitude":28.338088380000002,"authority":"YEIDA","category":"residential","execution_stage":"allotted"}},{"type":"Feature","geometry":{"type":"Polygon","coordinates":[[[77.614588,28.337974],[77.614592,28.338198],[77.614473,28.3382],[77.614469,28.337975],[77.614588,28.337974]]]},"properties":{"objectid":2026,"uniqueplotid":"PLNGRESIDENTIAL2026","plotmap_id":"SECTOR-16_442_G_RESI","plotidentificationnumber":"442","plotno":"442","industrysector":"SECTOR-16","block":"G","plotsize":"300 SQMT","plotsize_at_the_time_of_allotme":"300 SQMT","landuse_type":"RESIDENTIAL","landuse_subcategory":"RESIDENTIAL","scheme_cod":"RPS07","investment":0,"employment":0,"plotstatus":"Allotted","landallotementstatus":"SOLD","landallotementtype":"ALLOTTED","allotmentid":"RPS072038","allotment_date":1698777000000,"rate_of_allotment":24900,"village_name":"Dhanauri","khasra_no":"1529","longitude":77.61453038,"latitude":28.33808665,"authority":"YEIDA","category":"residential","execution_stage":"allotted"}},{"type":"Feature","geometry":{"type":"Polygon","coordinates":[[[77.614707,28.337972],[77.614711,28.338196],[77.614592,28.338198],[77.614588,28.337974],[77.614707,28.337972]]]},"properties":{"objectid":2027,"uniqueplotid":"PLNGRESIDENTIAL2027","plotmap_id":"SECTOR-16_443_G_RESI","plotidentificationnumber":"443","plotno":"443","industrysector":"SECTOR-16","block":"G","plotsize":"300 SQMT","plotsize_at_the_time_of_allotme":"300 SQMT","landuse_type":"RESIDENTIAL","landuse_subcategory":"RESIDENTIAL","scheme_cod":"RPS07","investment":0,"employment":0,"plotstatus":"Allotted","landallotementstatus":"SOLD","landallotementtype":"ALLOTTED","allotmentid":"RPS071945","allotment_date":1698777000000,"rate_of_allotment":24900,"village_name":"Dhanauri","khasra_no":"1529,1530","longitude":77.61464957,"latitude":28.33808492,"authority":"YEIDA","category":"residential","execution_stage":"allotted"}},{"type":"Feature","geometry":{"type":"Polygon","coordinates":[[[77.614356,28.338309],[77.614361,28.338534],[77.614241,28.338535],[77.614237,28.338311],[77.614356,28.338309]]]},"properties":{"objectid":2028,"uniqueplotid":"PLNGRESIDENTIAL2028","plotmap_id":"SECTOR-16_559_G_RESI","plotidentificationnumber":"559","plotno":"559","industrysector":"SECTOR-16","block":"G","plotsize":"300 SQMT","plotsize_at_the_time_of_allotme":"300 SQMT","landuse_type":"RESIDENTIAL","landuse_subcategory":"RESIDENTIAL","scheme_cod":"RPS07","investment":0,"employment":0,"plotstatus":"Allotted","landallotementstatus":"SOLD","landallotementtype":"ALLOTTED","allotmentid":"RPS071974","allotment_date":1698777000000,"rate_of_allotment":24900,"village_name":"Dhanauri","khasra_no":"1529","longitude":77.61429869999999,"latitude":28.33842224,"authority":"YEIDA","category":"residential","execution_stage":"allotted"}},{"type":"Feature","geometry":{"type":"Polygon","coordinates":[[[77.614475,28.338307],[77.61448,28.338532],[77.614361,28.338534],[77.614356,28.338309],[77.614475,28.338307]]]},"properties":{"objectid":2029,"uniqueplotid":"PLNGRESIDENTIAL2029","plotmap_id":"SECTOR-16_560_G_RESI","plotidentificationnumber":"560","plotno":"560","industrysector":"SECTOR-16","block":"G","plotsize":"300 SQMT","plotsize_at_the_time_of_allotme":"300 SQMT","landuse_type":"RESIDENTIAL","landuse_subcategory":"RESIDENTIAL","scheme_cod":"RPS07","investment":0,"employment":0,"plotstatus":"Allotted","landallotementstatus":"SOLD","landallotementtype":"ALLOTTED","allotmentid":"RPS072098","allotment_date":1698777000000,"rate_of_allotment":24900,"village_name":"Dhanauri","khasra_no":"1529","longitude":77.61441789,"latitude":28.3384205,"authority":"YEIDA","category":"residential","execution_stage":"allotted"}},{"type":"Feature","geometry":{"type":"Polygon","coordinates":[[[77.614833,28.338302],[77.614837,28.338527],[77.614718,28.338528],[77.614714,28.338304],[77.614833,28.338302]]]},"properties":{"objectid":2030,"uniqueplotid":"PLNGRESIDENTIAL2030","plotmap_id":"SECTOR-16_563_G_RESI","plotidentificationnumber":"563","plotno":"563","industrysector":"SECTOR-16","block":"G","plotsize":"300 SQMT","plotsize_at_the_time_of_allotme":"300 SQMT","landuse_type":"RESIDENTIAL","landuse_subcategory":"RESIDENTIAL","scheme_cod":"RPS07","investment":0,"employment":0,"plotstatus":"Allotted","landallotementstatus":"SOLD","landallotementtype":"ALLOTTED","allotmentid":"RPS072107","allotment_date":1698777000000,"rate_of_allotment":24900,"village_name":"Dhanauri","khasra_no":"1529","longitude":77.61477547,"latitude":28.33841531,"authority":"YEIDA","category":"residential","execution_stage":"allotted"}},{"type":"Feature","geometry":{"type":"Polygon","coordinates":[[[77.614952,28.338301],[77.614957,28.338525],[77.614837,28.338527],[77.614833,28.338302],[77.614952,28.338301]]]},"properties":{"objectid":2031,"uniqueplotid":"PLNGRESIDENTIAL2031","plotmap_id":"SECTOR-16_564_G_RESI","plotidentificationnumber":"564","plotno":"564","industrysector":"SECTOR-16","block":"G","plotsize":"300 SQMT","plotsize_at_the_time_of_allotme":"300 SQMT","landuse_type":"RESIDENTIAL","landuse_subcategory":"RESIDENTIAL","scheme_cod":"RPS07","investment":0,"employment":0,"plotstatus":"Allotted","landallotementstatus":"SOLD","landallotementtype":"ALLOTTED","allotmentid":"RPS071977","allotment_date":1698777000000,"rate_of_allotment":24900,"village_name":"Dhanauri","khasra_no":"1483,1529,1507,1530","longitude":77.61489466,"latitude":28.33841357,"authority":"YEIDA","category":"residential","execution_stage":"allotted"}},{"type":"Feature","geometry":{"type":"Polygon","coordinates":[[[77.613594,28.338931],[77.613598,28.339155],[77.613479,28.339157],[77.613474,28.338933],[77.613594,28.338931]]]},"properties":{"objectid":2032,"uniqueplotid":"PLNGRESIDENTIAL2032","plotmap_id":"SECTOR-16_480_G_RESI","plotidentificationnumber":"480","plotno":"480","industrysector":"SECTOR-16","block":"G","plotsize":"300 SQMT","plotsize_at_the_time_of_allotme":"300 SQMT","landuse_type":"RESIDENTIAL","landuse_subcategory":"RESIDENTIAL","scheme_cod":"RPS07","investment":0,"employment":0,"plotstatus":"Allotted","landallotementstatus":"SOLD","landallotementtype":"ALLOTTED","allotmentid":"RPS071972","allotment_date":1698777000000,"rate_of_allotment":24900,"village_name":"Dhanauri","khasra_no":"1521,1520","longitude":77.61353628,"latitude":28.33904388,"authority":"YEIDA","category":"residential","execution_stage":"allotted"}},{"type":"Feature","geometry":{"type":"Polygon","coordinates":[[[77.613479,28.339157],[77.613483,28.339381],[77.613364,28.339383],[77.61336,28.339159],[77.613479,28.339157]]]},"properties":{"objectid":2033,"uniqueplotid":"PLNGRESIDENTIAL2033","plotmap_id":"SECTOR-16_490_G_RESI","plotidentificationnumber":"490","plotno":"490","industrysector":"SECTOR-16","block":"G","plotsize":"300 SQMT","plotsize_at_the_time_of_allotme":"300 SQMT","landuse_type":"RESIDENTIAL","landuse_subcategory":"RESIDENTIAL","scheme_cod":"RPS07","investment":0,"employment":0,"plotstatus":"Allotted","landallotementstatus":"SOLD","landallotementtype":"ALLOTTED","allotmentid":"RPS071926","allotment_date":1698777000000,"rate_of_allotment":24900,"village_name":"Dhanauri","khasra_no":"1520","longitude":77.61342161,"latitude":28.339270010000003,"authority":"YEIDA","category":"residential","execution_stage":"allotted"}},{"type":"Feature","geometry":{"type":"Polygon","coordinates":[[[77.613598,28.339155],[77.613603,28.33938],[77.613483,28.339381],[77.613479,28.339157],[77.613598,28.339155]]]},"properties":{"objectid":2034,"uniqueplotid":"PLNGRESIDENTIAL2034","plotmap_id":"SECTOR-16_489_G_RESI","plotidentificationnumber":"489","plotno":"489","industrysector":"SECTOR-16","block":"G","plotsize":"300 SQMT","plotsize_at_the_time_of_allotme":"300 SQMT","landuse_type":"RESIDENTIAL","landuse_subcategory":"RESIDENTIAL","scheme_cod":"RPS07","investment":0,"employment":0,"plotstatus":"Allotted","landallotementstatus":"SOLD","landallotementtype":"ALLOTTED","allotmentid":"RPS071988","allotment_date":1698777000000,"rate_of_allotment":24900,"village_name":"Dhanauri","khasra_no":"1520","longitude":77.61354081,"latitude":28.339268280000002,"authority":"YEIDA","category":"residential","execution_stage":"allotted"}},{"type":"Feature","geometry":{"type":"Polygon","coordinates":[[[77.613717,28.339153],[77.613722,28.339378],[77.613603,28.33938],[77.613598,28.339155],[77.613717,28.339153]]]},"properties":{"objectid":2035,"uniqueplotid":"PLNGRESIDENTIAL2035","plotmap_id":"SECTOR-16_488_G_RESI","plotidentificationnumber":"488","plotno":"488","industrysector":"SECTOR-16","block":"G","plotsize":"300 SQMT","plotsize_at_the_time_of_allotme":"300 SQMT","landuse_type":"RESIDENTIAL","landuse_subcategory":"RESIDENTIAL","scheme_cod":"RPS07","investment":0,"employment":0,"plotstatus":"Allotted","landallotementstatus":"SOLD","landallotementtype":"ALLOTTED","allotmentid":"RPS072111","allotment_date":1698777000000,"rate_of_allotment":24900,"village_name":"Dhanauri","khasra_no":"1507,1520","longitude":77.61366000000001,"latitude":28.33926655,"authority":"YEIDA","category":"residential","execution_stage":"allotted"}},{"type":"Feature","geometry":{"type":"Polygon","coordinates":[[[77.613833,28.339484],[77.613835,28.339592],[77.613587,28.339595],[77.613585,28.339488],[77.613833,28.339484]]]},"properties":{"objectid":2036,"uniqueplotid":"PLNGRESIDENTIAL2036","plotmap_id":"SECTOR-16_497_G_RESI","plotidentificationnumber":"497","plotno":"497","industrysector":"SECTOR-16","block":"G","plotsize":"300 SQMT","plotsize_at_the_time_of_allotme":"300 SQMT","landuse_type":"RESIDENTIAL","landuse_subcategory":"RESIDENTIAL","scheme_cod":"RPS07","investment":0,"employment":0,"plotstatus":"Allotted","landallotementstatus":"SOLD","landallotementtype":"ALLOTTED","allotmentid":"RPS071973","allotment_date":1698777000000,"rate_of_allotment":24900,"village_name":"Dhanauri","khasra_no":"1507,1494","longitude":77.61371021999999,"latitude":28.33953967,"authority":"YEIDA","category":"residential","execution_stage":"allotted"}},{"type":"Feature","geometry":{"type":"Polygon","coordinates":[[[77.613837,28.339152],[77.613841,28.339376],[77.613722,28.339378],[77.613717,28.339153],[77.613837,28.339152]]]},"properties":{"objectid":2037,"uniqueplotid":"PLNGRESIDENTIAL2037","plotmap_id":"SECTOR-16_487_G_RESI","plotidentificationnumber":"487","plotno":"487","industrysector":"SECTOR-16","block":"G","plotsize":"300 SQMT","plotsize_at_the_time_of_allotme":"300 SQMT","landuse_type":"RESIDENTIAL","landuse_subcategory":"RESIDENTIAL","scheme_cod":"RPS07","investment":0,"employment":0,"plotstatus":"Allotted","landallotementstatus":"SOLD","landallotementtype":"ALLOTTED","allotmentid":"RPS072037","allotment_date":1698777000000,"rate_of_allotment":24900,"village_name":"Dhanauri","khasra_no":"1521,1507,1494,1520","longitude":77.61377918999999,"latitude":28.339264810000003,"authority":"YEIDA","category":"residential","execution_stage":"allotted"}},{"type":"Feature","geometry":{"type":"Polygon","coordinates":[[[77.614082,28.33948],[77.614084,28.339588],[77.613835,28.339592],[77.613833,28.339484],[77.614082,28.33948]]]},"properties":{"objectid":2038,"uniqueplotid":"PLNGRESIDENTIAL2038","plotmap_id":"SECTOR-16_502_G_RESI","plotidentificationnumber":"502","plotno":"502","industrysector":"SECTOR-16","block":"G","plotsize":"300 SQMT","plotsize_at_the_time_of_allotme":"300 SQMT","landuse_type":"RESIDENTIAL","landuse_subcategory":"RESIDENTIAL","scheme_cod":"RPS07","investment":0,"employment":0,"plotstatus":"Allotted","landallotementstatus":"SOLD","landallotementtype":"ALLOTTED","allotmentid":"RPS071997","allotment_date":1698777000000,"rate_of_allotment":24900,"village_name":"Dhanauri","khasra_no":"1494","longitude":77.61395854,"latitude":28.33953606,"authority":"YEIDA","category":"residential","execution_stage":"allotted"}},{"type":"Feature","geometry":{"type":"Polygon","coordinates":[[[77.613835,28.339592],[77.613838,28.339699],[77.613589,28.339703],[77.613587,28.339595],[77.613835,28.339592]]]},"properties":{"objectid":2039,"uniqueplotid":"PLNGRESIDENTIAL2039","plotmap_id":"SECTOR-16_498_G_RESI","plotidentificationnumber":"498","plotno":"498","industrysector":"SECTOR-16","block":"G","plotsize":"300 SQMT","plotsize_at_the_time_of_allotme":"300 SQMT","landuse_type":"RESIDENTIAL","landuse_subcategory":"RESIDENTIAL","scheme_cod":"RPS07","investment":0,"employment":0,"plotstatus":"Allotted","landallotementstatus":"SOLD","landallotementtype":"ALLOTTED","allotmentid":"RPS072022","allotment_date":1698777000000,"rate_of_allotment":24900,"village_name":"Dhanauri","khasra_no":"1494","longitude":77.6137124,"latitude":28.339647380000002,"authority":"YEIDA","category":"residential","execution_stage":"allotted"}},{"type":"Feature","geometry":{"type":"Polygon","coordinates":[[[77.614084,28.339588],[77.614086,28.339696],[77.613838,28.339699],[77.613835,28.339592],[77.614084,28.339588]]]},"properties":{"objectid":2040,"uniqueplotid":"PLNGRESIDENTIAL2040","plotmap_id":"SECTOR-16_503_G_RESI","plotidentificationnumber":"503","plotno":"503","industrysector":"SECTOR-16","block":"G","plotsize":"300 SQMT","plotsize_at_the_time_of_allotme":"300 SQMT","landuse_type":"RESIDENTIAL","landuse_subcategory":"RESIDENTIAL","scheme_cod":"RPS07","investment":0,"employment":0,"plotstatus":"Allotted","landallotementstatus":"SOLD","landallotementtype":"ALLOTTED","allotmentid":"RPS071986","allotment_date":1698777000000,"rate_of_allotment":24900,"village_name":"Dhanauri","khasra_no":"1494","longitude":77.61396072,"latitude":28.339643770000002,"authority":"YEIDA","category":"residential","execution_stage":"allotted"}},{"type":"Feature","geometry":{"type":"Polygon","coordinates":[[[77.613838,28.339699],[77.61384,28.339807],[77.613592,28.339811],[77.613589,28.339703],[77.613838,28.339699]]]},"properties":{"objectid":2041,"uniqueplotid":"PLNGRESIDENTIAL2041","plotmap_id":"SECTOR-16_499_G_RESI","plotidentificationnumber":"499","plotno":"499","industrysector":"SECTOR-16","block":"G","plotsize":"300 SQMT","plotsize_at_the_time_of_allotme":"300 SQMT","landuse_type":"RESIDENTIAL","landuse_subcategory":"RESIDENTIAL","scheme_cod":"RPS07","investment":0,"employment":0,"plotstatus":"Allotted","landallotementstatus":"SOLD","landallotementtype":"ALLOTTED","allotmentid":"RPS071954","allotment_date":1698777000000,"rate_of_allotment":24900,"village_name":"Dhanauri","khasra_no":"1494","longitude":77.61371457,"latitude":28.33975509,"authority":"YEIDA","category":"residential","execution_stage":"allotted"}},{"type":"Feature","geometry":{"type":"Polygon","coordinates":[[[77.614086,28.339696],[77.614088,28.339804],[77.61384,28.339807],[77.613838,28.339699],[77.614086,28.339696]]]},"properties":{"objectid":2042,"uniqueplotid":"PLNGRESIDENTIAL2042","plotmap_id":"SECTOR-16_504_G_RESI","plotidentificationnumber":"504","plotno":"504","industrysector":"SECTOR-16","block":"G","plotsize":"300 SQMT","plotsize_at_the_time_of_allotme":"300 SQMT","landuse_type":"RESIDENTIAL","landuse_subcategory":"RESIDENTIAL","scheme_cod":"RPS07","investment":0,"employment":0,"plotstatus":"Allotted","landallotementstatus":"SOLD","landallotementtype":"ALLOTTED","allotmentid":"RPS071957","allotment_date":1698777000000,"rate_of_allotment":24900,"village_name":"Dhanauri","khasra_no":"1494","longitude":77.61396289,"latitude":28.33975148,"authority":"YEIDA","category":"residential","execution_stage":"allotted"}},{"type":"Feature","geometry":{"type":"Polygon","coordinates":[[[77.61384,28.339807],[77.613842,28.339915],[77.613594,28.339918],[77.613592,28.339811],[77.61384,28.339807]]]},"properties":{"objectid":2043,"uniqueplotid":"PLNGRESIDENTIAL2043","plotmap_id":"SECTOR-16_500_G_RESI","plotidentificationnumber":"500","plotno":"500","industrysector":"SECTOR-16","block":"G","plotsize":"300 SQMT","plotsize_at_the_time_of_allotme":"300 SQMT","landuse_type":"RESIDENTIAL","landuse_subcategory":"RESIDENTIAL","scheme_cod":"RPS07","investment":0,"employment":0,"plotstatus":"Allotted","landallotementstatus":"SOLD","landallotementtype":"ALLOTTED","allotmentid":"RPS071958","allotment_date":1698777000000,"rate_of_allotment":24900,"village_name":"Dhanauri","khasra_no":"1494","longitude":77.61371675,"latitude":28.33986281,"authority":"YEIDA","category":"residential","execution_stage":"allotted"}},{"type":"Feature","geometry":{"type":"Polygon","coordinates":[[[77.614088,28.339804],[77.61409,28.339911],[77.613842,28.339915],[77.61384,28.339807],[77.614088,28.339804]]]},"properties":{"objectid":2044,"uniqueplotid":"PLNGRESIDENTIAL2044","plotmap_id":"SECTOR-16_505_G_RESI","plotidentificationnumber":"505","plotno":"505","industrysector":"SECTOR-16","block":"G","plotsize":"300 SQMT","plotsize_at_the_time_of_allotme":"300 SQMT","landuse_type":"RESIDENTIAL","landuse_subcategory":"RESIDENTIAL","scheme_cod":"RPS07","investment":0,"employment":0,"plotstatus":"Allotted","landallotementstatus":"SOLD","landallotementtype":"ALLOTTED","allotmentid":"RPS071951","allotment_date":1698777000000,"rate_of_allotment":24900,"village_name":"Dhanauri","khasra_no":"1494","longitude":77.61396507,"latitude":28.3398592,"authority":"YEIDA","category":"residential","execution_stage":"allotted"}},{"type":"Feature","geometry":{"type":"Polygon","coordinates":[[[77.613842,28.339915],[77.613844,28.340023],[77.613596,28.340026],[77.613594,28.339918],[77.613842,28.339915]]]},"properties":{"objectid":2045,"uniqueplotid":"PLNGRESIDENTIAL2045","plotmap_id":"SECTOR-16_501_G_RESI","plotidentificationnumber":"501","plotno":"501","industrysector":"SECTOR-16","block":"G","plotsize":"300 SQMT","plotsize_at_the_time_of_allotme":"300 SQMT","landuse_type":"RESIDENTIAL","landuse_subcategory":"RESIDENTIAL","scheme_cod":"RPS07","investment":0,"employment":0,"plotstatus":"Allotted","landallotementstatus":"SOLD","landallotementtype":"ALLOTTED","allotmentid":"RPS072073","allotment_date":1698777000000,"rate_of_allotment":24900,"village_name":"Dhanauri","khasra_no":"1500,1494","longitude":77.61371892999999,"latitude":28.33997052,"authority":"YEIDA","category":"residential","execution_stage":"allotted"}},{"type":"Feature","geometry":{"type":"Polygon","coordinates":[[[77.61409,28.339911],[77.614092,28.340019],[77.613844,28.340023],[77.613842,28.339915],[77.61409,28.339911]]]},"properties":{"objectid":2046,"uniqueplotid":"PLNGRESIDENTIAL2046","plotmap_id":"SECTOR-16_506_G_RESI","plotidentificationnumber":"506","plotno":"506","industrysector":"SECTOR-16","block":"G","plotsize":"300 SQMT","plotsize_at_the_time_of_allotme":"300 SQMT","landuse_type":"RESIDENTIAL","landuse_subcategory":"RESIDENTIAL","scheme_cod":"RPS07","investment":0,"employment":0,"plotstatus":"Allotted","landallotementstatus":"SOLD","landallotementtype":"ALLOTTED","allotmentid":"RPS071989","allotment_date":1698777000000,"rate_of_allotment":24900,"village_name":"Dhanauri","khasra_no":"1494","longitude":77.61396724000001,"latitude":28.33996691,"authority":"YEIDA","category":"residential","execution_stage":"allotted"}},{"type":"Feature","geometry":{"type":"Polygon","coordinates":[[[77.614092,28.340019],[77.614095,28.340127],[77.613846,28.34013],[77.613844,28.340023],[77.614092,28.340019]]]},"properties":{"objectid":2047,"uniqueplotid":"PLNGRESIDENTIAL2047","plotmap_id":"SECTOR-16_507_G_RESI","plotidentificationnumber":"507","plotno":"507","industrysector":"SECTOR-16","block":"G","plotsize":"300 SQMT","plotsize_at_the_time_of_allotme":"300 SQMT","landuse_type":"RESIDENTIAL","landuse_subcategory":"RESIDENTIAL","scheme_cod":"RPS07","investment":0,"employment":0,"plotstatus":"Allotted","landallotementstatus":"SOLD","landallotementtype":"ALLOTTED","allotmentid":"RPS072082","allotment_date":1698777000000,"rate_of_allotment":24900,"village_name":"Dhanauri","khasra_no":"1500,1494","longitude":77.61396942,"latitude":28.34007462,"authority":"YEIDA","category":"residential","execution_stage":"allotted"}},{"type":"Feature","geometry":{"type":"Polygon","coordinates":[[[77.614095,28.340127],[77.614097,28.340234],[77.613849,28.340238],[77.613846,28.34013],[77.614095,28.340127]]]},"properties":{"objectid":2048,"uniqueplotid":"PLNGRESIDENTIAL2048","plotmap_id":"SECTOR-16_508_G_RESI","plotidentificationnumber":"508","plotno":"508","industrysector":"SECTOR-16","block":"G","plotsize":"300 SQMT","plotsize_at_the_time_of_allotme":"300 SQMT","landuse_type":"RESIDENTIAL","landuse_subcategory":"RESIDENTIAL","scheme_cod":"RPS07","investment":0,"employment":0,"plotstatus":"Allotted","landallotementstatus":"SOLD","landallotementtype":"ALLOTTED","allotmentid":"RPS071999","allotment_date":1698777000000,"rate_of_allotment":24900,"village_name":"Dhanauri","khasra_no":"1500","longitude":77.61397159,"latitude":28.34018233,"authority":"YEIDA","category":"residential","execution_stage":"allotted"}},{"type":"Feature","geometry":{"type":"Polygon","coordinates":[[[77.614391,28.340033],[77.614395,28.340257],[77.614276,28.340259],[77.614272,28.340034],[77.614391,28.340033]]]},"properties":{"objectid":2049,"uniqueplotid":"PLNGRESIDENTIAL2049","plotmap_id":"SECTOR-16_522_G_RESI","plotidentificationnumber":"522","plotno":"522","industrysector":"SECTOR-16","block":"G","plotsize":"300 SQMT","plotsize_at_the_time_of_allotme":"300 SQMT","landuse_type":"RESIDENTIAL","landuse_subcategory":"RESIDENTIAL","scheme_cod":"RPS07","investment":0,"employment":0,"plotstatus":"Allotted","landallotementstatus":"SOLD","landallotementtype":"ALLOTTED","allotmentid":"RPS071964","allotment_date":1698777000000,"rate_of_allotment":24900,"village_name":"Dhanauri","khasra_no":"1500,1493","longitude":77.6143335,"latitude":28.34014565,"authority":"YEIDA","category":"residential","execution_stage":"allotted"}},{"type":"Feature","geometry":{"type":"Polygon","coordinates":[[[77.614395,28.340257],[77.6144,28.340481],[77.614281,28.340483],[77.614276,28.340259],[77.614395,28.340257]]]},"properties":{"objectid":2050,"uniqueplotid":"PLNGRESIDENTIAL2050","plotmap_id":"SECTOR-16_509_G_RESI","plotidentificationnumber":"509","plotno":"509","industrysector":"SECTOR-16","block":"G","plotsize":"300 SQMT","plotsize_at_the_time_of_allotme":"300 SQMT","landuse_type":"RESIDENTIAL","landuse_subcategory":"RESIDENTIAL","scheme_cod":"RPS07","investment":0,"employment":0,"plotstatus":"Allotted","landallotementstatus":"SOLD","landallotementtype":"ALLOTTED","allotmentid":"RPS071928","allotment_date":1698777000000,"rate_of_allotment":24900,"village_name":"Dhanauri","khasra_no":"1500","longitude":77.61433803,"latitude":28.34037005,"authority":"YEIDA","category":"residential","execution_stage":"allotted"}},{"type":"Feature","geometry":{"type":"Polygon","coordinates":[[[77.615106,28.340022],[77.615111,28.340247],[77.614991,28.340248],[77.614987,28.340024],[77.615106,28.340022]]]},"properties":{"objectid":2051,"uniqueplotid":"PLNGRESIDENTIAL2051","plotmap_id":"SECTOR-16_516_G_RESI","plotidentificationnumber":"516","plotno":"516","industrysector":"SECTOR-16","block":"G","plotsize":"300 SQMT","plotsize_at_the_time_of_allotme":"300 SQMT","landuse_type":"RESIDENTIAL","landuse_subcategory":"RESIDENTIAL","scheme_cod":"RPS07","investment":0,"employment":0,"plotstatus":"Allotted","landallotementstatus":"SOLD","landallotementtype":"ALLOTTED","allotmentid":"RPS071993","allotment_date":1698777000000,"rate_of_allotment":24900,"village_name":"Dhanauri","khasra_no":"1479,1493","longitude":77.61504866,"latitude":28.34013525,"authority":"YEIDA","category":"residential","execution_stage":"allotted"}},{"type":"Feature","geometry":{"type":"Polygon","coordinates":[[[77.615111,28.340247],[77.615115,28.340471],[77.614996,28.340473],[77.614991,28.340248],[77.615111,28.340247]]]},"properties":{"objectid":2052,"uniqueplotid":"PLNGRESIDENTIAL2052","plotmap_id":"SECTOR-16_515_G_RESI","plotidentificationnumber":"515","plotno":"515","industrysector":"SECTOR-16","block":"G","plotsize":"300 SQMT","plotsize_at_the_time_of_allotme":"300 SQMT","landuse_type":"RESIDENTIAL","landuse_subcategory":"RESIDENTIAL","scheme_cod":"RPS07","investment":0,"employment":0,"plotstatus":"Allotted","landallotementstatus":"SOLD","landallotementtype":"ALLOTTED","allotmentid":"RPS072005","allotment_date":1698777000000,"rate_of_allotment":24900,"village_name":"Dhanauri","khasra_no":"1479,1471,1493","longitude":77.61505319,"latitude":28.34035965,"authority":"YEIDA","category":"residential","execution_stage":"allotted"}},{"type":"Feature","geometry":{"type":"Polygon","coordinates":[[[77.61451,28.340031],[77.614515,28.340255],[77.614395,28.340257],[77.614391,28.340033],[77.61451,28.340031]]]},"properties":{"objectid":2053,"uniqueplotid":"PLNGRESIDENTIAL2053","plotmap_id":"SECTOR-16_521_G_RESI","plotidentificationnumber":"521","plotno":"521","industrysector":"SECTOR-16","block":"G","plotsize":"300 SQMT","plotsize_at_the_time_of_allotme":"300 SQMT","landuse_type":"RESIDENTIAL","landuse_subcategory":"RESIDENTIAL","scheme_cod":"RPS07","investment":0,"employment":0,"plotstatus":"Allotted","landallotementstatus":"SOLD","landallotementtype":"ALLOTTED","allotmentid":"RPS072089","allotment_date":1698777000000,"rate_of_allotment":24900,"village_name":"Dhanauri","khasra_no":"1500,1493","longitude":77.61445269000001,"latitude":28.34014392,"authority":"YEIDA","category":"residential","execution_stage":"allotted"}},{"type":"Feature","geometry":{"type":"Polygon","coordinates":[[[77.614515,28.340255],[77.614519,28.34048],[77.6144,28.340481],[77.614395,28.340257],[77.614515,28.340255]]]},"properties":{"objectid":2054,"uniqueplotid":"PLNGRESIDENTIAL2054","plotmap_id":"SECTOR-16_510_G_RESI","plotidentificationnumber":"510","plotno":"510","industrysector":"SECTOR-16","block":"G","plotsize":"300 SQMT","plotsize_at_the_time_of_allotme":"300 SQMT","landuse_type":"RESIDENTIAL","landuse_subcategory":"RESIDENTIAL","scheme_cod":"RPS07","investment":0,"employment":0,"plotstatus":"Allotted","landallotementstatus":"SOLD","landallotementtype":"ALLOTTED","allotmentid":"RPS071970","allotment_date":1698777000000,"rate_of_allotment":24900,"village_name":"Dhanauri","khasra_no":"1500","longitude":77.61445722,"latitude":28.34036832,"authority":"YEIDA","category":"residential","execution_stage":"allotted"}},{"type":"Feature","geometry":{"type":"Polygon","coordinates":[[[77.61498,28.339692],[77.614985,28.339916],[77.614865,28.339918],[77.614861,28.339694],[77.61498,28.339692]]]},"properties":{"objectid":2055,"uniqueplotid":"PLNGRESIDENTIAL2055","plotmap_id":"SECTOR-16_528_G_RESI","plotidentificationnumber":"528","plotno":"528","industrysector":"SECTOR-16","block":"G","plotsize":"300 SQMT","plotsize_at_the_time_of_allotme":"300 SQMT","landuse_type":"RESIDENTIAL","landuse_subcategory":"RESIDENTIAL","scheme_cod":"RPS07","investment":0,"employment":0,"plotstatus":"Allotted","landallotementstatus":"SOLD","landallotementtype":"ALLOTTED","allotmentid":"RPS072101","allotment_date":1698777000000,"rate_of_allotment":24900,"village_name":"Dhanauri","khasra_no":"1493,1494","longitude":77.61492276,"latitude":28.339804870000002,"authority":"YEIDA","category":"residential","execution_stage":"allotted"}},{"type":"Feature","geometry":{"type":"Polygon","coordinates":[[[77.614987,28.340024],[77.614991,28.340248],[77.614872,28.34025],[77.614868,28.340026],[77.614987,28.340024]]]},"properties":{"objectid":2056,"uniqueplotid":"PLNGRESIDENTIAL2056","plotmap_id":"SECTOR-16_517_G_RESI","plotidentificationnumber":"517","plotno":"517","industrysector":"SECTOR-16","block":"G","plotsize":"300 SQMT","plotsize_at_the_time_of_allotme":"300 SQMT","landuse_type":"RESIDENTIAL","landuse_subcategory":"RESIDENTIAL","scheme_cod":"RPS07","investment":0,"employment":0,"plotstatus":"Allotted","landallotementstatus":"SOLD","landallotementtype":"ALLOTTED","allotmentid":"RPS071963","allotment_date":1698777000000,"rate_of_allotment":24900,"village_name":"Dhanauri","khasra_no":"1493","longitude":77.61492946,"latitude":28.34013698,"authority":"YEIDA","category":"residential","execution_stage":"allotted"}},{"type":"Feature","geometry":{"type":"Polygon","coordinates":[[[77.614991,28.340248],[77.614996,28.340473],[77.614877,28.340474],[77.614872,28.34025],[77.614991,28.340248]]]},"properties":{"objectid":2057,"uniqueplotid":"PLNGRESIDENTIAL2057","plotmap_id":"SECTOR-16_514_G_RESI","plotidentificationnumber":"514","plotno":"514","industrysector":"SECTOR-16","block":"G","plotsize":"300 SQMT","plotsize_at_the_time_of_allotme":"300 SQMT","landuse_type":"RESIDENTIAL","landuse_subcategory":"RESIDENTIAL","scheme_cod":"RPS07","investment":0,"employment":0,"plotstatus":"Allotted","landallotementstatus":"SOLD","landallotementtype":"ALLOTTED","allotmentid":"RPS072029","allotment_date":1698777000000,"rate_of_allotment":24900,"village_name":"Dhanauri","khasra_no":"1479,1471,1493","longitude":77.61493399000001,"latitude":28.34036138,"authority":"YEIDA","category":"residential","execution_stage":"allotted"}},{"type":"Feature","geometry":{"type":"Polygon","coordinates":[[[77.614861,28.339694],[77.614865,28.339918],[77.614746,28.33992],[77.614742,28.339695],[77.614861,28.339694]]]},"properties":{"objectid":2058,"uniqueplotid":"PLNGRESIDENTIAL2058","plotmap_id":"SECTOR-16_527_G_RESI","plotidentificationnumber":"527","plotno":"527","industrysector":"SECTOR-16","block":"G","plotsize":"300 SQMT","plotsize_at_the_time_of_allotme":"300 SQMT","landuse_type":"RESIDENTIAL","landuse_subcategory":"RESIDENTIAL","scheme_cod":"RPS08","investment":0,"employment":0,"plotstatus":"Allotted","landallotementstatus":"SOLD","landallotementtype":"ALLOTTED","allotmentid":"RPS081170","allotment_date":1728585000000,"rate_of_allotment":25900,"village_name":"Dhanauri","khasra_no":"1493,1494","longitude":77.61480357,"latitude":28.3398066,"authority":"YEIDA","category":"residential","execution_stage":"allotted"}},{"type":"Feature","geometry":{"type":"Polygon","coordinates":[[[77.614868,28.340026],[77.614872,28.34025],[77.614753,28.340252],[77.614748,28.340027],[77.614868,28.340026]]]},"properties":{"objectid":2059,"uniqueplotid":"PLNGRESIDENTIAL2059","plotmap_id":"SECTOR-16_518_G_RESI","plotidentificationnumber":"518","plotno":"518","industrysector":"SECTOR-16","block":"G","plotsize":"300 SQMT","plotsize_at_the_time_of_allotme":"300 SQMT","landuse_type":"RESIDENTIAL","landuse_subcategory":"RESIDENTIAL","scheme_cod":"RPS07","investment":0,"employment":0,"plotstatus":"Allotted","landallotementstatus":"SOLD","landallotementtype":"ALLOTTED","allotmentid":"RPS071967","allotment_date":1698777000000,"rate_of_allotment":24900,"village_name":"Dhanauri","khasra_no":"1493","longitude":77.61481027,"latitude":28.34013872,"authority":"YEIDA","category":"residential","execution_stage":"allotted"}},{"type":"Feature","geometry":{"type":"Polygon","coordinates":[[[77.614872,28.34025],[77.614877,28.340474],[77.614757,28.340476],[77.614753,28.340252],[77.614872,28.34025]]]},"properties":{"objectid":2060,"uniqueplotid":"PLNGRESIDENTIAL2060","plotmap_id":"SECTOR-16_513_G_RESI","plotidentificationnumber":"513","plotno":"513","industrysector":"SECTOR-16","block":"G","plotsize":"300 SQMT","plotsize_at_the_time_of_allotme":"300 SQMT","landuse_type":"RESIDENTIAL","landuse_subcategory":"RESIDENTIAL","scheme_cod":"RPS07","investment":0,"employment":0,"plotstatus":"Allotted","landallotementstatus":"SOLD","landallotementtype":"ALLOTTED","allotmentid":"RPS072036","allotment_date":1698777000000,"rate_of_allotment":24900,"village_name":"Dhanauri","khasra_no":"1479,1471,1493","longitude":77.6148148,"latitude":28.34036312,"authority":"YEIDA","category":"residential","execution_stage":"allotted"}},{"type":"Feature","geometry":{"type":"Polygon","coordinates":[[[77.614748,28.340027],[77.614753,28.340252],[77.614634,28.340254],[77.614629,28.340029],[77.614748,28.340027]]]},"properties":{"objectid":2061,"uniqueplotid":"PLNGRESIDENTIAL2061","plotmap_id":"SECTOR-16_519_G_RESI","plotidentificationnumber":"519","plotno":"519","industrysector":"SECTOR-16","block":"G","plotsize":"300 SQMT","plotsize_at_the_time_of_allotme":"300 SQMT","landuse_type":"RESIDENTIAL","landuse_subcategory":"RESIDENTIAL","scheme_cod":"RPS07","investment":0,"employment":0,"plotstatus":"Allotted","landallotementstatus":"SOLD","landallotementtype":"ALLOTTED","allotmentid":"RPS072049","allotment_date":1698777000000,"rate_of_allotment":24900,"village_name":"Dhanauri","khasra_no":"1493","longitude":77.61469108,"latitude":28.34014045,"authority":"YEIDA","category":"residential","execution_stage":"allotted"}},{"type":"Feature","geometry":{"type":"Polygon","coordinates":[[[77.614753,28.340252],[77.614757,28.340476],[77.614638,28.340478],[77.614634,28.340254],[77.614753,28.340252]]]},"properties":{"objectid":2062,"uniqueplotid":"PLNGRESIDENTIAL2062","plotmap_id":"SECTOR-16_512_G_RESI","plotidentificationnumber":"512","plotno":"512","industrysector":"SECTOR-16","block":"G","plotsize":"300 SQMT","plotsize_at_the_time_of_allotme":"300 SQMT","landuse_type":"RESIDENTIAL","landuse_subcategory":"RESIDENTIAL","scheme_cod":"RPS07","investment":0,"employment":0,"plotstatus":"Allotted","landallotementstatus":"SOLD","landallotementtype":"ALLOTTED","allotmentid":"RPS071922","allotment_date":1698777000000,"rate_of_allotment":24900,"village_name":"Dhanauri","khasra_no":"1500,1493","longitude":77.61469561,"latitude":28.34036485,"authority":"YEIDA","category":"residential","execution_stage":"allotted"}},{"type":"Feature","geometry":{"type":"Polygon","coordinates":[[[77.614629,28.340029],[77.614634,28.340254],[77.614515,28.340255],[77.61451,28.340031],[77.614629,28.340029]]]},"properties":{"objectid":2063,"uniqueplotid":"PLNGRESIDENTIAL2063","plotmap_id":"SECTOR-16_520_G_RESI","plotidentificationnumber":"520","plotno":"520","industrysector":"SECTOR-16","block":"G","plotsize":"300 SQMT","plotsize_at_the_time_of_allotme":"300 SQMT","landuse_type":"RESIDENTIAL","landuse_subcategory":"RESIDENTIAL","scheme_cod":"RPS07","investment":0,"employment":0,"plotstatus":"Allotted","landallotementstatus":"SOLD","landallotementtype":"ALLOTTED","allotmentid":"RPS072086","allotment_date":1698777000000,"rate_of_allotment":24900,"village_name":"Dhanauri","khasra_no":"1500,1493","longitude":77.61457189000001,"latitude":28.34014218,"authority":"YEIDA","category":"residential","execution_stage":"allotted"}},{"type":"Feature","geometry":{"type":"Polygon","coordinates":[[[77.614634,28.340254],[77.614638,28.340478],[77.614519,28.34048],[77.614515,28.340255],[77.614634,28.340254]]]},"properties":{"objectid":2064,"uniqueplotid":"PLNGRESIDENTIAL2064","plotmap_id":"SECTOR-16_511_G_RESI","plotidentificationnumber":"511","plotno":"511","industrysector":"SECTOR-16","block":"G","plotsize":"300 SQMT","plotsize_at_the_time_of_allotme":"300 SQMT","landuse_type":"RESIDENTIAL","landuse_subcategory":"RESIDENTIAL","scheme_cod":"RPS07","investment":0,"employment":0,"plotstatus":"Allotted","landallotementstatus":"SOLD","landallotementtype":"ALLOTTED","allotmentid":"RPS072045","allotment_date":1698777000000,"rate_of_allotment":24900,"village_name":"Dhanauri","khasra_no":"1500,1493","longitude":77.61457642,"latitude":28.340366579999998,"authority":"YEIDA","category":"residential","execution_stage":"allotted"}},{"type":"Feature","geometry":{"type":"Polygon","coordinates":[[[77.614384,28.3397],[77.614389,28.339925],[77.614269,28.339927],[77.614265,28.339702],[77.614384,28.3397]]]},"properties":{"objectid":2065,"uniqueplotid":"PLNGRESIDENTIAL2065","plotmap_id":"SECTOR-16_523_G_RESI","plotidentificationnumber":"523","plotno":"523","industrysector":"SECTOR-16","block":"G","plotsize":"300 SQMT","plotsize_at_the_time_of_allotme":"300 SQMT","landuse_type":"RESIDENTIAL","landuse_subcategory":"RESIDENTIAL","scheme_cod":"RPS07","investment":0,"employment":0,"plotstatus":"Allotted","landallotementstatus":"SOLD","landallotementtype":"ALLOTTED","allotmentid":"RPS072093","allotment_date":1698777000000,"rate_of_allotment":24900,"village_name":"Dhanauri","khasra_no":"1494","longitude":77.61432995,"latitude":28.33981922,"authority":"YEIDA","category":"residential","execution_stage":"allotted"}},{"type":"Feature","geometry":{"type":"Polygon","coordinates":[[[77.615099,28.33969],[77.615104,28.339914],[77.614985,28.339916],[77.61498,28.339692],[77.615099,28.33969]]]},"properties":{"objectid":2066,"uniqueplotid":"PLNGRESIDENTIAL2066","plotmap_id":"SECTOR-16_529_G_RESI","plotidentificationnumber":"529","plotno":"529","industrysector":"SECTOR-16","block":"G","plotsize":"300 SQMT","plotsize_at_the_time_of_allotme":"300 SQMT","landuse_type":"RESIDENTIAL","landuse_subcategory":"RESIDENTIAL","scheme_cod":"RPS07","investment":0,"employment":0,"plotstatus":"Allotted","landallotementstatus":"SOLD","landallotementtype":"ALLOTTED","allotmentid":"RPS072026","allotment_date":1698777000000,"rate_of_allotment":24900,"village_name":"Dhanauri","khasra_no":"1492,1493","longitude":77.61504194999999,"latitude":28.33980314,"authority":"YEIDA","category":"residential","execution_stage":"allotted"}},{"type":"Feature","geometry":{"type":"Polygon","coordinates":[[[77.615218,28.339688],[77.615223,28.339913],[77.615104,28.339914],[77.615099,28.33969],[77.615218,28.339688]]]},"properties":{"objectid":2067,"uniqueplotid":"PLNGRESIDENTIAL2067","plotmap_id":"SECTOR-16_530_G_RESI","plotidentificationnumber":"530","plotno":"530","industrysector":"SECTOR-16","block":"G","plotsize":"300 SQMT","plotsize_at_the_time_of_allotme":"300 SQMT","landuse_type":"RESIDENTIAL","landuse_subcategory":"RESIDENTIAL","scheme_cod":"RPS07","investment":0,"employment":0,"plotstatus":"Allotted","landallotementstatus":"SOLD","landallotementtype":"ALLOTTED","allotmentid":"RPS071971","allotment_date":1698777000000,"rate_of_allotment":24900,"village_name":"Dhanauri","khasra_no":"1492,1493","longitude":77.61517144999999,"latitude":28.33981996,"authority":"YEIDA","category":"residential","execution_stage":"allotted"}},{"type":"Feature","geometry":{"type":"Polygon","coordinates":[[[77.614976,28.339467],[77.61498,28.339692],[77.614861,28.339694],[77.614856,28.339469],[77.614976,28.339467]]]},"properties":{"objectid":2068,"uniqueplotid":"PLNGRESIDENTIAL2068","plotmap_id":"SECTOR-16_533_G_RESI","plotidentificationnumber":"533","plotno":"533","industrysector":"SECTOR-16","block":"G","plotsize":"300 SQMT","plotsize_at_the_time_of_allotme":"300 SQMT","landuse_type":"RESIDENTIAL","landuse_subcategory":"RESIDENTIAL","scheme_cod":"RPS07","investment":0,"employment":0,"plotstatus":"Allotted","landallotementstatus":"SOLD","landallotementtype":"ALLOTTED","allotmentid":"RPS071932","allotment_date":1698777000000,"rate_of_allotment":24900,"village_name":"Dhanauri","khasra_no":"1491,1493,1494","longitude":77.61491823,"latitude":28.33958047,"authority":"YEIDA","category":"residential","execution_stage":"allotted"}},{"type":"Feature","geometry":{"type":"Polygon","coordinates":[[[77.615095,28.339466],[77.615099,28.33969],[77.61498,28.339692],[77.614976,28.339467],[77.615095,28.339466]]]},"properties":{"objectid":2069,"uniqueplotid":"PLNGRESIDENTIAL2069","plotmap_id":"SECTOR-16_532_G_RESI","plotidentificationnumber":"532","plotno":"532","industrysector":"SECTOR-16","block":"G","plotsize":"300 SQMT","plotsize_at_the_time_of_allotme":"300 SQMT","landuse_type":"RESIDENTIAL","landuse_subcategory":"RESIDENTIAL","scheme_cod":"RPS07","investment":0,"employment":0,"plotstatus":"Allotted","landallotementstatus":"SOLD","landallotementtype":"ALLOTTED","allotmentid":"RPS071952","allotment_date":1698777000000,"rate_of_allotment":24900,"village_name":"Dhanauri","khasra_no":"1491,1492,1493,1494","longitude":77.61503742,"latitude":28.33957874,"authority":"YEIDA","category":"residential","execution_stage":"allotted"}},{"type":"Feature","geometry":{"type":"Polygon","coordinates":[[[77.615214,28.339464],[77.615218,28.339688],[77.615099,28.33969],[77.615095,28.339466],[77.615214,28.339464]]]},"properties":{"objectid":2070,"uniqueplotid":"PLNGRESIDENTIAL2070","plotmap_id":"SECTOR-16_531_G_RESI","plotidentificationnumber":"531","plotno":"531","industrysector":"SECTOR-16","block":"G","plotsize":"300 SQMT","plotsize_at_the_time_of_allotme":"300 SQMT","landuse_type":"RESIDENTIAL","landuse_subcategory":"RESIDENTIAL","scheme_cod":"RPS07","investment":0,"employment":0,"plotstatus":"Allotted","landallotementstatus":"SOLD","landallotementtype":"ALLOTTED","allotmentid":"RPS072060","allotment_date":1698777000000,"rate_of_allotment":24900,"village_name":"Dhanauri","khasra_no":"1491,1492","longitude":77.61515661,"latitude":28.339577000000002,"authority":"YEIDA","category":"residential","execution_stage":"allotted"}},{"type":"Feature","geometry":{"type":"Polygon","coordinates":[[[77.61438,28.339476],[77.614384,28.3397],[77.614265,28.339702],[77.61426,28.339478],[77.61438,28.339476]]]},"properties":{"objectid":2071,"uniqueplotid":"PLNGRESIDENTIAL2071","plotmap_id":"SECTOR-16_538_G_RESI","plotidentificationnumber":"538","plotno":"538","industrysector":"SECTOR-16","block":"G","plotsize":"300 SQMT","plotsize_at_the_time_of_allotme":"300 SQMT","landuse_type":"RESIDENTIAL","landuse_subcategory":"RESIDENTIAL","scheme_cod":"RPS07","investment":0,"employment":0,"plotstatus":"Allotted","landallotementstatus":"SOLD","landallotementtype":"ALLOTTED","allotmentid":"RPS071941","allotment_date":1698777000000,"rate_of_allotment":24900,"village_name":"Dhanauri","khasra_no":"1494","longitude":77.61432226,"latitude":28.33958913,"authority":"YEIDA","category":"residential","execution_stage":"allotted"}},{"type":"Feature","geometry":{"type":"Polygon","coordinates":[[[77.614499,28.339474],[77.614503,28.339699],[77.614384,28.3397],[77.61438,28.339476],[77.614499,28.339474]]]},"properties":{"objectid":2072,"uniqueplotid":"PLNGRESIDENTIAL2072","plotmap_id":"SECTOR-16_537_G_RESI","plotidentificationnumber":"537","plotno":"537","industrysector":"SECTOR-16","block":"G","plotsize":"300 SQMT","plotsize_at_the_time_of_allotme":"300 SQMT","landuse_type":"RESIDENTIAL","landuse_subcategory":"RESIDENTIAL","scheme_cod":"RPS07","investment":0,"employment":0,"plotstatus":"Allotted","landallotementstatus":"SOLD","landallotementtype":"ALLOTTED","allotmentid":"RPS071980","allotment_date":1698777000000,"rate_of_allotment":24900,"village_name":"Dhanauri","khasra_no":"1494","longitude":77.61444146000001,"latitude":28.339587400000003,"authority":"YEIDA","category":"residential","execution_stage":"allotted"}},{"type":"Feature","geometry":{"type":"Polygon","coordinates":[[[77.614373,28.339144],[77.614377,28.339368],[77.614258,28.33937],[77.614254,28.339146],[77.614373,28.339144]]]},"properties":{"objectid":2073,"uniqueplotid":"PLNGRESIDENTIAL2073","plotmap_id":"SECTOR-16_539_G_RESI","plotidentificationnumber":"539","plotno":"539","industrysector":"SECTOR-16","block":"G","plotsize":"300 SQMT","plotsize_at_the_time_of_allotme":"300 SQMT","landuse_type":"RESIDENTIAL","landuse_subcategory":"RESIDENTIAL","scheme_cod":"RPS07","investment":0,"employment":0,"plotstatus":"Allotted","landallotementstatus":"SOLD","landallotementtype":"ALLOTTED","allotmentid":"RPS071921","allotment_date":1698777000000,"rate_of_allotment":24900,"village_name":"Dhanauri","khasra_no":"1494","longitude":77.61431556,"latitude":28.33925702,"authority":"YEIDA","category":"residential","execution_stage":"allotted"}},{"type":"Feature","geometry":{"type":"Polygon","coordinates":[[[77.61485,28.339137],[77.614854,28.339361],[77.614735,28.339363],[77.61473,28.339139],[77.61485,28.339137]]]},"properties":{"objectid":2074,"uniqueplotid":"PLNGRESIDENTIAL2074","plotmap_id":"SECTOR-16_543_G_RESI","plotidentificationnumber":"543","plotno":"543","industrysector":"SECTOR-16","block":"G","plotsize":"300 SQMT","plotsize_at_the_time_of_allotme":"300 SQMT","landuse_type":"RESIDENTIAL","landuse_subcategory":"RESIDENTIAL","scheme_cod":"RPS07","investment":0,"employment":0,"plotstatus":"Allotted","landallotementstatus":"SOLD","landallotementtype":"ALLOTTED","allotmentid":"RPS072063","allotment_date":1698777000000,"rate_of_allotment":24900,"village_name":"Dhanauri","khasra_no":"1491,1490","longitude":77.61479233,"latitude":28.33925009,"authority":"YEIDA","category":"residential","execution_stage":"allotted"}},{"type":"Feature","geometry":{"type":"Polygon","coordinates":[[[77.614969,28.339135],[77.614973,28.33936],[77.614854,28.339361],[77.61485,28.339137],[77.614969,28.339135]]]},"properties":{"objectid":2075,"uniqueplotid":"PLNGRESIDENTIAL2075","plotmap_id":"SECTOR-16_544_G_RESI","plotidentificationnumber":"544","plotno":"544","industrysector":"SECTOR-16","block":"G","plotsize":"300 SQMT","plotsize_at_the_time_of_allotme":"300 SQMT","landuse_type":"RESIDENTIAL","landuse_subcategory":"RESIDENTIAL","scheme_cod":"RPS07","investment":0,"employment":0,"plotstatus":"Allotted","landallotementstatus":"SOLD","landallotementtype":"ALLOTTED","allotmentid":"RPS071943","allotment_date":1698777000000,"rate_of_allotment":24900,"village_name":"Dhanauri","khasra_no":"1491,1490","longitude":77.61491152,"latitude":28.339248350000002,"authority":"YEIDA","category":"residential","execution_stage":"allotted"}},{"type":"Feature","geometry":{"type":"Polygon","coordinates":[[[77.615088,28.339134],[77.615093,28.339358],[77.614973,28.33936],[77.614969,28.339135],[77.615088,28.339134]]]},"properties":{"objectid":2076,"uniqueplotid":"PLNGRESIDENTIAL2076","plotmap_id":"SECTOR-16_545_G_RESI","plotidentificationnumber":"545","plotno":"545","industrysector":"SECTOR-16","block":"G","plotsize":"300 SQMT","plotsize_at_the_time_of_allotme":"300 SQMT","landuse_type":"RESIDENTIAL","landuse_subcategory":"RESIDENTIAL","scheme_cod":"RPS07","investment":0,"employment":0,"plotstatus":"Allotted","landallotementstatus":"SOLD","landallotementtype":"ALLOTTED","allotmentid":"RPS072053","allotment_date":1698777000000,"rate_of_allotment":24900,"village_name":"Dhanauri","khasra_no":"1491","longitude":77.61503071,"latitude":28.33924662,"authority":"YEIDA","category":"residential","execution_stage":"allotted"}},{"type":"Feature","geometry":{"type":"Polygon","coordinates":[[[77.614368,28.33892],[77.614373,28.339144],[77.614254,28.339146],[77.614249,28.338921],[77.614368,28.33892]]]},"properties":{"objectid":2077,"uniqueplotid":"PLNGRESIDENTIAL2077","plotmap_id":"SECTOR-16_552_G_RESI","plotidentificationnumber":"552","plotno":"552","industrysector":"SECTOR-16","block":"G","plotsize":"300 SQMT","plotsize_at_the_time_of_allotme":"300 SQMT","landuse_type":"RESIDENTIAL","landuse_subcategory":"RESIDENTIAL","scheme_cod":"RPS07","investment":0,"employment":0,"plotstatus":"Allotted","landallotementstatus":"SOLD","landallotementtype":"ALLOTTED","allotmentid":"RPS072068","allotment_date":1698777000000,"rate_of_allotment":24900,"village_name":"Dhanauri","khasra_no":"1521,1529,1507,1488,1494,1528","longitude":77.61431103,"latitude":28.33903261,"authority":"YEIDA","category":"residential","execution_stage":"allotted"}},{"type":"Feature","geometry":{"type":"Polygon","coordinates":[[[77.614488,28.338918],[77.614492,28.339142],[77.614373,28.339144],[77.614368,28.33892],[77.614488,28.338918]]]},"properties":{"objectid":2078,"uniqueplotid":"PLNGRESIDENTIAL2078","plotmap_id":"SECTOR-16_551_G_RESI","plotidentificationnumber":"551","plotno":"551","industrysector":"SECTOR-16","block":"G","plotsize":"300 SQMT","plotsize_at_the_time_of_allotme":"300 SQMT","landuse_type":"RESIDENTIAL","landuse_subcategory":"RESIDENTIAL","scheme_cod":"RPS07","investment":0,"employment":0,"plotstatus":"Allotted","landallotementstatus":"SOLD","landallotementtype":"ALLOTTED","allotmentid":"RPS071937","allotment_date":1698777000000,"rate_of_allotment":24900,"village_name":"Dhanauri","khasra_no":"1507,1488,1494,1490,1489","longitude":77.61443022,"latitude":28.33903088,"authority":"YEIDA","category":"residential","execution_stage":"allotted"}},{"type":"Feature","geometry":{"type":"Polygon","coordinates":[[[77.614845,28.338913],[77.61485,28.339137],[77.61473,28.339139],[77.614726,28.338914],[77.614845,28.338913]]]},"properties":{"objectid":2079,"uniqueplotid":"PLNGRESIDENTIAL2079","plotmap_id":"SECTOR-16_548_G_RESI","plotidentificationnumber":"548","plotno":"548","industrysector":"SECTOR-16","block":"G","plotsize":"300 SQMT","plotsize_at_the_time_of_allotme":"300 SQMT","landuse_type":"RESIDENTIAL","landuse_subcategory":"RESIDENTIAL","scheme_cod":"RPS07","investment":0,"employment":0,"plotstatus":"Allotted","landallotementstatus":"SOLD","landallotementtype":"ALLOTTED","allotmentid":"RPS071994","allotment_date":1698777000000,"rate_of_allotment":24900,"village_name":"Dhanauri","khasra_no":"1490","longitude":77.6147878,"latitude":28.33902568,"authority":"YEIDA","category":"residential","execution_stage":"allotted"}},{"type":"Feature","geometry":{"type":"Polygon","coordinates":[[[77.614964,28.338911],[77.614969,28.339135],[77.61485,28.339137],[77.614845,28.338913],[77.614964,28.338911]]]},"properties":{"objectid":2080,"uniqueplotid":"PLNGRESIDENTIAL2080","plotmap_id":"SECTOR-16_547_G_RESI","plotidentificationnumber":"547","plotno":"547","industrysector":"SECTOR-16","block":"G","plotsize":"300 SQMT","plotsize_at_the_time_of_allotme":"300 SQMT","landuse_type":"RESIDENTIAL","landuse_subcategory":"RESIDENTIAL","scheme_cod":"RPS07","investment":0,"employment":0,"plotstatus":"Allotted","landallotementstatus":"SOLD","landallotementtype":"ALLOTTED","allotmentid":"RPS071968","allotment_date":1698777000000,"rate_of_allotment":24900,"village_name":"Dhanauri","khasra_no":"1491,1490","longitude":77.61490699000001,"latitude":28.339023949999998,"authority":"YEIDA","category":"residential","execution_stage":"allotted"}},{"type":"Feature","geometry":{"type":"Polygon","coordinates":[[[77.615084,28.338909],[77.615088,28.339134],[77.614969,28.339135],[77.614964,28.338911],[77.615084,28.338909]]]},"properties":{"objectid":2081,"uniqueplotid":"PLNGRESIDENTIAL2081","plotmap_id":"SECTOR-16_546_G_RESI","plotidentificationnumber":"546","plotno":"546","industrysector":"SECTOR-16","block":"G","plotsize":"300 SQMT","plotsize_at_the_time_of_allotme":"300 SQMT","landuse_type":"RESIDENTIAL","landuse_subcategory":"RESIDENTIAL","scheme_cod":"RPS07","investment":0,"employment":0,"plotstatus":"Allotted","landallotementstatus":"SOLD","landallotementtype":"ALLOTTED","allotmentid":"RPS071960","allotment_date":1698777000000,"rate_of_allotment":24900,"village_name":"Dhanauri","khasra_no":"1491,1490","longitude":77.61502618,"latitude":28.33902222,"authority":"YEIDA","category":"residential","execution_stage":"allotted"}},{"type":"Feature","geometry":{"type":"Polygon","coordinates":[[[77.614361,28.338534],[77.614365,28.338758],[77.614246,28.33876],[77.614241,28.338535],[77.614361,28.338534]]]},"properties":{"objectid":2082,"uniqueplotid":"PLNGRESIDENTIAL2082","plotmap_id":"SECTOR-16_558_G_RESI","plotidentificationnumber":"558","plotno":"558","industrysector":"SECTOR-16","block":"G","plotsize":"300 SQMT","plotsize_at_the_time_of_allotme":"300 SQMT","landuse_type":"RESIDENTIAL","landuse_subcategory":"RESIDENTIAL","scheme_cod":"RPS07","investment":0,"employment":0,"plotstatus":"Allotted","landallotementstatus":"SOLD","landallotementtype":"ALLOTTED","allotmentid":"RPS072085","allotment_date":1698777000000,"rate_of_allotment":24900,"village_name":"Dhanauri","khasra_no":"1529","longitude":77.61430639,"latitude":28.33865232,"authority":"YEIDA","category":"residential","execution_stage":"allotted"}},{"type":"Feature","geometry":{"type":"Polygon","coordinates":[[[77.614837,28.338527],[77.614842,28.338751],[77.614723,28.338753],[77.614718,28.338528],[77.614837,28.338527]]]},"properties":{"objectid":2083,"uniqueplotid":"PLNGRESIDENTIAL2083","plotmap_id":"SECTOR-16_554_G_RESI","plotidentificationnumber":"554","plotno":"554","industrysector":"SECTOR-16","block":"G","plotsize":"300 SQMT","plotsize_at_the_time_of_allotme":"300 SQMT","landuse_type":"RESIDENTIAL","landuse_subcategory":"RESIDENTIAL","scheme_cod":"RPS07","investment":0,"employment":0,"plotstatus":"Allotted","landallotementstatus":"SOLD","landallotementtype":"ALLOTTED","allotmentid":"RPS071981","allotment_date":1698777000000,"rate_of_allotment":24900,"village_name":"Dhanauri","khasra_no":"1529,1487,1507,1486,1490,1489","longitude":77.61478,"latitude":28.33863971,"authority":"YEIDA","category":"residential","execution_stage":"allotted"}},{"type":"Feature","geometry":{"type":"Polygon","coordinates":[[[77.614957,28.338525],[77.614961,28.338749],[77.614842,28.338751],[77.614837,28.338527],[77.614957,28.338525]]]},"properties":{"objectid":2084,"uniqueplotid":"PLNGRESIDENTIAL2084","plotmap_id":"SECTOR-16_553_G_RESI","plotidentificationnumber":"553","plotno":"553","industrysector":"SECTOR-16","block":"G","plotsize":"300 SQMT","plotsize_at_the_time_of_allotme":"300 SQMT","landuse_type":"RESIDENTIAL","landuse_subcategory":"RESIDENTIAL","scheme_cod":"RPS07","investment":0,"employment":0,"plotstatus":"Allotted","landallotementstatus":"SOLD","landallotementtype":"ALLOTTED","allotmentid":"RPS071990","allotment_date":1698777000000,"rate_of_allotment":24900,"village_name":"Dhanauri","khasra_no":"1483,1529,1487,1507,1486,1490,1489","longitude":77.61490951,"latitude":28.338656529999998,"authority":"YEIDA","category":"residential","execution_stage":"allotted"}},{"type":"Feature","geometry":{"type":"Polygon","coordinates":[[[77.61326,28.334792],[77.613263,28.334974],[77.613166,28.334975],[77.613162,28.334793],[77.61326,28.334792]]]},"properties":{"objectid":2085,"uniqueplotid":"PLNGRESIDENTIAL2085","plotmap_id":"SECTOR-16_153_G_RESI","plotidentificationnumber":"153","plotno":"153","industrysector":"SECTOR-16","block":"G","plotsize":"200 SQMT","plotsize_at_the_time_of_allotme":"200 SQMT","landuse_type":"RESIDENTIAL","landuse_subcategory":"RESIDENTIAL","scheme_cod":"RPS07","investment":0,"employment":0,"plotstatus":"Allotted","landallotementstatus":"SOLD","landallotementtype":"ALLOTTED","allotmentid":"RPS071509","allotment_date":1698777000000,"rate_of_allotment":24900,"village_name":"Dhanauri","khasra_no":"1548","longitude":77.61321265000001,"latitude":28.33488309,"authority":"YEIDA","category":"residential","execution_stage":"allotted"}},{"type":"Feature","geometry":{"type":"Polygon","coordinates":[[[77.613162,28.334793],[77.613166,28.334975],[77.613067,28.334975],[77.613063,28.334794],[77.613162,28.334793]]]},"properties":{"objectid":2086,"uniqueplotid":"PLNGRESIDENTIAL2086","plotmap_id":"SECTOR-16_154_G_RESI","plotidentificationnumber":"154","plotno":"154","industrysector":"SECTOR-16","block":"G","plotsize":"200 SQMT","plotsize_at_the_time_of_allotme":"200 SQMT","landuse_type":"RESIDENTIAL","landuse_subcategory":"RESIDENTIAL","scheme_cod":"RPS07","investment":0,"employment":0,"plotstatus":"Allotted","landallotementstatus":"SOLD","landallotementtype":"ALLOTTED","allotmentid":"RPS071875","allotment_date":1698777000000,"rate_of_allotment":24900,"village_name":"Dhanauri","khasra_no":"1548,1577","longitude":77.61311454,"latitude":28.33488428,"authority":"YEIDA","category":"residential","execution_stage":"allotted"}},{"type":"Feature","geometry":{"type":"Polygon","coordinates":[[[77.61326,28.334792],[77.613366,28.33479],[77.613368,28.334973],[77.613263,28.334974],[77.61326,28.334792]]]},"properties":{"objectid":2087,"uniqueplotid":"PLNGRESIDENTIAL2087","plotmap_id":"SECTOR-16_152_G_RESI","plotidentificationnumber":"152","plotno":"152","industrysector":"SECTOR-16","block":"G","plotsize":"200 SQMT","plotsize_at_the_time_of_allotme":"200 SQMT","landuse_type":"RESIDENTIAL","landuse_subcategory":"RESIDENTIAL","scheme_cod":"RPS07","investment":0,"employment":0,"plotstatus":"Allotted","landallotementstatus":"SOLD","landallotementtype":"ALLOTTED","allotmentid":"RPS071715","allotment_date":1698777000000,"rate_of_allotment":24900,"village_name":"Dhanauri","khasra_no":"1548,1555","longitude":77.61331410999999,"latitude":28.334881980000002,"authority":"YEIDA","category":"residential","execution_stage":"allotted"}},{"type":"Feature","geometry":{"type":"Polygon","coordinates":[[[77.613529,28.343156],[77.613631,28.342715],[77.614237,28.343058],[77.614942,28.3434],[77.615798,28.343761],[77.616333,28.343951],[77.616524,28.344001],[77.616819,28.344042],[77.617063,28.344043],[77.617039,28.344177],[77.616235,28.346882],[77.612914,28.345822],[77.613529,28.343156]]]},"properties":{"objectid":2573,"uniqueplotid":"PLNGRESIDENTIAL2573","plotmap_id":"SECTOR-17_G.H.-11_FUTURE USE_RESI","plotidentificationnumber":"G.H.-11","plotno":"G.H.-11","industrysector":"SECTOR-17","block":"FUTURE USE","plotsize":"30.0 ACRE APPROX","landuse_type":"RESIDENTIAL","landuse_subcategory":"RESIDENTIAL","investment":0,"employment":0,"landallotementstatus":"VACANT","landallotementtype":"VACANT","village_name":"Dhanauri","khasra_no":"1417,1424,1425,1421,1461,1391,1368,1373,1370,1369,1367,1392,1416,1419,1420,1423,1410,1409,1408,1326,1365,1375,1363,1383,1386,1382,1381,1377,1384,1385,1376,1380,1378,1374,1364,1372,1371,1389,1390,1379,1387,1422,1388,1349,1333,1348,1327","longitude":77.61482227,"latitude":28.34473787,"authority":"YEIDA","category":"residential","execution_stage":"vacant"}},{"type":"Feature","geometry":{"type":"Polygon","coordinates":[[[77.616842,28.34484],[77.617039,28.344177],[77.617063,28.344043],[77.619043,28.343829],[77.619635,28.343739],[77.619699,28.343864],[77.620719,28.34541],[77.618573,28.347647],[77.616235,28.346882],[77.616842,28.34484]]]},"properties":{"objectid":3048,"uniqueplotid":"PLNGRESIDENTIAL3048","plotmap_id":"SECTOR-17_G.H.-10_FUTURE USE_RESI","plotidentificationnumber":"G.H.-10","plotno":"G.H.-10","industrysector":"SECTOR-17","block":"FUTURE USE","plotsize":"30.0 ACRE APPROX","landuse_type":"RESIDENTIAL","landuse_subcategory":"RESIDENTIAL","investment":0,"employment":0,"landallotementstatus":"VACANT","landallotementtype":"VACANT","village_name":"Thasrana,Dhanauri,Gadana","khasra_no":"1404,1401,1400,1394,1322,1325,1399,1392,1398,1409,1408,1405,1397,1396,1395,1317,1318,1320,1319,1393,1314,1326,1324,1323,1379,1387,1388,1349,1333,1331,1348,1330,1329,1328,1327,1321,1402,538,534,556,553,564,565,566,535,562,540,537,563,8,7,10,9,11","longitude":77.6184703,"latitude":28.3456082,"authority":"YEIDA","category":"residential","execution_stage":"vacant"}}]}
