{"type":"FeatureCollection","features":[{"type":"Feature","geometry":{"type":"Polygon","coordinates":[[[77.579075,28.301723],[77.579082,28.301948],[77.57896,28.30195],[77.578953,28.301726],[77.579075,28.301723]]]},"properties":{"objectid":6296,"uniqueplotid":"PLNGRESIDENTIAL6296","plotmap_id":"SECTOR-18_121_2C_RESI","plotidentificationnumber":"121","plotno":"121","industrysector":"SECTOR-18","block":"2C","plotsize":"300 SQMT","plotsize_at_the_time_of_allotme":"300 SQMT","landuse_type":"RESIDENTIAL","landuse_subcategory":"RESIDENTIAL","scheme_cod":"RES01","investment":0,"employment":0,"plotstatus":"Allotted","landallotementstatus":"SOLD","landallotementtype":"ALLOTTED","allotmentid":"YEA009949","lease_deed":"Y","lease_deed_date":1603132200000,"village_name":"Rampur Bangar","khasra_no":"448,447","longitude":77.57901763999999,"latitude":28.30183693,"authority":"YEIDA","category":"residential","execution_stage":"lease-recorded"}},{"type":"Feature","geometry":{"type":"Polygon","coordinates":[[[77.579197,28.301721],[77.579205,28.301945],[77.579082,28.301948],[77.579075,28.301723],[77.579197,28.301721]]]},"properties":{"objectid":6297,"uniqueplotid":"PLNGRESIDENTIAL6297","plotmap_id":"SECTOR-18_120_2C_RESI","plotidentificationnumber":"120","plotno":"120","industrysector":"SECTOR-18","block":"2C","plotsize":"300 SQMT","plotsize_at_the_time_of_allotme":"300 SQMT","landuse_type":"RESIDENTIAL","landuse_subcategory":"RESIDENTIAL","scheme_cod":"RES01","investment":0,"employment":0,"plotstatus":"Allotted","landallotementstatus":"SOLD","landallotementtype":"ALLOTTED","allotmentid":"YEA015036","village_name":"Rampur Bangar","khasra_no":"448,446,447","longitude":77.57913999,"latitude":28.30183416,"authority":"YEIDA","category":"residential","execution_stage":"allotted"}},{"type":"Feature","geometry":{"type":"Polygon","coordinates":[[[77.578457,28.30188],[77.57846,28.301988],[77.578204,28.301994],[77.578201,28.301886],[77.578457,28.30188]]]},"properties":{"objectid":6298,"uniqueplotid":"PLNGRESIDENTIAL6298","plotmap_id":"SECTOR-18_90_2C_RESI","plotidentificationnumber":"90","plotno":"90","industrysector":"SECTOR-18","block":"2C","plotsize":"300 SQMT","plotsize_at_the_time_of_allotme":"300 SQMT","landuse_type":"RESIDENTIAL","landuse_subcategory":"RESIDENTIAL","scheme_cod":"RES01","investment":0,"employment":0,"plotstatus":"Allotted","landallotementstatus":"SOLD","landallotementtype":"ALLOTTED","allotmentid":"YEA019752","lease_deed":"Y","lease_deed_date":1633285800000,"village_name":"Rampur Bangar","khasra_no":"449","longitude":77.57833056,"latitude":28.30193711,"authority":"YEIDA","category":"residential","execution_stage":"lease-recorded"}},{"type":"Feature","geometry":{"type":"Polygon","coordinates":[[[77.578702,28.30155],[77.578706,28.301658],[77.57845,28.301664],[77.578446,28.301556],[77.578702,28.30155]]]},"properties":{"objectid":6299,"uniqueplotid":"PLNGRESIDENTIAL6299","plotmap_id":"SECTOR-18_108_2C_RESI","plotidentificationnumber":"108","plotno":"108","industrysector":"SECTOR-18","block":"2C","plotsize":"300 SQMT","plotsize_at_the_time_of_allotme":"300 SQMT","landuse_type":"RESIDENTIAL","landuse_subcategory":"RESIDENTIAL","scheme_cod":"RES01","investment":0,"employment":0,"plotstatus":"Allotted","landallotementstatus":"SOLD","landallotementtype":"ALLOTTED","allotmentid":"YEA010396","lease_deed":"Y","lease_deed_date":1556821800000,"village_name":"Rampur Bangar","khasra_no":"449,448","longitude":77.57857618,"latitude":28.30160685,"authority":"YEIDA","category":"residential","execution_stage":"lease-recorded"}},{"type":"Feature","geometry":{"type":"Polygon","coordinates":[[[77.578446,28.301556],[77.57845,28.301664],[77.578194,28.301669],[77.578191,28.301561],[77.578446,28.301556]]]},"properties":{"objectid":6300,"uniqueplotid":"PLNGRESIDENTIAL6300","plotmap_id":"SECTOR-18_87_2C_RESI","plotidentificationnumber":"87","plotno":"87","industrysector":"SECTOR-18","block":"2C","plotsize":"300 SQMT","plotsize_at_the_time_of_allotme":"300 SQMT","landuse_type":"RESIDENTIAL","landuse_subcategory":"RESIDENTIAL","scheme_cod":"RES01","investment":0,"employment":0,"plotstatus":"Allotted","landallotementstatus":"SOLD","landallotementtype":"ALLOTTED","allotmentid":"YEA017214","village_name":"Rampur Bangar","khasra_no":"449","longitude":77.57832021,"latitude":28.30161246,"authority":"YEIDA","category":"residential","execution_stage":"allotted"}},{"type":"Feature","geometry":{"type":"Polygon","coordinates":[[[77.578693,28.301225],[77.578696,28.301333],[77.578441,28.301339],[77.578437,28.301231],[77.578693,28.301225]]]},"properties":{"objectid":6301,"uniqueplotid":"PLNGRESIDENTIAL6301","plotmap_id":"SECTOR-18_7_2C_RESI","plotidentificationnumber":"7","plotno":"7","industrysector":"SECTOR-18","block":"2C","plotsize":"300 SQMT","plotsize_at_the_time_of_allotme":"300 SQMT","landuse_type":"RESIDENTIAL","landuse_subcategory":"RESIDENTIAL","scheme_cod":"RES01","investment":0,"employment":0,"plotstatus":"Allotted","landallotementstatus":"SOLD","landallotementtype":"ALLOTTED","allotmentid":"YEA010910","lease_deed":"Y","lease_deed_date":1639074600000,"village_name":"Rampur Bangar","khasra_no":"448","longitude":77.57856696,"latitude":28.301281730000003,"authority":"YEIDA","category":"residential","execution_stage":"lease-recorded"}},{"type":"Feature","geometry":{"type":"Polygon","coordinates":[[[77.579688,28.301709],[77.579695,28.301934],[77.579572,28.301936],[77.579565,28.301712],[77.579688,28.301709]]]},"properties":{"objectid":6302,"uniqueplotid":"PLNGRESIDENTIAL6302","plotmap_id":"SECTOR-18_116_2C_RESI","plotidentificationnumber":"116","plotno":"116","industrysector":"SECTOR-18","block":"2C","plotsize":"300 SQMT","plotsize_at_the_time_of_allotme":"300 SQMT","landuse_type":"RESIDENTIAL","landuse_subcategory":"RESIDENTIAL","scheme_cod":"RES01","investment":0,"employment":0,"plotstatus":"Allotted","landallotementstatus":"SOLD","landallotementtype":"ALLOTTED","allotmentid":"YEA019867","village_name":"Rampur Bangar,Mirzapur","khasra_no":"504,432,445","longitude":77.57963004,"latitude":28.30182297,"authority":"YEIDA","category":"residential","execution_stage":"allotted"}},{"type":"Feature","geometry":{"type":"Polygon","coordinates":[[[77.580178,28.301698],[77.580185,28.301922],[77.580062,28.301925],[77.580056,28.301701],[77.580178,28.301698]]]},"properties":{"objectid":6303,"uniqueplotid":"PLNGRESIDENTIAL6303","plotmap_id":"SECTOR-18_112_2C_RESI","plotidentificationnumber":"112","plotno":"112","industrysector":"SECTOR-18","block":"2C","plotsize":"300 SQMT","plotsize_at_the_time_of_allotme":"300 SQMT","landuse_type":"RESIDENTIAL","landuse_subcategory":"RESIDENTIAL","scheme_cod":"RES01","investment":0,"employment":0,"plotstatus":"Allotted","landallotementstatus":"SOLD","landallotementtype":"ALLOTTED","allotmentid":"YEA017113","village_name":"Rampur Bangar,Mirzapur","khasra_no":"504,432,445","longitude":77.58012025000001,"latitude":28.30181177,"authority":"YEIDA","category":"residential","execution_stage":"allotted"}},{"type":"Feature","geometry":{"type":"Polygon","coordinates":[[[77.5803,28.301696],[77.580307,28.30192],[77.580185,28.301922],[77.580178,28.301698],[77.5803,28.301696]]]},"properties":{"objectid":6304,"uniqueplotid":"PLNGRESIDENTIAL6304","plotmap_id":"SECTOR-18_111_2C_RESI","plotidentificationnumber":"111","plotno":"111","industrysector":"SECTOR-18","block":"2C","plotsize":"300 SQMT","plotsize_at_the_time_of_allotme":"300 SQMT","landuse_type":"RESIDENTIAL","landuse_subcategory":"RESIDENTIAL","scheme_cod":"RES01","investment":0,"employment":0,"plotstatus":"Allotted","landallotementstatus":"SOLD","landallotementtype":"ALLOTTED","allotmentid":"YEA007951","lease_deed":"Y","lease_deed_date":1601317800000,"village_name":"Rampur Bangar,Mirzapur","khasra_no":"504,432,445","longitude":77.5802426,"latitude":28.30180899,"authority":"YEIDA","category":"residential","execution_stage":"lease-recorded"}},{"type":"Feature","geometry":{"type":"Polygon","coordinates":[[[77.580283,28.301136],[77.58029,28.301361],[77.580168,28.301364],[77.580161,28.301139],[77.580283,28.301136]]]},"properties":{"objectid":6305,"uniqueplotid":"PLNGRESIDENTIAL6305","plotmap_id":"SECTOR-18_62_2C_RESI","plotidentificationnumber":"62","plotno":"62","industrysector":"SECTOR-18","block":"2C","plotsize":"300 SQMT","plotsize_at_the_time_of_allotme":"300 SQMT","landuse_type":"RESIDENTIAL","landuse_subcategory":"RESIDENTIAL","scheme_cod":"RES01","investment":0,"employment":0,"plotstatus":"Allotted","landallotementstatus":"SOLD","landallotementtype":"ALLOTTED","allotmentid":"YEA007743","lease_deed":"Y","lease_deed_date":1553193000000,"village_name":"Mirzapur","khasra_no":"504","longitude":77.58022557000001,"latitude":28.301249990000002,"authority":"YEIDA","category":"residential","execution_stage":"lease-recorded"}},{"type":"Feature","geometry":{"type":"Polygon","coordinates":[[[77.580811,28.302009],[77.580814,28.302117],[77.580558,28.302123],[77.580554,28.302015],[77.580811,28.302009]]]},"properties":{"objectid":6306,"uniqueplotid":"PLNGRESIDENTIAL6306","plotmap_id":"SECTOR-18_165_2C_RESI","plotidentificationnumber":"165","plotno":"165","industrysector":"SECTOR-18","block":"2C","plotsize":"300 SQMT","plotsize_at_the_time_of_allotme":"300 SQMT","landuse_type":"RESIDENTIAL","landuse_subcategory":"RESIDENTIAL","scheme_cod":"RES01","investment":0,"employment":0,"plotstatus":"Allotted","landallotementstatus":"SOLD","landallotementtype":"ALLOTTED","allotmentid":"YEA015124","lease_deed":"Y","lease_deed_date":1672770600000,"village_name":"Rampur Bangar","khasra_no":"433,432,434","longitude":77.58068438000001,"latitude":28.302066019999998,"authority":"YEIDA","category":"residential","execution_stage":"lease-recorded"}},{"type":"Feature","geometry":{"type":"Polygon","coordinates":[[[77.58145,28.302212],[77.581454,28.30232],[77.581198,28.302326],[77.581194,28.302217],[77.58145,28.302212]]]},"properties":{"objectid":6307,"uniqueplotid":"PLNGRESIDENTIAL6307","plotmap_id":"SECTOR-18_193_2C_RESI","plotidentificationnumber":"193","plotno":"193","industrysector":"SECTOR-18","block":"2C","plotsize":"300 SQMT","plotsize_at_the_time_of_allotme":"300 SQMT","landuse_type":"RESIDENTIAL","landuse_subcategory":"RESIDENTIAL","scheme_cod":"RES01","investment":0,"employment":0,"plotstatus":"Allotted","landallotementstatus":"SOLD","landallotementtype":"ALLOTTED","allotmentid":"YEA011353","village_name":"Rampur Bangar","khasra_no":"441,436,442,434","longitude":77.58132406,"latitude":28.30226867,"authority":"YEIDA","category":"residential","execution_stage":"allotted"}},{"type":"Feature","geometry":{"type":"Polygon","coordinates":[[[77.58171,28.302314],[77.581713,28.302422],[77.581457,28.302428],[77.581454,28.30232],[77.58171,28.302314]]]},"properties":{"objectid":6308,"uniqueplotid":"PLNGRESIDENTIAL6308","plotmap_id":"SECTOR-18_207_2C_RESI","plotidentificationnumber":"207","plotno":"207","industrysector":"SECTOR-18","block":"2C","plotsize":"300 SQMT","plotsize_at_the_time_of_allotme":"300 SQMT","landuse_type":"RESIDENTIAL","landuse_subcategory":"RESIDENTIAL","scheme_cod":"RES01","investment":0,"employment":0,"plotstatus":"Allotted","landallotementstatus":"SOLD","landallotementtype":"ALLOTTED","allotmentid":"YEA004320","village_name":"Rampur Bangar","khasra_no":"441","longitude":77.58158346,"latitude":28.30237125,"authority":"YEIDA","category":"residential","execution_stage":"allotted"}},{"type":"Feature","geometry":{"type":"Polygon","coordinates":[[[77.579303,28.301159],[77.57931,28.301383],[77.579188,28.301386],[77.579181,28.301161],[77.579303,28.301159]]]},"properties":{"objectid":6309,"uniqueplotid":"PLNGRESIDENTIAL6309","plotmap_id":"SECTOR-18_54_2C_RESI","plotidentificationnumber":"54","plotno":"54","industrysector":"SECTOR-18","block":"2C","plotsize":"300 SQMT","plotsize_at_the_time_of_allotme":"300 SQMT","landuse_type":"RESIDENTIAL","landuse_subcategory":"RESIDENTIAL","scheme_cod":"RES01","investment":0,"employment":0,"plotstatus":"Allotted","landallotementstatus":"SOLD","landallotementtype":"ALLOTTED","allotmentid":"YEA018504","village_name":"Mirzapur","khasra_no":"504","longitude":77.57924532,"latitude":28.30127238,"authority":"YEIDA","category":"residential","execution_stage":"allotted"}},{"type":"Feature","geometry":{"type":"Polygon","coordinates":[[[77.581434,28.301671],[77.581437,28.301779],[77.58118,28.301784],[77.581177,28.301677],[77.581434,28.301671]]]},"properties":{"objectid":6310,"uniqueplotid":"PLNGRESIDENTIAL6310","plotmap_id":"SECTOR-18_188_2C_RESI","plotidentificationnumber":"188","plotno":"188","industrysector":"SECTOR-18","block":"2C","plotsize":"300 SQMT","plotsize_at_the_time_of_allotme":"300 SQMT","landuse_type":"RESIDENTIAL","landuse_subcategory":"RESIDENTIAL","scheme_cod":"RES01","investment":0,"employment":0,"plotstatus":"Allotted","landallotementstatus":"SOLD","landallotementtype":"ALLOTTED","allotmentid":"YEA006768","village_name":"Rampur Bangar","khasra_no":"444,443","longitude":77.5813071,"latitude":28.30172759,"authority":"YEIDA","category":"residential","execution_stage":"allotted"}},{"type":"Feature","geometry":{"type":"Polygon","coordinates":[[[77.580038,28.301142],[77.580045,28.301367],[77.579923,28.301369],[77.579916,28.301145],[77.580038,28.301142]]]},"properties":{"objectid":6311,"uniqueplotid":"PLNGRESIDENTIAL6311","plotmap_id":"SECTOR-18_60_2C_RESI","plotidentificationnumber":"60","plotno":"60","industrysector":"SECTOR-18","block":"2C","plotsize":"300 SQMT","plotsize_at_the_time_of_allotme":"300 SQMT","landuse_type":"RESIDENTIAL","landuse_subcategory":"RESIDENTIAL","scheme_cod":"RES01","investment":0,"employment":0,"plotstatus":"Allotted","landallotementstatus":"SOLD","landallotementtype":"ALLOTTED","allotmentid":"YEA009174","lease_deed":"Y","lease_deed_date":1574361000000,"village_name":"Mirzapur","khasra_no":"504","longitude":77.57998038999999,"latitude":28.301255610000002,"authority":"YEIDA","category":"residential","execution_stage":"lease-recorded"}},{"type":"Feature","geometry":{"type":"Polygon","coordinates":[[[77.580161,28.301139],[77.580168,28.301364],[77.580045,28.301367],[77.580038,28.301142],[77.580161,28.301139]]]},"properties":{"objectid":6312,"uniqueplotid":"PLNGRESIDENTIAL6312","plotmap_id":"SECTOR-18_61_2C_RESI","plotidentificationnumber":"61","plotno":"61","industrysector":"SECTOR-18","block":"2C","plotsize":"300 SQMT","plotsize_at_the_time_of_allotme":"300 SQMT","landuse_type":"RESIDENTIAL","landuse_subcategory":"RESIDENTIAL","scheme_cod":"RES01","investment":0,"employment":0,"plotstatus":"Allotted","landallotementstatus":"SOLD","landallotementtype":"ALLOTTED","allotmentid":"YEA018369","lease_deed":"Y","lease_deed_date":1615833000000,"village_name":"Mirzapur","khasra_no":"504","longitude":77.58010284,"latitude":28.30125277,"authority":"YEIDA","category":"residential","execution_stage":"lease-recorded"}},{"type":"Feature","geometry":{"type":"Polygon","coordinates":[[[77.580406,28.301133],[77.580413,28.301358],[77.58029,28.301361],[77.580283,28.301136],[77.580406,28.301133]]]},"properties":{"objectid":6313,"uniqueplotid":"PLNGRESIDENTIAL6313","plotmap_id":"SECTOR-18_63_2C_RESI","plotidentificationnumber":"63","plotno":"63","industrysector":"SECTOR-18","block":"2C","plotsize":"300 SQMT","plotsize_at_the_time_of_allotme":"300 SQMT","landuse_type":"RESIDENTIAL","landuse_subcategory":"RESIDENTIAL","scheme_cod":"RES01","investment":0,"employment":0,"plotstatus":"Allotted","landallotementstatus":"SOLD","landallotementtype":"ALLOTTED","allotmentid":"YEA020523","village_name":"Mirzapur","khasra_no":"504","longitude":77.58034817999999,"latitude":28.30124722,"authority":"YEIDA","category":"residential","execution_stage":"allotted"}},{"type":"Feature","geometry":{"type":"Polygon","coordinates":[[[77.581699,28.301989],[77.581703,28.302097],[77.581447,28.302103],[77.581444,28.301995],[77.581699,28.301989]]]},"properties":{"objectid":6314,"uniqueplotid":"PLNGRESIDENTIAL6314","plotmap_id":"SECTOR-18_210_2C_RESI","plotidentificationnumber":"210","plotno":"210","industrysector":"SECTOR-18","block":"2C","plotsize":"300 SQMT","plotsize_at_the_time_of_allotme":"300 SQMT","landuse_type":"RESIDENTIAL","landuse_subcategory":"RESIDENTIAL","scheme_cod":"RES01","investment":0,"employment":0,"plotstatus":"Allotted","landallotementstatus":"SOLD","landallotementtype":"ALLOTTED","allotmentid":"YEA014612","village_name":"Rampur Bangar","khasra_no":"441,442","longitude":77.58157332,"latitude":28.30204629,"authority":"YEIDA","category":"residential","execution_stage":"allotted"}},{"type":"Feature","geometry":{"type":"Polygon","coordinates":[[[77.581621,28.300771],[77.581628,28.300997],[77.581505,28.300999],[77.581498,28.300774],[77.581621,28.300771]]]},"properties":{"objectid":6315,"uniqueplotid":"PLNGRESIDENTIAL6315","plotmap_id":"SECTOR-18_32_2C_RESI","plotidentificationnumber":"32","plotno":"32","industrysector":"SECTOR-18","block":"2C","plotsize":"300 SQMT","plotsize_at_the_time_of_allotme":"300 SQMT","landuse_type":"RESIDENTIAL","landuse_subcategory":"RESIDENTIAL","scheme_cod":"RES01","investment":0,"employment":0,"plotstatus":"Allotted","landallotementstatus":"SOLD","landallotementtype":"ALLOTTED","allotmentid":"YEA005836","village_name":"Mirzapur","khasra_no":"511","longitude":77.58156316,"latitude":28.30088528,"authority":"YEIDA","category":"residential","execution_stage":"allotted"}},{"type":"Feature","geometry":{"type":"Polygon","coordinates":[[[77.581696,28.301881],[77.581699,28.301989],[77.581444,28.301995],[77.58144,28.301887],[77.581696,28.301881]]]},"properties":{"objectid":6316,"uniqueplotid":"PLNGRESIDENTIAL6316","plotmap_id":"SECTOR-18_211_2C_RESI","plotidentificationnumber":"211","plotno":"211","industrysector":"SECTOR-18","block":"2C","plotsize":"300 SQMT","plotsize_at_the_time_of_allotme":"300 SQMT","landuse_type":"RESIDENTIAL","landuse_subcategory":"RESIDENTIAL","scheme_cod":"RES01","investment":0,"employment":0,"plotstatus":"Allotted","landallotementstatus":"SOLD","landallotementtype":"ALLOTTED","allotmentid":"YEA020762","village_name":"Rampur Bangar","khasra_no":"441,442","longitude":77.58156993,"latitude":28.30193804,"authority":"YEIDA","category":"residential","execution_stage":"allotted"}},{"type":"Feature","geometry":{"type":"Polygon","coordinates":[[[77.581689,28.301665],[77.581693,28.301773],[77.581437,28.301779],[77.581434,28.301671],[77.581689,28.301665]]]},"properties":{"objectid":6317,"uniqueplotid":"PLNGRESIDENTIAL6317","plotmap_id":"SECTOR-18_213_2C_RESI","plotidentificationnumber":"213","plotno":"213","industrysector":"SECTOR-18","block":"2C","plotsize":"300 SQMT","plotsize_at_the_time_of_allotme":"300 SQMT","landuse_type":"RESIDENTIAL","landuse_subcategory":"RESIDENTIAL","scheme_cod":"RES01","investment":0,"employment":0,"plotstatus":"Allotted","landallotementstatus":"SOLD","landallotementtype":"ALLOTTED","allotmentid":"YEA019883","village_name":"Rampur Bangar,Mirzapur","khasra_no":"511,445,443,442","longitude":77.58156316,"latitude":28.30172175,"authority":"YEIDA","category":"residential","execution_stage":"allotted"}},{"type":"Feature","geometry":{"type":"Polygon","coordinates":[[[77.581008,28.300785],[77.581015,28.301011],[77.580893,28.301013],[77.580886,28.300788],[77.581008,28.300785]]]},"properties":{"objectid":6318,"uniqueplotid":"PLNGRESIDENTIAL6318","plotmap_id":"SECTOR-18_34_2C_RESI","plotidentificationnumber":"34","plotno":"34","industrysector":"SECTOR-18","block":"2C","plotsize":"300 SQMT","plotsize_at_the_time_of_allotme":"300 SQMT","landuse_type":"RESIDENTIAL","landuse_subcategory":"RESIDENTIAL","scheme_cod":"RES01","investment":0,"employment":0,"plotstatus":"Allotted","landallotementstatus":"SOLD","landallotementtype":"ALLOTTED","allotmentid":"YEA014153","lease_deed":"Y","lease_deed_date":1573151400000,"village_name":"Mirzapur","khasra_no":"511","longitude":77.58095038,"latitude":28.30089924,"authority":"YEIDA","category":"residential","execution_stage":"lease-recorded"}},{"type":"Feature","geometry":{"type":"Polygon","coordinates":[[[77.581703,28.302097],[77.581706,28.302206],[77.58145,28.302212],[77.581447,28.302103],[77.581703,28.302097]]]},"properties":{"objectid":6319,"uniqueplotid":"PLNGRESIDENTIAL6319","plotmap_id":"SECTOR-18_209_2C_RESI","plotidentificationnumber":"209","plotno":"209","industrysector":"SECTOR-18","block":"2C","plotsize":"300 SQMT","plotsize_at_the_time_of_allotme":"300 SQMT","landuse_type":"RESIDENTIAL","landuse_subcategory":"RESIDENTIAL","scheme_cod":"RES01","investment":0,"employment":0,"plotstatus":"Allotted","landallotementstatus":"SOLD","landallotementtype":"ALLOTTED","allotmentid":"YEA010998","village_name":"Rampur Bangar","khasra_no":"441","longitude":77.5815767,"latitude":28.30215455,"authority":"YEIDA","category":"residential","execution_stage":"allotted"}},{"type":"Feature","geometry":{"type":"Polygon","coordinates":[[[77.578434,28.301122],[77.578437,28.301231],[77.578182,28.301236],[77.578178,28.301128],[77.578434,28.301122]]]},"properties":{"objectid":6320,"uniqueplotid":"PLNGRESIDENTIAL6320","plotmap_id":"SECTOR-18_5_2C_RESI","plotidentificationnumber":"5","plotno":"5","industrysector":"SECTOR-18","block":"2C","plotsize":"300 SQMT","plotsize_at_the_time_of_allotme":"300 SQMT","landuse_type":"RESIDENTIAL","landuse_subcategory":"RESIDENTIAL","scheme_cod":"RES01","investment":0,"employment":0,"plotstatus":"Allotted","landallotementstatus":"SOLD","landallotementtype":"ALLOTTED","allotmentid":"YEA004191","lease_deed":"Y","lease_deed_date":1575311400000,"village_name":"Rampur Bangar","khasra_no":"449,448","longitude":77.57830790999999,"latitude":28.3011793,"authority":"YEIDA","category":"residential","execution_stage":"lease-recorded"}},{"type":"Feature","geometry":{"type":"Polygon","coordinates":[[[77.581124,28.300558],[77.581131,28.300782],[77.581008,28.300785],[77.581001,28.300561],[77.581124,28.300558]]]},"properties":{"objectid":6321,"uniqueplotid":"PLNGRESIDENTIAL6321","plotmap_id":"SECTOR-18_30_2C_RESI","plotidentificationnumber":"30","plotno":"30","industrysector":"SECTOR-18","block":"2C","plotsize":"300 SQMT","plotsize_at_the_time_of_allotme":"300 SQMT","landuse_type":"RESIDENTIAL","landuse_subcategory":"RESIDENTIAL","scheme_cod":"RES01","investment":0,"employment":0,"plotstatus":"Allotted","landallotementstatus":"SOLD","landallotementtype":"ALLOTTED","allotmentid":"YEA017720","village_name":"Mirzapur","khasra_no":"511","longitude":77.58106598,"latitude":28.30067171,"authority":"YEIDA","category":"residential","execution_stage":"allotted"}},{"type":"Feature","geometry":{"type":"Polygon","coordinates":[[[77.578679,28.300792],[77.578424,28.300798],[77.578418,28.300618],[77.578673,28.300612],[77.578679,28.300792]]]},"properties":{"objectid":6322,"uniqueplotid":"PLNGRESIDENTIAL6322","plotmap_id":"SECTOR-18_12_2C_RESI","plotidentificationnumber":"12","plotno":"12","industrysector":"SECTOR-18","block":"2C","plotsize":"300 SQMT","plotsize_at_the_time_of_allotme":"300 SQMT","landuse_type":"RESIDENTIAL","landuse_subcategory":"RESIDENTIAL","scheme_cod":"RES01","investment":0,"employment":0,"plotstatus":"Allotted","landallotementstatus":"SOLD","landallotementtype":"ALLOTTED","allotmentid":"YEA011279","village_name":"Rampur Bangar,Mirzapur","khasra_no":"503,445,446","longitude":77.57854882000001,"latitude":28.30070472,"authority":"YEIDA","category":"residential","execution_stage":"allotted"}},{"type":"Feature","geometry":{"type":"Polygon","coordinates":[[[77.580144,28.300581],[77.580151,28.300805],[77.580028,28.300807],[77.580021,28.300584],[77.580144,28.300581]]]},"properties":{"objectid":6323,"uniqueplotid":"PLNGRESIDENTIAL6323","plotmap_id":"SECTOR-18_22_2C_RESI","plotidentificationnumber":"22","plotno":"22","industrysector":"SECTOR-18","block":"2C","plotsize":"300 SQMT","plotsize_at_the_time_of_allotme":"300 SQMT","landuse_type":"RESIDENTIAL","landuse_subcategory":"RESIDENTIAL","scheme_cod":"RES01","investment":0,"employment":0,"plotstatus":"Allotted","landallotementstatus":"SOLD","landallotementtype":"ALLOTTED","allotmentid":"YEA018642","village_name":"Mirzapur","khasra_no":"504,505","longitude":77.58008588999999,"latitude":28.30069408,"authority":"YEIDA","category":"residential","execution_stage":"allotted"}},{"type":"Feature","geometry":{"type":"Polygon","coordinates":[[[77.580266,28.300578],[77.580273,28.300802],[77.580151,28.300805],[77.580144,28.300581],[77.580266,28.300578]]]},"properties":{"objectid":6324,"uniqueplotid":"PLNGRESIDENTIAL6324","plotmap_id":"SECTOR-18_23_2C_RESI","plotidentificationnumber":"23","plotno":"23","industrysector":"SECTOR-18","block":"2C","plotsize":"300 SQMT","plotsize_at_the_time_of_allotme":"300 SQMT","landuse_type":"RESIDENTIAL","landuse_subcategory":"RESIDENTIAL","scheme_cod":"RES01","investment":0,"employment":0,"plotstatus":"Allotted","landallotementstatus":"SOLD","landallotementtype":"ALLOTTED","allotmentid":"YEA006912","village_name":"Mirzapur","khasra_no":"504,505","longitude":77.5802084,"latitude":28.30069128,"authority":"YEIDA","category":"residential","execution_stage":"allotted"}},{"type":"Feature","geometry":{"type":"Polygon","coordinates":[[[77.580028,28.300807],[77.580035,28.301033],[77.579912,28.301036],[77.579906,28.30081],[77.580028,28.300807]]]},"properties":{"objectid":6325,"uniqueplotid":"PLNGRESIDENTIAL6325","plotmap_id":"SECTOR-18_42_2C_RESI","plotidentificationnumber":"42","plotno":"42","industrysector":"SECTOR-18","block":"2C","plotsize":"300 SQMT","plotsize_at_the_time_of_allotme":"300 SQMT","landuse_type":"RESIDENTIAL","landuse_subcategory":"RESIDENTIAL","scheme_cod":"RES01","investment":0,"employment":0,"plotstatus":"Allotted","landallotementstatus":"SOLD","landallotementtype":"ALLOTTED","allotmentid":"YEA013026","village_name":"Mirzapur","khasra_no":"504","longitude":77.57997028,"latitude":28.3009216,"authority":"YEIDA","category":"residential","execution_stage":"allotted"}},{"type":"Feature","geometry":{"type":"Polygon","coordinates":[[[77.580396,28.300799],[77.580403,28.301025],[77.58028,28.301027],[77.580273,28.300802],[77.580396,28.300799]]]},"properties":{"objectid":6327,"uniqueplotid":"PLNGRESIDENTIAL6327","plotmap_id":"SECTOR-18_39_2C_RESI","plotidentificationnumber":"39","plotno":"39","industrysector":"SECTOR-18","block":"2C","plotsize":"300 SQMT","plotsize_at_the_time_of_allotme":"300 SQMT","landuse_type":"RESIDENTIAL","landuse_subcategory":"RESIDENTIAL","scheme_cod":"RES01","investment":0,"employment":0,"plotstatus":"Allotted","landallotementstatus":"SOLD","landallotementtype":"ALLOTTED","allotmentid":"YEA006991","village_name":"Mirzapur","khasra_no":"504,505","longitude":77.58033782,"latitude":28.300913219999998,"authority":"YEIDA","category":"residential","execution_stage":"allotted"}},{"type":"Feature","geometry":{"type":"Polygon","coordinates":[[[77.579048,28.300829],[77.579055,28.301054],[77.578932,28.301057],[77.578925,28.300832],[77.579048,28.300829]]]},"properties":{"objectid":6328,"uniqueplotid":"PLNGRESIDENTIAL6328","plotmap_id":"SECTOR-18_49_2C_RESI","plotidentificationnumber":"49","plotno":"49","industrysector":"SECTOR-18","block":"2C","plotsize":"300 SQMT","plotsize_at_the_time_of_allotme":"300 SQMT","landuse_type":"RESIDENTIAL","landuse_subcategory":"RESIDENTIAL","scheme_cod":"RES01","investment":0,"employment":0,"plotstatus":"Allotted","landallotementstatus":"SOLD","landallotementtype":"ALLOTTED","allotmentid":"YEA010660","lease_deed":"Y","lease_deed_date":1635273000000,"village_name":"Mirzapur","khasra_no":"504","longitude":77.57899007,"latitude":28.300943089999997,"authority":"YEIDA","category":"residential","execution_stage":"lease-recorded"}},{"type":"Feature","geometry":{"type":"Polygon","coordinates":[[[77.578662,28.300448],[77.578407,28.300454],[77.578403,28.300326],[77.578658,28.30032],[77.578662,28.300448]]]},"properties":{"objectid":6341,"uniqueplotid":"PLNGRESIDENTIAL6341","plotmap_id":"SECTOR-18_108_2A_RESI","plotidentificationnumber":"108","plotno":"108","industrysector":"SECTOR-18","block":"2A","plotsize":"300 SQMT","plotsize_at_the_time_of_allotme":"300 SQMT","landuse_type":"RESIDENTIAL","landuse_subcategory":"RESIDENTIAL","scheme_cod":"RES01","investment":0,"employment":0,"plotstatus":"Allotted","landallotementstatus":"SOLD","landallotementtype":"ALLOTTED","allotmentid":"YEA020121","lease_deed":"Y","lease_deed_date":1675103400000,"village_name":"Mirzapur","khasra_no":"503,501","longitude":77.57853268000001,"latitude":28.30038682,"authority":"YEIDA","category":"residential","execution_stage":"lease-recorded"}},{"type":"Feature","geometry":{"type":"Polygon","coordinates":[[[77.578655,28.300211],[77.5784,28.300217],[77.578396,28.300109],[77.578651,28.300103],[77.578655,28.300211]]]},"properties":{"objectid":6347,"uniqueplotid":"PLNGRESIDENTIAL6347","plotmap_id":"SECTOR-18_110_2A_RESI","plotidentificationnumber":"110","plotno":"110","industrysector":"SECTOR-18","block":"2A","plotsize":"300 SQMT","plotsize_at_the_time_of_allotme":"300 SQMT","landuse_type":"RESIDENTIAL","landuse_subcategory":"RESIDENTIAL","scheme_cod":"RES01","investment":0,"employment":0,"plotstatus":"Allotted","landallotementstatus":"SOLD","landallotementtype":"ALLOTTED","allotmentid":"YEA015005","lease_deed":"Y","lease_deed_date":1579199400000,"village_name":"Mirzapur","khasra_no":"501","longitude":77.57852547,"latitude":28.30016028,"authority":"YEIDA","category":"residential","execution_stage":"lease-recorded"}},{"type":"Feature","geometry":{"type":"Polygon","coordinates":[[[77.579268,28.300209],[77.579145,28.300211],[77.579138,28.299986],[77.579261,28.299983],[77.579268,28.300209]]]},"properties":{"objectid":6348,"uniqueplotid":"PLNGRESIDENTIAL6348","plotmap_id":"SECTOR-18_235_2A_RESI","plotidentificationnumber":"235","plotno":"235","industrysector":"SECTOR-18","block":"2A","plotsize":"300 SQMT","plotsize_at_the_time_of_allotme":"300 SQMT","landuse_type":"RESIDENTIAL","landuse_subcategory":"RESIDENTIAL","scheme_cod":"RES01","investment":0,"employment":0,"plotstatus":"Allotted","landallotementstatus":"SOLD","landallotementtype":"ALLOTTED","allotmentid":"YEA009677","lease_deed":"Y","lease_deed_date":1608661800000,"village_name":"Mirzapur","khasra_no":"502,503,501","longitude":77.57920299,"latitude":28.30009721,"authority":"YEIDA","category":"residential","execution_stage":"lease-recorded"}},{"type":"Feature","geometry":{"type":"Polygon","coordinates":[[[77.578358,28.298918],[77.578103,28.298924],[77.5781,28.298816],[77.578355,28.29881],[77.578358,28.298918]]]},"properties":{"objectid":6349,"uniqueplotid":"PLNGRESIDENTIAL6349","plotmap_id":"SECTOR-18_93_2A_RESI","plotidentificationnumber":"93","plotno":"93","industrysector":"SECTOR-18","block":"2A","plotsize":"300 SQMT","plotsize_at_the_time_of_allotme":"300 SQMT","landuse_type":"RESIDENTIAL","landuse_subcategory":"RESIDENTIAL","scheme_cod":"RES01","investment":0,"employment":0,"plotstatus":"Allotted","landallotementstatus":"SOLD","landallotementtype":"ALLOTTED","allotmentid":"YEA014627","lease_deed":"Y","lease_deed_date":1648146600000,"village_name":"Mirzapur","khasra_no":"498","longitude":77.57822894,"latitude":28.29886702,"authority":"YEIDA","category":"residential","execution_stage":"lease-recorded"}},{"type":"Feature","geometry":{"type":"Polygon","coordinates":[[[77.578606,28.298696],[77.578351,28.298702],[77.578348,28.298593],[77.578603,28.298588],[77.578606,28.298696]]]},"properties":{"objectid":6350,"uniqueplotid":"PLNGRESIDENTIAL6350","plotmap_id":"SECTOR-18_124_2A_RESI","plotidentificationnumber":"124","plotno":"124","industrysector":"SECTOR-18","block":"2A","plotsize":"300 SQMT","plotsize_at_the_time_of_allotme":"300 SQMT","landuse_type":"RESIDENTIAL","landuse_subcategory":"RESIDENTIAL","scheme_cod":"RES01","investment":0,"employment":0,"plotstatus":"Allotted","landallotementstatus":"SOLD","landallotementtype":"ALLOTTED","allotmentid":"YEA007161","lease_deed":"Y","lease_deed_date":1601404200000,"village_name":"Mirzapur","khasra_no":"498","longitude":77.57847720000001,"latitude":28.29864468,"authority":"YEIDA","category":"residential","execution_stage":"lease-recorded"}},{"type":"Feature","geometry":{"type":"Polygon","coordinates":[[[77.5786,28.298479],[77.578344,28.298485],[77.578341,28.298377],[77.578596,28.298371],[77.5786,28.298479]]]},"properties":{"objectid":6351,"uniqueplotid":"PLNGRESIDENTIAL6351","plotmap_id":"SECTOR-18_126_2A_RESI","plotidentificationnumber":"126","plotno":"126","industrysector":"SECTOR-18","block":"2A","plotsize":"300 SQMT","plotsize_at_the_time_of_allotme":"300 SQMT","landuse_type":"RESIDENTIAL","landuse_subcategory":"RESIDENTIAL","scheme_cod":"RES01","investment":0,"employment":0,"plotstatus":"Allotted","landallotementstatus":"SOLD","landallotementtype":"ALLOTTED","allotmentid":"YEA011765","village_name":"Mirzapur","khasra_no":"497,498","longitude":77.5784703,"latitude":28.298428180000002,"authority":"YEIDA","category":"residential","execution_stage":"allotted"}},{"type":"Feature","geometry":{"type":"Polygon","coordinates":[[[77.578348,28.298593],[77.578093,28.298599],[77.578089,28.298491],[77.578344,28.298485],[77.578348,28.298593]]]},"properties":{"objectid":6352,"uniqueplotid":"PLNGRESIDENTIAL6352","plotmap_id":"SECTOR-18_90_2A_RESI","plotidentificationnumber":"90","plotno":"90","industrysector":"SECTOR-18","block":"2A","plotsize":"300 SQMT","plotsize_at_the_time_of_allotme":"300 SQMT","landuse_type":"RESIDENTIAL","landuse_subcategory":"RESIDENTIAL","scheme_cod":"RES01","investment":0,"employment":0,"plotstatus":"Allotted","landallotementstatus":"SOLD","landallotementtype":"ALLOTTED","allotmentid":"YEA011100","village_name":"Mirzapur","khasra_no":"498","longitude":77.5782186,"latitude":28.29854225,"authority":"YEIDA","category":"residential","execution_stage":"allotted"}},{"type":"Feature","geometry":{"type":"Polygon","coordinates":[[[77.578338,28.298269],[77.578341,28.298377],[77.578086,28.298383],[77.578082,28.298275],[77.578338,28.298269]]]},"properties":{"objectid":6353,"uniqueplotid":"PLNGRESIDENTIAL6353","plotmap_id":"SECTOR-18_88_2A_RESI","plotidentificationnumber":"88","plotno":"88","industrysector":"SECTOR-18","block":"2A","plotsize":"300 SQMT","plotsize_at_the_time_of_allotme":"300 SQMT","landuse_type":"RESIDENTIAL","landuse_subcategory":"RESIDENTIAL","scheme_cod":"RES01","investment":0,"employment":0,"plotstatus":"Allotted","landallotementstatus":"SOLD","landallotementtype":"ALLOTTED","allotmentid":"YEA011483","village_name":"Mirzapur","khasra_no":"498,496","longitude":77.5782117,"latitude":28.298325740000003,"authority":"YEIDA","category":"residential","execution_stage":"allotted"}},{"type":"Feature","geometry":{"type":"Polygon","coordinates":[[[77.579145,28.300211],[77.579023,28.300214],[77.579016,28.299989],[77.579138,28.299986],[77.579145,28.300211]]]},"properties":{"objectid":6355,"uniqueplotid":"PLNGRESIDENTIAL6355","plotmap_id":"SECTOR-18_234_2A_RESI","plotidentificationnumber":"234","plotno":"234","industrysector":"SECTOR-18","block":"2A","plotsize":"300 SQMT","plotsize_at_the_time_of_allotme":"300 SQMT","landuse_type":"RESIDENTIAL","landuse_subcategory":"RESIDENTIAL","scheme_cod":"RES01","investment":0,"employment":0,"plotstatus":"Allotted","landallotementstatus":"SOLD","landallotementtype":"ALLOTTED","allotmentid":"YEA006158","lease_deed":"Y","lease_deed_date":1552847400000,"village_name":"Mirzapur","khasra_no":"502,503,501","longitude":77.57908047999999,"latitude":28.30010001,"authority":"YEIDA","category":"residential","execution_stage":"lease-recorded"}},{"type":"Feature","geometry":{"type":"Polygon","coordinates":[[[77.579275,28.300434],[77.579153,28.300437],[77.579145,28.300211],[77.579268,28.300209],[77.579275,28.300434]]]},"properties":{"objectid":6356,"uniqueplotid":"PLNGRESIDENTIAL6356","plotmap_id":"SECTOR-18_273_2A_RESI","plotidentificationnumber":"273","plotno":"273","industrysector":"SECTOR-18","block":"2A","plotsize":"300 SQMT","plotsize_at_the_time_of_allotme":"300 SQMT","landuse_type":"RESIDENTIAL","landuse_subcategory":"RESIDENTIAL","scheme_cod":"RRPS01","investment":0,"employment":0,"plotstatus":"Allotted","landallotementstatus":"SOLD","landallotementtype":"ALLOTTED","allotmentid":"RRPS012773","lease_deed":"Y","lease_deed_date":1698863400000,"village_name":"Mirzapur","khasra_no":"502,503,504","longitude":77.57921017,"latitude":28.30032274,"authority":"YEIDA","category":"residential","execution_stage":"lease-recorded"}},{"type":"Feature","geometry":{"type":"Polygon","coordinates":[[[77.580133,28.300415],[77.58001,28.300417],[77.580003,28.300192],[77.580125,28.300189],[77.580133,28.300415]]]},"properties":{"objectid":6357,"uniqueplotid":"PLNGRESIDENTIAL6357","plotmap_id":"SECTOR-18_267_2A_RESI","plotidentificationnumber":"267","plotno":"267","industrysector":"SECTOR-18","block":"2A","plotsize":"300 SQMT","plotsize_at_the_time_of_allotme":"300 SQMT","landuse_type":"RESIDENTIAL","landuse_subcategory":"RESIDENTIAL","scheme_cod":"RES01","investment":0,"employment":0,"plotstatus":"Allotted","landallotementstatus":"SOLD","landallotementtype":"ALLOTTED","allotmentid":"YEA013632","village_name":"Mirzapur","khasra_no":"505,506","longitude":77.58006775999999,"latitude":28.30030317,"authority":"YEIDA","category":"residential","execution_stage":"allotted"}},{"type":"Feature","geometry":{"type":"Polygon","coordinates":[[[77.580378,28.300409],[77.580255,28.300412],[77.580248,28.300186],[77.58037,28.300183],[77.580378,28.300409]]]},"properties":{"objectid":6358,"uniqueplotid":"PLNGRESIDENTIAL6358","plotmap_id":"SECTOR-18_265_2A_RESI","plotidentificationnumber":"265","plotno":"265","industrysector":"SECTOR-18","block":"2A","plotsize":"300 SQMT","plotsize_at_the_time_of_allotme":"300 SQMT","landuse_type":"RESIDENTIAL","landuse_subcategory":"RESIDENTIAL","scheme_cod":"RES01","investment":0,"employment":0,"plotstatus":"Allotted","landallotementstatus":"SOLD","landallotementtype":"ALLOTTED","allotmentid":"YEA004466","lease_deed":"Y","lease_deed_date":1570645800000,"village_name":"Mirzapur","khasra_no":"505,506","longitude":77.58031278,"latitude":28.30029758,"authority":"YEIDA","category":"residential","execution_stage":"lease-recorded"}},{"type":"Feature","geometry":{"type":"Polygon","coordinates":[[[77.579618,28.299641],[77.579495,28.299644],[77.579488,28.299418],[77.57961,28.299415],[77.579618,28.299641]]]},"properties":{"objectid":6359,"uniqueplotid":"PLNGRESIDENTIAL6359","plotmap_id":"SECTOR-18_199_2A_RESI","plotidentificationnumber":"199","plotno":"199","industrysector":"SECTOR-18","block":"2A","plotsize":"300 SQMT","plotsize_at_the_time_of_allotme":"300 SQMT","landuse_type":"RESIDENTIAL","landuse_subcategory":"RESIDENTIAL","scheme_cod":"RES01","investment":0,"employment":0,"plotstatus":"Allotted","landallotementstatus":"SOLD","landallotementtype":"ALLOTTED","allotmentid":"YEA009567","lease_deed":"Y","lease_deed_date":1552415400000,"village_name":"Mirzapur","khasra_no":"500","longitude":77.5795527,"latitude":28.2995295,"authority":"YEIDA","category":"residential","execution_stage":"lease-recorded"}},{"type":"Feature","geometry":{"type":"Polygon","coordinates":[[[77.579365,28.299421],[77.579373,28.299646],[77.57925,28.299649],[77.579243,28.299424],[77.579365,28.299421]]]},"properties":{"objectid":6360,"uniqueplotid":"PLNGRESIDENTIAL6360","plotmap_id":"SECTOR-18_197_2A_RESI","plotidentificationnumber":"197","plotno":"197","industrysector":"SECTOR-18","block":"2A","plotsize":"300 SQMT","plotsize_at_the_time_of_allotme":"300 SQMT","landuse_type":"RESIDENTIAL","landuse_subcategory":"RESIDENTIAL","scheme_cod":"RES01","investment":0,"employment":0,"plotstatus":"Allotted","landallotementstatus":"SOLD","landallotementtype":"ALLOTTED","allotmentid":"YEA005987","lease_deed":"Y","lease_deed_date":1558549800000,"village_name":"Mirzapur","khasra_no":"500,501","longitude":77.57930768,"latitude":28.29953509,"authority":"YEIDA","category":"residential","execution_stage":"lease-recorded"}},{"type":"Feature","geometry":{"type":"Polygon","coordinates":[[[77.580107,28.299625],[77.579985,28.299628],[77.579978,28.299406],[77.5801,28.299403],[77.580107,28.299625]]]},"properties":{"objectid":6361,"uniqueplotid":"PLNGRESIDENTIAL6361","plotmap_id":"SECTOR-18_202_2A_RESI","plotidentificationnumber":"202","plotno":"202","industrysector":"SECTOR-18","block":"2A","plotsize":"300 SQMT","plotsize_at_the_time_of_allotme":"300 SQMT","landuse_type":"RESIDENTIAL","landuse_subcategory":"RESIDENTIAL","scheme_cod":"RES01","investment":0,"employment":0,"plotstatus":"Allotted","landallotementstatus":"SOLD","landallotementtype":"ALLOTTED","allotmentid":"YEA005120","village_name":"Mirzapur","khasra_no":"500,N/F","longitude":77.58004267,"latitude":28.29951551,"authority":"YEIDA","category":"residential","execution_stage":"allotted"}},{"type":"Feature","geometry":{"type":"Polygon","coordinates":[[[77.579863,28.299635],[77.57974,28.299638],[77.579733,28.299413],[77.579855,28.29941],[77.579863,28.299635]]]},"properties":{"objectid":6362,"uniqueplotid":"PLNGRESIDENTIAL6362","plotmap_id":"SECTOR-18_201_2A_RESI","plotidentificationnumber":"201","plotno":"201","industrysector":"SECTOR-18","block":"2A","plotsize":"300 SQMT","plotsize_at_the_time_of_allotme":"300 SQMT","landuse_type":"RESIDENTIAL","landuse_subcategory":"RESIDENTIAL","scheme_cod":"RES01","investment":0,"employment":0,"plotstatus":"Allotted","landallotementstatus":"SOLD","landallotementtype":"ALLOTTED","allotmentid":"YEA007329","village_name":"Mirzapur","khasra_no":"500","longitude":77.57979772,"latitude":28.299523909999998,"authority":"YEIDA","category":"residential","execution_stage":"allotted"}},{"type":"Feature","geometry":{"type":"Polygon","coordinates":[[[77.578882,28.299658],[77.57876,28.29966],[77.578753,28.299435],[77.578875,28.299432],[77.578882,28.299658]]]},"properties":{"objectid":6363,"uniqueplotid":"PLNGRESIDENTIAL6363","plotmap_id":"SECTOR-18_193_2A_RESI","plotidentificationnumber":"193","plotno":"193","industrysector":"SECTOR-18","block":"2A","plotsize":"300 SQMT","plotsize_at_the_time_of_allotme":"300 SQMT","landuse_type":"RESIDENTIAL","landuse_subcategory":"RESIDENTIAL","scheme_cod":"RES01","investment":0,"employment":0,"plotstatus":"Allotted","landallotementstatus":"SOLD","landallotementtype":"ALLOTTED","allotmentid":"YEA010467","village_name":"Mirzapur","khasra_no":"498,501","longitude":77.57881763,"latitude":28.299546279999998,"authority":"YEIDA","category":"residential","execution_stage":"allotted"}},{"type":"Feature","geometry":{"type":"Polygon","coordinates":[[[77.580342,28.29929],[77.580219,28.299293],[77.580212,28.299068],[77.580335,28.299065],[77.580342,28.29929]]]},"properties":{"objectid":6364,"uniqueplotid":"PLNGRESIDENTIAL6364","plotmap_id":"SECTOR-18_181_2A_RESI","plotidentificationnumber":"181","plotno":"181","industrysector":"SECTOR-18","block":"2A","plotsize":"300 SQMT","plotsize_at_the_time_of_allotme":"300 SQMT","landuse_type":"RESIDENTIAL","landuse_subcategory":"RESIDENTIAL","scheme_cod":"RES01","investment":0,"employment":0,"plotstatus":"Allotted","landallotementstatus":"SOLD","landallotementtype":"ALLOTTED","allotmentid":"YEA006330","village_name":"Mirzapur","khasra_no":"N/F,N/F","longitude":77.58027714,"latitude":28.29917894,"authority":"YEIDA","category":"residential","execution_stage":"allotted"}},{"type":"Feature","geometry":{"type":"Polygon","coordinates":[[[77.579582,28.298522],[77.579459,28.298525],[77.579452,28.298299],[77.579575,28.298297],[77.579582,28.298522]]]},"properties":{"objectid":6365,"uniqueplotid":"PLNGRESIDENTIAL6365","plotmap_id":"SECTOR-18_137_2A_RESI","plotidentificationnumber":"137","plotno":"137","industrysector":"SECTOR-18","block":"2A","plotsize":"300 SQMT","plotsize_at_the_time_of_allotme":"300 SQMT","landuse_type":"RESIDENTIAL","landuse_subcategory":"RESIDENTIAL","scheme_cod":"RES01","investment":0,"employment":0,"plotstatus":"Allotted","landallotementstatus":"SOLD","landallotementtype":"ALLOTTED","allotmentid":"YEA009474","lease_deed":"Y","lease_deed_date":1574274600000,"village_name":"Mirzapur","khasra_no":"499,N/F,N/F","longitude":77.57951704999999,"latitude":28.29841085,"authority":"YEIDA","category":"residential","execution_stage":"lease-recorded"}},{"type":"Feature","geometry":{"type":"Polygon","coordinates":[[[77.580115,28.299855],[77.579992,28.299858],[77.579985,28.299628],[77.580107,28.299625],[77.580115,28.299855]]]},"properties":{"objectid":6366,"uniqueplotid":"PLNGRESIDENTIAL6366","plotmap_id":"SECTOR-18_222_2A_RESI","plotidentificationnumber":"222","plotno":"222","industrysector":"SECTOR-18","block":"2A","plotsize":"300 SQMT","plotsize_at_the_time_of_allotme":"300 SQMT","landuse_type":"RESIDENTIAL","landuse_subcategory":"RESIDENTIAL","scheme_cod":"RES01","investment":0,"employment":0,"plotstatus":"Allotted","landallotementstatus":"SOLD","landallotementtype":"ALLOTTED","allotmentid":"YEA016710","lease_deed":"Y","lease_deed_date":1674412200000,"village_name":"Mirzapur","khasra_no":"500,506","longitude":77.58004985,"latitude":28.29974169,"authority":"YEIDA","category":"residential","execution_stage":"lease-recorded"}},{"type":"Feature","geometry":{"type":"Polygon","coordinates":[[[77.579005,28.299655],[77.579012,28.29988],[77.57889,28.299883],[77.578882,28.299658],[77.579005,28.299655]]]},"properties":{"objectid":6367,"uniqueplotid":"PLNGRESIDENTIAL6367","plotmap_id":"SECTOR-18_230_2A_RESI","plotidentificationnumber":"230","plotno":"230","industrysector":"SECTOR-18","block":"2A","plotsize":"300 SQMT","plotsize_at_the_time_of_allotme":"300 SQMT","landuse_type":"RESIDENTIAL","landuse_subcategory":"RESIDENTIAL","scheme_cod":"RES01","investment":0,"employment":0,"plotstatus":"Allotted","landallotementstatus":"SOLD","landallotementtype":"ALLOTTED","allotmentid":"YEA018681","lease_deed":"Y","lease_deed_date":1645122600000,"village_name":"Mirzapur","khasra_no":"501","longitude":77.57894733,"latitude":28.299769010000002,"authority":"YEIDA","category":"residential","execution_stage":"lease-recorded"}},{"type":"Feature","geometry":{"type":"Polygon","coordinates":[[[77.5796,28.299082],[77.579477,28.299084],[77.57947,28.298859],[77.579593,28.298856],[77.5796,28.299082]]]},"properties":{"objectid":6368,"uniqueplotid":"PLNGRESIDENTIAL6368","plotmap_id":"SECTOR-18_166_2A_RESI","plotidentificationnumber":"166","plotno":"166","industrysector":"SECTOR-18","block":"2A","plotsize":"300 SQMT","plotsize_at_the_time_of_allotme":"300 SQMT","landuse_type":"RESIDENTIAL","landuse_subcategory":"RESIDENTIAL","scheme_cod":"RES01","investment":0,"employment":0,"plotstatus":"Allotted","landallotementstatus":"SOLD","landallotementtype":"ALLOTTED","allotmentid":"YEA016679","lease_deed":"Y","lease_deed_date":1548959400000,"village_name":"Mirzapur","khasra_no":"499,500","longitude":77.57953488,"latitude":28.29897018,"authority":"YEIDA","category":"residential","execution_stage":"lease-recorded"}},{"type":"Feature","geometry":{"type":"Polygon","coordinates":[[[77.58009,28.29907],[77.579967,28.299073],[77.57996,28.298851],[77.580083,28.298848],[77.58009,28.29907]]]},"properties":{"objectid":6369,"uniqueplotid":"PLNGRESIDENTIAL6369","plotmap_id":"SECTOR-18_169_2A_RESI","plotidentificationnumber":"169","plotno":"169","industrysector":"SECTOR-18","block":"2A","plotsize":"300 SQMT","plotsize_at_the_time_of_allotme":"300 SQMT","landuse_type":"RESIDENTIAL","landuse_subcategory":"RESIDENTIAL","scheme_cod":"RES01","investment":0,"employment":0,"plotstatus":"Allotted","landallotementstatus":"SOLD","landallotementtype":"ALLOTTED","allotmentid":"YEA011481","village_name":"Mirzapur","khasra_no":"499,508/3,N/F","longitude":77.58002499,"latitude":28.29896059,"authority":"YEIDA","category":"residential","execution_stage":"allotted"}},{"type":"Feature","geometry":{"type":"Polygon","coordinates":[[[77.580335,28.299065],[77.580212,28.299068],[77.580205,28.298845],[77.580328,28.298841],[77.580335,28.299065]]]},"properties":{"objectid":6370,"uniqueplotid":"PLNGRESIDENTIAL6370","plotmap_id":"SECTOR-18_171_2A_RESI","plotidentificationnumber":"171","plotno":"171","industrysector":"SECTOR-18","block":"2A","plotsize":"300 SQMT","plotsize_at_the_time_of_allotme":"300 SQMT","landuse_type":"RESIDENTIAL","landuse_subcategory":"RESIDENTIAL","scheme_cod":"RES01","investment":0,"employment":0,"plotstatus":"Allotted","landallotementstatus":"SOLD","landallotementtype":"ALLOTTED","allotmentid":"YEA020925","village_name":"Mirzapur","khasra_no":"499,508/3,N/F,N/F","longitude":77.58027,"latitude":28.29895449,"authority":"YEIDA","category":"residential","execution_stage":"allotted"}},{"type":"Feature","geometry":{"type":"Polygon","coordinates":[[[77.579477,28.299084],[77.579484,28.29931],[77.579362,28.299313],[77.579355,28.299087],[77.579477,28.299084]]]},"properties":{"objectid":6371,"uniqueplotid":"PLNGRESIDENTIAL6371","plotmap_id":"SECTOR-18_187_2A_RESI","plotidentificationnumber":"187","plotno":"187","industrysector":"SECTOR-18","block":"2A","plotsize":"300 SQMT","plotsize_at_the_time_of_allotme":"300 SQMT","landuse_type":"RESIDENTIAL","landuse_subcategory":"RESIDENTIAL","scheme_cod":"RES01","investment":0,"employment":0,"plotstatus":"Allotted","landallotementstatus":"SOLD","landallotementtype":"ALLOTTED","allotmentid":"YEA005279","village_name":"Mirzapur","khasra_no":"500","longitude":77.57941955000001,"latitude":28.29919851,"authority":"YEIDA","category":"residential","execution_stage":"allotted"}},{"type":"Feature","geometry":{"type":"Polygon","coordinates":[[[77.579729,28.299304],[77.579607,28.299307],[77.5796,28.299082],[77.579722,28.299079],[77.579729,28.299304]]]},"properties":{"objectid":6372,"uniqueplotid":"PLNGRESIDENTIAL6372","plotmap_id":"SECTOR-18_185_2A_RESI","plotidentificationnumber":"185","plotno":"185","industrysector":"SECTOR-18","block":"2A","plotsize":"300 SQMT","plotsize_at_the_time_of_allotme":"300 SQMT","landuse_type":"RESIDENTIAL","landuse_subcategory":"RESIDENTIAL","scheme_cod":"RES01","investment":0,"employment":0,"plotstatus":"Allotted","landallotementstatus":"SOLD","landallotementtype":"ALLOTTED","allotmentid":"YEA005521","village_name":"Mirzapur","khasra_no":"499,500","longitude":77.57966458,"latitude":28.29919292,"authority":"YEIDA","category":"residential","execution_stage":"allotted"}},{"type":"Feature","geometry":{"type":"Polygon","coordinates":[[[77.580097,28.299296],[77.579974,28.299299],[77.579967,28.299073],[77.58009,28.29907],[77.580097,28.299296]]]},"properties":{"objectid":6373,"uniqueplotid":"PLNGRESIDENTIAL6373","plotmap_id":"SECTOR-18_183_2A_RESI","plotidentificationnumber":"183","plotno":"183","industrysector":"SECTOR-18","block":"2A","plotsize":"300 SQMT","plotsize_at_the_time_of_allotme":"300 SQMT","landuse_type":"RESIDENTIAL","landuse_subcategory":"RESIDENTIAL","scheme_cod":"RES01","investment":0,"employment":0,"plotstatus":"Allotted","landallotementstatus":"SOLD","landallotementtype":"ALLOTTED","allotmentid":"YEA015302","village_name":"Mirzapur","khasra_no":"499,N/F","longitude":77.58003211,"latitude":28.299184529999998,"authority":"YEIDA","category":"residential","execution_stage":"allotted"}},{"type":"Feature","geometry":{"type":"Polygon","coordinates":[[[77.579117,28.299318],[77.578994,28.299321],[77.578987,28.299096],[77.57911,28.299093],[77.579117,28.299318]]]},"properties":{"objectid":6374,"uniqueplotid":"PLNGRESIDENTIAL6374","plotmap_id":"SECTOR-18_190_2A_RESI","plotidentificationnumber":"190","plotno":"190","industrysector":"SECTOR-18","block":"2A","plotsize":"300 SQMT","plotsize_at_the_time_of_allotme":"300 SQMT","landuse_type":"RESIDENTIAL","landuse_subcategory":"RESIDENTIAL","scheme_cod":"RES01","investment":0,"employment":0,"plotstatus":"Allotted","landallotementstatus":"SOLD","landallotementtype":"ALLOTTED","allotmentid":"YEA008416","lease_deed":"Y","lease_deed_date":1563129000000,"village_name":"Mirzapur","khasra_no":"499,500","longitude":77.57905201999999,"latitude":28.29920689,"authority":"YEIDA","category":"residential","execution_stage":"lease-recorded"}},{"type":"Feature","geometry":{"type":"Polygon","coordinates":[[[77.578987,28.299096],[77.578994,28.299321],[77.578872,28.299324],[77.578865,28.299098],[77.578987,28.299096]]]},"properties":{"objectid":6375,"uniqueplotid":"PLNGRESIDENTIAL6375","plotmap_id":"SECTOR-18_191_2A_RESI","plotidentificationnumber":"191","plotno":"191","industrysector":"SECTOR-18","block":"2A","plotsize":"300 SQMT","plotsize_at_the_time_of_allotme":"300 SQMT","landuse_type":"RESIDENTIAL","landuse_subcategory":"RESIDENTIAL","scheme_cod":"RES01","investment":0,"employment":0,"plotstatus":"Allotted","landallotementstatus":"SOLD","landallotementtype":"ALLOTTED","allotmentid":"YEA006495","lease_deed":"Y","lease_deed_date":1558290600000,"village_name":"Mirzapur","khasra_no":"499,498,500","longitude":77.57892951000001,"latitude":28.299209689999998,"authority":"YEIDA","category":"residential","execution_stage":"lease-recorded"}},{"type":"Feature","geometry":{"type":"Polygon","coordinates":[[[77.579949,28.298514],[77.579827,28.298517],[77.57982,28.298291],[77.579942,28.298288],[77.579949,28.298514]]]},"properties":{"objectid":6376,"uniqueplotid":"PLNGRESIDENTIAL6376","plotmap_id":"SECTOR-18_140_2A_RESI","plotidentificationnumber":"140","plotno":"140","industrysector":"SECTOR-18","block":"2A","plotsize":"300 SQMT","plotsize_at_the_time_of_allotme":"300 SQMT","landuse_type":"RESIDENTIAL","landuse_subcategory":"RESIDENTIAL","scheme_cod":"RES01","investment":0,"employment":0,"plotstatus":"Allotted","landallotementstatus":"SOLD","landallotementtype":"ALLOTTED","allotmentid":"YEA015086","lease_deed":"Y","lease_deed_date":1601317800000,"village_name":"Mirzapur","khasra_no":"N/F,508/4","longitude":77.57988459,"latitude":28.298402460000002,"authority":"YEIDA","category":"residential","execution_stage":"lease-recorded"}},{"type":"Feature","geometry":{"type":"Polygon","coordinates":[[[77.578847,28.298539],[77.578724,28.298542],[77.578717,28.298316],[77.57884,28.298313],[77.578847,28.298539]]]},"properties":{"objectid":6377,"uniqueplotid":"PLNGRESIDENTIAL6377","plotmap_id":"SECTOR-18_131_2A_RESI","plotidentificationnumber":"131","plotno":"131","industrysector":"SECTOR-18","block":"2A","plotsize":"300 SQMT","plotsize_at_the_time_of_allotme":"300 SQMT","landuse_type":"RESIDENTIAL","landuse_subcategory":"RESIDENTIAL","scheme_cod":"RES01","investment":0,"employment":0,"plotstatus":"Allotted","landallotementstatus":"SOLD","landallotementtype":"ALLOTTED","allotmentid":"YEA007000","village_name":"Mirzapur","khasra_no":"497,499","longitude":77.57878198,"latitude":28.298427620000002,"authority":"YEIDA","category":"residential","execution_stage":"allotted"}},{"type":"Feature","geometry":{"type":"Polygon","coordinates":[[[77.579337,28.298528],[77.579344,28.298753],[77.579222,28.298756],[77.579214,28.298531],[77.579337,28.298528]]]},"properties":{"objectid":6378,"uniqueplotid":"PLNGRESIDENTIAL6378","plotmap_id":"SECTOR-18_155_2A_RESI","plotidentificationnumber":"155","plotno":"155","industrysector":"SECTOR-18","block":"2A","plotsize":"300 SQMT","plotsize_at_the_time_of_allotme":"300 SQMT","landuse_type":"RESIDENTIAL","landuse_subcategory":"RESIDENTIAL","scheme_cod":"RES01","investment":0,"employment":0,"plotstatus":"Allotted","landallotementstatus":"SOLD","landallotementtype":"ALLOTTED","allotmentid":"YEA019269","lease_deed":"Y","lease_deed_date":1601317800000,"village_name":"Mirzapur","khasra_no":"499","longitude":77.57927922,"latitude":28.29864198,"authority":"YEIDA","category":"residential","execution_stage":"lease-recorded"}},{"type":"Feature","geometry":{"type":"Polygon","coordinates":[[[77.580072,28.298511],[77.580079,28.298737],[77.579957,28.298739],[77.579949,28.298514],[77.580072,28.298511]]]},"properties":{"objectid":6379,"uniqueplotid":"PLNGRESIDENTIAL6379","plotmap_id":"SECTOR-18_149_2A_RESI","plotidentificationnumber":"149","plotno":"149","industrysector":"SECTOR-18","block":"2A","plotsize":"300 SQMT","plotsize_at_the_time_of_allotme":"300 SQMT","landuse_type":"RESIDENTIAL","landuse_subcategory":"RESIDENTIAL","scheme_cod":"RES01","investment":0,"employment":0,"plotstatus":"Allotted","landallotementstatus":"SOLD","landallotementtype":"ALLOTTED","allotmentid":"YEA014113","village_name":"Mirzapur","khasra_no":"508/4,508/3","longitude":77.58001429,"latitude":28.2986252,"authority":"YEIDA","category":"residential","execution_stage":"allotted"}},{"type":"Feature","geometry":{"type":"Polygon","coordinates":[[[77.580202,28.298734],[77.580079,28.298737],[77.580072,28.298511],[77.580194,28.298508],[77.580202,28.298734]]]},"properties":{"objectid":6380,"uniqueplotid":"PLNGRESIDENTIAL6380","plotmap_id":"SECTOR-18_148_2A_RESI","plotidentificationnumber":"148","plotno":"148","industrysector":"SECTOR-18","block":"2A","plotsize":"300 SQMT","plotsize_at_the_time_of_allotme":"300 SQMT","landuse_type":"RESIDENTIAL","landuse_subcategory":"RESIDENTIAL","scheme_cod":"RES01","investment":0,"employment":0,"plotstatus":"Allotted","landallotementstatus":"SOLD","landallotementtype":"ALLOTTED","allotmentid":"YEA006169","village_name":"Mirzapur","khasra_no":"508/4,508/3","longitude":77.5801368,"latitude":28.29862241,"authority":"YEIDA","category":"residential","execution_stage":"allotted"}},{"type":"Feature","geometry":{"type":"Polygon","coordinates":[[[77.578854,28.298765],[77.578732,28.298767],[77.578724,28.298542],[77.578847,28.298539],[77.578854,28.298765]]]},"properties":{"objectid":6381,"uniqueplotid":"PLNGRESIDENTIAL6381","plotmap_id":"SECTOR-18_159_2A_RESI","plotidentificationnumber":"159","plotno":"159","industrysector":"SECTOR-18","block":"2A","plotsize":"300 SQMT","plotsize_at_the_time_of_allotme":"300 SQMT","landuse_type":"RESIDENTIAL","landuse_subcategory":"RESIDENTIAL","scheme_cod":"RES01","investment":0,"employment":0,"plotstatus":"Allotted","landallotementstatus":"SOLD","landallotementtype":"ALLOTTED","allotmentid":"YEA016773","lease_deed":"Y","lease_deed_date":1638901800000,"village_name":"Mirzapur","khasra_no":"499,498","longitude":77.57878917,"latitude":28.29865316,"authority":"YEIDA","category":"residential","execution_stage":"lease-recorded"}},{"type":"Feature","geometry":{"type":"Polygon","coordinates":[[[77.578969,28.298536],[77.578977,28.298762],[77.578854,28.298765],[77.578847,28.298539],[77.578969,28.298536]]]},"properties":{"objectid":6382,"uniqueplotid":"PLNGRESIDENTIAL6382","plotmap_id":"SECTOR-18_158_2A_RESI","plotidentificationnumber":"158","plotno":"158","industrysector":"SECTOR-18","block":"2A","plotsize":"300 SQMT","plotsize_at_the_time_of_allotme":"300 SQMT","landuse_type":"RESIDENTIAL","landuse_subcategory":"RESIDENTIAL","scheme_cod":"RES01","investment":0,"employment":0,"plotstatus":"Allotted","landallotementstatus":"SOLD","landallotementtype":"ALLOTTED","allotmentid":"YEA018146","village_name":"Mirzapur","khasra_no":"499","longitude":77.57891168,"latitude":28.29865036,"authority":"YEIDA","category":"residential","execution_stage":"allotted"}},{"type":"Feature","geometry":{"type":"Polygon","coordinates":[[[77.580976,28.299944],[77.580983,28.300169],[77.58086,28.300172],[77.580853,28.299947],[77.580976,28.299944]]]},"properties":{"objectid":6383,"uniqueplotid":"PLNGRESIDENTIAL6383","plotmap_id":"SECTOR-18_248_2A_RESI","plotidentificationnumber":"248","plotno":"248","industrysector":"SECTOR-18","block":"2A","plotsize":"300 SQMT","plotsize_at_the_time_of_allotme":"300 SQMT","landuse_type":"RESIDENTIAL","landuse_subcategory":"RESIDENTIAL","scheme_cod":"RES01","investment":0,"employment":0,"plotstatus":"Allotted","landallotementstatus":"SOLD","landallotementtype":"ALLOTTED","allotmentid":"YEA017847","lease_deed":"Y","lease_deed_date":1640543400000,"village_name":"Mirzapur","khasra_no":"511,506,507","longitude":77.58091815,"latitude":28.300058070000002,"authority":"YEIDA","category":"residential","execution_stage":"lease-recorded"}},{"type":"Feature","geometry":{"type":"Polygon","coordinates":[[[77.580983,28.300169],[77.58099,28.300395],[77.580868,28.300398],[77.58086,28.300172],[77.580983,28.300169]]]},"properties":{"objectid":6384,"uniqueplotid":"PLNGRESIDENTIAL6384","plotmap_id":"SECTOR-18_260_2A_RESI","plotidentificationnumber":"260","plotno":"260","industrysector":"SECTOR-18","block":"2A","plotsize":"300 SQMT","plotsize_at_the_time_of_allotme":"300 SQMT","landuse_type":"RESIDENTIAL","landuse_subcategory":"RESIDENTIAL","scheme_cod":"RES01","investment":0,"employment":0,"plotstatus":"Allotted","landallotementstatus":"SOLD","landallotementtype":"ALLOTTED","allotmentid":"YEA005323","village_name":"Mirzapur","khasra_no":"511,506","longitude":77.58092534,"latitude":28.3002836,"authority":"YEIDA","category":"residential","execution_stage":"allotted"}},{"type":"Feature","geometry":{"type":"Polygon","coordinates":[[[77.580835,28.299387],[77.580843,28.299611],[77.58072,28.299614],[77.580713,28.29939],[77.580835,28.299387]]]},"properties":{"objectid":6385,"uniqueplotid":"PLNGRESIDENTIAL6385","plotmap_id":"SECTOR-18_208_2A_RESI","plotidentificationnumber":"208","plotno":"208","industrysector":"SECTOR-18","block":"2A","plotsize":"300 SQMT","plotsize_at_the_time_of_allotme":"300 SQMT","landuse_type":"RESIDENTIAL","landuse_subcategory":"RESIDENTIAL","scheme_cod":"RES01","investment":0,"employment":0,"plotstatus":"Allotted","landallotementstatus":"SOLD","landallotementtype":"ALLOTTED","allotmentid":"YEA013448","village_name":"Mirzapur","khasra_no":"N/F,N/F,507","longitude":77.58077779,"latitude":28.299500459999997,"authority":"YEIDA","category":"residential","execution_stage":"allotted"}},{"type":"Feature","geometry":{"type":"Polygon","coordinates":[[[77.580464,28.299288],[77.580342,28.29929],[77.580335,28.299065],[77.580457,28.299062],[77.580464,28.299288]]]},"properties":{"objectid":6386,"uniqueplotid":"PLNGRESIDENTIAL6386","plotmap_id":"SECTOR-18_180_2A_RESI","plotidentificationnumber":"180","plotno":"180","industrysector":"SECTOR-18","block":"2A","plotsize":"300 SQMT","plotsize_at_the_time_of_allotme":"300 SQMT","landuse_type":"RESIDENTIAL","landuse_subcategory":"RESIDENTIAL","scheme_cod":"RRPS01","investment":0,"employment":0,"plotstatus":"Allotted","landallotementstatus":"SOLD","landallotementtype":"ALLOTTED","allotmentid":"RRPS012898","village_name":"Mirzapur","khasra_no":"N/F,N/F,508/2","longitude":77.58039964999999,"latitude":28.29917614,"authority":"YEIDA","category":"residential","execution_stage":"allotted"}},{"type":"Feature","geometry":{"type":"Polygon","coordinates":[[[77.580317,28.298505],[77.580194,28.298508],[77.580187,28.298283],[77.58031,28.29828],[77.580317,28.298505]]]},"properties":{"objectid":6387,"uniqueplotid":"PLNGRESIDENTIAL6387","plotmap_id":"SECTOR-18_143_2A_RESI","plotidentificationnumber":"143","plotno":"143","industrysector":"SECTOR-18","block":"2A","plotsize":"300 SQMT","plotsize_at_the_time_of_allotme":"300 SQMT","landuse_type":"RESIDENTIAL","landuse_subcategory":"RESIDENTIAL","scheme_cod":"RES01","investment":0,"employment":0,"plotstatus":"Allotted","landallotementstatus":"SOLD","landallotementtype":"ALLOTTED","allotmentid":"YEA011660","village_name":"Mirzapur","khasra_no":"508/4,508/3,577","longitude":77.58025213,"latitude":28.29839408,"authority":"YEIDA","category":"residential","execution_stage":"allotted"}},{"type":"Feature","geometry":{"type":"Polygon","coordinates":[[[77.580692,28.298723],[77.580569,28.298725],[77.580562,28.2985],[77.580685,28.298497],[77.580692,28.298723]]]},"properties":{"objectid":6388,"uniqueplotid":"PLNGRESIDENTIAL6388","plotmap_id":"SECTOR-18_145_2A_RESI","plotidentificationnumber":"145","plotno":"145","industrysector":"SECTOR-18","block":"2A","plotsize":"300 SQMT","plotsize_at_the_time_of_allotme":"300 SQMT","landuse_type":"RESIDENTIAL","landuse_subcategory":"RESIDENTIAL","scheme_cod":"RES01","investment":0,"employment":0,"plotstatus":"Allotted","landallotementstatus":"SOLD","landallotementtype":"ALLOTTED","allotmentid":"YEA005938","village_name":"Mirzapur","khasra_no":"508/3","longitude":77.58062685,"latitude":28.29861123,"authority":"YEIDA","category":"residential","execution_stage":"allotted"}},{"type":"Feature","geometry":{"type":"Polygon","coordinates":[[[77.579793,28.301147],[77.5798,28.301372],[77.579678,28.301375],[77.579671,28.30115],[77.579793,28.301147]]]},"properties":{"objectid":6389,"uniqueplotid":"PLNGRESIDENTIAL6389","plotmap_id":"SECTOR-18_58_2C_RESI","plotidentificationnumber":"58","plotno":"58","industrysector":"SECTOR-18","block":"2C","plotsize":"300 SQMT","plotsize_at_the_time_of_allotme":"300 SQMT","landuse_type":"RESIDENTIAL","landuse_subcategory":"RESIDENTIAL","scheme_cod":"RES01","investment":0,"employment":0,"plotstatus":"Allotted","landallotementstatus":"SOLD","landallotementtype":"ALLOTTED","allotmentid":"YEA011055","village_name":"Mirzapur","khasra_no":"504","longitude":77.57973553000001,"latitude":28.30126118,"authority":"YEIDA","category":"residential","execution_stage":"allotted"}},{"type":"Feature","geometry":{"type":"Polygon","coordinates":[[[77.57897,28.302286],[77.578977,28.30251],[77.578854,28.302513],[77.578847,28.302288],[77.57897,28.302286]]]},"properties":{"objectid":6390,"uniqueplotid":"PLNGRESIDENTIAL6390","plotmap_id":"SECTOR-18_148_2C_RESI","plotidentificationnumber":"148","plotno":"148","industrysector":"SECTOR-18","block":"2C","plotsize":"300 SQMT","plotsize_at_the_time_of_allotme":"300 SQMT","landuse_type":"RESIDENTIAL","landuse_subcategory":"RESIDENTIAL","scheme_cod":"RES01","investment":0,"employment":0,"plotstatus":"Allotted","landallotementstatus":"SOLD","landallotementtype":"ALLOTTED","allotmentid":"YEA009776","lease_deed":"Y","lease_deed_date":1677436200000,"village_name":"Rampur Bangar","khasra_no":"447","longitude":77.57891210000001,"latitude":28.30239903,"authority":"YEIDA","category":"residential","execution_stage":"lease-recorded"}},{"type":"Feature","geometry":{"type":"Polygon","coordinates":[[[77.579092,28.302283],[77.579099,28.302507],[77.578977,28.30251],[77.57897,28.302286],[77.579092,28.302283]]]},"properties":{"objectid":6391,"uniqueplotid":"PLNGRESIDENTIAL6391","plotmap_id":"SECTOR-18_147_2C_RESI","plotidentificationnumber":"147","plotno":"147","industrysector":"SECTOR-18","block":"2C","plotsize":"300 SQMT","plotsize_at_the_time_of_allotme":"300 SQMT","landuse_type":"RESIDENTIAL","landuse_subcategory":"RESIDENTIAL","scheme_cod":"RES01","investment":0,"employment":0,"plotstatus":"Allotted","landallotementstatus":"SOLD","landallotementtype":"ALLOTTED","allotmentid":"YEA012965","lease_deed":"Y","lease_deed_date":1653417000000,"village_name":"Rampur Bangar","khasra_no":"447","longitude":77.57903467999999,"latitude":28.30239627,"authority":"YEIDA","category":"residential","execution_stage":"lease-recorded"}},{"type":"Feature","geometry":{"type":"Polygon","coordinates":[[[77.578471,28.302313],[77.578474,28.302421],[77.578218,28.302427],[77.578215,28.302319],[77.578471,28.302313]]]},"properties":{"objectid":6392,"uniqueplotid":"PLNGRESIDENTIAL6392","plotmap_id":"SECTOR-18_94_2C_RESI","plotidentificationnumber":"94","plotno":"94","industrysector":"SECTOR-18","block":"2C","plotsize":"300 SQMT","plotsize_at_the_time_of_allotme":"300 SQMT","landuse_type":"RESIDENTIAL","landuse_subcategory":"RESIDENTIAL","scheme_cod":"RES01","investment":0,"employment":0,"plotstatus":"Allotted","landallotementstatus":"SOLD","landallotementtype":"ALLOTTED","allotmentid":"YEA004655","village_name":"Rampur Bangar","khasra_no":"447","longitude":77.57834436,"latitude":28.30237013,"authority":"YEIDA","category":"residential","execution_stage":"allotted"}},{"type":"Feature","geometry":{"type":"Polygon","coordinates":[[[77.578464,28.302097],[77.578467,28.302205],[77.578211,28.302211],[77.578208,28.302102],[77.578464,28.302097]]]},"properties":{"objectid":6393,"uniqueplotid":"PLNGRESIDENTIAL6393","plotmap_id":"SECTOR-18_92_2C_RESI","plotidentificationnumber":"92","plotno":"92","industrysector":"SECTOR-18","block":"2C","plotsize":"300 SQMT","plotsize_at_the_time_of_allotme":"300 SQMT","landuse_type":"RESIDENTIAL","landuse_subcategory":"RESIDENTIAL","scheme_cod":"RES01","investment":0,"employment":0,"plotstatus":"Allotted","landallotementstatus":"SOLD","landallotementtype":"ALLOTTED","allotmentid":"YEA013268","village_name":"Rampur Bangar","khasra_no":"449,447","longitude":77.57833746,"latitude":28.30215362,"authority":"YEIDA","category":"residential","execution_stage":"allotted"}},{"type":"Feature","geometry":{"type":"Polygon","coordinates":[[[77.578727,28.302307],[77.57873,28.302415],[77.578474,28.302421],[77.578471,28.302313],[77.578727,28.302307]]]},"properties":{"objectid":6394,"uniqueplotid":"PLNGRESIDENTIAL6394","plotmap_id":"SECTOR-18_101_2C_RESI","plotidentificationnumber":"101","plotno":"101","industrysector":"SECTOR-18","block":"2C","plotsize":"300 SQMT","plotsize_at_the_time_of_allotme":"300 SQMT","landuse_type":"RESIDENTIAL","landuse_subcategory":"RESIDENTIAL","scheme_cod":"RES01","investment":0,"employment":0,"plotstatus":"Allotted","landallotementstatus":"SOLD","landallotementtype":"ALLOTTED","allotmentid":"YEA019374","lease_deed":"Y","lease_deed_date":1569522600000,"village_name":"Rampur Bangar","khasra_no":"447","longitude":77.57860031999999,"latitude":28.30236429,"authority":"YEIDA","category":"residential","execution_stage":"lease-recorded"}},{"type":"Feature","geometry":{"type":"Polygon","coordinates":[[[77.578709,28.301766],[77.578713,28.301874],[77.578457,28.30188],[77.578453,28.301772],[77.578709,28.301766]]]},"properties":{"objectid":6395,"uniqueplotid":"PLNGRESIDENTIAL6395","plotmap_id":"SECTOR-18_106_2C_RESI","plotidentificationnumber":"106","plotno":"106","industrysector":"SECTOR-18","block":"2C","plotsize":"300 SQMT","plotsize_at_the_time_of_allotme":"300 SQMT","landuse_type":"RESIDENTIAL","landuse_subcategory":"RESIDENTIAL","scheme_cod":"RES01","investment":0,"employment":0,"plotstatus":"Allotted","landallotementstatus":"SOLD","landallotementtype":"ALLOTTED","allotmentid":"YEA006589","lease_deed":"Y","lease_deed_date":1569263400000,"village_name":"Rampur Bangar","khasra_no":"449,448","longitude":77.57858307000001,"latitude":28.30182302,"authority":"YEIDA","category":"residential","execution_stage":"lease-recorded"}},{"type":"Feature","geometry":{"type":"Polygon","coordinates":[[[77.578716,28.301982],[77.57872,28.302091],[77.578464,28.302097],[77.57846,28.301988],[77.578716,28.301982]]]},"properties":{"objectid":6396,"uniqueplotid":"PLNGRESIDENTIAL6396","plotmap_id":"SECTOR-18_104_2C_RESI","plotidentificationnumber":"104","plotno":"104","industrysector":"SECTOR-18","block":"2C","plotsize":"300 SQMT","plotsize_at_the_time_of_allotme":"300 SQMT","landuse_type":"RESIDENTIAL","landuse_subcategory":"RESIDENTIAL","scheme_cod":"RES01","investment":0,"employment":0,"plotstatus":"Allotted","landallotementstatus":"SOLD","landallotementtype":"ALLOTTED","allotmentid":"YEA006038","lease_deed":"Y","lease_deed_date":1648405800000,"village_name":"Rampur Bangar","khasra_no":"449,447","longitude":77.57858997000001,"latitude":28.30203953,"authority":"YEIDA","category":"residential","execution_stage":"lease-recorded"}},{"type":"Feature","geometry":{"type":"Polygon","coordinates":[[[77.57872,28.302091],[77.578723,28.302199],[77.578467,28.302205],[77.578464,28.302097],[77.57872,28.302091]]]},"properties":{"objectid":6397,"uniqueplotid":"PLNGRESIDENTIAL6397","plotmap_id":"SECTOR-18_103_2C_RESI","plotidentificationnumber":"103","plotno":"103","industrysector":"SECTOR-18","block":"2C","plotsize":"300 SQMT","plotsize_at_the_time_of_allotme":"300 SQMT","landuse_type":"RESIDENTIAL","landuse_subcategory":"RESIDENTIAL","scheme_cod":"RES01","investment":0,"employment":0,"plotstatus":"Allotted","landallotementstatus":"SOLD","landallotementtype":"ALLOTTED","allotmentid":"YEA018581","lease_deed":"Y","lease_deed_date":1572978600000,"village_name":"Rampur Bangar","khasra_no":"449,447","longitude":77.57859342,"latitude":28.30214778,"authority":"YEIDA","category":"residential","execution_stage":"lease-recorded"}},{"type":"Feature","geometry":{"type":"Polygon","coordinates":[[[77.578723,28.302199],[77.578727,28.302307],[77.578471,28.302313],[77.578467,28.302205],[77.578723,28.302199]]]},"properties":{"objectid":6398,"uniqueplotid":"PLNGRESIDENTIAL6398","plotmap_id":"SECTOR-18_102_2C_RESI","plotidentificationnumber":"102","plotno":"102","industrysector":"SECTOR-18","block":"2C","plotsize":"300 SQMT","plotsize_at_the_time_of_allotme":"300 SQMT","landuse_type":"RESIDENTIAL","landuse_subcategory":"RESIDENTIAL","scheme_cod":"RES01","investment":0,"employment":0,"plotstatus":"Allotted","landallotementstatus":"SOLD","landallotementtype":"ALLOTTED","allotmentid":"YEA010088","lease_deed":"Y","lease_deed_date":1710786600000,"village_name":"Rampur Bangar","khasra_no":"447","longitude":77.57859687,"latitude":28.30225603,"authority":"YEIDA","category":"residential","execution_stage":"lease-recorded"}},{"type":"Feature","geometry":{"type":"Polygon","coordinates":[[[77.578467,28.302205],[77.578471,28.302313],[77.578215,28.302319],[77.578211,28.302211],[77.578467,28.302205]]]},"properties":{"objectid":6399,"uniqueplotid":"PLNGRESIDENTIAL6399","plotmap_id":"SECTOR-18_93_2C_RESI","plotidentificationnumber":"93","plotno":"93","industrysector":"SECTOR-18","block":"2C","plotsize":"300 SQMT","plotsize_at_the_time_of_allotme":"300 SQMT","landuse_type":"RESIDENTIAL","landuse_subcategory":"RESIDENTIAL","scheme_cod":"RES01","investment":0,"employment":0,"plotstatus":"Allotted","landallotementstatus":"SOLD","landallotementtype":"ALLOTTED","allotmentid":"YEA009138","village_name":"Rampur Bangar","khasra_no":"449,447","longitude":77.57834091,"latitude":28.30226187,"authority":"YEIDA","category":"residential","execution_stage":"allotted"}},{"type":"Feature","geometry":{"type":"Polygon","coordinates":[[[77.57846,28.301988],[77.578464,28.302097],[77.578208,28.302102],[77.578204,28.301994],[77.57846,28.301988]]]},"properties":{"objectid":6400,"uniqueplotid":"PLNGRESIDENTIAL6400","plotmap_id":"SECTOR-18_91_2C_RESI","plotidentificationnumber":"91","plotno":"91","industrysector":"SECTOR-18","block":"2C","plotsize":"300 SQMT","plotsize_at_the_time_of_allotme":"300 SQMT","landuse_type":"RESIDENTIAL","landuse_subcategory":"RESIDENTIAL","scheme_cod":"RES01","investment":0,"employment":0,"plotstatus":"Allotted","landallotementstatus":"SOLD","landallotementtype":"ALLOTTED","allotmentid":"YEA010302","lease_deed":"Y","lease_deed_date":1674498600000,"village_name":"Rampur Bangar","khasra_no":"449","longitude":77.57833400999999,"latitude":28.30204537,"authority":"YEIDA","category":"residential","execution_stage":"lease-recorded"}},{"type":"Feature","geometry":{"type":"Polygon","coordinates":[[[77.578713,28.301874],[77.578716,28.301982],[77.57846,28.301988],[77.578457,28.30188],[77.578713,28.301874]]]},"properties":{"objectid":6401,"uniqueplotid":"PLNGRESIDENTIAL6401","plotmap_id":"SECTOR-18_105_2C_RESI","plotidentificationnumber":"105","plotno":"105","industrysector":"SECTOR-18","block":"2C","plotsize":"300 SQMT","plotsize_at_the_time_of_allotme":"300 SQMT","landuse_type":"RESIDENTIAL","landuse_subcategory":"RESIDENTIAL","scheme_cod":"RES01","investment":0,"employment":0,"plotstatus":"Allotted","landallotementstatus":"SOLD","landallotementtype":"ALLOTTED","allotmentid":"YEA020387","lease_deed":"Y","lease_deed_date":1556562600000,"village_name":"Rampur Bangar","khasra_no":"449,447","longitude":77.57858652,"latitude":28.30193127,"authority":"YEIDA","category":"residential","execution_stage":"lease-recorded"}},{"type":"Feature","geometry":{"type":"Polygon","coordinates":[[[77.578706,28.301658],[77.578709,28.301766],[77.578453,28.301772],[77.57845,28.301664],[77.578706,28.301658]]]},"properties":{"objectid":6402,"uniqueplotid":"PLNGRESIDENTIAL6402","plotmap_id":"SECTOR-18_107_2C_RESI","plotidentificationnumber":"107","plotno":"107","industrysector":"SECTOR-18","block":"2C","plotsize":"300 SQMT","plotsize_at_the_time_of_allotme":"300 SQMT","landuse_type":"RESIDENTIAL","landuse_subcategory":"RESIDENTIAL","scheme_cod":"RES01","investment":0,"employment":0,"plotstatus":"Allotted","landallotementstatus":"SOLD","landallotementtype":"ALLOTTED","allotmentid":"YEA006166","lease_deed":"Y","lease_deed_date":1548613800000,"village_name":"Rampur Bangar","khasra_no":"449,448","longitude":77.57857960000001,"latitude":28.30171496,"authority":"YEIDA","category":"residential","execution_stage":"lease-recorded"}},{"type":"Feature","geometry":{"type":"Polygon","coordinates":[[[77.57845,28.301664],[77.578453,28.301772],[77.578197,28.301778],[77.578194,28.301669],[77.57845,28.301664]]]},"properties":{"objectid":6403,"uniqueplotid":"PLNGRESIDENTIAL6403","plotmap_id":"SECTOR-18_88_2C_RESI","plotidentificationnumber":"88","plotno":"88","industrysector":"SECTOR-18","block":"2C","plotsize":"300 SQMT","plotsize_at_the_time_of_allotme":"300 SQMT","landuse_type":"RESIDENTIAL","landuse_subcategory":"RESIDENTIAL","scheme_cod":"RES01","investment":0,"employment":0,"plotstatus":"Allotted","landallotementstatus":"SOLD","landallotementtype":"ALLOTTED","allotmentid":"YEA013545","village_name":"Rampur Bangar","khasra_no":"449","longitude":77.57832364,"latitude":28.30172069,"authority":"YEIDA","category":"residential","execution_stage":"allotted"}},{"type":"Feature","geometry":{"type":"Polygon","coordinates":[[[77.578453,28.301772],[77.578457,28.30188],[77.578201,28.301886],[77.578197,28.301778],[77.578453,28.301772]]]},"properties":{"objectid":6404,"uniqueplotid":"PLNGRESIDENTIAL6404","plotmap_id":"SECTOR-18_89_2C_RESI","plotidentificationnumber":"89","plotno":"89","industrysector":"SECTOR-18","block":"2C","plotsize":"300 SQMT","plotsize_at_the_time_of_allotme":"300 SQMT","landuse_type":"RESIDENTIAL","landuse_subcategory":"RESIDENTIAL","scheme_cod":"RES01","investment":0,"employment":0,"plotstatus":"Allotted","landallotementstatus":"SOLD","landallotementtype":"ALLOTTED","allotmentid":"YEA005543","village_name":"Rampur Bangar","khasra_no":"449","longitude":77.57832711,"latitude":28.30182886,"authority":"YEIDA","category":"residential","execution_stage":"allotted"}},{"type":"Feature","geometry":{"type":"Polygon","coordinates":[[[77.578699,28.301442],[77.578702,28.30155],[77.578446,28.301556],[77.578443,28.301447],[77.578699,28.301442]]]},"properties":{"objectid":6405,"uniqueplotid":"PLNGRESIDENTIAL6405","plotmap_id":"SECTOR-18_109_2C_RESI","plotidentificationnumber":"109","plotno":"109","industrysector":"SECTOR-18","block":"2C","plotsize":"300 SQMT","plotsize_at_the_time_of_allotme":"300 SQMT","landuse_type":"RESIDENTIAL","landuse_subcategory":"RESIDENTIAL","scheme_cod":"RES01","investment":0,"employment":0,"plotstatus":"Allotted","landallotementstatus":"SOLD","landallotementtype":"ALLOTTED","allotmentid":"YEA015486","village_name":"Rampur Bangar","khasra_no":"449,448","longitude":77.57857276,"latitude":28.30149862,"authority":"YEIDA","category":"residential","execution_stage":"allotted"}},{"type":"Feature","geometry":{"type":"Polygon","coordinates":[[[77.579443,28.301715],[77.57945,28.301939],[77.579327,28.301942],[77.57932,28.301718],[77.579443,28.301715]]]},"properties":{"objectid":6406,"uniqueplotid":"PLNGRESIDENTIAL6406","plotmap_id":"SECTOR-18_118_2C_RESI","plotidentificationnumber":"118","plotno":"118","industrysector":"SECTOR-18","block":"2C","plotsize":"300 SQMT","plotsize_at_the_time_of_allotme":"300 SQMT","landuse_type":"RESIDENTIAL","landuse_subcategory":"RESIDENTIAL","scheme_cod":"RES01","investment":0,"employment":0,"plotstatus":"Allotted","landallotementstatus":"SOLD","landallotementtype":"ALLOTTED","allotmentid":"YEA015849","lease_deed":"Y","lease_deed_date":1558290600000,"village_name":"Rampur Bangar,Mirzapur","khasra_no":"504,445,446","longitude":77.57938517000001,"latitude":28.30182854,"authority":"YEIDA","category":"residential","execution_stage":"lease-recorded"}},{"type":"Feature","geometry":{"type":"Polygon","coordinates":[[[77.578443,28.301447],[77.578446,28.301556],[77.578191,28.301561],[77.578187,28.301453],[77.578443,28.301447]]]},"properties":{"objectid":6407,"uniqueplotid":"PLNGRESIDENTIAL6407","plotmap_id":"SECTOR-18_86_2C_RESI","plotidentificationnumber":"86","plotno":"86","industrysector":"SECTOR-18","block":"2C","plotsize":"300 SQMT","plotsize_at_the_time_of_allotme":"300 SQMT","landuse_type":"RESIDENTIAL","landuse_subcategory":"RESIDENTIAL","scheme_cod":"RES01","investment":0,"employment":0,"plotstatus":"Allotted","landallotementstatus":"SOLD","landallotementtype":"ALLOTTED","allotmentid":"YEA012583","village_name":"Rampur Bangar","khasra_no":"449,448","longitude":77.57831679,"latitude":28.301504350000002,"authority":"YEIDA","category":"residential","execution_stage":"allotted"}},{"type":"Feature","geometry":{"type":"Polygon","coordinates":[[[77.579565,28.301712],[77.579572,28.301936],[77.57945,28.301939],[77.579443,28.301715],[77.579565,28.301712]]]},"properties":{"objectid":6408,"uniqueplotid":"PLNGRESIDENTIAL6408","plotmap_id":"SECTOR-18_117_2C_RESI","plotidentificationnumber":"117","plotno":"117","industrysector":"SECTOR-18","block":"2C","plotsize":"300 SQMT","plotsize_at_the_time_of_allotme":"300 SQMT","landuse_type":"RESIDENTIAL","landuse_subcategory":"RESIDENTIAL","scheme_cod":"RES01","investment":0,"employment":0,"plotstatus":"Allotted","landallotementstatus":"SOLD","landallotementtype":"ALLOTTED","allotmentid":"YEA008040","lease_deed":"Y","lease_deed_date":1567362600000,"village_name":"Rampur Bangar,Mirzapur","khasra_no":"504,445","longitude":77.57950769,"latitude":28.30182574,"authority":"YEIDA","category":"residential","execution_stage":"lease-recorded"}},{"type":"Feature","geometry":{"type":"Polygon","coordinates":[[[77.57932,28.301718],[77.579327,28.301942],[77.579205,28.301945],[77.579197,28.301721],[77.57932,28.301718]]]},"properties":{"objectid":6409,"uniqueplotid":"PLNGRESIDENTIAL6409","plotmap_id":"SECTOR-18_119_2C_RESI","plotidentificationnumber":"119","plotno":"119","industrysector":"SECTOR-18","block":"2C","plotsize":"300 SQMT","plotsize_at_the_time_of_allotme":"300 SQMT","landuse_type":"RESIDENTIAL","landuse_subcategory":"RESIDENTIAL","scheme_cod":"RES01","investment":0,"employment":0,"plotstatus":"Allotted","landallotementstatus":"SOLD","landallotementtype":"ALLOTTED","allotmentid":"YEA016927","village_name":"Rampur Bangar,Mirzapur","khasra_no":"504,445,446,447","longitude":77.57926244,"latitude":28.30183132,"authority":"YEIDA","category":"residential","execution_stage":"allotted"}},{"type":"Feature","geometry":{"type":"Polygon","coordinates":[[[77.580423,28.301693],[77.58043,28.301917],[77.580307,28.30192],[77.5803,28.301696],[77.580423,28.301693]]]},"properties":{"objectid":6410,"uniqueplotid":"PLNGRESIDENTIAL6410","plotmap_id":"SECTOR-18_110_2C_RESI","plotidentificationnumber":"110","plotno":"110","industrysector":"SECTOR-18","block":"2C","plotsize":"300 SQMT","plotsize_at_the_time_of_allotme":"300 SQMT","landuse_type":"RESIDENTIAL","landuse_subcategory":"RESIDENTIAL","scheme_cod":"RES01","investment":0,"employment":0,"plotstatus":"Allotted","landallotementstatus":"SOLD","landallotementtype":"ALLOTTED","allotmentid":"YEA009778","lease_deed":"Y","lease_deed_date":1630089000000,"village_name":"Rampur Bangar,Mirzapur","khasra_no":"504,432,445","longitude":77.58036514,"latitude":28.30180618,"authority":"YEIDA","category":"residential","execution_stage":"lease-recorded"}},{"type":"Feature","geometry":{"type":"Polygon","coordinates":[[[77.579811,28.301707],[77.579817,28.301931],[77.579695,28.301934],[77.579688,28.301709],[77.579811,28.301707]]]},"properties":{"objectid":6411,"uniqueplotid":"PLNGRESIDENTIAL6411","plotmap_id":"SECTOR-18_115_2C_RESI","plotidentificationnumber":"115","plotno":"115","industrysector":"SECTOR-18","block":"2C","plotsize":"300 SQMT","plotsize_at_the_time_of_allotme":"300 SQMT","landuse_type":"RESIDENTIAL","landuse_subcategory":"RESIDENTIAL","scheme_cod":"RES01","investment":0,"employment":0,"plotstatus":"Allotted","landallotementstatus":"SOLD","landallotementtype":"ALLOTTED","allotmentid":"YEA014474","lease_deed":"Y","lease_deed_date":1645554600000,"village_name":"Rampur Bangar,Mirzapur","khasra_no":"504,432,445","longitude":77.57975249,"latitude":28.30182014,"authority":"YEIDA","category":"residential","execution_stage":"lease-recorded"}},{"type":"Feature","geometry":{"type":"Polygon","coordinates":[[[77.578953,28.301726],[77.57896,28.30195],[77.578837,28.301953],[77.57883,28.301729],[77.578953,28.301726]]]},"properties":{"objectid":6412,"uniqueplotid":"PLNGRESIDENTIAL6412","plotmap_id":"SECTOR-18_122_2C_RESI","plotidentificationnumber":"122","plotno":"122","industrysector":"SECTOR-18","block":"2C","plotsize":"300 SQMT","plotsize_at_the_time_of_allotme":"300 SQMT","landuse_type":"RESIDENTIAL","landuse_subcategory":"RESIDENTIAL","scheme_cod":"RES01","investment":0,"employment":0,"plotstatus":"Allotted","landallotementstatus":"SOLD","landallotementtype":"ALLOTTED","allotmentid":"YEA008430","lease_deed":"Y","lease_deed_date":1720636200000,"village_name":"Rampur Bangar","khasra_no":"448,447","longitude":77.57889491,"latitude":28.30183971,"authority":"YEIDA","category":"residential","execution_stage":"lease-recorded"}},{"type":"Feature","geometry":{"type":"Polygon","coordinates":[[[77.580056,28.301701],[77.580062,28.301925],[77.57994,28.301928],[77.579933,28.301704],[77.580056,28.301701]]]},"properties":{"objectid":6413,"uniqueplotid":"PLNGRESIDENTIAL6413","plotmap_id":"SECTOR-18_113_2C_RESI","plotidentificationnumber":"113","plotno":"113","industrysector":"SECTOR-18","block":"2C","plotsize":"300 SQMT","plotsize_at_the_time_of_allotme":"300 SQMT","landuse_type":"RESIDENTIAL","landuse_subcategory":"RESIDENTIAL","scheme_cod":"RES01","investment":0,"employment":0,"plotstatus":"Allotted","landallotementstatus":"SOLD","landallotementtype":"ALLOTTED","allotmentid":"YEA020170","lease_deed":"Y","lease_deed_date":1569349800000,"village_name":"Rampur Bangar,Mirzapur","khasra_no":"504,432,445","longitude":77.57999772999999,"latitude":28.30181456,"authority":"YEIDA","category":"residential","execution_stage":"lease-recorded"}},{"type":"Feature","geometry":{"type":"Polygon","coordinates":[[[77.579933,28.301704],[77.57994,28.301928],[77.579817,28.301931],[77.579811,28.301707],[77.579933,28.301704]]]},"properties":{"objectid":6414,"uniqueplotid":"PLNGRESIDENTIAL6414","plotmap_id":"SECTOR-18_114_2C_RESI","plotidentificationnumber":"114","plotno":"114","industrysector":"SECTOR-18","block":"2C","plotsize":"300 SQMT","plotsize_at_the_time_of_allotme":"300 SQMT","landuse_type":"RESIDENTIAL","landuse_subcategory":"RESIDENTIAL","scheme_cod":"RES01","investment":0,"employment":0,"plotstatus":"Allotted","landallotementstatus":"SOLD","landallotementtype":"ALLOTTED","allotmentid":"YEA017518","lease_deed":"Y","lease_deed_date":1559845800000,"village_name":"Rampur Bangar,Mirzapur","khasra_no":"504,432,445","longitude":77.57987522,"latitude":28.30181736,"authority":"YEIDA","category":"residential","execution_stage":"lease-recorded"}},{"type":"Feature","geometry":{"type":"Polygon","coordinates":[[[77.579327,28.301942],[77.579334,28.302168],[77.579212,28.30217],[77.579205,28.301945],[77.579327,28.301942]]]},"properties":{"objectid":6415,"uniqueplotid":"PLNGRESIDENTIAL6415","plotmap_id":"SECTOR-18_126_2C_RESI","plotidentificationnumber":"126","plotno":"126","industrysector":"SECTOR-18","block":"2C","plotsize":"300 SQMT","plotsize_at_the_time_of_allotme":"300 SQMT","landuse_type":"RESIDENTIAL","landuse_subcategory":"RESIDENTIAL","scheme_cod":"RES01","investment":0,"employment":0,"plotstatus":"Allotted","landallotementstatus":"SOLD","landallotementtype":"ALLOTTED","allotmentid":"YEA008207","village_name":"Rampur Bangar","khasra_no":"446,447","longitude":77.57926948,"latitude":28.30205615,"authority":"YEIDA","category":"residential","execution_stage":"allotted"}},{"type":"Feature","geometry":{"type":"Polygon","coordinates":[[[77.579817,28.301931],[77.579824,28.302156],[77.579702,28.302159],[77.579695,28.301934],[77.579817,28.301931]]]},"properties":{"objectid":6416,"uniqueplotid":"PLNGRESIDENTIAL6416","plotmap_id":"SECTOR-18_130_2C_RESI","plotidentificationnumber":"130","plotno":"130","industrysector":"SECTOR-18","block":"2C","plotsize":"300 SQMT","plotsize_at_the_time_of_allotme":"300 SQMT","landuse_type":"RESIDENTIAL","landuse_subcategory":"RESIDENTIAL","scheme_cod":"RES01","investment":0,"employment":0,"plotstatus":"Allotted","landallotementstatus":"SOLD","landallotementtype":"ALLOTTED","allotmentid":"YEA019846","village_name":"Rampur Bangar","khasra_no":"432","longitude":77.57975953,"latitude":28.30204497,"authority":"YEIDA","category":"residential","execution_stage":"allotted"}},{"type":"Feature","geometry":{"type":"Polygon","coordinates":[[[77.57945,28.301939],[77.579457,28.302165],[77.579334,28.302168],[77.579327,28.301942],[77.57945,28.301939]]]},"properties":{"objectid":6417,"uniqueplotid":"PLNGRESIDENTIAL6417","plotmap_id":"SECTOR-18_127_2C_RESI","plotidentificationnumber":"127","plotno":"127","industrysector":"SECTOR-18","block":"2C","plotsize":"300 SQMT","plotsize_at_the_time_of_allotme":"300 SQMT","landuse_type":"RESIDENTIAL","landuse_subcategory":"RESIDENTIAL","scheme_cod":"RES01","investment":0,"employment":0,"plotstatus":"Allotted","landallotementstatus":"SOLD","landallotementtype":"ALLOTTED","allotmentid":"YEA019581","village_name":"Rampur Bangar","khasra_no":"445,430,431,446,447","longitude":77.57939209,"latitude":28.30205337,"authority":"YEIDA","category":"residential","execution_stage":"allotted"}},{"type":"Feature","geometry":{"type":"Polygon","coordinates":[[[77.57896,28.30195],[77.578967,28.302176],[77.578844,28.302179],[77.578837,28.301953],[77.57896,28.30195]]]},"properties":{"objectid":6418,"uniqueplotid":"PLNGRESIDENTIAL6418","plotmap_id":"SECTOR-18_123_2C_RESI","plotidentificationnumber":"123","plotno":"123","industrysector":"SECTOR-18","block":"2C","plotsize":"300 SQMT","plotsize_at_the_time_of_allotme":"300 SQMT","landuse_type":"RESIDENTIAL","landuse_subcategory":"RESIDENTIAL","scheme_cod":"RES01","investment":0,"employment":0,"plotstatus":"Allotted","landallotementstatus":"SOLD","landallotementtype":"ALLOTTED","allotmentid":"YEA011546","village_name":"Rampur Bangar","khasra_no":"447","longitude":77.57890194000001,"latitude":28.30206454,"authority":"YEIDA","category":"residential","execution_stage":"allotted"}},{"type":"Feature","geometry":{"type":"Polygon","coordinates":[[[77.579695,28.301934],[77.579702,28.302159],[77.579579,28.302162],[77.579572,28.301936],[77.579695,28.301934]]]},"properties":{"objectid":6419,"uniqueplotid":"PLNGRESIDENTIAL6419","plotmap_id":"SECTOR-18_129_2C_RESI","plotidentificationnumber":"129","plotno":"129","industrysector":"SECTOR-18","block":"2C","plotsize":"300 SQMT","plotsize_at_the_time_of_allotme":"300 SQMT","landuse_type":"RESIDENTIAL","landuse_subcategory":"RESIDENTIAL","scheme_cod":"RES01","investment":0,"employment":0,"plotstatus":"Allotted","landallotementstatus":"SOLD","landallotementtype":"ALLOTTED","allotmentid":"YEA019344","lease_deed":"Y","lease_deed_date":1736706600000,"village_name":"Rampur Bangar","khasra_no":"432,445,431","longitude":77.57963708,"latitude":28.30204781,"authority":"YEIDA","category":"residential","execution_stage":"lease-recorded"}},{"type":"Feature","geometry":{"type":"Polygon","coordinates":[[[77.57994,28.301928],[77.579947,28.302154],[77.579824,28.302156],[77.579817,28.301931],[77.57994,28.301928]]]},"properties":{"objectid":6420,"uniqueplotid":"PLNGRESIDENTIAL6420","plotmap_id":"SECTOR-18_131_2C_RESI","plotidentificationnumber":"131","plotno":"131","industrysector":"SECTOR-18","block":"2C","plotsize":"300 SQMT","plotsize_at_the_time_of_allotme":"300 SQMT","landuse_type":"RESIDENTIAL","landuse_subcategory":"RESIDENTIAL","scheme_cod":"RES01","investment":0,"employment":0,"plotstatus":"Allotted","landallotementstatus":"SOLD","landallotementtype":"ALLOTTED","allotmentid":"YEA007234","lease_deed":"Y","lease_deed_date":1630348200000,"village_name":"Rampur Bangar","khasra_no":"432","longitude":77.57988213,"latitude":28.302042189999998,"authority":"YEIDA","category":"residential","execution_stage":"lease-recorded"}},{"type":"Feature","geometry":{"type":"Polygon","coordinates":[[[77.579572,28.301936],[77.579579,28.302162],[77.579457,28.302165],[77.57945,28.301939],[77.579572,28.301936]]]},"properties":{"objectid":6421,"uniqueplotid":"PLNGRESIDENTIAL6421","plotmap_id":"SECTOR-18_128_2C_RESI","plotidentificationnumber":"128","plotno":"128","industrysector":"SECTOR-18","block":"2C","plotsize":"300 SQMT","plotsize_at_the_time_of_allotme":"300 SQMT","landuse_type":"RESIDENTIAL","landuse_subcategory":"RESIDENTIAL","scheme_cod":"RES01","investment":0,"employment":0,"plotstatus":"Allotted","landallotementstatus":"SOLD","landallotementtype":"ALLOTTED","allotmentid":"YEA007218","village_name":"Rampur Bangar,Mirzapur","khasra_no":"504,432,445,430,431,446","longitude":77.5795146,"latitude":28.30205058,"authority":"YEIDA","category":"residential","execution_stage":"allotted"}},{"type":"Feature","geometry":{"type":"Polygon","coordinates":[[[77.580307,28.30192],[77.580314,28.302145],[77.580192,28.302148],[77.580185,28.301922],[77.580307,28.30192]]]},"properties":{"objectid":6422,"uniqueplotid":"PLNGRESIDENTIAL6422","plotmap_id":"SECTOR-18_134_2C_RESI","plotidentificationnumber":"134","plotno":"134","industrysector":"SECTOR-18","block":"2C","plotsize":"300 SQMT","plotsize_at_the_time_of_allotme":"300 SQMT","landuse_type":"RESIDENTIAL","landuse_subcategory":"RESIDENTIAL","scheme_cod":"RES01","investment":0,"employment":0,"plotstatus":"Allotted","landallotementstatus":"SOLD","landallotementtype":"ALLOTTED","allotmentid":"YEA004647","lease_deed":"Y","lease_deed_date":1600367400000,"village_name":"Rampur Bangar","khasra_no":"432","longitude":77.58024964,"latitude":28.30203383,"authority":"YEIDA","category":"residential","execution_stage":"lease-recorded"}},{"type":"Feature","geometry":{"type":"Polygon","coordinates":[[[77.580062,28.301925],[77.580069,28.302151],[77.579947,28.302154],[77.57994,28.301928],[77.580062,28.301925]]]},"properties":{"objectid":6423,"uniqueplotid":"PLNGRESIDENTIAL6423","plotmap_id":"SECTOR-18_132_2C_RESI","plotidentificationnumber":"132","plotno":"132","industrysector":"SECTOR-18","block":"2C","plotsize":"300 SQMT","plotsize_at_the_time_of_allotme":"300 SQMT","landuse_type":"RESIDENTIAL","landuse_subcategory":"RESIDENTIAL","scheme_cod":"RES01","investment":0,"employment":0,"plotstatus":"Allotted","landallotementstatus":"SOLD","landallotementtype":"ALLOTTED","allotmentid":"YEA016704","lease_deed":"Y","lease_deed_date":1556130600000,"village_name":"Rampur Bangar","khasra_no":"432","longitude":77.58000464999999,"latitude":28.302039399999998,"authority":"YEIDA","category":"residential","execution_stage":"lease-recorded"}},{"type":"Feature","geometry":{"type":"Polygon","coordinates":[[[77.579082,28.301948],[77.579089,28.302173],[77.578967,28.302176],[77.57896,28.30195],[77.579082,28.301948]]]},"properties":{"objectid":6424,"uniqueplotid":"PLNGRESIDENTIAL6424","plotmap_id":"SECTOR-18_124_2C_RESI","plotidentificationnumber":"124","plotno":"124","industrysector":"SECTOR-18","block":"2C","plotsize":"300 SQMT","plotsize_at_the_time_of_allotme":"300 SQMT","landuse_type":"RESIDENTIAL","landuse_subcategory":"RESIDENTIAL","scheme_cod":"RES01","investment":0,"employment":0,"plotstatus":"Allotted","landallotementstatus":"SOLD","landallotementtype":"ALLOTTED","allotmentid":"YEA009272","lease_deed":"Y","lease_deed_date":1732473000000,"village_name":"Rampur Bangar","khasra_no":"447","longitude":77.57902455,"latitude":28.30206176,"authority":"YEIDA","category":"residential","execution_stage":"lease-recorded"}},{"type":"Feature","geometry":{"type":"Polygon","coordinates":[[[77.58043,28.301917],[77.580437,28.302142],[77.580314,28.302145],[77.580307,28.30192],[77.58043,28.301917]]]},"properties":{"objectid":6425,"uniqueplotid":"PLNGRESIDENTIAL6425","plotmap_id":"SECTOR-18_135_2C_RESI","plotidentificationnumber":"135","plotno":"135","industrysector":"SECTOR-18","block":"2C","plotsize":"300 SQMT","plotsize_at_the_time_of_allotme":"300 SQMT","landuse_type":"RESIDENTIAL","landuse_subcategory":"RESIDENTIAL","scheme_cod":"RES01","investment":0,"employment":0,"plotstatus":"Allotted","landallotementstatus":"SOLD","landallotementtype":"ALLOTTED","allotmentid":"YEA015822","lease_deed":"Y","lease_deed_date":1640197800000,"village_name":"Rampur Bangar","khasra_no":"432","longitude":77.58037230999999,"latitude":28.30203101,"authority":"YEIDA","category":"residential","execution_stage":"lease-recorded"}},{"type":"Feature","geometry":{"type":"Polygon","coordinates":[[[77.580185,28.301922],[77.580192,28.302148],[77.580069,28.302151],[77.580062,28.301925],[77.580185,28.301922]]]},"properties":{"objectid":6426,"uniqueplotid":"PLNGRESIDENTIAL6426","plotmap_id":"SECTOR-18_133_2C_RESI","plotidentificationnumber":"133","plotno":"133","industrysector":"SECTOR-18","block":"2C","plotsize":"300 SQMT","plotsize_at_the_time_of_allotme":"300 SQMT","landuse_type":"RESIDENTIAL","landuse_subcategory":"RESIDENTIAL","scheme_cod":"RES01","investment":0,"employment":0,"plotstatus":"Allotted","landallotementstatus":"SOLD","landallotementtype":"ALLOTTED","allotmentid":"YEA011118","lease_deed":"Y","lease_deed_date":1560969000000,"village_name":"Rampur Bangar","khasra_no":"432","longitude":77.58012716,"latitude":28.3020366,"authority":"YEIDA","category":"residential","execution_stage":"lease-recorded"}},{"type":"Feature","geometry":{"type":"Polygon","coordinates":[[[77.579205,28.301945],[77.579212,28.30217],[77.579089,28.302173],[77.579082,28.301948],[77.579205,28.301945]]]},"properties":{"objectid":6427,"uniqueplotid":"PLNGRESIDENTIAL6427","plotmap_id":"SECTOR-18_125_2C_RESI","plotidentificationnumber":"125","plotno":"125","industrysector":"SECTOR-18","block":"2C","plotsize":"300 SQMT","plotsize_at_the_time_of_allotme":"300 SQMT","landuse_type":"RESIDENTIAL","landuse_subcategory":"RESIDENTIAL","scheme_cod":"RES01","investment":0,"employment":0,"plotstatus":"Allotted","landallotementstatus":"SOLD","landallotementtype":"ALLOTTED","allotmentid":"YEA014896","village_name":"Rampur Bangar","khasra_no":"447","longitude":77.57914703,"latitude":28.30205899,"authority":"YEIDA","category":"residential","execution_stage":"allotted"}},{"type":"Feature","geometry":{"type":"Polygon","coordinates":[[[77.581077,28.302328],[77.58108,28.302436],[77.580825,28.302442],[77.580821,28.302334],[77.581077,28.302328]]]},"properties":{"objectid":6428,"uniqueplotid":"PLNGRESIDENTIAL6428","plotmap_id":"SECTOR-18_181_2C_RESI","plotidentificationnumber":"181","plotno":"181","industrysector":"SECTOR-18","block":"2C","plotsize":"300 SQMT","plotsize_at_the_time_of_allotme":"300 SQMT","landuse_type":"RESIDENTIAL","landuse_subcategory":"RESIDENTIAL","scheme_cod":"RES01","investment":0,"employment":0,"plotstatus":"Allotted","landallotementstatus":"SOLD","landallotementtype":"ALLOTTED","allotmentid":"YEA014365","village_name":"Rampur Bangar","khasra_no":"433,434","longitude":77.58095068,"latitude":28.30238494,"authority":"YEIDA","category":"residential","execution_stage":"allotted"}},{"type":"Feature","geometry":{"type":"Polygon","coordinates":[[[77.580821,28.302334],[77.580825,28.302442],[77.580568,28.302448],[77.580565,28.30234],[77.580821,28.302334]]]},"properties":{"objectid":6429,"uniqueplotid":"PLNGRESIDENTIAL6429","plotmap_id":"SECTOR-18_168_2C_RESI","plotidentificationnumber":"168","plotno":"168","industrysector":"SECTOR-18","block":"2C","plotsize":"300 SQMT","plotsize_at_the_time_of_allotme":"300 SQMT","landuse_type":"RESIDENTIAL","landuse_subcategory":"RESIDENTIAL","scheme_cod":"RES01","investment":0,"employment":0,"plotstatus":"Allotted","landallotementstatus":"SOLD","landallotementtype":"ALLOTTED","allotmentid":"YEA014962","lease_deed":"Y","lease_deed_date":1629916200000,"village_name":"Rampur Bangar","khasra_no":"433","longitude":77.58069464,"latitude":28.30239078,"authority":"YEIDA","category":"residential","execution_stage":"lease-recorded"}},{"type":"Feature","geometry":{"type":"Polygon","coordinates":[[[77.580814,28.302117],[77.580818,28.302225],[77.580561,28.302231],[77.580558,28.302123],[77.580814,28.302117]]]},"properties":{"objectid":6430,"uniqueplotid":"PLNGRESIDENTIAL6430","plotmap_id":"SECTOR-18_166_2C_RESI","plotidentificationnumber":"166","plotno":"166","industrysector":"SECTOR-18","block":"2C","plotsize":"300 SQMT","plotsize_at_the_time_of_allotme":"300 SQMT","landuse_type":"RESIDENTIAL","landuse_subcategory":"RESIDENTIAL","scheme_cod":"RES01","investment":0,"employment":0,"plotstatus":"Allotted","landallotementstatus":"SOLD","landallotementtype":"ALLOTTED","allotmentid":"YEA008452","lease_deed":"Y","lease_deed_date":1640629800000,"village_name":"Rampur Bangar","khasra_no":"433,432,434","longitude":77.5806878,"latitude":28.30217427,"authority":"YEIDA","category":"residential","execution_stage":"lease-recorded"}},{"type":"Feature","geometry":{"type":"Polygon","coordinates":[[[77.581073,28.30222],[77.581077,28.302328],[77.580821,28.302334],[77.580818,28.302225],[77.581073,28.30222]]]},"properties":{"objectid":6431,"uniqueplotid":"PLNGRESIDENTIAL6431","plotmap_id":"SECTOR-18_182_2C_RESI","plotidentificationnumber":"182","plotno":"182","industrysector":"SECTOR-18","block":"2C","plotsize":"300 SQMT","plotsize_at_the_time_of_allotme":"300 SQMT","landuse_type":"RESIDENTIAL","landuse_subcategory":"RESIDENTIAL","scheme_cod":"RES01","investment":0,"employment":0,"plotstatus":"Allotted","landallotementstatus":"SOLD","landallotementtype":"ALLOTTED","allotmentid":"YEA015216","village_name":"Rampur Bangar","khasra_no":"433,434","longitude":77.58094726,"latitude":28.30227668,"authority":"YEIDA","category":"residential","execution_stage":"allotted"}},{"type":"Feature","geometry":{"type":"Polygon","coordinates":[[[77.580818,28.302225],[77.580821,28.302334],[77.580565,28.30234],[77.580561,28.302231],[77.580818,28.302225]]]},"properties":{"objectid":6432,"uniqueplotid":"PLNGRESIDENTIAL6432","plotmap_id":"SECTOR-18_167_2C_RESI","plotidentificationnumber":"167","plotno":"167","industrysector":"SECTOR-18","block":"2C","plotsize":"300 SQMT","plotsize_at_the_time_of_allotme":"300 SQMT","landuse_type":"RESIDENTIAL","landuse_subcategory":"RESIDENTIAL","scheme_cod":"RES01","investment":0,"employment":0,"plotstatus":"Allotted","landallotementstatus":"SOLD","landallotementtype":"ALLOTTED","allotmentid":"YEA009728","lease_deed":"Y","lease_deed_date":1680028200000,"village_name":"Rampur Bangar","khasra_no":"433,434","longitude":77.58069122,"latitude":28.30228252,"authority":"YEIDA","category":"residential","execution_stage":"lease-recorded"}},{"type":"Feature","geometry":{"type":"Polygon","coordinates":[[[77.58107,28.302111],[77.581073,28.30222],[77.580818,28.302225],[77.580814,28.302117],[77.58107,28.302111]]]},"properties":{"objectid":6433,"uniqueplotid":"PLNGRESIDENTIAL6433","plotmap_id":"SECTOR-18_183_2C_RESI","plotidentificationnumber":"183","plotno":"183","industrysector":"SECTOR-18","block":"2C","plotsize":"300 SQMT","plotsize_at_the_time_of_allotme":"300 SQMT","landuse_type":"RESIDENTIAL","landuse_subcategory":"RESIDENTIAL","scheme_cod":"RES01","investment":0,"employment":0,"plotstatus":"Allotted","landallotementstatus":"SOLD","landallotementtype":"ALLOTTED","allotmentid":"YEA004708","village_name":"Rampur Bangar","khasra_no":"436,442,434","longitude":77.58094384,"latitude":28.30216843,"authority":"YEIDA","category":"residential","execution_stage":"allotted"}},{"type":"Feature","geometry":{"type":"Polygon","coordinates":[[[77.581066,28.302003],[77.58107,28.302111],[77.580814,28.302117],[77.580811,28.302009],[77.581066,28.302003]]]},"properties":{"objectid":6434,"uniqueplotid":"PLNGRESIDENTIAL6434","plotmap_id":"SECTOR-18_184_2C_RESI","plotidentificationnumber":"184","plotno":"184","industrysector":"SECTOR-18","block":"2C","plotsize":"300 SQMT","plotsize_at_the_time_of_allotme":"300 SQMT","landuse_type":"RESIDENTIAL","landuse_subcategory":"RESIDENTIAL","scheme_cod":"RES01","investment":0,"employment":0,"plotstatus":"Allotted","landallotementstatus":"SOLD","landallotementtype":"ALLOTTED","allotmentid":"YEA011378","village_name":"Rampur Bangar","khasra_no":"432,436,443,442,434","longitude":77.58094042,"latitude":28.302060179999998,"authority":"YEIDA","category":"residential","execution_stage":"allotted"}},{"type":"Feature","geometry":{"type":"Polygon","coordinates":[[[77.581063,28.301895],[77.581066,28.302003],[77.580811,28.302009],[77.580808,28.301901],[77.581063,28.301895]]]},"properties":{"objectid":6435,"uniqueplotid":"PLNGRESIDENTIAL6435","plotmap_id":"SECTOR-18_185_2C_RESI","plotidentificationnumber":"185","plotno":"185","industrysector":"SECTOR-18","block":"2C","plotsize":"300 SQMT","plotsize_at_the_time_of_allotme":"300 SQMT","landuse_type":"RESIDENTIAL","landuse_subcategory":"RESIDENTIAL","scheme_cod":"RES01","investment":0,"employment":0,"plotstatus":"Allotted","landallotementstatus":"SOLD","landallotementtype":"ALLOTTED","allotmentid":"YEA007395","village_name":"Rampur Bangar","khasra_no":"435,432,436,444,443,434","longitude":77.580937,"latitude":28.30195192,"authority":"YEIDA","category":"residential","execution_stage":"allotted"}},{"type":"Feature","geometry":{"type":"Polygon","coordinates":[[[77.580804,28.301792],[77.580808,28.301901],[77.580551,28.301907],[77.580547,28.301798],[77.580804,28.301792]]]},"properties":{"objectid":6436,"uniqueplotid":"PLNGRESIDENTIAL6436","plotmap_id":"SECTOR-18_163_2C_RESI","plotidentificationnumber":"163","plotno":"163","industrysector":"SECTOR-18","block":"2C","plotsize":"300 SQMT","plotsize_at_the_time_of_allotme":"300 SQMT","landuse_type":"RESIDENTIAL","landuse_subcategory":"RESIDENTIAL","scheme_cod":"RES01","investment":0,"employment":0,"plotstatus":"Allotted","landallotementstatus":"SOLD","landallotementtype":"ALLOTTED","allotmentid":"YEA010300","lease_deed":"Y","lease_deed_date":1639938600000,"village_name":"Rampur Bangar","khasra_no":"435,432,436,444","longitude":77.58067754000001,"latitude":28.30184951,"authority":"YEIDA","category":"residential","execution_stage":"lease-recorded"}},{"type":"Feature","geometry":{"type":"Polygon","coordinates":[[[77.580808,28.301901],[77.580811,28.302009],[77.580554,28.302015],[77.580551,28.301907],[77.580808,28.301901]]]},"properties":{"objectid":6437,"uniqueplotid":"PLNGRESIDENTIAL6437","plotmap_id":"SECTOR-18_164_2C_RESI","plotidentificationnumber":"164","plotno":"164","industrysector":"SECTOR-18","block":"2C","plotsize":"300 SQMT","plotsize_at_the_time_of_allotme":"300 SQMT","landuse_type":"RESIDENTIAL","landuse_subcategory":"RESIDENTIAL","scheme_cod":"RES01","investment":0,"employment":0,"plotstatus":"Allotted","landallotementstatus":"SOLD","landallotementtype":"ALLOTTED","allotmentid":"YEA009075","lease_deed":"Y","lease_deed_date":1601404200000,"village_name":"Rampur Bangar","khasra_no":"432","longitude":77.58068096000001,"latitude":28.30195776,"authority":"YEIDA","category":"residential","execution_stage":"lease-recorded"}},{"type":"Feature","geometry":{"type":"Polygon","coordinates":[[[77.58106,28.301787],[77.581063,28.301895],[77.580808,28.301901],[77.580804,28.301792],[77.58106,28.301787]]]},"properties":{"objectid":6438,"uniqueplotid":"PLNGRESIDENTIAL6438","plotmap_id":"SECTOR-18_186_2C_RESI","plotidentificationnumber":"186","plotno":"186","industrysector":"SECTOR-18","block":"2C","plotsize":"300 SQMT","plotsize_at_the_time_of_allotme":"300 SQMT","landuse_type":"RESIDENTIAL","landuse_subcategory":"RESIDENTIAL","scheme_cod":"RES01","investment":0,"employment":0,"plotstatus":"Allotted","landallotementstatus":"SOLD","landallotementtype":"ALLOTTED","allotmentid":"YEA016803","village_name":"Rampur Bangar","khasra_no":"435,432,436,444,443","longitude":77.58093357999999,"latitude":28.30184367,"authority":"YEIDA","category":"residential","execution_stage":"allotted"}},{"type":"Feature","geometry":{"type":"Polygon","coordinates":[[[77.580801,28.301685],[77.580804,28.301792],[77.580547,28.301798],[77.580544,28.301691],[77.580801,28.301685]]]},"properties":{"objectid":6439,"uniqueplotid":"PLNGRESIDENTIAL6439","plotmap_id":"SECTOR-18_162_2C_RESI","plotidentificationnumber":"162","plotno":"162","industrysector":"SECTOR-18","block":"2C","plotsize":"300 SQMT","plotsize_at_the_time_of_allotme":"300 SQMT","landuse_type":"RESIDENTIAL","landuse_subcategory":"RESIDENTIAL","scheme_cod":"RES01","investment":0,"employment":0,"plotstatus":"Allotted","landallotementstatus":"SOLD","landallotementtype":"ALLOTTED","allotmentid":"YEA010714","lease_deed":"Y","lease_deed_date":1679337000000,"village_name":"Rampur Bangar","khasra_no":"435,432,445,436,444","longitude":77.58067413,"latitude":28.30174148,"authority":"YEIDA","category":"residential","execution_stage":"lease-recorded"}},{"type":"Feature","geometry":{"type":"Polygon","coordinates":[[[77.581706,28.302206],[77.58171,28.302314],[77.581454,28.30232],[77.58145,28.302212],[77.581706,28.302206]]]},"properties":{"objectid":6440,"uniqueplotid":"PLNGRESIDENTIAL6440","plotmap_id":"SECTOR-18_208_2C_RESI","plotidentificationnumber":"208","plotno":"208","industrysector":"SECTOR-18","block":"2C","plotsize":"300 SQMT","plotsize_at_the_time_of_allotme":"300 SQMT","landuse_type":"RESIDENTIAL","landuse_subcategory":"RESIDENTIAL","scheme_cod":"RES01","investment":0,"employment":0,"plotstatus":"Allotted","landallotementstatus":"SOLD","landallotementtype":"ALLOTTED","allotmentid":"YEA017779","village_name":"Rampur Bangar","khasra_no":"441","longitude":77.58158012000001,"latitude":28.30226294,"authority":"YEIDA","category":"residential","execution_stage":"allotted"}},{"type":"Feature","geometry":{"type":"Polygon","coordinates":[[[77.581454,28.30232],[77.581457,28.302428],[77.581201,28.302434],[77.581198,28.302326],[77.581454,28.30232]]]},"properties":{"objectid":6441,"uniqueplotid":"PLNGRESIDENTIAL6441","plotmap_id":"SECTOR-18_194_2C_RESI","plotidentificationnumber":"194","plotno":"194","industrysector":"SECTOR-18","block":"2C","plotsize":"300 SQMT","plotsize_at_the_time_of_allotme":"300 SQMT","landuse_type":"RESIDENTIAL","landuse_subcategory":"RESIDENTIAL","scheme_cod":"RES01","investment":0,"employment":0,"plotstatus":"Allotted","landallotementstatus":"SOLD","landallotementtype":"ALLOTTED","allotmentid":"YEA019463","village_name":"Rampur Bangar","khasra_no":"441,436,434","longitude":77.58132741,"latitude":28.30237698,"authority":"YEIDA","category":"residential","execution_stage":"allotted"}},{"type":"Feature","geometry":{"type":"Polygon","coordinates":[[[77.581444,28.301995],[77.581447,28.302103],[77.581191,28.302109],[77.581187,28.302001],[77.581444,28.301995]]]},"properties":{"objectid":6442,"uniqueplotid":"PLNGRESIDENTIAL6442","plotmap_id":"SECTOR-18_191_2C_RESI","plotidentificationnumber":"191","plotno":"191","industrysector":"SECTOR-18","block":"2C","plotsize":"300 SQMT","plotsize_at_the_time_of_allotme":"300 SQMT","landuse_type":"RESIDENTIAL","landuse_subcategory":"RESIDENTIAL","scheme_cod":"RES01","investment":0,"employment":0,"plotstatus":"Allotted","landallotementstatus":"SOLD","landallotementtype":"ALLOTTED","allotmentid":"YEA019200","village_name":"Rampur Bangar","khasra_no":"441,442","longitude":77.58131726,"latitude":28.30205213,"authority":"YEIDA","category":"residential","execution_stage":"allotted"}},{"type":"Feature","geometry":{"type":"Polygon","coordinates":[[[77.581447,28.302103],[77.58145,28.302212],[77.581194,28.302217],[77.581191,28.302109],[77.581447,28.302103]]]},"properties":{"objectid":6443,"uniqueplotid":"PLNGRESIDENTIAL6443","plotmap_id":"SECTOR-18_192_2C_RESI","plotidentificationnumber":"192","plotno":"192","industrysector":"SECTOR-18","block":"2C","plotsize":"300 SQMT","plotsize_at_the_time_of_allotme":"300 SQMT","landuse_type":"RESIDENTIAL","landuse_subcategory":"RESIDENTIAL","scheme_cod":"RES01","investment":0,"employment":0,"plotstatus":"Allotted","landallotementstatus":"SOLD","landallotementtype":"ALLOTTED","allotmentid":"YEA013866","village_name":"Rampur Bangar","khasra_no":"441,442","longitude":77.58132065,"latitude":28.30216038,"authority":"YEIDA","category":"residential","execution_stage":"allotted"}},{"type":"Feature","geometry":{"type":"Polygon","coordinates":[[[77.58144,28.301887],[77.581444,28.301995],[77.581187,28.302001],[77.581184,28.301893],[77.58144,28.301887]]]},"properties":{"objectid":6444,"uniqueplotid":"PLNGRESIDENTIAL6444","plotmap_id":"SECTOR-18_190_2C_RESI","plotidentificationnumber":"190","plotno":"190","industrysector":"SECTOR-18","block":"2C","plotsize":"300 SQMT","plotsize_at_the_time_of_allotme":"300 SQMT","landuse_type":"RESIDENTIAL","landuse_subcategory":"RESIDENTIAL","scheme_cod":"RES01","investment":0,"employment":0,"plotstatus":"Allotted","landallotementstatus":"SOLD","landallotementtype":"ALLOTTED","allotmentid":"YEA015211","village_name":"Rampur Bangar","khasra_no":"443,442","longitude":77.58131387,"latitude":28.30194387,"authority":"YEIDA","category":"residential","execution_stage":"allotted"}},{"type":"Feature","geometry":{"type":"Polygon","coordinates":[[[77.581437,28.301779],[77.58144,28.301887],[77.581184,28.301893],[77.58118,28.301784],[77.581437,28.301779]]]},"properties":{"objectid":6445,"uniqueplotid":"PLNGRESIDENTIAL6445","plotmap_id":"SECTOR-18_189_2C_RESI","plotidentificationnumber":"189","plotno":"189","industrysector":"SECTOR-18","block":"2C","plotsize":"300 SQMT","plotsize_at_the_time_of_allotme":"300 SQMT","landuse_type":"RESIDENTIAL","landuse_subcategory":"RESIDENTIAL","scheme_cod":"RES01","investment":0,"employment":0,"plotstatus":"Allotted","landallotementstatus":"SOLD","landallotementtype":"ALLOTTED","allotmentid":"YEA007681","village_name":"Rampur Bangar","khasra_no":"443,442","longitude":77.58131048,"latitude":28.30183562,"authority":"YEIDA","category":"residential","execution_stage":"allotted"}},{"type":"Feature","geometry":{"type":"Polygon","coordinates":[[[77.579916,28.301145],[77.579923,28.301369],[77.5798,28.301372],[77.579793,28.301147],[77.579916,28.301145]]]},"properties":{"objectid":6446,"uniqueplotid":"PLNGRESIDENTIAL6446","plotmap_id":"SECTOR-18_59_2C_RESI","plotidentificationnumber":"59","plotno":"59","industrysector":"SECTOR-18","block":"2C","plotsize":"300 SQMT","plotsize_at_the_time_of_allotme":"300 SQMT","landuse_type":"RESIDENTIAL","landuse_subcategory":"RESIDENTIAL","scheme_cod":"RES01","investment":0,"employment":0,"plotstatus":"Allotted","landallotementstatus":"SOLD","landallotementtype":"ALLOTTED","allotmentid":"YEA020632","lease_deed":"Y","lease_deed_date":1567103400000,"village_name":"Mirzapur","khasra_no":"504","longitude":77.57985804,"latitude":28.30125838,"authority":"YEIDA","category":"residential","execution_stage":"lease-recorded"}},{"type":"Feature","geometry":{"type":"Polygon","coordinates":[[[77.579426,28.301156],[77.579433,28.301381],[77.57931,28.301383],[77.579303,28.301159],[77.579426,28.301156]]]},"properties":{"objectid":6447,"uniqueplotid":"PLNGRESIDENTIAL6447","plotmap_id":"SECTOR-18_55_2C_RESI","plotidentificationnumber":"55","plotno":"55","industrysector":"SECTOR-18","block":"2C","plotsize":"300 SQMT","plotsize_at_the_time_of_allotme":"300 SQMT","landuse_type":"RESIDENTIAL","landuse_subcategory":"RESIDENTIAL","scheme_cod":"RES01","investment":0,"employment":0,"plotstatus":"Allotted","landallotementstatus":"SOLD","landallotementtype":"ALLOTTED","allotmentid":"YEA008974","lease_deed":"Y","lease_deed_date":1557858600000,"village_name":"Mirzapur","khasra_no":"504","longitude":77.57936777,"latitude":28.30126955,"authority":"YEIDA","category":"residential","execution_stage":"lease-recorded"}},{"type":"Feature","geometry":{"type":"Polygon","coordinates":[[[77.579548,28.301153],[77.579555,28.301378],[77.579433,28.301381],[77.579426,28.301156],[77.579548,28.301153]]]},"properties":{"objectid":6448,"uniqueplotid":"PLNGRESIDENTIAL6448","plotmap_id":"SECTOR-18_56_2C_RESI","plotidentificationnumber":"56","plotno":"56","industrysector":"SECTOR-18","block":"2C","plotsize":"300 SQMT","plotsize_at_the_time_of_allotme":"300 SQMT","landuse_type":"RESIDENTIAL","landuse_subcategory":"RESIDENTIAL","scheme_cod":"RES01","investment":0,"employment":0,"plotstatus":"Allotted","landallotementstatus":"SOLD","landallotementtype":"ALLOTTED","allotmentid":"YEA019022","village_name":"Mirzapur","khasra_no":"504","longitude":77.5794905,"latitude":28.30126677,"authority":"YEIDA","category":"residential","execution_stage":"allotted"}},{"type":"Feature","geometry":{"type":"Polygon","coordinates":[[[77.579671,28.30115],[77.579678,28.301375],[77.579555,28.301378],[77.579548,28.301153],[77.579671,28.30115]]]},"properties":{"objectid":6449,"uniqueplotid":"PLNGRESIDENTIAL6449","plotmap_id":"SECTOR-18_57_2C_RESI","plotidentificationnumber":"57","plotno":"57","industrysector":"SECTOR-18","block":"2C","plotsize":"300 SQMT","plotsize_at_the_time_of_allotme":"300 SQMT","landuse_type":"RESIDENTIAL","landuse_subcategory":"RESIDENTIAL","scheme_cod":"RES01","investment":0,"employment":0,"plotstatus":"Allotted","landallotementstatus":"SOLD","landallotementtype":"ALLOTTED","allotmentid":"YEA008519","lease_deed":"Y","lease_deed_date":1554143400000,"village_name":"Mirzapur","khasra_no":"504","longitude":77.57961301,"latitude":28.30126397,"authority":"YEIDA","category":"residential","execution_stage":"lease-recorded"}},{"type":"Feature","geometry":{"type":"Polygon","coordinates":[[[77.579555,28.301378],[77.579562,28.301603],[77.57944,28.301605],[77.579433,28.301381],[77.579555,28.301378]]]},"properties":{"objectid":6450,"uniqueplotid":"PLNGRESIDENTIAL6450","plotmap_id":"SECTOR-18_80_2C_RESI","plotidentificationnumber":"80","plotno":"80","industrysector":"SECTOR-18","block":"2C","plotsize":"300 SQMT","plotsize_at_the_time_of_allotme":"300 SQMT","landuse_type":"RESIDENTIAL","landuse_subcategory":"RESIDENTIAL","scheme_cod":"RES01","investment":0,"employment":0,"plotstatus":"Allotted","landallotementstatus":"SOLD","landallotementtype":"ALLOTTED","allotmentid":"YEA016170","lease_deed":"Y","lease_deed_date":1601317800000,"village_name":"Mirzapur","khasra_no":"504","longitude":77.57949741,"latitude":28.301491600000002,"authority":"YEIDA","category":"residential","execution_stage":"lease-recorded"}},{"type":"Feature","geometry":{"type":"Polygon","coordinates":[[[77.579181,28.301161],[77.579188,28.301386],[77.579065,28.301389],[77.579058,28.301164],[77.579181,28.301161]]]},"properties":{"objectid":6451,"uniqueplotid":"PLNGRESIDENTIAL6451","plotmap_id":"SECTOR-18_53_2C_RESI","plotidentificationnumber":"53","plotno":"53","industrysector":"SECTOR-18","block":"2C","plotsize":"300 SQMT","plotsize_at_the_time_of_allotme":"300 SQMT","landuse_type":"RESIDENTIAL","landuse_subcategory":"RESIDENTIAL","scheme_cod":"RES01","investment":0,"employment":0,"plotstatus":"Allotted","landallotementstatus":"SOLD","landallotementtype":"ALLOTTED","allotmentid":"YEA020063","lease_deed":"Y","lease_deed_date":1745260200000,"village_name":"Mirzapur","khasra_no":"504","longitude":77.57912297,"latitude":28.301275150000002,"authority":"YEIDA","category":"residential","execution_stage":"lease-recorded"}},{"type":"Feature","geometry":{"type":"Polygon","coordinates":[[[77.578936,28.301167],[77.578943,28.301392],[77.57882,28.301395],[77.578813,28.30117],[77.578936,28.301167]]]},"properties":{"objectid":6452,"uniqueplotid":"PLNGRESIDENTIAL6452","plotmap_id":"SECTOR-18_51_2C_RESI","plotidentificationnumber":"51","plotno":"51","industrysector":"SECTOR-18","block":"2C","plotsize":"300 SQMT","plotsize_at_the_time_of_allotme":"300 SQMT","landuse_type":"RESIDENTIAL","landuse_subcategory":"RESIDENTIAL","scheme_cod":"RES01","investment":0,"employment":0,"plotstatus":"Allotted","landallotementstatus":"SOLD","landallotementtype":"ALLOTTED","allotmentid":"YEA019029","village_name":"Rampur Bangar,Mirzapur","khasra_no":"504,445,448,446","longitude":77.57887772,"latitude":28.301280730000002,"authority":"YEIDA","category":"residential","execution_stage":"allotted"}},{"type":"Feature","geometry":{"type":"Polygon","coordinates":[[[77.579058,28.301164],[77.579065,28.301389],[77.578943,28.301392],[77.578936,28.301167],[77.579058,28.301164]]]},"properties":{"objectid":6453,"uniqueplotid":"PLNGRESIDENTIAL6453","plotmap_id":"SECTOR-18_52_2C_RESI","plotidentificationnumber":"52","plotno":"52","industrysector":"SECTOR-18","block":"2C","plotsize":"300 SQMT","plotsize_at_the_time_of_allotme":"300 SQMT","landuse_type":"RESIDENTIAL","landuse_subcategory":"RESIDENTIAL","scheme_cod":"RES01","investment":0,"employment":0,"plotstatus":"Allotted","landallotementstatus":"SOLD","landallotementtype":"ALLOTTED","allotmentid":"YEA005443","lease_deed":"Y","lease_deed_date":1548095400000,"village_name":"Rampur Bangar,Mirzapur","khasra_no":"504,445,446","longitude":77.57900045999999,"latitude":28.301277950000003,"authority":"YEIDA","category":"residential","execution_stage":"lease-recorded"}},{"type":"Feature","geometry":{"type":"Polygon","coordinates":[[[77.579433,28.301381],[77.57944,28.301605],[77.579317,28.301608],[77.57931,28.301383],[77.579433,28.301381]]]},"properties":{"objectid":6454,"uniqueplotid":"PLNGRESIDENTIAL6454","plotmap_id":"SECTOR-18_81_2C_RESI","plotidentificationnumber":"81","plotno":"81","industrysector":"SECTOR-18","block":"2C","plotsize":"300 SQMT","plotsize_at_the_time_of_allotme":"300 SQMT","landuse_type":"RESIDENTIAL","landuse_subcategory":"RESIDENTIAL","scheme_cod":"RES01","investment":0,"employment":0,"plotstatus":"Allotted","landallotementstatus":"SOLD","landallotementtype":"ALLOTTED","allotmentid":"YEA014322","village_name":"Mirzapur","khasra_no":"504","longitude":77.57937481,"latitude":28.30149438,"authority":"YEIDA","category":"residential","execution_stage":"allotted"}},{"type":"Feature","geometry":{"type":"Polygon","coordinates":[[[77.57931,28.301383],[77.579317,28.301608],[77.579195,28.301611],[77.579188,28.301386],[77.57931,28.301383]]]},"properties":{"objectid":6455,"uniqueplotid":"PLNGRESIDENTIAL6455","plotmap_id":"SECTOR-18_82_2C_RESI","plotidentificationnumber":"82","plotno":"82","industrysector":"SECTOR-18","block":"2C","plotsize":"300 SQMT","plotsize_at_the_time_of_allotme":"300 SQMT","landuse_type":"RESIDENTIAL","landuse_subcategory":"RESIDENTIAL","scheme_cod":"RES01","investment":0,"employment":0,"plotstatus":"Allotted","landallotementstatus":"SOLD","landallotementtype":"ALLOTTED","allotmentid":"YEA019124","lease_deed":"Y","lease_deed_date":1572978600000,"village_name":"Rampur Bangar,Mirzapur","khasra_no":"504,445","longitude":77.57925236,"latitude":28.30149722,"authority":"YEIDA","category":"residential","execution_stage":"lease-recorded"}},{"type":"Feature","geometry":{"type":"Polygon","coordinates":[[[77.580413,28.301358],[77.58042,28.301583],[77.580297,28.301586],[77.58029,28.301361],[77.580413,28.301358]]]},"properties":{"objectid":6456,"uniqueplotid":"PLNGRESIDENTIAL6456","plotmap_id":"SECTOR-18_73_2C_RESI","plotidentificationnumber":"73","plotno":"73","industrysector":"SECTOR-18","block":"2C","plotsize":"300 SQMT","plotsize_at_the_time_of_allotme":"300 SQMT","landuse_type":"RESIDENTIAL","landuse_subcategory":"RESIDENTIAL","scheme_cod":"RES01","investment":0,"employment":0,"plotstatus":"Allotted","landallotementstatus":"SOLD","landallotementtype":"ALLOTTED","allotmentid":"YEA018849","village_name":"Mirzapur","khasra_no":"504","longitude":77.58035521999999,"latitude":28.30147205,"authority":"YEIDA","category":"residential","execution_stage":"allotted"}},{"type":"Feature","geometry":{"type":"Polygon","coordinates":[[[77.5798,28.301372],[77.579807,28.301597],[77.579685,28.3016],[77.579678,28.301375],[77.5798,28.301372]]]},"properties":{"objectid":6457,"uniqueplotid":"PLNGRESIDENTIAL6457","plotmap_id":"SECTOR-18_78_2C_RESI","plotidentificationnumber":"78","plotno":"78","industrysector":"SECTOR-18","block":"2C","plotsize":"300 SQMT","plotsize_at_the_time_of_allotme":"300 SQMT","landuse_type":"RESIDENTIAL","landuse_subcategory":"RESIDENTIAL","scheme_cod":"RES01","investment":0,"employment":0,"plotstatus":"Allotted","landallotementstatus":"SOLD","landallotementtype":"ALLOTTED","allotmentid":"YEA016005","lease_deed":"Y","lease_deed_date":1630348200000,"village_name":"Mirzapur","khasra_no":"504","longitude":77.57974244,"latitude":28.30148601,"authority":"YEIDA","category":"residential","execution_stage":"lease-recorded"}},{"type":"Feature","geometry":{"type":"Polygon","coordinates":[[[77.579678,28.301375],[77.579685,28.3016],[77.579562,28.301603],[77.579555,28.301378],[77.579678,28.301375]]]},"properties":{"objectid":6458,"uniqueplotid":"PLNGRESIDENTIAL6458","plotmap_id":"SECTOR-18_79_2C_RESI","plotidentificationnumber":"79","plotno":"79","industrysector":"SECTOR-18","block":"2C","plotsize":"300 SQMT","plotsize_at_the_time_of_allotme":"300 SQMT","landuse_type":"RESIDENTIAL","landuse_subcategory":"RESIDENTIAL","scheme_cod":"RRPS01","investment":0,"employment":0,"plotstatus":"Allotted","landallotementstatus":"SOLD","landallotementtype":"ALLOTTED","allotmentid":"RRPS012749","lease_deed":"Y","lease_deed_date":1712687400000,"village_name":"Mirzapur","khasra_no":"504","longitude":77.57961992999999,"latitude":28.301488810000002,"authority":"YEIDA","category":"residential","execution_stage":"lease-recorded"}},{"type":"Feature","geometry":{"type":"Polygon","coordinates":[[[77.580045,28.301367],[77.580052,28.301591],[77.57993,28.301594],[77.579923,28.301369],[77.580045,28.301367]]]},"properties":{"objectid":6459,"uniqueplotid":"PLNGRESIDENTIAL6459","plotmap_id":"SECTOR-18_76_2C_RESI","plotidentificationnumber":"76","plotno":"76","industrysector":"SECTOR-18","block":"2C","plotsize":"300 SQMT","plotsize_at_the_time_of_allotme":"300 SQMT","landuse_type":"RESIDENTIAL","landuse_subcategory":"RESIDENTIAL","scheme_cod":"RES01","investment":0,"employment":0,"plotstatus":"Allotted","landallotementstatus":"SOLD","landallotementtype":"ALLOTTED","allotmentid":"YEA004740","lease_deed":"Y","lease_deed_date":1558636200000,"village_name":"Mirzapur","khasra_no":"504","longitude":77.57998742999999,"latitude":28.301480440000002,"authority":"YEIDA","category":"residential","execution_stage":"lease-recorded"}},{"type":"Feature","geometry":{"type":"Polygon","coordinates":[[[77.579923,28.301369],[77.57993,28.301594],[77.579807,28.301597],[77.5798,28.301372],[77.579923,28.301369]]]},"properties":{"objectid":6460,"uniqueplotid":"PLNGRESIDENTIAL6460","plotmap_id":"SECTOR-18_77_2C_RESI","plotidentificationnumber":"77","plotno":"77","industrysector":"SECTOR-18","block":"2C","plotsize":"300 SQMT","plotsize_at_the_time_of_allotme":"300 SQMT","landuse_type":"RESIDENTIAL","landuse_subcategory":"RESIDENTIAL","scheme_cod":"RES01","investment":0,"employment":0,"plotstatus":"Allotted","landallotementstatus":"SOLD","landallotementtype":"ALLOTTED","allotmentid":"YEA010985","lease_deed":"Y","lease_deed_date":1629916200000,"village_name":"Mirzapur","khasra_no":"504","longitude":77.57986495,"latitude":28.30148322,"authority":"YEIDA","category":"residential","execution_stage":"lease-recorded"}},{"type":"Feature","geometry":{"type":"Polygon","coordinates":[[[77.58029,28.301361],[77.580297,28.301586],[77.580175,28.301589],[77.580168,28.301364],[77.58029,28.301361]]]},"properties":{"objectid":6461,"uniqueplotid":"PLNGRESIDENTIAL6461","plotmap_id":"SECTOR-18_74_2C_RESI","plotidentificationnumber":"74","plotno":"74","industrysector":"SECTOR-18","block":"2C","plotsize":"300 SQMT","plotsize_at_the_time_of_allotme":"300 SQMT","landuse_type":"RESIDENTIAL","landuse_subcategory":"RESIDENTIAL","scheme_cod":"RES01","investment":0,"employment":0,"plotstatus":"Allotted","landallotementstatus":"SOLD","landallotementtype":"ALLOTTED","allotmentid":"YEA011844","lease_deed":"Y","lease_deed_date":1638210600000,"village_name":"Mirzapur","khasra_no":"504","longitude":77.58023249,"latitude":28.30147483,"authority":"YEIDA","category":"residential","execution_stage":"lease-recorded"}},{"type":"Feature","geometry":{"type":"Polygon","coordinates":[[[77.580168,28.301364],[77.580175,28.301589],[77.580052,28.301591],[77.580045,28.301367],[77.580168,28.301364]]]},"properties":{"objectid":6462,"uniqueplotid":"PLNGRESIDENTIAL6462","plotmap_id":"SECTOR-18_75_2C_RESI","plotidentificationnumber":"75","plotno":"75","industrysector":"SECTOR-18","block":"2C","plotsize":"300 SQMT","plotsize_at_the_time_of_allotme":"300 SQMT","landuse_type":"RESIDENTIAL","landuse_subcategory":"RESIDENTIAL","scheme_cod":"RES01","investment":0,"employment":0,"plotstatus":"Allotted","landallotementstatus":"SOLD","landallotementtype":"ALLOTTED","allotmentid":"YEA018664","lease_deed":"Y","lease_deed_date":1566757800000,"village_name":"Mirzapur","khasra_no":"504","longitude":77.58010988,"latitude":28.301477610000003,"authority":"YEIDA","category":"residential","execution_stage":"lease-recorded"}},{"type":"Feature","geometry":{"type":"Polygon","coordinates":[[[77.578943,28.301392],[77.57895,28.301617],[77.578827,28.301619],[77.57882,28.301395],[77.578943,28.301392]]]},"properties":{"objectid":6463,"uniqueplotid":"PLNGRESIDENTIAL6463","plotmap_id":"SECTOR-18_85_2C_RESI","plotidentificationnumber":"85","plotno":"85","industrysector":"SECTOR-18","block":"2C","plotsize":"300 SQMT","plotsize_at_the_time_of_allotme":"300 SQMT","landuse_type":"RESIDENTIAL","landuse_subcategory":"RESIDENTIAL","scheme_cod":"RES01","investment":0,"employment":0,"plotstatus":"Allotted","landallotementstatus":"SOLD","landallotementtype":"ALLOTTED","allotmentid":"YEA018076","village_name":"Rampur Bangar","khasra_no":"448,446","longitude":77.57888476,"latitude":28.301505560000003,"authority":"YEIDA","category":"residential","execution_stage":"allotted"}},{"type":"Feature","geometry":{"type":"Polygon","coordinates":[[[77.579065,28.301389],[77.579072,28.301614],[77.57895,28.301617],[77.578943,28.301392],[77.579065,28.301389]]]},"properties":{"objectid":6464,"uniqueplotid":"PLNGRESIDENTIAL6464","plotmap_id":"SECTOR-18_84_2C_RESI","plotidentificationnumber":"84","plotno":"84","industrysector":"SECTOR-18","block":"2C","plotsize":"300 SQMT","plotsize_at_the_time_of_allotme":"300 SQMT","landuse_type":"RESIDENTIAL","landuse_subcategory":"RESIDENTIAL","scheme_cod":"RES01","investment":0,"employment":0,"plotstatus":"Allotted","landallotementstatus":"SOLD","landallotementtype":"ALLOTTED","allotmentid":"YEA006349","lease_deed":"Y","lease_deed_date":1645554600000,"village_name":"Rampur Bangar,Mirzapur","khasra_no":"504,445,448,446","longitude":77.57900737,"latitude":28.30150279,"authority":"YEIDA","category":"residential","execution_stage":"lease-recorded"}},{"type":"Feature","geometry":{"type":"Polygon","coordinates":[[[77.580787,28.301576],[77.580665,28.301579],[77.580658,28.301353],[77.58078,28.30135],[77.580787,28.301576]]]},"properties":{"objectid":6465,"uniqueplotid":"PLNGRESIDENTIAL6465","plotmap_id":"SECTOR-18_71_2C_RESI","plotidentificationnumber":"71","plotno":"71","industrysector":"SECTOR-18","block":"2C","plotsize":"300 SQMT","plotsize_at_the_time_of_allotme":"300 SQMT","landuse_type":"RESIDENTIAL","landuse_subcategory":"RESIDENTIAL","scheme_cod":"RES01","investment":0,"employment":0,"plotstatus":"Allotted","landallotementstatus":"SOLD","landallotementtype":"ALLOTTED","allotmentid":"YEA005872","village_name":"Mirzapur","khasra_no":"504,505","longitude":77.5807224,"latitude":28.30146462,"authority":"YEIDA","category":"residential","execution_stage":"allotted"}},{"type":"Feature","geometry":{"type":"Polygon","coordinates":[[[77.579188,28.301386],[77.579195,28.301611],[77.579072,28.301614],[77.579065,28.301389],[77.579188,28.301386]]]},"properties":{"objectid":6466,"uniqueplotid":"PLNGRESIDENTIAL6466","plotmap_id":"SECTOR-18_83_2C_RESI","plotidentificationnumber":"83","plotno":"83","industrysector":"SECTOR-18","block":"2C","plotsize":"300 SQMT","plotsize_at_the_time_of_allotme":"300 SQMT","landuse_type":"RESIDENTIAL","landuse_subcategory":"RESIDENTIAL","scheme_cod":"RES01","investment":0,"employment":0,"plotstatus":"Allotted","landallotementstatus":"SOLD","landallotementtype":"ALLOTTED","allotmentid":"YEA015507","lease_deed":"Y","lease_deed_date":1574361000000,"village_name":"Rampur Bangar,Mirzapur","khasra_no":"504,445,446","longitude":77.57912988,"latitude":28.30149999,"authority":"YEIDA","category":"residential","execution_stage":"lease-recorded"}},{"type":"Feature","geometry":{"type":"Polygon","coordinates":[[[77.580896,28.301123],[77.580903,28.301348],[77.58078,28.30135],[77.580773,28.301126],[77.580896,28.301123]]]},"properties":{"objectid":6467,"uniqueplotid":"PLNGRESIDENTIAL6467","plotmap_id":"SECTOR-18_66_2C_RESI","plotidentificationnumber":"66","plotno":"66","industrysector":"SECTOR-18","block":"2C","plotsize":"300 SQMT","plotsize_at_the_time_of_allotme":"300 SQMT","landuse_type":"RESIDENTIAL","landuse_subcategory":"RESIDENTIAL","scheme_cod":"RES01","investment":0,"employment":0,"plotstatus":"Allotted","landallotementstatus":"SOLD","landallotementtype":"ALLOTTED","allotmentid":"YEA010786","lease_deed":"Y","lease_deed_date":1647196200000,"village_name":"Mirzapur","khasra_no":"511,505","longitude":77.58083794,"latitude":28.301236890000002,"authority":"YEIDA","category":"residential","execution_stage":"lease-recorded"}},{"type":"Feature","geometry":{"type":"Polygon","coordinates":[[[77.58078,28.30135],[77.580658,28.301353],[77.58065,28.301129],[77.580773,28.301126],[77.58078,28.30135]]]},"properties":{"objectid":6468,"uniqueplotid":"PLNGRESIDENTIAL6468","plotmap_id":"SECTOR-18_65_2C_RESI","plotidentificationnumber":"65","plotno":"65","industrysector":"SECTOR-18","block":"2C","plotsize":"300 SQMT","plotsize_at_the_time_of_allotme":"300 SQMT","landuse_type":"RESIDENTIAL","landuse_subcategory":"RESIDENTIAL","scheme_cod":"RES01","investment":0,"employment":0,"plotstatus":"Allotted","landallotementstatus":"SOLD","landallotementtype":"ALLOTTED","allotmentid":"YEA019373","lease_deed":"Y","lease_deed_date":1579717800000,"village_name":"Mirzapur","khasra_no":"504,505","longitude":77.58071527,"latitude":28.30123962,"authority":"YEIDA","category":"residential","execution_stage":"lease-recorded"}},{"type":"Feature","geometry":{"type":"Polygon","coordinates":[[[77.581025,28.301345],[77.581032,28.301571],[77.58091,28.301573],[77.580903,28.301348],[77.581025,28.301345]]]},"properties":{"objectid":6469,"uniqueplotid":"PLNGRESIDENTIAL6469","plotmap_id":"SECTOR-18_69_2C_RESI","plotidentificationnumber":"69","plotno":"69","industrysector":"SECTOR-18","block":"2C","plotsize":"300 SQMT","plotsize_at_the_time_of_allotme":"300 SQMT","landuse_type":"RESIDENTIAL","landuse_subcategory":"RESIDENTIAL","scheme_cod":"RES01","investment":0,"employment":0,"plotstatus":"Allotted","landallotementstatus":"SOLD","landallotementtype":"ALLOTTED","allotmentid":"YEA012321","village_name":"Rampur Bangar,Mirzapur","khasra_no":"505,445","longitude":77.58096756,"latitude":28.3014592,"authority":"YEIDA","category":"residential","execution_stage":"allotted"}},{"type":"Feature","geometry":{"type":"Polygon","coordinates":[[[77.580903,28.301348],[77.58091,28.301573],[77.580787,28.301576],[77.58078,28.30135],[77.580903,28.301348]]]},"properties":{"objectid":6470,"uniqueplotid":"PLNGRESIDENTIAL6470","plotmap_id":"SECTOR-18_70_2C_RESI","plotidentificationnumber":"70","plotno":"70","industrysector":"SECTOR-18","block":"2C","plotsize":"300 SQMT","plotsize_at_the_time_of_allotme":"300 SQMT","landuse_type":"RESIDENTIAL","landuse_subcategory":"RESIDENTIAL","scheme_cod":"RES01","investment":0,"employment":0,"plotstatus":"Allotted","landallotementstatus":"SOLD","landallotementtype":"ALLOTTED","allotmentid":"YEA012394","village_name":"Rampur Bangar,Mirzapur","khasra_no":"504,505,445","longitude":77.58084498,"latitude":28.30146187,"authority":"YEIDA","category":"residential","execution_stage":"allotted"}},{"type":"Feature","geometry":{"type":"Polygon","coordinates":[[[77.581693,28.301773],[77.581696,28.301881],[77.58144,28.301887],[77.581437,28.301779],[77.581693,28.301773]]]},"properties":{"objectid":6471,"uniqueplotid":"PLNGRESIDENTIAL6471","plotmap_id":"SECTOR-18_212_2C_RESI","plotidentificationnumber":"212","plotno":"212","industrysector":"SECTOR-18","block":"2C","plotsize":"300 SQMT","plotsize_at_the_time_of_allotme":"300 SQMT","landuse_type":"RESIDENTIAL","landuse_subcategory":"RESIDENTIAL","scheme_cod":"RES01","investment":0,"employment":0,"plotstatus":"Allotted","landallotementstatus":"SOLD","landallotementtype":"ALLOTTED","allotmentid":"YEA018181","village_name":"Rampur Bangar","khasra_no":"443,442","longitude":77.58156654000001,"latitude":28.30182978,"authority":"YEIDA","category":"residential","execution_stage":"allotted"}},{"type":"Feature","geometry":{"type":"Polygon","coordinates":[[[77.578428,28.300906],[77.578171,28.300912],[77.578168,28.300803],[77.578424,28.300798],[77.578428,28.300906]]]},"properties":{"objectid":6472,"uniqueplotid":"PLNGRESIDENTIAL6472","plotmap_id":"SECTOR-18_2_2C_RESI","plotidentificationnumber":"2","plotno":"2","industrysector":"SECTOR-18","block":"2C","plotsize":"300 SQMT","plotsize_at_the_time_of_allotme":"300 SQMT","landuse_type":"RESIDENTIAL","landuse_subcategory":"RESIDENTIAL","scheme_cod":"RES01","investment":0,"employment":0,"plotstatus":"Allotted","landallotementstatus":"SOLD","landallotementtype":"ALLOTTED","allotmentid":"YEA017312","lease_deed":"Y","lease_deed_date":1640284200000,"village_name":"Rampur Bangar","khasra_no":"463,448,446","longitude":77.57829772,"latitude":28.30085462,"authority":"YEIDA","category":"residential","execution_stage":"lease-recorded"}},{"type":"Feature","geometry":{"type":"Polygon","coordinates":[[[77.57869,28.301116],[77.578693,28.301225],[77.578437,28.301231],[77.578434,28.301122],[77.57869,28.301116]]]},"properties":{"objectid":6473,"uniqueplotid":"PLNGRESIDENTIAL6473","plotmap_id":"SECTOR-18_8_2C_RESI","plotidentificationnumber":"8","plotno":"8","industrysector":"SECTOR-18","block":"2C","plotsize":"300 SQMT","plotsize_at_the_time_of_allotme":"300 SQMT","landuse_type":"RESIDENTIAL","landuse_subcategory":"RESIDENTIAL","scheme_cod":"RES01","investment":0,"employment":0,"plotstatus":"Allotted","landallotementstatus":"SOLD","landallotementtype":"ALLOTTED","allotmentid":"YEA014987","lease_deed":"Y","lease_deed_date":1554748200000,"village_name":"Rampur Bangar","khasra_no":"448,446","longitude":77.57856357,"latitude":28.301173470000002,"authority":"YEIDA","category":"residential","execution_stage":"lease-recorded"}},{"type":"Feature","geometry":{"type":"Polygon","coordinates":[[[77.578428,28.300906],[77.578431,28.301014],[77.578175,28.30102],[77.578171,28.300912],[77.578428,28.300906]]]},"properties":{"objectid":6474,"uniqueplotid":"PLNGRESIDENTIAL6474","plotmap_id":"SECTOR-18_3_2C_RESI","plotidentificationnumber":"3","plotno":"3","industrysector":"SECTOR-18","block":"2C","plotsize":"300 SQMT","plotsize_at_the_time_of_allotme":"300 SQMT","landuse_type":"RESIDENTIAL","landuse_subcategory":"RESIDENTIAL","scheme_cod":"RES01","investment":0,"employment":0,"plotstatus":"Allotted","landallotementstatus":"SOLD","landallotementtype":"ALLOTTED","allotmentid":"YEA011805","lease_deed":"Y","lease_deed_date":1574101800000,"village_name":"Rampur Bangar","khasra_no":"448,446","longitude":77.57830113,"latitude":28.30096279,"authority":"YEIDA","category":"residential","execution_stage":"lease-recorded"}},{"type":"Feature","geometry":{"type":"Polygon","coordinates":[[[77.578683,28.3009],[77.578686,28.301008],[77.578431,28.301014],[77.578428,28.300906],[77.578683,28.3009]]]},"properties":{"objectid":6475,"uniqueplotid":"PLNGRESIDENTIAL6475","plotmap_id":"SECTOR-18_10_2C_RESI","plotidentificationnumber":"10","plotno":"10","industrysector":"SECTOR-18","block":"2C","plotsize":"300 SQMT","plotsize_at_the_time_of_allotme":"300 SQMT","landuse_type":"RESIDENTIAL","landuse_subcategory":"RESIDENTIAL","scheme_cod":"RES01","investment":0,"employment":0,"plotstatus":"Allotted","landallotementstatus":"SOLD","landallotementtype":"ALLOTTED","allotmentid":"YEA018730","lease_deed":"Y","lease_deed_date":1648578600000,"village_name":"Rampur Bangar,Mirzapur","khasra_no":"503,504,445,448,446","longitude":77.5785568,"latitude":28.300956959999997,"authority":"YEIDA","category":"residential","execution_stage":"lease-recorded"}},{"type":"Feature","geometry":{"type":"Polygon","coordinates":[[[77.578686,28.301008],[77.57869,28.301116],[77.578434,28.301122],[77.578431,28.301014],[77.578686,28.301008]]]},"properties":{"objectid":6476,"uniqueplotid":"PLNGRESIDENTIAL6476","plotmap_id":"SECTOR-18_9_2C_RESI","plotidentificationnumber":"9","plotno":"9","industrysector":"SECTOR-18","block":"2C","plotsize":"300 SQMT","plotsize_at_the_time_of_allotme":"300 SQMT","landuse_type":"RESIDENTIAL","landuse_subcategory":"RESIDENTIAL","scheme_cod":"RES01","investment":0,"employment":0,"plotstatus":"Allotted","landallotementstatus":"SOLD","landallotementtype":"ALLOTTED","allotmentid":"YEA009024","village_name":"Rampur Bangar,Mirzapur","khasra_no":"504,445,448,446","longitude":77.57856019,"latitude":28.301065209999997,"authority":"YEIDA","category":"residential","execution_stage":"allotted"}},{"type":"Feature","geometry":{"type":"Polygon","coordinates":[[[77.580511,28.300572],[77.580518,28.300796],[77.580396,28.300799],[77.580389,28.300575],[77.580511,28.300572]]]},"properties":{"objectid":6477,"uniqueplotid":"PLNGRESIDENTIAL6477","plotmap_id":"SECTOR-18_25_2C_RESI","plotidentificationnumber":"25","plotno":"25","industrysector":"SECTOR-18","block":"2C","plotsize":"300 SQMT","plotsize_at_the_time_of_allotme":"300 SQMT","landuse_type":"RESIDENTIAL","landuse_subcategory":"RESIDENTIAL","scheme_cod":"RPS06","investment":0,"employment":0,"plotstatus":"Allotted","landallotementstatus":"SOLD","landallotementtype":"ALLOTTED","allotmentid":"RPS061412","village_name":"Mirzapur","khasra_no":"511,505","longitude":77.58045326,"latitude":28.30068572,"authority":"YEIDA","category":"residential","execution_stage":"allotted"}},{"type":"Feature","geometry":{"type":"Polygon","coordinates":[[[77.579899,28.300586],[77.579906,28.30081],[77.579783,28.300813],[77.579776,28.300589],[77.579899,28.300586]]]},"properties":{"objectid":6478,"uniqueplotid":"PLNGRESIDENTIAL6478","plotmap_id":"SECTOR-18_20_2C_RESI","plotidentificationnumber":"20","plotno":"20","industrysector":"SECTOR-18","block":"2C","plotsize":"300 SQMT","plotsize_at_the_time_of_allotme":"300 SQMT","landuse_type":"RESIDENTIAL","landuse_subcategory":"RESIDENTIAL","scheme_cod":"RES01","investment":0,"employment":0,"plotstatus":"Allotted","landallotementstatus":"SOLD","landallotementtype":"ALLOTTED","allotmentid":"YEA011173","village_name":"Mirzapur","khasra_no":"504","longitude":77.57984064,"latitude":28.30069965,"authority":"YEIDA","category":"residential","execution_stage":"allotted"}},{"type":"Feature","geometry":{"type":"Polygon","coordinates":[[[77.578683,28.3009],[77.578428,28.300906],[77.578424,28.300798],[77.578679,28.300792],[77.578683,28.3009]]]},"properties":{"objectid":6479,"uniqueplotid":"PLNGRESIDENTIAL6479","plotmap_id":"SECTOR-18_11_2C_RESI","plotidentificationnumber":"11","plotno":"11","industrysector":"SECTOR-18","block":"2C","plotsize":"300 SQMT","plotsize_at_the_time_of_allotme":"300 SQMT","landuse_type":"RESIDENTIAL","landuse_subcategory":"RESIDENTIAL","scheme_cod":"RES01","investment":0,"employment":0,"plotstatus":"Allotted","landallotementstatus":"SOLD","landallotementtype":"ALLOTTED","allotmentid":"YEA009117","lease_deed":"Y","lease_deed_date":1556735400000,"village_name":"Rampur Bangar,Mirzapur","khasra_no":"503,445,446","longitude":77.57855339000001,"latitude":28.3008489,"authority":"YEIDA","category":"residential","execution_stage":"lease-recorded"}},{"type":"Feature","geometry":{"type":"Polygon","coordinates":[[[77.580634,28.30057],[77.580641,28.300793],[77.580518,28.300796],[77.580511,28.300572],[77.580634,28.30057]]]},"properties":{"objectid":6480,"uniqueplotid":"PLNGRESIDENTIAL6480","plotmap_id":"SECTOR-18_26_2C_RESI","plotidentificationnumber":"26","plotno":"26","industrysector":"SECTOR-18","block":"2C","plotsize":"300 SQMT","plotsize_at_the_time_of_allotme":"300 SQMT","landuse_type":"RESIDENTIAL","landuse_subcategory":"RESIDENTIAL","scheme_cod":"RES01","investment":0,"employment":0,"plotstatus":"Allotted","landallotementstatus":"SOLD","landallotementtype":"ALLOTTED","allotmentid":"YEA019521","village_name":"Mirzapur","khasra_no":"511,505","longitude":77.58057571,"latitude":28.30068288,"authority":"YEIDA","category":"residential","execution_stage":"allotted"}},{"type":"Feature","geometry":{"type":"Polygon","coordinates":[[[77.578424,28.300798],[77.578168,28.300803],[77.578162,28.300623],[77.578418,28.300618],[77.578424,28.300798]]]},"properties":{"objectid":6481,"uniqueplotid":"PLNGRESIDENTIAL6481","plotmap_id":"SECTOR-18_1_2C_RESI","plotidentificationnumber":"1","plotno":"1","industrysector":"SECTOR-18","block":"2C","plotsize":"300 SQMT","plotsize_at_the_time_of_allotme":"300 SQMT","landuse_type":"RESIDENTIAL","landuse_subcategory":"RESIDENTIAL","scheme_cod":"RES01","investment":0,"employment":0,"plotstatus":"Allotted","landallotementstatus":"SOLD","landallotementtype":"ALLOTTED","allotmentid":"YEA013166","village_name":"Rampur Bangar,Mirzapur","khasra_no":"503,501,445,463,448,446","longitude":77.57829321999999,"latitude":28.30071045,"authority":"YEIDA","category":"residential","execution_stage":"allotted"}},{"type":"Feature","geometry":{"type":"Polygon","coordinates":[[[77.580879,28.300564],[77.580886,28.300788],[77.580763,28.300791],[77.580756,28.300567],[77.580879,28.300564]]]},"properties":{"objectid":6482,"uniqueplotid":"PLNGRESIDENTIAL6482","plotmap_id":"SECTOR-18_28_2C_RESI","plotidentificationnumber":"28","plotno":"28","industrysector":"SECTOR-18","block":"2C","plotsize":"300 SQMT","plotsize_at_the_time_of_allotme":"300 SQMT","landuse_type":"RESIDENTIAL","landuse_subcategory":"RESIDENTIAL","scheme_cod":"RES01","investment":0,"employment":0,"plotstatus":"Allotted","landallotementstatus":"SOLD","landallotementtype":"ALLOTTED","allotmentid":"YEA017220","village_name":"Mirzapur","khasra_no":"511","longitude":77.58082096,"latitude":28.3006773,"authority":"YEIDA","category":"residential","execution_stage":"allotted"}},{"type":"Feature","geometry":{"type":"Polygon","coordinates":[[[77.580389,28.300575],[77.580396,28.300799],[77.580273,28.300802],[77.580266,28.300578],[77.580389,28.300575]]]},"properties":{"objectid":6483,"uniqueplotid":"PLNGRESIDENTIAL6483","plotmap_id":"SECTOR-18_24_2C_RESI","plotidentificationnumber":"24","plotno":"24","industrysector":"SECTOR-18","block":"2C","plotsize":"300 SQMT","plotsize_at_the_time_of_allotme":"300 SQMT","landuse_type":"RESIDENTIAL","landuse_subcategory":"RESIDENTIAL","scheme_cod":"RES01","investment":0,"employment":0,"plotstatus":"Allotted","landallotementstatus":"SOLD","landallotementtype":"ALLOTTED","allotmentid":"YEA020863","village_name":"Mirzapur","khasra_no":"504,505","longitude":77.58033091,"latitude":28.30068849,"authority":"YEIDA","category":"residential","execution_stage":"allotted"}},{"type":"Feature","geometry":{"type":"Polygon","coordinates":[[[77.581001,28.300561],[77.581008,28.300785],[77.580886,28.300788],[77.580879,28.300564],[77.581001,28.300561]]]},"properties":{"objectid":6484,"uniqueplotid":"PLNGRESIDENTIAL6484","plotmap_id":"SECTOR-18_29_2C_RESI","plotidentificationnumber":"29","plotno":"29","industrysector":"SECTOR-18","block":"2C","plotsize":"300 SQMT","plotsize_at_the_time_of_allotme":"300 SQMT","landuse_type":"RESIDENTIAL","landuse_subcategory":"RESIDENTIAL","scheme_cod":"RES01","investment":0,"employment":0,"plotstatus":"Allotted","landallotementstatus":"SOLD","landallotementtype":"ALLOTTED","allotmentid":"YEA018377","village_name":"Mirzapur","khasra_no":"511","longitude":77.58094347,"latitude":28.30067451,"authority":"YEIDA","category":"residential","execution_stage":"allotted"}},{"type":"Feature","geometry":{"type":"Polygon","coordinates":[[[77.580756,28.300567],[77.580763,28.300791],[77.580641,28.300793],[77.580634,28.30057],[77.580756,28.300567]]]},"properties":{"objectid":6485,"uniqueplotid":"PLNGRESIDENTIAL6485","plotmap_id":"SECTOR-18_27_2C_RESI","plotidentificationnumber":"27","plotno":"27","industrysector":"SECTOR-18","block":"2C","plotsize":"300 SQMT","plotsize_at_the_time_of_allotme":"300 SQMT","landuse_type":"RESIDENTIAL","landuse_subcategory":"RESIDENTIAL","scheme_cod":"RES01","investment":0,"employment":0,"plotstatus":"Allotted","landallotementstatus":"SOLD","landallotementtype":"ALLOTTED","allotmentid":"YEA013482","village_name":"Mirzapur","khasra_no":"511","longitude":77.58069845,"latitude":28.3006801,"authority":"YEIDA","category":"residential","execution_stage":"allotted"}},{"type":"Feature","geometry":{"type":"Polygon","coordinates":[[[77.581614,28.300547],[77.581621,28.300771],[77.581498,28.300774],[77.581491,28.30055],[77.581614,28.300547]]]},"properties":{"objectid":6486,"uniqueplotid":"PLNGRESIDENTIAL6486","plotmap_id":"SECTOR-18_31_2C_RESI","plotidentificationnumber":"31","plotno":"31","industrysector":"SECTOR-18","block":"2C","plotsize":"300 SQMT","plotsize_at_the_time_of_allotme":"300 SQMT","landuse_type":"RESIDENTIAL","landuse_subcategory":"RESIDENTIAL","scheme_cod":"RES01","investment":0,"employment":0,"plotstatus":"Allotted","landallotementstatus":"SOLD","landallotementtype":"ALLOTTED","allotmentid":"YEA007354","village_name":"Mirzapur","khasra_no":"511","longitude":77.58155612,"latitude":28.30066055,"authority":"YEIDA","category":"residential","execution_stage":"allotted"}},{"type":"Feature","geometry":{"type":"Polygon","coordinates":[[[77.580021,28.300584],[77.580028,28.300807],[77.579906,28.30081],[77.579899,28.300586],[77.580021,28.300584]]]},"properties":{"objectid":6487,"uniqueplotid":"PLNGRESIDENTIAL6487","plotmap_id":"SECTOR-18_21_2C_RESI","plotidentificationnumber":"21","plotno":"21","industrysector":"SECTOR-18","block":"2C","plotsize":"300 SQMT","plotsize_at_the_time_of_allotme":"300 SQMT","landuse_type":"RESIDENTIAL","landuse_subcategory":"RESIDENTIAL","scheme_cod":"RES01","investment":0,"employment":0,"plotstatus":"Allotted","landallotementstatus":"SOLD","landallotementtype":"ALLOTTED","allotmentid":"YEA011373","village_name":"Mirzapur","khasra_no":"504","longitude":77.57996337,"latitude":28.30069687,"authority":"YEIDA","category":"residential","execution_stage":"allotted"}},{"type":"Feature","geometry":{"type":"Polygon","coordinates":[[[77.579538,28.300818],[77.579545,28.301043],[77.579422,28.301046],[77.579415,28.300821],[77.579538,28.300818]]]},"properties":{"objectid":6488,"uniqueplotid":"PLNGRESIDENTIAL6488","plotmap_id":"SECTOR-18_45_2C_RESI","plotidentificationnumber":"45","plotno":"45","industrysector":"SECTOR-18","block":"2C","plotsize":"300 SQMT","plotsize_at_the_time_of_allotme":"300 SQMT","landuse_type":"RESIDENTIAL","landuse_subcategory":"RESIDENTIAL","scheme_cod":"RES01","investment":0,"employment":0,"plotstatus":"Allotted","landallotementstatus":"SOLD","landallotementtype":"ALLOTTED","allotmentid":"YEA017257","village_name":"Mirzapur","khasra_no":"504","longitude":77.57948008000001,"latitude":28.300931929999997,"authority":"YEIDA","category":"residential","execution_stage":"allotted"}},{"type":"Feature","geometry":{"type":"Polygon","coordinates":[[[77.579415,28.300821],[77.579422,28.301046],[77.5793,28.301049],[77.579293,28.300823],[77.579415,28.300821]]]},"properties":{"objectid":6489,"uniqueplotid":"PLNGRESIDENTIAL6489","plotmap_id":"SECTOR-18_46_2C_RESI","plotidentificationnumber":"46","plotno":"46","industrysector":"SECTOR-18","block":"2C","plotsize":"300 SQMT","plotsize_at_the_time_of_allotme":"300 SQMT","landuse_type":"RESIDENTIAL","landuse_subcategory":"RESIDENTIAL","scheme_cod":"RES01","investment":0,"employment":0,"plotstatus":"Allotted","landallotementstatus":"SOLD","landallotementtype":"ALLOTTED","allotmentid":"YEA015921","lease_deed":"Y","lease_deed_date":1615919400000,"village_name":"Mirzapur","khasra_no":"504","longitude":77.57935767000001,"latitude":28.30093474,"authority":"YEIDA","category":"residential","execution_stage":"lease-recorded"}},{"type":"Feature","geometry":{"type":"Polygon","coordinates":[[[77.579293,28.300823],[77.5793,28.301049],[77.579177,28.301052],[77.57917,28.300826],[77.579293,28.300823]]]},"properties":{"objectid":6490,"uniqueplotid":"PLNGRESIDENTIAL6490","plotmap_id":"SECTOR-18_47_2C_RESI","plotidentificationnumber":"47","plotno":"47","industrysector":"SECTOR-18","block":"2C","plotsize":"300 SQMT","plotsize_at_the_time_of_allotme":"300 SQMT","landuse_type":"RESIDENTIAL","landuse_subcategory":"RESIDENTIAL","scheme_cod":"RES01","investment":0,"employment":0,"plotstatus":"Allotted","landallotementstatus":"SOLD","landallotementtype":"ALLOTTED","allotmentid":"YEA010663","lease_deed":"Y","lease_deed_date":1629311400000,"village_name":"Mirzapur","khasra_no":"504","longitude":77.57923519,"latitude":28.300937519999998,"authority":"YEIDA","category":"residential","execution_stage":"lease-recorded"}},{"type":"Feature","geometry":{"type":"Polygon","coordinates":[[[77.579906,28.30081],[77.579912,28.301036],[77.57979,28.301039],[77.579783,28.300813],[77.579906,28.30081]]]},"properties":{"objectid":6491,"uniqueplotid":"PLNGRESIDENTIAL6491","plotmap_id":"SECTOR-18_43_2C_RESI","plotidentificationnumber":"43","plotno":"43","industrysector":"SECTOR-18","block":"2C","plotsize":"300 SQMT","plotsize_at_the_time_of_allotme":"300 SQMT","landuse_type":"RESIDENTIAL","landuse_subcategory":"RESIDENTIAL","scheme_cod":"RES01","investment":0,"employment":0,"plotstatus":"Allotted","landallotementstatus":"SOLD","landallotementtype":"ALLOTTED","allotmentid":"YEA016288","village_name":"Mirzapur","khasra_no":"504","longitude":77.57984768,"latitude":28.300924379999998,"authority":"YEIDA","category":"residential","execution_stage":"allotted"}},{"type":"Feature","geometry":{"type":"Polygon","coordinates":[[[77.580151,28.300805],[77.580158,28.30103],[77.580035,28.301033],[77.580028,28.300807],[77.580151,28.300805]]]},"properties":{"objectid":6492,"uniqueplotid":"PLNGRESIDENTIAL6492","plotmap_id":"SECTOR-18_41_2C_RESI","plotidentificationnumber":"41","plotno":"41","industrysector":"SECTOR-18","block":"2C","plotsize":"300 SQMT","plotsize_at_the_time_of_allotme":"300 SQMT","landuse_type":"RESIDENTIAL","landuse_subcategory":"RESIDENTIAL","scheme_cod":"RES01","investment":0,"employment":0,"plotstatus":"Allotted","landallotementstatus":"SOLD","landallotementtype":"ALLOTTED","allotmentid":"YEA016806","village_name":"Mirzapur","khasra_no":"504","longitude":77.5800928,"latitude":28.30091881,"authority":"YEIDA","category":"residential","execution_stage":"allotted"}},{"type":"Feature","geometry":{"type":"Polygon","coordinates":[[[77.579661,28.300815],[77.579668,28.30104],[77.579545,28.301043],[77.579538,28.300818],[77.579661,28.300815]]]},"properties":{"objectid":6493,"uniqueplotid":"PLNGRESIDENTIAL6493","plotmap_id":"SECTOR-18_44_2C_RESI","plotidentificationnumber":"44","plotno":"44","industrysector":"SECTOR-18","block":"2C","plotsize":"300 SQMT","plotsize_at_the_time_of_allotme":"300 SQMT","landuse_type":"RESIDENTIAL","landuse_subcategory":"RESIDENTIAL","scheme_cod":"RES01","investment":0,"employment":0,"plotstatus":"Allotted","landallotementstatus":"SOLD","landallotementtype":"ALLOTTED","allotmentid":"YEA004853","village_name":"Mirzapur","khasra_no":"504","longitude":77.57960285,"latitude":28.30092913,"authority":"YEIDA","category":"residential","execution_stage":"allotted"}},{"type":"Feature","geometry":{"type":"Polygon","coordinates":[[[77.578925,28.300832],[77.578932,28.301057],[77.57881,28.30106],[77.578803,28.300835],[77.578925,28.300832]]]},"properties":{"objectid":6494,"uniqueplotid":"PLNGRESIDENTIAL6494","plotmap_id":"SECTOR-18_50_2C_RESI","plotidentificationnumber":"50","plotno":"50","industrysector":"SECTOR-18","block":"2C","plotsize":"300 SQMT","plotsize_at_the_time_of_allotme":"300 SQMT","landuse_type":"RESIDENTIAL","landuse_subcategory":"RESIDENTIAL","scheme_cod":"RES01","investment":0,"employment":0,"plotstatus":"Allotted","landallotementstatus":"SOLD","landallotementtype":"ALLOTTED","allotmentid":"YEA007948","lease_deed":"Y","lease_deed_date":1663871400000,"village_name":"Mirzapur","khasra_no":"504","longitude":77.57886752,"latitude":28.30094591,"authority":"YEIDA","category":"residential","execution_stage":"lease-recorded"}},{"type":"Feature","geometry":{"type":"Polygon","coordinates":[[[77.580273,28.300802],[77.58028,28.301027],[77.580158,28.30103],[77.580151,28.300805],[77.580273,28.300802]]]},"properties":{"objectid":6495,"uniqueplotid":"PLNGRESIDENTIAL6495","plotmap_id":"SECTOR-18_40_2C_RESI","plotidentificationnumber":"40","plotno":"40","industrysector":"SECTOR-18","block":"2C","plotsize":"300 SQMT","plotsize_at_the_time_of_allotme":"300 SQMT","landuse_type":"RESIDENTIAL","landuse_subcategory":"RESIDENTIAL","scheme_cod":"RES01","investment":0,"employment":0,"plotstatus":"Allotted","landallotementstatus":"SOLD","landallotementtype":"ALLOTTED","allotmentid":"YEA009377","village_name":"Mirzapur","khasra_no":"504","longitude":77.58021531,"latitude":28.300916009999998,"authority":"YEIDA","category":"residential","execution_stage":"allotted"}},{"type":"Feature","geometry":{"type":"Polygon","coordinates":[[[77.580518,28.300796],[77.580525,28.301022],[77.580403,28.301025],[77.580396,28.300799],[77.580518,28.300796]]]},"properties":{"objectid":6496,"uniqueplotid":"PLNGRESIDENTIAL6496","plotmap_id":"SECTOR-18_38_2C_RESI","plotidentificationnumber":"38","plotno":"38","industrysector":"SECTOR-18","block":"2C","plotsize":"300 SQMT","plotsize_at_the_time_of_allotme":"300 SQMT","landuse_type":"RESIDENTIAL","landuse_subcategory":"RESIDENTIAL","scheme_cod":"RES01","investment":0,"employment":0,"plotstatus":"Allotted","landallotementstatus":"SOLD","landallotementtype":"ALLOTTED","allotmentid":"YEA016132","village_name":"Mirzapur","khasra_no":"504,505","longitude":77.5804603,"latitude":28.30091044,"authority":"YEIDA","category":"residential","execution_stage":"allotted"}},{"type":"Feature","geometry":{"type":"Polygon","coordinates":[[[77.582006,28.301324],[77.582013,28.301548],[77.58189,28.301551],[77.581883,28.301327],[77.582006,28.301324]]]},"properties":{"objectid":6497,"uniqueplotid":"PLNGRESIDENTIAL6497","plotmap_id":"SECTOR-18_68_2C_RESI","plotidentificationnumber":"68","plotno":"68","industrysector":"SECTOR-18","block":"2C","plotsize":"300 SQMT","plotsize_at_the_time_of_allotme":"300 SQMT","landuse_type":"RESIDENTIAL","landuse_subcategory":"RESIDENTIAL","scheme_cod":"RES01","investment":0,"employment":0,"plotstatus":"Allotted","landallotementstatus":"SOLD","landallotementtype":"ALLOTTED","allotmentid":"YEA019696","lease_deed":"Y","lease_deed_date":1636396200000,"village_name":"Mirzapur","khasra_no":"511","longitude":77.58194794,"latitude":28.301437500000002,"authority":"YEIDA","category":"residential","execution_stage":"lease-recorded"}},{"type":"Feature","geometry":{"type":"Polygon","coordinates":[[[77.580641,28.300793],[77.580648,28.301019],[77.580525,28.301022],[77.580518,28.300796],[77.580641,28.300793]]]},"properties":{"objectid":6498,"uniqueplotid":"PLNGRESIDENTIAL6498","plotmap_id":"SECTOR-18_37_2C_RESI","plotidentificationnumber":"37","plotno":"37","industrysector":"SECTOR-18","block":"2C","plotsize":"300 SQMT","plotsize_at_the_time_of_allotme":"300 SQMT","landuse_type":"RESIDENTIAL","landuse_subcategory":"RESIDENTIAL","scheme_cod":"RES01","investment":0,"employment":0,"plotstatus":"Allotted","landallotementstatus":"SOLD","landallotementtype":"ALLOTTED","allotmentid":"YEA020244","lease_deed":"Y","lease_deed_date":1600281000000,"village_name":"Mirzapur","khasra_no":"511,505","longitude":77.58058275,"latitude":28.30090761,"authority":"YEIDA","category":"residential","execution_stage":"lease-recorded"}},{"type":"Feature","geometry":{"type":"Polygon","coordinates":[[[77.57917,28.300826],[77.579177,28.301052],[77.579055,28.301054],[77.579048,28.300829],[77.57917,28.300826]]]},"properties":{"objectid":6499,"uniqueplotid":"PLNGRESIDENTIAL6499","plotmap_id":"SECTOR-18_48_2C_RESI","plotidentificationnumber":"48","plotno":"48","industrysector":"SECTOR-18","block":"2C","plotsize":"300 SQMT","plotsize_at_the_time_of_allotme":"300 SQMT","landuse_type":"RESIDENTIAL","landuse_subcategory":"RESIDENTIAL","scheme_cod":"RES01","investment":0,"employment":0,"plotstatus":"Allotted","landallotementstatus":"SOLD","landallotementtype":"ALLOTTED","allotmentid":"YEA014057","lease_deed":"Y","lease_deed_date":1562869800000,"village_name":"Mirzapur","khasra_no":"504","longitude":77.57911267,"latitude":28.300940309999998,"authority":"YEIDA","category":"residential","execution_stage":"lease-recorded"}},{"type":"Feature","geometry":{"type":"Polygon","coordinates":[[[77.580886,28.300788],[77.580893,28.301013],[77.58077,28.301016],[77.580763,28.300791],[77.580886,28.300788]]]},"properties":{"objectid":6500,"uniqueplotid":"PLNGRESIDENTIAL6500","plotmap_id":"SECTOR-18_35_2C_RESI","plotidentificationnumber":"35","plotno":"35","industrysector":"SECTOR-18","block":"2C","plotsize":"300 SQMT","plotsize_at_the_time_of_allotme":"300 SQMT","landuse_type":"RESIDENTIAL","landuse_subcategory":"RESIDENTIAL","scheme_cod":"RES01","investment":0,"employment":0,"plotstatus":"Allotted","landallotementstatus":"SOLD","landallotementtype":"ALLOTTED","allotmentid":"YEA018706","village_name":"Mirzapur","khasra_no":"511","longitude":77.58082787,"latitude":28.30090203,"authority":"YEIDA","category":"residential","execution_stage":"allotted"}},{"type":"Feature","geometry":{"type":"Polygon","coordinates":[[[77.581131,28.300782],[77.581138,28.301008],[77.581015,28.301011],[77.581008,28.300785],[77.581131,28.300782]]]},"properties":{"objectid":6501,"uniqueplotid":"PLNGRESIDENTIAL6501","plotmap_id":"SECTOR-18_33_2C_RESI","plotidentificationnumber":"33","plotno":"33","industrysector":"SECTOR-18","block":"2C","plotsize":"300 SQMT","plotsize_at_the_time_of_allotme":"300 SQMT","landuse_type":"RESIDENTIAL","landuse_subcategory":"RESIDENTIAL","scheme_cod":"RES01","investment":0,"employment":0,"plotstatus":"Allotted","landallotementstatus":"SOLD","landallotementtype":"ALLOTTED","allotmentid":"YEA015753","lease_deed":"Y","lease_deed_date":1610044200000,"village_name":"Mirzapur","khasra_no":"511","longitude":77.58107289,"latitude":28.30089644,"authority":"YEIDA","category":"residential","execution_stage":"lease-recorded"}},{"type":"Feature","geometry":{"type":"Polygon","coordinates":[[[77.579654,28.30059],[77.579661,28.300815],[77.579538,28.300818],[77.579531,28.300593],[77.579654,28.30059]]]},"properties":{"objectid":6502,"uniqueplotid":"PLNGRESIDENTIAL6502","plotmap_id":"SECTOR-18_19_2C_RESI","plotidentificationnumber":"19","plotno":"19","industrysector":"SECTOR-18","block":"2C","plotsize":"300 SQMT","plotsize_at_the_time_of_allotme":"300 SQMT","landuse_type":"RESIDENTIAL","landuse_subcategory":"RESIDENTIAL","scheme_cod":"RES01","investment":0,"employment":0,"plotstatus":"Allotted","landallotementstatus":"SOLD","landallotementtype":"ALLOTTED","allotmentid":"YEA011591","village_name":"Mirzapur","khasra_no":"504","longitude":77.57959566999999,"latitude":28.30070397,"authority":"YEIDA","category":"residential","execution_stage":"allotted"}},{"type":"Feature","geometry":{"type":"Polygon","coordinates":[[[77.580763,28.300791],[77.58077,28.301016],[77.580648,28.301019],[77.580641,28.300793],[77.580763,28.300791]]]},"properties":{"objectid":6503,"uniqueplotid":"PLNGRESIDENTIAL6503","plotmap_id":"SECTOR-18_36_2C_RESI","plotidentificationnumber":"36","plotno":"36","industrysector":"SECTOR-18","block":"2C","plotsize":"300 SQMT","plotsize_at_the_time_of_allotme":"300 SQMT","landuse_type":"RESIDENTIAL","landuse_subcategory":"RESIDENTIAL","scheme_cod":"RES01","investment":0,"employment":0,"plotstatus":"Allotted","landallotementstatus":"SOLD","landallotementtype":"ALLOTTED","allotmentid":"YEA017701","village_name":"Mirzapur","khasra_no":"511,505","longitude":77.58070534999999,"latitude":28.30090483,"authority":"YEIDA","category":"residential","execution_stage":"allotted"}},{"type":"Feature","geometry":{"type":"Polygon","coordinates":[[[77.578431,28.301014],[77.578434,28.301122],[77.578178,28.301128],[77.578175,28.30102],[77.578431,28.301014]]]},"properties":{"objectid":6504,"uniqueplotid":"PLNGRESIDENTIAL6504","plotmap_id":"SECTOR-18_4_2C_RESI","plotidentificationnumber":"4","plotno":"4","industrysector":"SECTOR-18","block":"2C","plotsize":"300 SQMT","plotsize_at_the_time_of_allotme":"300 SQMT","landuse_type":"RESIDENTIAL","landuse_subcategory":"RESIDENTIAL","scheme_cod":"RES01","investment":0,"employment":0,"plotstatus":"Allotted","landallotementstatus":"SOLD","landallotementtype":"ALLOTTED","allotmentid":"YEA020041","lease_deed":"Y","lease_deed_date":1632076200000,"village_name":"Rampur Bangar","khasra_no":"448","longitude":77.57830452,"latitude":28.30107104,"authority":"YEIDA","category":"residential","execution_stage":"lease-recorded"}},{"type":"Feature","geometry":{"type":"Polygon","coordinates":[[[77.579531,28.300593],[77.579538,28.300818],[77.579415,28.300821],[77.579408,28.300596],[77.579531,28.300593]]]},"properties":{"objectid":6505,"uniqueplotid":"PLNGRESIDENTIAL6505","plotmap_id":"SECTOR-18_18_2C_RESI","plotidentificationnumber":"18","plotno":"18","industrysector":"SECTOR-18","block":"2C","plotsize":"300 SQMT","plotsize_at_the_time_of_allotme":"300 SQMT","landuse_type":"RESIDENTIAL","landuse_subcategory":"RESIDENTIAL","scheme_cod":"RES01","investment":0,"employment":0,"plotstatus":"Allotted","landallotementstatus":"SOLD","landallotementtype":"ALLOTTED","allotmentid":"YEA013553","lease_deed":"Y","lease_deed_date":1606242600000,"village_name":"Mirzapur","khasra_no":"504","longitude":77.57947291,"latitude":28.300706769999998,"authority":"YEIDA","category":"residential","execution_stage":"lease-recorded"}},{"type":"Feature","geometry":{"type":"Polygon","coordinates":[[[77.578437,28.301231],[77.578441,28.301339],[77.578185,28.301345],[77.578182,28.301236],[77.578437,28.301231]]]},"properties":{"objectid":6506,"uniqueplotid":"PLNGRESIDENTIAL6506","plotmap_id":"SECTOR-18_6_2C_RESI","plotidentificationnumber":"6","plotno":"6","industrysector":"SECTOR-18","block":"2C","plotsize":"300 SQMT","plotsize_at_the_time_of_allotme":"300 SQMT","landuse_type":"RESIDENTIAL","landuse_subcategory":"RESIDENTIAL","scheme_cod":"RES01","investment":0,"employment":0,"plotstatus":"Allotted","landallotementstatus":"SOLD","landallotementtype":"ALLOTTED","allotmentid":"YEA019466","lease_deed":"Y","lease_deed_date":1695753000000,"village_name":"Rampur Bangar","khasra_no":"449,448","longitude":77.57831129,"latitude":28.30128755,"authority":"YEIDA","category":"residential","execution_stage":"lease-recorded"}},{"type":"Feature","geometry":{"type":"Polygon","coordinates":[[[77.579164,28.300601],[77.57917,28.300826],[77.579048,28.300829],[77.579041,28.300604],[77.579164,28.300601]]]},"properties":{"objectid":6507,"uniqueplotid":"PLNGRESIDENTIAL6507","plotmap_id":"SECTOR-18_15_2C_RESI","plotidentificationnumber":"15","plotno":"15","industrysector":"SECTOR-18","block":"2C","plotsize":"300 SQMT","plotsize_at_the_time_of_allotme":"300 SQMT","landuse_type":"RESIDENTIAL","landuse_subcategory":"RESIDENTIAL","scheme_cod":"RES01","investment":0,"employment":0,"plotstatus":"Allotted","landallotementstatus":"SOLD","landallotementtype":"ALLOTTED","allotmentid":"YEA007576","village_name":"Mirzapur","khasra_no":"503,504","longitude":77.57910575,"latitude":28.30071515,"authority":"YEIDA","category":"residential","execution_stage":"allotted"}},{"type":"Feature","geometry":{"type":"Polygon","coordinates":[[[77.579041,28.300604],[77.579048,28.300829],[77.578925,28.300832],[77.578918,28.300607],[77.579041,28.300604]]]},"properties":{"objectid":6508,"uniqueplotid":"PLNGRESIDENTIAL6508","plotmap_id":"SECTOR-18_14_2C_RESI","plotidentificationnumber":"14","plotno":"14","industrysector":"SECTOR-18","block":"2C","plotsize":"300 SQMT","plotsize_at_the_time_of_allotme":"300 SQMT","landuse_type":"RESIDENTIAL","landuse_subcategory":"RESIDENTIAL","scheme_cod":"RES01","investment":0,"employment":0,"plotstatus":"Allotted","landallotementstatus":"SOLD","landallotementtype":"ALLOTTED","allotmentid":"YEA018892","lease_deed":"Y","lease_deed_date":1569522600000,"village_name":"Mirzapur","khasra_no":"503,504","longitude":77.57898302000001,"latitude":28.300717929999998,"authority":"YEIDA","category":"residential","execution_stage":"lease-recorded"}},{"type":"Feature","geometry":{"type":"Polygon","coordinates":[[[77.579408,28.300596],[77.579415,28.300821],[77.579293,28.300823],[77.579286,28.300599],[77.579408,28.300596]]]},"properties":{"objectid":6509,"uniqueplotid":"PLNGRESIDENTIAL6509","plotmap_id":"SECTOR-18_17_2C_RESI","plotidentificationnumber":"17","plotno":"17","industrysector":"SECTOR-18","block":"2C","plotsize":"300 SQMT","plotsize_at_the_time_of_allotme":"300 SQMT","landuse_type":"RESIDENTIAL","landuse_subcategory":"RESIDENTIAL","scheme_cod":"RES01","investment":0,"employment":0,"plotstatus":"Allotted","landallotementstatus":"SOLD","landallotementtype":"ALLOTTED","allotmentid":"YEA013784","lease_deed":"Y","lease_deed_date":1566239400000,"village_name":"Mirzapur","khasra_no":"504","longitude":77.57935062,"latitude":28.30070959,"authority":"YEIDA","category":"residential","execution_stage":"lease-recorded"}},{"type":"Feature","geometry":{"type":"Polygon","coordinates":[[[77.579286,28.300599],[77.579293,28.300823],[77.57917,28.300826],[77.579164,28.300601],[77.579286,28.300599]]]},"properties":{"objectid":6510,"uniqueplotid":"PLNGRESIDENTIAL6510","plotmap_id":"SECTOR-18_16_2C_RESI","plotidentificationnumber":"16","plotno":"16","industrysector":"SECTOR-18","block":"2C","plotsize":"300 SQMT","plotsize_at_the_time_of_allotme":"300 SQMT","landuse_type":"RESIDENTIAL","landuse_subcategory":"RESIDENTIAL","scheme_cod":"RES01","investment":0,"employment":0,"plotstatus":"Allotted","landallotementstatus":"SOLD","landallotementtype":"ALLOTTED","allotmentid":"YEA019072","lease_deed":"Y","lease_deed_date":1566325800000,"village_name":"Mirzapur","khasra_no":"504","longitude":77.57922826,"latitude":28.30071236,"authority":"YEIDA","category":"residential","execution_stage":"lease-recorded"}},{"type":"Feature","geometry":{"type":"Polygon","coordinates":[[[77.578918,28.300607],[77.578925,28.300832],[77.578803,28.300835],[77.578796,28.30061],[77.578918,28.300607]]]},"properties":{"objectid":6511,"uniqueplotid":"PLNGRESIDENTIAL6511","plotmap_id":"SECTOR-18_13_2C_RESI","plotidentificationnumber":"13","plotno":"13","industrysector":"SECTOR-18","block":"2C","plotsize":"300 SQMT","plotsize_at_the_time_of_allotme":"300 SQMT","landuse_type":"RESIDENTIAL","landuse_subcategory":"RESIDENTIAL","scheme_cod":"RES01","investment":0,"employment":0,"plotstatus":"Allotted","landallotementstatus":"SOLD","landallotementtype":"ALLOTTED","allotmentid":"YEA020570","village_name":"Mirzapur","khasra_no":"503,504","longitude":77.57886035,"latitude":28.30072075,"authority":"YEIDA","category":"residential","execution_stage":"allotted"}},{"type":"Feature","geometry":{"type":"Polygon","coordinates":[[[77.581876,28.301101],[77.581883,28.301327],[77.58176,28.301329],[77.581754,28.301104],[77.581876,28.301101]]]},"properties":{"objectid":6512,"uniqueplotid":"PLNGRESIDENTIAL6512","plotmap_id":"SECTOR-18_67_2C_RESI","plotidentificationnumber":"67","plotno":"67","industrysector":"SECTOR-18","block":"2C","plotsize":"300 SQMT","plotsize_at_the_time_of_allotme":"300 SQMT","landuse_type":"RESIDENTIAL","landuse_subcategory":"RESIDENTIAL","scheme_cod":"RES01","investment":0,"employment":0,"plotstatus":"Allotted","landallotementstatus":"SOLD","landallotementtype":"ALLOTTED","allotmentid":"YEA008392","lease_deed":"Y","lease_deed_date":1640716200000,"village_name":"Mirzapur","khasra_no":"511","longitude":77.58181838,"latitude":28.301215220000003,"authority":"YEIDA","category":"residential","execution_stage":"lease-recorded"}},{"type":"Feature","geometry":{"type":"Polygon","coordinates":[[[77.5784,28.300217],[77.578144,28.300223],[77.578141,28.300115],[77.578396,28.300109],[77.5784,28.300217]]]},"properties":{"objectid":6578,"uniqueplotid":"PLNGRESIDENTIAL6578","plotmap_id":"SECTOR-18_105_2A_RESI","plotidentificationnumber":"105","plotno":"105","industrysector":"SECTOR-18","block":"2A","plotsize":"300 SQMT","plotsize_at_the_time_of_allotme":"300 SQMT","landuse_type":"RESIDENTIAL","landuse_subcategory":"RESIDENTIAL","scheme_cod":"RES01","investment":0,"employment":0,"plotstatus":"Allotted","landallotementstatus":"SOLD","landallotementtype":"ALLOTTED","allotmentid":"YEA007706","lease_deed":"Y","lease_deed_date":1696444200000,"village_name":"Mirzapur","khasra_no":"501","longitude":77.57827032,"latitude":28.300166100000002,"authority":"YEIDA","category":"residential","execution_stage":"lease-recorded"}},{"type":"Feature","geometry":{"type":"Polygon","coordinates":[[[77.578648,28.299995],[77.578393,28.300001],[77.578389,28.299893],[77.578644,28.299887],[77.578648,28.299995]]]},"properties":{"objectid":6580,"uniqueplotid":"PLNGRESIDENTIAL6580","plotmap_id":"SECTOR-18_112_2A_RESI","plotidentificationnumber":"112","plotno":"112","industrysector":"SECTOR-18","block":"2A","plotsize":"300 SQMT","plotsize_at_the_time_of_allotme":"300 SQMT","landuse_type":"RESIDENTIAL","landuse_subcategory":"RESIDENTIAL","scheme_cod":"RES01","investment":0,"employment":0,"plotstatus":"Allotted","landallotementstatus":"SOLD","landallotementtype":"ALLOTTED","allotmentid":"YEA019406","lease_deed":"Y","lease_deed_date":1564597800000,"village_name":"Mirzapur","khasra_no":"501","longitude":77.57851857,"latitude":28.29994376,"authority":"YEIDA","category":"residential","execution_stage":"lease-recorded"}},{"type":"Feature","geometry":{"type":"Polygon","coordinates":[[[77.578396,28.300109],[77.578141,28.300115],[77.578138,28.300007],[77.578393,28.300001],[77.578396,28.300109]]]},"properties":{"objectid":6581,"uniqueplotid":"PLNGRESIDENTIAL6581","plotmap_id":"SECTOR-18_104_2A_RESI","plotidentificationnumber":"104","plotno":"104","industrysector":"SECTOR-18","block":"2A","plotsize":"300 SQMT","plotsize_at_the_time_of_allotme":"300 SQMT","landuse_type":"RESIDENTIAL","landuse_subcategory":"RESIDENTIAL","scheme_cod":"RES01","investment":0,"employment":0,"plotstatus":"Allotted","landallotementstatus":"SOLD","landallotementtype":"ALLOTTED","allotmentid":"YEA020323","lease_deed":"Y","lease_deed_date":1562092200000,"village_name":"Mirzapur","khasra_no":"501","longitude":77.57826688,"latitude":28.30005784,"authority":"YEIDA","category":"residential","execution_stage":"lease-recorded"}},{"type":"Feature","geometry":{"type":"Polygon","coordinates":[[[77.578658,28.30032],[77.578403,28.300326],[77.5784,28.300217],[77.578655,28.300211],[77.578658,28.30032]]]},"properties":{"objectid":6582,"uniqueplotid":"PLNGRESIDENTIAL6582","plotmap_id":"SECTOR-18_109_2A_RESI","plotidentificationnumber":"109","plotno":"109","industrysector":"SECTOR-18","block":"2A","plotsize":"300 SQMT","plotsize_at_the_time_of_allotme":"300 SQMT","landuse_type":"RESIDENTIAL","landuse_subcategory":"RESIDENTIAL","scheme_cod":"RES01","investment":0,"employment":0,"plotstatus":"Allotted","landallotementstatus":"SOLD","landallotementtype":"ALLOTTED","allotmentid":"YEA008367","lease_deed":"Y","lease_deed_date":1600799400000,"village_name":"Mirzapur","khasra_no":"501","longitude":77.57852892000001,"latitude":28.30026852,"authority":"YEIDA","category":"residential","execution_stage":"lease-recorded"}},{"type":"Feature","geometry":{"type":"Polygon","coordinates":[[[77.578407,28.300454],[77.578152,28.30046],[77.578148,28.300331],[77.578403,28.300326],[77.578407,28.300454]]]},"properties":{"objectid":6583,"uniqueplotid":"PLNGRESIDENTIAL6583","plotmap_id":"SECTOR-18_107_2A_RESI","plotidentificationnumber":"107","plotno":"107","industrysector":"SECTOR-18","block":"2A","plotsize":"300 SQMT","plotsize_at_the_time_of_allotme":"300 SQMT","landuse_type":"RESIDENTIAL","landuse_subcategory":"RESIDENTIAL","scheme_cod":"RRPS03","investment":0,"employment":0,"plotstatus":"Allotted","landallotementstatus":"SOLD","landallotementtype":"ALLOTTED","allotmentid":"RRPS031569","village_name":"Rampur Bangar,Mirzapur","khasra_no":"501,445","longitude":77.57827745,"latitude":28.30039264,"authority":"YEIDA","category":"residential","execution_stage":"allotted"}},{"type":"Feature","geometry":{"type":"Polygon","coordinates":[[[77.578403,28.300326],[77.578148,28.300331],[77.578144,28.300223],[77.5784,28.300217],[77.578403,28.300326]]]},"properties":{"objectid":6584,"uniqueplotid":"PLNGRESIDENTIAL6584","plotmap_id":"SECTOR-18_106_2A_RESI","plotidentificationnumber":"106","plotno":"106","industrysector":"SECTOR-18","block":"2A","plotsize":"300 SQMT","plotsize_at_the_time_of_allotme":"300 SQMT","landuse_type":"RESIDENTIAL","landuse_subcategory":"RESIDENTIAL","scheme_cod":"RRPS03","investment":0,"employment":0,"plotstatus":"Allotted","landallotementstatus":"SOLD","landallotementtype":"ALLOTTED","allotmentid":"RRPS031779","lease_deed":"Y","lease_deed_date":1687113000000,"village_name":"Mirzapur","khasra_no":"501","longitude":77.57827377,"latitude":28.30027435,"authority":"YEIDA","category":"residential","execution_stage":"lease-recorded"}},{"type":"Feature","geometry":{"type":"Polygon","coordinates":[[[77.578651,28.300103],[77.578396,28.300109],[77.578393,28.300001],[77.578648,28.299995],[77.578651,28.300103]]]},"properties":{"objectid":6585,"uniqueplotid":"PLNGRESIDENTIAL6585","plotmap_id":"SECTOR-18_111_2A_RESI","plotidentificationnumber":"111","plotno":"111","industrysector":"SECTOR-18","block":"2A","plotsize":"300 SQMT","plotsize_at_the_time_of_allotme":"300 SQMT","landuse_type":"RESIDENTIAL","landuse_subcategory":"RESIDENTIAL","scheme_cod":"RES01","investment":0,"employment":0,"plotstatus":"Allotted","landallotementstatus":"SOLD","landallotementtype":"ALLOTTED","allotmentid":"YEA005568","lease_deed":"Y","lease_deed_date":1639333800000,"village_name":"Mirzapur","khasra_no":"501","longitude":77.57852203,"latitude":28.30005201,"authority":"YEIDA","category":"residential","execution_stage":"lease-recorded"}},{"type":"Feature","geometry":{"type":"Polygon","coordinates":[[[77.578641,28.299778],[77.578644,28.299887],[77.578389,28.299893],[77.578386,28.299784],[77.578641,28.299778]]]},"properties":{"objectid":6586,"uniqueplotid":"PLNGRESIDENTIAL6586","plotmap_id":"SECTOR-18_113_2A_RESI","plotidentificationnumber":"113","plotno":"113","industrysector":"SECTOR-18","block":"2A","plotsize":"300 SQMT","plotsize_at_the_time_of_allotme":"300 SQMT","landuse_type":"RESIDENTIAL","landuse_subcategory":"RESIDENTIAL","scheme_cod":"RES01","investment":0,"employment":0,"plotstatus":"Allotted","landallotementstatus":"SOLD","landallotementtype":"ALLOTTED","allotmentid":"YEA018919","lease_deed":"Y","lease_deed_date":1676831400000,"village_name":"Mirzapur","khasra_no":"501","longitude":77.57851513,"latitude":28.2998355,"authority":"YEIDA","category":"residential","execution_stage":"lease-recorded"}},{"type":"Feature","geometry":{"type":"Polygon","coordinates":[[[77.578641,28.299778],[77.578386,28.299784],[77.578382,28.299676],[77.578638,28.29967],[77.578641,28.299778]]]},"properties":{"objectid":6587,"uniqueplotid":"PLNGRESIDENTIAL6587","plotmap_id":"SECTOR-18_114_2A_RESI","plotidentificationnumber":"114","plotno":"114","industrysector":"SECTOR-18","block":"2A","plotsize":"300 SQMT","plotsize_at_the_time_of_allotme":"300 SQMT","landuse_type":"RESIDENTIAL","landuse_subcategory":"RESIDENTIAL","scheme_cod":"RES01","investment":0,"employment":0,"plotstatus":"Allotted","landallotementstatus":"SOLD","landallotementtype":"ALLOTTED","allotmentid":"YEA015982","lease_deed":"Y","lease_deed_date":1576521000000,"village_name":"Mirzapur","khasra_no":"498,501","longitude":77.57851168,"latitude":28.29972725,"authority":"YEIDA","category":"residential","execution_stage":"lease-recorded"}},{"type":"Feature","geometry":{"type":"Polygon","coordinates":[[[77.578393,28.300001],[77.578138,28.300007],[77.578134,28.299898],[77.578389,28.299893],[77.578393,28.300001]]]},"properties":{"objectid":6588,"uniqueplotid":"PLNGRESIDENTIAL6588","plotmap_id":"SECTOR-18_103_2A_RESI","plotidentificationnumber":"103","plotno":"103","industrysector":"SECTOR-18","block":"2A","plotsize":"300 SQMT","plotsize_at_the_time_of_allotme":"300 SQMT","landuse_type":"RESIDENTIAL","landuse_subcategory":"RESIDENTIAL","scheme_cod":"RES01","investment":0,"employment":0,"plotstatus":"Allotted","landallotementstatus":"SOLD","landallotementtype":"ALLOTTED","allotmentid":"YEA005794","village_name":"Mirzapur","khasra_no":"498,501","longitude":77.57826342999999,"latitude":28.29994959,"authority":"YEIDA","category":"residential","execution_stage":"allotted"}},{"type":"Feature","geometry":{"type":"Polygon","coordinates":[[[77.578386,28.299784],[77.578389,28.299893],[77.578134,28.299898],[77.578131,28.29979],[77.578386,28.299784]]]},"properties":{"objectid":6589,"uniqueplotid":"PLNGRESIDENTIAL6589","plotmap_id":"SECTOR-18_102_2A_RESI","plotidentificationnumber":"102","plotno":"102","industrysector":"SECTOR-18","block":"2A","plotsize":"300 SQMT","plotsize_at_the_time_of_allotme":"300 SQMT","landuse_type":"RESIDENTIAL","landuse_subcategory":"RESIDENTIAL","scheme_cod":"RES01","investment":0,"employment":0,"plotstatus":"Allotted","landallotementstatus":"SOLD","landallotementtype":"ALLOTTED","allotmentid":"YEA019647","lease_deed":"Y","lease_deed_date":1603391400000,"village_name":"Mirzapur","khasra_no":"498,501","longitude":77.57825998,"latitude":28.29984133,"authority":"YEIDA","category":"residential","execution_stage":"lease-recorded"}},{"type":"Feature","geometry":{"type":"Polygon","coordinates":[[[77.578376,28.29946],[77.578379,28.299568],[77.578124,28.299574],[77.57812,28.299465],[77.578376,28.29946]]]},"properties":{"objectid":6590,"uniqueplotid":"PLNGRESIDENTIAL6590","plotmap_id":"SECTOR-18_99_2A_RESI","plotidentificationnumber":"99","plotno":"99","industrysector":"SECTOR-18","block":"2A","plotsize":"300 SQMT","plotsize_at_the_time_of_allotme":"300 SQMT","landuse_type":"RESIDENTIAL","landuse_subcategory":"RESIDENTIAL","scheme_cod":"RES01","investment":0,"employment":0,"plotstatus":"Allotted","landallotementstatus":"SOLD","landallotementtype":"ALLOTTED","allotmentid":"YEA008380","lease_deed":"Y","lease_deed_date":1550687400000,"village_name":"Mirzapur","khasra_no":"498","longitude":77.57824963,"latitude":28.299516559999997,"authority":"YEIDA","category":"residential","execution_stage":"lease-recorded"}},{"type":"Feature","geometry":{"type":"Polygon","coordinates":[[[77.578638,28.29967],[77.578382,28.299676],[77.578379,28.299568],[77.578634,28.299562],[77.578638,28.29967]]]},"properties":{"objectid":6591,"uniqueplotid":"PLNGRESIDENTIAL6591","plotmap_id":"SECTOR-18_115_2A_RESI","plotidentificationnumber":"115","plotno":"115","industrysector":"SECTOR-18","block":"2A","plotsize":"300 SQMT","plotsize_at_the_time_of_allotme":"300 SQMT","landuse_type":"RESIDENTIAL","landuse_subcategory":"RESIDENTIAL","scheme_cod":"RES01","investment":0,"employment":0,"plotstatus":"Allotted","landallotementstatus":"SOLD","landallotementtype":"ALLOTTED","allotmentid":"YEA007758","lease_deed":"Y","lease_deed_date":1578249000000,"village_name":"Mirzapur","khasra_no":"498,501","longitude":77.57850823000001,"latitude":28.299619000000003,"authority":"YEIDA","category":"residential","execution_stage":"lease-recorded"}},{"type":"Feature","geometry":{"type":"Polygon","coordinates":[[[77.578386,28.299784],[77.578131,28.29979],[77.578127,28.299682],[77.578382,28.299676],[77.578386,28.299784]]]},"properties":{"objectid":6592,"uniqueplotid":"PLNGRESIDENTIAL6592","plotmap_id":"SECTOR-18_101_2A_RESI","plotidentificationnumber":"101","plotno":"101","industrysector":"SECTOR-18","block":"2A","plotsize":"300 SQMT","plotsize_at_the_time_of_allotme":"300 SQMT","landuse_type":"RESIDENTIAL","landuse_subcategory":"RESIDENTIAL","scheme_cod":"RPS08","investment":0,"employment":0,"plotstatus":"Allotted","landallotementstatus":"SOLD","landallotementtype":"ALLOTTED","allotmentid":"RPS081195","village_name":"Mirzapur","khasra_no":"498,501","longitude":77.57825652999999,"latitude":28.299733070000002,"authority":"YEIDA","category":"residential","execution_stage":"allotted"}},{"type":"Feature","geometry":{"type":"Polygon","coordinates":[[[77.578382,28.299676],[77.578127,28.299682],[77.578124,28.299574],[77.578379,28.299568],[77.578382,28.299676]]]},"properties":{"objectid":6593,"uniqueplotid":"PLNGRESIDENTIAL6593","plotmap_id":"SECTOR-18_100_2A_RESI","plotidentificationnumber":"100","plotno":"100","industrysector":"SECTOR-18","block":"2A","plotsize":"300 SQMT","plotsize_at_the_time_of_allotme":"300 SQMT","landuse_type":"RESIDENTIAL","landuse_subcategory":"RESIDENTIAL","scheme_cod":"RES01","investment":0,"employment":0,"plotstatus":"Allotted","landallotementstatus":"SOLD","landallotementtype":"ALLOTTED","allotmentid":"YEA010276","lease_deed":"Y","lease_deed_date":1675103400000,"village_name":"Mirzapur","khasra_no":"498","longitude":77.57825308,"latitude":28.299624820000002,"authority":"YEIDA","category":"residential","execution_stage":"lease-recorded"}},{"type":"Feature","geometry":{"type":"Polygon","coordinates":[[[77.578631,28.299454],[77.578634,28.299562],[77.578379,28.299568],[77.578376,28.29946],[77.578631,28.299454]]]},"properties":{"objectid":6594,"uniqueplotid":"PLNGRESIDENTIAL6594","plotmap_id":"SECTOR-18_116_2A_RESI","plotidentificationnumber":"116","plotno":"116","industrysector":"SECTOR-18","block":"2A","plotsize":"300 SQMT","plotsize_at_the_time_of_allotme":"300 SQMT","landuse_type":"RESIDENTIAL","landuse_subcategory":"RESIDENTIAL","scheme_cod":"RES01","investment":0,"employment":0,"plotstatus":"Allotted","landallotementstatus":"SOLD","landallotementtype":"ALLOTTED","allotmentid":"YEA010137","lease_deed":"Y","lease_deed_date":1617820200000,"village_name":"Mirzapur","khasra_no":"498","longitude":77.57850478,"latitude":28.29951074,"authority":"YEIDA","category":"residential","execution_stage":"lease-recorded"}},{"type":"Feature","geometry":{"type":"Polygon","coordinates":[[[77.578372,28.299351],[77.578376,28.29946],[77.57812,28.299465],[77.578117,28.299357],[77.578372,28.299351]]]},"properties":{"objectid":6595,"uniqueplotid":"PLNGRESIDENTIAL6595","plotmap_id":"SECTOR-18_98_2A_RESI","plotidentificationnumber":"98","plotno":"98","industrysector":"SECTOR-18","block":"2A","plotsize":"300 SQMT","plotsize_at_the_time_of_allotme":"300 SQMT","landuse_type":"RESIDENTIAL","landuse_subcategory":"RESIDENTIAL","scheme_cod":"RES01","investment":0,"employment":0,"plotstatus":"Allotted","landallotementstatus":"SOLD","landallotementtype":"ALLOTTED","allotmentid":"YEA011770","lease_deed":"Y","lease_deed_date":1674585000000,"village_name":"Mirzapur","khasra_no":"498","longitude":77.57824619,"latitude":28.2994083,"authority":"YEIDA","category":"residential","execution_stage":"lease-recorded"}},{"type":"Feature","geometry":{"type":"Polygon","coordinates":[[[77.578631,28.299454],[77.578376,28.29946],[77.578372,28.299351],[77.578627,28.299345],[77.578631,28.299454]]]},"properties":{"objectid":6596,"uniqueplotid":"PLNGRESIDENTIAL6596","plotmap_id":"SECTOR-18_117_2A_RESI","plotidentificationnumber":"117","plotno":"117","industrysector":"SECTOR-18","block":"2A","plotsize":"300 SQMT","plotsize_at_the_time_of_allotme":"300 SQMT","landuse_type":"RESIDENTIAL","landuse_subcategory":"RESIDENTIAL","scheme_cod":"RPS08","investment":0,"employment":0,"plotstatus":"Allotted","landallotementstatus":"SOLD","landallotementtype":"ALLOTTED","allotmentid":"RPS081217","village_name":"Mirzapur","khasra_no":"498","longitude":77.57850134,"latitude":28.299402469999997,"authority":"YEIDA","category":"residential","execution_stage":"allotted"}},{"type":"Feature","geometry":{"type":"Polygon","coordinates":[[[77.578627,28.299345],[77.578372,28.299351],[77.578369,28.299243],[77.578624,28.299237],[77.578627,28.299345]]]},"properties":{"objectid":6597,"uniqueplotid":"PLNGRESIDENTIAL6597","plotmap_id":"SECTOR-18_118_2A_RESI","plotidentificationnumber":"118","plotno":"118","industrysector":"SECTOR-18","block":"2A","plotsize":"300 SQMT","plotsize_at_the_time_of_allotme":"300 SQMT","landuse_type":"RESIDENTIAL","landuse_subcategory":"RESIDENTIAL","scheme_cod":"RES01","investment":0,"employment":0,"plotstatus":"Allotted","landallotementstatus":"SOLD","landallotementtype":"ALLOTTED","allotmentid":"YEA016148","lease_deed":"Y","lease_deed_date":1556130600000,"village_name":"Mirzapur","khasra_no":"498","longitude":77.57849789000001,"latitude":28.29929422,"authority":"YEIDA","category":"residential","execution_stage":"lease-recorded"}},{"type":"Feature","geometry":{"type":"Polygon","coordinates":[[[77.578372,28.299351],[77.578117,28.299357],[77.578113,28.299249],[77.578369,28.299243],[77.578372,28.299351]]]},"properties":{"objectid":6598,"uniqueplotid":"PLNGRESIDENTIAL6598","plotmap_id":"SECTOR-18_97_2A_RESI","plotidentificationnumber":"97","plotno":"97","industrysector":"SECTOR-18","block":"2A","plotsize":"300 SQMT","plotsize_at_the_time_of_allotme":"300 SQMT","landuse_type":"RESIDENTIAL","landuse_subcategory":"RESIDENTIAL","scheme_cod":"RES01","investment":0,"employment":0,"plotstatus":"Allotted","landallotementstatus":"SOLD","landallotementtype":"ALLOTTED","allotmentid":"YEA005490","lease_deed":"Y","lease_deed_date":1630348200000,"village_name":"Mirzapur","khasra_no":"498","longitude":77.57824274,"latitude":28.29930005,"authority":"YEIDA","category":"residential","execution_stage":"lease-recorded"}},{"type":"Feature","geometry":{"type":"Polygon","coordinates":[[[77.578624,28.299237],[77.578369,28.299243],[77.578365,28.299135],[77.57862,28.299129],[77.578624,28.299237]]]},"properties":{"objectid":6599,"uniqueplotid":"PLNGRESIDENTIAL6599","plotmap_id":"SECTOR-18_119_2A_RESI","plotidentificationnumber":"119","plotno":"119","industrysector":"SECTOR-18","block":"2A","plotsize":"300 SQMT","plotsize_at_the_time_of_allotme":"300 SQMT","landuse_type":"RESIDENTIAL","landuse_subcategory":"RESIDENTIAL","scheme_cod":"RES01","investment":0,"employment":0,"plotstatus":"Allotted","landallotementstatus":"SOLD","landallotementtype":"ALLOTTED","allotmentid":"YEA007381","lease_deed":"Y","lease_deed_date":1691951400000,"village_name":"Mirzapur","khasra_no":"498","longitude":77.57849444,"latitude":28.29918596,"authority":"YEIDA","category":"residential","execution_stage":"lease-recorded"}},{"type":"Feature","geometry":{"type":"Polygon","coordinates":[[[77.578369,28.299243],[77.578113,28.299249],[77.57811,28.299141],[77.578365,28.299135],[77.578369,28.299243]]]},"properties":{"objectid":6600,"uniqueplotid":"PLNGRESIDENTIAL6600","plotmap_id":"SECTOR-18_96_2A_RESI","plotidentificationnumber":"96","plotno":"96","industrysector":"SECTOR-18","block":"2A","plotsize":"300 SQMT","plotsize_at_the_time_of_allotme":"300 SQMT","landuse_type":"RESIDENTIAL","landuse_subcategory":"RESIDENTIAL","scheme_cod":"RES01","investment":0,"employment":0,"plotstatus":"Allotted","landallotementstatus":"SOLD","landallotementtype":"ALLOTTED","allotmentid":"YEA015339","village_name":"Mirzapur","khasra_no":"498","longitude":77.57823929,"latitude":28.29919179,"authority":"YEIDA","category":"residential","execution_stage":"allotted"}},{"type":"Feature","geometry":{"type":"Polygon","coordinates":[[[77.57862,28.299129],[77.578365,28.299135],[77.578362,28.299026],[77.578617,28.299021],[77.57862,28.299129]]]},"properties":{"objectid":6601,"uniqueplotid":"PLNGRESIDENTIAL6601","plotmap_id":"SECTOR-18_120_2A_RESI","plotidentificationnumber":"120","plotno":"120","industrysector":"SECTOR-18","block":"2A","plotsize":"300 SQMT","plotsize_at_the_time_of_allotme":"300 SQMT","landuse_type":"RESIDENTIAL","landuse_subcategory":"RESIDENTIAL","scheme_cod":"RES01","investment":0,"employment":0,"plotstatus":"Allotted","landallotementstatus":"SOLD","landallotementtype":"ALLOTTED","allotmentid":"YEA007365","lease_deed":"Y","lease_deed_date":1554402600000,"village_name":"Mirzapur","khasra_no":"498","longitude":77.57849099,"latitude":28.29907771,"authority":"YEIDA","category":"residential","execution_stage":"lease-recorded"}},{"type":"Feature","geometry":{"type":"Polygon","coordinates":[[[77.578365,28.299135],[77.57811,28.299141],[77.578107,28.299032],[77.578362,28.299026],[77.578365,28.299135]]]},"properties":{"objectid":6602,"uniqueplotid":"PLNGRESIDENTIAL6602","plotmap_id":"SECTOR-18_95_2A_RESI","plotidentificationnumber":"95","plotno":"95","industrysector":"SECTOR-18","block":"2A","plotsize":"300 SQMT","plotsize_at_the_time_of_allotme":"300 SQMT","landuse_type":"RESIDENTIAL","landuse_subcategory":"RESIDENTIAL","scheme_cod":"RES01","investment":0,"employment":0,"plotstatus":"Allotted","landallotementstatus":"SOLD","landallotementtype":"ALLOTTED","allotmentid":"YEA008617","lease_deed":"Y","lease_deed_date":1613327400000,"village_name":"Mirzapur","khasra_no":"498","longitude":77.57823583999999,"latitude":28.299083539999998,"authority":"YEIDA","category":"residential","execution_stage":"lease-recorded"}},{"type":"Feature","geometry":{"type":"Polygon","coordinates":[[[77.578617,28.299021],[77.578362,28.299026],[77.578358,28.298918],[77.578613,28.298912],[77.578617,28.299021]]]},"properties":{"objectid":6603,"uniqueplotid":"PLNGRESIDENTIAL6603","plotmap_id":"SECTOR-18_121_2A_RESI","plotidentificationnumber":"121","plotno":"121","industrysector":"SECTOR-18","block":"2A","plotsize":"300 SQMT","plotsize_at_the_time_of_allotme":"300 SQMT","landuse_type":"RESIDENTIAL","landuse_subcategory":"RESIDENTIAL","scheme_cod":"RES01","investment":0,"employment":0,"plotstatus":"Allotted","landallotementstatus":"SOLD","landallotementtype":"ALLOTTED","allotmentid":"YEA007351","village_name":"Mirzapur","khasra_no":"499,498","longitude":77.57848754,"latitude":28.29896945,"authority":"YEIDA","category":"residential","execution_stage":"allotted"}},{"type":"Feature","geometry":{"type":"Polygon","coordinates":[[[77.578362,28.299026],[77.578107,28.299032],[77.578103,28.298924],[77.578358,28.298918],[77.578362,28.299026]]]},"properties":{"objectid":6604,"uniqueplotid":"PLNGRESIDENTIAL6604","plotmap_id":"SECTOR-18_94_2A_RESI","plotidentificationnumber":"94","plotno":"94","industrysector":"SECTOR-18","block":"2A","plotsize":"300 SQMT","plotsize_at_the_time_of_allotme":"300 SQMT","landuse_type":"RESIDENTIAL","landuse_subcategory":"RESIDENTIAL","scheme_cod":"RRPS01","investment":0,"employment":0,"plotstatus":"Allotted","landallotementstatus":"SOLD","landallotementtype":"ALLOTTED","allotmentid":"RRPS012893","lease_deed":"Y","lease_deed_date":1708367400000,"village_name":"Mirzapur","khasra_no":"498","longitude":77.57823239,"latitude":28.29897528,"authority":"YEIDA","category":"residential","execution_stage":"lease-recorded"}},{"type":"Feature","geometry":{"type":"Polygon","coordinates":[[[77.578613,28.298912],[77.578358,28.298918],[77.578355,28.29881],[77.57861,28.298804],[77.578613,28.298912]]]},"properties":{"objectid":6605,"uniqueplotid":"PLNGRESIDENTIAL6605","plotmap_id":"SECTOR-18_122_2A_RESI","plotidentificationnumber":"122","plotno":"122","industrysector":"SECTOR-18","block":"2A","plotsize":"300 SQMT","plotsize_at_the_time_of_allotme":"300 SQMT","landuse_type":"RESIDENTIAL","landuse_subcategory":"RESIDENTIAL","scheme_cod":"RES01","investment":0,"employment":0,"plotstatus":"Allotted","landallotementstatus":"SOLD","landallotementtype":"ALLOTTED","allotmentid":"YEA011237","lease_deed":"Y","lease_deed_date":1701369000000,"village_name":"Mirzapur","khasra_no":"498","longitude":77.57848409,"latitude":28.2988612,"authority":"YEIDA","category":"residential","execution_stage":"lease-recorded"}},{"type":"Feature","geometry":{"type":"Polygon","coordinates":[[[77.578603,28.298588],[77.578348,28.298593],[77.578344,28.298485],[77.5786,28.298479],[77.578603,28.298588]]]},"properties":{"objectid":6606,"uniqueplotid":"PLNGRESIDENTIAL6606","plotmap_id":"SECTOR-18_125_2A_RESI","plotidentificationnumber":"125","plotno":"125","industrysector":"SECTOR-18","block":"2A","plotsize":"300 SQMT","plotsize_at_the_time_of_allotme":"300 SQMT","landuse_type":"RESIDENTIAL","landuse_subcategory":"RESIDENTIAL","scheme_cod":"RES01","investment":0,"employment":0,"plotstatus":"Allotted","landallotementstatus":"SOLD","landallotementtype":"ALLOTTED","allotmentid":"YEA012706","lease_deed":"Y","lease_deed_date":1564511400000,"village_name":"Mirzapur","khasra_no":"498","longitude":77.57847375,"latitude":28.298536430000002,"authority":"YEIDA","category":"residential","execution_stage":"lease-recorded"}},{"type":"Feature","geometry":{"type":"Polygon","coordinates":[[[77.57861,28.298804],[77.578355,28.29881],[77.578351,28.298702],[77.578606,28.298696],[77.57861,28.298804]]]},"properties":{"objectid":6607,"uniqueplotid":"PLNGRESIDENTIAL6607","plotmap_id":"SECTOR-18_123_2A_RESI","plotidentificationnumber":"123","plotno":"123","industrysector":"SECTOR-18","block":"2A","plotsize":"300 SQMT","plotsize_at_the_time_of_allotme":"300 SQMT","landuse_type":"RESIDENTIAL","landuse_subcategory":"RESIDENTIAL","scheme_cod":"RES01","investment":0,"employment":0,"plotstatus":"Allotted","landallotementstatus":"SOLD","landallotementtype":"ALLOTTED","allotmentid":"YEA014145","village_name":"Mirzapur","khasra_no":"498","longitude":77.57848065,"latitude":28.29875295,"authority":"YEIDA","category":"residential","execution_stage":"allotted"}},{"type":"Feature","geometry":{"type":"Polygon","coordinates":[[[77.578355,28.29881],[77.5781,28.298816],[77.578096,28.298708],[77.578351,28.298702],[77.578355,28.29881]]]},"properties":{"objectid":6608,"uniqueplotid":"PLNGRESIDENTIAL6608","plotmap_id":"SECTOR-18_92_2A_RESI","plotidentificationnumber":"92","plotno":"92","industrysector":"SECTOR-18","block":"2A","plotsize":"300 SQMT","plotsize_at_the_time_of_allotme":"300 SQMT","landuse_type":"RESIDENTIAL","landuse_subcategory":"RESIDENTIAL","scheme_cod":"RES01","investment":0,"employment":0,"plotstatus":"Allotted","landallotementstatus":"SOLD","landallotementtype":"ALLOTTED","allotmentid":"YEA012589","lease_deed":"Y","lease_deed_date":1606069800000,"village_name":"Mirzapur","khasra_no":"498","longitude":77.5782255,"latitude":28.29875877,"authority":"YEIDA","category":"residential","execution_stage":"lease-recorded"}},{"type":"Feature","geometry":{"type":"Polygon","coordinates":[[[77.578351,28.298702],[77.578096,28.298708],[77.578093,28.298599],[77.578348,28.298593],[77.578351,28.298702]]]},"properties":{"objectid":6609,"uniqueplotid":"PLNGRESIDENTIAL6609","plotmap_id":"SECTOR-18_91_2A_RESI","plotidentificationnumber":"91","plotno":"91","industrysector":"SECTOR-18","block":"2A","plotsize":"300 SQMT","plotsize_at_the_time_of_allotme":"300 SQMT","landuse_type":"RESIDENTIAL","landuse_subcategory":"RESIDENTIAL","scheme_cod":"RES01","investment":0,"employment":0,"plotstatus":"Allotted","landallotementstatus":"SOLD","landallotementtype":"ALLOTTED","allotmentid":"YEA013590","village_name":"Mirzapur","khasra_no":"498","longitude":77.57822205,"latitude":28.29865051,"authority":"YEIDA","category":"residential","execution_stage":"allotted"}},{"type":"Feature","geometry":{"type":"Polygon","coordinates":[[[77.578344,28.298485],[77.578089,28.298491],[77.578086,28.298383],[77.578341,28.298377],[77.578344,28.298485]]]},"properties":{"objectid":6610,"uniqueplotid":"PLNGRESIDENTIAL6610","plotmap_id":"SECTOR-18_89_2A_RESI","plotidentificationnumber":"89","plotno":"89","industrysector":"SECTOR-18","block":"2A","plotsize":"300 SQMT","plotsize_at_the_time_of_allotme":"300 SQMT","landuse_type":"RESIDENTIAL","landuse_subcategory":"RESIDENTIAL","scheme_cod":"RES01","investment":0,"employment":0,"plotstatus":"Allotted","landallotementstatus":"SOLD","landallotementtype":"ALLOTTED","allotmentid":"YEA018104","village_name":"Mirzapur","khasra_no":"498,496","longitude":77.57821514999999,"latitude":28.298434,"authority":"YEIDA","category":"residential","execution_stage":"allotted"}},{"type":"Feature","geometry":{"type":"Polygon","coordinates":[[[77.579513,28.300203],[77.57939,28.300206],[77.579383,28.29998],[77.579506,28.299977],[77.579513,28.300203]]]},"properties":{"objectid":6617,"uniqueplotid":"PLNGRESIDENTIAL6617","plotmap_id":"SECTOR-18_237_2A_RESI","plotidentificationnumber":"237","plotno":"237","industrysector":"SECTOR-18","block":"2A","plotsize":"300 SQMT","plotsize_at_the_time_of_allotme":"300 SQMT","landuse_type":"RESIDENTIAL","landuse_subcategory":"RESIDENTIAL","scheme_cod":"RES01","investment":0,"employment":0,"plotstatus":"Allotted","landallotementstatus":"SOLD","landallotementtype":"ALLOTTED","allotmentid":"YEA005057","lease_deed":"Y","lease_deed_date":1567621800000,"village_name":"Mirzapur","khasra_no":"502","longitude":77.57944801000001,"latitude":28.30009162,"authority":"YEIDA","category":"residential","execution_stage":"lease-recorded"}},{"type":"Feature","geometry":{"type":"Polygon","coordinates":[[[77.579758,28.300197],[77.579635,28.3002],[77.579628,28.299975],[77.579751,28.299972],[77.579758,28.300197]]]},"properties":{"objectid":6618,"uniqueplotid":"PLNGRESIDENTIAL6618","plotmap_id":"SECTOR-18_239_2A_RESI","plotidentificationnumber":"239","plotno":"239","industrysector":"SECTOR-18","block":"2A","plotsize":"300 SQMT","plotsize_at_the_time_of_allotme":"300 SQMT","landuse_type":"RESIDENTIAL","landuse_subcategory":"RESIDENTIAL","scheme_cod":"RES01","investment":0,"employment":0,"plotstatus":"Allotted","landallotementstatus":"SOLD","landallotementtype":"ALLOTTED","allotmentid":"YEA013147","lease_deed":"Y","lease_deed_date":1636482600000,"village_name":"Mirzapur","khasra_no":"502,500,504,506","longitude":77.57969304,"latitude":28.30008603,"authority":"YEIDA","category":"residential","execution_stage":"lease-recorded"}},{"type":"Feature","geometry":{"type":"Polygon","coordinates":[[[77.580241,28.299961],[77.580248,28.300186],[77.580125,28.300189],[77.580118,28.299963],[77.580241,28.299961]]]},"properties":{"objectid":6619,"uniqueplotid":"PLNGRESIDENTIAL6619","plotmap_id":"SECTOR-18_242_2A_RESI","plotidentificationnumber":"242","plotno":"242","industrysector":"SECTOR-18","block":"2A","plotsize":"300 SQMT","plotsize_at_the_time_of_allotme":"300 SQMT","landuse_type":"RESIDENTIAL","landuse_subcategory":"RESIDENTIAL","scheme_cod":"RES01","investment":0,"employment":0,"plotstatus":"Allotted","landallotementstatus":"SOLD","landallotementtype":"ALLOTTED","allotmentid":"YEA014501","lease_deed":"Y","lease_deed_date":1607625000000,"village_name":"Mirzapur","khasra_no":"506","longitude":77.58018308,"latitude":28.30007485,"authority":"YEIDA","category":"residential","execution_stage":"lease-recorded"}},{"type":"Feature","geometry":{"type":"Polygon","coordinates":[[[77.57939,28.300206],[77.579268,28.300209],[77.579261,28.299983],[77.579383,28.29998],[77.57939,28.300206]]]},"properties":{"objectid":6620,"uniqueplotid":"PLNGRESIDENTIAL6620","plotmap_id":"SECTOR-18_236_2A_RESI","plotidentificationnumber":"236","plotno":"236","industrysector":"SECTOR-18","block":"2A","plotsize":"300 SQMT","plotsize_at_the_time_of_allotme":"300 SQMT","landuse_type":"RESIDENTIAL","landuse_subcategory":"RESIDENTIAL","scheme_cod":"RES01","investment":0,"employment":0,"plotstatus":"Allotted","landallotementstatus":"SOLD","landallotementtype":"ALLOTTED","allotmentid":"YEA006691","lease_deed":"Y","lease_deed_date":1600021800000,"village_name":"Mirzapur","khasra_no":"502","longitude":77.57932550000001,"latitude":28.30009441,"authority":"YEIDA","category":"residential","execution_stage":"lease-recorded"}},{"type":"Feature","geometry":{"type":"Polygon","coordinates":[[[77.579635,28.3002],[77.579513,28.300203],[77.579506,28.299977],[77.579628,28.299975],[77.579635,28.3002]]]},"properties":{"objectid":6621,"uniqueplotid":"PLNGRESIDENTIAL6621","plotmap_id":"SECTOR-18_238_2A_RESI","plotidentificationnumber":"238","plotno":"238","industrysector":"SECTOR-18","block":"2A","plotsize":"300 SQMT","plotsize_at_the_time_of_allotme":"300 SQMT","landuse_type":"RESIDENTIAL","landuse_subcategory":"RESIDENTIAL","scheme_cod":"RES01","investment":0,"employment":0,"plotstatus":"Allotted","landallotementstatus":"SOLD","landallotementtype":"ALLOTTED","allotmentid":"YEA007478","lease_deed":"Y","lease_deed_date":1569263400000,"village_name":"Mirzapur","khasra_no":"502,504,506","longitude":77.57957051999999,"latitude":28.30008882,"authority":"YEIDA","category":"residential","execution_stage":"lease-recorded"}},{"type":"Feature","geometry":{"type":"Polygon","coordinates":[[[77.57988,28.300195],[77.579758,28.300197],[77.579751,28.299972],[77.579873,28.299969],[77.57988,28.300195]]]},"properties":{"objectid":6622,"uniqueplotid":"PLNGRESIDENTIAL6622","plotmap_id":"SECTOR-18_240_2A_RESI","plotidentificationnumber":"240","plotno":"240","industrysector":"SECTOR-18","block":"2A","plotsize":"300 SQMT","plotsize_at_the_time_of_allotme":"300 SQMT","landuse_type":"RESIDENTIAL","landuse_subcategory":"RESIDENTIAL","scheme_cod":"RES01","investment":0,"employment":0,"plotstatus":"Allotted","landallotementstatus":"SOLD","landallotementtype":"ALLOTTED","allotmentid":"YEA004426","lease_deed":"Y","lease_deed_date":1632940200000,"village_name":"Mirzapur","khasra_no":"502,500,506","longitude":77.57981555,"latitude":28.300083230000002,"authority":"YEIDA","category":"residential","execution_stage":"lease-recorded"}},{"type":"Feature","geometry":{"type":"Polygon","coordinates":[[[77.580125,28.300189],[77.580003,28.300192],[77.579996,28.299966],[77.580118,28.299963],[77.580125,28.300189]]]},"properties":{"objectid":6623,"uniqueplotid":"PLNGRESIDENTIAL6623","plotmap_id":"SECTOR-18_241_2A_RESI","plotidentificationnumber":"241","plotno":"241","industrysector":"SECTOR-18","block":"2A","plotsize":"300 SQMT","plotsize_at_the_time_of_allotme":"300 SQMT","landuse_type":"RESIDENTIAL","landuse_subcategory":"RESIDENTIAL","scheme_cod":"RES01","investment":0,"employment":0,"plotstatus":"Allotted","landallotementstatus":"SOLD","landallotementtype":"ALLOTTED","allotmentid":"YEA017620","lease_deed":"Y","lease_deed_date":1675017000000,"village_name":"Mirzapur","khasra_no":"506","longitude":77.58006057,"latitude":28.30007764,"authority":"YEIDA","category":"residential","execution_stage":"lease-recorded"}},{"type":"Feature","geometry":{"type":"Polygon","coordinates":[[[77.580363,28.299958],[77.58037,28.300183],[77.580248,28.300186],[77.580241,28.299961],[77.580363,28.299958]]]},"properties":{"objectid":6624,"uniqueplotid":"PLNGRESIDENTIAL6624","plotmap_id":"SECTOR-18_243_2A_RESI","plotidentificationnumber":"243","plotno":"243","industrysector":"SECTOR-18","block":"2A","plotsize":"300 SQMT","plotsize_at_the_time_of_allotme":"300 SQMT","landuse_type":"RESIDENTIAL","landuse_subcategory":"RESIDENTIAL","scheme_cod":"RES01","investment":0,"employment":0,"plotstatus":"Allotted","landallotementstatus":"SOLD","landallotementtype":"ALLOTTED","allotmentid":"YEA020382","lease_deed":"Y","lease_deed_date":1693938600000,"village_name":"Mirzapur","khasra_no":"506","longitude":77.58030559,"latitude":28.30007205,"authority":"YEIDA","category":"residential","execution_stage":"lease-recorded"}},{"type":"Feature","geometry":{"type":"Polygon","coordinates":[[[77.5789,28.300217],[77.578778,28.30022],[77.578771,28.299994],[77.578893,28.299991],[77.5789,28.300217]]]},"properties":{"objectid":6625,"uniqueplotid":"PLNGRESIDENTIAL6625","plotmap_id":"SECTOR-18_232_2A_RESI","plotidentificationnumber":"232","plotno":"232","industrysector":"SECTOR-18","block":"2A","plotsize":"300 SQMT","plotsize_at_the_time_of_allotme":"300 SQMT","landuse_type":"RESIDENTIAL","landuse_subcategory":"RESIDENTIAL","scheme_cod":"RES01","investment":0,"employment":0,"plotstatus":"Allotted","landallotementstatus":"SOLD","landallotementtype":"ALLOTTED","allotmentid":"YEA008636","lease_deed":"Y","lease_deed_date":1689273000000,"village_name":"Mirzapur","khasra_no":"503,501","longitude":77.57883545,"latitude":28.300105600000002,"authority":"YEIDA","category":"residential","execution_stage":"lease-recorded"}},{"type":"Feature","geometry":{"type":"Polygon","coordinates":[[[77.579023,28.300214],[77.5789,28.300217],[77.578893,28.299991],[77.579016,28.299989],[77.579023,28.300214]]]},"properties":{"objectid":6626,"uniqueplotid":"PLNGRESIDENTIAL6626","plotmap_id":"SECTOR-18_233_2A_RESI","plotidentificationnumber":"233","plotno":"233","industrysector":"SECTOR-18","block":"2A","plotsize":"300 SQMT","plotsize_at_the_time_of_allotme":"300 SQMT","landuse_type":"RESIDENTIAL","landuse_subcategory":"RESIDENTIAL","scheme_cod":"RES01","investment":0,"employment":0,"plotstatus":"Allotted","landallotementstatus":"SOLD","landallotementtype":"ALLOTTED","allotmentid":"YEA010011","lease_deed":"Y","lease_deed_date":1604860200000,"village_name":"Mirzapur","khasra_no":"503,501","longitude":77.57895796000001,"latitude":28.3001028,"authority":"YEIDA","category":"residential","execution_stage":"lease-recorded"}},{"type":"Feature","geometry":{"type":"Polygon","coordinates":[[[77.579398,28.300431],[77.579275,28.300434],[77.579268,28.300209],[77.57939,28.300206],[77.579398,28.300431]]]},"properties":{"objectid":6627,"uniqueplotid":"PLNGRESIDENTIAL6627","plotmap_id":"SECTOR-18_272_2A_RESI","plotidentificationnumber":"272","plotno":"272","industrysector":"SECTOR-18","block":"2A","plotsize":"300 SQMT","plotsize_at_the_time_of_allotme":"300 SQMT","landuse_type":"RESIDENTIAL","landuse_subcategory":"RESIDENTIAL","scheme_cod":"RES01","investment":0,"employment":0,"plotstatus":"Allotted","landallotementstatus":"SOLD","landallotementtype":"ALLOTTED","allotmentid":"YEA013550","lease_deed":"Y","lease_deed_date":1558636200000,"village_name":"Mirzapur","khasra_no":"502,503,504","longitude":77.57933269,"latitude":28.30031995,"authority":"YEIDA","category":"residential","execution_stage":"lease-recorded"}},{"type":"Feature","geometry":{"type":"Polygon","coordinates":[[[77.579513,28.300203],[77.57952,28.300429],[77.579398,28.300431],[77.57939,28.300206],[77.579513,28.300203]]]},"properties":{"objectid":6628,"uniqueplotid":"PLNGRESIDENTIAL6628","plotmap_id":"SECTOR-18_271_2A_RESI","plotidentificationnumber":"271","plotno":"271","industrysector":"SECTOR-18","block":"2A","plotsize":"300 SQMT","plotsize_at_the_time_of_allotme":"300 SQMT","landuse_type":"RESIDENTIAL","landuse_subcategory":"RESIDENTIAL","scheme_cod":"RES01","investment":0,"employment":0,"plotstatus":"Allotted","landallotementstatus":"SOLD","landallotementtype":"ALLOTTED","allotmentid":"YEA009249","lease_deed":"Y","lease_deed_date":1612722600000,"village_name":"Mirzapur","khasra_no":"502,504","longitude":77.57945520000001,"latitude":28.30031715,"authority":"YEIDA","category":"residential","execution_stage":"lease-recorded"}},{"type":"Feature","geometry":{"type":"Polygon","coordinates":[[[77.579635,28.3002],[77.579643,28.300426],[77.57952,28.300429],[77.579513,28.300203],[77.579635,28.3002]]]},"properties":{"objectid":6629,"uniqueplotid":"PLNGRESIDENTIAL6629","plotmap_id":"SECTOR-18_270_2A_RESI","plotidentificationnumber":"270","plotno":"270","industrysector":"SECTOR-18","block":"2A","plotsize":"300 SQMT","plotsize_at_the_time_of_allotme":"300 SQMT","landuse_type":"RESIDENTIAL","landuse_subcategory":"RESIDENTIAL","scheme_cod":"RES01","investment":0,"employment":0,"plotstatus":"Allotted","landallotementstatus":"SOLD","landallotementtype":"ALLOTTED","allotmentid":"YEA020106","lease_deed":"Y","lease_deed_date":1558463400000,"village_name":"Mirzapur","khasra_no":"502,504","longitude":77.57957771,"latitude":28.30031436,"authority":"YEIDA","category":"residential","execution_stage":"lease-recorded"}},{"type":"Feature","geometry":{"type":"Polygon","coordinates":[[[77.579765,28.300423],[77.579643,28.300426],[77.579635,28.3002],[77.579758,28.300197],[77.579765,28.300423]]]},"properties":{"objectid":6630,"uniqueplotid":"PLNGRESIDENTIAL6630","plotmap_id":"SECTOR-18_269_2A_RESI","plotidentificationnumber":"269","plotno":"269","industrysector":"SECTOR-18","block":"2A","plotsize":"300 SQMT","plotsize_at_the_time_of_allotme":"300 SQMT","landuse_type":"RESIDENTIAL","landuse_subcategory":"RESIDENTIAL","scheme_cod":"RES01","investment":0,"employment":0,"plotstatus":"Allotted","landallotementstatus":"SOLD","landallotementtype":"ALLOTTED","allotmentid":"YEA017050","lease_deed":"Y","lease_deed_date":1555525800000,"village_name":"Mirzapur","khasra_no":"504,506","longitude":77.57970022,"latitude":28.30031156,"authority":"YEIDA","category":"residential","execution_stage":"lease-recorded"}},{"type":"Feature","geometry":{"type":"Polygon","coordinates":[[[77.579888,28.30042],[77.579765,28.300423],[77.579758,28.300197],[77.57988,28.300195],[77.579888,28.30042]]]},"properties":{"objectid":6631,"uniqueplotid":"PLNGRESIDENTIAL6631","plotmap_id":"SECTOR-18_268_2A_RESI","plotidentificationnumber":"268","plotno":"268","industrysector":"SECTOR-18","block":"2A","plotsize":"300 SQMT","plotsize_at_the_time_of_allotme":"300 SQMT","landuse_type":"RESIDENTIAL","landuse_subcategory":"RESIDENTIAL","scheme_cod":"RES01","investment":0,"employment":0,"plotstatus":"Allotted","landallotementstatus":"SOLD","landallotementtype":"ALLOTTED","allotmentid":"YEA015361","lease_deed":"Y","lease_deed_date":1636655400000,"village_name":"Mirzapur","khasra_no":"504,506","longitude":77.57982273,"latitude":28.30030876,"authority":"YEIDA","category":"residential","execution_stage":"lease-recorded"}},{"type":"Feature","geometry":{"type":"Polygon","coordinates":[[[77.5789,28.300217],[77.578907,28.300442],[77.578785,28.300445],[77.578778,28.30022],[77.5789,28.300217]]]},"properties":{"objectid":6632,"uniqueplotid":"PLNGRESIDENTIAL6632","plotmap_id":"SECTOR-18_276_2A_RESI","plotidentificationnumber":"276","plotno":"276","industrysector":"SECTOR-18","block":"2A","plotsize":"300 SQMT","plotsize_at_the_time_of_allotme":"300 SQMT","landuse_type":"RESIDENTIAL","landuse_subcategory":"RESIDENTIAL","scheme_cod":"RES01","investment":0,"employment":0,"plotstatus":"Allotted","landallotementstatus":"SOLD","landallotementtype":"ALLOTTED","allotmentid":"YEA015658","lease_deed":"Y","lease_deed_date":1675017000000,"village_name":"Mirzapur","khasra_no":"503,501","longitude":77.57884264,"latitude":28.30033113,"authority":"YEIDA","category":"residential","execution_stage":"lease-recorded"}},{"type":"Feature","geometry":{"type":"Polygon","coordinates":[[[77.580248,28.300186],[77.580255,28.300412],[77.580133,28.300415],[77.580125,28.300189],[77.580248,28.300186]]]},"properties":{"objectid":6633,"uniqueplotid":"PLNGRESIDENTIAL6633","plotmap_id":"SECTOR-18_266_2A_RESI","plotidentificationnumber":"266","plotno":"266","industrysector":"SECTOR-18","block":"2A","plotsize":"300 SQMT","plotsize_at_the_time_of_allotme":"300 SQMT","landuse_type":"RESIDENTIAL","landuse_subcategory":"RESIDENTIAL","scheme_cod":"RES01","investment":0,"employment":0,"plotstatus":"Allotted","landallotementstatus":"SOLD","landallotementtype":"ALLOTTED","allotmentid":"YEA016344","lease_deed":"Y","lease_deed_date":1557685800000,"village_name":"Mirzapur","khasra_no":"505,506","longitude":77.58019027,"latitude":28.30030038,"authority":"YEIDA","category":"residential","execution_stage":"lease-recorded"}},{"type":"Feature","geometry":{"type":"Polygon","coordinates":[[[77.579023,28.300214],[77.57903,28.30044],[77.578907,28.300442],[77.5789,28.300217],[77.579023,28.300214]]]},"properties":{"objectid":6634,"uniqueplotid":"PLNGRESIDENTIAL6634","plotmap_id":"SECTOR-18_275_2A_RESI","plotidentificationnumber":"275","plotno":"275","industrysector":"SECTOR-18","block":"2A","plotsize":"300 SQMT","plotsize_at_the_time_of_allotme":"300 SQMT","landuse_type":"RESIDENTIAL","landuse_subcategory":"RESIDENTIAL","scheme_cod":"RES01","investment":0,"employment":0,"plotstatus":"Allotted","landallotementstatus":"SOLD","landallotementtype":"ALLOTTED","allotmentid":"YEA016333","lease_deed":"Y","lease_deed_date":1698258600000,"village_name":"Mirzapur","khasra_no":"503","longitude":77.57896515,"latitude":28.30032833,"authority":"YEIDA","category":"residential","execution_stage":"lease-recorded"}},{"type":"Feature","geometry":{"type":"Polygon","coordinates":[[[77.579145,28.300211],[77.579153,28.300437],[77.57903,28.30044],[77.579023,28.300214],[77.579145,28.300211]]]},"properties":{"objectid":6635,"uniqueplotid":"PLNGRESIDENTIAL6635","plotmap_id":"SECTOR-18_274_2A_RESI","plotidentificationnumber":"274","plotno":"274","industrysector":"SECTOR-18","block":"2A","plotsize":"300 SQMT","plotsize_at_the_time_of_allotme":"300 SQMT","landuse_type":"RESIDENTIAL","landuse_subcategory":"RESIDENTIAL","scheme_cod":"RES01","investment":0,"employment":0,"plotstatus":"Allotted","landallotementstatus":"SOLD","landallotementtype":"ALLOTTED","allotmentid":"YEA017638","village_name":"Mirzapur","khasra_no":"503","longitude":77.57908766,"latitude":28.30032554,"authority":"YEIDA","category":"residential","execution_stage":"allotted"}},{"type":"Feature","geometry":{"type":"Polygon","coordinates":[[[77.578998,28.299429],[77.579005,28.299655],[77.578882,28.299658],[77.578875,28.299432],[77.578998,28.299429]]]},"properties":{"objectid":6636,"uniqueplotid":"PLNGRESIDENTIAL6636","plotmap_id":"SECTOR-18_194_2A_RESI","plotidentificationnumber":"194","plotno":"194","industrysector":"SECTOR-18","block":"2A","plotsize":"300 SQMT","plotsize_at_the_time_of_allotme":"300 SQMT","landuse_type":"RESIDENTIAL","landuse_subcategory":"RESIDENTIAL","scheme_cod":"RES01","investment":0,"employment":0,"plotstatus":"Allotted","landallotementstatus":"SOLD","landallotementtype":"ALLOTTED","allotmentid":"YEA013131","lease_deed":"Y","lease_deed_date":1558895400000,"village_name":"Mirzapur","khasra_no":"501","longitude":77.57894014,"latitude":28.299543479999997,"authority":"YEIDA","category":"residential","execution_stage":"lease-recorded"}},{"type":"Feature","geometry":{"type":"Polygon","coordinates":[[[77.579243,28.299424],[77.57925,28.299649],[77.579128,28.299652],[77.57912,28.299427],[77.579243,28.299424]]]},"properties":{"objectid":6637,"uniqueplotid":"PLNGRESIDENTIAL6637","plotmap_id":"SECTOR-18_196_2A_RESI","plotidentificationnumber":"196","plotno":"196","industrysector":"SECTOR-18","block":"2A","plotsize":"300 SQMT","plotsize_at_the_time_of_allotme":"300 SQMT","landuse_type":"RESIDENTIAL","landuse_subcategory":"RESIDENTIAL","scheme_cod":"RES01","investment":0,"employment":0,"plotstatus":"Allotted","landallotementstatus":"SOLD","landallotementtype":"ALLOTTED","allotmentid":"YEA018501","village_name":"Mirzapur","khasra_no":"500,501","longitude":77.57918516,"latitude":28.29953789,"authority":"YEIDA","category":"residential","execution_stage":"allotted"}},{"type":"Feature","geometry":{"type":"Polygon","coordinates":[[[77.579733,28.299413],[77.57974,28.299638],[77.579618,28.299641],[77.57961,28.299415],[77.579733,28.299413]]]},"properties":{"objectid":6638,"uniqueplotid":"PLNGRESIDENTIAL6638","plotmap_id":"SECTOR-18_200_2A_RESI","plotidentificationnumber":"200","plotno":"200","industrysector":"SECTOR-18","block":"2A","plotsize":"300 SQMT","plotsize_at_the_time_of_allotme":"300 SQMT","landuse_type":"RESIDENTIAL","landuse_subcategory":"RESIDENTIAL","scheme_cod":"RES01","investment":0,"employment":0,"plotstatus":"Allotted","landallotementstatus":"SOLD","landallotementtype":"ALLOTTED","allotmentid":"YEA014935","lease_deed":"Y","lease_deed_date":1569522600000,"village_name":"Mirzapur","khasra_no":"500","longitude":77.57967521,"latitude":28.29952671,"authority":"YEIDA","category":"residential","execution_stage":"lease-recorded"}},{"type":"Feature","geometry":{"type":"Polygon","coordinates":[[[77.579495,28.299644],[77.579373,28.299646],[77.579365,28.299421],[77.579488,28.299418],[77.579495,28.299644]]]},"properties":{"objectid":6639,"uniqueplotid":"PLNGRESIDENTIAL6639","plotmap_id":"SECTOR-18_198_2A_RESI","plotidentificationnumber":"198","plotno":"198","industrysector":"SECTOR-18","block":"2A","plotsize":"300 SQMT","plotsize_at_the_time_of_allotme":"300 SQMT","landuse_type":"RESIDENTIAL","landuse_subcategory":"RESIDENTIAL","scheme_cod":"RES01","investment":0,"employment":0,"plotstatus":"Allotted","landallotementstatus":"SOLD","landallotementtype":"ALLOTTED","allotmentid":"YEA016525","lease_deed":"Y","lease_deed_date":1575484200000,"village_name":"Mirzapur","khasra_no":"500","longitude":77.57943019000001,"latitude":28.2995323,"authority":"YEIDA","category":"residential","execution_stage":"lease-recorded"}},{"type":"Feature","geometry":{"type":"Polygon","coordinates":[[[77.580223,28.2994],[77.58023,28.299623],[77.580107,28.299625],[77.5801,28.299403],[77.580223,28.2994]]]},"properties":{"objectid":6640,"uniqueplotid":"PLNGRESIDENTIAL6640","plotmap_id":"SECTOR-18_203_2A_RESI","plotidentificationnumber":"203","plotno":"203","industrysector":"SECTOR-18","block":"2A","plotsize":"300 SQMT","plotsize_at_the_time_of_allotme":"300 SQMT","landuse_type":"RESIDENTIAL","landuse_subcategory":"RESIDENTIAL","scheme_cod":"RES01","investment":0,"employment":0,"plotstatus":"Allotted","landallotementstatus":"SOLD","landallotementtype":"ALLOTTED","allotmentid":"YEA010458","village_name":"Mirzapur","khasra_no":"500,506,N/F","longitude":77.58016519,"latitude":28.299512999999997,"authority":"YEIDA","category":"residential","execution_stage":"allotted"}},{"type":"Feature","geometry":{"type":"Polygon","coordinates":[[[77.580345,28.299398],[77.580353,28.299621],[77.58023,28.299623],[77.580223,28.2994],[77.580345,28.299398]]]},"properties":{"objectid":6641,"uniqueplotid":"PLNGRESIDENTIAL6641","plotmap_id":"SECTOR-18_204_2A_RESI","plotidentificationnumber":"204","plotno":"204","industrysector":"SECTOR-18","block":"2A","plotsize":"300 SQMT","plotsize_at_the_time_of_allotme":"300 SQMT","landuse_type":"RESIDENTIAL","landuse_subcategory":"RESIDENTIAL","scheme_cod":"RES01","investment":0,"employment":0,"plotstatus":"Allotted","landallotementstatus":"SOLD","landallotementtype":"ALLOTTED","allotmentid":"YEA018048","village_name":"Mirzapur","khasra_no":"500,506,N/F","longitude":77.58028771000001,"latitude":28.29951049,"authority":"YEIDA","category":"residential","execution_stage":"allotted"}},{"type":"Feature","geometry":{"type":"Polygon","coordinates":[[[77.57912,28.299427],[77.579128,28.299652],[77.579005,28.299655],[77.578998,28.299429],[77.57912,28.299427]]]},"properties":{"objectid":6642,"uniqueplotid":"PLNGRESIDENTIAL6642","plotmap_id":"SECTOR-18_195_2A_RESI","plotidentificationnumber":"195","plotno":"195","industrysector":"SECTOR-18","block":"2A","plotsize":"300 SQMT","plotsize_at_the_time_of_allotme":"300 SQMT","landuse_type":"RESIDENTIAL","landuse_subcategory":"RESIDENTIAL","scheme_cod":"RES01","investment":0,"employment":0,"plotstatus":"Allotted","landallotementstatus":"SOLD","landallotementtype":"ALLOTTED","allotmentid":"YEA006184","lease_deed":"Y","lease_deed_date":1626028200000,"village_name":"Mirzapur","khasra_no":"500,501","longitude":77.57906265,"latitude":28.29954068,"authority":"YEIDA","category":"residential","execution_stage":"lease-recorded"}},{"type":"Feature","geometry":{"type":"Polygon","coordinates":[[[77.579495,28.299644],[77.579502,28.299869],[77.57938,28.299872],[77.579373,28.299646],[77.579495,28.299644]]]},"properties":{"objectid":6643,"uniqueplotid":"PLNGRESIDENTIAL6643","plotmap_id":"SECTOR-18_226_2A_RESI","plotidentificationnumber":"226","plotno":"226","industrysector":"SECTOR-18","block":"2A","plotsize":"300 SQMT","plotsize_at_the_time_of_allotme":"300 SQMT","landuse_type":"RESIDENTIAL","landuse_subcategory":"RESIDENTIAL","scheme_cod":"RES01","investment":0,"employment":0,"plotstatus":"Allotted","landallotementstatus":"SOLD","landallotementtype":"ALLOTTED","allotmentid":"YEA013726","lease_deed":"Y","lease_deed_date":1546885800000,"village_name":"Mirzapur","khasra_no":"502,500,501","longitude":77.57943738,"latitude":28.29975783,"authority":"YEIDA","category":"residential","execution_stage":"lease-recorded"}},{"type":"Feature","geometry":{"type":"Polygon","coordinates":[[[77.579257,28.299875],[77.579135,28.299878],[77.579128,28.299652],[77.57925,28.299649],[77.579257,28.299875]]]},"properties":{"objectid":6644,"uniqueplotid":"PLNGRESIDENTIAL6644","plotmap_id":"SECTOR-18_228_2A_RESI","plotidentificationnumber":"228","plotno":"228","industrysector":"SECTOR-18","block":"2A","plotsize":"300 SQMT","plotsize_at_the_time_of_allotme":"300 SQMT","landuse_type":"RESIDENTIAL","landuse_subcategory":"RESIDENTIAL","scheme_cod":"RES01","investment":0,"employment":0,"plotstatus":"Allotted","landallotementstatus":"SOLD","landallotementtype":"ALLOTTED","allotmentid":"YEA011221","lease_deed":"Y","lease_deed_date":1556821800000,"village_name":"Mirzapur","khasra_no":"501","longitude":77.57919235,"latitude":28.29976342,"authority":"YEIDA","category":"residential","execution_stage":"lease-recorded"}},{"type":"Feature","geometry":{"type":"Polygon","coordinates":[[[77.579625,28.299866],[77.579502,28.299869],[77.579495,28.299644],[77.579618,28.299641],[77.579625,28.299866]]]},"properties":{"objectid":6645,"uniqueplotid":"PLNGRESIDENTIAL6645","plotmap_id":"SECTOR-18_225_2A_RESI","plotidentificationnumber":"225","plotno":"225","industrysector":"SECTOR-18","block":"2A","plotsize":"300 SQMT","plotsize_at_the_time_of_allotme":"300 SQMT","landuse_type":"RESIDENTIAL","landuse_subcategory":"RESIDENTIAL","scheme_cod":"RES01","investment":0,"employment":0,"plotstatus":"Allotted","landallotementstatus":"SOLD","landallotementtype":"ALLOTTED","allotmentid":"YEA014690","lease_deed":"Y","lease_deed_date":1674412200000,"village_name":"Mirzapur","khasra_no":"502,500","longitude":77.57955989,"latitude":28.29975504,"authority":"YEIDA","category":"residential","execution_stage":"lease-recorded"}},{"type":"Feature","geometry":{"type":"Polygon","coordinates":[[[77.579373,28.299646],[77.57938,28.299872],[77.579257,28.299875],[77.57925,28.299649],[77.579373,28.299646]]]},"properties":{"objectid":6646,"uniqueplotid":"PLNGRESIDENTIAL6646","plotmap_id":"SECTOR-18_227_2A_RESI","plotidentificationnumber":"227","plotno":"227","industrysector":"SECTOR-18","block":"2A","plotsize":"300 SQMT","plotsize_at_the_time_of_allotme":"300 SQMT","landuse_type":"RESIDENTIAL","landuse_subcategory":"RESIDENTIAL","scheme_cod":"RES01","investment":0,"employment":0,"plotstatus":"Allotted","landallotementstatus":"SOLD","landallotementtype":"ALLOTTED","allotmentid":"YEA019086","village_name":"Mirzapur","khasra_no":"502,500,501","longitude":77.57931486,"latitude":28.29976063,"authority":"YEIDA","category":"residential","execution_stage":"allotted"}},{"type":"Feature","geometry":{"type":"Polygon","coordinates":[[[77.57974,28.299638],[77.579747,28.299864],[77.579625,28.299866],[77.579618,28.299641],[77.57974,28.299638]]]},"properties":{"objectid":6647,"uniqueplotid":"PLNGRESIDENTIAL6647","plotmap_id":"SECTOR-18_224_2A_RESI","plotidentificationnumber":"224","plotno":"224","industrysector":"SECTOR-18","block":"2A","plotsize":"300 SQMT","plotsize_at_the_time_of_allotme":"300 SQMT","landuse_type":"RESIDENTIAL","landuse_subcategory":"RESIDENTIAL","scheme_cod":"RES01","investment":0,"employment":0,"plotstatus":"Allotted","landallotementstatus":"SOLD","landallotementtype":"ALLOTTED","allotmentid":"YEA015363","lease_deed":"Y","lease_deed_date":1609266600000,"village_name":"Mirzapur","khasra_no":"500","longitude":77.5796824,"latitude":28.29975224,"authority":"YEIDA","category":"residential","execution_stage":"lease-recorded"}},{"type":"Feature","geometry":{"type":"Polygon","coordinates":[[[77.58036,28.29985],[77.580237,28.299852],[77.58023,28.299623],[77.580353,28.299621],[77.58036,28.29985]]]},"properties":{"objectid":6648,"uniqueplotid":"PLNGRESIDENTIAL6648","plotmap_id":"SECTOR-18_220_2A_RESI","plotidentificationnumber":"220","plotno":"220","industrysector":"SECTOR-18","block":"2A","plotsize":"300 SQMT","plotsize_at_the_time_of_allotme":"300 SQMT","landuse_type":"RESIDENTIAL","landuse_subcategory":"RESIDENTIAL","scheme_cod":"RES01","investment":0,"employment":0,"plotstatus":"Allotted","landallotementstatus":"SOLD","landallotementtype":"ALLOTTED","allotmentid":"YEA005948","village_name":"Mirzapur","khasra_no":"506,N/F,507","longitude":77.58029489,"latitude":28.299736550000002,"authority":"YEIDA","category":"residential","execution_stage":"allotted"}},{"type":"Feature","geometry":{"type":"Polygon","coordinates":[[[77.579863,28.299635],[77.57987,28.299861],[77.579747,28.299864],[77.57974,28.299638],[77.579863,28.299635]]]},"properties":{"objectid":6649,"uniqueplotid":"PLNGRESIDENTIAL6649","plotmap_id":"SECTOR-18_223_2A_RESI","plotidentificationnumber":"223","plotno":"223","industrysector":"SECTOR-18","block":"2A","plotsize":"300 SQMT","plotsize_at_the_time_of_allotme":"300 SQMT","landuse_type":"RESIDENTIAL","landuse_subcategory":"RESIDENTIAL","scheme_cod":"RES01","investment":0,"employment":0,"plotstatus":"Allotted","landallotementstatus":"SOLD","landallotementtype":"ALLOTTED","allotmentid":"YEA009639","lease_deed":"Y","lease_deed_date":1651429800000,"village_name":"Mirzapur","khasra_no":"500","longitude":77.57980491000001,"latitude":28.299749440000003,"authority":"YEIDA","category":"residential","execution_stage":"lease-recorded"}},{"type":"Feature","geometry":{"type":"Polygon","coordinates":[[[77.579232,28.29909],[77.57911,28.299093],[77.579102,28.298867],[77.579225,28.298864],[77.579232,28.29909]]]},"properties":{"objectid":6650,"uniqueplotid":"PLNGRESIDENTIAL6650","plotmap_id":"SECTOR-18_163_2A_RESI","plotidentificationnumber":"163","plotno":"163","industrysector":"SECTOR-18","block":"2A","plotsize":"300 SQMT","plotsize_at_the_time_of_allotme":"300 SQMT","landuse_type":"RESIDENTIAL","landuse_subcategory":"RESIDENTIAL","scheme_cod":"RES01","investment":0,"employment":0,"plotstatus":"Allotted","landallotementstatus":"SOLD","landallotementtype":"ALLOTTED","allotmentid":"YEA012946","lease_deed":"Y","lease_deed_date":1563733800000,"village_name":"Mirzapur","khasra_no":"499,500","longitude":77.57916734,"latitude":28.29897857,"authority":"YEIDA","category":"residential","execution_stage":"lease-recorded"}},{"type":"Feature","geometry":{"type":"Polygon","coordinates":[[[77.58023,28.299623],[77.580237,28.299852],[77.580115,28.299855],[77.580107,28.299625],[77.58023,28.299623]]]},"properties":{"objectid":6651,"uniqueplotid":"PLNGRESIDENTIAL6651","plotmap_id":"SECTOR-18_221_2A_RESI","plotidentificationnumber":"221","plotno":"221","industrysector":"SECTOR-18","block":"2A","plotsize":"300 SQMT","plotsize_at_the_time_of_allotme":"300 SQMT","landuse_type":"RESIDENTIAL","landuse_subcategory":"RESIDENTIAL","scheme_cod":"RES01","investment":0,"employment":0,"plotstatus":"Allotted","landallotementstatus":"SOLD","landallotementtype":"ALLOTTED","allotmentid":"YEA017177","village_name":"Mirzapur","khasra_no":"500,506","longitude":77.58017237,"latitude":28.29973912,"authority":"YEIDA","category":"residential","execution_stage":"allotted"}},{"type":"Feature","geometry":{"type":"Polygon","coordinates":[[[77.579355,28.299087],[77.579232,28.29909],[77.579225,28.298864],[77.579348,28.298862],[77.579355,28.299087]]]},"properties":{"objectid":6652,"uniqueplotid":"PLNGRESIDENTIAL6652","plotmap_id":"SECTOR-18_164_2A_RESI","plotidentificationnumber":"164","plotno":"164","industrysector":"SECTOR-18","block":"2A","plotsize":"300 SQMT","plotsize_at_the_time_of_allotme":"300 SQMT","landuse_type":"RESIDENTIAL","landuse_subcategory":"RESIDENTIAL","scheme_cod":"RES01","investment":0,"employment":0,"plotstatus":"Allotted","landallotementstatus":"SOLD","landallotementtype":"ALLOTTED","allotmentid":"YEA018417","lease_deed":"Y","lease_deed_date":1560450600000,"village_name":"Mirzapur","khasra_no":"499,500","longitude":77.57928985,"latitude":28.29897577,"authority":"YEIDA","category":"residential","execution_stage":"lease-recorded"}},{"type":"Feature","geometry":{"type":"Polygon","coordinates":[[[77.579128,28.299652],[77.579135,28.299878],[77.579012,28.29988],[77.579005,28.299655],[77.579128,28.299652]]]},"properties":{"objectid":6653,"uniqueplotid":"PLNGRESIDENTIAL6653","plotmap_id":"SECTOR-18_229_2A_RESI","plotidentificationnumber":"229","plotno":"229","industrysector":"SECTOR-18","block":"2A","plotsize":"300 SQMT","plotsize_at_the_time_of_allotme":"300 SQMT","landuse_type":"RESIDENTIAL","landuse_subcategory":"RESIDENTIAL","scheme_cod":"RES01","investment":0,"employment":0,"plotstatus":"Allotted","landallotementstatus":"SOLD","landallotementtype":"ALLOTTED","allotmentid":"YEA011087","lease_deed":"Y","lease_deed_date":1573669800000,"village_name":"Mirzapur","khasra_no":"501","longitude":77.57906983999999,"latitude":28.299766220000002,"authority":"YEIDA","category":"residential","execution_stage":"lease-recorded"}},{"type":"Feature","geometry":{"type":"Polygon","coordinates":[[[77.57889,28.299883],[77.578767,28.299886],[77.57876,28.29966],[77.578882,28.299658],[77.57889,28.299883]]]},"properties":{"objectid":6654,"uniqueplotid":"PLNGRESIDENTIAL6654","plotmap_id":"SECTOR-18_231_2A_RESI","plotidentificationnumber":"231","plotno":"231","industrysector":"SECTOR-18","block":"2A","plotsize":"300 SQMT","plotsize_at_the_time_of_allotme":"300 SQMT","landuse_type":"RESIDENTIAL","landuse_subcategory":"RESIDENTIAL","scheme_cod":"RES01","investment":0,"employment":0,"plotstatus":"Allotted","landallotementstatus":"SOLD","landallotementtype":"ALLOTTED","allotmentid":"YEA008694","lease_deed":"Y","lease_deed_date":1669314600000,"village_name":"Mirzapur","khasra_no":"501","longitude":77.57882482,"latitude":28.299771810000003,"authority":"YEIDA","category":"residential","execution_stage":"lease-recorded"}},{"type":"Feature","geometry":{"type":"Polygon","coordinates":[[[77.579477,28.299084],[77.579355,28.299087],[77.579348,28.298862],[77.57947,28.298859],[77.579477,28.299084]]]},"properties":{"objectid":6655,"uniqueplotid":"PLNGRESIDENTIAL6655","plotmap_id":"SECTOR-18_165_2A_RESI","plotidentificationnumber":"165","plotno":"165","industrysector":"SECTOR-18","block":"2A","plotsize":"300 SQMT","plotsize_at_the_time_of_allotme":"300 SQMT","landuse_type":"RESIDENTIAL","landuse_subcategory":"RESIDENTIAL","scheme_cod":"RES01","investment":0,"employment":0,"plotstatus":"Allotted","landallotementstatus":"SOLD","landallotementtype":"ALLOTTED","allotmentid":"YEA005084","village_name":"Mirzapur","khasra_no":"499,500","longitude":77.57941237,"latitude":28.29897297,"authority":"YEIDA","category":"residential","execution_stage":"allotted"}},{"type":"Feature","geometry":{"type":"Polygon","coordinates":[[[77.579845,28.299076],[77.579722,28.299079],[77.579715,28.298853],[77.579838,28.29885],[77.579845,28.299076]]]},"properties":{"objectid":6656,"uniqueplotid":"PLNGRESIDENTIAL6656","plotmap_id":"SECTOR-18_168_2A_RESI","plotidentificationnumber":"168","plotno":"168","industrysector":"SECTOR-18","block":"2A","plotsize":"300 SQMT","plotsize_at_the_time_of_allotme":"300 SQMT","landuse_type":"RESIDENTIAL","landuse_subcategory":"RESIDENTIAL","scheme_cod":"RES01","investment":0,"employment":0,"plotstatus":"Allotted","landallotementstatus":"SOLD","landallotementtype":"ALLOTTED","allotmentid":"YEA011666","lease_deed":"Y","lease_deed_date":1639506600000,"village_name":"Mirzapur","khasra_no":"499","longitude":77.5797799,"latitude":28.29896459,"authority":"YEIDA","category":"residential","execution_stage":"lease-recorded"}},{"type":"Feature","geometry":{"type":"Polygon","coordinates":[[[77.579722,28.299079],[77.5796,28.299082],[77.579593,28.298856],[77.579715,28.298853],[77.579722,28.299079]]]},"properties":{"objectid":6657,"uniqueplotid":"PLNGRESIDENTIAL6657","plotmap_id":"SECTOR-18_167_2A_RESI","plotidentificationnumber":"167","plotno":"167","industrysector":"SECTOR-18","block":"2A","plotsize":"300 SQMT","plotsize_at_the_time_of_allotme":"300 SQMT","landuse_type":"RESIDENTIAL","landuse_subcategory":"RESIDENTIAL","scheme_cod":"RES01","investment":0,"employment":0,"plotstatus":"Allotted","landallotementstatus":"SOLD","landallotementtype":"ALLOTTED","allotmentid":"YEA018995","village_name":"Mirzapur","khasra_no":"499,500","longitude":77.57965739,"latitude":28.29896738,"authority":"YEIDA","category":"residential","execution_stage":"allotted"}},{"type":"Feature","geometry":{"type":"Polygon","coordinates":[[[77.578987,28.299096],[77.578865,28.299098],[77.578857,28.298873],[77.57898,28.29887],[77.578987,28.299096]]]},"properties":{"objectid":6658,"uniqueplotid":"PLNGRESIDENTIAL6658","plotmap_id":"SECTOR-18_161_2A_RESI","plotidentificationnumber":"161","plotno":"161","industrysector":"SECTOR-18","block":"2A","plotsize":"300 SQMT","plotsize_at_the_time_of_allotme":"300 SQMT","landuse_type":"RESIDENTIAL","landuse_subcategory":"RESIDENTIAL","scheme_cod":"RES01","investment":0,"employment":0,"plotstatus":"Allotted","landallotementstatus":"SOLD","landallotementtype":"ALLOTTED","allotmentid":"YEA017233","lease_deed":"Y","lease_deed_date":1630089000000,"village_name":"Mirzapur","khasra_no":"499","longitude":77.57892232,"latitude":28.29898416,"authority":"YEIDA","category":"residential","execution_stage":"lease-recorded"}},{"type":"Feature","geometry":{"type":"Polygon","coordinates":[[[77.578865,28.299098],[77.578742,28.299101],[77.578735,28.298876],[77.578857,28.298873],[77.578865,28.299098]]]},"properties":{"objectid":6659,"uniqueplotid":"PLNGRESIDENTIAL6659","plotmap_id":"SECTOR-18_160_2A_RESI","plotidentificationnumber":"160","plotno":"160","industrysector":"SECTOR-18","block":"2A","plotsize":"300 SQMT","plotsize_at_the_time_of_allotme":"300 SQMT","landuse_type":"RESIDENTIAL","landuse_subcategory":"RESIDENTIAL","scheme_cod":"RES01","investment":0,"employment":0,"plotstatus":"Allotted","landallotementstatus":"SOLD","landallotementtype":"ALLOTTED","allotmentid":"YEA016093","lease_deed":"Y","lease_deed_date":1651084200000,"village_name":"Mirzapur","khasra_no":"499","longitude":77.57879980999999,"latitude":28.29898695,"authority":"YEIDA","category":"residential","execution_stage":"lease-recorded"}},{"type":"Feature","geometry":{"type":"Polygon","coordinates":[[[77.57911,28.299093],[77.578987,28.299096],[77.57898,28.29887],[77.579102,28.298867],[77.57911,28.299093]]]},"properties":{"objectid":6660,"uniqueplotid":"PLNGRESIDENTIAL6660","plotmap_id":"SECTOR-18_162_2A_RESI","plotidentificationnumber":"162","plotno":"162","industrysector":"SECTOR-18","block":"2A","plotsize":"300 SQMT","plotsize_at_the_time_of_allotme":"300 SQMT","landuse_type":"RESIDENTIAL","landuse_subcategory":"RESIDENTIAL","scheme_cod":"RES01","investment":0,"employment":0,"plotstatus":"Allotted","landallotementstatus":"SOLD","landallotementtype":"ALLOTTED","allotmentid":"YEA008314","lease_deed":"Y","lease_deed_date":1554748200000,"village_name":"Mirzapur","khasra_no":"499,500","longitude":77.57904482999999,"latitude":28.29898136,"authority":"YEIDA","category":"residential","execution_stage":"lease-recorded"}},{"type":"Feature","geometry":{"type":"Polygon","coordinates":[[[77.580212,28.299068],[77.58009,28.29907],[77.580083,28.298848],[77.580205,28.298845],[77.580212,28.299068]]]},"properties":{"objectid":6661,"uniqueplotid":"PLNGRESIDENTIAL6661","plotmap_id":"SECTOR-18_170_2A_RESI","plotidentificationnumber":"170","plotno":"170","industrysector":"SECTOR-18","block":"2A","plotsize":"300 SQMT","plotsize_at_the_time_of_allotme":"300 SQMT","landuse_type":"RESIDENTIAL","landuse_subcategory":"RESIDENTIAL","scheme_cod":"RES01","investment":0,"employment":0,"plotstatus":"Allotted","landallotementstatus":"SOLD","landallotementtype":"ALLOTTED","allotmentid":"YEA010161","village_name":"Mirzapur","khasra_no":"499,508/3,N/F,N/F","longitude":77.5801475,"latitude":28.29895754,"authority":"YEIDA","category":"residential","execution_stage":"allotted"}},{"type":"Feature","geometry":{"type":"Polygon","coordinates":[[[77.579362,28.299313],[77.579239,28.299315],[77.579232,28.29909],[77.579355,28.299087],[77.579362,28.299313]]]},"properties":{"objectid":6662,"uniqueplotid":"PLNGRESIDENTIAL6662","plotmap_id":"SECTOR-18_188_2A_RESI","plotidentificationnumber":"188","plotno":"188","industrysector":"SECTOR-18","block":"2A","plotsize":"300 SQMT","plotsize_at_the_time_of_allotme":"300 SQMT","landuse_type":"RESIDENTIAL","landuse_subcategory":"RESIDENTIAL","scheme_cod":"RES01","investment":0,"employment":0,"plotstatus":"Allotted","landallotementstatus":"SOLD","landallotementtype":"ALLOTTED","allotmentid":"YEA004434","lease_deed":"Y","lease_deed_date":1557858600000,"village_name":"Mirzapur","khasra_no":"500","longitude":77.57929704,"latitude":28.2992013,"authority":"YEIDA","category":"residential","execution_stage":"lease-recorded"}},{"type":"Feature","geometry":{"type":"Polygon","coordinates":[[[77.579239,28.299315],[77.579117,28.299318],[77.57911,28.299093],[77.579232,28.29909],[77.579239,28.299315]]]},"properties":{"objectid":6663,"uniqueplotid":"PLNGRESIDENTIAL6663","plotmap_id":"SECTOR-18_189_2A_RESI","plotidentificationnumber":"189","plotno":"189","industrysector":"SECTOR-18","block":"2A","plotsize":"300 SQMT","plotsize_at_the_time_of_allotme":"300 SQMT","landuse_type":"RESIDENTIAL","landuse_subcategory":"RESIDENTIAL","scheme_cod":"RES01","investment":0,"employment":0,"plotstatus":"Allotted","landallotementstatus":"SOLD","landallotementtype":"ALLOTTED","allotmentid":"YEA013404","lease_deed":"Y","lease_deed_date":1564511400000,"village_name":"Mirzapur","khasra_no":"500","longitude":77.57917453,"latitude":28.2992041,"authority":"YEIDA","category":"residential","execution_stage":"lease-recorded"}},{"type":"Feature","geometry":{"type":"Polygon","coordinates":[[[77.579607,28.299307],[77.579484,28.29931],[77.579477,28.299084],[77.5796,28.299082],[77.579607,28.299307]]]},"properties":{"objectid":6664,"uniqueplotid":"PLNGRESIDENTIAL6664","plotmap_id":"SECTOR-18_186_2A_RESI","plotidentificationnumber":"186","plotno":"186","industrysector":"SECTOR-18","block":"2A","plotsize":"300 SQMT","plotsize_at_the_time_of_allotme":"300 SQMT","landuse_type":"RESIDENTIAL","landuse_subcategory":"RESIDENTIAL","scheme_cod":"RES01","investment":0,"employment":0,"plotstatus":"Allotted","landallotementstatus":"SOLD","landallotementtype":"ALLOTTED","allotmentid":"YEA016098","lease_deed":"Y","lease_deed_date":1626201000000,"village_name":"Mirzapur","khasra_no":"500","longitude":77.57954206,"latitude":28.29919571,"authority":"YEIDA","category":"residential","execution_stage":"lease-recorded"}},{"type":"Feature","geometry":{"type":"Polygon","coordinates":[[[77.578872,28.299324],[77.578749,28.299327],[77.578742,28.299101],[77.578865,28.299098],[77.578872,28.299324]]]},"properties":{"objectid":6665,"uniqueplotid":"PLNGRESIDENTIAL6665","plotmap_id":"SECTOR-18_192_2A_RESI","plotidentificationnumber":"192","plotno":"192","industrysector":"SECTOR-18","block":"2A","plotsize":"300 SQMT","plotsize_at_the_time_of_allotme":"300 SQMT","landuse_type":"RESIDENTIAL","landuse_subcategory":"RESIDENTIAL","scheme_cod":"RES01","investment":0,"employment":0,"plotstatus":"Allotted","landallotementstatus":"SOLD","landallotementtype":"ALLOTTED","allotmentid":"YEA019962","lease_deed":"Y","lease_deed_date":1640543400000,"village_name":"Mirzapur","khasra_no":"499,498,500","longitude":77.57880699,"latitude":28.29921249,"authority":"YEIDA","category":"residential","execution_stage":"lease-recorded"}},{"type":"Feature","geometry":{"type":"Polygon","coordinates":[[[77.579845,28.299076],[77.579852,28.299301],[77.579729,28.299304],[77.579722,28.299079],[77.579845,28.299076]]]},"properties":{"objectid":6666,"uniqueplotid":"PLNGRESIDENTIAL6666","plotmap_id":"SECTOR-18_184_2A_RESI","plotidentificationnumber":"184","plotno":"184","industrysector":"SECTOR-18","block":"2A","plotsize":"300 SQMT","plotsize_at_the_time_of_allotme":"300 SQMT","landuse_type":"RESIDENTIAL","landuse_subcategory":"RESIDENTIAL","scheme_cod":"RES01","investment":0,"employment":0,"plotstatus":"Allotted","landallotementstatus":"SOLD","landallotementtype":"ALLOTTED","allotmentid":"YEA004572","lease_deed":"Y","lease_deed_date":1640716200000,"village_name":"Mirzapur","khasra_no":"499,500","longitude":77.57978709,"latitude":28.29919012,"authority":"YEIDA","category":"residential","execution_stage":"lease-recorded"}},{"type":"Feature","geometry":{"type":"Polygon","coordinates":[[[77.580212,28.299068],[77.580219,28.299293],[77.580097,28.299296],[77.58009,28.29907],[77.580212,28.299068]]]},"properties":{"objectid":6667,"uniqueplotid":"PLNGRESIDENTIAL6667","plotmap_id":"SECTOR-18_182_2A_RESI","plotidentificationnumber":"182","plotno":"182","industrysector":"SECTOR-18","block":"2A","plotsize":"300 SQMT","plotsize_at_the_time_of_allotme":"300 SQMT","landuse_type":"RESIDENTIAL","landuse_subcategory":"RESIDENTIAL","scheme_cod":"RES01","investment":0,"employment":0,"plotstatus":"Allotted","landallotementstatus":"SOLD","landallotementtype":"ALLOTTED","allotmentid":"YEA019854","village_name":"Mirzapur","khasra_no":"499,N/F","longitude":77.58015462,"latitude":28.29918173,"authority":"YEIDA","category":"residential","execution_stage":"allotted"}},{"type":"Feature","geometry":{"type":"Polygon","coordinates":[[[77.579214,28.298531],[77.579092,28.298533],[77.579085,28.298308],[77.579207,28.298305],[77.579214,28.298531]]]},"properties":{"objectid":6668,"uniqueplotid":"PLNGRESIDENTIAL6668","plotmap_id":"SECTOR-18_134_2A_RESI","plotidentificationnumber":"134","plotno":"134","industrysector":"SECTOR-18","block":"2A","plotsize":"300 SQMT","plotsize_at_the_time_of_allotme":"300 SQMT","landuse_type":"RESIDENTIAL","landuse_subcategory":"RESIDENTIAL","scheme_cod":"RES01","investment":0,"employment":0,"plotstatus":"Allotted","landallotementstatus":"SOLD","landallotementtype":"ALLOTTED","allotmentid":"YEA004201","lease_deed":"Y","lease_deed_date":1703701800000,"village_name":"Mirzapur","khasra_no":"499","longitude":77.57914952,"latitude":28.29841924,"authority":"YEIDA","category":"residential","execution_stage":"lease-recorded"}},{"type":"Feature","geometry":{"type":"Polygon","coordinates":[[[77.580072,28.298511],[77.579949,28.298514],[77.579942,28.298288],[77.580065,28.298286],[77.580072,28.298511]]]},"properties":{"objectid":6669,"uniqueplotid":"PLNGRESIDENTIAL6669","plotmap_id":"SECTOR-18_141_2A_RESI","plotidentificationnumber":"141","plotno":"141","industrysector":"SECTOR-18","block":"2A","plotsize":"300 SQMT","plotsize_at_the_time_of_allotme":"300 SQMT","landuse_type":"RESIDENTIAL","landuse_subcategory":"RESIDENTIAL","scheme_cod":"RES01","investment":0,"employment":0,"plotstatus":"Allotted","landallotementstatus":"SOLD","landallotementtype":"ALLOTTED","allotmentid":"YEA008598","lease_deed":"Y","lease_deed_date":1577039400000,"village_name":"Mirzapur","khasra_no":"N/F,508/4","longitude":77.5800071,"latitude":28.298399670000002,"authority":"YEIDA","category":"residential","execution_stage":"lease-recorded"}},{"type":"Feature","geometry":{"type":"Polygon","coordinates":[[[77.579337,28.298528],[77.579214,28.298531],[77.579207,28.298305],[77.57933,28.298302],[77.579337,28.298528]]]},"properties":{"objectid":6670,"uniqueplotid":"PLNGRESIDENTIAL6670","plotmap_id":"SECTOR-18_135_2A_RESI","plotidentificationnumber":"135","plotno":"135","industrysector":"SECTOR-18","block":"2A","plotsize":"300 SQMT","plotsize_at_the_time_of_allotme":"300 SQMT","landuse_type":"RESIDENTIAL","landuse_subcategory":"RESIDENTIAL","scheme_cod":"RES01","investment":0,"employment":0,"plotstatus":"Allotted","landallotementstatus":"SOLD","landallotementtype":"ALLOTTED","allotmentid":"YEA007740","lease_deed":"Y","lease_deed_date":1604428200000,"village_name":"Mirzapur","khasra_no":"499","longitude":77.57927203,"latitude":28.29841644,"authority":"YEIDA","category":"residential","execution_stage":"lease-recorded"}},{"type":"Feature","geometry":{"type":"Polygon","coordinates":[[[77.579459,28.298525],[77.579337,28.298528],[77.57933,28.298302],[77.579452,28.298299],[77.579459,28.298525]]]},"properties":{"objectid":6671,"uniqueplotid":"PLNGRESIDENTIAL6671","plotmap_id":"SECTOR-18_136_2A_RESI","plotidentificationnumber":"136","plotno":"136","industrysector":"SECTOR-18","block":"2A","plotsize":"300 SQMT","plotsize_at_the_time_of_allotme":"300 SQMT","landuse_type":"RESIDENTIAL","landuse_subcategory":"RESIDENTIAL","scheme_cod":"RES01","investment":0,"employment":0,"plotstatus":"Allotted","landallotementstatus":"SOLD","landallotementtype":"ALLOTTED","allotmentid":"YEA006808","lease_deed":"Y","lease_deed_date":1645036200000,"village_name":"Mirzapur","khasra_no":"499,N/F","longitude":77.57939454000001,"latitude":28.29841365,"authority":"YEIDA","category":"residential","execution_stage":"lease-recorded"}},{"type":"Feature","geometry":{"type":"Polygon","coordinates":[[[77.579827,28.298517],[77.579704,28.298519],[77.579697,28.298294],[77.57982,28.298291],[77.579827,28.298517]]]},"properties":{"objectid":6672,"uniqueplotid":"PLNGRESIDENTIAL6672","plotmap_id":"SECTOR-18_139_2A_RESI","plotidentificationnumber":"139","plotno":"139","industrysector":"SECTOR-18","block":"2A","plotsize":"300 SQMT","plotsize_at_the_time_of_allotme":"300 SQMT","landuse_type":"RESIDENTIAL","landuse_subcategory":"RESIDENTIAL","scheme_cod":"RES01","investment":0,"employment":0,"plotstatus":"Allotted","landallotementstatus":"SOLD","landallotementtype":"ALLOTTED","allotmentid":"YEA009581","village_name":"Mirzapur","khasra_no":"N/F,508/4","longitude":77.57976208000001,"latitude":28.29840526,"authority":"YEIDA","category":"residential","execution_stage":"allotted"}},{"type":"Feature","geometry":{"type":"Polygon","coordinates":[[[77.579092,28.298533],[77.578969,28.298536],[77.578962,28.298311],[77.579085,28.298308],[77.579092,28.298533]]]},"properties":{"objectid":6673,"uniqueplotid":"PLNGRESIDENTIAL6673","plotmap_id":"SECTOR-18_133_2A_RESI","plotidentificationnumber":"133","plotno":"133","industrysector":"SECTOR-18","block":"2A","plotsize":"300 SQMT","plotsize_at_the_time_of_allotme":"300 SQMT","landuse_type":"RESIDENTIAL","landuse_subcategory":"RESIDENTIAL","scheme_cod":"RES01","investment":0,"employment":0,"plotstatus":"Allotted","landallotementstatus":"SOLD","landallotementtype":"ALLOTTED","allotmentid":"YEA014762","village_name":"Mirzapur","khasra_no":"499","longitude":77.57902700999999,"latitude":28.29842203,"authority":"YEIDA","category":"residential","execution_stage":"allotted"}},{"type":"Feature","geometry":{"type":"Polygon","coordinates":[[[77.579222,28.298756],[77.579099,28.298759],[77.579092,28.298533],[77.579214,28.298531],[77.579222,28.298756]]]},"properties":{"objectid":6674,"uniqueplotid":"PLNGRESIDENTIAL6674","plotmap_id":"SECTOR-18_156_2A_RESI","plotidentificationnumber":"156","plotno":"156","industrysector":"SECTOR-18","block":"2A","plotsize":"300 SQMT","plotsize_at_the_time_of_allotme":"300 SQMT","landuse_type":"RESIDENTIAL","landuse_subcategory":"RESIDENTIAL","scheme_cod":"RES01","investment":0,"employment":0,"plotstatus":"Allotted","landallotementstatus":"SOLD","landallotementtype":"ALLOTTED","allotmentid":"YEA013181","lease_deed":"Y","lease_deed_date":1607884200000,"village_name":"Mirzapur","khasra_no":"499","longitude":77.57915670999999,"latitude":28.29864477,"authority":"YEIDA","category":"residential","execution_stage":"lease-recorded"}},{"type":"Feature","geometry":{"type":"Polygon","coordinates":[[[77.580194,28.298508],[77.580072,28.298511],[77.580065,28.298286],[77.580187,28.298283],[77.580194,28.298508]]]},"properties":{"objectid":6675,"uniqueplotid":"PLNGRESIDENTIAL6675","plotmap_id":"SECTOR-18_142_2A_RESI","plotidentificationnumber":"142","plotno":"142","industrysector":"SECTOR-18","block":"2A","plotsize":"300 SQMT","plotsize_at_the_time_of_allotme":"300 SQMT","landuse_type":"RESIDENTIAL","landuse_subcategory":"RESIDENTIAL","scheme_cod":"RES01","investment":0,"employment":0,"plotstatus":"Allotted","landallotementstatus":"SOLD","landallotementtype":"ALLOTTED","allotmentid":"YEA006703","lease_deed":"Y","lease_deed_date":1641580200000,"village_name":"Mirzapur","khasra_no":"N/F,508/4","longitude":77.58012961,"latitude":28.29839687,"authority":"YEIDA","category":"residential","execution_stage":"lease-recorded"}},{"type":"Feature","geometry":{"type":"Polygon","coordinates":[[[77.579704,28.298519],[77.579582,28.298522],[77.579575,28.298297],[77.579697,28.298294],[77.579704,28.298519]]]},"properties":{"objectid":6676,"uniqueplotid":"PLNGRESIDENTIAL6676","plotmap_id":"SECTOR-18_138_2A_RESI","plotidentificationnumber":"138","plotno":"138","industrysector":"SECTOR-18","block":"2A","plotsize":"300 SQMT","plotsize_at_the_time_of_allotme":"300 SQMT","landuse_type":"RESIDENTIAL","landuse_subcategory":"RESIDENTIAL","scheme_cod":"RES01","investment":0,"employment":0,"plotstatus":"Allotted","landallotementstatus":"SOLD","landallotementtype":"ALLOTTED","allotmentid":"YEA008527","lease_deed":"Y","lease_deed_date":1640802600000,"village_name":"Mirzapur","khasra_no":"499,N/F,N/F","longitude":77.57963957,"latitude":28.298408050000003,"authority":"YEIDA","category":"residential","execution_stage":"lease-recorded"}},{"type":"Feature","geometry":{"type":"Polygon","coordinates":[[[77.578969,28.298536],[77.578847,28.298539],[77.57884,28.298313],[77.578962,28.298311],[77.578969,28.298536]]]},"properties":{"objectid":6677,"uniqueplotid":"PLNGRESIDENTIAL6677","plotmap_id":"SECTOR-18_132_2A_RESI","plotidentificationnumber":"132","plotno":"132","industrysector":"SECTOR-18","block":"2A","plotsize":"300 SQMT","plotsize_at_the_time_of_allotme":"300 SQMT","landuse_type":"RESIDENTIAL","landuse_subcategory":"RESIDENTIAL","scheme_cod":"RRPS01","investment":0,"employment":0,"plotstatus":"Allotted","landallotementstatus":"SOLD","landallotementtype":"ALLOTTED","allotmentid":"RRPS012931","village_name":"Mirzapur","khasra_no":"499","longitude":77.57890450000001,"latitude":28.298424830000002,"authority":"YEIDA","category":"residential","execution_stage":"allotted"}},{"type":"Feature","geometry":{"type":"Polygon","coordinates":[[[77.579467,28.298751],[77.579344,28.298753],[77.579337,28.298528],[77.579459,28.298525],[77.579467,28.298751]]]},"properties":{"objectid":6678,"uniqueplotid":"PLNGRESIDENTIAL6678","plotmap_id":"SECTOR-18_154_2A_RESI","plotidentificationnumber":"154","plotno":"154","industrysector":"SECTOR-18","block":"2A","plotsize":"300 SQMT","plotsize_at_the_time_of_allotme":"300 SQMT","landuse_type":"RESIDENTIAL","landuse_subcategory":"RESIDENTIAL","scheme_cod":"RES01","investment":0,"employment":0,"plotstatus":"Allotted","landallotementstatus":"SOLD","landallotementtype":"ALLOTTED","allotmentid":"YEA019520","village_name":"Mirzapur","khasra_no":"499","longitude":77.57940173,"latitude":28.298639180000002,"authority":"YEIDA","category":"residential","execution_stage":"allotted"}},{"type":"Feature","geometry":{"type":"Polygon","coordinates":[[[77.579704,28.298519],[77.579712,28.298745],[77.579589,28.298748],[77.579582,28.298522],[77.579704,28.298519]]]},"properties":{"objectid":6679,"uniqueplotid":"PLNGRESIDENTIAL6679","plotmap_id":"SECTOR-18_152_2A_RESI","plotidentificationnumber":"152","plotno":"152","industrysector":"SECTOR-18","block":"2A","plotsize":"300 SQMT","plotsize_at_the_time_of_allotme":"300 SQMT","landuse_type":"RESIDENTIAL","landuse_subcategory":"RESIDENTIAL","scheme_cod":"RES01","investment":0,"employment":0,"plotstatus":"Allotted","landallotementstatus":"SOLD","landallotementtype":"ALLOTTED","allotmentid":"YEA007931","village_name":"Mirzapur","khasra_no":"499,N/F,N/F","longitude":77.57964675,"latitude":28.29863359,"authority":"YEIDA","category":"residential","execution_stage":"allotted"}},{"type":"Feature","geometry":{"type":"Polygon","coordinates":[[[77.579589,28.298748],[77.579467,28.298751],[77.579459,28.298525],[77.579582,28.298522],[77.579589,28.298748]]]},"properties":{"objectid":6680,"uniqueplotid":"PLNGRESIDENTIAL6680","plotmap_id":"SECTOR-18_153_2A_RESI","plotidentificationnumber":"153","plotno":"153","industrysector":"SECTOR-18","block":"2A","plotsize":"300 SQMT","plotsize_at_the_time_of_allotme":"300 SQMT","landuse_type":"RESIDENTIAL","landuse_subcategory":"RESIDENTIAL","scheme_cod":"RES01","investment":0,"employment":0,"plotstatus":"Allotted","landallotementstatus":"SOLD","landallotementtype":"ALLOTTED","allotmentid":"YEA017925","lease_deed":"Y","lease_deed_date":1566930600000,"village_name":"Mirzapur","khasra_no":"499","longitude":77.57952424,"latitude":28.298636390000002,"authority":"YEIDA","category":"residential","execution_stage":"lease-recorded"}},{"type":"Feature","geometry":{"type":"Polygon","coordinates":[[[77.579834,28.298742],[77.579712,28.298745],[77.579704,28.298519],[77.579827,28.298517],[77.579834,28.298742]]]},"properties":{"objectid":6681,"uniqueplotid":"PLNGRESIDENTIAL6681","plotmap_id":"SECTOR-18_151_2A_RESI","plotidentificationnumber":"151","plotno":"151","industrysector":"SECTOR-18","block":"2A","plotsize":"300 SQMT","plotsize_at_the_time_of_allotme":"300 SQMT","landuse_type":"RESIDENTIAL","landuse_subcategory":"RESIDENTIAL","scheme_cod":"RES01","investment":0,"employment":0,"plotstatus":"Allotted","landallotementstatus":"SOLD","landallotementtype":"ALLOTTED","allotmentid":"YEA005446","village_name":"Mirzapur","khasra_no":"499,N/F,508/4,N/F","longitude":77.57976927,"latitude":28.29863079,"authority":"YEIDA","category":"residential","execution_stage":"allotted"}},{"type":"Feature","geometry":{"type":"Polygon","coordinates":[[[77.579099,28.298759],[77.578977,28.298762],[77.578969,28.298536],[77.579092,28.298533],[77.579099,28.298759]]]},"properties":{"objectid":6682,"uniqueplotid":"PLNGRESIDENTIAL6682","plotmap_id":"SECTOR-18_157_2A_RESI","plotidentificationnumber":"157","plotno":"157","industrysector":"SECTOR-18","block":"2A","plotsize":"300 SQMT","plotsize_at_the_time_of_allotme":"300 SQMT","landuse_type":"RESIDENTIAL","landuse_subcategory":"RESIDENTIAL","scheme_cod":"RES01","investment":0,"employment":0,"plotstatus":"Allotted","landallotementstatus":"SOLD","landallotementtype":"ALLOTTED","allotmentid":"YEA005023","lease_deed":"Y","lease_deed_date":1558981800000,"village_name":"Mirzapur","khasra_no":"499","longitude":77.57903418999999,"latitude":28.29864757,"authority":"YEIDA","category":"residential","execution_stage":"lease-recorded"}},{"type":"Feature","geometry":{"type":"Polygon","coordinates":[[[77.579957,28.298739],[77.579834,28.298742],[77.579827,28.298517],[77.579949,28.298514],[77.579957,28.298739]]]},"properties":{"objectid":6683,"uniqueplotid":"PLNGRESIDENTIAL6683","plotmap_id":"SECTOR-18_150_2A_RESI","plotidentificationnumber":"150","plotno":"150","industrysector":"SECTOR-18","block":"2A","plotsize":"300 SQMT","plotsize_at_the_time_of_allotme":"300 SQMT","landuse_type":"RESIDENTIAL","landuse_subcategory":"RESIDENTIAL","scheme_cod":"RES01","investment":0,"employment":0,"plotstatus":"Allotted","landallotementstatus":"SOLD","landallotementtype":"ALLOTTED","allotmentid":"YEA005283","village_name":"Mirzapur","khasra_no":"499,508/4,508/3,N/F","longitude":77.57989178000001,"latitude":28.298628,"authority":"YEIDA","category":"residential","execution_stage":"allotted"}},{"type":"Feature","geometry":{"type":"Polygon","coordinates":[[[77.580486,28.299955],[77.580493,28.300181],[77.58037,28.300183],[77.580363,28.299958],[77.580486,28.299955]]]},"properties":{"objectid":6684,"uniqueplotid":"PLNGRESIDENTIAL6684","plotmap_id":"SECTOR-18_244_2A_RESI","plotidentificationnumber":"244","plotno":"244","industrysector":"SECTOR-18","block":"2A","plotsize":"300 SQMT","plotsize_at_the_time_of_allotme":"300 SQMT","landuse_type":"RESIDENTIAL","landuse_subcategory":"RESIDENTIAL","scheme_cod":"RES01","investment":0,"employment":0,"plotstatus":"Allotted","landallotementstatus":"SOLD","landallotementtype":"ALLOTTED","allotmentid":"YEA010851","lease_deed":"Y","lease_deed_date":1557253800000,"village_name":"Mirzapur","khasra_no":"506","longitude":77.58042811,"latitude":28.30006925,"authority":"YEIDA","category":"residential","execution_stage":"lease-recorded"}},{"type":"Feature","geometry":{"type":"Polygon","coordinates":[[[77.58074,28.300175],[77.580747,28.300401],[77.580623,28.300403],[77.580615,28.300178],[77.58074,28.300175]]]},"properties":{"objectid":6685,"uniqueplotid":"PLNGRESIDENTIAL6685","plotmap_id":"SECTOR-18_262_2A_RESI","plotidentificationnumber":"262","plotno":"262","industrysector":"SECTOR-18","block":"2A","plotsize":"300 SQMT","plotsize_at_the_time_of_allotme":"300 SQMT","landuse_type":"RESIDENTIAL","landuse_subcategory":"RESIDENTIAL","scheme_cod":"RES01","investment":0,"employment":0,"plotstatus":"Allotted","landallotementstatus":"SOLD","landallotementtype":"ALLOTTED","allotmentid":"YEA013413","lease_deed":"Y","lease_deed_date":1616524200000,"village_name":"Mirzapur","khasra_no":"511,506","longitude":77.58068141000001,"latitude":28.30028917,"authority":"YEIDA","category":"residential","execution_stage":"lease-recorded"}},{"type":"Feature","geometry":{"type":"Polygon","coordinates":[[[77.5805,28.300406],[77.580378,28.300409],[77.58037,28.300183],[77.580493,28.300181],[77.5805,28.300406]]]},"properties":{"objectid":6686,"uniqueplotid":"PLNGRESIDENTIAL6686","plotmap_id":"SECTOR-18_264_2A_RESI","plotidentificationnumber":"264","plotno":"264","industrysector":"SECTOR-18","block":"2A","plotsize":"300 SQMT","plotsize_at_the_time_of_allotme":"300 SQMT","landuse_type":"RESIDENTIAL","landuse_subcategory":"RESIDENTIAL","scheme_cod":"RES01","investment":0,"employment":0,"plotstatus":"Allotted","landallotementstatus":"SOLD","landallotementtype":"ALLOTTED","allotmentid":"YEA008119","village_name":"Mirzapur","khasra_no":"506","longitude":77.58043529,"latitude":28.30029479,"authority":"YEIDA","category":"residential","execution_stage":"allotted"}},{"type":"Feature","geometry":{"type":"Polygon","coordinates":[[[77.580608,28.299952],[77.580615,28.300178],[77.580493,28.300181],[77.580486,28.299955],[77.580608,28.299952]]]},"properties":{"objectid":6687,"uniqueplotid":"PLNGRESIDENTIAL6687","plotmap_id":"SECTOR-18_245_2A_RESI","plotidentificationnumber":"245","plotno":"245","industrysector":"SECTOR-18","block":"2A","plotsize":"300 SQMT","plotsize_at_the_time_of_allotme":"300 SQMT","landuse_type":"RESIDENTIAL","landuse_subcategory":"RESIDENTIAL","scheme_cod":"RES01","investment":0,"employment":0,"plotstatus":"Allotted","landallotementstatus":"SOLD","landallotementtype":"ALLOTTED","allotmentid":"YEA014824","lease_deed":"Y","lease_deed_date":1737397800000,"village_name":"Mirzapur","khasra_no":"506","longitude":77.58055062,"latitude":28.30006646,"authority":"YEIDA","category":"residential","execution_stage":"lease-recorded"}},{"type":"Feature","geometry":{"type":"Polygon","coordinates":[[[77.580853,28.299947],[77.58086,28.300172],[77.58074,28.300175],[77.580733,28.299949],[77.580853,28.299947]]]},"properties":{"objectid":6688,"uniqueplotid":"PLNGRESIDENTIAL6688","plotmap_id":"SECTOR-18_247_2A_RESI","plotidentificationnumber":"247","plotno":"247","industrysector":"SECTOR-18","block":"2A","plotsize":"300 SQMT","plotsize_at_the_time_of_allotme":"300 SQMT","landuse_type":"RESIDENTIAL","landuse_subcategory":"RESIDENTIAL","scheme_cod":"RES01","investment":0,"employment":0,"plotstatus":"Allotted","landallotementstatus":"SOLD","landallotementtype":"ALLOTTED","allotmentid":"YEA012945","village_name":"Mirzapur","khasra_no":"511,506,507","longitude":77.58079672999999,"latitude":28.30006084,"authority":"YEIDA","category":"residential","execution_stage":"allotted"}},{"type":"Feature","geometry":{"type":"Polygon","coordinates":[[[77.580733,28.299949],[77.58074,28.300175],[77.580615,28.300178],[77.580608,28.299952],[77.580733,28.299949]]]},"properties":{"objectid":6689,"uniqueplotid":"PLNGRESIDENTIAL6689","plotmap_id":"SECTOR-18_246_2A_RESI","plotidentificationnumber":"246","plotno":"246","industrysector":"SECTOR-18","block":"2A","plotsize":"300 SQMT","plotsize_at_the_time_of_allotme":"300 SQMT","landuse_type":"RESIDENTIAL","landuse_subcategory":"RESIDENTIAL","scheme_cod":"RES01","investment":0,"employment":0,"plotstatus":"Allotted","landallotementstatus":"SOLD","landallotementtype":"ALLOTTED","allotmentid":"YEA017594","lease_deed":"Y","lease_deed_date":1657045800000,"village_name":"Mirzapur","khasra_no":"506,507","longitude":77.58067422,"latitude":28.30006364,"authority":"YEIDA","category":"residential","execution_stage":"lease-recorded"}},{"type":"Feature","geometry":{"type":"Polygon","coordinates":[[[77.580868,28.300398],[77.580747,28.300401],[77.58074,28.300175],[77.58086,28.300172],[77.580868,28.300398]]]},"properties":{"objectid":6690,"uniqueplotid":"PLNGRESIDENTIAL6690","plotmap_id":"SECTOR-18_261_2A_RESI","plotidentificationnumber":"261","plotno":"261","industrysector":"SECTOR-18","block":"2A","plotsize":"300 SQMT","plotsize_at_the_time_of_allotme":"300 SQMT","landuse_type":"RESIDENTIAL","landuse_subcategory":"RESIDENTIAL","scheme_cod":"RES01","investment":0,"employment":0,"plotstatus":"Allotted","landallotementstatus":"SOLD","landallotementtype":"ALLOTTED","allotmentid":"YEA006854","lease_deed":"Y","lease_deed_date":1638815400000,"village_name":"Mirzapur","khasra_no":"511,506","longitude":77.58080392,"latitude":28.30028637,"authority":"YEIDA","category":"residential","execution_stage":"lease-recorded"}},{"type":"Feature","geometry":{"type":"Polygon","coordinates":[[[77.581221,28.299938],[77.581228,28.300164],[77.581106,28.300167],[77.581098,28.299941],[77.581221,28.299938]]]},"properties":{"objectid":6691,"uniqueplotid":"PLNGRESIDENTIAL6691","plotmap_id":"SECTOR-18_250_2A_RESI","plotidentificationnumber":"250","plotno":"250","industrysector":"SECTOR-18","block":"2A","plotsize":"300 SQMT","plotsize_at_the_time_of_allotme":"300 SQMT","landuse_type":"RESIDENTIAL","landuse_subcategory":"RESIDENTIAL","scheme_cod":"RES01","investment":0,"employment":0,"plotstatus":"Allotted","landallotementstatus":"SOLD","landallotementtype":"ALLOTTED","allotmentid":"YEA015659","lease_deed":"Y","lease_deed_date":1548786600000,"village_name":"Mirzapur","khasra_no":"511","longitude":77.58116318,"latitude":28.30005248,"authority":"YEIDA","category":"residential","execution_stage":"lease-recorded"}},{"type":"Feature","geometry":{"type":"Polygon","coordinates":[[[77.580615,28.300178],[77.580623,28.300403],[77.5805,28.300406],[77.580493,28.300181],[77.580615,28.300178]]]},"properties":{"objectid":6692,"uniqueplotid":"PLNGRESIDENTIAL6692","plotmap_id":"SECTOR-18_263_2A_RESI","plotidentificationnumber":"263","plotno":"263","industrysector":"SECTOR-18","block":"2A","plotsize":"300 SQMT","plotsize_at_the_time_of_allotme":"300 SQMT","landuse_type":"RESIDENTIAL","landuse_subcategory":"RESIDENTIAL","scheme_cod":"RES01","investment":0,"employment":0,"plotstatus":"Allotted","landallotementstatus":"SOLD","landallotementtype":"ALLOTTED","allotmentid":"YEA012320","lease_deed":"Y","lease_deed_date":1568917800000,"village_name":"Mirzapur","khasra_no":"511,506","longitude":77.5805578,"latitude":28.30029199,"authority":"YEIDA","category":"residential","execution_stage":"lease-recorded"}},{"type":"Feature","geometry":{"type":"Polygon","coordinates":[[[77.581098,28.299941],[77.581106,28.300167],[77.580983,28.300169],[77.580976,28.299944],[77.581098,28.299941]]]},"properties":{"objectid":6693,"uniqueplotid":"PLNGRESIDENTIAL6693","plotmap_id":"SECTOR-18_249_2A_RESI","plotidentificationnumber":"249","plotno":"249","industrysector":"SECTOR-18","block":"2A","plotsize":"300 SQMT","plotsize_at_the_time_of_allotme":"300 SQMT","landuse_type":"RESIDENTIAL","landuse_subcategory":"RESIDENTIAL","scheme_cod":"RES01","investment":0,"employment":0,"plotstatus":"Allotted","landallotementstatus":"SOLD","landallotementtype":"ALLOTTED","allotmentid":"YEA014915","lease_deed":"Y","lease_deed_date":1556562600000,"village_name":"Mirzapur","khasra_no":"511","longitude":77.58104067000001,"latitude":28.300055280000002,"authority":"YEIDA","category":"residential","execution_stage":"lease-recorded"}},{"type":"Feature","geometry":{"type":"Polygon","coordinates":[[[77.581228,28.300164],[77.581235,28.300389],[77.581113,28.300392],[77.581106,28.300167],[77.581228,28.300164]]]},"properties":{"objectid":6694,"uniqueplotid":"PLNGRESIDENTIAL6694","plotmap_id":"SECTOR-18_258_2A_RESI","plotidentificationnumber":"258","plotno":"258","industrysector":"SECTOR-18","block":"2A","plotsize":"300 SQMT","plotsize_at_the_time_of_allotme":"300 SQMT","landuse_type":"RESIDENTIAL","landuse_subcategory":"RESIDENTIAL","scheme_cod":"RES01","investment":0,"employment":0,"plotstatus":"Allotted","landallotementstatus":"SOLD","landallotementtype":"ALLOTTED","allotmentid":"YEA004396","village_name":"Mirzapur","khasra_no":"511","longitude":77.58117036,"latitude":28.30027801,"authority":"YEIDA","category":"residential","execution_stage":"allotted"}},{"type":"Feature","geometry":{"type":"Polygon","coordinates":[[[77.581113,28.300392],[77.58099,28.300395],[77.580983,28.300169],[77.581106,28.300167],[77.581113,28.300392]]]},"properties":{"objectid":6695,"uniqueplotid":"PLNGRESIDENTIAL6695","plotmap_id":"SECTOR-18_259_2A_RESI","plotidentificationnumber":"259","plotno":"259","industrysector":"SECTOR-18","block":"2A","plotsize":"300 SQMT","plotsize_at_the_time_of_allotme":"300 SQMT","landuse_type":"RESIDENTIAL","landuse_subcategory":"RESIDENTIAL","scheme_cod":"RES01","investment":0,"employment":0,"plotstatus":"Allotted","landallotementstatus":"SOLD","landallotementtype":"ALLOTTED","allotmentid":"YEA008306","village_name":"Mirzapur","khasra_no":"511","longitude":77.58104785,"latitude":28.30028081,"authority":"YEIDA","category":"residential","execution_stage":"allotted"}},{"type":"Feature","geometry":{"type":"Polygon","coordinates":[[[77.581351,28.300161],[77.581358,28.300387],[77.581235,28.300389],[77.581228,28.300164],[77.581351,28.300161]]]},"properties":{"objectid":6696,"uniqueplotid":"PLNGRESIDENTIAL6696","plotmap_id":"SECTOR-18_257_2A_RESI","plotidentificationnumber":"257","plotno":"257","industrysector":"SECTOR-18","block":"2A","plotsize":"300 SQMT","plotsize_at_the_time_of_allotme":"300 SQMT","landuse_type":"RESIDENTIAL","landuse_subcategory":"RESIDENTIAL","scheme_cod":"RES01","investment":0,"employment":0,"plotstatus":"Allotted","landallotementstatus":"SOLD","landallotementtype":"ALLOTTED","allotmentid":"YEA009755","village_name":"Mirzapur","khasra_no":"511","longitude":77.58129287,"latitude":28.30027522,"authority":"YEIDA","category":"residential","execution_stage":"allotted"}},{"type":"Feature","geometry":{"type":"Polygon","coordinates":[[[77.580468,28.299395],[77.580475,28.299618],[77.580353,28.299621],[77.580345,28.299398],[77.580468,28.299395]]]},"properties":{"objectid":6697,"uniqueplotid":"PLNGRESIDENTIAL6697","plotmap_id":"SECTOR-18_205_2A_RESI","plotidentificationnumber":"205","plotno":"205","industrysector":"SECTOR-18","block":"2A","plotsize":"300 SQMT","plotsize_at_the_time_of_allotme":"300 SQMT","landuse_type":"RESIDENTIAL","landuse_subcategory":"RESIDENTIAL","scheme_cod":"RES01","investment":0,"employment":0,"plotstatus":"Allotted","landallotementstatus":"SOLD","landallotementtype":"ALLOTTED","allotmentid":"YEA007179","village_name":"Mirzapur","khasra_no":"N/F,507","longitude":77.58041023,"latitude":28.299507979999998,"authority":"YEIDA","category":"residential","execution_stage":"allotted"}},{"type":"Feature","geometry":{"type":"Polygon","coordinates":[[[77.581343,28.299936],[77.581351,28.300161],[77.581228,28.300164],[77.581221,28.299938],[77.581343,28.299936]]]},"properties":{"objectid":6698,"uniqueplotid":"PLNGRESIDENTIAL6698","plotmap_id":"SECTOR-18_251_2A_RESI","plotidentificationnumber":"251","plotno":"251","industrysector":"SECTOR-18","block":"2A","plotsize":"300 SQMT","plotsize_at_the_time_of_allotme":"300 SQMT","landuse_type":"RESIDENTIAL","landuse_subcategory":"RESIDENTIAL","scheme_cod":"RES01","investment":0,"employment":0,"plotstatus":"Allotted","landallotementstatus":"SOLD","landallotementtype":"ALLOTTED","allotmentid":"YEA020729","village_name":"Mirzapur","khasra_no":"511","longitude":77.58128569,"latitude":28.30004968,"authority":"YEIDA","category":"residential","execution_stage":"allotted"}},{"type":"Feature","geometry":{"type":"Polygon","coordinates":[[[77.581477,28.300158],[77.581351,28.300161],[77.581343,28.299936],[77.581403,28.299934],[77.581507,28.300157],[77.581477,28.300158]]]},"properties":{"objectid":6699,"uniqueplotid":"PLNGRESIDENTIAL6699","plotmap_id":"SECTOR-18_252_2A_RESI","plotidentificationnumber":"252","plotno":"252","industrysector":"SECTOR-18","block":"2A","plotsize":"300 SQMT","plotsize_at_the_time_of_allotme":"300 SQMT","landuse_type":"RESIDENTIAL","landuse_subcategory":"RESIDENTIAL","scheme_cod":"RES01","investment":0,"employment":0,"plotstatus":"Allotted","landallotementstatus":"SOLD","landallotementtype":"ALLOTTED","allotmentid":"YEA009663","lease_deed":"Y","lease_deed_date":1648146600000,"village_name":"Mirzapur","khasra_no":"511","longitude":77.58141520000001,"latitude":28.30005567,"authority":"YEIDA","category":"residential","execution_stage":"lease-recorded"}},{"type":"Feature","geometry":{"type":"Polygon","coordinates":[[[77.581477,28.300158],[77.581485,28.300384],[77.581358,28.300387],[77.581351,28.300161],[77.581477,28.300158]]]},"properties":{"objectid":6700,"uniqueplotid":"PLNGRESIDENTIAL6700","plotmap_id":"SECTOR-18_256_2A_RESI","plotidentificationnumber":"256","plotno":"256","industrysector":"SECTOR-18","block":"2A","plotsize":"300 SQMT","plotsize_at_the_time_of_allotme":"300 SQMT","landuse_type":"RESIDENTIAL","landuse_subcategory":"RESIDENTIAL","scheme_cod":"RES01","investment":0,"employment":0,"plotstatus":"Allotted","landallotementstatus":"SOLD","landallotementtype":"ALLOTTED","allotmentid":"YEA006138","village_name":"Mirzapur","khasra_no":"511","longitude":77.58141757,"latitude":28.300272370000002,"authority":"YEIDA","category":"residential","execution_stage":"allotted"}},{"type":"Feature","geometry":{"type":"Polygon","coordinates":[[[77.581562,28.300276],[77.581611,28.300381],[77.581485,28.300384],[77.581477,28.300158],[77.581507,28.300157],[77.581562,28.300276]]]},"properties":{"objectid":6701,"uniqueplotid":"PLNGRESIDENTIAL6701","plotmap_id":"SECTOR-18_255_2A_RESI","plotidentificationnumber":"255","plotno":"255","industrysector":"SECTOR-18","block":"2A","plotsize":"300 SQMT","plotsize_at_the_time_of_allotme":"300 SQMT","landuse_type":"RESIDENTIAL","landuse_subcategory":"RESIDENTIAL","scheme_cod":"RES01","investment":0,"employment":0,"plotstatus":"Allotted","landallotementstatus":"SOLD","landallotementtype":"ALLOTTED","allotmentid":"YEA010564","village_name":"Mirzapur","khasra_no":"511","longitude":77.58153491,"latitude":28.3002819,"authority":"YEIDA","category":"residential","execution_stage":"allotted"}},{"type":"Feature","geometry":{"type":"Polygon","coordinates":[[[77.580713,28.29939],[77.58072,28.299614],[77.580598,28.299616],[77.580591,28.299392],[77.580713,28.29939]]]},"properties":{"objectid":6702,"uniqueplotid":"PLNGRESIDENTIAL6702","plotmap_id":"SECTOR-18_207_2A_RESI","plotidentificationnumber":"207","plotno":"207","industrysector":"SECTOR-18","block":"2A","plotsize":"300 SQMT","plotsize_at_the_time_of_allotme":"300 SQMT","landuse_type":"RESIDENTIAL","landuse_subcategory":"RESIDENTIAL","scheme_cod":"RES01","investment":0,"employment":0,"plotstatus":"Allotted","landallotementstatus":"SOLD","landallotementtype":"ALLOTTED","allotmentid":"YEA011753","village_name":"Mirzapur","khasra_no":"N/F,507","longitude":77.58065554000001,"latitude":28.29950298,"authority":"YEIDA","category":"residential","execution_stage":"allotted"}},{"type":"Feature","geometry":{"type":"Polygon","coordinates":[[[77.580591,28.299392],[77.580598,28.299616],[77.580475,28.299618],[77.580468,28.299395],[77.580591,28.299392]]]},"properties":{"objectid":6703,"uniqueplotid":"PLNGRESIDENTIAL6703","plotmap_id":"SECTOR-18_206_2A_RESI","plotidentificationnumber":"206","plotno":"206","industrysector":"SECTOR-18","block":"2A","plotsize":"300 SQMT","plotsize_at_the_time_of_allotme":"300 SQMT","landuse_type":"RESIDENTIAL","landuse_subcategory":"RESIDENTIAL","scheme_cod":"RES01","investment":0,"employment":0,"plotstatus":"Allotted","landallotementstatus":"SOLD","landallotementtype":"ALLOTTED","allotmentid":"YEA004358","village_name":"Mirzapur","khasra_no":"N/F,507","longitude":77.58053294,"latitude":28.299505449999998,"authority":"YEIDA","category":"residential","execution_stage":"allotted"}},{"type":"Feature","geometry":{"type":"Polygon","coordinates":[[[77.580482,28.299847],[77.58036,28.29985],[77.580353,28.299621],[77.580475,28.299618],[77.580482,28.299847]]]},"properties":{"objectid":6704,"uniqueplotid":"PLNGRESIDENTIAL6704","plotmap_id":"SECTOR-18_219_2A_RESI","plotidentificationnumber":"219","plotno":"219","industrysector":"SECTOR-18","block":"2A","plotsize":"300 SQMT","plotsize_at_the_time_of_allotme":"300 SQMT","landuse_type":"RESIDENTIAL","landuse_subcategory":"RESIDENTIAL","scheme_cod":"RES01","investment":0,"employment":0,"plotstatus":"Allotted","landallotementstatus":"SOLD","landallotementtype":"ALLOTTED","allotmentid":"YEA009429","village_name":"Mirzapur","khasra_no":"506,N/F,507","longitude":77.58041741,"latitude":28.299733980000003,"authority":"YEIDA","category":"residential","execution_stage":"allotted"}},{"type":"Feature","geometry":{"type":"Polygon","coordinates":[[[77.580598,28.299616],[77.580605,28.299844],[77.580482,28.299847],[77.580475,28.299618],[77.580598,28.299616]]]},"properties":{"objectid":6705,"uniqueplotid":"PLNGRESIDENTIAL6705","plotmap_id":"SECTOR-18_218_2A_RESI","plotidentificationnumber":"218","plotno":"218","industrysector":"SECTOR-18","block":"2A","plotsize":"300 SQMT","plotsize_at_the_time_of_allotme":"300 SQMT","landuse_type":"RESIDENTIAL","landuse_subcategory":"RESIDENTIAL","scheme_cod":"RES01","investment":0,"employment":0,"plotstatus":"Allotted","landallotementstatus":"SOLD","landallotementtype":"ALLOTTED","allotmentid":"YEA006394","village_name":"Mirzapur","khasra_no":"506,507","longitude":77.58053997,"latitude":28.29973139,"authority":"YEIDA","category":"residential","execution_stage":"allotted"}},{"type":"Feature","geometry":{"type":"Polygon","coordinates":[[[77.580727,28.299841],[77.580605,28.299844],[77.580598,28.299616],[77.58072,28.299614],[77.580727,28.299841]]]},"properties":{"objectid":6706,"uniqueplotid":"PLNGRESIDENTIAL6706","plotmap_id":"SECTOR-18_217_2A_RESI","plotidentificationnumber":"217","plotno":"217","industrysector":"SECTOR-18","block":"2A","plotsize":"300 SQMT","plotsize_at_the_time_of_allotme":"300 SQMT","landuse_type":"RESIDENTIAL","landuse_subcategory":"RESIDENTIAL","scheme_cod":"RES01","investment":0,"employment":0,"plotstatus":"Allotted","landallotementstatus":"SOLD","landallotementtype":"ALLOTTED","allotmentid":"YEA015162","lease_deed":"Y","lease_deed_date":1653849000000,"village_name":"Mirzapur","khasra_no":"507","longitude":77.58066256000001,"latitude":28.299728870000003,"authority":"YEIDA","category":"residential","execution_stage":"lease-recorded"}},{"type":"Feature","geometry":{"type":"Polygon","coordinates":[[[77.580843,28.299611],[77.58085,28.299838],[77.580727,28.299841],[77.58072,28.299614],[77.580843,28.299611]]]},"properties":{"objectid":6707,"uniqueplotid":"PLNGRESIDENTIAL6707","plotmap_id":"SECTOR-18_216_2A_RESI","plotidentificationnumber":"216","plotno":"216","industrysector":"SECTOR-18","block":"2A","plotsize":"300 SQMT","plotsize_at_the_time_of_allotme":"300 SQMT","landuse_type":"RESIDENTIAL","landuse_subcategory":"RESIDENTIAL","scheme_cod":"RES01","investment":0,"employment":0,"plotstatus":"Allotted","landallotementstatus":"SOLD","landallotementtype":"ALLOTTED","allotmentid":"YEA013948","lease_deed":"Y","lease_deed_date":1704911400000,"village_name":"Mirzapur","khasra_no":"507","longitude":77.58078497,"latitude":28.29972627,"authority":"YEIDA","category":"residential","execution_stage":"lease-recorded"}},{"type":"Feature","geometry":{"type":"Polygon","coordinates":[[[77.580958,28.299384],[77.580965,28.299609],[77.580843,28.299611],[77.580835,28.299387],[77.580958,28.299384]]]},"properties":{"objectid":6708,"uniqueplotid":"PLNGRESIDENTIAL6708","plotmap_id":"SECTOR-18_209_2A_RESI","plotidentificationnumber":"209","plotno":"209","industrysector":"SECTOR-18","block":"2A","plotsize":"300 SQMT","plotsize_at_the_time_of_allotme":"300 SQMT","landuse_type":"RESIDENTIAL","landuse_subcategory":"RESIDENTIAL","scheme_cod":"RES01","investment":0,"employment":0,"plotstatus":"Allotted","landallotementstatus":"SOLD","landallotementtype":"ALLOTTED","allotmentid":"YEA005224","village_name":"Mirzapur","khasra_no":"N/F,507,508/2","longitude":77.58090031,"latitude":28.29949795,"authority":"YEIDA","category":"residential","execution_stage":"allotted"}},{"type":"Feature","geometry":{"type":"Polygon","coordinates":[[[77.58108,28.299382],[77.581088,28.299607],[77.580965,28.299609],[77.580958,28.299384],[77.58108,28.299382]]]},"properties":{"objectid":6709,"uniqueplotid":"PLNGRESIDENTIAL6709","plotmap_id":"SECTOR-18_210_2A_RESI","plotidentificationnumber":"210","plotno":"210","industrysector":"SECTOR-18","block":"2A","plotsize":"300 SQMT","plotsize_at_the_time_of_allotme":"300 SQMT","landuse_type":"RESIDENTIAL","landuse_subcategory":"RESIDENTIAL","scheme_cod":"RES01","investment":0,"employment":0,"plotstatus":"Allotted","landallotementstatus":"SOLD","landallotementtype":"ALLOTTED","allotmentid":"YEA017735","village_name":"Mirzapur","khasra_no":"N/F,507,508/2","longitude":77.58102281000001,"latitude":28.299495439999998,"authority":"YEIDA","category":"residential","execution_stage":"allotted"}},{"type":"Feature","geometry":{"type":"Polygon","coordinates":[[[77.581209,28.299515],[77.58125,28.299604],[77.581088,28.299607],[77.58108,28.299382],[77.581146,28.29938],[77.581209,28.299515]]]},"properties":{"objectid":6710,"uniqueplotid":"PLNGRESIDENTIAL6710","plotmap_id":"SECTOR-18_211_2A_RESI","plotidentificationnumber":"211","plotno":"211","industrysector":"SECTOR-18","block":"2A","plotsize":"300 SQMT","plotsize_at_the_time_of_allotme":"300 SQMT","landuse_type":"RESIDENTIAL","landuse_subcategory":"RESIDENTIAL","scheme_cod":"RES01","investment":0,"employment":0,"plotstatus":"Allotted","landallotementstatus":"SOLD","landallotementtype":"ALLOTTED","allotmentid":"YEA016747","village_name":"Mirzapur","khasra_no":"N/F,507,508/2","longitude":77.58115497,"latitude":28.299501229999997,"authority":"YEIDA","category":"residential","execution_stage":"allotted"}},{"type":"Feature","geometry":{"type":"Polygon","coordinates":[[[77.581275,28.299829],[77.581219,28.29983],[77.581211,28.299604],[77.58125,28.299604],[77.581353,28.299827],[77.581275,28.299829]]]},"properties":{"objectid":6711,"uniqueplotid":"PLNGRESIDENTIAL6711","plotmap_id":"SECTOR-18_212_2A_RESI","plotidentificationnumber":"212","plotno":"212","industrysector":"SECTOR-18","block":"2A","plotsize":"300 SQMT","plotsize_at_the_time_of_allotme":"300 SQMT","landuse_type":"RESIDENTIAL","landuse_subcategory":"RESIDENTIAL","scheme_cod":"RES01","investment":0,"employment":0,"plotstatus":"Allotted","landallotementstatus":"SOLD","landallotementtype":"ALLOTTED","allotmentid":"YEA005035","village_name":"Mirzapur","khasra_no":"511,N/F,507","longitude":77.58127295,"latitude":28.299726970000002,"authority":"YEIDA","category":"residential","execution_stage":"allotted"}},{"type":"Feature","geometry":{"type":"Polygon","coordinates":[[[77.580972,28.299836],[77.58085,28.299838],[77.580843,28.299611],[77.580965,28.299609],[77.580972,28.299836]]]},"properties":{"objectid":6712,"uniqueplotid":"PLNGRESIDENTIAL6712","plotmap_id":"SECTOR-18_215_2A_RESI","plotidentificationnumber":"215","plotno":"215","industrysector":"SECTOR-18","block":"2A","plotsize":"300 SQMT","plotsize_at_the_time_of_allotme":"300 SQMT","landuse_type":"RESIDENTIAL","landuse_subcategory":"RESIDENTIAL","scheme_cod":"RES01","investment":0,"employment":0,"plotstatus":"Allotted","landallotementstatus":"SOLD","landallotementtype":"ALLOTTED","allotmentid":"YEA013633","lease_deed":"Y","lease_deed_date":1658946600000,"village_name":"Mirzapur","khasra_no":"507","longitude":77.58090748,"latitude":28.2997237,"authority":"YEIDA","category":"residential","execution_stage":"lease-recorded"}},{"type":"Feature","geometry":{"type":"Polygon","coordinates":[[[77.581088,28.299607],[77.581095,28.299833],[77.580972,28.299836],[77.580965,28.299609],[77.581088,28.299607]]]},"properties":{"objectid":6713,"uniqueplotid":"PLNGRESIDENTIAL6713","plotmap_id":"SECTOR-18_214_2A_RESI","plotidentificationnumber":"214","plotno":"214","industrysector":"SECTOR-18","block":"2A","plotsize":"300 SQMT","plotsize_at_the_time_of_allotme":"300 SQMT","landuse_type":"RESIDENTIAL","landuse_subcategory":"RESIDENTIAL","scheme_cod":"RES01","investment":0,"employment":0,"plotstatus":"Allotted","landallotementstatus":"SOLD","landallotementtype":"ALLOTTED","allotmentid":"YEA010555","lease_deed":"Y","lease_deed_date":1660761000000,"village_name":"Mirzapur","khasra_no":"511,507","longitude":77.58103,"latitude":28.299721140000003,"authority":"YEIDA","category":"residential","execution_stage":"lease-recorded"}},{"type":"Feature","geometry":{"type":"Polygon","coordinates":[[[77.581219,28.29983],[77.581095,28.299833],[77.581088,28.299607],[77.581211,28.299604],[77.581219,28.29983]]]},"properties":{"objectid":6714,"uniqueplotid":"PLNGRESIDENTIAL6714","plotmap_id":"SECTOR-18_213_2A_RESI","plotidentificationnumber":"213","plotno":"213","industrysector":"SECTOR-18","block":"2A","plotsize":"300 SQMT","plotsize_at_the_time_of_allotme":"300 SQMT","landuse_type":"RESIDENTIAL","landuse_subcategory":"RESIDENTIAL","scheme_cod":"RES01","investment":0,"employment":0,"plotstatus":"Allotted","landallotementstatus":"SOLD","landallotementtype":"ALLOTTED","allotmentid":"YEA008342","lease_deed":"Y","lease_deed_date":1647973800000,"village_name":"Mirzapur","khasra_no":"511,N/F,507","longitude":77.58115312000001,"latitude":28.29971855,"authority":"YEIDA","category":"residential","execution_stage":"lease-recorded"}},{"type":"Feature","geometry":{"type":"Polygon","coordinates":[[[77.580457,28.299062],[77.580335,28.299065],[77.580328,28.298841],[77.58045,28.298838],[77.580457,28.299062]]]},"properties":{"objectid":6715,"uniqueplotid":"PLNGRESIDENTIAL6715","plotmap_id":"SECTOR-18_172_2A_RESI","plotidentificationnumber":"172","plotno":"172","industrysector":"SECTOR-18","block":"2A","plotsize":"300 SQMT","plotsize_at_the_time_of_allotme":"300 SQMT","landuse_type":"RESIDENTIAL","landuse_subcategory":"RESIDENTIAL","scheme_cod":"RES01","investment":0,"employment":0,"plotstatus":"Allotted","landallotementstatus":"SOLD","landallotementtype":"ALLOTTED","allotmentid":"YEA004736","village_name":"Mirzapur","khasra_no":"508/3,N/F,508/2","longitude":77.58039249999999,"latitude":28.29895144,"authority":"YEIDA","category":"residential","execution_stage":"allotted"}},{"type":"Feature","geometry":{"type":"Polygon","coordinates":[[[77.58058,28.299059],[77.580457,28.299062],[77.58045,28.298838],[77.580573,28.298835],[77.58058,28.299059]]]},"properties":{"objectid":6716,"uniqueplotid":"PLNGRESIDENTIAL6716","plotmap_id":"SECTOR-18_173_2A_RESI","plotidentificationnumber":"173","plotno":"173","industrysector":"SECTOR-18","block":"2A","plotsize":"300 SQMT","plotsize_at_the_time_of_allotme":"300 SQMT","landuse_type":"RESIDENTIAL","landuse_subcategory":"RESIDENTIAL","scheme_cod":"RES01","investment":0,"employment":0,"plotstatus":"Allotted","landallotementstatus":"SOLD","landallotementtype":"ALLOTTED","allotmentid":"YEA012031","village_name":"Mirzapur","khasra_no":"508/3,508/2","longitude":77.58051501,"latitude":28.29894839,"authority":"YEIDA","category":"residential","execution_stage":"allotted"}},{"type":"Feature","geometry":{"type":"Polygon","coordinates":[[[77.580702,28.299056],[77.58058,28.299059],[77.580573,28.298835],[77.580695,28.298831],[77.580702,28.299056]]]},"properties":{"objectid":6717,"uniqueplotid":"PLNGRESIDENTIAL6717","plotmap_id":"SECTOR-18_174_2A_RESI","plotidentificationnumber":"174","plotno":"174","industrysector":"SECTOR-18","block":"2A","plotsize":"300 SQMT","plotsize_at_the_time_of_allotme":"300 SQMT","landuse_type":"RESIDENTIAL","landuse_subcategory":"RESIDENTIAL","scheme_cod":"RES01","investment":0,"employment":0,"plotstatus":"Allotted","landallotementstatus":"SOLD","landallotementtype":"ALLOTTED","allotmentid":"YEA013653","village_name":"Mirzapur","khasra_no":"508/3,508/2","longitude":77.58063751,"latitude":28.29894534,"authority":"YEIDA","category":"residential","execution_stage":"allotted"}},{"type":"Feature","geometry":{"type":"Polygon","coordinates":[[[77.580825,28.299054],[77.580702,28.299056],[77.580695,28.298831],[77.580818,28.298828],[77.580825,28.299054]]]},"properties":{"objectid":6718,"uniqueplotid":"PLNGRESIDENTIAL6718","plotmap_id":"SECTOR-18_175_2A_RESI","plotidentificationnumber":"175","plotno":"175","industrysector":"SECTOR-18","block":"2A","plotsize":"300 SQMT","plotsize_at_the_time_of_allotme":"300 SQMT","landuse_type":"RESIDENTIAL","landuse_subcategory":"RESIDENTIAL","scheme_cod":"RES01","investment":0,"employment":0,"plotstatus":"Allotted","landallotementstatus":"SOLD","landallotementtype":"ALLOTTED","allotmentid":"YEA005111","village_name":"Mirzapur","khasra_no":"508/2","longitude":77.58076000999999,"latitude":28.29894229,"authority":"YEIDA","category":"residential","execution_stage":"allotted"}},{"type":"Feature","geometry":{"type":"Polygon","coordinates":[[[77.580825,28.299054],[77.580832,28.299279],[77.58071,28.299282],[77.580702,28.299056],[77.580825,28.299054]]]},"properties":{"objectid":6719,"uniqueplotid":"PLNGRESIDENTIAL6719","plotmap_id":"SECTOR-18_177_2A_RESI","plotidentificationnumber":"177","plotno":"177","industrysector":"SECTOR-18","block":"2A","plotsize":"300 SQMT","plotsize_at_the_time_of_allotme":"300 SQMT","landuse_type":"RESIDENTIAL","landuse_subcategory":"RESIDENTIAL","scheme_cod":"RES01","investment":0,"employment":0,"plotstatus":"Allotted","landallotementstatus":"SOLD","landallotementtype":"ALLOTTED","allotmentid":"YEA017582","village_name":"Mirzapur","khasra_no":"N/F,508/2","longitude":77.58076718,"latitude":28.29916776,"authority":"YEIDA","category":"residential","execution_stage":"allotted"}},{"type":"Feature","geometry":{"type":"Polygon","coordinates":[[[77.58058,28.299059],[77.580587,28.299285],[77.580464,28.299288],[77.580457,28.299062],[77.58058,28.299059]]]},"properties":{"objectid":6720,"uniqueplotid":"PLNGRESIDENTIAL6720","plotmap_id":"SECTOR-18_179_2A_RESI","plotidentificationnumber":"179","plotno":"179","industrysector":"SECTOR-18","block":"2A","plotsize":"300 SQMT","plotsize_at_the_time_of_allotme":"300 SQMT","landuse_type":"RESIDENTIAL","landuse_subcategory":"RESIDENTIAL","scheme_cod":"RES01","investment":0,"employment":0,"plotstatus":"Allotted","landallotementstatus":"SOLD","landallotementtype":"ALLOTTED","allotmentid":"YEA008922","village_name":"Mirzapur","khasra_no":"N/F,N/F,508/2","longitude":77.58052216,"latitude":28.29917335,"authority":"YEIDA","category":"residential","execution_stage":"allotted"}},{"type":"Feature","geometry":{"type":"Polygon","coordinates":[[[77.580702,28.299056],[77.58071,28.299282],[77.580587,28.299285],[77.58058,28.299059],[77.580702,28.299056]]]},"properties":{"objectid":6721,"uniqueplotid":"PLNGRESIDENTIAL6721","plotmap_id":"SECTOR-18_178_2A_RESI","plotidentificationnumber":"178","plotno":"178","industrysector":"SECTOR-18","block":"2A","plotsize":"300 SQMT","plotsize_at_the_time_of_allotme":"300 SQMT","landuse_type":"RESIDENTIAL","landuse_subcategory":"RESIDENTIAL","scheme_cod":"RES01","investment":0,"employment":0,"plotstatus":"Allotted","landallotementstatus":"SOLD","landallotementtype":"ALLOTTED","allotmentid":"YEA018878","village_name":"Mirzapur","khasra_no":"N/F,N/F,508/2","longitude":77.58064467,"latitude":28.29917055,"authority":"YEIDA","category":"residential","execution_stage":"allotted"}},{"type":"Feature","geometry":{"type":"Polygon","coordinates":[[[77.580439,28.298503],[77.580447,28.298728],[77.580324,28.298731],[77.580317,28.298505],[77.580439,28.298503]]]},"properties":{"objectid":6722,"uniqueplotid":"PLNGRESIDENTIAL6722","plotmap_id":"SECTOR-18_146_2A_RESI","plotidentificationnumber":"146","plotno":"146","industrysector":"SECTOR-18","block":"2A","plotsize":"300 SQMT","plotsize_at_the_time_of_allotme":"300 SQMT","landuse_type":"RESIDENTIAL","landuse_subcategory":"RESIDENTIAL","scheme_cod":"RES01","investment":0,"employment":0,"plotstatus":"Allotted","landallotementstatus":"SOLD","landallotementtype":"ALLOTTED","allotmentid":"YEA006530","village_name":"Mirzapur","khasra_no":"508/3","longitude":77.58038182,"latitude":28.29861682,"authority":"YEIDA","category":"residential","execution_stage":"allotted"}},{"type":"Feature","geometry":{"type":"Polygon","coordinates":[[[77.580324,28.298731],[77.580202,28.298734],[77.580194,28.298508],[77.580317,28.298505],[77.580324,28.298731]]]},"properties":{"objectid":6723,"uniqueplotid":"PLNGRESIDENTIAL6723","plotmap_id":"SECTOR-18_147_2A_RESI","plotidentificationnumber":"147","plotno":"147","industrysector":"SECTOR-18","block":"2A","plotsize":"300 SQMT","plotsize_at_the_time_of_allotme":"300 SQMT","landuse_type":"RESIDENTIAL","landuse_subcategory":"RESIDENTIAL","scheme_cod":"RES01","investment":0,"employment":0,"plotstatus":"Allotted","landallotementstatus":"SOLD","landallotementtype":"ALLOTTED","allotmentid":"YEA017457","village_name":"Mirzapur","khasra_no":"508/4,508/3","longitude":77.58025931,"latitude":28.29861961,"authority":"YEIDA","category":"residential","execution_stage":"allotted"}},{"type":"Feature","geometry":{"type":"Polygon","coordinates":[[[77.580562,28.2985],[77.580439,28.298503],[77.580432,28.298277],[77.580555,28.298274],[77.580562,28.2985]]]},"properties":{"objectid":6724,"uniqueplotid":"PLNGRESIDENTIAL6724","plotmap_id":"SECTOR-18_144_2A_RESI","plotidentificationnumber":"144","plotno":"144","industrysector":"SECTOR-18","block":"2A","plotsize":"300 SQMT","plotsize_at_the_time_of_allotme":"300 SQMT","landuse_type":"RESIDENTIAL","landuse_subcategory":"RESIDENTIAL","scheme_cod":"RES01","investment":0,"employment":0,"plotstatus":"Allotted","landallotementstatus":"SOLD","landallotementtype":"ALLOTTED","allotmentid":"YEA015126","village_name":"Mirzapur","khasra_no":"508/3,579,577","longitude":77.58049715,"latitude":28.29838849,"authority":"YEIDA","category":"residential","execution_stage":"allotted"}},{"type":"Feature","geometry":{"type":"Polygon","coordinates":[[[77.580955,28.299276],[77.580832,28.299279],[77.580825,28.299054],[77.580947,28.299051],[77.580955,28.299276]]]},"properties":{"objectid":6725,"uniqueplotid":"PLNGRESIDENTIAL6725","plotmap_id":"SECTOR-18_176_2A_RESI","plotidentificationnumber":"176","plotno":"176","industrysector":"SECTOR-18","block":"2A","plotsize":"300 SQMT","plotsize_at_the_time_of_allotme":"300 SQMT","landuse_type":"RESIDENTIAL","landuse_subcategory":"RESIDENTIAL","scheme_cod":"RRPS01","investment":0,"employment":0,"plotstatus":"Allotted","landallotementstatus":"SOLD","landallotementtype":"ALLOTTED","allotmentid":"RRPS012769","village_name":"Mirzapur","khasra_no":"508/2","longitude":77.58088968999999,"latitude":28.29916496,"authority":"YEIDA","category":"residential","execution_stage":"allotted"}},{"type":"Feature","geometry":{"type":"Polygon","coordinates":[[[77.581631,28.301107],[77.581638,28.301332],[77.581515,28.301334],[77.581509,28.30111],[77.581631,28.301107]]]},"properties":{"objectid":6726,"uniqueplotid":"PLNGRESIDENTIAL6726","plotmap_id":"SECTOR-18_67B_2C_RESI","plotidentificationnumber":"67B","plotno":"67B","industrysector":"SECTOR-18","block":"2C","plotsize":"300 SQMT","plotsize_at_the_time_of_allotme":"300 SQMT","landuse_type":"RESIDENTIAL","landuse_subcategory":"RESIDENTIAL","scheme_cod":"RRPS04","investment":0,"employment":0,"plotstatus":"Allotted","landallotementstatus":"SOLD","landallotementtype":"ALLOTTED","allotmentid":"RRPS041854","lease_deed":"Y","lease_deed_date":1627842600000,"village_name":"Mirzapur","khasra_no":"511","longitude":77.58157325,"latitude":28.301220630000003,"authority":"YEIDA","category":"residential","execution_stage":"lease-recorded"}},{"type":"Feature","geometry":{"type":"Polygon","coordinates":[[[77.581498,28.300774],[77.581505,28.300999],[77.581383,28.301002],[77.581375,28.300777],[77.581498,28.300774]]]},"properties":{"objectid":6727,"uniqueplotid":"PLNGRESIDENTIAL6727","plotmap_id":"SECTOR-18_32A_2C_RESI","plotidentificationnumber":"32A","plotno":"32A","industrysector":"SECTOR-18","block":"2C","plotsize":"300 SQMT","plotsize_at_the_time_of_allotme":"300 SQMT","landuse_type":"RESIDENTIAL","landuse_subcategory":"RESIDENTIAL","scheme_cod":"RRPS03","investment":0,"employment":0,"plotstatus":"Allotted","landallotementstatus":"SOLD","landallotementtype":"ALLOTTED","allotmentid":"RRPS031654","lease_deed":"Y","lease_deed_date":1629829800000,"village_name":"Mirzapur","khasra_no":"511","longitude":77.58144033,"latitude":28.30088804,"authority":"YEIDA","category":"residential","execution_stage":"lease-recorded"}},{"type":"Feature","geometry":{"type":"Polygon","coordinates":[[[77.581491,28.30055],[77.581498,28.300774],[77.581375,28.300777],[77.581368,28.300553],[77.581491,28.30055]]]},"properties":{"objectid":6728,"uniqueplotid":"PLNGRESIDENTIAL6728","plotmap_id":"SECTOR-18_31A_2C_RESI","plotidentificationnumber":"31A","plotno":"31A","industrysector":"SECTOR-18","block":"2C","plotsize":"300 SQMT","plotsize_at_the_time_of_allotme":"300 SQMT","landuse_type":"RESIDENTIAL","landuse_subcategory":"RESIDENTIAL","scheme_cod":"RRPS04","investment":0,"employment":0,"plotstatus":"Allotted","landallotementstatus":"SOLD","landallotementtype":"ALLOTTED","allotmentid":"RRPS041794","village_name":"Mirzapur","khasra_no":"511","longitude":77.5814333,"latitude":28.30066331,"authority":"YEIDA","category":"residential","execution_stage":"allotted"}},{"type":"Feature","geometry":{"type":"Polygon","coordinates":[[[77.581375,28.300777],[77.581383,28.301002],[77.58126,28.301005],[77.581253,28.300779],[77.581375,28.300777]]]},"properties":{"objectid":6729,"uniqueplotid":"PLNGRESIDENTIAL6729","plotmap_id":"SECTOR-18_32B_2C_RESI","plotidentificationnumber":"32B","plotno":"32B","industrysector":"SECTOR-18","block":"2C","plotsize":"300 SQMT","plotsize_at_the_time_of_allotme":"300 SQMT","landuse_type":"RESIDENTIAL","landuse_subcategory":"RESIDENTIAL","scheme_cod":"RRPS03","investment":0,"employment":0,"plotstatus":"Allotted","landallotementstatus":"SOLD","landallotementtype":"ALLOTTED","allotmentid":"RRPS031847","lease_deed":"Y","lease_deed_date":1639593000000,"village_name":"Mirzapur","khasra_no":"511","longitude":77.58131788,"latitude":28.30089087,"authority":"YEIDA","category":"residential","execution_stage":"lease-recorded"}},{"type":"Feature","geometry":{"type":"Polygon","coordinates":[[[77.581368,28.300553],[77.581375,28.300777],[77.581253,28.300779],[77.581246,28.300556],[77.581368,28.300553]]]},"properties":{"objectid":6730,"uniqueplotid":"PLNGRESIDENTIAL6730","plotmap_id":"SECTOR-18_31B_2C_RESI","plotidentificationnumber":"31B","plotno":"31B","industrysector":"SECTOR-18","block":"2C","plotsize":"300 SQMT","plotsize_at_the_time_of_allotme":"300 SQMT","landuse_type":"RESIDENTIAL","landuse_subcategory":"RESIDENTIAL","scheme_cod":"RRPS03","investment":0,"employment":0,"plotstatus":"Allotted","landallotementstatus":"SOLD","landallotementtype":"ALLOTTED","allotmentid":"RRPS031685","village_name":"Mirzapur","khasra_no":"511","longitude":77.58131085,"latitude":28.300666149999998,"authority":"YEIDA","category":"residential","execution_stage":"allotted"}},{"type":"Feature","geometry":{"type":"Polygon","coordinates":[[[77.581246,28.300556],[77.581253,28.300779],[77.581131,28.300782],[77.581124,28.300558],[77.581246,28.300556]]]},"properties":{"objectid":6731,"uniqueplotid":"PLNGRESIDENTIAL6731","plotmap_id":"SECTOR-18_31C_2C_RESI","plotidentificationnumber":"31C","plotno":"31C","industrysector":"SECTOR-18","block":"2C","plotsize":"300 SQMT","plotsize_at_the_time_of_allotme":"300 SQMT","landuse_type":"RESIDENTIAL","landuse_subcategory":"RESIDENTIAL","scheme_cod":"RRPS04","investment":0,"employment":0,"plotstatus":"Allotted","landallotementstatus":"SOLD","landallotementtype":"ALLOTTED","allotmentid":"RRPS041815","village_name":"Mirzapur","khasra_no":"511","longitude":77.58118849,"latitude":28.30066892,"authority":"YEIDA","category":"residential","execution_stage":"allotted"}},{"type":"Feature","geometry":{"type":"Polygon","coordinates":[[[77.581509,28.30111],[77.581515,28.301334],[77.581393,28.301337],[77.581386,28.301112],[77.581509,28.30111]]]},"properties":{"objectid":6732,"uniqueplotid":"PLNGRESIDENTIAL6732","plotmap_id":"SECTOR-18_67C_2C_RESI","plotidentificationnumber":"67C","plotno":"67C","industrysector":"SECTOR-18","block":"2C","plotsize":"300 SQMT","plotsize_at_the_time_of_allotme":"300 SQMT","landuse_type":"RESIDENTIAL","landuse_subcategory":"RESIDENTIAL","scheme_cod":"RRPS04","investment":0,"employment":0,"plotstatus":"Allotted","landallotementstatus":"SOLD","landallotementtype":"ALLOTTED","allotmentid":"RRPS041799","lease_deed":"Y","lease_deed_date":1636482600000,"village_name":"Mirzapur","khasra_no":"511","longitude":77.58145052,"latitude":28.301223320000002,"authority":"YEIDA","category":"residential","execution_stage":"lease-recorded"}},{"type":"Feature","geometry":{"type":"Polygon","coordinates":[[[77.581386,28.301112],[77.581393,28.301337],[77.58127,28.30134],[77.581263,28.301115],[77.581386,28.301112]]]},"properties":{"objectid":6733,"uniqueplotid":"PLNGRESIDENTIAL6733","plotmap_id":"SECTOR-18_67D_2C_RESI","plotidentificationnumber":"67D","plotno":"67D","industrysector":"SECTOR-18","block":"2C","plotsize":"300 SQMT","plotsize_at_the_time_of_allotme":"300 SQMT","landuse_type":"RESIDENTIAL","landuse_subcategory":"RESIDENTIAL","scheme_cod":"RRPS03","investment":0,"employment":0,"plotstatus":"Allotted","landallotementstatus":"SOLD","landallotementtype":"ALLOTTED","allotmentid":"RRPS031733","lease_deed":"Y","lease_deed_date":1659465000000,"village_name":"Mirzapur","khasra_no":"511","longitude":77.58132784,"latitude":28.30122606,"authority":"YEIDA","category":"residential","execution_stage":"lease-recorded"}},{"type":"Feature","geometry":{"type":"Polygon","coordinates":[[[77.581263,28.301115],[77.58127,28.30134],[77.581148,28.301342],[77.581141,28.301118],[77.581263,28.301115]]]},"properties":{"objectid":6734,"uniqueplotid":"PLNGRESIDENTIAL6734","plotmap_id":"SECTOR-18_67E_2C_RESI","plotidentificationnumber":"67E","plotno":"67E","industrysector":"SECTOR-18","block":"2C","plotsize":"300 SQMT","plotsize_at_the_time_of_allotme":"300 SQMT","landuse_type":"RESIDENTIAL","landuse_subcategory":"RESIDENTIAL","scheme_cod":"RRPS04","investment":0,"employment":0,"plotstatus":"Allotted","landallotementstatus":"SOLD","landallotementtype":"ALLOTTED","allotmentid":"RRPS041891","lease_deed":"Y","lease_deed_date":1640716200000,"village_name":"Mirzapur","khasra_no":"511","longitude":77.58120554999999,"latitude":28.30122879,"authority":"YEIDA","category":"residential","execution_stage":"lease-recorded"}},{"type":"Feature","geometry":{"type":"Polygon","coordinates":[[[77.581141,28.301118],[77.581148,28.301342],[77.581025,28.301345],[77.581018,28.301121],[77.581141,28.301118]]]},"properties":{"objectid":6735,"uniqueplotid":"PLNGRESIDENTIAL6735","plotmap_id":"SECTOR-18_67F_2C_RESI","plotidentificationnumber":"67F","plotno":"67F","industrysector":"SECTOR-18","block":"2C","plotsize":"300 SQMT","plotsize_at_the_time_of_allotme":"300 SQMT","landuse_type":"RESIDENTIAL","landuse_subcategory":"RESIDENTIAL","scheme_cod":"RRPS03","investment":0,"employment":0,"plotstatus":"Allotted","landallotementstatus":"SOLD","landallotementtype":"ALLOTTED","allotmentid":"RRPS031699","lease_deed":"Y","lease_deed_date":1630348200000,"village_name":"Mirzapur","khasra_no":"511,505","longitude":77.58108297,"latitude":28.30123146,"authority":"YEIDA","category":"residential","execution_stage":"lease-recorded"}},{"type":"Feature","geometry":{"type":"Polygon","coordinates":[[[77.581018,28.301121],[77.581025,28.301345],[77.580903,28.301348],[77.580896,28.301123],[77.581018,28.301121]]]},"properties":{"objectid":6736,"uniqueplotid":"PLNGRESIDENTIAL6736","plotmap_id":"SECTOR-18_67G_2C_RESI","plotidentificationnumber":"67G","plotno":"67G","industrysector":"SECTOR-18","block":"2C","plotsize":"300 SQMT","plotsize_at_the_time_of_allotme":"300 SQMT","landuse_type":"RESIDENTIAL","landuse_subcategory":"RESIDENTIAL","scheme_cod":"RRPS03","investment":0,"employment":0,"plotstatus":"Allotted","landallotementstatus":"SOLD","landallotementtype":"ALLOTTED","allotmentid":"RRPS031916","lease_deed":"Y","lease_deed_date":1679941800000,"village_name":"Mirzapur","khasra_no":"511,505","longitude":77.58096052,"latitude":28.30123421,"authority":"YEIDA","category":"residential","execution_stage":"lease-recorded"}},{"type":"Feature","geometry":{"type":"Polygon","coordinates":[[[77.581515,28.301334],[77.581522,28.301559],[77.5814,28.301562],[77.581393,28.301337],[77.581515,28.301334]]]},"properties":{"objectid":6737,"uniqueplotid":"PLNGRESIDENTIAL6737","plotmap_id":"SECTOR-18_68D_2C_RESI","plotidentificationnumber":"68D","plotno":"68D","industrysector":"SECTOR-18","block":"2C","plotsize":"300 SQMT","plotsize_at_the_time_of_allotme":"300 SQMT","landuse_type":"RESIDENTIAL","landuse_subcategory":"RESIDENTIAL","scheme_cod":"RPS04","investment":0,"employment":0,"plotstatus":"Allotted","landallotementstatus":"SOLD","landallotementtype":"ALLOTTED","allotmentid":"RPS041256","lease_deed":"Y","lease_deed_date":1690396200000,"village_name":"Rampur Bangar,Mirzapur","khasra_no":"511,445","longitude":77.58145755,"latitude":28.3014483,"authority":"YEIDA","category":"residential","execution_stage":"lease-recorded"}},{"type":"Feature","geometry":{"type":"Polygon","coordinates":[[[77.581393,28.301337],[77.5814,28.301562],[77.581277,28.301565],[77.58127,28.30134],[77.581393,28.301337]]]},"properties":{"objectid":6738,"uniqueplotid":"PLNGRESIDENTIAL6738","plotmap_id":"SECTOR-18_68E_2C_RESI","plotidentificationnumber":"68E","plotno":"68E","industrysector":"SECTOR-18","block":"2C","plotsize":"300 SQMT","plotsize_at_the_time_of_allotme":"300 SQMT","landuse_type":"RESIDENTIAL","landuse_subcategory":"RESIDENTIAL","scheme_cod":"RRPS03","investment":0,"employment":0,"plotstatus":"Allotted","landallotementstatus":"SOLD","landallotementtype":"ALLOTTED","allotmentid":"RRPS031727","lease_deed":"Y","lease_deed_date":1629138600000,"village_name":"Rampur Bangar,Mirzapur","khasra_no":"511,445,444","longitude":77.581335,"latitude":28.30145104,"authority":"YEIDA","category":"residential","execution_stage":"lease-recorded"}},{"type":"Feature","geometry":{"type":"Polygon","coordinates":[[[77.58127,28.30134],[77.581277,28.301565],[77.581155,28.301568],[77.581148,28.301342],[77.58127,28.30134]]]},"properties":{"objectid":6739,"uniqueplotid":"PLNGRESIDENTIAL6739","plotmap_id":"SECTOR-18_68F_2C_RESI","plotidentificationnumber":"68F","plotno":"68F","industrysector":"SECTOR-18","block":"2C","plotsize":"300 SQMT","plotsize_at_the_time_of_allotme":"300 SQMT","landuse_type":"RESIDENTIAL","landuse_subcategory":"RESIDENTIAL","scheme_cod":"RRPS03","investment":0,"employment":0,"plotstatus":"Allotted","landallotementstatus":"SOLD","landallotementtype":"ALLOTTED","allotmentid":"RRPS031659","lease_deed":"Y","lease_deed_date":1630175400000,"village_name":"Rampur Bangar,Mirzapur","khasra_no":"511,505,445,444","longitude":77.58121258,"latitude":28.301453770000002,"authority":"YEIDA","category":"residential","execution_stage":"lease-recorded"}},{"type":"Feature","geometry":{"type":"Polygon","coordinates":[[[77.581148,28.301342],[77.581155,28.301568],[77.581032,28.301571],[77.581025,28.301345],[77.581148,28.301342]]]},"properties":{"objectid":6740,"uniqueplotid":"PLNGRESIDENTIAL6740","plotmap_id":"SECTOR-18_68G_2C_RESI","plotidentificationnumber":"68G","plotno":"68G","industrysector":"SECTOR-18","block":"2C","plotsize":"300 SQMT","plotsize_at_the_time_of_allotme":"300 SQMT","landuse_type":"RESIDENTIAL","landuse_subcategory":"RESIDENTIAL","scheme_cod":"RPS06","investment":0,"employment":0,"plotstatus":"Allotted","landallotementstatus":"SOLD","landallotementtype":"ALLOTTED","allotmentid":"RPS061410","lease_deed":"Y","lease_deed_date":1696444200000,"village_name":"Rampur Bangar,Mirzapur","khasra_no":"511,505,445,444","longitude":77.58109,"latitude":28.301456440000003,"authority":"YEIDA","category":"residential","execution_stage":"lease-recorded"}},{"type":"Feature","geometry":{"type":"Polygon","coordinates":[[[77.582067,28.301656],[77.58207,28.301764],[77.581815,28.301769],[77.581812,28.301661],[77.582067,28.301656]]]},"properties":{"objectid":6741,"uniqueplotid":"PLNGRESIDENTIAL6741","plotmap_id":"SECTOR-18_213A_2C_RESI","plotidentificationnumber":"213A","plotno":"213A","industrysector":"SECTOR-18","block":"2C","plotsize":"300 SQMT","plotsize_at_the_time_of_allotme":"300 SQMT","landuse_type":"RESIDENTIAL","landuse_subcategory":"RESIDENTIAL","scheme_cod":"RRPS04","investment":0,"employment":0,"plotstatus":"Allotted","landallotementstatus":"SOLD","landallotementtype":"ALLOTTED","allotmentid":"RRPS041753","village_name":"Rampur Bangar,Mirzapur","khasra_no":"511,445","longitude":77.58194076000001,"latitude":28.30171265,"authority":"YEIDA","category":"residential","execution_stage":"allotted"}},{"type":"Feature","geometry":{"type":"Polygon","coordinates":[[[77.58207,28.301764],[77.582073,28.301872],[77.581818,28.301878],[77.581815,28.301769],[77.58207,28.301764]]]},"properties":{"objectid":6742,"uniqueplotid":"PLNGRESIDENTIAL6742","plotmap_id":"SECTOR-18_213B_2C_RESI","plotidentificationnumber":"213B","plotno":"213B","industrysector":"SECTOR-18","block":"2C","plotsize":"300 SQMT","plotsize_at_the_time_of_allotme":"300 SQMT","landuse_type":"RESIDENTIAL","landuse_subcategory":"RESIDENTIAL","scheme_cod":"RRPS03","investment":0,"employment":0,"plotstatus":"Allotted","landallotementstatus":"SOLD","landallotementtype":"ALLOTTED","allotmentid":"RRPS031936","village_name":"Rampur Bangar,Mirzapur","khasra_no":"511,445,441,442","longitude":77.58194411000001,"latitude":28.30182064,"authority":"YEIDA","category":"residential","execution_stage":"allotted"}},{"type":"Feature","geometry":{"type":"Polygon","coordinates":[[[77.582077,28.30198],[77.581821,28.301986],[77.581818,28.301878],[77.582073,28.301872],[77.582077,28.30198]]]},"properties":{"objectid":6743,"uniqueplotid":"PLNGRESIDENTIAL6743","plotmap_id":"SECTOR-18_213C_2C_RESI","plotidentificationnumber":"213C","plotno":"213C","industrysector":"SECTOR-18","block":"2C","plotsize":"300 SQMT","plotsize_at_the_time_of_allotme":"300 SQMT","landuse_type":"RESIDENTIAL","landuse_subcategory":"RESIDENTIAL","scheme_cod":"RPS04","investment":0,"employment":0,"plotstatus":"Allotted","landallotementstatus":"SOLD","landallotementtype":"ALLOTTED","allotmentid":"RPS041263","village_name":"Rampur Bangar,Mirzapur","khasra_no":"511,445,441","longitude":77.58194735000001,"latitude":28.30192898,"authority":"YEIDA","category":"residential","execution_stage":"allotted"}},{"type":"Feature","geometry":{"type":"Polygon","coordinates":[[[77.581056,28.301679],[77.58106,28.301787],[77.580804,28.301792],[77.580801,28.301685],[77.581056,28.301679]]]},"properties":{"objectid":6744,"uniqueplotid":"PLNGRESIDENTIAL6744","plotmap_id":"SECTOR-18_187_2C_RESI","plotidentificationnumber":"187","plotno":"187","industrysector":"SECTOR-18","block":"2C","plotsize":"300 SQMT","plotsize_at_the_time_of_allotme":"300 SQMT","landuse_type":"RESIDENTIAL","landuse_subcategory":"RESIDENTIAL","scheme_cod":"RES01","investment":0,"employment":0,"plotstatus":"Allotted","landallotementstatus":"SOLD","landallotementtype":"ALLOTTED","allotmentid":"YEA008028","village_name":"Rampur Bangar","khasra_no":"444","longitude":77.58093017,"latitude":28.30173564,"authority":"YEIDA","category":"residential","execution_stage":"allotted"}},{"type":"Feature","geometry":{"type":"Polygon","coordinates":[[[77.581883,28.301327],[77.58189,28.301551],[77.581767,28.301554],[77.58176,28.301329],[77.581883,28.301327]]]},"properties":{"objectid":6745,"uniqueplotid":"PLNGRESIDENTIAL6745","plotmap_id":"SECTOR-18_68A_2C_RESI","plotidentificationnumber":"68A","plotno":"68A","industrysector":"SECTOR-18","block":"2C","plotsize":"300 SQMT","plotsize_at_the_time_of_allotme":"300 SQMT","landuse_type":"RESIDENTIAL","landuse_subcategory":"RESIDENTIAL","scheme_cod":"RRPS04","investment":0,"employment":0,"plotstatus":"Allotted","landallotementstatus":"SOLD","landallotementtype":"ALLOTTED","allotmentid":"RRPS041933","village_name":"Mirzapur","khasra_no":"511","longitude":77.58182541000001,"latitude":28.301440200000002,"authority":"YEIDA","category":"residential","execution_stage":"allotted"}},{"type":"Feature","geometry":{"type":"Polygon","coordinates":[[[77.58176,28.301329],[77.581767,28.301554],[77.581645,28.301557],[77.581638,28.301332],[77.58176,28.301329]]]},"properties":{"objectid":6746,"uniqueplotid":"PLNGRESIDENTIAL6746","plotmap_id":"SECTOR-18_68B_2C_RESI","plotidentificationnumber":"68B","plotno":"68B","industrysector":"SECTOR-18","block":"2C","plotsize":"300 SQMT","plotsize_at_the_time_of_allotme":"300 SQMT","landuse_type":"RESIDENTIAL","landuse_subcategory":"RESIDENTIAL","scheme_cod":"RRPS03","investment":0,"employment":0,"plotstatus":"Allotted","landallotementstatus":"SOLD","landallotementtype":"ALLOTTED","allotmentid":"RRPS031589","lease_deed":"Y","lease_deed_date":1630348200000,"village_name":"Mirzapur","khasra_no":"511","longitude":77.58170267,"latitude":28.3014429,"authority":"YEIDA","category":"residential","execution_stage":"lease-recorded"}},{"type":"Feature","geometry":{"type":"Polygon","coordinates":[[[77.581638,28.301332],[77.581645,28.301557],[77.581522,28.301559],[77.581515,28.301334],[77.581638,28.301332]]]},"properties":{"objectid":6747,"uniqueplotid":"PLNGRESIDENTIAL6747","plotmap_id":"SECTOR-18_68C_2C_RESI","plotidentificationnumber":"68C","plotno":"68C","industrysector":"SECTOR-18","block":"2C","plotsize":"300 SQMT","plotsize_at_the_time_of_allotme":"300 SQMT","landuse_type":"RESIDENTIAL","landuse_subcategory":"RESIDENTIAL","scheme_cod":"RRPS03","investment":0,"employment":0,"plotstatus":"Allotted","landallotementstatus":"SOLD","landallotementtype":"ALLOTTED","allotmentid":"RRPS031768","village_name":"Mirzapur","khasra_no":"511","longitude":77.58158016,"latitude":28.301445610000002,"authority":"YEIDA","category":"residential","execution_stage":"allotted"}},{"type":"Feature","geometry":{"type":"Polygon","coordinates":[[[77.581754,28.301104],[77.58176,28.301329],[77.581638,28.301332],[77.581631,28.301107],[77.581754,28.301104]]]},"properties":{"objectid":6748,"uniqueplotid":"PLNGRESIDENTIAL6748","plotmap_id":"SECTOR-18_67A_2C_RESI","plotidentificationnumber":"67A","plotno":"67A","industrysector":"SECTOR-18","block":"2C","plotsize":"300 SQMT","plotsize_at_the_time_of_allotme":"300 SQMT","landuse_type":"RESIDENTIAL","landuse_subcategory":"RESIDENTIAL","scheme_cod":"RRPS03","investment":0,"employment":0,"plotstatus":"Allotted","landallotementstatus":"SOLD","landallotementtype":"ALLOTTED","allotmentid":"RRPS031895","lease_deed":"Y","lease_deed_date":1679596200000,"village_name":"Mirzapur","khasra_no":"511","longitude":77.58169577,"latitude":28.301217910000002,"authority":"YEIDA","category":"residential","execution_stage":"lease-recorded"}},{"type":"Feature","geometry":{"type":"Polygon","coordinates":[[[77.581253,28.300779],[77.58126,28.301005],[77.581138,28.301008],[77.581131,28.300782],[77.581253,28.300779]]]},"properties":{"objectid":6749,"uniqueplotid":"PLNGRESIDENTIAL6749","plotmap_id":"SECTOR-18_32C_2C_RESI","plotidentificationnumber":"32C","plotno":"32C","industrysector":"SECTOR-18","block":"2C","plotsize":"300 SQMT","plotsize_at_the_time_of_allotme":"300 SQMT","landuse_type":"RESIDENTIAL","landuse_subcategory":"RESIDENTIAL","scheme_cod":"RRPS03","investment":0,"employment":0,"plotstatus":"Allotted","landallotementstatus":"SOLD","landallotementtype":"ALLOTTED","allotmentid":"RRPS031909","lease_deed":"Y","lease_deed_date":1634754600000,"village_name":"Mirzapur","khasra_no":"511","longitude":77.58119540000001,"latitude":28.30089365,"authority":"YEIDA","category":"residential","execution_stage":"lease-recorded"}},{"type":"Feature","geometry":{"type":"Polygon","coordinates":[[[77.582083,28.302197],[77.582087,28.302305],[77.581831,28.302311],[77.581828,28.302202],[77.582083,28.302197]]]},"properties":{"objectid":6750,"uniqueplotid":"PLNGRESIDENTIAL6750","plotmap_id":"SECTOR-18_213F_2C_RESI","plotidentificationnumber":"213F","plotno":"213F","industrysector":"SECTOR-18","block":"2C","plotsize":"300 SQMT","plotsize_at_the_time_of_allotme":"300 SQMT","landuse_type":"RESIDENTIAL","landuse_subcategory":"RESIDENTIAL","scheme_cod":"RRPS04","investment":0,"employment":0,"plotstatus":"Allotted","landallotementstatus":"SOLD","landallotementtype":"ALLOTTED","allotmentid":"RRPS041928","village_name":"Rampur Bangar","khasra_no":"441,440","longitude":77.58195713,"latitude":28.302253869999998,"authority":"YEIDA","category":"residential","execution_stage":"allotted"}},{"type":"Feature","geometry":{"type":"Polygon","coordinates":[[[77.582087,28.302305],[77.58209,28.302413],[77.581834,28.302419],[77.581831,28.302311],[77.582087,28.302305]]]},"properties":{"objectid":6751,"uniqueplotid":"PLNGRESIDENTIAL6751","plotmap_id":"SECTOR-18_213G_2C_RESI","plotidentificationnumber":"213G","plotno":"213G","industrysector":"SECTOR-18","block":"2C","plotsize":"300 SQMT","plotsize_at_the_time_of_allotme":"300 SQMT","landuse_type":"RESIDENTIAL","landuse_subcategory":"RESIDENTIAL","scheme_cod":"RRPS03","investment":0,"employment":0,"plotstatus":"Allotted","landallotementstatus":"SOLD","landallotementtype":"ALLOTTED","allotmentid":"RRPS031894","lease_deed":"Y","lease_deed_date":1643308200000,"village_name":"Rampur Bangar","khasra_no":"441,440","longitude":77.58196041000001,"latitude":28.302362119999998,"authority":"YEIDA","category":"residential","execution_stage":"lease-recorded"}},{"type":"Feature","geometry":{"type":"Polygon","coordinates":[[[77.582342,28.302299],[77.582345,28.302407],[77.58209,28.302413],[77.582087,28.302305],[77.582342,28.302299]]]},"properties":{"objectid":6752,"uniqueplotid":"PLNGRESIDENTIAL6752","plotmap_id":"SECTOR-18_213T_2C_RESI","plotidentificationnumber":"213T","plotno":"213T","industrysector":"SECTOR-18","block":"2C","plotsize":"300 SQMT","plotsize_at_the_time_of_allotme":"300 SQMT","landuse_type":"RESIDENTIAL","landuse_subcategory":"RESIDENTIAL","scheme_cod":"RRPS04","investment":0,"employment":0,"plotstatus":"Allotted","landallotementstatus":"SOLD","landallotementtype":"ALLOTTED","allotmentid":"RRPS041761","village_name":"Rampur Bangar","khasra_no":"440","longitude":77.5822161,"latitude":28.30235629,"authority":"YEIDA","category":"residential","execution_stage":"allotted"}},{"type":"Feature","geometry":{"type":"Polygon","coordinates":[[[77.580439,28.298503],[77.580317,28.298505],[77.58031,28.29828],[77.580432,28.298277],[77.580439,28.298503]]]},"properties":{"objectid":6761,"uniqueplotid":"PLNGRESIDENTIAL6761","plotmap_id":"SECTOR-18_144A_2A_RESI","plotidentificationnumber":"144A","plotno":"144A","industrysector":"SECTOR-18","block":"2A","plotsize":"300 SQMT","landuse_type":"RESIDENTIAL","landuse_subcategory":"RESIDENTIAL","investment":0,"employment":0,"landallotementstatus":"VACANT","landallotementtype":"VACANT","village_name":"Mirzapur","khasra_no":"508/4,508/3,577","longitude":77.58037463999999,"latitude":28.29839128,"authority":"YEIDA","category":"residential","execution_stage":"vacant"}},{"type":"Feature","geometry":{"type":"Polygon","coordinates":[[[77.580569,28.298725],[77.580447,28.298728],[77.580439,28.298503],[77.580562,28.2985],[77.580569,28.298725]]]},"properties":{"objectid":6762,"uniqueplotid":"PLNGRESIDENTIAL6762","plotmap_id":"SECTOR-18_145A 253_2A_RESI","plotidentificationnumber":"145A 253","plotno":"145A 253","industrysector":"SECTOR-18","block":"2A","plotsize":"300 SQMT","landuse_type":"RESIDENTIAL","landuse_subcategory":"RESIDENTIAL","investment":0,"employment":0,"landallotementstatus":"VACANT","landallotementtype":"VACANT","village_name":"Mirzapur","khasra_no":"508/3","longitude":77.58050434,"latitude":28.29861402,"authority":"YEIDA","category":"residential","execution_stage":"vacant"}},{"type":"Feature","geometry":{"type":"Polygon","coordinates":[[[77.577811,28.297445],[77.577891,28.299967],[77.575958,28.300011],[77.575878,28.297489],[77.577811,28.297445]]]},"properties":{"objectid":6768,"uniqueplotid":"PLNGRESIDENTIAL6768","plotmap_id":"SECTOR-18_N.A_INFORMAL_RESI","plotidentificationnumber":"N.A","plotno":"N.A","industrysector":"SECTOR-18","block":"INFORMAL","plotsize":"5 HACTARE","landuse_type":"RESIDENTIAL","landuse_subcategory":"INFORMAL SECTOR","investment":0,"employment":0,"landallotementstatus":"VACANT","landallotementtype":"VACANT","village_name":"Rampur Bangar,Mirzapur","khasra_no":"498,496,495,493,494,489,492,515,467,445,506,509,510,508,511,505,512,513,514,446,507,516,503,504,502,N/F","longitude":77.57688422000001,"latitude":28.29872783,"authority":"YEIDA","category":"residential","execution_stage":"vacant"}},{"type":"Feature","geometry":{"type":"Polygon","coordinates":[[[77.580871,28.303958],[77.580874,28.304066],[77.580618,28.304072],[77.580615,28.303963],[77.580871,28.303958]]]},"properties":{"objectid":6769,"uniqueplotid":"PLNGRESIDENTIAL6769","plotmap_id":"SECTOR-18_274_2C_RESI","plotidentificationnumber":"274","plotno":"274","industrysector":"SECTOR-18","block":"2C","plotsize":"300 SQMT","plotsize_at_the_time_of_allotme":"300 SQMT","landuse_type":"RESIDENTIAL","landuse_subcategory":"RESIDENTIAL","scheme_cod":"RES01","investment":0,"employment":0,"plotstatus":"Allotted","landallotementstatus":"SOLD","landallotementtype":"ALLOTTED","allotmentid":"YEA015652","lease_deed":"Y","lease_deed_date":1570732200000,"village_name":"Rampur Bangar","khasra_no":"419,430","longitude":77.58074448999999,"latitude":28.30401461,"authority":"YEIDA","category":"residential","execution_stage":"lease-recorded"}},{"type":"Feature","geometry":{"type":"Polygon","coordinates":[[[77.58152,28.304485],[77.581524,28.304593],[77.581268,28.304599],[77.581265,28.304491],[77.58152,28.304485]]]},"properties":{"objectid":6770,"uniqueplotid":"PLNGRESIDENTIAL6770","plotmap_id":"SECTOR-18_243_2C_RESI","plotidentificationnumber":"243","plotno":"243","industrysector":"SECTOR-18","block":"2C","plotsize":"300 SQMT","plotsize_at_the_time_of_allotme":"300 SQMT","landuse_type":"RESIDENTIAL","landuse_subcategory":"RESIDENTIAL","scheme_cod":"RES01","investment":0,"employment":0,"plotstatus":"Allotted","landallotementstatus":"SOLD","landallotementtype":"ALLOTTED","allotmentid":"YEA010321","village_name":"Rampur Bangar","khasra_no":"408,396,397","longitude":77.58139434,"latitude":28.30454198,"authority":"YEIDA","category":"residential","execution_stage":"allotted"}},{"type":"Feature","geometry":{"type":"Polygon","coordinates":[[[77.580477,28.303432],[77.580484,28.303658],[77.580361,28.303661],[77.580354,28.303435],[77.580477,28.303432]]]},"properties":{"objectid":6771,"uniqueplotid":"PLNGRESIDENTIAL6771","plotmap_id":"SECTOR-18_295_2C_RESI","plotidentificationnumber":"295","plotno":"295","industrysector":"SECTOR-18","block":"2C","plotsize":"300 SQMT","plotsize_at_the_time_of_allotme":"300 SQMT","landuse_type":"RESIDENTIAL","landuse_subcategory":"RESIDENTIAL","scheme_cod":"RES01","investment":0,"employment":0,"plotstatus":"Allotted","landallotementstatus":"SOLD","landallotementtype":"ALLOTTED","allotmentid":"YEA004987","lease_deed":"Y","lease_deed_date":1654453800000,"village_name":"Rampur Bangar","khasra_no":"433,421,419,430,420","longitude":77.58041899,"latitude":28.3035466,"authority":"YEIDA","category":"residential","execution_stage":"lease-recorded"}},{"type":"Feature","geometry":{"type":"Polygon","coordinates":[[[77.580354,28.303435],[77.580361,28.303661],[77.580238,28.303664],[77.580232,28.303438],[77.580354,28.303435]]]},"properties":{"objectid":6772,"uniqueplotid":"PLNGRESIDENTIAL6772","plotmap_id":"SECTOR-18_296_2C_RESI","plotidentificationnumber":"296","plotno":"296","industrysector":"SECTOR-18","block":"2C","plotsize":"300 SQMT","plotsize_at_the_time_of_allotme":"300 SQMT","landuse_type":"RESIDENTIAL","landuse_subcategory":"RESIDENTIAL","scheme_cod":"RES01","investment":0,"employment":0,"plotstatus":"Allotted","landallotementstatus":"SOLD","landallotementtype":"ALLOTTED","allotmentid":"YEA013440","lease_deed":"Y","lease_deed_date":1570559400000,"village_name":"Rampur Bangar","khasra_no":"421,419,420","longitude":77.58029626000001,"latitude":28.30354938,"authority":"YEIDA","category":"residential","execution_stage":"lease-recorded"}},{"type":"Feature","geometry":{"type":"Polygon","coordinates":[[[77.579006,28.303466],[77.579013,28.303691],[77.578891,28.303694],[77.578884,28.303469],[77.579006,28.303466]]]},"properties":{"objectid":6773,"uniqueplotid":"PLNGRESIDENTIAL6773","plotmap_id":"SECTOR-18_307_2C_RESI","plotidentificationnumber":"307","plotno":"307","industrysector":"SECTOR-18","block":"2C","plotsize":"300 SQMT","plotsize_at_the_time_of_allotme":"300 SQMT","landuse_type":"RESIDENTIAL","landuse_subcategory":"RESIDENTIAL","scheme_cod":"RES01","investment":0,"employment":0,"plotstatus":"Allotted","landallotementstatus":"SOLD","landallotementtype":"ALLOTTED","allotmentid":"YEA011267","lease_deed":"Y","lease_deed_date":1650393000000,"village_name":"Rampur Bangar","khasra_no":"423","longitude":77.57894853,"latitude":28.30358011,"authority":"YEIDA","category":"residential","execution_stage":"lease-recorded"}},{"type":"Feature","geometry":{"type":"Polygon","coordinates":[[[77.5815,28.303835],[77.581503,28.303944],[77.581248,28.30395],[77.581244,28.303841],[77.5815,28.303835]]]},"properties":{"objectid":6774,"uniqueplotid":"PLNGRESIDENTIAL6774","plotmap_id":"SECTOR-18_249_2C_RESI","plotidentificationnumber":"249","plotno":"249","industrysector":"SECTOR-18","block":"2C","plotsize":"300 SQMT","plotsize_at_the_time_of_allotme":"300 SQMT","landuse_type":"RESIDENTIAL","landuse_subcategory":"RESIDENTIAL","scheme_cod":"RES01","investment":0,"employment":0,"plotstatus":"Allotted","landallotementstatus":"SOLD","landallotementtype":"ALLOTTED","allotmentid":"YEA015834","lease_deed":"Y","lease_deed_date":1558895400000,"village_name":"Rampur Bangar","khasra_no":"433","longitude":77.58137364,"latitude":28.30389248,"authority":"YEIDA","category":"residential","execution_stage":"lease-recorded"}},{"type":"Feature","geometry":{"type":"Polygon","coordinates":[[[77.580888,28.304499],[77.580891,28.304607],[77.580635,28.304613],[77.580632,28.304505],[77.580888,28.304499]]]},"properties":{"objectid":6775,"uniqueplotid":"PLNGRESIDENTIAL6775","plotmap_id":"SECTOR-18_269_2C_RESI","plotidentificationnumber":"269","plotno":"269","industrysector":"SECTOR-18","block":"2C","plotsize":"300 SQMT","plotsize_at_the_time_of_allotme":"300 SQMT","landuse_type":"RESIDENTIAL","landuse_subcategory":"RESIDENTIAL","scheme_cod":"RES01","investment":0,"employment":0,"plotstatus":"Allotted","landallotementstatus":"SOLD","landallotementtype":"ALLOTTED","allotmentid":"YEA007466","lease_deed":"Y","lease_deed_date":1645641000000,"village_name":"Rampur Bangar","khasra_no":"408,409","longitude":77.58076174,"latitude":28.30455586,"authority":"YEIDA","category":"residential","execution_stage":"lease-recorded"}},{"type":"Feature","geometry":{"type":"Polygon","coordinates":[[[77.580854,28.303416],[77.580857,28.303525],[77.580601,28.30353],[77.580598,28.303422],[77.580854,28.303416]]]},"properties":{"objectid":6776,"uniqueplotid":"PLNGRESIDENTIAL6776","plotmap_id":"SECTOR-18_279_2C_RESI","plotidentificationnumber":"279","plotno":"279","industrysector":"SECTOR-18","block":"2C","plotsize":"300 SQMT","plotsize_at_the_time_of_allotme":"300 SQMT","landuse_type":"RESIDENTIAL","landuse_subcategory":"RESIDENTIAL","scheme_cod":"RES01","investment":0,"employment":0,"plotstatus":"Allotted","landallotementstatus":"SOLD","landallotementtype":"ALLOTTED","allotmentid":"YEA013792","lease_deed":"Y","lease_deed_date":1558031400000,"village_name":"Rampur Bangar","khasra_no":"433","longitude":77.58072723999999,"latitude":28.30347335,"authority":"YEIDA","category":"residential","execution_stage":"lease-recorded"}},{"type":"Feature","geometry":{"type":"Polygon","coordinates":[[[77.580847,28.3032],[77.58085,28.303308],[77.580594,28.303314],[77.580591,28.303206],[77.580847,28.3032]]]},"properties":{"objectid":6777,"uniqueplotid":"PLNGRESIDENTIAL6777","plotmap_id":"SECTOR-18_281_2C_RESI","plotidentificationnumber":"281","plotno":"281","industrysector":"SECTOR-18","block":"2C","plotsize":"300 SQMT","plotsize_at_the_time_of_allotme":"300 SQMT","landuse_type":"RESIDENTIAL","landuse_subcategory":"RESIDENTIAL","scheme_cod":"RES01","investment":0,"employment":0,"plotstatus":"Allotted","landallotementstatus":"SOLD","landallotementtype":"ALLOTTED","allotmentid":"YEA004485","lease_deed":"Y","lease_deed_date":1657218600000,"village_name":"Rampur Bangar","khasra_no":"433","longitude":77.58072034999999,"latitude":28.30325707,"authority":"YEIDA","category":"residential","execution_stage":"lease-recorded"}},{"type":"Feature","geometry":{"type":"Polygon","coordinates":[[[77.579828,28.302266],[77.579835,28.30249],[77.579712,28.302493],[77.579705,28.302269],[77.579828,28.302266]]]},"properties":{"objectid":6778,"uniqueplotid":"PLNGRESIDENTIAL6778","plotmap_id":"SECTOR-18_141_2C_RESI","plotidentificationnumber":"141","plotno":"141","industrysector":"SECTOR-18","block":"2C","plotsize":"300 SQMT","plotsize_at_the_time_of_allotme":"300 SQMT","landuse_type":"RESIDENTIAL","landuse_subcategory":"RESIDENTIAL","scheme_cod":"RES01","investment":0,"employment":0,"plotstatus":"Allotted","landallotementstatus":"SOLD","landallotementtype":"ALLOTTED","allotmentid":"YEA012106","village_name":"Rampur Bangar","khasra_no":"432,430,431","longitude":77.5797699,"latitude":28.30237948,"authority":"YEIDA","category":"residential","execution_stage":"allotted"}},{"type":"Feature","geometry":{"type":"Polygon","coordinates":[[[77.581513,28.304268],[77.581517,28.304377],[77.581262,28.304383],[77.581258,28.304274],[77.581513,28.304268]]]},"properties":{"objectid":6779,"uniqueplotid":"PLNGRESIDENTIAL6779","plotmap_id":"SECTOR-18_245_2C_RESI","plotidentificationnumber":"245","plotno":"245","industrysector":"SECTOR-18","block":"2C","plotsize":"300 SQMT","plotsize_at_the_time_of_allotme":"300 SQMT","landuse_type":"RESIDENTIAL","landuse_subcategory":"RESIDENTIAL","scheme_cod":"RES01","investment":0,"employment":0,"plotstatus":"Allotted","landallotementstatus":"SOLD","landallotementtype":"ALLOTTED","allotmentid":"YEA012689","lease_deed":"Y","lease_deed_date":1601231400000,"village_name":"Rampur Bangar","khasra_no":"396","longitude":77.58138744,"latitude":28.304325480000003,"authority":"YEIDA","category":"residential","execution_stage":"lease-recorded"}},{"type":"Feature","geometry":{"type":"Polygon","coordinates":[[[77.581763,28.304046],[77.581767,28.304154],[77.58151,28.30416],[77.581506,28.304052],[77.581763,28.304046]]]},"properties":{"objectid":6780,"uniqueplotid":"PLNGRESIDENTIAL6780","plotmap_id":"SECTOR-18_238_2C_RESI","plotidentificationnumber":"238","plotno":"238","industrysector":"SECTOR-18","block":"2C","plotsize":"300 SQMT","plotsize_at_the_time_of_allotme":"300 SQMT","landuse_type":"RESIDENTIAL","landuse_subcategory":"RESIDENTIAL","scheme_cod":"RES01","investment":0,"employment":0,"plotstatus":"Allotted","landallotementstatus":"SOLD","landallotementtype":"ALLOTTED","allotmentid":"YEA004794","lease_deed":"Y","lease_deed_date":1674585000000,"village_name":"Rampur Bangar","khasra_no":"396","longitude":77.58163649999999,"latitude":28.30410314,"authority":"YEIDA","category":"residential","execution_stage":"lease-recorded"}},{"type":"Feature","geometry":{"type":"Polygon","coordinates":[[[77.581753,28.303721],[77.581756,28.30383],[77.5815,28.303835],[77.581496,28.303727],[77.581753,28.303721]]]},"properties":{"objectid":6781,"uniqueplotid":"PLNGRESIDENTIAL6781","plotmap_id":"SECTOR-18_235_2C_RESI","plotidentificationnumber":"235","plotno":"235","industrysector":"SECTOR-18","block":"2C","plotsize":"300 SQMT","plotsize_at_the_time_of_allotme":"300 SQMT","landuse_type":"RESIDENTIAL","landuse_subcategory":"RESIDENTIAL","scheme_cod":"RES01","investment":0,"employment":0,"plotstatus":"Allotted","landallotementstatus":"SOLD","landallotementtype":"ALLOTTED","allotmentid":"YEA019973","lease_deed":"Y","lease_deed_date":1573669800000,"village_name":"Rampur Bangar","khasra_no":"433,413","longitude":77.58162614999999,"latitude":28.30377838,"authority":"YEIDA","category":"residential","execution_stage":"lease-recorded"}},{"type":"Feature","geometry":{"type":"Polygon","coordinates":[[[77.581489,28.303511],[77.581493,28.303619],[77.581237,28.303625],[77.581234,28.303517],[77.581489,28.303511]]]},"properties":{"objectid":6782,"uniqueplotid":"PLNGRESIDENTIAL6782","plotmap_id":"SECTOR-18_252_2C_RESI","plotidentificationnumber":"252","plotno":"252","industrysector":"SECTOR-18","block":"2C","plotsize":"300 SQMT","plotsize_at_the_time_of_allotme":"300 SQMT","landuse_type":"RESIDENTIAL","landuse_subcategory":"RESIDENTIAL","scheme_cod":"RES01","investment":0,"employment":0,"plotstatus":"Allotted","landallotementstatus":"SOLD","landallotementtype":"ALLOTTED","allotmentid":"YEA006734","lease_deed":"Y","lease_deed_date":1657650600000,"village_name":"Rampur Bangar","khasra_no":"433","longitude":77.58136329,"latitude":28.30356772,"authority":"YEIDA","category":"residential","execution_stage":"lease-recorded"}},{"type":"Feature","geometry":{"type":"Polygon","coordinates":[[[77.581739,28.303288],[77.581742,28.303397],[77.581486,28.303402],[77.581482,28.303294],[77.581739,28.303288]]]},"properties":{"objectid":6783,"uniqueplotid":"PLNGRESIDENTIAL6783","plotmap_id":"SECTOR-18_231_2C_RESI","plotidentificationnumber":"231","plotno":"231","industrysector":"SECTOR-18","block":"2C","plotsize":"300 SQMT","plotsize_at_the_time_of_allotme":"300 SQMT","landuse_type":"RESIDENTIAL","landuse_subcategory":"RESIDENTIAL","scheme_cod":"RES01","investment":0,"employment":0,"plotstatus":"Allotted","landallotementstatus":"SOLD","landallotementtype":"ALLOTTED","allotmentid":"YEA018484","lease_deed":"Y","lease_deed_date":1600367400000,"village_name":"Rampur Bangar","khasra_no":"433,434","longitude":77.58161235,"latitude":28.30334538,"authority":"YEIDA","category":"residential","execution_stage":"lease-recorded"}},{"type":"Feature","geometry":{"type":"Polygon","coordinates":[[[77.581486,28.303402],[77.581489,28.303511],[77.581234,28.303517],[77.58123,28.303408],[77.581486,28.303402]]]},"properties":{"objectid":6784,"uniqueplotid":"PLNGRESIDENTIAL6784","plotmap_id":"SECTOR-18_253_2C_RESI","plotidentificationnumber":"253","plotno":"253","industrysector":"SECTOR-18","block":"2C","plotsize":"300 SQMT","plotsize_at_the_time_of_allotme":"300 SQMT","landuse_type":"RESIDENTIAL","landuse_subcategory":"RESIDENTIAL","scheme_cod":"RES01","investment":0,"employment":0,"plotstatus":"Allotted","landallotementstatus":"SOLD","landallotementtype":"ALLOTTED","allotmentid":"YEA014691","lease_deed":"Y","lease_deed_date":1680460200000,"village_name":"Rampur Bangar","khasra_no":"433","longitude":77.58135984,"latitude":28.30345947,"authority":"YEIDA","category":"residential","execution_stage":"lease-recorded"}},{"type":"Feature","geometry":{"type":"Polygon","coordinates":[[[77.579705,28.302269],[77.579712,28.302493],[77.57959,28.302496],[77.579583,28.302272],[77.579705,28.302269]]]},"properties":{"objectid":6785,"uniqueplotid":"PLNGRESIDENTIAL6785","plotmap_id":"SECTOR-18_142_2C_RESI","plotidentificationnumber":"142","plotno":"142","industrysector":"SECTOR-18","block":"2C","plotsize":"300 SQMT","plotsize_at_the_time_of_allotme":"300 SQMT","landuse_type":"RESIDENTIAL","landuse_subcategory":"RESIDENTIAL","scheme_cod":"RES01","investment":0,"employment":0,"plotstatus":"Allotted","landallotementstatus":"SOLD","landallotementtype":"ALLOTTED","allotmentid":"YEA017368","village_name":"Rampur Bangar","khasra_no":"430,426,431,446","longitude":77.57964739,"latitude":28.30238227,"authority":"YEIDA","category":"residential","execution_stage":"allotted"}},{"type":"Feature","geometry":{"type":"Polygon","coordinates":[[[77.57995,28.302263],[77.579957,28.302487],[77.579835,28.30249],[77.579828,28.302266],[77.57995,28.302263]]]},"properties":{"objectid":6786,"uniqueplotid":"PLNGRESIDENTIAL6786","plotmap_id":"SECTOR-18_140_2C_RESI","plotidentificationnumber":"140","plotno":"140","industrysector":"SECTOR-18","block":"2C","plotsize":"300 SQMT","plotsize_at_the_time_of_allotme":"300 SQMT","landuse_type":"RESIDENTIAL","landuse_subcategory":"RESIDENTIAL","scheme_cod":"RES01","investment":0,"employment":0,"plotstatus":"Allotted","landallotementstatus":"SOLD","landallotementtype":"ALLOTTED","allotmentid":"YEA012438","lease_deed":"Y","lease_deed_date":1640197800000,"village_name":"Rampur Bangar","khasra_no":"432,431","longitude":77.57989242000001,"latitude":28.30237668,"authority":"YEIDA","category":"residential","execution_stage":"lease-recorded"}},{"type":"Feature","geometry":{"type":"Polygon","coordinates":[[[77.579212,28.30228],[77.579219,28.302504],[77.579099,28.302507],[77.579092,28.302283],[77.579212,28.30228]]]},"properties":{"objectid":6787,"uniqueplotid":"PLNGRESIDENTIAL6787","plotmap_id":"SECTOR-18_146_2C_RESI","plotidentificationnumber":"146","plotno":"146","industrysector":"SECTOR-18","block":"2C","plotsize":"300 SQMT","plotsize_at_the_time_of_allotme":"300 SQMT","landuse_type":"RESIDENTIAL","landuse_subcategory":"RESIDENTIAL","scheme_cod":"RES01","investment":0,"employment":0,"plotstatus":"Allotted","landallotementstatus":"SOLD","landallotementtype":"ALLOTTED","allotmentid":"YEA007458","village_name":"Rampur Bangar","khasra_no":"447","longitude":77.57915552,"latitude":28.302393499999997,"authority":"YEIDA","category":"residential","execution_stage":"allotted"}},{"type":"Feature","geometry":{"type":"Polygon","coordinates":[[[77.57959,28.302496],[77.579597,28.302721],[77.579474,28.302724],[77.579467,28.302499],[77.57959,28.302496]]]},"properties":{"objectid":6788,"uniqueplotid":"PLNGRESIDENTIAL6788","plotmap_id":"SECTOR-18_154_2C_RESI","plotidentificationnumber":"154","plotno":"154","industrysector":"SECTOR-18","block":"2C","plotsize":"300 SQMT","plotsize_at_the_time_of_allotme":"300 SQMT","landuse_type":"RESIDENTIAL","landuse_subcategory":"RESIDENTIAL","scheme_cod":"RES01","investment":0,"employment":0,"plotstatus":"Allotted","landallotementstatus":"SOLD","landallotementtype":"ALLOTTED","allotmentid":"YEA013778","lease_deed":"Y","lease_deed_date":1741113000000,"village_name":"Rampur Bangar","khasra_no":"426","longitude":77.57953169999999,"latitude":28.302609880000002,"authority":"YEIDA","category":"residential","execution_stage":"lease-recorded"}},{"type":"Feature","geometry":{"type":"Polygon","coordinates":[[[77.579835,28.30249],[77.579842,28.302716],[77.579719,28.302718],[77.579712,28.302493],[77.579835,28.30249]]]},"properties":{"objectid":6789,"uniqueplotid":"PLNGRESIDENTIAL6789","plotmap_id":"SECTOR-18_156_2C_RESI","plotidentificationnumber":"156","plotno":"156","industrysector":"SECTOR-18","block":"2C","plotsize":"300 SQMT","plotsize_at_the_time_of_allotme":"300 SQMT","landuse_type":"RESIDENTIAL","landuse_subcategory":"RESIDENTIAL","scheme_cod":"RES01","investment":0,"employment":0,"plotstatus":"Allotted","landallotementstatus":"SOLD","landallotementtype":"ALLOTTED","allotmentid":"YEA008503","village_name":"Rampur Bangar","khasra_no":"433,430,426,431,446","longitude":77.57977682,"latitude":28.302604310000003,"authority":"YEIDA","category":"residential","execution_stage":"allotted"}},{"type":"Feature","geometry":{"type":"Polygon","coordinates":[[[77.58008,28.302485],[77.580087,28.30271],[77.579964,28.302713],[77.579957,28.302487],[77.58008,28.302485]]]},"properties":{"objectid":6790,"uniqueplotid":"PLNGRESIDENTIAL6790","plotmap_id":"SECTOR-18_158_2C_RESI","plotidentificationnumber":"158","plotno":"158","industrysector":"SECTOR-18","block":"2C","plotsize":"300 SQMT","plotsize_at_the_time_of_allotme":"300 SQMT","landuse_type":"RESIDENTIAL","landuse_subcategory":"RESIDENTIAL","scheme_cod":"RES01","investment":0,"employment":0,"plotstatus":"Allotted","landallotementstatus":"SOLD","landallotementtype":"ALLOTTED","allotmentid":"YEA008181","lease_deed":"Y","lease_deed_date":1564511400000,"village_name":"Rampur Bangar","khasra_no":"433,432","longitude":77.58002184,"latitude":28.30259872,"authority":"YEIDA","category":"residential","execution_stage":"lease-recorded"}},{"type":"Feature","geometry":{"type":"Polygon","coordinates":[[[77.580325,28.302479],[77.580332,28.302704],[77.580209,28.302707],[77.580202,28.302482],[77.580325,28.302479]]]},"properties":{"objectid":6791,"uniqueplotid":"PLNGRESIDENTIAL6791","plotmap_id":"SECTOR-18_160_2C_RESI","plotidentificationnumber":"160","plotno":"160","industrysector":"SECTOR-18","block":"2C","plotsize":"300 SQMT","plotsize_at_the_time_of_allotme":"300 SQMT","landuse_type":"RESIDENTIAL","landuse_subcategory":"RESIDENTIAL","scheme_cod":"RES01","investment":0,"employment":0,"plotstatus":"Allotted","landallotementstatus":"SOLD","landallotementtype":"ALLOTTED","allotmentid":"YEA005076","lease_deed":"Y","lease_deed_date":1703701800000,"village_name":"Rampur Bangar","khasra_no":"433","longitude":77.58026686000001,"latitude":28.302593129999998,"authority":"YEIDA","category":"residential","execution_stage":"lease-recorded"}},{"type":"Feature","geometry":{"type":"Polygon","coordinates":[[[77.579219,28.302504],[77.579226,28.30273],[77.579106,28.302732],[77.579099,28.302507],[77.579219,28.302504]]]},"properties":{"objectid":6792,"uniqueplotid":"PLNGRESIDENTIAL6792","plotmap_id":"SECTOR-18_151_2C_RESI","plotidentificationnumber":"151","plotno":"151","industrysector":"SECTOR-18","block":"2C","plotsize":"300 SQMT","plotsize_at_the_time_of_allotme":"300 SQMT","landuse_type":"RESIDENTIAL","landuse_subcategory":"RESIDENTIAL","scheme_cod":"RES01","investment":0,"employment":0,"plotstatus":"Allotted","landallotementstatus":"SOLD","landallotementtype":"ALLOTTED","allotmentid":"YEA005250","village_name":"Rampur Bangar","khasra_no":"429,426,428,447","longitude":77.57916268,"latitude":28.30261832,"authority":"YEIDA","category":"residential","execution_stage":"allotted"}},{"type":"Feature","geometry":{"type":"Polygon","coordinates":[[[77.578478,28.30253],[77.578481,28.302638],[77.578225,28.302644],[77.578222,28.302535],[77.578478,28.30253]]]},"properties":{"objectid":6793,"uniqueplotid":"PLNGRESIDENTIAL6793","plotmap_id":"SECTOR-18_96_2C_RESI","plotidentificationnumber":"96","plotno":"96","industrysector":"SECTOR-18","block":"2C","plotsize":"300 SQMT","plotsize_at_the_time_of_allotme":"300 SQMT","landuse_type":"RESIDENTIAL","landuse_subcategory":"RESIDENTIAL","scheme_cod":"RES01","investment":0,"employment":0,"plotstatus":"Allotted","landallotementstatus":"SOLD","landallotementtype":"ALLOTTED","allotmentid":"YEA010749","village_name":"Rampur Bangar","khasra_no":"450,452,447","longitude":77.57835126,"latitude":28.302586629999997,"authority":"YEIDA","category":"residential","execution_stage":"allotted"}},{"type":"Feature","geometry":{"type":"Polygon","coordinates":[[[77.578474,28.302421],[77.578478,28.30253],[77.578222,28.302535],[77.578218,28.302427],[77.578474,28.302421]]]},"properties":{"objectid":6794,"uniqueplotid":"PLNGRESIDENTIAL6794","plotmap_id":"SECTOR-18_95_2C_RESI","plotidentificationnumber":"95","plotno":"95","industrysector":"SECTOR-18","block":"2C","plotsize":"300 SQMT","plotsize_at_the_time_of_allotme":"300 SQMT","landuse_type":"RESIDENTIAL","landuse_subcategory":"RESIDENTIAL","scheme_cod":"RES01","investment":0,"employment":0,"plotstatus":"Allotted","landallotementstatus":"SOLD","landallotementtype":"ALLOTTED","allotmentid":"YEA019757","village_name":"Rampur Bangar","khasra_no":"450,452,447","longitude":77.57834781,"latitude":28.30247838,"authority":"YEIDA","category":"residential","execution_stage":"allotted"}},{"type":"Feature","geometry":{"type":"Polygon","coordinates":[[[77.580835,28.302767],[77.580838,28.302876],[77.580582,28.302881],[77.580579,28.302773],[77.580835,28.302767]]]},"properties":{"objectid":6796,"uniqueplotid":"PLNGRESIDENTIAL6796","plotmap_id":"SECTOR-18_172_2C_RESI","plotidentificationnumber":"172","plotno":"172","industrysector":"SECTOR-18","block":"2C","plotsize":"300 SQMT","plotsize_at_the_time_of_allotme":"300 SQMT","landuse_type":"RESIDENTIAL","landuse_subcategory":"RESIDENTIAL","scheme_cod":"RES01","investment":0,"employment":0,"plotstatus":"Allotted","landallotementstatus":"SOLD","landallotementtype":"ALLOTTED","allotmentid":"YEA006442","village_name":"Rampur Bangar","khasra_no":"433","longitude":77.58070833,"latitude":28.30282435,"authority":"YEIDA","category":"residential","execution_stage":"allotted"}},{"type":"Feature","geometry":{"type":"Polygon","coordinates":[[[77.582115,28.303262],[77.582119,28.30337],[77.581864,28.303376],[77.58186,28.303268],[77.582115,28.303262]]]},"properties":{"objectid":6804,"uniqueplotid":"PLNGRESIDENTIAL6804","plotmap_id":"SECTOR-18_228_2C_RESI","plotidentificationnumber":"228","plotno":"228","industrysector":"SECTOR-18","block":"2C","plotsize":"300 SQMT","plotsize_at_the_time_of_allotme":"300 SQMT","landuse_type":"RESIDENTIAL","landuse_subcategory":"RESIDENTIAL","scheme_cod":"RES01","investment":0,"employment":0,"plotstatus":"Allotted","landallotementstatus":"SOLD","landallotementtype":"ALLOTTED","allotmentid":"YEA016200","lease_deed":"Y","lease_deed_date":1628447400000,"village_name":"Rampur Bangar","khasra_no":"436,434,437","longitude":77.58198944,"latitude":28.30331927,"authority":"YEIDA","category":"residential","execution_stage":"lease-recorded"}},{"type":"Feature","geometry":{"type":"Polygon","coordinates":[[[77.582389,28.303798],[77.582392,28.303906],[77.582136,28.303912],[77.582133,28.303803],[77.582389,28.303798]]]},"properties":{"objectid":6805,"uniqueplotid":"PLNGRESIDENTIAL6805","plotmap_id":"SECTOR-18_220_2C_RESI","plotidentificationnumber":"220","plotno":"220","industrysector":"SECTOR-18","block":"2C","plotsize":"300 SQMT","plotsize_at_the_time_of_allotme":"300 SQMT","landuse_type":"RESIDENTIAL","landuse_subcategory":"RESIDENTIAL","scheme_cod":"RES01","investment":0,"employment":0,"plotstatus":"Allotted","landallotementstatus":"SOLD","landallotementtype":"ALLOTTED","allotmentid":"YEA009875","lease_deed":"Y","lease_deed_date":1641753000000,"village_name":"Rampur Bangar","khasra_no":"389","longitude":77.58226241,"latitude":28.3038547,"authority":"YEIDA","category":"residential","execution_stage":"lease-recorded"}},{"type":"Feature","geometry":{"type":"Polygon","coordinates":[[[77.582129,28.303695],[77.582133,28.303803],[77.581877,28.303809],[77.581874,28.303701],[77.582129,28.303695]]]},"properties":{"objectid":6806,"uniqueplotid":"PLNGRESIDENTIAL6806","plotmap_id":"SECTOR-18_224_2C_RESI","plotidentificationnumber":"224","plotno":"224","industrysector":"SECTOR-18","block":"2C","plotsize":"300 SQMT","plotsize_at_the_time_of_allotme":"300 SQMT","landuse_type":"RESIDENTIAL","landuse_subcategory":"RESIDENTIAL","scheme_cod":"RES01","investment":0,"employment":0,"plotstatus":"Allotted","landallotementstatus":"SOLD","landallotementtype":"ALLOTTED","allotmentid":"YEA008976","lease_deed":"Y","lease_deed_date":1601404200000,"village_name":"Rampur Bangar","khasra_no":"433,413,396,434,393,389","longitude":77.58200323999999,"latitude":28.303752279999998,"authority":"YEIDA","category":"residential","execution_stage":"lease-recorded"}},{"type":"Feature","geometry":{"type":"Polygon","coordinates":[[[77.582126,28.303587],[77.582129,28.303695],[77.581874,28.303701],[77.58187,28.303593],[77.582126,28.303587]]]},"properties":{"objectid":6807,"uniqueplotid":"PLNGRESIDENTIAL6807","plotmap_id":"SECTOR-18_225_2C_RESI","plotidentificationnumber":"225","plotno":"225","industrysector":"SECTOR-18","block":"2C","plotsize":"300 SQMT","plotsize_at_the_time_of_allotme":"300 SQMT","landuse_type":"RESIDENTIAL","landuse_subcategory":"RESIDENTIAL","scheme_cod":"RES01","investment":0,"employment":0,"plotstatus":"Allotted","landallotementstatus":"SOLD","landallotementtype":"ALLOTTED","allotmentid":"YEA007859","lease_deed":"Y","lease_deed_date":1601231400000,"village_name":"Rampur Bangar","khasra_no":"433,413,434,389","longitude":77.58199979,"latitude":28.30364403,"authority":"YEIDA","category":"residential","execution_stage":"lease-recorded"}},{"type":"Feature","geometry":{"type":"Polygon","coordinates":[[[77.582372,28.303256],[77.582375,28.303365],[77.582119,28.30337],[77.582115,28.303262],[77.582372,28.303256]]]},"properties":{"objectid":6808,"uniqueplotid":"PLNGRESIDENTIAL6808","plotmap_id":"SECTOR-18_215_2C_RESI","plotidentificationnumber":"215","plotno":"215","industrysector":"SECTOR-18","block":"2C","plotsize":"300 SQMT","plotsize_at_the_time_of_allotme":"300 SQMT","landuse_type":"RESIDENTIAL","landuse_subcategory":"RESIDENTIAL","scheme_cod":"RES01","investment":0,"employment":0,"plotstatus":"Allotted","landallotementstatus":"SOLD","landallotementtype":"ALLOTTED","allotmentid":"YEA018490","lease_deed":"Y","lease_deed_date":1662661800000,"village_name":"Rampur Bangar","khasra_no":"437","longitude":77.58224516,"latitude":28.30331344,"authority":"YEIDA","category":"residential","execution_stage":"lease-recorded"}},{"type":"Feature","geometry":{"type":"Polygon","coordinates":[[[77.579176,28.304979],[77.579182,28.305204],[77.57906,28.305207],[77.579053,28.304982],[77.579176,28.304979]]]},"properties":{"objectid":6809,"uniqueplotid":"PLNGRESIDENTIAL6809","plotmap_id":"SECTOR-18_400_2C_RESI","plotidentificationnumber":"400","plotno":"400","industrysector":"SECTOR-18","block":"2C","plotsize":"300 SQMT","plotsize_at_the_time_of_allotme":"300 SQMT","landuse_type":"RESIDENTIAL","landuse_subcategory":"RESIDENTIAL","scheme_cod":"RES01","investment":0,"employment":0,"plotstatus":"Allotted","landallotementstatus":"SOLD","landallotementtype":"ALLOTTED","allotmentid":"YEA009258","village_name":"Rampur Bangar","khasra_no":"271,317,473","longitude":77.57911773,"latitude":28.30509289,"authority":"YEIDA","category":"residential","execution_stage":"allotted"}},{"type":"Feature","geometry":{"type":"Polygon","coordinates":[[[77.578813,28.305122],[77.578816,28.30523],[77.57856,28.305236],[77.578556,28.305128],[77.578813,28.305122]]]},"properties":{"objectid":6846,"uniqueplotid":"PLNGRESIDENTIAL6846","plotmap_id":"SECTOR-18_378_2C_RESI","plotidentificationnumber":"378","plotno":"378","industrysector":"SECTOR-18","block":"2C","plotsize":"300 SQMT","plotsize_at_the_time_of_allotme":"300 SQMT","landuse_type":"RESIDENTIAL","landuse_subcategory":"RESIDENTIAL","scheme_cod":"RES01","investment":0,"employment":0,"plotstatus":"Allotted","landallotementstatus":"SOLD","landallotementtype":"ALLOTTED","allotmentid":"YEA014811","lease_deed":"Y","lease_deed_date":1609871400000,"village_name":"Rampur Bangar","khasra_no":"270,271","longitude":77.5786863,"latitude":28.30517891,"authority":"YEIDA","category":"residential","execution_stage":"lease-recorded"}},{"type":"Feature","geometry":{"type":"Polygon","coordinates":[[[77.578556,28.305128],[77.57856,28.305236],[77.578304,28.305242],[77.578301,28.305134],[77.578556,28.305128]]]},"properties":{"objectid":6847,"uniqueplotid":"PLNGRESIDENTIAL6847","plotmap_id":"SECTOR-18_367_2C_RESI","plotidentificationnumber":"367","plotno":"367","industrysector":"SECTOR-18","block":"2C","plotsize":"300 SQMT","plotsize_at_the_time_of_allotme":"300 SQMT","landuse_type":"RESIDENTIAL","landuse_subcategory":"RESIDENTIAL","scheme_cod":"RES01","investment":0,"employment":0,"plotstatus":"Allotted","landallotementstatus":"SOLD","landallotementtype":"ALLOTTED","allotmentid":"YEA017690","village_name":"Rampur Bangar","khasra_no":"270,271","longitude":77.57843027,"latitude":28.30518475,"authority":"YEIDA","category":"residential","execution_stage":"allotted"}},{"type":"Feature","geometry":{"type":"Polygon","coordinates":[[[77.57881,28.305014],[77.578813,28.305122],[77.578556,28.305128],[77.578553,28.305019],[77.57881,28.305014]]]},"properties":{"objectid":6848,"uniqueplotid":"PLNGRESIDENTIAL6848","plotmap_id":"SECTOR-18_379_2C_RESI","plotidentificationnumber":"379","plotno":"379","industrysector":"SECTOR-18","block":"2C","plotsize":"300 SQMT","plotsize_at_the_time_of_allotme":"300 SQMT","landuse_type":"RESIDENTIAL","landuse_subcategory":"RESIDENTIAL","scheme_cod":"RES01","investment":0,"employment":0,"plotstatus":"Allotted","landallotementstatus":"SOLD","landallotementtype":"ALLOTTED","allotmentid":"YEA011335","lease_deed":"Y","lease_deed_date":1608748200000,"village_name":"Rampur Bangar","khasra_no":"270,271","longitude":77.57868284999999,"latitude":28.30507066,"authority":"YEIDA","category":"residential","execution_stage":"lease-recorded"}},{"type":"Feature","geometry":{"type":"Polygon","coordinates":[[[77.578553,28.305019],[77.578556,28.305128],[77.578301,28.305134],[77.578297,28.305025],[77.578553,28.305019]]]},"properties":{"objectid":6849,"uniqueplotid":"PLNGRESIDENTIAL6849","plotmap_id":"SECTOR-18_366_2C_RESI","plotidentificationnumber":"366","plotno":"366","industrysector":"SECTOR-18","block":"2C","plotsize":"300 SQMT","plotsize_at_the_time_of_allotme":"300 SQMT","landuse_type":"RESIDENTIAL","landuse_subcategory":"RESIDENTIAL","scheme_cod":"RES01","investment":0,"employment":0,"plotstatus":"Allotted","landallotementstatus":"SOLD","landallotementtype":"ALLOTTED","allotmentid":"YEA006842","village_name":"Rampur Bangar","khasra_no":"270","longitude":77.57842682,"latitude":28.3050765,"authority":"YEIDA","category":"residential","execution_stage":"allotted"}},{"type":"Feature","geometry":{"type":"Polygon","coordinates":[[[77.578806,28.304905],[77.57881,28.305014],[77.578553,28.305019],[77.578549,28.304911],[77.578806,28.304905]]]},"properties":{"objectid":6850,"uniqueplotid":"PLNGRESIDENTIAL6850","plotmap_id":"SECTOR-18_380_2C_RESI","plotidentificationnumber":"380","plotno":"380","industrysector":"SECTOR-18","block":"2C","plotsize":"300 SQMT","plotsize_at_the_time_of_allotme":"300 SQMT","landuse_type":"RESIDENTIAL","landuse_subcategory":"RESIDENTIAL","scheme_cod":"RES01","investment":0,"employment":0,"plotstatus":"Allotted","landallotementstatus":"SOLD","landallotementtype":"ALLOTTED","allotmentid":"YEA011782","village_name":"Rampur Bangar","khasra_no":"270","longitude":77.5786794,"latitude":28.30496241,"authority":"YEIDA","category":"residential","execution_stage":"allotted"}},{"type":"Feature","geometry":{"type":"Polygon","coordinates":[[[77.578549,28.304911],[77.578553,28.305019],[77.578297,28.305025],[77.578294,28.304917],[77.578549,28.304911]]]},"properties":{"objectid":6851,"uniqueplotid":"PLNGRESIDENTIAL6851","plotmap_id":"SECTOR-18_365_2C_RESI","plotidentificationnumber":"365","plotno":"365","industrysector":"SECTOR-18","block":"2C","plotsize":"300 SQMT","plotsize_at_the_time_of_allotme":"300 SQMT","landuse_type":"RESIDENTIAL","landuse_subcategory":"RESIDENTIAL","scheme_cod":"RES01","investment":0,"employment":0,"plotstatus":"Allotted","landallotementstatus":"SOLD","landallotementtype":"ALLOTTED","allotmentid":"YEA006044","lease_deed":"Y","lease_deed_date":1656354600000,"village_name":"Rampur Bangar","khasra_no":"270","longitude":77.57842338,"latitude":28.30496825,"authority":"YEIDA","category":"residential","execution_stage":"lease-recorded"}},{"type":"Feature","geometry":{"type":"Polygon","coordinates":[[[77.578803,28.304797],[77.578806,28.304905],[77.578549,28.304911],[77.578546,28.304803],[77.578803,28.304797]]]},"properties":{"objectid":6852,"uniqueplotid":"PLNGRESIDENTIAL6852","plotmap_id":"SECTOR-18_381_2C_RESI","plotidentificationnumber":"381","plotno":"381","industrysector":"SECTOR-18","block":"2C","plotsize":"300 SQMT","plotsize_at_the_time_of_allotme":"300 SQMT","landuse_type":"RESIDENTIAL","landuse_subcategory":"RESIDENTIAL","scheme_cod":"RES01","investment":0,"employment":0,"plotstatus":"Allotted","landallotementstatus":"SOLD","landallotementtype":"ALLOTTED","allotmentid":"YEA007772","lease_deed":"Y","lease_deed_date":1552501800000,"village_name":"Rampur Bangar","khasra_no":"270","longitude":77.57867594999999,"latitude":28.30485416,"authority":"YEIDA","category":"residential","execution_stage":"lease-recorded"}},{"type":"Feature","geometry":{"type":"Polygon","coordinates":[[[77.578546,28.304803],[77.578549,28.304911],[77.578294,28.304917],[77.578291,28.304809],[77.578546,28.304803]]]},"properties":{"objectid":6853,"uniqueplotid":"PLNGRESIDENTIAL6853","plotmap_id":"SECTOR-18_364_2C_RESI","plotidentificationnumber":"364","plotno":"364","industrysector":"SECTOR-18","block":"2C","plotsize":"300 SQMT","plotsize_at_the_time_of_allotme":"300 SQMT","landuse_type":"RESIDENTIAL","landuse_subcategory":"RESIDENTIAL","scheme_cod":"RES01","investment":0,"employment":0,"plotstatus":"Allotted","landallotementstatus":"SOLD","landallotementtype":"ALLOTTED","allotmentid":"YEA010890","village_name":"Rampur Bangar","khasra_no":"270","longitude":77.57841993,"latitude":28.30486,"authority":"YEIDA","category":"residential","execution_stage":"allotted"}},{"type":"Feature","geometry":{"type":"Polygon","coordinates":[[[77.578799,28.304689],[77.578803,28.304797],[77.578546,28.304803],[77.578542,28.304695],[77.578799,28.304689]]]},"properties":{"objectid":6854,"uniqueplotid":"PLNGRESIDENTIAL6854","plotmap_id":"SECTOR-18_382_2C_RESI","plotidentificationnumber":"382","plotno":"382","industrysector":"SECTOR-18","block":"2C","plotsize":"300 SQMT","plotsize_at_the_time_of_allotme":"300 SQMT","landuse_type":"RESIDENTIAL","landuse_subcategory":"RESIDENTIAL","scheme_cod":"RES01","investment":0,"employment":0,"plotstatus":"Allotted","landallotementstatus":"SOLD","landallotementtype":"ALLOTTED","allotmentid":"YEA017371","lease_deed":"Y","lease_deed_date":1656873000000,"village_name":"Rampur Bangar","khasra_no":"270,317,473","longitude":77.5786725,"latitude":28.30474591,"authority":"YEIDA","category":"residential","execution_stage":"lease-recorded"}},{"type":"Feature","geometry":{"type":"Polygon","coordinates":[[[77.578542,28.304695],[77.578546,28.304803],[77.578291,28.304809],[77.578287,28.304701],[77.578542,28.304695]]]},"properties":{"objectid":6855,"uniqueplotid":"PLNGRESIDENTIAL6855","plotmap_id":"SECTOR-18_363_2C_RESI","plotidentificationnumber":"363","plotno":"363","industrysector":"SECTOR-18","block":"2C","plotsize":"300 SQMT","plotsize_at_the_time_of_allotme":"300 SQMT","landuse_type":"RESIDENTIAL","landuse_subcategory":"RESIDENTIAL","scheme_cod":"RES01","investment":0,"employment":0,"plotstatus":"Allotted","landallotementstatus":"SOLD","landallotementtype":"ALLOTTED","allotmentid":"YEA014712","lease_deed":"Y","lease_deed_date":1573669800000,"village_name":"Rampur Bangar","khasra_no":"270","longitude":77.57841648,"latitude":28.30475175,"authority":"YEIDA","category":"residential","execution_stage":"lease-recorded"}},{"type":"Feature","geometry":{"type":"Polygon","coordinates":[[[77.578796,28.304581],[77.578799,28.304689],[77.578542,28.304695],[77.578539,28.304586],[77.578796,28.304581]]]},"properties":{"objectid":6856,"uniqueplotid":"PLNGRESIDENTIAL6856","plotmap_id":"SECTOR-18_383_2C_RESI","plotidentificationnumber":"383","plotno":"383","industrysector":"SECTOR-18","block":"2C","plotsize":"300 SQMT","plotsize_at_the_time_of_allotme":"300 SQMT","landuse_type":"RESIDENTIAL","landuse_subcategory":"RESIDENTIAL","scheme_cod":"RES01","investment":0,"employment":0,"plotstatus":"Allotted","landallotementstatus":"SOLD","landallotementtype":"ALLOTTED","allotmentid":"YEA015697","lease_deed":"Y","lease_deed_date":1558031400000,"village_name":"Rampur Bangar","khasra_no":"270,317,473,469","longitude":77.57866904999999,"latitude":28.30463766,"authority":"YEIDA","category":"residential","execution_stage":"lease-recorded"}},{"type":"Feature","geometry":{"type":"Polygon","coordinates":[[[77.578539,28.304586],[77.578542,28.304695],[77.578287,28.304701],[77.578284,28.304592],[77.578539,28.304586]]]},"properties":{"objectid":6857,"uniqueplotid":"PLNGRESIDENTIAL6857","plotmap_id":"SECTOR-18_362_2C_RESI","plotidentificationnumber":"362","plotno":"362","industrysector":"SECTOR-18","block":"2C","plotsize":"300 SQMT","plotsize_at_the_time_of_allotme":"300 SQMT","landuse_type":"RESIDENTIAL","landuse_subcategory":"RESIDENTIAL","scheme_cod":"RES01","investment":0,"employment":0,"plotstatus":"Allotted","landallotementstatus":"SOLD","landallotementtype":"ALLOTTED","allotmentid":"YEA010234","lease_deed":"Y","lease_deed_date":1669228200000,"village_name":"Rampur Bangar","khasra_no":"270,269","longitude":77.57841303000001,"latitude":28.3046435,"authority":"YEIDA","category":"residential","execution_stage":"lease-recorded"}},{"type":"Feature","geometry":{"type":"Polygon","coordinates":[[[77.578792,28.304472],[77.578796,28.304581],[77.578539,28.304586],[77.578535,28.304478],[77.578792,28.304472]]]},"properties":{"objectid":6858,"uniqueplotid":"PLNGRESIDENTIAL6858","plotmap_id":"SECTOR-18_384_2C_RESI","plotidentificationnumber":"384","plotno":"384","industrysector":"SECTOR-18","block":"2C","plotsize":"300 SQMT","plotsize_at_the_time_of_allotme":"300 SQMT","landuse_type":"RESIDENTIAL","landuse_subcategory":"RESIDENTIAL","scheme_cod":"RES01","investment":0,"employment":0,"plotstatus":"Allotted","landallotementstatus":"SOLD","landallotementtype":"ALLOTTED","allotmentid":"YEA018160","lease_deed":"Y","lease_deed_date":1548613800000,"village_name":"Rampur Bangar","khasra_no":"270,422,269,473,469,420","longitude":77.5786656,"latitude":28.30452941,"authority":"YEIDA","category":"residential","execution_stage":"lease-recorded"}},{"type":"Feature","geometry":{"type":"Polygon","coordinates":[[[77.578535,28.304478],[77.578539,28.304586],[77.578284,28.304592],[77.57828,28.304484],[77.578535,28.304478]]]},"properties":{"objectid":6859,"uniqueplotid":"PLNGRESIDENTIAL6859","plotmap_id":"SECTOR-18_361_2C_RESI","plotidentificationnumber":"361","plotno":"361","industrysector":"SECTOR-18","block":"2C","plotsize":"300 SQMT","plotsize_at_the_time_of_allotme":"300 SQMT","landuse_type":"RESIDENTIAL","landuse_subcategory":"RESIDENTIAL","scheme_cod":"RES01","investment":0,"employment":0,"plotstatus":"Allotted","landallotementstatus":"SOLD","landallotementtype":"ALLOTTED","allotmentid":"YEA009387","lease_deed":"Y","lease_deed_date":1626373800000,"village_name":"Rampur Bangar","khasra_no":"270,269,473,469","longitude":77.57840958,"latitude":28.30453525,"authority":"YEIDA","category":"residential","execution_stage":"lease-recorded"}},{"type":"Feature","geometry":{"type":"Polygon","coordinates":[[[77.578789,28.304365],[77.578792,28.304472],[77.578535,28.304478],[77.578532,28.30437],[77.578789,28.304365]]]},"properties":{"objectid":6860,"uniqueplotid":"PLNGRESIDENTIAL6860","plotmap_id":"SECTOR-18_385_2C_RESI","plotidentificationnumber":"385","plotno":"385","industrysector":"SECTOR-18","block":"2C","plotsize":"300 SQMT","plotsize_at_the_time_of_allotme":"300 SQMT","landuse_type":"RESIDENTIAL","landuse_subcategory":"RESIDENTIAL","scheme_cod":"RES01","investment":0,"employment":0,"plotstatus":"Allotted","landallotementstatus":"SOLD","landallotementtype":"ALLOTTED","allotmentid":"YEA007366","lease_deed":"Y","lease_deed_date":1660588200000,"village_name":"Rampur Bangar","khasra_no":"422,469","longitude":77.57866216,"latitude":28.30442138,"authority":"YEIDA","category":"residential","execution_stage":"lease-recorded"}},{"type":"Feature","geometry":{"type":"Polygon","coordinates":[[[77.578532,28.30437],[77.578535,28.304478],[77.57828,28.304484],[77.578277,28.304376],[77.578532,28.30437]]]},"properties":{"objectid":6861,"uniqueplotid":"PLNGRESIDENTIAL6861","plotmap_id":"SECTOR-18_360_2C_RESI","plotidentificationnumber":"360","plotno":"360","industrysector":"SECTOR-18","block":"2C","plotsize":"300 SQMT","plotsize_at_the_time_of_allotme":"300 SQMT","landuse_type":"RESIDENTIAL","landuse_subcategory":"RESIDENTIAL","scheme_cod":"RES01","investment":0,"employment":0,"plotstatus":"Allotted","landallotementstatus":"SOLD","landallotementtype":"ALLOTTED","allotmentid":"YEA019902","village_name":"Rampur Bangar","khasra_no":"269,473,469","longitude":77.57840613,"latitude":28.30442722,"authority":"YEIDA","category":"residential","execution_stage":"allotted"}},{"type":"Feature","geometry":{"type":"Polygon","coordinates":[[[77.579414,28.304749],[77.579421,28.304973],[77.579298,28.304976],[77.579291,28.304752],[77.579414,28.304749]]]},"properties":{"objectid":6862,"uniqueplotid":"PLNGRESIDENTIAL6862","plotmap_id":"SECTOR-18_395_2C_RESI","plotidentificationnumber":"395","plotno":"395","industrysector":"SECTOR-18","block":"2C","plotsize":"300 SQMT","plotsize_at_the_time_of_allotme":"300 SQMT","landuse_type":"RESIDENTIAL","landuse_subcategory":"RESIDENTIAL","scheme_cod":"RES01","investment":0,"employment":0,"plotstatus":"Allotted","landallotementstatus":"SOLD","landallotementtype":"ALLOTTED","allotmentid":"YEA006155","village_name":"Rampur Bangar","khasra_no":"414,415","longitude":77.57935584,"latitude":28.30486247,"authority":"YEIDA","category":"residential","execution_stage":"allotted"}},{"type":"Feature","geometry":{"type":"Polygon","coordinates":[[[77.579536,28.304746],[77.579543,28.30497],[77.579421,28.304973],[77.579414,28.304749],[77.579536,28.304746]]]},"properties":{"objectid":6863,"uniqueplotid":"PLNGRESIDENTIAL6863","plotmap_id":"SECTOR-18_394_2C_RESI","plotidentificationnumber":"394","plotno":"394","industrysector":"SECTOR-18","block":"2C","plotsize":"300 SQMT","plotsize_at_the_time_of_allotme":"300 SQMT","landuse_type":"RESIDENTIAL","landuse_subcategory":"RESIDENTIAL","scheme_cod":"RES01","investment":0,"employment":0,"plotstatus":"Allotted","landallotementstatus":"SOLD","landallotementtype":"ALLOTTED","allotmentid":"YEA014335","lease_deed":"Y","lease_deed_date":1577298600000,"village_name":"Rampur Bangar","khasra_no":"414,415","longitude":77.57947836000001,"latitude":28.30485968,"authority":"YEIDA","category":"residential","execution_stage":"lease-recorded"}},{"type":"Feature","geometry":{"type":"Polygon","coordinates":[[[77.579659,28.304743],[77.579666,28.304968],[77.579543,28.30497],[77.579536,28.304746],[77.579659,28.304743]]]},"properties":{"objectid":6864,"uniqueplotid":"PLNGRESIDENTIAL6864","plotmap_id":"SECTOR-18_393_2C_RESI","plotidentificationnumber":"393","plotno":"393","industrysector":"SECTOR-18","block":"2C","plotsize":"300 SQMT","plotsize_at_the_time_of_allotme":"300 SQMT","landuse_type":"RESIDENTIAL","landuse_subcategory":"RESIDENTIAL","scheme_cod":"RES01","investment":0,"employment":0,"plotstatus":"Allotted","landallotementstatus":"SOLD","landallotementtype":"ALLOTTED","allotmentid":"YEA018085","lease_deed":"Y","lease_deed_date":1671993000000,"village_name":"Rampur Bangar","khasra_no":"414,415","longitude":77.57960087,"latitude":28.30485688,"authority":"YEIDA","category":"residential","execution_stage":"lease-recorded"}},{"type":"Feature","geometry":{"type":"Polygon","coordinates":[[[77.579781,28.304741],[77.579788,28.304965],[77.579666,28.304968],[77.579659,28.304743],[77.579781,28.304741]]]},"properties":{"objectid":6865,"uniqueplotid":"PLNGRESIDENTIAL6865","plotmap_id":"SECTOR-18_392_2C_RESI","plotidentificationnumber":"392","plotno":"392","industrysector":"SECTOR-18","block":"2C","plotsize":"300 SQMT","plotsize_at_the_time_of_allotme":"300 SQMT","landuse_type":"RESIDENTIAL","landuse_subcategory":"RESIDENTIAL","scheme_cod":"RES01","investment":0,"employment":0,"plotstatus":"Allotted","landallotementstatus":"SOLD","landallotementtype":"ALLOTTED","allotmentid":"YEA011832","village_name":"Rampur Bangar","khasra_no":"415","longitude":77.57972322,"latitude":28.30485411,"authority":"YEIDA","category":"residential","execution_stage":"allotted"}},{"type":"Feature","geometry":{"type":"Polygon","coordinates":[[[77.579904,28.304738],[77.579911,28.304962],[77.579788,28.304965],[77.579781,28.304741],[77.579904,28.304738]]]},"properties":{"objectid":6866,"uniqueplotid":"PLNGRESIDENTIAL6866","plotmap_id":"SECTOR-18_391_2C_RESI","plotidentificationnumber":"391","plotno":"391","industrysector":"SECTOR-18","block":"2C","plotsize":"300 SQMT","plotsize_at_the_time_of_allotme":"300 SQMT","landuse_type":"RESIDENTIAL","landuse_subcategory":"RESIDENTIAL","scheme_cod":"RRPS01","investment":0,"employment":0,"plotstatus":"Allotted","landallotementstatus":"SOLD","landallotementtype":"ALLOTTED","allotmentid":"RRPS012672","lease_deed":"Y","lease_deed_date":1698690600000,"village_name":"Rampur Bangar","khasra_no":"413,415,416,412","longitude":77.57984567000001,"latitude":28.30485127,"authority":"YEIDA","category":"residential","execution_stage":"lease-recorded"}},{"type":"Feature","geometry":{"type":"Polygon","coordinates":[[[77.580026,28.304735],[77.580033,28.304959],[77.579911,28.304962],[77.579904,28.304738],[77.580026,28.304735]]]},"properties":{"objectid":6867,"uniqueplotid":"PLNGRESIDENTIAL6867","plotmap_id":"SECTOR-18_390_2C_RESI","plotidentificationnumber":"390","plotno":"390","industrysector":"SECTOR-18","block":"2C","plotsize":"300 SQMT","plotsize_at_the_time_of_allotme":"300 SQMT","landuse_type":"RESIDENTIAL","landuse_subcategory":"RESIDENTIAL","scheme_cod":"RES01","investment":0,"employment":0,"plotstatus":"Allotted","landallotementstatus":"SOLD","landallotementtype":"ALLOTTED","allotmentid":"YEA009029","lease_deed":"Y","lease_deed_date":1579717800000,"village_name":"Rampur Bangar","khasra_no":"413,415,416,411,412","longitude":77.5799684,"latitude":28.30484849,"authority":"YEIDA","category":"residential","execution_stage":"lease-recorded"}},{"type":"Feature","geometry":{"type":"Polygon","coordinates":[[[77.580149,28.304732],[77.580156,28.304956],[77.580033,28.304959],[77.580026,28.304735],[77.580149,28.304732]]]},"properties":{"objectid":6868,"uniqueplotid":"PLNGRESIDENTIAL6868","plotmap_id":"SECTOR-18_389_2C_RESI","plotidentificationnumber":"389","plotno":"389","industrysector":"SECTOR-18","block":"2C","plotsize":"300 SQMT","plotsize_at_the_time_of_allotme":"300 SQMT","landuse_type":"RESIDENTIAL","landuse_subcategory":"RESIDENTIAL","scheme_cod":"RES01","investment":0,"employment":0,"plotstatus":"Allotted","landallotementstatus":"SOLD","landallotementtype":"ALLOTTED","allotmentid":"YEA010056","lease_deed":"Y","lease_deed_date":1547749800000,"village_name":"Rampur Bangar","khasra_no":"413,416,411,412","longitude":77.58009092,"latitude":28.3048457,"authority":"YEIDA","category":"residential","execution_stage":"lease-recorded"}},{"type":"Feature","geometry":{"type":"Polygon","coordinates":[[[77.580271,28.304729],[77.580278,28.304954],[77.580156,28.304956],[77.580149,28.304732],[77.580271,28.304729]]]},"properties":{"objectid":6869,"uniqueplotid":"PLNGRESIDENTIAL6869","plotmap_id":"SECTOR-18_388_2C_RESI","plotidentificationnumber":"388","plotno":"388","industrysector":"SECTOR-18","block":"2C","plotsize":"300 SQMT","plotsize_at_the_time_of_allotme":"300 SQMT","landuse_type":"RESIDENTIAL","landuse_subcategory":"RESIDENTIAL","scheme_cod":"RES01","investment":0,"employment":0,"plotstatus":"Allotted","landallotementstatus":"SOLD","landallotementtype":"ALLOTTED","allotmentid":"YEA020432","lease_deed":"Y","lease_deed_date":1688409000000,"village_name":"Rampur Bangar","khasra_no":"413,416,417,411","longitude":77.58021343,"latitude":28.3048429,"authority":"YEIDA","category":"residential","execution_stage":"lease-recorded"}},{"type":"Feature","geometry":{"type":"Polygon","coordinates":[[[77.580394,28.304727],[77.580401,28.304951],[77.580278,28.304954],[77.580271,28.304729],[77.580394,28.304727]]]},"properties":{"objectid":6870,"uniqueplotid":"PLNGRESIDENTIAL6870","plotmap_id":"SECTOR-18_387_2C_RESI","plotidentificationnumber":"387","plotno":"387","industrysector":"SECTOR-18","block":"2C","plotsize":"300 SQMT","plotsize_at_the_time_of_allotme":"300 SQMT","landuse_type":"RESIDENTIAL","landuse_subcategory":"RESIDENTIAL","scheme_cod":"RES01","investment":0,"employment":0,"plotstatus":"Allotted","landallotementstatus":"SOLD","landallotementtype":"ALLOTTED","allotmentid":"YEA014550","village_name":"Rampur Bangar","khasra_no":"411,410","longitude":77.58033594,"latitude":28.30484011,"authority":"YEIDA","category":"residential","execution_stage":"allotted"}},{"type":"Feature","geometry":{"type":"Polygon","coordinates":[[[77.580523,28.304948],[77.580401,28.304951],[77.580394,28.304727],[77.580516,28.304724],[77.580523,28.304948]]]},"properties":{"objectid":6871,"uniqueplotid":"PLNGRESIDENTIAL6871","plotmap_id":"SECTOR-18_386_2C_RESI","plotidentificationnumber":"386","plotno":"386","industrysector":"SECTOR-18","block":"2C","plotsize":"300 SQMT","plotsize_at_the_time_of_allotme":"300 SQMT","landuse_type":"RESIDENTIAL","landuse_subcategory":"RESIDENTIAL","scheme_cod":"RES01","investment":0,"employment":0,"plotstatus":"Allotted","landallotementstatus":"SOLD","landallotementtype":"ALLOTTED","allotmentid":"YEA007642","lease_deed":"Y","lease_deed_date":1674153000000,"village_name":"Rampur Bangar","khasra_no":"411,410","longitude":77.58045855,"latitude":28.30483733,"authority":"YEIDA","category":"residential","execution_stage":"lease-recorded"}},{"type":"Feature","geometry":{"type":"Polygon","coordinates":[[[77.579053,28.304982],[77.57893,28.304984],[77.578923,28.30476],[77.579046,28.304757],[77.579053,28.304982]]]},"properties":{"objectid":6872,"uniqueplotid":"PLNGRESIDENTIAL6872","plotmap_id":"SECTOR-18_398_2C_RESI","plotidentificationnumber":"398","plotno":"398","industrysector":"SECTOR-18","block":"2C","plotsize":"300 SQMT","plotsize_at_the_time_of_allotme":"300 SQMT","landuse_type":"RESIDENTIAL","landuse_subcategory":"RESIDENTIAL","scheme_cod":"RES01","investment":0,"employment":0,"plotstatus":"Allotted","landallotementstatus":"SOLD","landallotementtype":"ALLOTTED","allotmentid":"YEA016696","lease_deed":"Y","lease_deed_date":1655922600000,"village_name":"Rampur Bangar","khasra_no":"270,271,414,317,473","longitude":77.57898809000001,"latitude":28.30487084,"authority":"YEIDA","category":"residential","execution_stage":"lease-recorded"}},{"type":"Feature","geometry":{"type":"Polygon","coordinates":[[[77.579169,28.304755],[77.579176,28.304979],[77.579053,28.304982],[77.579046,28.304757],[77.579169,28.304755]]]},"properties":{"objectid":6873,"uniqueplotid":"PLNGRESIDENTIAL6873","plotmap_id":"SECTOR-18_397_2C_RESI","plotidentificationnumber":"397","plotno":"397","industrysector":"SECTOR-18","block":"2C","plotsize":"300 SQMT","plotsize_at_the_time_of_allotme":"300 SQMT","landuse_type":"RESIDENTIAL","landuse_subcategory":"RESIDENTIAL","scheme_cod":"RES01","investment":0,"employment":0,"plotstatus":"Allotted","landallotementstatus":"SOLD","landallotementtype":"ALLOTTED","allotmentid":"YEA017577","lease_deed":"Y","lease_deed_date":1613673000000,"village_name":"Rampur Bangar","khasra_no":"271,414,317,473","longitude":77.57911082,"latitude":28.30486806,"authority":"YEIDA","category":"residential","execution_stage":"lease-recorded"}},{"type":"Feature","geometry":{"type":"Polygon","coordinates":[[[77.579291,28.304752],[77.579298,28.304976],[77.579176,28.304979],[77.579169,28.304755],[77.579291,28.304752]]]},"properties":{"objectid":6874,"uniqueplotid":"PLNGRESIDENTIAL6874","plotmap_id":"SECTOR-18_396_2C_RESI","plotidentificationnumber":"396","plotno":"396","industrysector":"SECTOR-18","block":"2C","plotsize":"300 SQMT","plotsize_at_the_time_of_allotme":"300 SQMT","landuse_type":"RESIDENTIAL","landuse_subcategory":"RESIDENTIAL","scheme_cod":"RES01","investment":0,"employment":0,"plotstatus":"Allotted","landallotementstatus":"SOLD","landallotementtype":"ALLOTTED","allotmentid":"YEA007918","village_name":"Rampur Bangar","khasra_no":"414,317","longitude":77.57923333,"latitude":28.30486527,"authority":"YEIDA","category":"residential","execution_stage":"allotted"}},{"type":"Feature","geometry":{"type":"Polygon","coordinates":[[[77.579421,28.304973],[77.579427,28.305199],[77.579305,28.305201],[77.579298,28.304976],[77.579421,28.304973]]]},"properties":{"objectid":6875,"uniqueplotid":"PLNGRESIDENTIAL6875","plotmap_id":"SECTOR-18_402_2C_RESI","plotidentificationnumber":"402","plotno":"402","industrysector":"SECTOR-18","block":"2C","plotsize":"300 SQMT","plotsize_at_the_time_of_allotme":"300 SQMT","landuse_type":"RESIDENTIAL","landuse_subcategory":"RESIDENTIAL","scheme_cod":"RES01","investment":0,"employment":0,"plotstatus":"Allotted","landallotementstatus":"SOLD","landallotementtype":"ALLOTTED","allotmentid":"YEA014647","lease_deed":"Y","lease_deed_date":1639938600000,"village_name":"Rampur Bangar","khasra_no":"414,317,473","longitude":77.57936276000001,"latitude":28.3050873,"authority":"YEIDA","category":"residential","execution_stage":"lease-recorded"}},{"type":"Feature","geometry":{"type":"Polygon","coordinates":[[[77.579543,28.30497],[77.57955,28.305196],[77.579427,28.305199],[77.579421,28.304973],[77.579543,28.30497]]]},"properties":{"objectid":6876,"uniqueplotid":"PLNGRESIDENTIAL6876","plotmap_id":"SECTOR-18_403_2C_RESI","plotidentificationnumber":"403","plotno":"403","industrysector":"SECTOR-18","block":"2C","plotsize":"300 SQMT","plotsize_at_the_time_of_allotme":"300 SQMT","landuse_type":"RESIDENTIAL","landuse_subcategory":"RESIDENTIAL","scheme_cod":"RES01","investment":0,"employment":0,"plotstatus":"Allotted","landallotementstatus":"SOLD","landallotementtype":"ALLOTTED","allotmentid":"YEA010888","lease_deed":"Y","lease_deed_date":1554316200000,"village_name":"Rampur Bangar","khasra_no":"413,414,317,412","longitude":77.57948527,"latitude":28.3050845,"authority":"YEIDA","category":"residential","execution_stage":"lease-recorded"}},{"type":"Feature","geometry":{"type":"Polygon","coordinates":[[[77.579666,28.304968],[77.579673,28.305193],[77.57955,28.305196],[77.579543,28.30497],[77.579666,28.304968]]]},"properties":{"objectid":6877,"uniqueplotid":"PLNGRESIDENTIAL6877","plotmap_id":"SECTOR-18_404_2C_RESI","plotidentificationnumber":"404","plotno":"404","industrysector":"SECTOR-18","block":"2C","plotsize":"300 SQMT","plotsize_at_the_time_of_allotme":"300 SQMT","landuse_type":"RESIDENTIAL","landuse_subcategory":"RESIDENTIAL","scheme_cod":"RES01","investment":0,"employment":0,"plotstatus":"Allotted","landallotementstatus":"SOLD","landallotementtype":"ALLOTTED","allotmentid":"YEA006418","lease_deed":"Y","lease_deed_date":1570127400000,"village_name":"Rampur Bangar","khasra_no":"413,414,415,412","longitude":77.57960778,"latitude":28.30508171,"authority":"YEIDA","category":"residential","execution_stage":"lease-recorded"}},{"type":"Feature","geometry":{"type":"Polygon","coordinates":[[[77.579788,28.304965],[77.579795,28.30519],[77.579673,28.305193],[77.579666,28.304968],[77.579788,28.304965]]]},"properties":{"objectid":6878,"uniqueplotid":"PLNGRESIDENTIAL6878","plotmap_id":"SECTOR-18_405_2C_RESI","plotidentificationnumber":"405","plotno":"405","industrysector":"SECTOR-18","block":"2C","plotsize":"300 SQMT","plotsize_at_the_time_of_allotme":"300 SQMT","landuse_type":"RESIDENTIAL","landuse_subcategory":"RESIDENTIAL","scheme_cod":"RES01","investment":0,"employment":0,"plotstatus":"Allotted","landallotementstatus":"SOLD","landallotementtype":"ALLOTTED","allotmentid":"YEA011891","village_name":"Rampur Bangar","khasra_no":"413,415,412","longitude":77.57973026,"latitude":28.30507894,"authority":"YEIDA","category":"residential","execution_stage":"allotted"}},{"type":"Feature","geometry":{"type":"Polygon","coordinates":[[[77.579911,28.304962],[77.579918,28.305187],[77.579795,28.30519],[77.579788,28.304965],[77.579911,28.304962]]]},"properties":{"objectid":6879,"uniqueplotid":"PLNGRESIDENTIAL6879","plotmap_id":"SECTOR-18_406_2C_RESI","plotidentificationnumber":"406","plotno":"406","industrysector":"SECTOR-18","block":"2C","plotsize":"300 SQMT","plotsize_at_the_time_of_allotme":"300 SQMT","landuse_type":"RESIDENTIAL","landuse_subcategory":"RESIDENTIAL","scheme_cod":"RES01","investment":0,"employment":0,"plotstatus":"Allotted","landallotementstatus":"SOLD","landallotementtype":"ALLOTTED","allotmentid":"YEA019541","lease_deed":"Y","lease_deed_date":1583951400000,"village_name":"Rampur Bangar","khasra_no":"413,415,412","longitude":77.57985271000001,"latitude":28.3050761,"authority":"YEIDA","category":"residential","execution_stage":"lease-recorded"}},{"type":"Feature","geometry":{"type":"Polygon","coordinates":[[[77.580033,28.304959],[77.58004,28.305185],[77.579918,28.305187],[77.579911,28.304962],[77.580033,28.304959]]]},"properties":{"objectid":6880,"uniqueplotid":"PLNGRESIDENTIAL6880","plotmap_id":"SECTOR-18_407_2C_RESI","plotidentificationnumber":"407","plotno":"407","industrysector":"SECTOR-18","block":"2C","plotsize":"300 SQMT","plotsize_at_the_time_of_allotme":"300 SQMT","landuse_type":"RESIDENTIAL","landuse_subcategory":"RESIDENTIAL","scheme_cod":"RES01","investment":0,"employment":0,"plotstatus":"Allotted","landallotementstatus":"SOLD","landallotementtype":"ALLOTTED","allotmentid":"YEA014001","lease_deed":"Y","lease_deed_date":1600194600000,"village_name":"Rampur Bangar","khasra_no":"412","longitude":77.57997531999999,"latitude":28.305073319999998,"authority":"YEIDA","category":"residential","execution_stage":"lease-recorded"}},{"type":"Feature","geometry":{"type":"Polygon","coordinates":[[[77.580156,28.304956],[77.580163,28.305182],[77.58004,28.305185],[77.580033,28.304959],[77.580156,28.304956]]]},"properties":{"objectid":6881,"uniqueplotid":"PLNGRESIDENTIAL6881","plotmap_id":"SECTOR-18_408_2C_RESI","plotidentificationnumber":"408","plotno":"408","industrysector":"SECTOR-18","block":"2C","plotsize":"300 SQMT","plotsize_at_the_time_of_allotme":"300 SQMT","landuse_type":"RESIDENTIAL","landuse_subcategory":"RESIDENTIAL","scheme_cod":"RES01","investment":0,"employment":0,"plotstatus":"Allotted","landallotementstatus":"SOLD","landallotementtype":"ALLOTTED","allotmentid":"YEA010908","lease_deed":"Y","lease_deed_date":1576175400000,"village_name":"Rampur Bangar","khasra_no":"411,412","longitude":77.58009783,"latitude":28.30507053,"authority":"YEIDA","category":"residential","execution_stage":"lease-recorded"}},{"type":"Feature","geometry":{"type":"Polygon","coordinates":[[[77.580278,28.304954],[77.580285,28.305179],[77.580163,28.305182],[77.580156,28.304956],[77.580278,28.304954]]]},"properties":{"objectid":6882,"uniqueplotid":"PLNGRESIDENTIAL6882","plotmap_id":"SECTOR-18_409_2C_RESI","plotidentificationnumber":"409","plotno":"409","industrysector":"SECTOR-18","block":"2C","plotsize":"300 SQMT","plotsize_at_the_time_of_allotme":"300 SQMT","landuse_type":"RESIDENTIAL","landuse_subcategory":"RESIDENTIAL","scheme_cod":"RES01","investment":0,"employment":0,"plotstatus":"Allotted","landallotementstatus":"SOLD","landallotementtype":"ALLOTTED","allotmentid":"YEA008692","lease_deed":"Y","lease_deed_date":1718130600000,"village_name":"Rampur Bangar","khasra_no":"411,412","longitude":77.58022034000001,"latitude":28.30506773,"authority":"YEIDA","category":"residential","execution_stage":"lease-recorded"}},{"type":"Feature","geometry":{"type":"Polygon","coordinates":[[[77.580401,28.304951],[77.580408,28.305176],[77.580285,28.305179],[77.580278,28.304954],[77.580401,28.304951]]]},"properties":{"objectid":6883,"uniqueplotid":"PLNGRESIDENTIAL6883","plotmap_id":"SECTOR-18_410_2C_RESI","plotidentificationnumber":"410","plotno":"410","industrysector":"SECTOR-18","block":"2C","plotsize":"300 SQMT","plotsize_at_the_time_of_allotme":"300 SQMT","landuse_type":"RESIDENTIAL","landuse_subcategory":"RESIDENTIAL","scheme_cod":"RES01","investment":0,"employment":0,"plotstatus":"Allotted","landallotementstatus":"SOLD","landallotementtype":"ALLOTTED","allotmentid":"YEA014366","lease_deed":"Y","lease_deed_date":1567362600000,"village_name":"Rampur Bangar","khasra_no":"411","longitude":77.58034285,"latitude":28.30506494,"authority":"YEIDA","category":"residential","execution_stage":"lease-recorded"}},{"type":"Feature","geometry":{"type":"Polygon","coordinates":[[[77.580523,28.304948],[77.580531,28.305173],[77.580408,28.305176],[77.580401,28.304951],[77.580523,28.304948]]]},"properties":{"objectid":6884,"uniqueplotid":"PLNGRESIDENTIAL6884","plotmap_id":"SECTOR-18_411_2C_RESI","plotidentificationnumber":"411","plotno":"411","industrysector":"SECTOR-18","block":"2C","plotsize":"300 SQMT","plotsize_at_the_time_of_allotme":"300 SQMT","landuse_type":"RESIDENTIAL","landuse_subcategory":"RESIDENTIAL","scheme_cod":"RES01","investment":0,"employment":0,"plotstatus":"Allotted","landallotementstatus":"SOLD","landallotementtype":"ALLOTTED","allotmentid":"YEA019840","village_name":"Rampur Bangar","khasra_no":"411,410","longitude":77.58046558,"latitude":28.30506216,"authority":"YEIDA","category":"residential","execution_stage":"allotted"}},{"type":"Feature","geometry":{"type":"Polygon","coordinates":[[[77.579053,28.304982],[77.57906,28.305207],[77.578937,28.30521],[77.57893,28.304984],[77.579053,28.304982]]]},"properties":{"objectid":6885,"uniqueplotid":"PLNGRESIDENTIAL6885","plotmap_id":"SECTOR-18_399_2C_RESI","plotidentificationnumber":"399","plotno":"399","industrysector":"SECTOR-18","block":"2C","plotsize":"300 SQMT","plotsize_at_the_time_of_allotme":"300 SQMT","landuse_type":"RESIDENTIAL","landuse_subcategory":"RESIDENTIAL","scheme_cod":"RES01","investment":0,"employment":0,"plotstatus":"Allotted","landallotementstatus":"SOLD","landallotementtype":"ALLOTTED","allotmentid":"YEA011148","village_name":"Rampur Bangar","khasra_no":"271","longitude":77.57899513000001,"latitude":28.30509567,"authority":"YEIDA","category":"residential","execution_stage":"allotted"}},{"type":"Feature","geometry":{"type":"Polygon","coordinates":[[[77.579298,28.304976],[77.579305,28.305201],[77.579182,28.305204],[77.579176,28.304979],[77.579298,28.304976]]]},"properties":{"objectid":6886,"uniqueplotid":"PLNGRESIDENTIAL6886","plotmap_id":"SECTOR-18_401_2C_RESI","plotidentificationnumber":"401","plotno":"401","industrysector":"SECTOR-18","block":"2C","plotsize":"300 SQMT","plotsize_at_the_time_of_allotme":"300 SQMT","landuse_type":"RESIDENTIAL","landuse_subcategory":"RESIDENTIAL","scheme_cod":"RES01","investment":0,"employment":0,"plotstatus":"Allotted","landallotementstatus":"SOLD","landallotementtype":"ALLOTTED","allotmentid":"YEA011815","village_name":"Rampur Bangar","khasra_no":"271,414,317,473","longitude":77.57924024,"latitude":28.3050901,"authority":"YEIDA","category":"residential","execution_stage":"allotted"}},{"type":"Feature","geometry":{"type":"Polygon","coordinates":[[[77.581864,28.304695],[77.581871,28.304919],[77.581748,28.304922],[77.581741,28.304698],[77.581864,28.304695]]]},"properties":{"objectid":6905,"uniqueplotid":"PLNGRESIDENTIAL6905","plotmap_id":"SECTOR-18_492_2C_RESI","plotidentificationnumber":"492","plotno":"492","industrysector":"SECTOR-18","block":"2C","plotsize":"300 SQMT","plotsize_at_the_time_of_allotme":"300 SQMT","landuse_type":"RESIDENTIAL","landuse_subcategory":"RESIDENTIAL","scheme_cod":"RES01","investment":0,"employment":0,"plotstatus":"Allotted","landallotementstatus":"SOLD","landallotementtype":"ALLOTTED","allotmentid":"YEA005907","village_name":"Rampur Bangar","khasra_no":"395","longitude":77.58180623,"latitude":28.30480825,"authority":"YEIDA","category":"residential","execution_stage":"allotted"}},{"type":"Feature","geometry":{"type":"Polygon","coordinates":[[[77.581741,28.304698],[77.581748,28.304922],[77.581626,28.304924],[77.581619,28.304701],[77.581741,28.304698]]]},"properties":{"objectid":6906,"uniqueplotid":"PLNGRESIDENTIAL6906","plotmap_id":"SECTOR-18_493_2C_RESI","plotidentificationnumber":"493","plotno":"493","industrysector":"SECTOR-18","block":"2C","plotsize":"300 SQMT","plotsize_at_the_time_of_allotme":"300 SQMT","landuse_type":"RESIDENTIAL","landuse_subcategory":"RESIDENTIAL","scheme_cod":"RES01","investment":0,"employment":0,"plotstatus":"Allotted","landallotementstatus":"SOLD","landallotementtype":"ALLOTTED","allotmentid":"YEA009532","lease_deed":"Y","lease_deed_date":1648405800000,"village_name":"Rampur Bangar","khasra_no":"396,395","longitude":77.58168352999999,"latitude":28.304811,"authority":"YEIDA","category":"residential","execution_stage":"lease-recorded"}},{"type":"Feature","geometry":{"type":"Polygon","coordinates":[[[77.581619,28.304701],[77.581626,28.304924],[77.581503,28.304927],[77.581496,28.304703],[77.581619,28.304701]]]},"properties":{"objectid":6907,"uniqueplotid":"PLNGRESIDENTIAL6907","plotmap_id":"SECTOR-18_494_2C_RESI","plotidentificationnumber":"494","plotno":"494","industrysector":"SECTOR-18","block":"2C","plotsize":"300 SQMT","plotsize_at_the_time_of_allotme":"300 SQMT","landuse_type":"RESIDENTIAL","landuse_subcategory":"RESIDENTIAL","scheme_cod":"RES01","investment":0,"employment":0,"plotstatus":"Allotted","landallotementstatus":"SOLD","landallotementtype":"ALLOTTED","allotmentid":"YEA016843","lease_deed":"Y","lease_deed_date":1559068200000,"village_name":"Rampur Bangar","khasra_no":"406,396,397,395,407","longitude":77.58156108,"latitude":28.30481384,"authority":"YEIDA","category":"residential","execution_stage":"lease-recorded"}},{"type":"Feature","geometry":{"type":"Polygon","coordinates":[[[77.581496,28.304703],[77.581503,28.304927],[77.581381,28.30493],[77.581374,28.304706],[77.581496,28.304703]]]},"properties":{"objectid":6908,"uniqueplotid":"PLNGRESIDENTIAL6908","plotmap_id":"SECTOR-18_495_2C_RESI","plotidentificationnumber":"495","plotno":"495","industrysector":"SECTOR-18","block":"2C","plotsize":"300 SQMT","plotsize_at_the_time_of_allotme":"300 SQMT","landuse_type":"RESIDENTIAL","landuse_subcategory":"RESIDENTIAL","scheme_cod":"RES01","investment":0,"employment":0,"plotstatus":"Allotted","landallotementstatus":"SOLD","landallotementtype":"ALLOTTED","allotmentid":"YEA017439","lease_deed":"Y","lease_deed_date":1573065000000,"village_name":"Rampur Bangar","khasra_no":"408,406,396,397,407","longitude":77.5814386,"latitude":28.30481661,"authority":"YEIDA","category":"residential","execution_stage":"lease-recorded"}},{"type":"Feature","geometry":{"type":"Polygon","coordinates":[[[77.581374,28.304706],[77.581381,28.30493],[77.581258,28.304933],[77.581251,28.304709],[77.581374,28.304706]]]},"properties":{"objectid":6909,"uniqueplotid":"PLNGRESIDENTIAL6909","plotmap_id":"SECTOR-18_496_2C_RESI","plotidentificationnumber":"496","plotno":"496","industrysector":"SECTOR-18","block":"2C","plotsize":"300 SQMT","plotsize_at_the_time_of_allotme":"300 SQMT","landuse_type":"RESIDENTIAL","landuse_subcategory":"RESIDENTIAL","scheme_cod":"RES01","investment":0,"employment":0,"plotstatus":"Allotted","landallotementstatus":"SOLD","landallotementtype":"ALLOTTED","allotmentid":"YEA010725","lease_deed":"Y","lease_deed_date":1609785000000,"village_name":"Rampur Bangar","khasra_no":"408,406,407","longitude":77.58131609,"latitude":28.30481941,"authority":"YEIDA","category":"residential","execution_stage":"lease-recorded"}},{"type":"Feature","geometry":{"type":"Polygon","coordinates":[[[77.581251,28.304709],[77.581258,28.304933],[77.581136,28.304936],[77.581129,28.304712],[77.581251,28.304709]]]},"properties":{"objectid":6910,"uniqueplotid":"PLNGRESIDENTIAL6910","plotmap_id":"SECTOR-18_497_2C_RESI","plotidentificationnumber":"497","plotno":"497","industrysector":"SECTOR-18","block":"2C","plotsize":"300 SQMT","plotsize_at_the_time_of_allotme":"300 SQMT","landuse_type":"RESIDENTIAL","landuse_subcategory":"RESIDENTIAL","scheme_cod":"RES01","investment":0,"employment":0,"plotstatus":"Allotted","landallotementstatus":"SOLD","landallotementtype":"ALLOTTED","allotmentid":"YEA012134","lease_deed":"Y","lease_deed_date":1555266600000,"village_name":"Rampur Bangar","khasra_no":"408,409","longitude":77.5811936,"latitude":28.30482218,"authority":"YEIDA","category":"residential","execution_stage":"lease-recorded"}},{"type":"Feature","geometry":{"type":"Polygon","coordinates":[[[77.581129,28.304712],[77.581136,28.304936],[77.581013,28.304938],[77.581006,28.304714],[77.581129,28.304712]]]},"properties":{"objectid":6911,"uniqueplotid":"PLNGRESIDENTIAL6911","plotmap_id":"SECTOR-18_498_2C_RESI","plotidentificationnumber":"498","plotno":"498","industrysector":"SECTOR-18","block":"2C","plotsize":"300 SQMT","plotsize_at_the_time_of_allotme":"300 SQMT","landuse_type":"RESIDENTIAL","landuse_subcategory":"RESIDENTIAL","scheme_cod":"RES01","investment":0,"employment":0,"plotstatus":"Allotted","landallotementstatus":"SOLD","landallotementtype":"ALLOTTED","allotmentid":"YEA018559","lease_deed":"Y","lease_deed_date":1646764200000,"village_name":"Rampur Bangar","khasra_no":"408,409","longitude":77.58107116000001,"latitude":28.30482502,"authority":"YEIDA","category":"residential","execution_stage":"lease-recorded"}},{"type":"Feature","geometry":{"type":"Polygon","coordinates":[[[77.581006,28.304714],[77.581013,28.304938],[77.580891,28.304941],[77.580884,28.304717],[77.581006,28.304714]]]},"properties":{"objectid":6912,"uniqueplotid":"PLNGRESIDENTIAL6912","plotmap_id":"SECTOR-18_499_2C_RESI","plotidentificationnumber":"499","plotno":"499","industrysector":"SECTOR-18","block":"2C","plotsize":"300 SQMT","plotsize_at_the_time_of_allotme":"300 SQMT","landuse_type":"RESIDENTIAL","landuse_subcategory":"RESIDENTIAL","scheme_cod":"RRPS01","investment":0,"employment":0,"plotstatus":"Allotted","landallotementstatus":"SOLD","landallotementtype":"ALLOTTED","allotmentid":"RRPS012841","lease_deed":"Y","lease_deed_date":1697394600000,"village_name":"Rampur Bangar","khasra_no":"409","longitude":77.58094855,"latitude":28.3048278,"authority":"YEIDA","category":"residential","execution_stage":"lease-recorded"}},{"type":"Feature","geometry":{"type":"Polygon","coordinates":[[[77.580884,28.304717],[77.580891,28.304941],[77.580768,28.304944],[77.580761,28.30472],[77.580884,28.304717]]]},"properties":{"objectid":6913,"uniqueplotid":"PLNGRESIDENTIAL6913","plotmap_id":"SECTOR-18_500_2C_RESI","plotidentificationnumber":"500","plotno":"500","industrysector":"SECTOR-18","block":"2C","plotsize":"300 SQMT","plotsize_at_the_time_of_allotme":"300 SQMT","landuse_type":"RESIDENTIAL","landuse_subcategory":"RESIDENTIAL","scheme_cod":"RES01","investment":0,"employment":0,"plotstatus":"Allotted","landallotementstatus":"SOLD","landallotementtype":"ALLOTTED","allotmentid":"YEA010449","lease_deed":"Y","lease_deed_date":1618252200000,"village_name":"Rampur Bangar","khasra_no":"410,409","longitude":77.58082603999999,"latitude":28.30483059,"authority":"YEIDA","category":"residential","execution_stage":"lease-recorded"}},{"type":"Feature","geometry":{"type":"Polygon","coordinates":[[[77.580761,28.30472],[77.580768,28.304944],[77.580645,28.304947],[77.580638,28.304723],[77.580761,28.30472]]]},"properties":{"objectid":6914,"uniqueplotid":"PLNGRESIDENTIAL6914","plotmap_id":"SECTOR-18_501_2C_RESI","plotidentificationnumber":"501","plotno":"501","industrysector":"SECTOR-18","block":"2C","plotsize":"300 SQMT","plotsize_at_the_time_of_allotme":"300 SQMT","landuse_type":"RESIDENTIAL","landuse_subcategory":"RESIDENTIAL","scheme_cod":"RES01","investment":0,"employment":0,"plotstatus":"Allotted","landallotementstatus":"SOLD","landallotementtype":"ALLOTTED","allotmentid":"YEA009303","village_name":"Rampur Bangar","khasra_no":"410,409","longitude":77.5807033,"latitude":28.30483337,"authority":"YEIDA","category":"residential","execution_stage":"allotted"}},{"type":"Feature","geometry":{"type":"Polygon","coordinates":[[[77.582231,28.304687],[77.582238,28.30491],[77.582116,28.304913],[77.582108,28.304689],[77.582231,28.304687]]]},"properties":{"objectid":6915,"uniqueplotid":"PLNGRESIDENTIAL6915","plotmap_id":"SECTOR-18_489_2C_RESI","plotidentificationnumber":"489","plotno":"489","industrysector":"SECTOR-18","block":"2C","plotsize":"300 SQMT","plotsize_at_the_time_of_allotme":"300 SQMT","landuse_type":"RESIDENTIAL","landuse_subcategory":"RESIDENTIAL","scheme_cod":"RES01","investment":0,"employment":0,"plotstatus":"Allotted","landallotementstatus":"SOLD","landallotementtype":"ALLOTTED","allotmentid":"YEA004254","village_name":"Rampur Bangar","khasra_no":"395","longitude":77.58217345,"latitude":28.30479983,"authority":"YEIDA","category":"residential","execution_stage":"allotted"}},{"type":"Feature","geometry":{"type":"Polygon","coordinates":[[[77.582108,28.304689],[77.582116,28.304913],[77.581993,28.304916],[77.581986,28.304692],[77.582108,28.304689]]]},"properties":{"objectid":6916,"uniqueplotid":"PLNGRESIDENTIAL6916","plotmap_id":"SECTOR-18_490_2C_RESI","plotidentificationnumber":"490","plotno":"490","industrysector":"SECTOR-18","block":"2C","plotsize":"300 SQMT","plotsize_at_the_time_of_allotme":"300 SQMT","landuse_type":"RESIDENTIAL","landuse_subcategory":"RESIDENTIAL","scheme_cod":"RES01","investment":0,"employment":0,"plotstatus":"Allotted","landallotementstatus":"SOLD","landallotementtype":"ALLOTTED","allotmentid":"YEA011640","village_name":"Rampur Bangar","khasra_no":"395","longitude":77.58205099999999,"latitude":28.30480266,"authority":"YEIDA","category":"residential","execution_stage":"allotted"}},{"type":"Feature","geometry":{"type":"Polygon","coordinates":[[[77.581986,28.304692],[77.581993,28.304916],[77.581871,28.304919],[77.581864,28.304695],[77.581986,28.304692]]]},"properties":{"objectid":6917,"uniqueplotid":"PLNGRESIDENTIAL6917","plotmap_id":"SECTOR-18_491_2C_RESI","plotidentificationnumber":"491","plotno":"491","industrysector":"SECTOR-18","block":"2C","plotsize":"300 SQMT","plotsize_at_the_time_of_allotme":"300 SQMT","landuse_type":"RESIDENTIAL","landuse_subcategory":"RESIDENTIAL","scheme_cod":"RES01","investment":0,"employment":0,"plotstatus":"Allotted","landallotementstatus":"SOLD","landallotementtype":"ALLOTTED","allotmentid":"YEA006875","lease_deed":"Y","lease_deed_date":1563301800000,"village_name":"Rampur Bangar","khasra_no":"395","longitude":77.58192868,"latitude":28.30480541,"authority":"YEIDA","category":"residential","execution_stage":"lease-recorded"}},{"type":"Feature","geometry":{"type":"Polygon","coordinates":[[[77.581871,28.304919],[77.581878,28.305144],[77.581755,28.305147],[77.581748,28.304922],[77.581871,28.304919]]]},"properties":{"objectid":6918,"uniqueplotid":"PLNGRESIDENTIAL6918","plotmap_id":"SECTOR-18_479_2C_RESI","plotidentificationnumber":"479","plotno":"479","industrysector":"SECTOR-18","block":"2C","plotsize":"300 SQMT","plotsize_at_the_time_of_allotme":"300 SQMT","landuse_type":"RESIDENTIAL","landuse_subcategory":"RESIDENTIAL","scheme_cod":"RES01","investment":0,"employment":0,"plotstatus":"Allotted","landallotementstatus":"SOLD","landallotementtype":"ALLOTTED","allotmentid":"YEA018210","village_name":"Rampur Bangar","khasra_no":"406,397,395","longitude":77.58181326,"latitude":28.30503291,"authority":"YEIDA","category":"residential","execution_stage":"allotted"}},{"type":"Feature","geometry":{"type":"Polygon","coordinates":[[[77.581748,28.304922],[77.581755,28.305147],[77.581633,28.30515],[77.581626,28.304924],[77.581748,28.304922]]]},"properties":{"objectid":6919,"uniqueplotid":"PLNGRESIDENTIAL6919","plotmap_id":"SECTOR-18_478_2C_RESI","plotidentificationnumber":"478","plotno":"478","industrysector":"SECTOR-18","block":"2C","plotsize":"300 SQMT","plotsize_at_the_time_of_allotme":"300 SQMT","landuse_type":"RESIDENTIAL","landuse_subcategory":"RESIDENTIAL","scheme_cod":"RES01","investment":0,"employment":0,"plotstatus":"Allotted","landallotementstatus":"SOLD","landallotementtype":"ALLOTTED","allotmentid":"YEA012265","lease_deed":"Y","lease_deed_date":1553020200000,"village_name":"Rampur Bangar","khasra_no":"406,397,395","longitude":77.58169056,"latitude":28.30503567,"authority":"YEIDA","category":"residential","execution_stage":"lease-recorded"}},{"type":"Feature","geometry":{"type":"Polygon","coordinates":[[[77.581626,28.304924],[77.581633,28.30515],[77.58151,28.305153],[77.581503,28.304927],[77.581626,28.304924]]]},"properties":{"objectid":6920,"uniqueplotid":"PLNGRESIDENTIAL6920","plotmap_id":"SECTOR-18_477_2C_RESI","plotidentificationnumber":"477","plotno":"477","industrysector":"SECTOR-18","block":"2C","plotsize":"300 SQMT","plotsize_at_the_time_of_allotme":"300 SQMT","landuse_type":"RESIDENTIAL","landuse_subcategory":"RESIDENTIAL","scheme_cod":"RES01","investment":0,"employment":0,"plotstatus":"Allotted","landallotementstatus":"SOLD","landallotementtype":"ALLOTTED","allotmentid":"YEA013052","lease_deed":"Y","lease_deed_date":1630002600000,"village_name":"Rampur Bangar","khasra_no":"406,397,395","longitude":77.58156811,"latitude":28.30503851,"authority":"YEIDA","category":"residential","execution_stage":"lease-recorded"}},{"type":"Feature","geometry":{"type":"Polygon","coordinates":[[[77.581503,28.304927],[77.58151,28.305153],[77.581388,28.305155],[77.581381,28.30493],[77.581503,28.304927]]]},"properties":{"objectid":6921,"uniqueplotid":"PLNGRESIDENTIAL6921","plotmap_id":"SECTOR-18_476_2C_RESI","plotidentificationnumber":"476","plotno":"476","industrysector":"SECTOR-18","block":"2C","plotsize":"300 SQMT","plotsize_at_the_time_of_allotme":"300 SQMT","landuse_type":"RESIDENTIAL","landuse_subcategory":"RESIDENTIAL","scheme_cod":"RES01","investment":0,"employment":0,"plotstatus":"Allotted","landallotementstatus":"SOLD","landallotementtype":"ALLOTTED","allotmentid":"YEA010384","lease_deed":"Y","lease_deed_date":1571769000000,"village_name":"Rampur Bangar","khasra_no":"406","longitude":77.5814455,"latitude":28.30504128,"authority":"YEIDA","category":"residential","execution_stage":"lease-recorded"}},{"type":"Feature","geometry":{"type":"Polygon","coordinates":[[[77.581381,28.30493],[77.581388,28.305155],[77.581265,28.305158],[77.581258,28.304933],[77.581381,28.30493]]]},"properties":{"objectid":6922,"uniqueplotid":"PLNGRESIDENTIAL6922","plotmap_id":"SECTOR-18_475_2C_RESI","plotidentificationnumber":"475","plotno":"475","industrysector":"SECTOR-18","block":"2C","plotsize":"300 SQMT","plotsize_at_the_time_of_allotme":"300 SQMT","landuse_type":"RESIDENTIAL","landuse_subcategory":"RESIDENTIAL","scheme_cod":"RES01","investment":0,"employment":0,"plotstatus":"Allotted","landallotementstatus":"SOLD","landallotementtype":"ALLOTTED","allotmentid":"YEA020019","village_name":"Rampur Bangar","khasra_no":"408,405,406,407","longitude":77.58132299,"latitude":28.30504408,"authority":"YEIDA","category":"residential","execution_stage":"allotted"}},{"type":"Feature","geometry":{"type":"Polygon","coordinates":[[[77.581258,28.304933],[77.581265,28.305158],[77.581143,28.305161],[77.581136,28.304936],[77.581258,28.304933]]]},"properties":{"objectid":6923,"uniqueplotid":"PLNGRESIDENTIAL6923","plotmap_id":"SECTOR-18_474_2C_RESI","plotidentificationnumber":"474","plotno":"474","industrysector":"SECTOR-18","block":"2C","plotsize":"300 SQMT","plotsize_at_the_time_of_allotme":"300 SQMT","landuse_type":"RESIDENTIAL","landuse_subcategory":"RESIDENTIAL","scheme_cod":"RES01","investment":0,"employment":0,"plotstatus":"Allotted","landallotementstatus":"SOLD","landallotementtype":"ALLOTTED","allotmentid":"YEA013313","village_name":"Rampur Bangar","khasra_no":"408,405,406,409,407","longitude":77.58120063999999,"latitude":28.30504685,"authority":"YEIDA","category":"residential","execution_stage":"allotted"}},{"type":"Feature","geometry":{"type":"Polygon","coordinates":[[[77.581136,28.304936],[77.581143,28.305161],[77.58102,28.305164],[77.581013,28.304938],[77.581136,28.304936]]]},"properties":{"objectid":6924,"uniqueplotid":"PLNGRESIDENTIAL6924","plotmap_id":"SECTOR-18_473_2C_RESI","plotidentificationnumber":"473","plotno":"473","industrysector":"SECTOR-18","block":"2C","plotsize":"300 SQMT","plotsize_at_the_time_of_allotme":"300 SQMT","landuse_type":"RESIDENTIAL","landuse_subcategory":"RESIDENTIAL","scheme_cod":"RES01","investment":0,"employment":0,"plotstatus":"Allotted","landallotementstatus":"SOLD","landallotementtype":"ALLOTTED","allotmentid":"YEA017159","lease_deed":"Y","lease_deed_date":1556649000000,"village_name":"Rampur Bangar","khasra_no":"405,409,407","longitude":77.58107819,"latitude":28.30504968,"authority":"YEIDA","category":"residential","execution_stage":"lease-recorded"}},{"type":"Feature","geometry":{"type":"Polygon","coordinates":[[[77.581013,28.304938],[77.58102,28.305164],[77.580898,28.305167],[77.580891,28.304941],[77.581013,28.304938]]]},"properties":{"objectid":6925,"uniqueplotid":"PLNGRESIDENTIAL6925","plotmap_id":"SECTOR-18_472_2C_RESI","plotidentificationnumber":"472","plotno":"472","industrysector":"SECTOR-18","block":"2C","plotsize":"300 SQMT","plotsize_at_the_time_of_allotme":"300 SQMT","landuse_type":"RESIDENTIAL","landuse_subcategory":"RESIDENTIAL","scheme_cod":"RES01","investment":0,"employment":0,"plotstatus":"Allotted","landallotementstatus":"SOLD","landallotementtype":"ALLOTTED","allotmentid":"YEA017223","village_name":"Rampur Bangar","khasra_no":"405,410,409,407","longitude":77.58095546,"latitude":28.30505246,"authority":"YEIDA","category":"residential","execution_stage":"allotted"}},{"type":"Feature","geometry":{"type":"Polygon","coordinates":[[[77.580891,28.304941],[77.580898,28.305167],[77.580775,28.305169],[77.580768,28.304944],[77.580891,28.304941]]]},"properties":{"objectid":6926,"uniqueplotid":"PLNGRESIDENTIAL6926","plotmap_id":"SECTOR-18_471_2C_RESI","plotidentificationnumber":"471","plotno":"471","industrysector":"SECTOR-18","block":"2C","plotsize":"300 SQMT","plotsize_at_the_time_of_allotme":"300 SQMT","landuse_type":"RESIDENTIAL","landuse_subcategory":"RESIDENTIAL","scheme_cod":"RES01","investment":0,"employment":0,"plotstatus":"Allotted","landallotementstatus":"SOLD","landallotementtype":"ALLOTTED","allotmentid":"YEA009397","lease_deed":"Y","lease_deed_date":1695753000000,"village_name":"Rampur Bangar","khasra_no":"410,409","longitude":77.58083294,"latitude":28.30505526,"authority":"YEIDA","category":"residential","execution_stage":"lease-recorded"}},{"type":"Feature","geometry":{"type":"Polygon","coordinates":[[[77.580768,28.304944],[77.580775,28.305169],[77.580653,28.305172],[77.580645,28.304947],[77.580768,28.304944]]]},"properties":{"objectid":6927,"uniqueplotid":"PLNGRESIDENTIAL6927","plotmap_id":"SECTOR-18_470_2C_RESI","plotidentificationnumber":"470","plotno":"470","industrysector":"SECTOR-18","block":"2C","plotsize":"300 SQMT","plotsize_at_the_time_of_allotme":"300 SQMT","landuse_type":"RESIDENTIAL","landuse_subcategory":"RESIDENTIAL","scheme_cod":"RES01","investment":0,"employment":0,"plotstatus":"Allotted","landallotementstatus":"SOLD","landallotementtype":"ALLOTTED","allotmentid":"YEA019143","village_name":"Rampur Bangar","khasra_no":"411,410","longitude":77.58071034,"latitude":28.30505804,"authority":"YEIDA","category":"residential","execution_stage":"allotted"}},{"type":"Feature","geometry":{"type":"Polygon","coordinates":[[[77.582238,28.30491],[77.582245,28.305136],[77.582123,28.305139],[77.582116,28.304913],[77.582238,28.30491]]]},"properties":{"objectid":6928,"uniqueplotid":"PLNGRESIDENTIAL6928","plotmap_id":"SECTOR-18_482_2C_RESI","plotidentificationnumber":"482","plotno":"482","industrysector":"SECTOR-18","block":"2C","plotsize":"300 SQMT","plotsize_at_the_time_of_allotme":"300 SQMT","landuse_type":"RESIDENTIAL","landuse_subcategory":"RESIDENTIAL","scheme_cod":"RES01","investment":0,"employment":0,"plotstatus":"Allotted","landallotementstatus":"SOLD","landallotementtype":"ALLOTTED","allotmentid":"YEA015427","village_name":"Rampur Bangar","khasra_no":"395","longitude":77.58218047999999,"latitude":28.30502449,"authority":"YEIDA","category":"residential","execution_stage":"allotted"}},{"type":"Feature","geometry":{"type":"Polygon","coordinates":[[[77.582116,28.304913],[77.582123,28.305139],[77.582,28.305141],[77.581993,28.304916],[77.582116,28.304913]]]},"properties":{"objectid":6929,"uniqueplotid":"PLNGRESIDENTIAL6929","plotmap_id":"SECTOR-18_481_2C_RESI","plotidentificationnumber":"481","plotno":"481","industrysector":"SECTOR-18","block":"2C","plotsize":"300 SQMT","plotsize_at_the_time_of_allotme":"300 SQMT","landuse_type":"RESIDENTIAL","landuse_subcategory":"RESIDENTIAL","scheme_cod":"RES01","investment":0,"employment":0,"plotstatus":"Allotted","landallotementstatus":"SOLD","landallotementtype":"ALLOTTED","allotmentid":"YEA016361","lease_deed":"Y","lease_deed_date":1601836200000,"village_name":"Rampur Bangar","khasra_no":"395","longitude":77.58205803,"latitude":28.30502733,"authority":"YEIDA","category":"residential","execution_stage":"lease-recorded"}},{"type":"Feature","geometry":{"type":"Polygon","coordinates":[[[77.581993,28.304916],[77.582,28.305141],[77.581878,28.305144],[77.581871,28.304919],[77.581993,28.304916]]]},"properties":{"objectid":6930,"uniqueplotid":"PLNGRESIDENTIAL6930","plotmap_id":"SECTOR-18_480_2C_RESI","plotidentificationnumber":"480","plotno":"480","industrysector":"SECTOR-18","block":"2C","plotsize":"300 SQMT","plotsize_at_the_time_of_allotme":"300 SQMT","landuse_type":"RESIDENTIAL","landuse_subcategory":"RESIDENTIAL","scheme_cod":"RES01","investment":0,"employment":0,"plotstatus":"Allotted","landallotementstatus":"SOLD","landallotementtype":"ALLOTTED","allotmentid":"YEA016670","lease_deed":"Y","lease_deed_date":1558377000000,"village_name":"Rampur Bangar","khasra_no":"395","longitude":77.58193571000001,"latitude":28.305030079999998,"authority":"YEIDA","category":"residential","execution_stage":"lease-recorded"}},{"type":"Feature","geometry":{"type":"Polygon","coordinates":[[[77.582353,28.304684],[77.582361,28.304908],[77.582238,28.30491],[77.582231,28.304687],[77.582353,28.304684]]]},"properties":{"objectid":6936,"uniqueplotid":"PLNGRESIDENTIAL6936","plotmap_id":"SECTOR-18_488_2C_RESI","plotidentificationnumber":"488","plotno":"488","industrysector":"SECTOR-18","block":"2C","plotsize":"300 SQMT","plotsize_at_the_time_of_allotme":"300 SQMT","landuse_type":"RESIDENTIAL","landuse_subcategory":"RESIDENTIAL","scheme_cod":"RES01","investment":0,"employment":0,"plotstatus":"Allotted","landallotementstatus":"SOLD","landallotementtype":"ALLOTTED","allotmentid":"YEA004318","lease_deed":"Y","lease_deed_date":1629916200000,"village_name":"Rampur Bangar","khasra_no":"395","longitude":77.58229602,"latitude":28.30479707,"authority":"YEIDA","category":"residential","execution_stage":"lease-recorded"}},{"type":"Feature","geometry":{"type":"Polygon","coordinates":[[[77.582361,28.304908],[77.582368,28.305133],[77.582245,28.305136],[77.582238,28.30491],[77.582361,28.304908]]]},"properties":{"objectid":6939,"uniqueplotid":"PLNGRESIDENTIAL6939","plotmap_id":"SECTOR-18_483_2C_RESI","plotidentificationnumber":"483","plotno":"483","industrysector":"SECTOR-18","block":"2C","plotsize":"300 SQMT","plotsize_at_the_time_of_allotme":"300 SQMT","landuse_type":"RESIDENTIAL","landuse_subcategory":"RESIDENTIAL","scheme_cod":"RES01","investment":0,"employment":0,"plotstatus":"Allotted","landallotementstatus":"SOLD","landallotementtype":"ALLOTTED","allotmentid":"YEA013159","lease_deed":"Y","lease_deed_date":1630089000000,"village_name":"Rampur Bangar","khasra_no":"395","longitude":77.58230306,"latitude":28.30502174,"authority":"YEIDA","category":"residential","execution_stage":"lease-recorded"}},{"type":"Feature","geometry":{"type":"Polygon","coordinates":[[[77.579384,28.303793],[77.579391,28.304017],[77.579269,28.30402],[77.579262,28.303796],[77.579384,28.303793]]]},"properties":{"objectid":6940,"uniqueplotid":"PLNGRESIDENTIAL6940","plotmap_id":"SECTOR-18_311_2C_RESI","plotidentificationnumber":"311","plotno":"311","industrysector":"SECTOR-18","block":"2C","plotsize":"300 SQMT","plotsize_at_the_time_of_allotme":"300 SQMT","landuse_type":"RESIDENTIAL","landuse_subcategory":"RESIDENTIAL","scheme_cod":"RES01","investment":0,"employment":0,"plotstatus":"Allotted","landallotementstatus":"SOLD","landallotementtype":"ALLOTTED","allotmentid":"YEA010499","lease_deed":"Y","lease_deed_date":1549477800000,"village_name":"Rampur Bangar","khasra_no":"423,422","longitude":77.57932645,"latitude":28.30390623,"authority":"YEIDA","category":"residential","execution_stage":"lease-recorded"}},{"type":"Feature","geometry":{"type":"Polygon","coordinates":[[[77.579507,28.30379],[77.579514,28.304014],[77.579391,28.304017],[77.579384,28.303793],[77.579507,28.30379]]]},"properties":{"objectid":6941,"uniqueplotid":"PLNGRESIDENTIAL6941","plotmap_id":"SECTOR-18_312_2C_RESI","plotidentificationnumber":"312","plotno":"312","industrysector":"SECTOR-18","block":"2C","plotsize":"300 SQMT","plotsize_at_the_time_of_allotme":"300 SQMT","landuse_type":"RESIDENTIAL","landuse_subcategory":"RESIDENTIAL","scheme_cod":"RES01","investment":0,"employment":0,"plotstatus":"Allotted","landallotementstatus":"SOLD","landallotementtype":"ALLOTTED","allotmentid":"YEA019866","lease_deed":"Y","lease_deed_date":1566930600000,"village_name":"Rampur Bangar","khasra_no":"422","longitude":77.57944896000001,"latitude":28.30390343,"authority":"YEIDA","category":"residential","execution_stage":"lease-recorded"}},{"type":"Feature","geometry":{"type":"Polygon","coordinates":[[[77.579629,28.303787],[77.579636,28.304011],[77.579514,28.304014],[77.579507,28.30379],[77.579629,28.303787]]]},"properties":{"objectid":6942,"uniqueplotid":"PLNGRESIDENTIAL6942","plotmap_id":"SECTOR-18_313_2C_RESI","plotidentificationnumber":"313","plotno":"313","industrysector":"SECTOR-18","block":"2C","plotsize":"300 SQMT","plotsize_at_the_time_of_allotme":"300 SQMT","landuse_type":"RESIDENTIAL","landuse_subcategory":"RESIDENTIAL","scheme_cod":"RES01","investment":0,"employment":0,"plotstatus":"Allotted","landallotementstatus":"SOLD","landallotementtype":"ALLOTTED","allotmentid":"YEA014341","lease_deed":"Y","lease_deed_date":1574706600000,"village_name":"Rampur Bangar","khasra_no":"422","longitude":77.57957146999999,"latitude":28.30390064,"authority":"YEIDA","category":"residential","execution_stage":"lease-recorded"}},{"type":"Feature","geometry":{"type":"Polygon","coordinates":[[[77.579751,28.303784],[77.579758,28.304009],[77.579636,28.304011],[77.579629,28.303787],[77.579751,28.303784]]]},"properties":{"objectid":6943,"uniqueplotid":"PLNGRESIDENTIAL6943","plotmap_id":"SECTOR-18_314_2C_RESI","plotidentificationnumber":"314","plotno":"314","industrysector":"SECTOR-18","block":"2C","plotsize":"300 SQMT","plotsize_at_the_time_of_allotme":"300 SQMT","landuse_type":"RESIDENTIAL","landuse_subcategory":"RESIDENTIAL","scheme_cod":"RES01","investment":0,"employment":0,"plotstatus":"Allotted","landallotementstatus":"SOLD","landallotementtype":"ALLOTTED","allotmentid":"YEA007370","village_name":"Rampur Bangar","khasra_no":"422,417,420","longitude":77.57969383,"latitude":28.30389787,"authority":"YEIDA","category":"residential","execution_stage":"allotted"}},{"type":"Feature","geometry":{"type":"Polygon","coordinates":[[[77.579874,28.303782],[77.579881,28.304006],[77.579758,28.304009],[77.579751,28.303784],[77.579874,28.303782]]]},"properties":{"objectid":6944,"uniqueplotid":"PLNGRESIDENTIAL6944","plotmap_id":"SECTOR-18_315_2C_RESI","plotidentificationnumber":"315","plotno":"315","industrysector":"SECTOR-18","block":"2C","plotsize":"300 SQMT","plotsize_at_the_time_of_allotme":"300 SQMT","landuse_type":"RESIDENTIAL","landuse_subcategory":"RESIDENTIAL","scheme_cod":"RES01","investment":0,"employment":0,"plotstatus":"Allotted","landallotementstatus":"SOLD","landallotementtype":"ALLOTTED","allotmentid":"YEA006600","lease_deed":"Y","lease_deed_date":1630348200000,"village_name":"Rampur Bangar","khasra_no":"422,417,420","longitude":77.57981627000001,"latitude":28.30389503,"authority":"YEIDA","category":"residential","execution_stage":"lease-recorded"}},{"type":"Feature","geometry":{"type":"Polygon","coordinates":[[[77.579997,28.303779],[77.580004,28.304003],[77.579881,28.304006],[77.579874,28.303782],[77.579997,28.303779]]]},"properties":{"objectid":6945,"uniqueplotid":"PLNGRESIDENTIAL6945","plotmap_id":"SECTOR-18_316_2C_RESI","plotidentificationnumber":"316","plotno":"316","industrysector":"SECTOR-18","block":"2C","plotsize":"300 SQMT","plotsize_at_the_time_of_allotme":"300 SQMT","landuse_type":"RESIDENTIAL","landuse_subcategory":"RESIDENTIAL","scheme_cod":"RES01","investment":0,"employment":0,"plotstatus":"Allotted","landallotementstatus":"SOLD","landallotementtype":"ALLOTTED","allotmentid":"YEA005879","lease_deed":"Y","lease_deed_date":1560105000000,"village_name":"Rampur Bangar","khasra_no":"422,417,418,420","longitude":77.57993900999999,"latitude":28.30389225,"authority":"YEIDA","category":"residential","execution_stage":"lease-recorded"}},{"type":"Feature","geometry":{"type":"Polygon","coordinates":[[[77.580119,28.303776],[77.580126,28.304],[77.580004,28.304003],[77.579997,28.303779],[77.580119,28.303776]]]},"properties":{"objectid":6946,"uniqueplotid":"PLNGRESIDENTIAL6946","plotmap_id":"SECTOR-18_317_2C_RESI","plotidentificationnumber":"317","plotno":"317","industrysector":"SECTOR-18","block":"2C","plotsize":"300 SQMT","plotsize_at_the_time_of_allotme":"300 SQMT","landuse_type":"RESIDENTIAL","landuse_subcategory":"RESIDENTIAL","scheme_cod":"RES01","investment":0,"employment":0,"plotstatus":"Allotted","landallotementstatus":"SOLD","landallotementtype":"ALLOTTED","allotmentid":"YEA019169","lease_deed":"Y","lease_deed_date":1575397800000,"village_name":"Rampur Bangar","khasra_no":"422,418,420","longitude":77.58006136,"latitude":28.30388948,"authority":"YEIDA","category":"residential","execution_stage":"lease-recorded"}},{"type":"Feature","geometry":{"type":"Polygon","coordinates":[[[77.580242,28.303773],[77.580249,28.303997],[77.580126,28.304],[77.580119,28.303776],[77.580242,28.303773]]]},"properties":{"objectid":6947,"uniqueplotid":"PLNGRESIDENTIAL6947","plotmap_id":"SECTOR-18_318_2C_RESI","plotidentificationnumber":"318","plotno":"318","industrysector":"SECTOR-18","block":"2C","plotsize":"300 SQMT","plotsize_at_the_time_of_allotme":"300 SQMT","landuse_type":"RESIDENTIAL","landuse_subcategory":"RESIDENTIAL","scheme_cod":"RES01","investment":0,"employment":0,"plotstatus":"Allotted","landallotementstatus":"SOLD","landallotementtype":"ALLOTTED","allotmentid":"YEA005574","lease_deed":"Y","lease_deed_date":1556649000000,"village_name":"Rampur Bangar","khasra_no":"419,418,420","longitude":77.58018381000001,"latitude":28.30388665,"authority":"YEIDA","category":"residential","execution_stage":"lease-recorded"}},{"type":"Feature","geometry":{"type":"Polygon","coordinates":[[[77.580364,28.30377],[77.580371,28.303995],[77.580249,28.303997],[77.580242,28.303773],[77.580364,28.30377]]]},"properties":{"objectid":6948,"uniqueplotid":"PLNGRESIDENTIAL6948","plotmap_id":"SECTOR-18_319_2C_RESI","plotidentificationnumber":"319","plotno":"319","industrysector":"SECTOR-18","block":"2C","plotsize":"300 SQMT","plotsize_at_the_time_of_allotme":"300 SQMT","landuse_type":"RESIDENTIAL","landuse_subcategory":"RESIDENTIAL","scheme_cod":"RES01","investment":0,"employment":0,"plotstatus":"Allotted","landallotementstatus":"SOLD","landallotementtype":"ALLOTTED","allotmentid":"YEA007824","lease_deed":"Y","lease_deed_date":1582569000000,"village_name":"Rampur Bangar","khasra_no":"419,418","longitude":77.58030654,"latitude":28.30388387,"authority":"YEIDA","category":"residential","execution_stage":"lease-recorded"}},{"type":"Feature","geometry":{"type":"Polygon","coordinates":[[[77.580487,28.303768],[77.580494,28.303992],[77.580371,28.303995],[77.580364,28.30377],[77.580487,28.303768]]]},"properties":{"objectid":6949,"uniqueplotid":"PLNGRESIDENTIAL6949","plotmap_id":"SECTOR-18_320_2C_RESI","plotidentificationnumber":"320","plotno":"320","industrysector":"SECTOR-18","block":"2C","plotsize":"300 SQMT","plotsize_at_the_time_of_allotme":"300 SQMT","landuse_type":"RESIDENTIAL","landuse_subcategory":"RESIDENTIAL","scheme_cod":"RES01","investment":0,"employment":0,"plotstatus":"Allotted","landallotementstatus":"SOLD","landallotementtype":"ALLOTTED","allotmentid":"YEA005045","lease_deed":"Y","lease_deed_date":1675103400000,"village_name":"Rampur Bangar","khasra_no":"419","longitude":77.58042915,"latitude":28.303881089999997,"authority":"YEIDA","category":"residential","execution_stage":"lease-recorded"}},{"type":"Feature","geometry":{"type":"Polygon","coordinates":[[[77.579017,28.303801],[77.579024,28.304025],[77.578901,28.304028],[77.578894,28.303804],[77.579017,28.303801]]]},"properties":{"objectid":6950,"uniqueplotid":"PLNGRESIDENTIAL6950","plotmap_id":"SECTOR-18_308_2C_RESI","plotidentificationnumber":"308","plotno":"308","industrysector":"SECTOR-18","block":"2C","plotsize":"300 SQMT","plotsize_at_the_time_of_allotme":"300 SQMT","landuse_type":"RESIDENTIAL","landuse_subcategory":"RESIDENTIAL","scheme_cod":"RES01","investment":0,"employment":0,"plotstatus":"Allotted","landallotementstatus":"SOLD","landallotementtype":"ALLOTTED","allotmentid":"YEA013958","village_name":"Rampur Bangar","khasra_no":"423,422","longitude":77.57895869000001,"latitude":28.3039146,"authority":"YEIDA","category":"residential","execution_stage":"allotted"}},{"type":"Feature","geometry":{"type":"Polygon","coordinates":[[[77.579139,28.303798],[77.579146,28.304022],[77.579024,28.304025],[77.579017,28.303801],[77.579139,28.303798]]]},"properties":{"objectid":6951,"uniqueplotid":"PLNGRESIDENTIAL6951","plotmap_id":"SECTOR-18_309_2C_RESI","plotidentificationnumber":"309","plotno":"309","industrysector":"SECTOR-18","block":"2C","plotsize":"300 SQMT","plotsize_at_the_time_of_allotme":"300 SQMT","landuse_type":"RESIDENTIAL","landuse_subcategory":"RESIDENTIAL","scheme_cod":"RES01","investment":0,"employment":0,"plotstatus":"Allotted","landallotementstatus":"SOLD","landallotementtype":"ALLOTTED","allotmentid":"YEA015898","lease_deed":"Y","lease_deed_date":1674498600000,"village_name":"Rampur Bangar","khasra_no":"423,422","longitude":77.57908142,"latitude":28.30391182,"authority":"YEIDA","category":"residential","execution_stage":"lease-recorded"}},{"type":"Feature","geometry":{"type":"Polygon","coordinates":[[[77.579262,28.303796],[77.579269,28.30402],[77.579146,28.304022],[77.579139,28.303798],[77.579262,28.303796]]]},"properties":{"objectid":6952,"uniqueplotid":"PLNGRESIDENTIAL6952","plotmap_id":"SECTOR-18_310_2C_RESI","plotidentificationnumber":"310","plotno":"310","industrysector":"SECTOR-18","block":"2C","plotsize":"300 SQMT","plotsize_at_the_time_of_allotme":"300 SQMT","landuse_type":"RESIDENTIAL","landuse_subcategory":"RESIDENTIAL","scheme_cod":"RES01","investment":0,"employment":0,"plotstatus":"Allotted","landallotementstatus":"SOLD","landallotementtype":"ALLOTTED","allotmentid":"YEA014733","lease_deed":"Y","lease_deed_date":1561314600000,"village_name":"Rampur Bangar","khasra_no":"423,422","longitude":77.57920394,"latitude":28.30390902,"authority":"YEIDA","category":"residential","execution_stage":"lease-recorded"}},{"type":"Feature","geometry":{"type":"Polygon","coordinates":[[[77.579391,28.304017],[77.579398,28.304242],[77.579276,28.304245],[77.579269,28.30402],[77.579391,28.304017]]]},"properties":{"objectid":6953,"uniqueplotid":"PLNGRESIDENTIAL6953","plotmap_id":"SECTOR-18_330_2C_RESI","plotidentificationnumber":"330","plotno":"330","industrysector":"SECTOR-18","block":"2C","plotsize":"300 SQMT","plotsize_at_the_time_of_allotme":"300 SQMT","landuse_type":"RESIDENTIAL","landuse_subcategory":"RESIDENTIAL","scheme_cod":"RES01","investment":0,"employment":0,"plotstatus":"Allotted","landallotementstatus":"SOLD","landallotementtype":"ALLOTTED","allotmentid":"YEA018661","village_name":"Rampur Bangar","khasra_no":"422,415,416,420","longitude":77.57933336,"latitude":28.30413106,"authority":"YEIDA","category":"residential","execution_stage":"allotted"}},{"type":"Feature","geometry":{"type":"Polygon","coordinates":[[[77.579514,28.304014],[77.579521,28.30424],[77.579398,28.304242],[77.579391,28.304017],[77.579514,28.304014]]]},"properties":{"objectid":6954,"uniqueplotid":"PLNGRESIDENTIAL6954","plotmap_id":"SECTOR-18_329_2C_RESI","plotidentificationnumber":"329","plotno":"329","industrysector":"SECTOR-18","block":"2C","plotsize":"300 SQMT","plotsize_at_the_time_of_allotme":"300 SQMT","landuse_type":"RESIDENTIAL","landuse_subcategory":"RESIDENTIAL","scheme_cod":"RES01","investment":0,"employment":0,"plotstatus":"Allotted","landallotementstatus":"SOLD","landallotementtype":"ALLOTTED","allotmentid":"YEA010763","lease_deed":"Y","lease_deed_date":1601317800000,"village_name":"Rampur Bangar","khasra_no":"422,415,416,420","longitude":77.57945587,"latitude":28.30412826,"authority":"YEIDA","category":"residential","execution_stage":"lease-recorded"}},{"type":"Feature","geometry":{"type":"Polygon","coordinates":[[[77.579636,28.304011],[77.579643,28.304237],[77.579521,28.30424],[77.579514,28.304014],[77.579636,28.304011]]]},"properties":{"objectid":6955,"uniqueplotid":"PLNGRESIDENTIAL6955","plotmap_id":"SECTOR-18_328_2C_RESI","plotidentificationnumber":"328","plotno":"328","industrysector":"SECTOR-18","block":"2C","plotsize":"300 SQMT","plotsize_at_the_time_of_allotme":"300 SQMT","landuse_type":"RESIDENTIAL","landuse_subcategory":"RESIDENTIAL","scheme_cod":"RES01","investment":0,"employment":0,"plotstatus":"Allotted","landallotementstatus":"SOLD","landallotementtype":"ALLOTTED","allotmentid":"YEA013741","lease_deed":"Y","lease_deed_date":1650565800000,"village_name":"Rampur Bangar","khasra_no":"422,416,417,420","longitude":77.57957838,"latitude":28.30412547,"authority":"YEIDA","category":"residential","execution_stage":"lease-recorded"}},{"type":"Feature","geometry":{"type":"Polygon","coordinates":[[[77.579758,28.304009],[77.579766,28.304234],[77.579643,28.304237],[77.579636,28.304011],[77.579758,28.304009]]]},"properties":{"objectid":6956,"uniqueplotid":"PLNGRESIDENTIAL6956","plotmap_id":"SECTOR-18_327_2C_RESI","plotidentificationnumber":"327","plotno":"327","industrysector":"SECTOR-18","block":"2C","plotsize":"300 SQMT","plotsize_at_the_time_of_allotme":"300 SQMT","landuse_type":"RESIDENTIAL","landuse_subcategory":"RESIDENTIAL","scheme_cod":"RES01","investment":0,"employment":0,"plotstatus":"Allotted","landallotementstatus":"SOLD","landallotementtype":"ALLOTTED","allotmentid":"YEA006323","lease_deed":"Y","lease_deed_date":1604514600000,"village_name":"Rampur Bangar","khasra_no":"422,416,417,420","longitude":77.57970086,"latitude":28.304122699999997,"authority":"YEIDA","category":"residential","execution_stage":"lease-recorded"}},{"type":"Feature","geometry":{"type":"Polygon","coordinates":[[[77.579881,28.304006],[77.579888,28.304231],[77.579766,28.304234],[77.579758,28.304009],[77.579881,28.304006]]]},"properties":{"objectid":6957,"uniqueplotid":"PLNGRESIDENTIAL6957","plotmap_id":"SECTOR-18_326_2C_RESI","plotidentificationnumber":"326","plotno":"326","industrysector":"SECTOR-18","block":"2C","plotsize":"300 SQMT","plotsize_at_the_time_of_allotme":"300 SQMT","landuse_type":"RESIDENTIAL","landuse_subcategory":"RESIDENTIAL","scheme_cod":"RES01","investment":0,"employment":0,"plotstatus":"Allotted","landallotementstatus":"SOLD","landallotementtype":"ALLOTTED","allotmentid":"YEA017699","lease_deed":"Y","lease_deed_date":1629916200000,"village_name":"Rampur Bangar","khasra_no":"417","longitude":77.57982331000001,"latitude":28.304119859999997,"authority":"YEIDA","category":"residential","execution_stage":"lease-recorded"}},{"type":"Feature","geometry":{"type":"Polygon","coordinates":[[[77.580004,28.304003],[77.580011,28.304228],[77.579888,28.304231],[77.579881,28.304006],[77.580004,28.304003]]]},"properties":{"objectid":6958,"uniqueplotid":"PLNGRESIDENTIAL6958","plotmap_id":"SECTOR-18_325_2C_RESI","plotidentificationnumber":"325","plotno":"325","industrysector":"SECTOR-18","block":"2C","plotsize":"300 SQMT","plotsize_at_the_time_of_allotme":"300 SQMT","landuse_type":"RESIDENTIAL","landuse_subcategory":"RESIDENTIAL","scheme_cod":"RES01","investment":0,"employment":0,"plotstatus":"Allotted","landallotementstatus":"SOLD","landallotementtype":"ALLOTTED","allotmentid":"YEA008680","village_name":"Rampur Bangar","khasra_no":"417,418","longitude":77.57994592,"latitude":28.304117079999997,"authority":"YEIDA","category":"residential","execution_stage":"allotted"}},{"type":"Feature","geometry":{"type":"Polygon","coordinates":[[[77.580126,28.304],[77.580133,28.304226],[77.580011,28.304228],[77.580004,28.304003],[77.580126,28.304]]]},"properties":{"objectid":6959,"uniqueplotid":"PLNGRESIDENTIAL6959","plotmap_id":"SECTOR-18_324_2C_RESI","plotidentificationnumber":"324","plotno":"324","industrysector":"SECTOR-18","block":"2C","plotsize":"300 SQMT","plotsize_at_the_time_of_allotme":"300 SQMT","landuse_type":"RESIDENTIAL","landuse_subcategory":"RESIDENTIAL","scheme_cod":"RES01","investment":0,"employment":0,"plotstatus":"Allotted","landallotementstatus":"SOLD","landallotementtype":"ALLOTTED","allotmentid":"YEA015274","village_name":"Rampur Bangar","khasra_no":"417,418","longitude":77.5800684,"latitude":28.30411431,"authority":"YEIDA","category":"residential","execution_stage":"allotted"}},{"type":"Feature","geometry":{"type":"Polygon","coordinates":[[[77.580249,28.303997],[77.580256,28.304223],[77.580133,28.304226],[77.580126,28.304],[77.580249,28.303997]]]},"properties":{"objectid":6960,"uniqueplotid":"PLNGRESIDENTIAL6960","plotmap_id":"SECTOR-18_323_2C_RESI","plotidentificationnumber":"323","plotno":"323","industrysector":"SECTOR-18","block":"2C","plotsize":"300 SQMT","plotsize_at_the_time_of_allotme":"300 SQMT","landuse_type":"RESIDENTIAL","landuse_subcategory":"RESIDENTIAL","scheme_cod":"RES01","investment":0,"employment":0,"plotstatus":"Allotted","landallotementstatus":"SOLD","landallotementtype":"ALLOTTED","allotmentid":"YEA005246","village_name":"Rampur Bangar","khasra_no":"418","longitude":77.58019085000001,"latitude":28.30411147,"authority":"YEIDA","category":"residential","execution_stage":"allotted"}},{"type":"Feature","geometry":{"type":"Polygon","coordinates":[[[77.580371,28.303995],[77.580378,28.30422],[77.580256,28.304223],[77.580249,28.303997],[77.580371,28.303995]]]},"properties":{"objectid":6961,"uniqueplotid":"PLNGRESIDENTIAL6961","plotmap_id":"SECTOR-18_322_2C_RESI","plotidentificationnumber":"322","plotno":"322","industrysector":"SECTOR-18","block":"2C","plotsize":"300 SQMT","plotsize_at_the_time_of_allotme":"300 SQMT","landuse_type":"RESIDENTIAL","landuse_subcategory":"RESIDENTIAL","scheme_cod":"RES01","investment":0,"employment":0,"plotstatus":"Allotted","landallotementstatus":"SOLD","landallotementtype":"ALLOTTED","allotmentid":"YEA018165","lease_deed":"Y","lease_deed_date":1733423400000,"village_name":"Rampur Bangar","khasra_no":"419,418","longitude":77.58031344999999,"latitude":28.304108699999997,"authority":"YEIDA","category":"residential","execution_stage":"lease-recorded"}},{"type":"Feature","geometry":{"type":"Polygon","coordinates":[[[77.580491,28.304217],[77.580378,28.30422],[77.580371,28.303995],[77.580494,28.303992],[77.580501,28.304217],[77.580491,28.304217]]]},"properties":{"objectid":6962,"uniqueplotid":"PLNGRESIDENTIAL6962","plotmap_id":"SECTOR-18_321_2C_RESI","plotidentificationnumber":"321","plotno":"321","industrysector":"SECTOR-18","block":"2C","plotsize":"300 SQMT","plotsize_at_the_time_of_allotme":"300 SQMT","landuse_type":"RESIDENTIAL","landuse_subcategory":"RESIDENTIAL","scheme_cod":"RES01","investment":0,"employment":0,"plotstatus":"Allotted","landallotementstatus":"SOLD","landallotementtype":"ALLOTTED","allotmentid":"YEA004503","village_name":"Rampur Bangar","khasra_no":"419,418","longitude":77.58043619,"latitude":28.304105919999998,"authority":"YEIDA","category":"residential","execution_stage":"allotted"}},{"type":"Feature","geometry":{"type":"Polygon","coordinates":[[[77.578909,28.304254],[77.578901,28.304028],[77.579024,28.304025],[77.579031,28.304251],[77.578909,28.304254]]]},"properties":{"objectid":6963,"uniqueplotid":"PLNGRESIDENTIAL6963","plotmap_id":"SECTOR-18_333_2C_RESI","plotidentificationnumber":"333","plotno":"333","industrysector":"SECTOR-18","block":"2C","plotsize":"300 SQMT","plotsize_at_the_time_of_allotme":"300 SQMT","landuse_type":"RESIDENTIAL","landuse_subcategory":"RESIDENTIAL","scheme_cod":"RES01","investment":0,"employment":0,"plotstatus":"Allotted","landallotementstatus":"SOLD","landallotementtype":"ALLOTTED","allotmentid":"YEA019256","village_name":"Rampur Bangar","khasra_no":"423,422","longitude":77.57896573000001,"latitude":28.30413943,"authority":"YEIDA","category":"residential","execution_stage":"allotted"}},{"type":"Feature","geometry":{"type":"Polygon","coordinates":[[[77.579146,28.304022],[77.579153,28.304248],[77.579031,28.304251],[77.579024,28.304025],[77.579146,28.304022]]]},"properties":{"objectid":6964,"uniqueplotid":"PLNGRESIDENTIAL6964","plotmap_id":"SECTOR-18_332_2C_RESI","plotidentificationnumber":"332","plotno":"332","industrysector":"SECTOR-18","block":"2C","plotsize":"300 SQMT","plotsize_at_the_time_of_allotme":"300 SQMT","landuse_type":"RESIDENTIAL","landuse_subcategory":"RESIDENTIAL","scheme_cod":"RES01","investment":0,"employment":0,"plotstatus":"Allotted","landallotementstatus":"SOLD","landallotementtype":"ALLOTTED","allotmentid":"YEA012278","lease_deed":"Y","lease_deed_date":1563820200000,"village_name":"Rampur Bangar","khasra_no":"422","longitude":77.57908834,"latitude":28.304136649999997,"authority":"YEIDA","category":"residential","execution_stage":"lease-recorded"}},{"type":"Feature","geometry":{"type":"Polygon","coordinates":[[[77.579269,28.30402],[77.579276,28.304245],[77.579153,28.304248],[77.579146,28.304022],[77.579269,28.30402]]]},"properties":{"objectid":6965,"uniqueplotid":"PLNGRESIDENTIAL6965","plotmap_id":"SECTOR-18_331_2C_RESI","plotidentificationnumber":"331","plotno":"331","industrysector":"SECTOR-18","block":"2C","plotsize":"300 SQMT","plotsize_at_the_time_of_allotme":"300 SQMT","landuse_type":"RESIDENTIAL","landuse_subcategory":"RESIDENTIAL","scheme_cod":"RES01","investment":0,"employment":0,"plotstatus":"Allotted","landallotementstatus":"SOLD","landallotementtype":"ALLOTTED","allotmentid":"YEA008753","village_name":"Rampur Bangar","khasra_no":"422","longitude":77.57921085,"latitude":28.304133859999997,"authority":"YEIDA","category":"residential","execution_stage":"allotted"}},{"type":"Feature","geometry":{"type":"Polygon","coordinates":[[[77.578784,28.304148],[77.578787,28.304256],[77.578531,28.304262],[77.578528,28.304153],[77.578784,28.304148]]]},"properties":{"objectid":6966,"uniqueplotid":"PLNGRESIDENTIAL6966","plotmap_id":"SECTOR-18_334_2C_RESI","plotidentificationnumber":"334","plotno":"334","industrysector":"SECTOR-18","block":"2C","plotsize":"300 SQMT","plotsize_at_the_time_of_allotme":"300 SQMT","landuse_type":"RESIDENTIAL","landuse_subcategory":"RESIDENTIAL","scheme_cod":"RES01","investment":0,"employment":0,"plotstatus":"Allotted","landallotementstatus":"SOLD","landallotementtype":"ALLOTTED","allotmentid":"YEA015026","lease_deed":"Y","lease_deed_date":1646159400000,"village_name":"Rampur Bangar","khasra_no":"423,422","longitude":77.5786574,"latitude":28.304204610000003,"authority":"YEIDA","category":"residential","execution_stage":"lease-recorded"}},{"type":"Feature","geometry":{"type":"Polygon","coordinates":[[[77.578528,28.304153],[77.578531,28.304262],[77.578275,28.304267],[77.578272,28.304159],[77.578528,28.304153]]]},"properties":{"objectid":6967,"uniqueplotid":"PLNGRESIDENTIAL6967","plotmap_id":"SECTOR-18_359_2C_RESI","plotidentificationnumber":"359","plotno":"359","industrysector":"SECTOR-18","block":"2C","plotsize":"300 SQMT","plotsize_at_the_time_of_allotme":"300 SQMT","landuse_type":"RESIDENTIAL","landuse_subcategory":"RESIDENTIAL","scheme_cod":"RES01","investment":0,"employment":0,"plotstatus":"Allotted","landallotementstatus":"SOLD","landallotementtype":"ALLOTTED","allotmentid":"YEA020233","lease_deed":"Y","lease_deed_date":1675103400000,"village_name":"Rampur Bangar","khasra_no":"423,422,269,473,469","longitude":77.57840134,"latitude":28.304210450000003,"authority":"YEIDA","category":"residential","execution_stage":"lease-recorded"}},{"type":"Feature","geometry":{"type":"Polygon","coordinates":[[[77.57878,28.304039],[77.578784,28.304148],[77.578528,28.304153],[77.578524,28.304045],[77.57878,28.304039]]]},"properties":{"objectid":6968,"uniqueplotid":"PLNGRESIDENTIAL6968","plotmap_id":"SECTOR-18_335_2C_RESI","plotidentificationnumber":"335","plotno":"335","industrysector":"SECTOR-18","block":"2C","plotsize":"300 SQMT","plotsize_at_the_time_of_allotme":"300 SQMT","landuse_type":"RESIDENTIAL","landuse_subcategory":"RESIDENTIAL","scheme_cod":"RES01","investment":0,"employment":0,"plotstatus":"Allotted","landallotementstatus":"SOLD","landallotementtype":"ALLOTTED","allotmentid":"YEA004636","lease_deed":"Y","lease_deed_date":1614882600000,"village_name":"Rampur Bangar","khasra_no":"423,422","longitude":77.57865401,"latitude":28.30409636,"authority":"YEIDA","category":"residential","execution_stage":"lease-recorded"}},{"type":"Feature","geometry":{"type":"Polygon","coordinates":[[[77.578524,28.304045],[77.578528,28.304153],[77.578272,28.304159],[77.578268,28.304051],[77.578524,28.304045]]]},"properties":{"objectid":6969,"uniqueplotid":"PLNGRESIDENTIAL6969","plotmap_id":"SECTOR-18_358_2C_RESI","plotidentificationnumber":"358","plotno":"358","industrysector":"SECTOR-18","block":"2C","plotsize":"300 SQMT","plotsize_at_the_time_of_allotme":"300 SQMT","landuse_type":"RESIDENTIAL","landuse_subcategory":"RESIDENTIAL","scheme_cod":"RES01","investment":0,"employment":0,"plotstatus":"Allotted","landallotementstatus":"SOLD","landallotementtype":"ALLOTTED","allotmentid":"YEA007770","village_name":"Rampur Bangar","khasra_no":"423,269,473,469","longitude":77.57839795,"latitude":28.30410219,"authority":"YEIDA","category":"residential","execution_stage":"allotted"}},{"type":"Feature","geometry":{"type":"Polygon","coordinates":[[[77.578777,28.303931],[77.57878,28.304039],[77.578524,28.304045],[77.578521,28.303937],[77.578777,28.303931]]]},"properties":{"objectid":6970,"uniqueplotid":"PLNGRESIDENTIAL6970","plotmap_id":"SECTOR-18_336_2C_RESI","plotidentificationnumber":"336","plotno":"336","industrysector":"SECTOR-18","block":"2C","plotsize":"300 SQMT","plotsize_at_the_time_of_allotme":"300 SQMT","landuse_type":"RESIDENTIAL","landuse_subcategory":"RESIDENTIAL","scheme_cod":"RES01","investment":0,"employment":0,"plotstatus":"Allotted","landallotementstatus":"SOLD","landallotementtype":"ALLOTTED","allotmentid":"YEA016888","lease_deed":"Y","lease_deed_date":1565721000000,"village_name":"Rampur Bangar","khasra_no":"423","longitude":77.57865061999999,"latitude":28.303988099999998,"authority":"YEIDA","category":"residential","execution_stage":"lease-recorded"}},{"type":"Feature","geometry":{"type":"Polygon","coordinates":[[[77.578521,28.303937],[77.578524,28.304045],[77.578268,28.304051],[77.578265,28.303943],[77.578521,28.303937]]]},"properties":{"objectid":6971,"uniqueplotid":"PLNGRESIDENTIAL6971","plotmap_id":"SECTOR-18_357_2C_RESI","plotidentificationnumber":"357","plotno":"357","industrysector":"SECTOR-18","block":"2C","plotsize":"300 SQMT","plotsize_at_the_time_of_allotme":"300 SQMT","landuse_type":"RESIDENTIAL","landuse_subcategory":"RESIDENTIAL","scheme_cod":"RES01","investment":0,"employment":0,"plotstatus":"Allotted","landallotementstatus":"SOLD","landallotementtype":"ALLOTTED","allotmentid":"YEA007861","village_name":"Rampur Bangar","khasra_no":"423,469","longitude":77.57839455999999,"latitude":28.303993939999998,"authority":"YEIDA","category":"residential","execution_stage":"allotted"}},{"type":"Feature","geometry":{"type":"Polygon","coordinates":[[[77.578773,28.303823],[77.578777,28.303931],[77.578521,28.303937],[77.578518,28.303829],[77.578773,28.303823]]]},"properties":{"objectid":6972,"uniqueplotid":"PLNGRESIDENTIAL6972","plotmap_id":"SECTOR-18_337_2C_RESI","plotidentificationnumber":"337","plotno":"337","industrysector":"SECTOR-18","block":"2C","plotsize":"300 SQMT","plotsize_at_the_time_of_allotme":"300 SQMT","landuse_type":"RESIDENTIAL","landuse_subcategory":"RESIDENTIAL","scheme_cod":"RES01","investment":0,"employment":0,"plotstatus":"Allotted","landallotementstatus":"SOLD","landallotementtype":"ALLOTTED","allotmentid":"YEA009040","lease_deed":"Y","lease_deed_date":1556476200000,"village_name":"Rampur Bangar","khasra_no":"423","longitude":77.57864723,"latitude":28.303879849999998,"authority":"YEIDA","category":"residential","execution_stage":"lease-recorded"}},{"type":"Feature","geometry":{"type":"Polygon","coordinates":[[[77.578518,28.303829],[77.578521,28.303937],[77.578265,28.303943],[77.578261,28.303834],[77.578518,28.303829]]]},"properties":{"objectid":6973,"uniqueplotid":"PLNGRESIDENTIAL6973","plotmap_id":"SECTOR-18_356_2C_RESI","plotidentificationnumber":"356","plotno":"356","industrysector":"SECTOR-18","block":"2C","plotsize":"300 SQMT","plotsize_at_the_time_of_allotme":"300 SQMT","landuse_type":"RESIDENTIAL","landuse_subcategory":"RESIDENTIAL","scheme_cod":"RES01","investment":0,"employment":0,"plotstatus":"Allotted","landallotementstatus":"SOLD","landallotementtype":"ALLOTTED","allotmentid":"YEA008677","lease_deed":"Y","lease_deed_date":1680719400000,"village_name":"Rampur Bangar","khasra_no":"423,469","longitude":77.57839118,"latitude":28.303885689999998,"authority":"YEIDA","category":"residential","execution_stage":"lease-recorded"}},{"type":"Feature","geometry":{"type":"Polygon","coordinates":[[[77.57877,28.303715],[77.578773,28.303823],[77.578518,28.303829],[77.578514,28.303721],[77.57877,28.303715]]]},"properties":{"objectid":6974,"uniqueplotid":"PLNGRESIDENTIAL6974","plotmap_id":"SECTOR-18_338_2C_RESI","plotidentificationnumber":"338","plotno":"338","industrysector":"SECTOR-18","block":"2C","plotsize":"300 SQMT","plotsize_at_the_time_of_allotme":"300 SQMT","landuse_type":"RESIDENTIAL","landuse_subcategory":"RESIDENTIAL","scheme_cod":"RES01","investment":0,"employment":0,"plotstatus":"Allotted","landallotementstatus":"SOLD","landallotementtype":"ALLOTTED","allotmentid":"YEA011990","lease_deed":"Y","lease_deed_date":1625596200000,"village_name":"Rampur Bangar","khasra_no":"423","longitude":77.57864382,"latitude":28.3037718,"authority":"YEIDA","category":"residential","execution_stage":"lease-recorded"}},{"type":"Feature","geometry":{"type":"Polygon","coordinates":[[[77.578514,28.303721],[77.578518,28.303829],[77.578261,28.303834],[77.578258,28.303726],[77.578514,28.303721]]]},"properties":{"objectid":6975,"uniqueplotid":"PLNGRESIDENTIAL6975","plotmap_id":"SECTOR-18_355_2C_RESI","plotidentificationnumber":"355","plotno":"355","industrysector":"SECTOR-18","block":"2C","plotsize":"300 SQMT","plotsize_at_the_time_of_allotme":"300 SQMT","landuse_type":"RESIDENTIAL","landuse_subcategory":"RESIDENTIAL","scheme_cod":"RES01","investment":0,"employment":0,"plotstatus":"Allotted","landallotementstatus":"SOLD","landallotementtype":"ALLOTTED","allotmentid":"YEA012209","lease_deed":"Y","lease_deed_date":1577644200000,"village_name":"Rampur Bangar","khasra_no":"423","longitude":77.57838776999999,"latitude":28.30377752,"authority":"YEIDA","category":"residential","execution_stage":"lease-recorded"}},{"type":"Feature","geometry":{"type":"Polygon","coordinates":[[[77.578766,28.303606],[77.57877,28.303715],[77.578514,28.303721],[77.578511,28.303612],[77.578766,28.303606]]]},"properties":{"objectid":6976,"uniqueplotid":"PLNGRESIDENTIAL6976","plotmap_id":"SECTOR-18_339_2C_RESI","plotidentificationnumber":"339","plotno":"339","industrysector":"SECTOR-18","block":"2C","plotsize":"300 SQMT","plotsize_at_the_time_of_allotme":"300 SQMT","landuse_type":"RESIDENTIAL","landuse_subcategory":"RESIDENTIAL","scheme_cod":"RES01","investment":0,"employment":0,"plotstatus":"Allotted","landallotementstatus":"SOLD","landallotementtype":"ALLOTTED","allotmentid":"YEA019224","lease_deed":"Y","lease_deed_date":1562697000000,"village_name":"Rampur Bangar","khasra_no":"423","longitude":77.57864047999999,"latitude":28.303663489999998,"authority":"YEIDA","category":"residential","execution_stage":"lease-recorded"}},{"type":"Feature","geometry":{"type":"Polygon","coordinates":[[[77.578511,28.303612],[77.578514,28.303721],[77.578258,28.303726],[77.578254,28.303618],[77.578511,28.303612]]]},"properties":{"objectid":6977,"uniqueplotid":"PLNGRESIDENTIAL6977","plotmap_id":"SECTOR-18_354_2C_RESI","plotidentificationnumber":"354","plotno":"354","industrysector":"SECTOR-18","block":"2C","plotsize":"300 SQMT","plotsize_at_the_time_of_allotme":"300 SQMT","landuse_type":"RESIDENTIAL","landuse_subcategory":"RESIDENTIAL","scheme_cod":"RES01","investment":0,"employment":0,"plotstatus":"Allotted","landallotementstatus":"SOLD","landallotementtype":"ALLOTTED","allotmentid":"YEA019776","lease_deed":"Y","lease_deed_date":1605637800000,"village_name":"Rampur Bangar","khasra_no":"424,423,425","longitude":77.57838441999999,"latitude":28.30366921,"authority":"YEIDA","category":"residential","execution_stage":"lease-recorded"}},{"type":"Feature","geometry":{"type":"Polygon","coordinates":[[[77.578763,28.303498],[77.578766,28.303606],[77.578511,28.303612],[77.578508,28.303504],[77.578763,28.303498]]]},"properties":{"objectid":6978,"uniqueplotid":"PLNGRESIDENTIAL6978","plotmap_id":"SECTOR-18_340_2C_RESI","plotidentificationnumber":"340","plotno":"340","industrysector":"SECTOR-18","block":"2C","plotsize":"300 SQMT","plotsize_at_the_time_of_allotme":"300 SQMT","landuse_type":"RESIDENTIAL","landuse_subcategory":"RESIDENTIAL","scheme_cod":"RES01","investment":0,"employment":0,"plotstatus":"Allotted","landallotementstatus":"SOLD","landallotementtype":"ALLOTTED","allotmentid":"YEA014204","lease_deed":"Y","lease_deed_date":1674498600000,"village_name":"Rampur Bangar","khasra_no":"424,423,425","longitude":77.57863705999999,"latitude":28.30355509,"authority":"YEIDA","category":"residential","execution_stage":"lease-recorded"}},{"type":"Feature","geometry":{"type":"Polygon","coordinates":[[[77.578508,28.303504],[77.578511,28.303612],[77.578254,28.303618],[77.578251,28.30351],[77.578508,28.303504]]]},"properties":{"objectid":6979,"uniqueplotid":"PLNGRESIDENTIAL6979","plotmap_id":"SECTOR-18_353_2C_RESI","plotidentificationnumber":"353","plotno":"353","industrysector":"SECTOR-18","block":"2C","plotsize":"300 SQMT","plotsize_at_the_time_of_allotme":"300 SQMT","landuse_type":"RESIDENTIAL","landuse_subcategory":"RESIDENTIAL","scheme_cod":"RES01","investment":0,"employment":0,"plotstatus":"Allotted","landallotementstatus":"SOLD","landallotementtype":"ALLOTTED","allotmentid":"YEA010003","lease_deed":"Y","lease_deed_date":1640543400000,"village_name":"Rampur Bangar","khasra_no":"424,423,425","longitude":77.57838101,"latitude":28.30356093,"authority":"YEIDA","category":"residential","execution_stage":"lease-recorded"}},{"type":"Feature","geometry":{"type":"Polygon","coordinates":[[[77.578759,28.30339],[77.578763,28.303498],[77.578508,28.303504],[77.578504,28.303396],[77.578759,28.30339]]]},"properties":{"objectid":6980,"uniqueplotid":"PLNGRESIDENTIAL6980","plotmap_id":"SECTOR-18_341_2C_RESI","plotidentificationnumber":"341","plotno":"341","industrysector":"SECTOR-18","block":"2C","plotsize":"300 SQMT","plotsize_at_the_time_of_allotme":"300 SQMT","landuse_type":"RESIDENTIAL","landuse_subcategory":"RESIDENTIAL","scheme_cod":"RES01","investment":0,"employment":0,"plotstatus":"Allotted","landallotementstatus":"SOLD","landallotementtype":"ALLOTTED","allotmentid":"YEA018444","lease_deed":"Y","lease_deed_date":1558463400000,"village_name":"Rampur Bangar","khasra_no":"424,423,425","longitude":77.57863366999999,"latitude":28.30344684,"authority":"YEIDA","category":"residential","execution_stage":"lease-recorded"}},{"type":"Feature","geometry":{"type":"Polygon","coordinates":[[[77.578504,28.303396],[77.578508,28.303504],[77.578251,28.30351],[77.578247,28.303401],[77.578504,28.303396]]]},"properties":{"objectid":6981,"uniqueplotid":"PLNGRESIDENTIAL6981","plotmap_id":"SECTOR-18_352_2C_RESI","plotidentificationnumber":"352","plotno":"352","industrysector":"SECTOR-18","block":"2C","plotsize":"300 SQMT","plotsize_at_the_time_of_allotme":"300 SQMT","landuse_type":"RESIDENTIAL","landuse_subcategory":"RESIDENTIAL","scheme_cod":"RES01","investment":0,"employment":0,"plotstatus":"Allotted","landallotementstatus":"SOLD","landallotementtype":"ALLOTTED","allotmentid":"YEA008136","lease_deed":"Y","lease_deed_date":1613327400000,"village_name":"Rampur Bangar","khasra_no":"425","longitude":77.57837762,"latitude":28.30345268,"authority":"YEIDA","category":"residential","execution_stage":"lease-recorded"}},{"type":"Feature","geometry":{"type":"Polygon","coordinates":[[[77.578756,28.303282],[77.578759,28.30339],[77.578504,28.303396],[77.578501,28.303287],[77.578756,28.303282]]]},"properties":{"objectid":6982,"uniqueplotid":"PLNGRESIDENTIAL6982","plotmap_id":"SECTOR-18_342_2C_RESI","plotidentificationnumber":"342","plotno":"342","industrysector":"SECTOR-18","block":"2C","plotsize":"300 SQMT","plotsize_at_the_time_of_allotme":"300 SQMT","landuse_type":"RESIDENTIAL","landuse_subcategory":"RESIDENTIAL","scheme_cod":"RES01","investment":0,"employment":0,"plotstatus":"Allotted","landallotementstatus":"SOLD","landallotementtype":"ALLOTTED","allotmentid":"YEA008589","village_name":"Rampur Bangar","khasra_no":"424,425","longitude":77.57863028999999,"latitude":28.30333859,"authority":"YEIDA","category":"residential","execution_stage":"allotted"}},{"type":"Feature","geometry":{"type":"Polygon","coordinates":[[[77.578501,28.303287],[77.578504,28.303396],[77.578247,28.303401],[77.578244,28.303293],[77.578501,28.303287]]]},"properties":{"objectid":6983,"uniqueplotid":"PLNGRESIDENTIAL6983","plotmap_id":"SECTOR-18_351_2C_RESI","plotidentificationnumber":"351","plotno":"351","industrysector":"SECTOR-18","block":"2C","plotsize":"300 SQMT","plotsize_at_the_time_of_allotme":"300 SQMT","landuse_type":"RESIDENTIAL","landuse_subcategory":"RESIDENTIAL","scheme_cod":"RES01","investment":0,"employment":0,"plotstatus":"Allotted","landallotementstatus":"SOLD","landallotementtype":"ALLOTTED","allotmentid":"YEA013864","lease_deed":"Y","lease_deed_date":1601404200000,"village_name":"Rampur Bangar","khasra_no":"425","longitude":77.57837423,"latitude":28.30334442,"authority":"YEIDA","category":"residential","execution_stage":"lease-recorded"}},{"type":"Feature","geometry":{"type":"Polygon","coordinates":[[[77.578753,28.303174],[77.578756,28.303282],[77.578501,28.303287],[77.578498,28.303179],[77.578753,28.303174]]]},"properties":{"objectid":6984,"uniqueplotid":"PLNGRESIDENTIAL6984","plotmap_id":"SECTOR-18_343_2C_RESI","plotidentificationnumber":"343","plotno":"343","industrysector":"SECTOR-18","block":"2C","plotsize":"300 SQMT","plotsize_at_the_time_of_allotme":"300 SQMT","landuse_type":"RESIDENTIAL","landuse_subcategory":"RESIDENTIAL","scheme_cod":"RES01","investment":0,"employment":0,"plotstatus":"Allotted","landallotementstatus":"SOLD","landallotementtype":"ALLOTTED","allotmentid":"YEA005376","lease_deed":"Y","lease_deed_date":1601404200000,"village_name":"Rampur Bangar","khasra_no":"425","longitude":77.57862687999999,"latitude":28.30323053,"authority":"YEIDA","category":"residential","execution_stage":"lease-recorded"}},{"type":"Feature","geometry":{"type":"Polygon","coordinates":[[[77.578498,28.303179],[77.578501,28.303287],[77.578244,28.303293],[77.578241,28.303185],[77.578498,28.303179]]]},"properties":{"objectid":6985,"uniqueplotid":"PLNGRESIDENTIAL6985","plotmap_id":"SECTOR-18_350_2C_RESI","plotidentificationnumber":"350","plotno":"350","industrysector":"SECTOR-18","block":"2C","plotsize":"300 SQMT","plotsize_at_the_time_of_allotme":"300 SQMT","landuse_type":"RESIDENTIAL","landuse_subcategory":"RESIDENTIAL","scheme_cod":"RES01","investment":0,"employment":0,"plotstatus":"Allotted","landallotementstatus":"SOLD","landallotementtype":"ALLOTTED","allotmentid":"YEA008278","lease_deed":"Y","lease_deed_date":1571596200000,"village_name":"Rampur Bangar","khasra_no":"428,425","longitude":77.57837082,"latitude":28.30323625,"authority":"YEIDA","category":"residential","execution_stage":"lease-recorded"}},{"type":"Feature","geometry":{"type":"Polygon","coordinates":[[[77.578749,28.303065],[77.578753,28.303174],[77.578498,28.303179],[77.578494,28.303071],[77.578749,28.303065]]]},"properties":{"objectid":6986,"uniqueplotid":"PLNGRESIDENTIAL6986","plotmap_id":"SECTOR-18_344_2C_RESI","plotidentificationnumber":"344","plotno":"344","industrysector":"SECTOR-18","block":"2C","plotsize":"300 SQMT","plotsize_at_the_time_of_allotme":"300 SQMT","landuse_type":"RESIDENTIAL","landuse_subcategory":"RESIDENTIAL","scheme_cod":"RES01","investment":0,"employment":0,"plotstatus":"Allotted","landallotementstatus":"SOLD","landallotementtype":"ALLOTTED","allotmentid":"YEA006997","lease_deed":"Y","lease_deed_date":1557858600000,"village_name":"Rampur Bangar","khasra_no":"425","longitude":77.57862354,"latitude":28.303122220000002,"authority":"YEIDA","category":"residential","execution_stage":"lease-recorded"}},{"type":"Feature","geometry":{"type":"Polygon","coordinates":[[[77.578494,28.303071],[77.578498,28.303179],[77.578241,28.303185],[77.578237,28.303077],[77.578494,28.303071]]]},"properties":{"objectid":6987,"uniqueplotid":"PLNGRESIDENTIAL6987","plotmap_id":"SECTOR-18_349_2C_RESI","plotidentificationnumber":"349","plotno":"349","industrysector":"SECTOR-18","block":"2C","plotsize":"300 SQMT","plotsize_at_the_time_of_allotme":"300 SQMT","landuse_type":"RESIDENTIAL","landuse_subcategory":"RESIDENTIAL","scheme_cod":"RES01","investment":0,"employment":0,"plotstatus":"Allotted","landallotementstatus":"SOLD","landallotementtype":"ALLOTTED","allotmentid":"YEA004913","lease_deed":"Y","lease_deed_date":1675017000000,"village_name":"Rampur Bangar","khasra_no":"429,428,452,451,425","longitude":77.57836748,"latitude":28.30312794,"authority":"YEIDA","category":"residential","execution_stage":"lease-recorded"}},{"type":"Feature","geometry":{"type":"Polygon","coordinates":[[[77.578746,28.302957],[77.578749,28.303065],[77.578494,28.303071],[77.578491,28.302963],[77.578746,28.302957]]]},"properties":{"objectid":6988,"uniqueplotid":"PLNGRESIDENTIAL6988","plotmap_id":"SECTOR-18_345_2C_RESI","plotidentificationnumber":"345","plotno":"345","industrysector":"SECTOR-18","block":"2C","plotsize":"300 SQMT","plotsize_at_the_time_of_allotme":"300 SQMT","landuse_type":"RESIDENTIAL","landuse_subcategory":"RESIDENTIAL","scheme_cod":"RES01","investment":0,"employment":0,"plotstatus":"Allotted","landallotementstatus":"SOLD","landallotementtype":"ALLOTTED","allotmentid":"YEA005747","lease_deed":"Y","lease_deed_date":1564511400000,"village_name":"Rampur Bangar","khasra_no":"429,426,428,452,425","longitude":77.57862012,"latitude":28.30301383,"authority":"YEIDA","category":"residential","execution_stage":"lease-recorded"}},{"type":"Feature","geometry":{"type":"Polygon","coordinates":[[[77.578491,28.302963],[77.578494,28.303071],[77.578237,28.303077],[77.578234,28.302968],[77.578491,28.302963]]]},"properties":{"objectid":6989,"uniqueplotid":"PLNGRESIDENTIAL6989","plotmap_id":"SECTOR-18_348_2C_RESI","plotidentificationnumber":"348","plotno":"348","industrysector":"SECTOR-18","block":"2C","plotsize":"300 SQMT","plotsize_at_the_time_of_allotme":"300 SQMT","landuse_type":"RESIDENTIAL","landuse_subcategory":"RESIDENTIAL","scheme_cod":"RES01","investment":0,"employment":0,"plotstatus":"Allotted","landallotementstatus":"SOLD","landallotementtype":"ALLOTTED","allotmentid":"YEA019753","lease_deed":"Y","lease_deed_date":1657132200000,"village_name":"Rampur Bangar","khasra_no":"429,428,452,451,425","longitude":77.57836406999999,"latitude":28.30301966,"authority":"YEIDA","category":"residential","execution_stage":"lease-recorded"}},{"type":"Feature","geometry":{"type":"Polygon","coordinates":[[[77.578742,28.302849],[77.578746,28.302957],[77.578491,28.302963],[77.578488,28.302855],[77.578742,28.302849]]]},"properties":{"objectid":6990,"uniqueplotid":"PLNGRESIDENTIAL6990","plotmap_id":"SECTOR-18_346_2C_RESI","plotidentificationnumber":"346","plotno":"346","industrysector":"SECTOR-18","block":"2C","plotsize":"300 SQMT","plotsize_at_the_time_of_allotme":"300 SQMT","landuse_type":"RESIDENTIAL","landuse_subcategory":"RESIDENTIAL","scheme_cod":"RES01","investment":0,"employment":0,"plotstatus":"Allotted","landallotementstatus":"SOLD","landallotementtype":"ALLOTTED","allotmentid":"YEA015200","lease_deed":"Y","lease_deed_date":1704997800000,"village_name":"Rampur Bangar","khasra_no":"450,429,426,428,452,447,425","longitude":77.57861674,"latitude":28.3029058,"authority":"YEIDA","category":"residential","execution_stage":"lease-recorded"}},{"type":"Feature","geometry":{"type":"Polygon","coordinates":[[[77.578488,28.302855],[77.578491,28.302963],[77.578234,28.302968],[77.57823,28.302861],[77.578488,28.302855]]]},"properties":{"objectid":6991,"uniqueplotid":"PLNGRESIDENTIAL6991","plotmap_id":"SECTOR-18_347_2C_RESI","plotidentificationnumber":"347","plotno":"347","industrysector":"SECTOR-18","block":"2C","plotsize":"300 SQMT","plotsize_at_the_time_of_allotme":"300 SQMT","landuse_type":"RESIDENTIAL","landuse_subcategory":"RESIDENTIAL","scheme_cod":"RES01","investment":0,"employment":0,"plotstatus":"Allotted","landallotementstatus":"SOLD","landallotementtype":"ALLOTTED","allotmentid":"YEA007625","village_name":"Rampur Bangar","khasra_no":"452","longitude":77.57836068,"latitude":28.30291163,"authority":"YEIDA","category":"residential","execution_stage":"allotted"}},{"type":"Feature","geometry":{"type":"Polygon","coordinates":[[[77.579367,28.303233],[77.579374,28.303458],[77.579251,28.30346],[77.579245,28.303236],[77.579367,28.303233]]]},"properties":{"objectid":6992,"uniqueplotid":"PLNGRESIDENTIAL6992","plotmap_id":"SECTOR-18_285_2C_RESI","plotidentificationnumber":"285","plotno":"285","industrysector":"SECTOR-18","block":"2C","plotsize":"300 SQMT","plotsize_at_the_time_of_allotme":"300 SQMT","landuse_type":"RESIDENTIAL","landuse_subcategory":"RESIDENTIAL","scheme_cod":"RES01","investment":0,"employment":0,"plotstatus":"Allotted","landallotementstatus":"SOLD","landallotementtype":"ALLOTTED","allotmentid":"YEA016977","lease_deed":"Y","lease_deed_date":1573410600000,"village_name":"Rampur Bangar","khasra_no":"423","longitude":77.5793091,"latitude":28.30334694,"authority":"YEIDA","category":"residential","execution_stage":"lease-recorded"}},{"type":"Feature","geometry":{"type":"Polygon","coordinates":[[[77.57949,28.303231],[77.579496,28.303455],[77.579374,28.303458],[77.579367,28.303233],[77.57949,28.303231]]]},"properties":{"objectid":6993,"uniqueplotid":"PLNGRESIDENTIAL6993","plotmap_id":"SECTOR-18_286_2C_RESI","plotidentificationnumber":"286","plotno":"286","industrysector":"SECTOR-18","block":"2C","plotsize":"300 SQMT","plotsize_at_the_time_of_allotme":"300 SQMT","landuse_type":"RESIDENTIAL","landuse_subcategory":"RESIDENTIAL","scheme_cod":"RES01","investment":0,"employment":0,"plotstatus":"Allotted","landallotementstatus":"SOLD","landallotementtype":"ALLOTTED","allotmentid":"YEA014216","lease_deed":"Y","lease_deed_date":1559759400000,"village_name":"Rampur Bangar","khasra_no":"423","longitude":77.57943154,"latitude":28.3033441,"authority":"YEIDA","category":"residential","execution_stage":"lease-recorded"}},{"type":"Feature","geometry":{"type":"Polygon","coordinates":[[[77.579612,28.303228],[77.579619,28.303452],[77.579496,28.303455],[77.57949,28.303231],[77.579612,28.303228]]]},"properties":{"objectid":6994,"uniqueplotid":"PLNGRESIDENTIAL6994","plotmap_id":"SECTOR-18_287_2C_RESI","plotidentificationnumber":"287","plotno":"287","industrysector":"SECTOR-18","block":"2C","plotsize":"300 SQMT","plotsize_at_the_time_of_allotme":"300 SQMT","landuse_type":"RESIDENTIAL","landuse_subcategory":"RESIDENTIAL","scheme_cod":"RES01","investment":0,"employment":0,"plotstatus":"Allotted","landallotementstatus":"SOLD","landallotementtype":"ALLOTTED","allotmentid":"YEA018971","lease_deed":"Y","lease_deed_date":1612722600000,"village_name":"Rampur Bangar","khasra_no":"423","longitude":77.57955428,"latitude":28.30334132,"authority":"YEIDA","category":"residential","execution_stage":"lease-recorded"}},{"type":"Feature","geometry":{"type":"Polygon","coordinates":[[[77.579735,28.303225],[77.579741,28.303449],[77.579619,28.303452],[77.579612,28.303228],[77.579735,28.303225]]]},"properties":{"objectid":6995,"uniqueplotid":"PLNGRESIDENTIAL6995","plotmap_id":"SECTOR-18_288_2C_RESI","plotidentificationnumber":"288","plotno":"288","industrysector":"SECTOR-18","block":"2C","plotsize":"300 SQMT","plotsize_at_the_time_of_allotme":"300 SQMT","landuse_type":"RESIDENTIAL","landuse_subcategory":"RESIDENTIAL","scheme_cod":"RES01","investment":0,"employment":0,"plotstatus":"Allotted","landallotementstatus":"SOLD","landallotementtype":"ALLOTTED","allotmentid":"YEA006153","lease_deed":"Y","lease_deed_date":1706466600000,"village_name":"Rampur Bangar","khasra_no":"423","longitude":77.57967679,"latitude":28.30333853,"authority":"YEIDA","category":"residential","execution_stage":"lease-recorded"}},{"type":"Feature","geometry":{"type":"Polygon","coordinates":[[[77.579857,28.303222],[77.579864,28.303446],[77.579741,28.303449],[77.579735,28.303225],[77.579857,28.303222]]]},"properties":{"objectid":6996,"uniqueplotid":"PLNGRESIDENTIAL6996","plotmap_id":"SECTOR-18_289_2C_RESI","plotidentificationnumber":"289","plotno":"289","industrysector":"SECTOR-18","block":"2C","plotsize":"300 SQMT","plotsize_at_the_time_of_allotme":"300 SQMT","landuse_type":"RESIDENTIAL","landuse_subcategory":"RESIDENTIAL","scheme_cod":"RES01","investment":0,"employment":0,"plotstatus":"Allotted","landallotementstatus":"SOLD","landallotementtype":"ALLOTTED","allotmentid":"YEA014422","village_name":"Rampur Bangar","khasra_no":"423,421","longitude":77.5797993,"latitude":28.30333573,"authority":"YEIDA","category":"residential","execution_stage":"allotted"}},{"type":"Feature","geometry":{"type":"Polygon","coordinates":[[[77.57998,28.303219],[77.579987,28.303444],[77.579864,28.303446],[77.579857,28.303222],[77.57998,28.303219]]]},"properties":{"objectid":6997,"uniqueplotid":"PLNGRESIDENTIAL6997","plotmap_id":"SECTOR-18_290_2C_RESI","plotidentificationnumber":"290","plotno":"290","industrysector":"SECTOR-18","block":"2C","plotsize":"300 SQMT","plotsize_at_the_time_of_allotme":"300 SQMT","landuse_type":"RESIDENTIAL","landuse_subcategory":"RESIDENTIAL","scheme_cod":"RES01","investment":0,"employment":0,"plotstatus":"Allotted","landallotementstatus":"SOLD","landallotementtype":"ALLOTTED","allotmentid":"YEA015518","lease_deed":"Y","lease_deed_date":1577298600000,"village_name":"Rampur Bangar","khasra_no":"423,422,421","longitude":77.57992181,"latitude":28.30333294,"authority":"YEIDA","category":"residential","execution_stage":"lease-recorded"}},{"type":"Feature","geometry":{"type":"Polygon","coordinates":[[[77.580102,28.303217],[77.580109,28.303441],[77.579987,28.303444],[77.57998,28.303219],[77.580102,28.303217]]]},"properties":{"objectid":6998,"uniqueplotid":"PLNGRESIDENTIAL6998","plotmap_id":"SECTOR-18_291_2C_RESI","plotidentificationnumber":"291","plotno":"291","industrysector":"SECTOR-18","block":"2C","plotsize":"300 SQMT","plotsize_at_the_time_of_allotme":"300 SQMT","landuse_type":"RESIDENTIAL","landuse_subcategory":"RESIDENTIAL","scheme_cod":"RES01","investment":0,"employment":0,"plotstatus":"Allotted","landallotementstatus":"SOLD","landallotementtype":"ALLOTTED","allotmentid":"YEA016711","village_name":"Rampur Bangar","khasra_no":"423,422,421","longitude":77.58004432,"latitude":28.30333014,"authority":"YEIDA","category":"residential","execution_stage":"allotted"}},{"type":"Feature","geometry":{"type":"Polygon","coordinates":[[[77.580225,28.303214],[77.580232,28.303438],[77.580109,28.303441],[77.580102,28.303217],[77.580225,28.303214]]]},"properties":{"objectid":6999,"uniqueplotid":"PLNGRESIDENTIAL6999","plotmap_id":"SECTOR-18_292_2C_RESI","plotidentificationnumber":"292","plotno":"292","industrysector":"SECTOR-18","block":"2C","plotsize":"300 SQMT","plotsize_at_the_time_of_allotme":"300 SQMT","landuse_type":"RESIDENTIAL","landuse_subcategory":"RESIDENTIAL","scheme_cod":"RES01","investment":0,"employment":0,"plotstatus":"Allotted","landallotementstatus":"SOLD","landallotementtype":"ALLOTTED","allotmentid":"YEA009108","lease_deed":"Y","lease_deed_date":1738002600000,"village_name":"Rampur Bangar","khasra_no":"421","longitude":77.58016684,"latitude":28.30332735,"authority":"YEIDA","category":"residential","execution_stage":"lease-recorded"}},{"type":"Feature","geometry":{"type":"Polygon","coordinates":[[[77.580347,28.303211],[77.580354,28.303435],[77.580232,28.303438],[77.580225,28.303214],[77.580347,28.303211]]]},"properties":{"objectid":7000,"uniqueplotid":"PLNGRESIDENTIAL7000","plotmap_id":"SECTOR-18_293_2C_RESI","plotidentificationnumber":"293","plotno":"293","industrysector":"SECTOR-18","block":"2C","plotsize":"300 SQMT","plotsize_at_the_time_of_allotme":"300 SQMT","landuse_type":"RESIDENTIAL","landuse_subcategory":"RESIDENTIAL","scheme_cod":"RES01","investment":0,"employment":0,"plotstatus":"Allotted","landallotementstatus":"SOLD","landallotementtype":"ALLOTTED","allotmentid":"YEA016322","lease_deed":"Y","lease_deed_date":1661279400000,"village_name":"Rampur Bangar","khasra_no":"433,421,430","longitude":77.58028935,"latitude":28.30332455,"authority":"YEIDA","category":"residential","execution_stage":"lease-recorded"}},{"type":"Feature","geometry":{"type":"Polygon","coordinates":[[[77.58047,28.303208],[77.580477,28.303432],[77.580354,28.303435],[77.580347,28.303211],[77.58047,28.303208]]]},"properties":{"objectid":7001,"uniqueplotid":"PLNGRESIDENTIAL7001","plotmap_id":"SECTOR-18_294_2C_RESI","plotidentificationnumber":"294","plotno":"294","industrysector":"SECTOR-18","block":"2C","plotsize":"300 SQMT","plotsize_at_the_time_of_allotme":"300 SQMT","landuse_type":"RESIDENTIAL","landuse_subcategory":"RESIDENTIAL","scheme_cod":"RES01","investment":0,"employment":0,"plotstatus":"Allotted","landallotementstatus":"SOLD","landallotementtype":"ALLOTTED","allotmentid":"YEA011198","lease_deed":"Y","lease_deed_date":1674585000000,"village_name":"Rampur Bangar","khasra_no":"433,421,430","longitude":77.58041195999999,"latitude":28.30332177,"authority":"YEIDA","category":"residential","execution_stage":"lease-recorded"}},{"type":"Feature","geometry":{"type":"Polygon","coordinates":[[[77.579,28.303242],[77.579006,28.303466],[77.578884,28.303469],[77.578877,28.303245],[77.579,28.303242]]]},"properties":{"objectid":7002,"uniqueplotid":"PLNGRESIDENTIAL7002","plotmap_id":"SECTOR-18_282_2C_RESI","plotidentificationnumber":"282","plotno":"282","industrysector":"SECTOR-18","block":"2C","plotsize":"300 SQMT","plotsize_at_the_time_of_allotme":"300 SQMT","landuse_type":"RESIDENTIAL","landuse_subcategory":"RESIDENTIAL","scheme_cod":"RES01","investment":0,"employment":0,"plotstatus":"Allotted","landallotementstatus":"SOLD","landallotementtype":"ALLOTTED","allotmentid":"YEA011684","lease_deed":"Y","lease_deed_date":1736965800000,"village_name":"Rampur Bangar","khasra_no":"424,423,426,425","longitude":77.5789415,"latitude":28.30335529,"authority":"YEIDA","category":"residential","execution_stage":"lease-recorded"}},{"type":"Feature","geometry":{"type":"Polygon","coordinates":[[[77.579122,28.303239],[77.579129,28.303463],[77.579006,28.303466],[77.579,28.303242],[77.579122,28.303239]]]},"properties":{"objectid":7003,"uniqueplotid":"PLNGRESIDENTIAL7003","plotmap_id":"SECTOR-18_283_2C_RESI","plotidentificationnumber":"283","plotno":"283","industrysector":"SECTOR-18","block":"2C","plotsize":"300 SQMT","plotsize_at_the_time_of_allotme":"300 SQMT","landuse_type":"RESIDENTIAL","landuse_subcategory":"RESIDENTIAL","scheme_cod":"RES01","investment":0,"employment":0,"plotstatus":"Allotted","landallotementstatus":"SOLD","landallotementtype":"ALLOTTED","allotmentid":"YEA010739","lease_deed":"Y","lease_deed_date":1567362600000,"village_name":"Rampur Bangar","khasra_no":"424,423","longitude":77.57906406999999,"latitude":28.30335253,"authority":"YEIDA","category":"residential","execution_stage":"lease-recorded"}},{"type":"Feature","geometry":{"type":"Polygon","coordinates":[[[77.579245,28.303236],[77.579251,28.30346],[77.579129,28.303463],[77.579122,28.303239],[77.579245,28.303236]]]},"properties":{"objectid":7004,"uniqueplotid":"PLNGRESIDENTIAL7004","plotmap_id":"SECTOR-18_284_2C_RESI","plotidentificationnumber":"284","plotno":"284","industrysector":"SECTOR-18","block":"2C","plotsize":"300 SQMT","plotsize_at_the_time_of_allotme":"300 SQMT","landuse_type":"RESIDENTIAL","landuse_subcategory":"RESIDENTIAL","scheme_cod":"RES01","investment":0,"employment":0,"plotstatus":"Allotted","landallotementstatus":"SOLD","landallotementtype":"ALLOTTED","allotmentid":"YEA006480","lease_deed":"Y","lease_deed_date":1552501800000,"village_name":"Rampur Bangar","khasra_no":"423","longitude":77.57918652,"latitude":28.30334969,"authority":"YEIDA","category":"residential","execution_stage":"lease-recorded"}},{"type":"Feature","geometry":{"type":"Polygon","coordinates":[[[77.579374,28.303458],[77.579381,28.303683],[77.579258,28.303686],[77.579251,28.30346],[77.579374,28.303458]]]},"properties":{"objectid":7005,"uniqueplotid":"PLNGRESIDENTIAL7005","plotmap_id":"SECTOR-18_304_2C_RESI","plotidentificationnumber":"304","plotno":"304","industrysector":"SECTOR-18","block":"2C","plotsize":"300 SQMT","plotsize_at_the_time_of_allotme":"300 SQMT","landuse_type":"RESIDENTIAL","landuse_subcategory":"RESIDENTIAL","scheme_cod":"RES01","investment":0,"employment":0,"plotstatus":"Allotted","landallotementstatus":"SOLD","landallotementtype":"ALLOTTED","allotmentid":"YEA014105","village_name":"Rampur Bangar","khasra_no":"423","longitude":77.57931613000001,"latitude":28.30357177,"authority":"YEIDA","category":"residential","execution_stage":"allotted"}},{"type":"Feature","geometry":{"type":"Polygon","coordinates":[[[77.579496,28.303455],[77.579503,28.30368],[77.579381,28.303683],[77.579374,28.303458],[77.579496,28.303455]]]},"properties":{"objectid":7006,"uniqueplotid":"PLNGRESIDENTIAL7006","plotmap_id":"SECTOR-18_303_2C_RESI","plotidentificationnumber":"303","plotno":"303","industrysector":"SECTOR-18","block":"2C","plotsize":"300 SQMT","plotsize_at_the_time_of_allotme":"300 SQMT","landuse_type":"RESIDENTIAL","landuse_subcategory":"RESIDENTIAL","scheme_cod":"RES01","investment":0,"employment":0,"plotstatus":"Allotted","landallotementstatus":"SOLD","landallotementtype":"ALLOTTED","allotmentid":"YEA007097","lease_deed":"Y","lease_deed_date":1718908200000,"village_name":"Rampur Bangar","khasra_no":"423","longitude":77.57943858,"latitude":28.30356893,"authority":"YEIDA","category":"residential","execution_stage":"lease-recorded"}},{"type":"Feature","geometry":{"type":"Polygon","coordinates":[[[77.579619,28.303452],[77.579626,28.303678],[77.579503,28.30368],[77.579496,28.303455],[77.579619,28.303452]]]},"properties":{"objectid":7007,"uniqueplotid":"PLNGRESIDENTIAL7007","plotmap_id":"SECTOR-18_302_2C_RESI","plotidentificationnumber":"302","plotno":"302","industrysector":"SECTOR-18","block":"2C","plotsize":"300 SQMT","plotsize_at_the_time_of_allotme":"300 SQMT","landuse_type":"RESIDENTIAL","landuse_subcategory":"RESIDENTIAL","scheme_cod":"RES01","investment":0,"employment":0,"plotstatus":"Allotted","landallotementstatus":"SOLD","landallotementtype":"ALLOTTED","allotmentid":"YEA009005","lease_deed":"Y","lease_deed_date":1671474600000,"village_name":"Rampur Bangar","khasra_no":"423,422","longitude":77.57956118999999,"latitude":28.303566149999998,"authority":"YEIDA","category":"residential","execution_stage":"lease-recorded"}},{"type":"Feature","geometry":{"type":"Polygon","coordinates":[[[77.579741,28.303449],[77.579748,28.303675],[77.579626,28.303678],[77.579619,28.303452],[77.579741,28.303449]]]},"properties":{"objectid":7008,"uniqueplotid":"PLNGRESIDENTIAL7008","plotmap_id":"SECTOR-18_301_2C_RESI","plotidentificationnumber":"301","plotno":"301","industrysector":"SECTOR-18","block":"2C","plotsize":"300 SQMT","plotsize_at_the_time_of_allotme":"300 SQMT","landuse_type":"RESIDENTIAL","landuse_subcategory":"RESIDENTIAL","scheme_cod":"RES01","investment":0,"employment":0,"plotstatus":"Allotted","landallotementstatus":"SOLD","landallotementtype":"ALLOTTED","allotmentid":"YEA010706","lease_deed":"Y","lease_deed_date":1655317800000,"village_name":"Rampur Bangar","khasra_no":"423,422","longitude":77.5796837,"latitude":28.30356336,"authority":"YEIDA","category":"residential","execution_stage":"lease-recorded"}},{"type":"Feature","geometry":{"type":"Polygon","coordinates":[[[77.579864,28.303446],[77.579871,28.303672],[77.579748,28.303675],[77.579741,28.303449],[77.579864,28.303446]]]},"properties":{"objectid":7009,"uniqueplotid":"PLNGRESIDENTIAL7009","plotmap_id":"SECTOR-18_300_2C_RESI","plotidentificationnumber":"300","plotno":"300","industrysector":"SECTOR-18","block":"2C","plotsize":"300 SQMT","plotsize_at_the_time_of_allotme":"300 SQMT","landuse_type":"RESIDENTIAL","landuse_subcategory":"RESIDENTIAL","scheme_cod":"RES01","investment":0,"employment":0,"plotstatus":"Allotted","landallotementstatus":"SOLD","landallotementtype":"ALLOTTED","allotmentid":"YEA007128","lease_deed":"Y","lease_deed_date":1671042600000,"village_name":"Rampur Bangar","khasra_no":"423,422","longitude":77.57980621,"latitude":28.30356056,"authority":"YEIDA","category":"residential","execution_stage":"lease-recorded"}},{"type":"Feature","geometry":{"type":"Polygon","coordinates":[[[77.579987,28.303444],[77.579993,28.303669],[77.579871,28.303672],[77.579864,28.303446],[77.579987,28.303444]]]},"properties":{"objectid":7010,"uniqueplotid":"PLNGRESIDENTIAL7010","plotmap_id":"SECTOR-18_299_2C_RESI","plotidentificationnumber":"299","plotno":"299","industrysector":"SECTOR-18","block":"2C","plotsize":"300 SQMT","plotsize_at_the_time_of_allotme":"300 SQMT","landuse_type":"RESIDENTIAL","landuse_subcategory":"RESIDENTIAL","scheme_cod":"RES01","investment":0,"employment":0,"plotstatus":"Allotted","landallotementstatus":"SOLD","landallotementtype":"ALLOTTED","allotmentid":"YEA011733","lease_deed":"Y","lease_deed_date":1569781800000,"village_name":"Rampur Bangar","khasra_no":"423,422","longitude":77.57992872,"latitude":28.30355777,"authority":"YEIDA","category":"residential","execution_stage":"lease-recorded"}},{"type":"Feature","geometry":{"type":"Polygon","coordinates":[[[77.580109,28.303441],[77.580116,28.303666],[77.579993,28.303669],[77.579987,28.303444],[77.580109,28.303441]]]},"properties":{"objectid":7011,"uniqueplotid":"PLNGRESIDENTIAL7011","plotmap_id":"SECTOR-18_298_2C_RESI","plotidentificationnumber":"298","plotno":"298","industrysector":"SECTOR-18","block":"2C","plotsize":"300 SQMT","plotsize_at_the_time_of_allotme":"300 SQMT","landuse_type":"RESIDENTIAL","landuse_subcategory":"RESIDENTIAL","scheme_cod":"RES01","investment":0,"employment":0,"plotstatus":"Allotted","landallotementstatus":"SOLD","landallotementtype":"ALLOTTED","allotmentid":"YEA004393","lease_deed":"Y","lease_deed_date":1560709800000,"village_name":"Rampur Bangar","khasra_no":"422,421","longitude":77.58005124,"latitude":28.30355497,"authority":"YEIDA","category":"residential","execution_stage":"lease-recorded"}},{"type":"Feature","geometry":{"type":"Polygon","coordinates":[[[77.580232,28.303438],[77.580238,28.303664],[77.580116,28.303666],[77.580109,28.303441],[77.580232,28.303438]]]},"properties":{"objectid":7012,"uniqueplotid":"PLNGRESIDENTIAL7012","plotmap_id":"SECTOR-18_297_2C_RESI","plotidentificationnumber":"297","plotno":"297","industrysector":"SECTOR-18","block":"2C","plotsize":"300 SQMT","plotsize_at_the_time_of_allotme":"300 SQMT","landuse_type":"RESIDENTIAL","landuse_subcategory":"RESIDENTIAL","scheme_cod":"RES01","investment":0,"employment":0,"plotstatus":"Allotted","landallotementstatus":"SOLD","landallotementtype":"ALLOTTED","allotmentid":"YEA008720","lease_deed":"Y","lease_deed_date":1648578600000,"village_name":"Rampur Bangar","khasra_no":"422,421,420","longitude":77.58017375,"latitude":28.30355218,"authority":"YEIDA","category":"residential","execution_stage":"lease-recorded"}},{"type":"Feature","geometry":{"type":"Polygon","coordinates":[[[77.579129,28.303463],[77.579136,28.303689],[77.579013,28.303691],[77.579006,28.303466],[77.579129,28.303463]]]},"properties":{"objectid":7013,"uniqueplotid":"PLNGRESIDENTIAL7013","plotmap_id":"SECTOR-18_306_2C_RESI","plotidentificationnumber":"306","plotno":"306","industrysector":"SECTOR-18","block":"2C","plotsize":"300 SQMT","plotsize_at_the_time_of_allotme":"300 SQMT","landuse_type":"RESIDENTIAL","landuse_subcategory":"RESIDENTIAL","scheme_cod":"RES01","investment":0,"employment":0,"plotstatus":"Allotted","landallotementstatus":"SOLD","landallotementtype":"ALLOTTED","allotmentid":"YEA018743","lease_deed":"Y","lease_deed_date":1675017000000,"village_name":"Rampur Bangar","khasra_no":"423","longitude":77.57907110999999,"latitude":28.30357736,"authority":"YEIDA","category":"residential","execution_stage":"lease-recorded"}},{"type":"Feature","geometry":{"type":"Polygon","coordinates":[[[77.581137,28.304276],[77.581141,28.304385],[77.580885,28.304391],[77.580881,28.304282],[77.581137,28.304276]]]},"properties":{"objectid":7014,"uniqueplotid":"PLNGRESIDENTIAL7014","plotmap_id":"SECTOR-18_266_2C_RESI","plotidentificationnumber":"266","plotno":"266","industrysector":"SECTOR-18","block":"2C","plotsize":"300 SQMT","plotsize_at_the_time_of_allotme":"300 SQMT","landuse_type":"RESIDENTIAL","landuse_subcategory":"RESIDENTIAL","scheme_cod":"RES01","investment":0,"employment":0,"plotstatus":"Allotted","landallotementstatus":"SOLD","landallotementtype":"ALLOTTED","allotmentid":"YEA012238","lease_deed":"Y","lease_deed_date":1630348200000,"village_name":"Rampur Bangar","khasra_no":"413,408,396,419,397","longitude":77.58101086,"latitude":28.30433352,"authority":"YEIDA","category":"residential","execution_stage":"lease-recorded"}},{"type":"Feature","geometry":{"type":"Polygon","coordinates":[[[77.579251,28.30346],[77.579258,28.303686],[77.579136,28.303689],[77.579129,28.303463],[77.579251,28.30346]]]},"properties":{"objectid":7015,"uniqueplotid":"PLNGRESIDENTIAL7015","plotmap_id":"SECTOR-18_305_2C_RESI","plotidentificationnumber":"305","plotno":"305","industrysector":"SECTOR-18","block":"2C","plotsize":"300 SQMT","plotsize_at_the_time_of_allotme":"300 SQMT","landuse_type":"RESIDENTIAL","landuse_subcategory":"RESIDENTIAL","scheme_cod":"RES01","investment":0,"employment":0,"plotstatus":"Allotted","landallotementstatus":"SOLD","landallotementtype":"ALLOTTED","allotmentid":"YEA010069","lease_deed":"Y","lease_deed_date":1554057000000,"village_name":"Rampur Bangar","khasra_no":"423","longitude":77.57919356,"latitude":28.303574519999998,"authority":"YEIDA","category":"residential","execution_stage":"lease-recorded"}},{"type":"Feature","geometry":{"type":"Polygon","coordinates":[[[77.581141,28.304385],[77.581144,28.304493],[77.580888,28.304499],[77.580885,28.304391],[77.581141,28.304385]]]},"properties":{"objectid":7016,"uniqueplotid":"PLNGRESIDENTIAL7016","plotmap_id":"SECTOR-18_267_2C_RESI","plotidentificationnumber":"267","plotno":"267","industrysector":"SECTOR-18","block":"2C","plotsize":"300 SQMT","plotsize_at_the_time_of_allotme":"300 SQMT","landuse_type":"RESIDENTIAL","landuse_subcategory":"RESIDENTIAL","scheme_cod":"RRPS01","investment":0,"employment":0,"plotstatus":"Allotted","landallotementstatus":"SOLD","landallotementtype":"ALLOTTED","allotmentid":"RRPS012820","lease_deed":"Y","lease_deed_date":1656873000000,"village_name":"Rampur Bangar","khasra_no":"408","longitude":77.58101431,"latitude":28.30444177,"authority":"YEIDA","category":"residential","execution_stage":"lease-recorded"}},{"type":"Feature","geometry":{"type":"Polygon","coordinates":[[[77.581144,28.304493],[77.581147,28.304601],[77.580891,28.304607],[77.580888,28.304499],[77.581144,28.304493]]]},"properties":{"objectid":7017,"uniqueplotid":"PLNGRESIDENTIAL7017","plotmap_id":"SECTOR-18_268_2C_RESI","plotidentificationnumber":"268","plotno":"268","industrysector":"SECTOR-18","block":"2C","plotsize":"300 SQMT","plotsize_at_the_time_of_allotme":"300 SQMT","landuse_type":"RESIDENTIAL","landuse_subcategory":"RESIDENTIAL","scheme_cod":"RES01","investment":0,"employment":0,"plotstatus":"Allotted","landallotementstatus":"SOLD","landallotementtype":"ALLOTTED","allotmentid":"YEA007626","lease_deed":"Y","lease_deed_date":1685039400000,"village_name":"Rampur Bangar","khasra_no":"408,409","longitude":77.58101776000001,"latitude":28.30455002,"authority":"YEIDA","category":"residential","execution_stage":"lease-recorded"}},{"type":"Feature","geometry":{"type":"Polygon","coordinates":[[[77.580885,28.304391],[77.580888,28.304499],[77.580632,28.304505],[77.580629,28.304396],[77.580885,28.304391]]]},"properties":{"objectid":7018,"uniqueplotid":"PLNGRESIDENTIAL7018","plotmap_id":"SECTOR-18_270_2C_RESI","plotidentificationnumber":"270","plotno":"270","industrysector":"SECTOR-18","block":"2C","plotsize":"300 SQMT","plotsize_at_the_time_of_allotme":"300 SQMT","landuse_type":"RESIDENTIAL","landuse_subcategory":"RESIDENTIAL","scheme_cod":"RES01","investment":0,"employment":0,"plotstatus":"Allotted","landallotementstatus":"SOLD","landallotementtype":"ALLOTTED","allotmentid":"YEA013000","lease_deed":"Y","lease_deed_date":1557685800000,"village_name":"Rampur Bangar","khasra_no":"413,408,419,409,418","longitude":77.58075828999999,"latitude":28.30444761,"authority":"YEIDA","category":"residential","execution_stage":"lease-recorded"}},{"type":"Feature","geometry":{"type":"Polygon","coordinates":[[[77.581134,28.304168],[77.581137,28.304276],[77.580881,28.304282],[77.580878,28.304174],[77.581134,28.304168]]]},"properties":{"objectid":7019,"uniqueplotid":"PLNGRESIDENTIAL7019","plotmap_id":"SECTOR-18_265_2C_RESI","plotidentificationnumber":"265","plotno":"265","industrysector":"SECTOR-18","block":"2C","plotsize":"300 SQMT","plotsize_at_the_time_of_allotme":"300 SQMT","landuse_type":"RESIDENTIAL","landuse_subcategory":"RESIDENTIAL","scheme_cod":"RES01","investment":0,"employment":0,"plotstatus":"Allotted","landallotementstatus":"SOLD","landallotementtype":"ALLOTTED","allotmentid":"YEA011888","lease_deed":"Y","lease_deed_date":1679941800000,"village_name":"Rampur Bangar","khasra_no":"433,413,408,396,419,397,430","longitude":77.58100741,"latitude":28.30422527,"authority":"YEIDA","category":"residential","execution_stage":"lease-recorded"}},{"type":"Feature","geometry":{"type":"Polygon","coordinates":[[[77.580881,28.304282],[77.580885,28.304391],[77.580629,28.304396],[77.580625,28.304288],[77.580881,28.304282]]]},"properties":{"objectid":7020,"uniqueplotid":"PLNGRESIDENTIAL7020","plotmap_id":"SECTOR-18_271_2C_RESI","plotidentificationnumber":"271","plotno":"271","industrysector":"SECTOR-18","block":"2C","plotsize":"300 SQMT","plotsize_at_the_time_of_allotme":"300 SQMT","landuse_type":"RESIDENTIAL","landuse_subcategory":"RESIDENTIAL","scheme_cod":"RES01","investment":0,"employment":0,"plotstatus":"Allotted","landallotementstatus":"SOLD","landallotementtype":"ALLOTTED","allotmentid":"YEA006613","lease_deed":"Y","lease_deed_date":1631557800000,"village_name":"Rampur Bangar","khasra_no":"413,408,419,418","longitude":77.58075484,"latitude":28.30433936,"authority":"YEIDA","category":"residential","execution_stage":"lease-recorded"}},{"type":"Feature","geometry":{"type":"Polygon","coordinates":[[[77.58113,28.30406],[77.581134,28.304168],[77.580878,28.304174],[77.580874,28.304066],[77.58113,28.30406]]]},"properties":{"objectid":7021,"uniqueplotid":"PLNGRESIDENTIAL7021","plotmap_id":"SECTOR-18_264_2C_RESI","plotidentificationnumber":"264","plotno":"264","industrysector":"SECTOR-18","block":"2C","plotsize":"300 SQMT","plotsize_at_the_time_of_allotme":"300 SQMT","landuse_type":"RESIDENTIAL","landuse_subcategory":"RESIDENTIAL","scheme_cod":"RES01","investment":0,"employment":0,"plotstatus":"Allotted","landallotementstatus":"SOLD","landallotementtype":"ALLOTTED","allotmentid":"YEA011146","lease_deed":"Y","lease_deed_date":1550601000000,"village_name":"Rampur Bangar","khasra_no":"433,413,419,430","longitude":77.58100396,"latitude":28.30411701,"authority":"YEIDA","category":"residential","execution_stage":"lease-recorded"}},{"type":"Feature","geometry":{"type":"Polygon","coordinates":[[[77.580874,28.304066],[77.580878,28.304174],[77.580622,28.30418],[77.580618,28.304072],[77.580874,28.304066]]]},"properties":{"objectid":7022,"uniqueplotid":"PLNGRESIDENTIAL7022","plotmap_id":"SECTOR-18_273_2C_RESI","plotidentificationnumber":"273","plotno":"273","industrysector":"SECTOR-18","block":"2C","plotsize":"300 SQMT","plotsize_at_the_time_of_allotme":"300 SQMT","landuse_type":"RESIDENTIAL","landuse_subcategory":"RESIDENTIAL","scheme_cod":"RES01","investment":0,"employment":0,"plotstatus":"Allotted","landallotementstatus":"SOLD","landallotementtype":"ALLOTTED","allotmentid":"YEA016426","lease_deed":"Y","lease_deed_date":1567103400000,"village_name":"Rampur Bangar","khasra_no":"419","longitude":77.58074794,"latitude":28.30412286,"authority":"YEIDA","category":"residential","execution_stage":"lease-recorded"}},{"type":"Feature","geometry":{"type":"Polygon","coordinates":[[[77.581127,28.303952],[77.58113,28.30406],[77.580874,28.304066],[77.580871,28.303958],[77.581127,28.303952]]]},"properties":{"objectid":7023,"uniqueplotid":"PLNGRESIDENTIAL7023","plotmap_id":"SECTOR-18_263_2C_RESI","plotidentificationnumber":"263","plotno":"263","industrysector":"SECTOR-18","block":"2C","plotsize":"300 SQMT","plotsize_at_the_time_of_allotme":"300 SQMT","landuse_type":"RESIDENTIAL","landuse_subcategory":"RESIDENTIAL","scheme_cod":"RES01","investment":0,"employment":0,"plotstatus":"Allotted","landallotementstatus":"SOLD","landallotementtype":"ALLOTTED","allotmentid":"YEA007536","lease_deed":"Y","lease_deed_date":1553625000000,"village_name":"Rampur Bangar","khasra_no":"433,419,430","longitude":77.58100051000001,"latitude":28.30400876,"authority":"YEIDA","category":"residential","execution_stage":"lease-recorded"}},{"type":"Feature","geometry":{"type":"Polygon","coordinates":[[[77.580864,28.303741],[77.580867,28.303849],[77.580611,28.303855],[77.580608,28.303747],[77.580864,28.303741]]]},"properties":{"objectid":7024,"uniqueplotid":"PLNGRESIDENTIAL7024","plotmap_id":"SECTOR-18_276_2C_RESI","plotidentificationnumber":"276","plotno":"276","industrysector":"SECTOR-18","block":"2C","plotsize":"300 SQMT","plotsize_at_the_time_of_allotme":"300 SQMT","landuse_type":"RESIDENTIAL","landuse_subcategory":"RESIDENTIAL","scheme_cod":"RES01","investment":0,"employment":0,"plotstatus":"Allotted","landallotementstatus":"SOLD","landallotementtype":"ALLOTTED","allotmentid":"YEA016238","village_name":"Rampur Bangar","khasra_no":"433,419,430","longitude":77.58073759,"latitude":28.303798099999998,"authority":"YEIDA","category":"residential","execution_stage":"allotted"}},{"type":"Feature","geometry":{"type":"Polygon","coordinates":[[[77.580878,28.304174],[77.580881,28.304282],[77.580625,28.304288],[77.580622,28.30418],[77.580878,28.304174]]]},"properties":{"objectid":7025,"uniqueplotid":"PLNGRESIDENTIAL7025","plotmap_id":"SECTOR-18_272_2C_RESI","plotidentificationnumber":"272","plotno":"272","industrysector":"SECTOR-18","block":"2C","plotsize":"300 SQMT","plotsize_at_the_time_of_allotme":"300 SQMT","landuse_type":"RESIDENTIAL","landuse_subcategory":"RESIDENTIAL","scheme_cod":"RES01","investment":0,"employment":0,"plotstatus":"Allotted","landallotementstatus":"SOLD","landallotementtype":"ALLOTTED","allotmentid":"YEA019646","lease_deed":"Y","lease_deed_date":1563733800000,"village_name":"Rampur Bangar","khasra_no":"419","longitude":77.58075138999999,"latitude":28.30423111,"authority":"YEIDA","category":"residential","execution_stage":"lease-recorded"}},{"type":"Feature","geometry":{"type":"Polygon","coordinates":[[[77.58086,28.303633],[77.580864,28.303741],[77.580608,28.303747],[77.580604,28.303639],[77.58086,28.303633]]]},"properties":{"objectid":7026,"uniqueplotid":"PLNGRESIDENTIAL7026","plotmap_id":"SECTOR-18_277_2C_RESI","plotidentificationnumber":"277","plotno":"277","industrysector":"SECTOR-18","block":"2C","plotsize":"300 SQMT","plotsize_at_the_time_of_allotme":"300 SQMT","landuse_type":"RESIDENTIAL","landuse_subcategory":"RESIDENTIAL","scheme_cod":"RES01","investment":0,"employment":0,"plotstatus":"Allotted","landallotementstatus":"SOLD","landallotementtype":"ALLOTTED","allotmentid":"YEA014983","lease_deed":"Y","lease_deed_date":1648060200000,"village_name":"Rampur Bangar","khasra_no":"433,419,430","longitude":77.58073413999999,"latitude":28.303689849999998,"authority":"YEIDA","category":"residential","execution_stage":"lease-recorded"}},{"type":"Feature","geometry":{"type":"Polygon","coordinates":[[[77.581123,28.303843],[77.581127,28.303952],[77.580871,28.303958],[77.580867,28.303849],[77.581123,28.303843]]]},"properties":{"objectid":7027,"uniqueplotid":"PLNGRESIDENTIAL7027","plotmap_id":"SECTOR-18_262_2C_RESI","plotidentificationnumber":"262","plotno":"262","industrysector":"SECTOR-18","block":"2C","plotsize":"300 SQMT","plotsize_at_the_time_of_allotme":"300 SQMT","landuse_type":"RESIDENTIAL","landuse_subcategory":"RESIDENTIAL","scheme_cod":"RES01","investment":0,"employment":0,"plotstatus":"Allotted","landallotementstatus":"SOLD","landallotementtype":"ALLOTTED","allotmentid":"YEA007820","lease_deed":"Y","lease_deed_date":1599417000000,"village_name":"Rampur Bangar","khasra_no":"433,430","longitude":77.58099706,"latitude":28.30390051,"authority":"YEIDA","category":"residential","execution_stage":"lease-recorded"}},{"type":"Feature","geometry":{"type":"Polygon","coordinates":[[[77.580867,28.303849],[77.580871,28.303958],[77.580615,28.303963],[77.580611,28.303855],[77.580867,28.303849]]]},"properties":{"objectid":7028,"uniqueplotid":"PLNGRESIDENTIAL7028","plotmap_id":"SECTOR-18_275_2C_RESI","plotidentificationnumber":"275","plotno":"275","industrysector":"SECTOR-18","block":"2C","plotsize":"300 SQMT","plotsize_at_the_time_of_allotme":"300 SQMT","landuse_type":"RESIDENTIAL","landuse_subcategory":"RESIDENTIAL","scheme_cod":"RES01","investment":0,"employment":0,"plotstatus":"Allotted","landallotementstatus":"SOLD","landallotementtype":"ALLOTTED","allotmentid":"YEA008327","lease_deed":"Y","lease_deed_date":1647887400000,"village_name":"Rampur Bangar","khasra_no":"433,419,430","longitude":77.58074103999999,"latitude":28.30390635,"authority":"YEIDA","category":"residential","execution_stage":"lease-recorded"}},{"type":"Feature","geometry":{"type":"Polygon","coordinates":[[[77.58112,28.303735],[77.581123,28.303843],[77.580867,28.303849],[77.580864,28.303741],[77.58112,28.303735]]]},"properties":{"objectid":7029,"uniqueplotid":"PLNGRESIDENTIAL7029","plotmap_id":"SECTOR-18_261_2C_RESI","plotidentificationnumber":"261","plotno":"261","industrysector":"SECTOR-18","block":"2C","plotsize":"300 SQMT","plotsize_at_the_time_of_allotme":"300 SQMT","landuse_type":"RESIDENTIAL","landuse_subcategory":"RESIDENTIAL","scheme_cod":"RES01","investment":0,"employment":0,"plotstatus":"Allotted","landallotementstatus":"SOLD","landallotementtype":"ALLOTTED","allotmentid":"YEA015799","lease_deed":"Y","lease_deed_date":1718130600000,"village_name":"Rampur Bangar","khasra_no":"433","longitude":77.58099361,"latitude":28.303792259999998,"authority":"YEIDA","category":"residential","execution_stage":"lease-recorded"}},{"type":"Feature","geometry":{"type":"Polygon","coordinates":[[[77.581113,28.303519],[77.581116,28.303627],[77.58086,28.303633],[77.580857,28.303525],[77.581113,28.303519]]]},"properties":{"objectid":7030,"uniqueplotid":"PLNGRESIDENTIAL7030","plotmap_id":"SECTOR-18_259_2C_RESI","plotidentificationnumber":"259","plotno":"259","industrysector":"SECTOR-18","block":"2C","plotsize":"300 SQMT","plotsize_at_the_time_of_allotme":"300 SQMT","landuse_type":"RESIDENTIAL","landuse_subcategory":"RESIDENTIAL","scheme_cod":"RES01","investment":0,"employment":0,"plotstatus":"Allotted","landallotementstatus":"SOLD","landallotementtype":"ALLOTTED","allotmentid":"YEA008754","lease_deed":"Y","lease_deed_date":1718908200000,"village_name":"Rampur Bangar","khasra_no":"433","longitude":77.58098671,"latitude":28.30357576,"authority":"YEIDA","category":"residential","execution_stage":"lease-recorded"}},{"type":"Feature","geometry":{"type":"Polygon","coordinates":[[[77.581116,28.303627],[77.58112,28.303735],[77.580864,28.303741],[77.58086,28.303633],[77.581116,28.303627]]]},"properties":{"objectid":7031,"uniqueplotid":"PLNGRESIDENTIAL7031","plotmap_id":"SECTOR-18_260_2C_RESI","plotidentificationnumber":"260","plotno":"260","industrysector":"SECTOR-18","block":"2C","plotsize":"300 SQMT","plotsize_at_the_time_of_allotme":"300 SQMT","landuse_type":"RESIDENTIAL","landuse_subcategory":"RESIDENTIAL","scheme_cod":"RES01","investment":0,"employment":0,"plotstatus":"Allotted","landallotementstatus":"SOLD","landallotementtype":"ALLOTTED","allotmentid":"YEA010752","lease_deed":"Y","lease_deed_date":1602959400000,"village_name":"Rampur Bangar","khasra_no":"433","longitude":77.58099016,"latitude":28.303684009999998,"authority":"YEIDA","category":"residential","execution_stage":"lease-recorded"}},{"type":"Feature","geometry":{"type":"Polygon","coordinates":[[[77.58111,28.30341],[77.581113,28.303519],[77.580857,28.303525],[77.580854,28.303416],[77.58111,28.30341]]]},"properties":{"objectid":7032,"uniqueplotid":"PLNGRESIDENTIAL7032","plotmap_id":"SECTOR-18_258_2C_RESI","plotidentificationnumber":"258","plotno":"258","industrysector":"SECTOR-18","block":"2C","plotsize":"300 SQMT","plotsize_at_the_time_of_allotme":"300 SQMT","landuse_type":"RESIDENTIAL","landuse_subcategory":"RESIDENTIAL","scheme_cod":"RES01","investment":0,"employment":0,"plotstatus":"Allotted","landallotementstatus":"SOLD","landallotementtype":"ALLOTTED","allotmentid":"YEA005058","lease_deed":"Y","lease_deed_date":1556649000000,"village_name":"Rampur Bangar","khasra_no":"433","longitude":77.58098326,"latitude":28.3034675,"authority":"YEIDA","category":"residential","execution_stage":"lease-recorded"}},{"type":"Feature","geometry":{"type":"Polygon","coordinates":[[[77.580857,28.303525],[77.58086,28.303633],[77.580604,28.303639],[77.580601,28.30353],[77.580857,28.303525]]]},"properties":{"objectid":7033,"uniqueplotid":"PLNGRESIDENTIAL7033","plotmap_id":"SECTOR-18_278_2C_RESI","plotidentificationnumber":"278","plotno":"278","industrysector":"SECTOR-18","block":"2C","plotsize":"300 SQMT","plotsize_at_the_time_of_allotme":"300 SQMT","landuse_type":"RESIDENTIAL","landuse_subcategory":"RESIDENTIAL","scheme_cod":"RES01","investment":0,"employment":0,"plotstatus":"Allotted","landallotementstatus":"SOLD","landallotementtype":"ALLOTTED","allotmentid":"YEA014039","lease_deed":"Y","lease_deed_date":1569781800000,"village_name":"Rampur Bangar","khasra_no":"433,430","longitude":77.58073069,"latitude":28.3035816,"authority":"YEIDA","category":"residential","execution_stage":"lease-recorded"}},{"type":"Feature","geometry":{"type":"Polygon","coordinates":[[[77.581106,28.303302],[77.58111,28.30341],[77.580854,28.303416],[77.58085,28.303308],[77.581106,28.303302]]]},"properties":{"objectid":7034,"uniqueplotid":"PLNGRESIDENTIAL7034","plotmap_id":"SECTOR-18_257_2C_RESI","plotidentificationnumber":"257","plotno":"257","industrysector":"SECTOR-18","block":"2C","plotsize":"300 SQMT","plotsize_at_the_time_of_allotme":"300 SQMT","landuse_type":"RESIDENTIAL","landuse_subcategory":"RESIDENTIAL","scheme_cod":"RES01","investment":0,"employment":0,"plotstatus":"Allotted","landallotementstatus":"SOLD","landallotementtype":"ALLOTTED","allotmentid":"YEA012370","lease_deed":"Y","lease_deed_date":1558549800000,"village_name":"Rampur Bangar","khasra_no":"433","longitude":77.58097981,"latitude":28.30335925,"authority":"YEIDA","category":"residential","execution_stage":"lease-recorded"}},{"type":"Feature","geometry":{"type":"Polygon","coordinates":[[[77.58085,28.303308],[77.580854,28.303416],[77.580598,28.303422],[77.580594,28.303314],[77.58085,28.303308]]]},"properties":{"objectid":7035,"uniqueplotid":"PLNGRESIDENTIAL7035","plotmap_id":"SECTOR-18_280_2C_RESI","plotidentificationnumber":"280","plotno":"280","industrysector":"SECTOR-18","block":"2C","plotsize":"300 SQMT","plotsize_at_the_time_of_allotme":"300 SQMT","landuse_type":"RESIDENTIAL","landuse_subcategory":"RESIDENTIAL","scheme_cod":"RES01","investment":0,"employment":0,"plotstatus":"Allotted","landallotementstatus":"SOLD","landallotementtype":"ALLOTTED","allotmentid":"YEA005167","lease_deed":"Y","lease_deed_date":1600194600000,"village_name":"Rampur Bangar","khasra_no":"433","longitude":77.58072379,"latitude":28.30336509,"authority":"YEIDA","category":"residential","execution_stage":"lease-recorded"}},{"type":"Feature","geometry":{"type":"Polygon","coordinates":[[[77.581103,28.303194],[77.581106,28.303302],[77.58085,28.303308],[77.580847,28.3032],[77.581103,28.303194]]]},"properties":{"objectid":7036,"uniqueplotid":"PLNGRESIDENTIAL7036","plotmap_id":"SECTOR-18_256_2C_RESI","plotidentificationnumber":"256","plotno":"256","industrysector":"SECTOR-18","block":"2C","plotsize":"300 SQMT","plotsize_at_the_time_of_allotme":"300 SQMT","landuse_type":"RESIDENTIAL","landuse_subcategory":"RESIDENTIAL","scheme_cod":"RES01","investment":0,"employment":0,"plotstatus":"Allotted","landallotementstatus":"SOLD","landallotementtype":"ALLOTTED","allotmentid":"YEA005692","village_name":"Rampur Bangar","khasra_no":"433","longitude":77.58097637,"latitude":28.30325122,"authority":"YEIDA","category":"residential","execution_stage":"allotted"}},{"type":"Feature","geometry":{"type":"Polygon","coordinates":[[[77.581517,28.304377],[77.58152,28.304485],[77.581265,28.304491],[77.581262,28.304383],[77.581517,28.304377]]]},"properties":{"objectid":7037,"uniqueplotid":"PLNGRESIDENTIAL7037","plotmap_id":"SECTOR-18_244_2C_RESI","plotidentificationnumber":"244","plotno":"244","industrysector":"SECTOR-18","block":"2C","plotsize":"300 SQMT","plotsize_at_the_time_of_allotme":"300 SQMT","landuse_type":"RESIDENTIAL","landuse_subcategory":"RESIDENTIAL","scheme_cod":"RES01","investment":0,"employment":0,"plotstatus":"Allotted","landallotementstatus":"SOLD","landallotementtype":"ALLOTTED","allotmentid":"YEA013429","lease_deed":"Y","lease_deed_date":1602441000000,"village_name":"Rampur Bangar","khasra_no":"396,397","longitude":77.58139089,"latitude":28.30443373,"authority":"YEIDA","category":"residential","execution_stage":"lease-recorded"}},{"type":"Feature","geometry":{"type":"Polygon","coordinates":[[[77.581777,28.304479],[77.58178,28.304587],[77.581524,28.304593],[77.58152,28.304485],[77.581777,28.304479]]]},"properties":{"objectid":7038,"uniqueplotid":"PLNGRESIDENTIAL7038","plotmap_id":"SECTOR-18_242_2C_RESI","plotidentificationnumber":"242","plotno":"242","industrysector":"SECTOR-18","block":"2C","plotsize":"300 SQMT","plotsize_at_the_time_of_allotme":"300 SQMT","landuse_type":"RESIDENTIAL","landuse_subcategory":"RESIDENTIAL","scheme_cod":"RES01","investment":0,"employment":0,"plotstatus":"Allotted","landallotementstatus":"SOLD","landallotementtype":"ALLOTTED","allotmentid":"YEA008150","lease_deed":"Y","lease_deed_date":1657737000000,"village_name":"Rampur Bangar","khasra_no":"396","longitude":77.58165029999999,"latitude":28.30453614,"authority":"YEIDA","category":"residential","execution_stage":"lease-recorded"}},{"type":"Feature","geometry":{"type":"Polygon","coordinates":[[[77.58177,28.304263],[77.581773,28.304371],[77.581517,28.304377],[77.581513,28.304268],[77.58177,28.304263]]]},"properties":{"objectid":7039,"uniqueplotid":"PLNGRESIDENTIAL7039","plotmap_id":"SECTOR-18_240_2C_RESI","plotidentificationnumber":"240","plotno":"240","industrysector":"SECTOR-18","block":"2C","plotsize":"300 SQMT","plotsize_at_the_time_of_allotme":"300 SQMT","landuse_type":"RESIDENTIAL","landuse_subcategory":"RESIDENTIAL","scheme_cod":"RES01","investment":0,"employment":0,"plotstatus":"Allotted","landallotementstatus":"SOLD","landallotementtype":"ALLOTTED","allotmentid":"YEA011562","village_name":"Rampur Bangar","khasra_no":"396","longitude":77.58164339999999,"latitude":28.304319640000003,"authority":"YEIDA","category":"residential","execution_stage":"allotted"}},{"type":"Feature","geometry":{"type":"Polygon","coordinates":[[[77.581773,28.304371],[77.581777,28.304479],[77.58152,28.304485],[77.581517,28.304377],[77.581773,28.304371]]]},"properties":{"objectid":7040,"uniqueplotid":"PLNGRESIDENTIAL7040","plotmap_id":"SECTOR-18_241_2C_RESI","plotidentificationnumber":"241","plotno":"241","industrysector":"SECTOR-18","block":"2C","plotsize":"300 SQMT","plotsize_at_the_time_of_allotme":"300 SQMT","landuse_type":"RESIDENTIAL","landuse_subcategory":"RESIDENTIAL","scheme_cod":"RES01","investment":0,"employment":0,"plotstatus":"Allotted","landallotementstatus":"SOLD","landallotementtype":"ALLOTTED","allotmentid":"YEA006960","lease_deed":"Y","lease_deed_date":1578076200000,"village_name":"Rampur Bangar","khasra_no":"396","longitude":77.58164685,"latitude":28.30442789,"authority":"YEIDA","category":"residential","execution_stage":"lease-recorded"}},{"type":"Feature","geometry":{"type":"Polygon","coordinates":[[[77.58151,28.30416],[77.581513,28.304268],[77.581258,28.304274],[77.581255,28.304166],[77.58151,28.30416]]]},"properties":{"objectid":7041,"uniqueplotid":"PLNGRESIDENTIAL7041","plotmap_id":"SECTOR-18_246_2C_RESI","plotidentificationnumber":"246","plotno":"246","industrysector":"SECTOR-18","block":"2C","plotsize":"300 SQMT","plotsize_at_the_time_of_allotme":"300 SQMT","landuse_type":"RESIDENTIAL","landuse_subcategory":"RESIDENTIAL","scheme_cod":"RES01","investment":0,"employment":0,"plotstatus":"Allotted","landallotementstatus":"SOLD","landallotementtype":"ALLOTTED","allotmentid":"YEA006510","lease_deed":"Y","lease_deed_date":1570559400000,"village_name":"Rampur Bangar","khasra_no":"396","longitude":77.58138398999999,"latitude":28.304217230000003,"authority":"YEIDA","category":"residential","execution_stage":"lease-recorded"}},{"type":"Feature","geometry":{"type":"Polygon","coordinates":[[[77.581767,28.304154],[77.58177,28.304263],[77.581513,28.304268],[77.58151,28.30416],[77.581767,28.304154]]]},"properties":{"objectid":7042,"uniqueplotid":"PLNGRESIDENTIAL7042","plotmap_id":"SECTOR-18_239_2C_RESI","plotidentificationnumber":"239","plotno":"239","industrysector":"SECTOR-18","block":"2C","plotsize":"300 SQMT","plotsize_at_the_time_of_allotme":"300 SQMT","landuse_type":"RESIDENTIAL","landuse_subcategory":"RESIDENTIAL","scheme_cod":"RES01","investment":0,"employment":0,"plotstatus":"Allotted","landallotementstatus":"SOLD","landallotementtype":"ALLOTTED","allotmentid":"YEA012823","village_name":"Rampur Bangar","khasra_no":"396","longitude":77.58163995,"latitude":28.304211390000003,"authority":"YEIDA","category":"residential","execution_stage":"allotted"}},{"type":"Feature","geometry":{"type":"Polygon","coordinates":[[[77.58176,28.303938],[77.581763,28.304046],[77.581506,28.304052],[77.581503,28.303944],[77.58176,28.303938]]]},"properties":{"objectid":7043,"uniqueplotid":"PLNGRESIDENTIAL7043","plotmap_id":"SECTOR-18_237_2C_RESI","plotidentificationnumber":"237","plotno":"237","industrysector":"SECTOR-18","block":"2C","plotsize":"300 SQMT","plotsize_at_the_time_of_allotme":"300 SQMT","landuse_type":"RESIDENTIAL","landuse_subcategory":"RESIDENTIAL","scheme_cod":"RES01","investment":0,"employment":0,"plotstatus":"Allotted","landallotementstatus":"SOLD","landallotementtype":"ALLOTTED","allotmentid":"YEA018890","lease_deed":"Y","lease_deed_date":1556130600000,"village_name":"Rampur Bangar","khasra_no":"433,413,396","longitude":77.58163305,"latitude":28.30399489,"authority":"YEIDA","category":"residential","execution_stage":"lease-recorded"}},{"type":"Feature","geometry":{"type":"Polygon","coordinates":[[[77.581506,28.304052],[77.58151,28.30416],[77.581255,28.304166],[77.581251,28.304058],[77.581506,28.304052]]]},"properties":{"objectid":7044,"uniqueplotid":"PLNGRESIDENTIAL7044","plotmap_id":"SECTOR-18_247_2C_RESI","plotidentificationnumber":"247","plotno":"247","industrysector":"SECTOR-18","block":"2C","plotsize":"300 SQMT","plotsize_at_the_time_of_allotme":"300 SQMT","landuse_type":"RESIDENTIAL","landuse_subcategory":"RESIDENTIAL","scheme_cod":"RES01","investment":0,"employment":0,"plotstatus":"Allotted","landallotementstatus":"SOLD","landallotementtype":"ALLOTTED","allotmentid":"YEA015469","lease_deed":"Y","lease_deed_date":1559500200000,"village_name":"Rampur Bangar","khasra_no":"433,413,396","longitude":77.58138054,"latitude":28.30410898,"authority":"YEIDA","category":"residential","execution_stage":"lease-recorded"}},{"type":"Feature","geometry":{"type":"Polygon","coordinates":[[[77.581756,28.30383],[77.58176,28.303938],[77.581503,28.303944],[77.5815,28.303835],[77.581756,28.30383]]]},"properties":{"objectid":7045,"uniqueplotid":"PLNGRESIDENTIAL7045","plotmap_id":"SECTOR-18_236_2C_RESI","plotidentificationnumber":"236","plotno":"236","industrysector":"SECTOR-18","block":"2C","plotsize":"300 SQMT","plotsize_at_the_time_of_allotme":"300 SQMT","landuse_type":"RESIDENTIAL","landuse_subcategory":"RESIDENTIAL","scheme_cod":"RES01","investment":0,"employment":0,"plotstatus":"Allotted","landallotementstatus":"SOLD","landallotementtype":"ALLOTTED","allotmentid":"YEA014263","lease_deed":"Y","lease_deed_date":1602441000000,"village_name":"Rampur Bangar","khasra_no":"433,413,396","longitude":77.5816296,"latitude":28.303886629999997,"authority":"YEIDA","category":"residential","execution_stage":"lease-recorded"}},{"type":"Feature","geometry":{"type":"Polygon","coordinates":[[[77.581496,28.303727],[77.5815,28.303835],[77.581244,28.303841],[77.581241,28.303733],[77.581496,28.303727]]]},"properties":{"objectid":7046,"uniqueplotid":"PLNGRESIDENTIAL7046","plotmap_id":"SECTOR-18_250_2C_RESI","plotidentificationnumber":"250","plotno":"250","industrysector":"SECTOR-18","block":"2C","plotsize":"300 SQMT","plotsize_at_the_time_of_allotme":"300 SQMT","landuse_type":"RESIDENTIAL","landuse_subcategory":"RESIDENTIAL","scheme_cod":"RES01","investment":0,"employment":0,"plotstatus":"Allotted","landallotementstatus":"SOLD","landallotementtype":"ALLOTTED","allotmentid":"YEA010635","lease_deed":"Y","lease_deed_date":1572978600000,"village_name":"Rampur Bangar","khasra_no":"433","longitude":77.58137019,"latitude":28.30378422,"authority":"YEIDA","category":"residential","execution_stage":"lease-recorded"}},{"type":"Feature","geometry":{"type":"Polygon","coordinates":[[[77.581503,28.303944],[77.581506,28.304052],[77.581251,28.304058],[77.581248,28.30395],[77.581503,28.303944]]]},"properties":{"objectid":7047,"uniqueplotid":"PLNGRESIDENTIAL7047","plotmap_id":"SECTOR-18_248_2C_RESI","plotidentificationnumber":"248","plotno":"248","industrysector":"SECTOR-18","block":"2C","plotsize":"300 SQMT","plotsize_at_the_time_of_allotme":"300 SQMT","landuse_type":"RESIDENTIAL","landuse_subcategory":"RESIDENTIAL","scheme_cod":"RES01","investment":0,"employment":0,"plotstatus":"Allotted","landallotementstatus":"SOLD","landallotementtype":"ALLOTTED","allotmentid":"YEA014123","lease_deed":"Y","lease_deed_date":1560882600000,"village_name":"Rampur Bangar","khasra_no":"433,413,396","longitude":77.58137709,"latitude":28.30400073,"authority":"YEIDA","category":"residential","execution_stage":"lease-recorded"}},{"type":"Feature","geometry":{"type":"Polygon","coordinates":[[[77.581746,28.303505],[77.581749,28.303613],[77.581493,28.303619],[77.581489,28.303511],[77.581746,28.303505]]]},"properties":{"objectid":7048,"uniqueplotid":"PLNGRESIDENTIAL7048","plotmap_id":"SECTOR-18_233_2C_RESI","plotidentificationnumber":"233","plotno":"233","industrysector":"SECTOR-18","block":"2C","plotsize":"300 SQMT","plotsize_at_the_time_of_allotme":"300 SQMT","landuse_type":"RESIDENTIAL","landuse_subcategory":"RESIDENTIAL","scheme_cod":"RES01","investment":0,"employment":0,"plotstatus":"Allotted","landallotementstatus":"SOLD","landallotementtype":"ALLOTTED","allotmentid":"YEA017289","lease_deed":"Y","lease_deed_date":1679941800000,"village_name":"Rampur Bangar","khasra_no":"433,434","longitude":77.58161924999999,"latitude":28.30356188,"authority":"YEIDA","category":"residential","execution_stage":"lease-recorded"}},{"type":"Feature","geometry":{"type":"Polygon","coordinates":[[[77.581749,28.303613],[77.581753,28.303721],[77.581496,28.303727],[77.581493,28.303619],[77.581749,28.303613]]]},"properties":{"objectid":7049,"uniqueplotid":"PLNGRESIDENTIAL7049","plotmap_id":"SECTOR-18_234_2C_RESI","plotidentificationnumber":"234","plotno":"234","industrysector":"SECTOR-18","block":"2C","plotsize":"300 SQMT","plotsize_at_the_time_of_allotme":"300 SQMT","landuse_type":"RESIDENTIAL","landuse_subcategory":"RESIDENTIAL","scheme_cod":"RES01","investment":0,"employment":0,"plotstatus":"Allotted","landallotementstatus":"SOLD","landallotementtype":"ALLOTTED","allotmentid":"YEA019814","village_name":"Rampur Bangar","khasra_no":"433","longitude":77.5816227,"latitude":28.30367013,"authority":"YEIDA","category":"residential","execution_stage":"allotted"}},{"type":"Feature","geometry":{"type":"Polygon","coordinates":[[[77.581493,28.303619],[77.581496,28.303727],[77.581241,28.303733],[77.581237,28.303625],[77.581493,28.303619]]]},"properties":{"objectid":7050,"uniqueplotid":"PLNGRESIDENTIAL7050","plotmap_id":"SECTOR-18_251_2C_RESI","plotidentificationnumber":"251","plotno":"251","industrysector":"SECTOR-18","block":"2C","plotsize":"300 SQMT","plotsize_at_the_time_of_allotme":"300 SQMT","landuse_type":"RESIDENTIAL","landuse_subcategory":"RESIDENTIAL","scheme_cod":"RES01","investment":0,"employment":0,"plotstatus":"Allotted","landallotementstatus":"SOLD","landallotementtype":"ALLOTTED","allotmentid":"YEA011441","lease_deed":"Y","lease_deed_date":1669746600000,"village_name":"Rampur Bangar","khasra_no":"433","longitude":77.58136673999999,"latitude":28.30367597,"authority":"YEIDA","category":"residential","execution_stage":"lease-recorded"}},{"type":"Feature","geometry":{"type":"Polygon","coordinates":[[[77.581742,28.303397],[77.581746,28.303505],[77.581489,28.303511],[77.581486,28.303402],[77.581742,28.303397]]]},"properties":{"objectid":7052,"uniqueplotid":"PLNGRESIDENTIAL7052","plotmap_id":"SECTOR-18_232_2C_RESI","plotidentificationnumber":"232","plotno":"232","industrysector":"SECTOR-18","block":"2C","plotsize":"300 SQMT","plotsize_at_the_time_of_allotme":"300 SQMT","landuse_type":"RESIDENTIAL","landuse_subcategory":"RESIDENTIAL","scheme_cod":"RES01","investment":0,"employment":0,"plotstatus":"Allotted","landallotementstatus":"SOLD","landallotementtype":"ALLOTTED","allotmentid":"YEA018732","lease_deed":"Y","lease_deed_date":1616437800000,"village_name":"Rampur Bangar","khasra_no":"433,434","longitude":77.5816158,"latitude":28.30345363,"authority":"YEIDA","category":"residential","execution_stage":"lease-recorded"}},{"type":"Feature","geometry":{"type":"Polygon","coordinates":[[[77.58201,28.304131],[77.582017,28.304365],[77.581895,28.304368],[77.581888,28.304134],[77.58201,28.304131]]]},"properties":{"objectid":7053,"uniqueplotid":"PLNGRESIDENTIAL7053","plotmap_id":"SECTOR-18_502_2C_RESI","plotidentificationnumber":"502","plotno":"502","industrysector":"SECTOR-18","block":"2C","plotsize":"300 SQMT","plotsize_at_the_time_of_allotme":"300 SQMT","landuse_type":"RESIDENTIAL","landuse_subcategory":"RESIDENTIAL","scheme_cod":"RES01","investment":0,"employment":0,"plotstatus":"Allotted","landallotementstatus":"SOLD","landallotementtype":"ALLOTTED","allotmentid":"YEA012540","lease_deed":"Y","lease_deed_date":1658860200000,"village_name":"Rampur Bangar","khasra_no":"396","longitude":77.58195242000001,"latitude":28.30424971,"authority":"YEIDA","category":"residential","execution_stage":"lease-recorded"}},{"type":"Feature","geometry":{"type":"Polygon","coordinates":[[[77.581479,28.303186],[77.581482,28.303294],[77.581227,28.3033],[77.581224,28.303192],[77.581479,28.303186]]]},"properties":{"objectid":7054,"uniqueplotid":"PLNGRESIDENTIAL7054","plotmap_id":"SECTOR-18_255_2C_RESI","plotidentificationnumber":"255","plotno":"255","industrysector":"SECTOR-18","block":"2C","plotsize":"300 SQMT","plotsize_at_the_time_of_allotme":"300 SQMT","landuse_type":"RESIDENTIAL","landuse_subcategory":"RESIDENTIAL","scheme_cod":"RES01","investment":0,"employment":0,"plotstatus":"Allotted","landallotementstatus":"SOLD","landallotementtype":"ALLOTTED","allotmentid":"YEA012561","village_name":"Rampur Bangar","khasra_no":"433","longitude":77.58135295,"latitude":28.30324319,"authority":"YEIDA","category":"residential","execution_stage":"allotted"}},{"type":"Feature","geometry":{"type":"Polygon","coordinates":[[[77.581482,28.303294],[77.581486,28.303402],[77.58123,28.303408],[77.581227,28.3033],[77.581482,28.303294]]]},"properties":{"objectid":7055,"uniqueplotid":"PLNGRESIDENTIAL7055","plotmap_id":"SECTOR-18_254_2C_RESI","plotidentificationnumber":"254","plotno":"254","industrysector":"SECTOR-18","block":"2C","plotsize":"300 SQMT","plotsize_at_the_time_of_allotme":"300 SQMT","landuse_type":"RESIDENTIAL","landuse_subcategory":"RESIDENTIAL","scheme_cod":"RES01","investment":0,"employment":0,"plotstatus":"Allotted","landallotementstatus":"SOLD","landallotementtype":"ALLOTTED","allotmentid":"YEA010788","lease_deed":"Y","lease_deed_date":1650479400000,"village_name":"Rampur Bangar","khasra_no":"433","longitude":77.58135639,"latitude":28.30335122,"authority":"YEIDA","category":"residential","execution_stage":"lease-recorded"}},{"type":"Feature","geometry":{"type":"Polygon","coordinates":[[[77.582017,28.304365],[77.582024,28.304582],[77.581901,28.304585],[77.581895,28.304368],[77.582017,28.304365]]]},"properties":{"objectid":7056,"uniqueplotid":"PLNGRESIDENTIAL7056","plotmap_id":"SECTOR-18_521_2C_RESI","plotidentificationnumber":"521","plotno":"521","industrysector":"SECTOR-18","block":"2C","plotsize":"300 SQMT","plotsize_at_the_time_of_allotme":"300 SQMT","landuse_type":"RESIDENTIAL","landuse_subcategory":"RESIDENTIAL","scheme_cod":"RES01","investment":0,"employment":0,"plotstatus":"Allotted","landallotementstatus":"SOLD","landallotementtype":"ALLOTTED","allotmentid":"YEA014951","lease_deed":"Y","lease_deed_date":1651602600000,"village_name":"Rampur Bangar","khasra_no":"396,395","longitude":77.58195936,"latitude":28.30447522,"authority":"YEIDA","category":"residential","execution_stage":"lease-recorded"}},{"type":"Feature","geometry":{"type":"Polygon","coordinates":[[[77.581736,28.303181],[77.581739,28.303288],[77.581482,28.303294],[77.581479,28.303186],[77.581736,28.303181]]]},"properties":{"objectid":7057,"uniqueplotid":"PLNGRESIDENTIAL7057","plotmap_id":"SECTOR-18_230_2C_RESI","plotidentificationnumber":"230","plotno":"230","industrysector":"SECTOR-18","block":"2C","plotsize":"300 SQMT","plotsize_at_the_time_of_allotme":"300 SQMT","landuse_type":"RESIDENTIAL","landuse_subcategory":"RESIDENTIAL","scheme_cod":"RES01","investment":0,"employment":0,"plotstatus":"Allotted","landallotementstatus":"SOLD","landallotementtype":"ALLOTTED","allotmentid":"YEA008248","lease_deed":"Y","lease_deed_date":1658341800000,"village_name":"Rampur Bangar","khasra_no":"433,434","longitude":77.58160891,"latitude":28.30323735,"authority":"YEIDA","category":"residential","execution_stage":"lease-recorded"}},{"type":"Feature","geometry":{"type":"Polygon","coordinates":[[[77.582133,28.304129],[77.58214,28.304362],[77.582017,28.304365],[77.58201,28.304131],[77.582133,28.304129]]]},"properties":{"objectid":7058,"uniqueplotid":"PLNGRESIDENTIAL7058","plotmap_id":"SECTOR-18_503_2C_RESI","plotidentificationnumber":"503","plotno":"503","industrysector":"SECTOR-18","block":"2C","plotsize":"300 SQMT","plotsize_at_the_time_of_allotme":"300 SQMT","landuse_type":"RESIDENTIAL","landuse_subcategory":"RESIDENTIAL","scheme_cod":"RES01","investment":0,"employment":0,"plotstatus":"Allotted","landallotementstatus":"SOLD","landallotementtype":"ALLOTTED","allotmentid":"YEA008095","lease_deed":"Y","lease_deed_date":1600713000000,"village_name":"Rampur Bangar","khasra_no":"396","longitude":77.58207494,"latitude":28.30424697,"authority":"YEIDA","category":"residential","execution_stage":"lease-recorded"}},{"type":"Feature","geometry":{"type":"Polygon","coordinates":[[[77.582255,28.304126],[77.582262,28.30436],[77.58214,28.304362],[77.582133,28.304129],[77.582255,28.304126]]]},"properties":{"objectid":7059,"uniqueplotid":"PLNGRESIDENTIAL7059","plotmap_id":"SECTOR-18_504_2C_RESI","plotidentificationnumber":"504","plotno":"504","industrysector":"SECTOR-18","block":"2C","plotsize":"300 SQMT","plotsize_at_the_time_of_allotme":"300 SQMT","landuse_type":"RESIDENTIAL","landuse_subcategory":"RESIDENTIAL","scheme_cod":"RES01","investment":0,"employment":0,"plotstatus":"Allotted","landallotementstatus":"SOLD","landallotementtype":"ALLOTTED","allotmentid":"YEA011606","village_name":"Rampur Bangar","khasra_no":"396,393","longitude":77.58219745,"latitude":28.304244230000002,"authority":"YEIDA","category":"residential","execution_stage":"allotted"}},{"type":"Feature","geometry":{"type":"Polygon","coordinates":[[[77.58214,28.304362],[77.582146,28.30458],[77.582024,28.304582],[77.582017,28.304365],[77.58214,28.304362]]]},"properties":{"objectid":7062,"uniqueplotid":"PLNGRESIDENTIAL7062","plotmap_id":"SECTOR-18_520_2C_RESI","plotidentificationnumber":"520","plotno":"520","industrysector":"SECTOR-18","block":"2C","plotsize":"300 SQMT","plotsize_at_the_time_of_allotme":"300 SQMT","landuse_type":"RESIDENTIAL","landuse_subcategory":"RESIDENTIAL","scheme_cod":"RES01","investment":0,"employment":0,"plotstatus":"Allotted","landallotementstatus":"SOLD","landallotementtype":"ALLOTTED","allotmentid":"YEA010598","village_name":"Rampur Bangar","khasra_no":"396,395","longitude":77.58208187999999,"latitude":28.30447247,"authority":"YEIDA","category":"residential","execution_stage":"allotted"}},{"type":"Feature","geometry":{"type":"Polygon","coordinates":[[[77.57946,28.302274],[77.579467,28.302499],[77.579345,28.302501],[77.579338,28.302277],[77.57946,28.302274]]]},"properties":{"objectid":7063,"uniqueplotid":"PLNGRESIDENTIAL7063","plotmap_id":"SECTOR-18_144_2C_RESI","plotidentificationnumber":"144","plotno":"144","industrysector":"SECTOR-18","block":"2C","plotsize":"300 SQMT","plotsize_at_the_time_of_allotme":"300 SQMT","landuse_type":"RESIDENTIAL","landuse_subcategory":"RESIDENTIAL","scheme_cod":"RES01","investment":0,"employment":0,"plotstatus":"Allotted","landallotementstatus":"SOLD","landallotementtype":"ALLOTTED","allotmentid":"YEA008896","lease_deed":"Y","lease_deed_date":1728239400000,"village_name":"Rampur Bangar","khasra_no":"429,426,428,446,447","longitude":77.57940246000001,"latitude":28.302387879999998,"authority":"YEIDA","category":"residential","execution_stage":"lease-recorded"}},{"type":"Feature","geometry":{"type":"Polygon","coordinates":[[[77.582262,28.30436],[77.582269,28.304577],[77.582146,28.30458],[77.58214,28.304362],[77.582262,28.30436]]]},"properties":{"objectid":7064,"uniqueplotid":"PLNGRESIDENTIAL7064","plotmap_id":"SECTOR-18_519_2C_RESI","plotidentificationnumber":"519","plotno":"519","industrysector":"SECTOR-18","block":"2C","plotsize":"300 SQMT","plotsize_at_the_time_of_allotme":"300 SQMT","landuse_type":"RESIDENTIAL","landuse_subcategory":"RESIDENTIAL","scheme_cod":"RES01","investment":0,"employment":0,"plotstatus":"Allotted","landallotementstatus":"SOLD","landallotementtype":"ALLOTTED","allotmentid":"YEA006234","lease_deed":"Y","lease_deed_date":1563474600000,"village_name":"Rampur Bangar","khasra_no":"396,395","longitude":77.58220439,"latitude":28.30446973,"authority":"YEIDA","category":"residential","execution_stage":"lease-recorded"}},{"type":"Feature","geometry":{"type":"Polygon","coordinates":[[[77.579338,28.302277],[77.579345,28.302501],[77.579219,28.302504],[77.579212,28.30228],[77.579338,28.302277]]]},"properties":{"objectid":7066,"uniqueplotid":"PLNGRESIDENTIAL7066","plotmap_id":"SECTOR-18_145_2C_RESI","plotidentificationnumber":"145","plotno":"145","industrysector":"SECTOR-18","block":"2C","plotsize":"300 SQMT","plotsize_at_the_time_of_allotme":"300 SQMT","landuse_type":"RESIDENTIAL","landuse_subcategory":"RESIDENTIAL","scheme_cod":"RES01","investment":0,"employment":0,"plotstatus":"Allotted","landallotementstatus":"SOLD","landallotementtype":"ALLOTTED","allotmentid":"YEA008383","lease_deed":"Y","lease_deed_date":1730831400000,"village_name":"Rampur Bangar","khasra_no":"429,428,447","longitude":77.57927844,"latitude":28.302390669999998,"authority":"YEIDA","category":"residential","execution_stage":"lease-recorded"}},{"type":"Feature","geometry":{"type":"Polygon","coordinates":[[[77.580195,28.302258],[77.580202,28.302482],[77.58008,28.302485],[77.580073,28.30226],[77.580195,28.302258]]]},"properties":{"objectid":7067,"uniqueplotid":"PLNGRESIDENTIAL7067","plotmap_id":"SECTOR-18_138_2C_RESI","plotidentificationnumber":"138","plotno":"138","industrysector":"SECTOR-18","block":"2C","plotsize":"300 SQMT","plotsize_at_the_time_of_allotme":"300 SQMT","landuse_type":"RESIDENTIAL","landuse_subcategory":"RESIDENTIAL","scheme_cod":"RES01","investment":0,"employment":0,"plotstatus":"Allotted","landallotementstatus":"SOLD","landallotementtype":"ALLOTTED","allotmentid":"YEA020543","lease_deed":"Y","lease_deed_date":1600799400000,"village_name":"Rampur Bangar","khasra_no":"433,432","longitude":77.58013744,"latitude":28.302371089999998,"authority":"YEIDA","category":"residential","execution_stage":"lease-recorded"}},{"type":"Feature","geometry":{"type":"Polygon","coordinates":[[[77.579583,28.302272],[77.57959,28.302496],[77.579467,28.302499],[77.57946,28.302274],[77.579583,28.302272]]]},"properties":{"objectid":7068,"uniqueplotid":"PLNGRESIDENTIAL7068","plotmap_id":"SECTOR-18_143_2C_RESI","plotidentificationnumber":"143","plotno":"143","industrysector":"SECTOR-18","block":"2C","plotsize":"300 SQMT","plotsize_at_the_time_of_allotme":"300 SQMT","landuse_type":"RESIDENTIAL","landuse_subcategory":"RESIDENTIAL","scheme_cod":"RES01","investment":0,"employment":0,"plotstatus":"Allotted","landallotementstatus":"SOLD","landallotementtype":"ALLOTTED","allotmentid":"YEA006654","village_name":"Rampur Bangar","khasra_no":"429,430,426,428,431,446,447","longitude":77.57952465999999,"latitude":28.302385049999998,"authority":"YEIDA","category":"residential","execution_stage":"allotted"}},{"type":"Feature","geometry":{"type":"Polygon","coordinates":[[[77.580073,28.30226],[77.58008,28.302485],[77.579957,28.302487],[77.57995,28.302263],[77.580073,28.30226]]]},"properties":{"objectid":7069,"uniqueplotid":"PLNGRESIDENTIAL7069","plotmap_id":"SECTOR-18_139_2C_RESI","plotidentificationnumber":"139","plotno":"139","industrysector":"SECTOR-18","block":"2C","plotsize":"300 SQMT","plotsize_at_the_time_of_allotme":"300 SQMT","landuse_type":"RESIDENTIAL","landuse_subcategory":"RESIDENTIAL","scheme_cod":"RES01","investment":0,"employment":0,"plotstatus":"Allotted","landallotementstatus":"SOLD","landallotementtype":"ALLOTTED","allotmentid":"YEA013704","lease_deed":"Y","lease_deed_date":1557858600000,"village_name":"Rampur Bangar","khasra_no":"433,432","longitude":77.58001493,"latitude":28.30237389,"authority":"YEIDA","category":"residential","execution_stage":"lease-recorded"}},{"type":"Feature","geometry":{"type":"Polygon","coordinates":[[[77.580318,28.302255],[77.580325,28.302479],[77.580202,28.302482],[77.580195,28.302258],[77.580318,28.302255]]]},"properties":{"objectid":7070,"uniqueplotid":"PLNGRESIDENTIAL7070","plotmap_id":"SECTOR-18_137_2C_RESI","plotidentificationnumber":"137","plotno":"137","industrysector":"SECTOR-18","block":"2C","plotsize":"300 SQMT","plotsize_at_the_time_of_allotme":"300 SQMT","landuse_type":"RESIDENTIAL","landuse_subcategory":"RESIDENTIAL","scheme_cod":"RES01","investment":0,"employment":0,"plotstatus":"Allotted","landallotementstatus":"SOLD","landallotementtype":"ALLOTTED","allotmentid":"YEA013949","lease_deed":"Y","lease_deed_date":1569781800000,"village_name":"Rampur Bangar","khasra_no":"433,432","longitude":77.58025995,"latitude":28.30236829,"authority":"YEIDA","category":"residential","execution_stage":"lease-recorded"}},{"type":"Feature","geometry":{"type":"Polygon","coordinates":[[[77.579345,28.302501],[77.579352,28.302727],[77.579226,28.30273],[77.579219,28.302504],[77.579345,28.302501]]]},"properties":{"objectid":7071,"uniqueplotid":"PLNGRESIDENTIAL7071","plotmap_id":"SECTOR-18_152_2C_RESI","plotidentificationnumber":"152","plotno":"152","industrysector":"SECTOR-18","block":"2C","plotsize":"300 SQMT","plotsize_at_the_time_of_allotme":"300 SQMT","landuse_type":"RESIDENTIAL","landuse_subcategory":"RESIDENTIAL","scheme_cod":"RES01","investment":0,"employment":0,"plotstatus":"Allotted","landallotementstatus":"SOLD","landallotementtype":"ALLOTTED","allotmentid":"YEA017471","village_name":"Rampur Bangar","khasra_no":"429,426,428,447","longitude":77.57928548,"latitude":28.3026155,"authority":"YEIDA","category":"residential","execution_stage":"allotted"}},{"type":"Feature","geometry":{"type":"Polygon","coordinates":[[[77.58044,28.302252],[77.580447,28.302476],[77.580325,28.302479],[77.580318,28.302255],[77.58044,28.302252]]]},"properties":{"objectid":7072,"uniqueplotid":"PLNGRESIDENTIAL7072","plotmap_id":"SECTOR-18_136_2C_RESI","plotidentificationnumber":"136","plotno":"136","industrysector":"SECTOR-18","block":"2C","plotsize":"300 SQMT","plotsize_at_the_time_of_allotme":"300 SQMT","landuse_type":"RESIDENTIAL","landuse_subcategory":"RESIDENTIAL","scheme_cod":"RES01","investment":0,"employment":0,"plotstatus":"Allotted","landallotementstatus":"SOLD","landallotementtype":"ALLOTTED","allotmentid":"YEA011078","lease_deed":"Y","lease_deed_date":1638815400000,"village_name":"Rampur Bangar","khasra_no":"433,432","longitude":77.58038255999999,"latitude":28.30236552,"authority":"YEIDA","category":"residential","execution_stage":"lease-recorded"}},{"type":"Feature","geometry":{"type":"Polygon","coordinates":[[[77.579712,28.302493],[77.579719,28.302718],[77.579597,28.302721],[77.57959,28.302496],[77.579712,28.302493]]]},"properties":{"objectid":7073,"uniqueplotid":"PLNGRESIDENTIAL7073","plotmap_id":"SECTOR-18_155_2C_RESI","plotidentificationnumber":"155","plotno":"155","industrysector":"SECTOR-18","block":"2C","plotsize":"300 SQMT","plotsize_at_the_time_of_allotme":"300 SQMT","landuse_type":"RESIDENTIAL","landuse_subcategory":"RESIDENTIAL","scheme_cod":"RES01","investment":0,"employment":0,"plotstatus":"Allotted","landallotementstatus":"SOLD","landallotementtype":"ALLOTTED","allotmentid":"YEA008967","lease_deed":"Y","lease_deed_date":1720117800000,"village_name":"Rampur Bangar","khasra_no":"430,426,446","longitude":77.5796543,"latitude":28.30260711,"authority":"YEIDA","category":"residential","execution_stage":"lease-recorded"}},{"type":"Feature","geometry":{"type":"Polygon","coordinates":[[[77.579467,28.302499],[77.579474,28.302724],[77.579352,28.302727],[77.579345,28.302501],[77.579467,28.302499]]]},"properties":{"objectid":7074,"uniqueplotid":"PLNGRESIDENTIAL7074","plotmap_id":"SECTOR-18_153_2C_RESI","plotidentificationnumber":"153","plotno":"153","industrysector":"SECTOR-18","block":"2C","plotsize":"300 SQMT","plotsize_at_the_time_of_allotme":"300 SQMT","landuse_type":"RESIDENTIAL","landuse_subcategory":"RESIDENTIAL","scheme_cod":"RES01","investment":0,"employment":0,"plotstatus":"Allotted","landallotementstatus":"SOLD","landallotementtype":"ALLOTTED","allotmentid":"YEA012082","lease_deed":"Y","lease_deed_date":1729017000000,"village_name":"Rampur Bangar","khasra_no":"426,428","longitude":77.57940950000001,"latitude":28.302612710000002,"authority":"YEIDA","category":"residential","execution_stage":"lease-recorded"}},{"type":"Feature","geometry":{"type":"Polygon","coordinates":[[[77.579957,28.302487],[77.579964,28.302713],[77.579842,28.302716],[77.579835,28.30249],[77.579957,28.302487]]]},"properties":{"objectid":7075,"uniqueplotid":"PLNGRESIDENTIAL7075","plotmap_id":"SECTOR-18_157_2C_RESI","plotidentificationnumber":"157","plotno":"157","industrysector":"SECTOR-18","block":"2C","plotsize":"300 SQMT","plotsize_at_the_time_of_allotme":"300 SQMT","landuse_type":"RESIDENTIAL","landuse_subcategory":"RESIDENTIAL","scheme_cod":"RES01","investment":0,"employment":0,"plotstatus":"Allotted","landallotementstatus":"SOLD","landallotementtype":"ALLOTTED","allotmentid":"YEA011505","lease_deed":"Y","lease_deed_date":1648405800000,"village_name":"Rampur Bangar","khasra_no":"433,432,430,431,446","longitude":77.57989933,"latitude":28.302601510000002,"authority":"YEIDA","category":"residential","execution_stage":"lease-recorded"}},{"type":"Feature","geometry":{"type":"Polygon","coordinates":[[[77.580202,28.302482],[77.580209,28.302707],[77.580087,28.30271],[77.58008,28.302485],[77.580202,28.302482]]]},"properties":{"objectid":7076,"uniqueplotid":"PLNGRESIDENTIAL7076","plotmap_id":"SECTOR-18_159_2C_RESI","plotidentificationnumber":"159","plotno":"159","industrysector":"SECTOR-18","block":"2C","plotsize":"300 SQMT","plotsize_at_the_time_of_allotme":"300 SQMT","landuse_type":"RESIDENTIAL","landuse_subcategory":"RESIDENTIAL","scheme_cod":"RES01","investment":0,"employment":0,"plotstatus":"Allotted","landallotementstatus":"SOLD","landallotementtype":"ALLOTTED","allotmentid":"YEA009500","lease_deed":"Y","lease_deed_date":1556217000000,"village_name":"Rampur Bangar","khasra_no":"433","longitude":77.58014435,"latitude":28.302595919999998,"authority":"YEIDA","category":"residential","execution_stage":"lease-recorded"}},{"type":"Feature","geometry":{"type":"Polygon","coordinates":[[[77.578737,28.302632],[77.57874,28.30274],[77.578484,28.302746],[77.578481,28.302638],[77.578737,28.302632]]]},"properties":{"objectid":7077,"uniqueplotid":"PLNGRESIDENTIAL7077","plotmap_id":"SECTOR-18_98_2C_RESI","plotidentificationnumber":"98","plotno":"98","industrysector":"SECTOR-18","block":"2C","plotsize":"300 SQMT","plotsize_at_the_time_of_allotme":"300 SQMT","landuse_type":"RESIDENTIAL","landuse_subcategory":"RESIDENTIAL","scheme_cod":"RES01","investment":0,"employment":0,"plotstatus":"Allotted","landallotementstatus":"SOLD","landallotementtype":"ALLOTTED","allotmentid":"YEA020656","village_name":"Rampur Bangar","khasra_no":"447","longitude":77.57861066999999,"latitude":28.30268904,"authority":"YEIDA","category":"residential","execution_stage":"allotted"}},{"type":"Feature","geometry":{"type":"Polygon","coordinates":[[[77.578977,28.30251],[77.578984,28.302735],[77.578861,28.302738],[77.578854,28.302513],[77.578977,28.30251]]]},"properties":{"objectid":7078,"uniqueplotid":"PLNGRESIDENTIAL7078","plotmap_id":"SECTOR-18_149_2C_RESI","plotidentificationnumber":"149","plotno":"149","industrysector":"SECTOR-18","block":"2C","plotsize":"300 SQMT","plotsize_at_the_time_of_allotme":"300 SQMT","landuse_type":"RESIDENTIAL","landuse_subcategory":"RESIDENTIAL","scheme_cod":"RES01","investment":0,"employment":0,"plotstatus":"Allotted","landallotementstatus":"SOLD","landallotementtype":"ALLOTTED","allotmentid":"YEA014137","village_name":"Rampur Bangar","khasra_no":"429,428,447","longitude":77.57891914000001,"latitude":28.30262386,"authority":"YEIDA","category":"residential","execution_stage":"allotted"}},{"type":"Feature","geometry":{"type":"Polygon","coordinates":[[[77.578484,28.302746],[77.578228,28.302752],[77.578225,28.302644],[77.578481,28.302638],[77.578484,28.302746]]]},"properties":{"objectid":7079,"uniqueplotid":"PLNGRESIDENTIAL7079","plotmap_id":"SECTOR-18_97_2C_RESI","plotidentificationnumber":"97","plotno":"97","industrysector":"SECTOR-18","block":"2C","plotsize":"300 SQMT","plotsize_at_the_time_of_allotme":"300 SQMT","landuse_type":"RESIDENTIAL","landuse_subcategory":"RESIDENTIAL","scheme_cod":"RES01","investment":0,"employment":0,"plotstatus":"Allotted","landallotementstatus":"SOLD","landallotementtype":"ALLOTTED","allotmentid":"YEA005791","village_name":"Rampur Bangar","khasra_no":"450,452,447","longitude":77.57835471,"latitude":28.30269488,"authority":"YEIDA","category":"residential","execution_stage":"allotted"}},{"type":"Feature","geometry":{"type":"Polygon","coordinates":[[[77.579099,28.302507],[77.579106,28.302732],[77.578984,28.302735],[77.578977,28.30251],[77.579099,28.302507]]]},"properties":{"objectid":7080,"uniqueplotid":"PLNGRESIDENTIAL7080","plotmap_id":"SECTOR-18_150_2C_RESI","plotidentificationnumber":"150","plotno":"150","industrysector":"SECTOR-18","block":"2C","plotsize":"300 SQMT","plotsize_at_the_time_of_allotme":"300 SQMT","landuse_type":"RESIDENTIAL","landuse_subcategory":"RESIDENTIAL","scheme_cod":"RES01","investment":0,"employment":0,"plotstatus":"Allotted","landallotementstatus":"SOLD","landallotementtype":"ALLOTTED","allotmentid":"YEA017007","lease_deed":"Y","lease_deed_date":1640197800000,"village_name":"Rampur Bangar","khasra_no":"429,426,428,447","longitude":77.57904171,"latitude":28.30262111,"authority":"YEIDA","category":"residential","execution_stage":"lease-recorded"}},{"type":"Feature","geometry":{"type":"Polygon","coordinates":[[[77.580447,28.302476],[77.580455,28.302702],[77.580332,28.302704],[77.580325,28.302479],[77.580447,28.302476]]]},"properties":{"objectid":7081,"uniqueplotid":"PLNGRESIDENTIAL7081","plotmap_id":"SECTOR-18_161_2C_RESI","plotidentificationnumber":"161","plotno":"161","industrysector":"SECTOR-18","block":"2C","plotsize":"300 SQMT","plotsize_at_the_time_of_allotme":"300 SQMT","landuse_type":"RESIDENTIAL","landuse_subcategory":"RESIDENTIAL","scheme_cod":"RES01","investment":0,"employment":0,"plotstatus":"Allotted","landallotementstatus":"SOLD","landallotementtype":"ALLOTTED","allotmentid":"YEA004750","lease_deed":"Y","lease_deed_date":1722364200000,"village_name":"Rampur Bangar","khasra_no":"433","longitude":77.58038959999999,"latitude":28.30259035,"authority":"YEIDA","category":"residential","execution_stage":"lease-recorded"}},{"type":"Feature","geometry":{"type":"Polygon","coordinates":[[[77.578733,28.302524],[77.578737,28.302632],[77.578481,28.302638],[77.578478,28.30253],[77.578733,28.302524]]]},"properties":{"objectid":7082,"uniqueplotid":"PLNGRESIDENTIAL7082","plotmap_id":"SECTOR-18_99_2C_RESI","plotidentificationnumber":"99","plotno":"99","industrysector":"SECTOR-18","block":"2C","plotsize":"300 SQMT","plotsize_at_the_time_of_allotme":"300 SQMT","landuse_type":"RESIDENTIAL","landuse_subcategory":"RESIDENTIAL","scheme_cod":"RES01","investment":0,"employment":0,"plotstatus":"Allotted","landallotementstatus":"SOLD","landallotementtype":"ALLOTTED","allotmentid":"YEA010495","lease_deed":"Y","lease_deed_date":1673375400000,"village_name":"Rampur Bangar","khasra_no":"447","longitude":77.57860722,"latitude":28.302580789999997,"authority":"YEIDA","category":"residential","execution_stage":"lease-recorded"}},{"type":"Feature","geometry":{"type":"Polygon","coordinates":[[[77.57873,28.302415],[77.578733,28.302524],[77.578478,28.30253],[77.578474,28.302421],[77.57873,28.302415]]]},"properties":{"objectid":7083,"uniqueplotid":"PLNGRESIDENTIAL7083","plotmap_id":"SECTOR-18_100_2C_RESI","plotidentificationnumber":"100","plotno":"100","industrysector":"SECTOR-18","block":"2C","plotsize":"300 SQMT","plotsize_at_the_time_of_allotme":"300 SQMT","landuse_type":"RESIDENTIAL","landuse_subcategory":"RESIDENTIAL","scheme_cod":"RES01","investment":0,"employment":0,"plotstatus":"Allotted","landallotementstatus":"SOLD","landallotementtype":"ALLOTTED","allotmentid":"YEA012702","lease_deed":"Y","lease_deed_date":1742841000000,"village_name":"Rampur Bangar","khasra_no":"447","longitude":77.57860377,"latitude":28.30247254,"authority":"YEIDA","category":"residential","execution_stage":"lease-recorded"}},{"type":"Feature","geometry":{"type":"Polygon","coordinates":[[[77.581097,28.302978],[77.581101,28.303086],[77.580845,28.303092],[77.580842,28.302984],[77.581097,28.302978]]]},"properties":{"objectid":7103,"uniqueplotid":"PLNGRESIDENTIAL7103","plotmap_id":"SECTOR-18_175_2C_RESI","plotidentificationnumber":"175","plotno":"175","industrysector":"SECTOR-18","block":"2C","plotsize":"300 SQMT","plotsize_at_the_time_of_allotme":"300 SQMT","landuse_type":"RESIDENTIAL","landuse_subcategory":"RESIDENTIAL","scheme_cod":"RES01","investment":0,"employment":0,"plotstatus":"Allotted","landallotementstatus":"SOLD","landallotementtype":"ALLOTTED","allotmentid":"YEA014692","village_name":"Rampur Bangar","khasra_no":"433","longitude":77.5809712,"latitude":28.30303474,"authority":"YEIDA","category":"residential","execution_stage":"allotted"}},{"type":"Feature","geometry":{"type":"Polygon","coordinates":[[[77.580842,28.302984],[77.580845,28.303092],[77.580589,28.303097],[77.580585,28.30299],[77.580842,28.302984]]]},"properties":{"objectid":7104,"uniqueplotid":"PLNGRESIDENTIAL7104","plotmap_id":"SECTOR-18_174_2C_RESI","plotidentificationnumber":"174","plotno":"174","industrysector":"SECTOR-18","block":"2C","plotsize":"300 SQMT","plotsize_at_the_time_of_allotme":"300 SQMT","landuse_type":"RESIDENTIAL","landuse_subcategory":"RESIDENTIAL","scheme_cod":"RES01","investment":0,"employment":0,"plotstatus":"Allotted","landallotementstatus":"SOLD","landallotementtype":"ALLOTTED","allotmentid":"YEA017057","lease_deed":"Y","lease_deed_date":1648578600000,"village_name":"Rampur Bangar","khasra_no":"433","longitude":77.58071516,"latitude":28.30304058,"authority":"YEIDA","category":"residential","execution_stage":"lease-recorded"}},{"type":"Feature","geometry":{"type":"Polygon","coordinates":[[[77.580838,28.302876],[77.580842,28.302984],[77.580585,28.30299],[77.580582,28.302881],[77.580838,28.302876]]]},"properties":{"objectid":7105,"uniqueplotid":"PLNGRESIDENTIAL7105","plotmap_id":"SECTOR-18_173_2C_RESI","plotidentificationnumber":"173","plotno":"173","industrysector":"SECTOR-18","block":"2C","plotsize":"300 SQMT","plotsize_at_the_time_of_allotme":"300 SQMT","landuse_type":"RESIDENTIAL","landuse_subcategory":"RESIDENTIAL","scheme_cod":"RES01","investment":0,"employment":0,"plotstatus":"Allotted","landallotementstatus":"SOLD","landallotementtype":"ALLOTTED","allotmentid":"YEA008828","lease_deed":"Y","lease_deed_date":1648578600000,"village_name":"Rampur Bangar","khasra_no":"433","longitude":77.58071174999999,"latitude":28.302932600000002,"authority":"YEIDA","category":"residential","execution_stage":"lease-recorded"}},{"type":"Feature","geometry":{"type":"Polygon","coordinates":[[[77.581094,28.30287],[77.581097,28.302978],[77.580842,28.302984],[77.580838,28.302876],[77.581094,28.30287]]]},"properties":{"objectid":7107,"uniqueplotid":"PLNGRESIDENTIAL7107","plotmap_id":"SECTOR-18_176_2C_RESI","plotidentificationnumber":"176","plotno":"176","industrysector":"SECTOR-18","block":"2C","plotsize":"300 SQMT","plotsize_at_the_time_of_allotme":"300 SQMT","landuse_type":"RESIDENTIAL","landuse_subcategory":"RESIDENTIAL","scheme_cod":"RES01","investment":0,"employment":0,"plotstatus":"Allotted","landallotementstatus":"SOLD","landallotementtype":"ALLOTTED","allotmentid":"YEA005033","lease_deed":"Y","lease_deed_date":1640111400000,"village_name":"Rampur Bangar","khasra_no":"433","longitude":77.58096779,"latitude":28.302926760000002,"authority":"YEIDA","category":"residential","execution_stage":"lease-recorded"}},{"type":"Feature","geometry":{"type":"Polygon","coordinates":[[[77.580831,28.302659],[77.580835,28.302767],[77.580579,28.302773],[77.580575,28.302665],[77.580831,28.302659]]]},"properties":{"objectid":7108,"uniqueplotid":"PLNGRESIDENTIAL7108","plotmap_id":"SECTOR-18_171_2C_RESI","plotidentificationnumber":"171","plotno":"171","industrysector":"SECTOR-18","block":"2C","plotsize":"300 SQMT","plotsize_at_the_time_of_allotme":"300 SQMT","landuse_type":"RESIDENTIAL","landuse_subcategory":"RESIDENTIAL","scheme_cod":"RES01","investment":0,"employment":0,"plotstatus":"Allotted","landallotementstatus":"SOLD","landallotementtype":"ALLOTTED","allotmentid":"YEA004651","lease_deed":"Y","lease_deed_date":1560277800000,"village_name":"Rampur Bangar","khasra_no":"433","longitude":77.58070491,"latitude":28.30271609,"authority":"YEIDA","category":"residential","execution_stage":"lease-recorded"}},{"type":"Feature","geometry":{"type":"Polygon","coordinates":[[[77.581091,28.302761],[77.581094,28.30287],[77.580838,28.302876],[77.580835,28.302767],[77.581091,28.302761]]]},"properties":{"objectid":7109,"uniqueplotid":"PLNGRESIDENTIAL7109","plotmap_id":"SECTOR-18_177_2C_RESI","plotidentificationnumber":"177","plotno":"177","industrysector":"SECTOR-18","block":"2C","plotsize":"300 SQMT","plotsize_at_the_time_of_allotme":"300 SQMT","landuse_type":"RESIDENTIAL","landuse_subcategory":"RESIDENTIAL","scheme_cod":"RES01","investment":0,"employment":0,"plotstatus":"Allotted","landallotementstatus":"SOLD","landallotementtype":"ALLOTTED","allotmentid":"YEA014280","lease_deed":"Y","lease_deed_date":1563301800000,"village_name":"Rampur Bangar","khasra_no":"433","longitude":77.58096437,"latitude":28.30281851,"authority":"YEIDA","category":"residential","execution_stage":"lease-recorded"}},{"type":"Feature","geometry":{"type":"Polygon","coordinates":[[[77.581084,28.302545],[77.581087,28.302653],[77.580831,28.302659],[77.580828,28.302551],[77.581084,28.302545]]]},"properties":{"objectid":7110,"uniqueplotid":"PLNGRESIDENTIAL7110","plotmap_id":"SECTOR-18_179_2C_RESI","plotidentificationnumber":"179","plotno":"179","industrysector":"SECTOR-18","block":"2C","plotsize":"300 SQMT","plotsize_at_the_time_of_allotme":"300 SQMT","landuse_type":"RESIDENTIAL","landuse_subcategory":"RESIDENTIAL","scheme_cod":"RES01","investment":0,"employment":0,"plotstatus":"Allotted","landallotementstatus":"SOLD","landallotementtype":"ALLOTTED","allotmentid":"YEA015076","lease_deed":"Y","lease_deed_date":1614191400000,"village_name":"Rampur Bangar","khasra_no":"433,434","longitude":77.58095753,"latitude":28.302602,"authority":"YEIDA","category":"residential","execution_stage":"lease-recorded"}},{"type":"Feature","geometry":{"type":"Polygon","coordinates":[[[77.580825,28.302442],[77.580828,28.302551],[77.580572,28.302557],[77.580568,28.302448],[77.580825,28.302442]]]},"properties":{"objectid":7111,"uniqueplotid":"PLNGRESIDENTIAL7111","plotmap_id":"SECTOR-18_169_2C_RESI","plotidentificationnumber":"169","plotno":"169","industrysector":"SECTOR-18","block":"2C","plotsize":"300 SQMT","plotsize_at_the_time_of_allotme":"300 SQMT","landuse_type":"RESIDENTIAL","landuse_subcategory":"RESIDENTIAL","scheme_cod":"RES01","investment":0,"employment":0,"plotstatus":"Allotted","landallotementstatus":"SOLD","landallotementtype":"ALLOTTED","allotmentid":"YEA011764","lease_deed":"Y","lease_deed_date":1554748200000,"village_name":"Rampur Bangar","khasra_no":"433","longitude":77.58069807000001,"latitude":28.302499309999998,"authority":"YEIDA","category":"residential","execution_stage":"lease-recorded"}},{"type":"Feature","geometry":{"type":"Polygon","coordinates":[[[77.580828,28.302551],[77.580831,28.302659],[77.580575,28.302665],[77.580572,28.302557],[77.580828,28.302551]]]},"properties":{"objectid":7112,"uniqueplotid":"PLNGRESIDENTIAL7112","plotmap_id":"SECTOR-18_170_2C_RESI","plotidentificationnumber":"170","plotno":"170","industrysector":"SECTOR-18","block":"2C","plotsize":"300 SQMT","plotsize_at_the_time_of_allotme":"300 SQMT","landuse_type":"RESIDENTIAL","landuse_subcategory":"RESIDENTIAL","scheme_cod":"RES01","investment":0,"employment":0,"plotstatus":"Allotted","landallotementstatus":"SOLD","landallotementtype":"ALLOTTED","allotmentid":"YEA006605","lease_deed":"Y","lease_deed_date":1574274600000,"village_name":"Rampur Bangar","khasra_no":"433","longitude":77.58070149,"latitude":28.30260784,"authority":"YEIDA","category":"residential","execution_stage":"lease-recorded"}},{"type":"Feature","geometry":{"type":"Polygon","coordinates":[[[77.581087,28.302653],[77.581091,28.302761],[77.580835,28.302767],[77.580831,28.302659],[77.581087,28.302653]]]},"properties":{"objectid":7113,"uniqueplotid":"PLNGRESIDENTIAL7113","plotmap_id":"SECTOR-18_178_2C_RESI","plotidentificationnumber":"178","plotno":"178","industrysector":"SECTOR-18","block":"2C","plotsize":"300 SQMT","plotsize_at_the_time_of_allotme":"300 SQMT","landuse_type":"RESIDENTIAL","landuse_subcategory":"RESIDENTIAL","scheme_cod":"RES01","investment":0,"employment":0,"plotstatus":"Allotted","landallotementstatus":"SOLD","landallotementtype":"ALLOTTED","allotmentid":"YEA020653","lease_deed":"Y","lease_deed_date":1577385000000,"village_name":"Rampur Bangar","khasra_no":"433","longitude":77.58096095,"latitude":28.30271025,"authority":"YEIDA","category":"residential","execution_stage":"lease-recorded"}},{"type":"Feature","geometry":{"type":"Polygon","coordinates":[[[77.58108,28.302436],[77.581084,28.302545],[77.580828,28.302551],[77.580825,28.302442],[77.58108,28.302436]]]},"properties":{"objectid":7114,"uniqueplotid":"PLNGRESIDENTIAL7114","plotmap_id":"SECTOR-18_180_2C_RESI","plotidentificationnumber":"180","plotno":"180","industrysector":"SECTOR-18","block":"2C","plotsize":"300 SQMT","plotsize_at_the_time_of_allotme":"300 SQMT","landuse_type":"RESIDENTIAL","landuse_subcategory":"RESIDENTIAL","scheme_cod":"RES01","investment":0,"employment":0,"plotstatus":"Allotted","landallotementstatus":"SOLD","landallotementtype":"ALLOTTED","allotmentid":"YEA006645","lease_deed":"Y","lease_deed_date":1609439400000,"village_name":"Rampur Bangar","khasra_no":"433,434","longitude":77.5809541,"latitude":28.302493469999998,"authority":"YEIDA","category":"residential","execution_stage":"lease-recorded"}},{"type":"Feature","geometry":{"type":"Polygon","coordinates":[[[77.58173,28.302964],[77.581734,28.303072],[77.581477,28.303078],[77.581474,28.302969],[77.58173,28.302964]]]},"properties":{"objectid":7115,"uniqueplotid":"PLNGRESIDENTIAL7115","plotmap_id":"SECTOR-18_201_2C_RESI","plotidentificationnumber":"201","plotno":"201","industrysector":"SECTOR-18","block":"2C","plotsize":"300 SQMT","plotsize_at_the_time_of_allotme":"300 SQMT","landuse_type":"RESIDENTIAL","landuse_subcategory":"RESIDENTIAL","scheme_cod":"RES01","investment":0,"employment":0,"plotstatus":"Allotted","landallotementstatus":"SOLD","landallotementtype":"ALLOTTED","allotmentid":"YEA007314","lease_deed":"Y","lease_deed_date":1692642600000,"village_name":"Rampur Bangar","khasra_no":"436,434","longitude":77.58160380999999,"latitude":28.303020580000002,"authority":"YEIDA","category":"residential","execution_stage":"lease-recorded"}},{"type":"Feature","geometry":{"type":"Polygon","coordinates":[[[77.581474,28.302969],[77.581477,28.303078],[77.581222,28.303083],[77.581218,28.302975],[77.581474,28.302969]]]},"properties":{"objectid":7116,"uniqueplotid":"PLNGRESIDENTIAL7116","plotmap_id":"SECTOR-18_200_2C_RESI","plotidentificationnumber":"200","plotno":"200","industrysector":"SECTOR-18","block":"2C","plotsize":"300 SQMT","plotsize_at_the_time_of_allotme":"300 SQMT","landuse_type":"RESIDENTIAL","landuse_subcategory":"RESIDENTIAL","scheme_cod":"RES01","investment":0,"employment":0,"plotstatus":"Allotted","landallotementstatus":"SOLD","landallotementtype":"ALLOTTED","allotmentid":"YEA009031","lease_deed":"Y","lease_deed_date":1640284200000,"village_name":"Rampur Bangar","khasra_no":"433,434","longitude":77.58134776,"latitude":28.303026420000002,"authority":"YEIDA","category":"residential","execution_stage":"lease-recorded"}},{"type":"Feature","geometry":{"type":"Polygon","coordinates":[[[77.581727,28.302855],[77.58173,28.302964],[77.581474,28.302969],[77.58147,28.302861],[77.581727,28.302855]]]},"properties":{"objectid":7117,"uniqueplotid":"PLNGRESIDENTIAL7117","plotmap_id":"SECTOR-18_202_2C_RESI","plotidentificationnumber":"202","plotno":"202","industrysector":"SECTOR-18","block":"2C","plotsize":"300 SQMT","plotsize_at_the_time_of_allotme":"300 SQMT","landuse_type":"RESIDENTIAL","landuse_subcategory":"RESIDENTIAL","scheme_cod":"RES01","investment":0,"employment":0,"plotstatus":"Allotted","landallotementstatus":"SOLD","landallotementtype":"ALLOTTED","allotmentid":"YEA017761","lease_deed":"Y","lease_deed_date":1668018600000,"village_name":"Rampur Bangar","khasra_no":"436,434,437,440","longitude":77.58160043,"latitude":28.30291233,"authority":"YEIDA","category":"residential","execution_stage":"lease-recorded"}},{"type":"Feature","geometry":{"type":"Polygon","coordinates":[[[77.58147,28.302861],[77.581474,28.302969],[77.581218,28.302975],[77.581215,28.302867],[77.58147,28.302861]]]},"properties":{"objectid":7118,"uniqueplotid":"PLNGRESIDENTIAL7118","plotmap_id":"SECTOR-18_199_2C_RESI","plotidentificationnumber":"199","plotno":"199","industrysector":"SECTOR-18","block":"2C","plotsize":"300 SQMT","plotsize_at_the_time_of_allotme":"300 SQMT","landuse_type":"RESIDENTIAL","landuse_subcategory":"RESIDENTIAL","scheme_cod":"RES01","investment":0,"employment":0,"plotstatus":"Allotted","landallotementstatus":"SOLD","landallotementtype":"ALLOTTED","allotmentid":"YEA019805","lease_deed":"Y","lease_deed_date":1718649000000,"village_name":"Rampur Bangar","khasra_no":"433,434","longitude":77.58134437,"latitude":28.30291816,"authority":"YEIDA","category":"residential","execution_stage":"lease-recorded"}},{"type":"Feature","geometry":{"type":"Polygon","coordinates":[[[77.581467,28.302753],[77.58147,28.302861],[77.581215,28.302867],[77.581212,28.302759],[77.581467,28.302753]]]},"properties":{"objectid":7119,"uniqueplotid":"PLNGRESIDENTIAL7119","plotmap_id":"SECTOR-18_198_2C_RESI","plotidentificationnumber":"198","plotno":"198","industrysector":"SECTOR-18","block":"2C","plotsize":"300 SQMT","plotsize_at_the_time_of_allotme":"300 SQMT","landuse_type":"RESIDENTIAL","landuse_subcategory":"RESIDENTIAL","scheme_cod":"RES01","investment":0,"employment":0,"plotstatus":"Allotted","landallotementstatus":"SOLD","landallotementtype":"ALLOTTED","allotmentid":"YEA013488","lease_deed":"Y","lease_deed_date":1566757800000,"village_name":"Rampur Bangar","khasra_no":"433,434","longitude":77.58134098,"latitude":28.30280991,"authority":"YEIDA","category":"residential","execution_stage":"lease-recorded"}},{"type":"Feature","geometry":{"type":"Polygon","coordinates":[[[77.581724,28.302747],[77.581727,28.302855],[77.58147,28.302861],[77.581467,28.302753],[77.581724,28.302747]]]},"properties":{"objectid":7120,"uniqueplotid":"PLNGRESIDENTIAL7120","plotmap_id":"SECTOR-18_203_2C_RESI","plotidentificationnumber":"203","plotno":"203","industrysector":"SECTOR-18","block":"2C","plotsize":"300 SQMT","plotsize_at_the_time_of_allotme":"300 SQMT","landuse_type":"RESIDENTIAL","landuse_subcategory":"RESIDENTIAL","scheme_cod":"RES01","investment":0,"employment":0,"plotstatus":"Allotted","landallotementstatus":"SOLD","landallotementtype":"ALLOTTED","allotmentid":"YEA017867","lease_deed":"Y","lease_deed_date":1681324200000,"village_name":"Rampur Bangar","khasra_no":"436,434,437,440","longitude":77.58159704,"latitude":28.30280407,"authority":"YEIDA","category":"residential","execution_stage":"lease-recorded"}},{"type":"Feature","geometry":{"type":"Polygon","coordinates":[[[77.58172,28.302639],[77.581724,28.302747],[77.581467,28.302753],[77.581464,28.302645],[77.58172,28.302639]]]},"properties":{"objectid":7121,"uniqueplotid":"PLNGRESIDENTIAL7121","plotmap_id":"SECTOR-18_204_2C_RESI","plotidentificationnumber":"204","plotno":"204","industrysector":"SECTOR-18","block":"2C","plotsize":"300 SQMT","plotsize_at_the_time_of_allotme":"300 SQMT","landuse_type":"RESIDENTIAL","landuse_subcategory":"RESIDENTIAL","scheme_cod":"RES01","investment":0,"employment":0,"plotstatus":"Allotted","landallotementstatus":"SOLD","landallotementtype":"ALLOTTED","allotmentid":"YEA008979","village_name":"Rampur Bangar","khasra_no":"436,434,440","longitude":77.58159365,"latitude":28.30269582,"authority":"YEIDA","category":"residential","execution_stage":"allotted"}},{"type":"Feature","geometry":{"type":"Polygon","coordinates":[[[77.581713,28.302422],[77.581717,28.302531],[77.58146,28.302536],[77.581457,28.302428],[77.581713,28.302422]]]},"properties":{"objectid":7122,"uniqueplotid":"PLNGRESIDENTIAL7122","plotmap_id":"SECTOR-18_206_2C_RESI","plotidentificationnumber":"206","plotno":"206","industrysector":"SECTOR-18","block":"2C","plotsize":"300 SQMT","plotsize_at_the_time_of_allotme":"300 SQMT","landuse_type":"RESIDENTIAL","landuse_subcategory":"RESIDENTIAL","scheme_cod":"RES01","investment":0,"employment":0,"plotstatus":"Allotted","landallotementstatus":"SOLD","landallotementtype":"ALLOTTED","allotmentid":"YEA005239","village_name":"Rampur Bangar","khasra_no":"441,440","longitude":77.58158687000001,"latitude":28.30247931,"authority":"YEIDA","category":"residential","execution_stage":"allotted"}},{"type":"Feature","geometry":{"type":"Polygon","coordinates":[[[77.581464,28.302645],[77.581467,28.302753],[77.581212,28.302759],[77.581208,28.30265],[77.581464,28.302645]]]},"properties":{"objectid":7123,"uniqueplotid":"PLNGRESIDENTIAL7123","plotmap_id":"SECTOR-18_197_2C_RESI","plotidentificationnumber":"197","plotno":"197","industrysector":"SECTOR-18","block":"2C","plotsize":"300 SQMT","plotsize_at_the_time_of_allotme":"300 SQMT","landuse_type":"RESIDENTIAL","landuse_subcategory":"RESIDENTIAL","scheme_cod":"RES01","investment":0,"employment":0,"plotstatus":"Allotted","landallotementstatus":"SOLD","landallotementtype":"ALLOTTED","allotmentid":"YEA014855","village_name":"Rampur Bangar","khasra_no":"436,434","longitude":77.58133759,"latitude":28.30270166,"authority":"YEIDA","category":"residential","execution_stage":"allotted"}},{"type":"Feature","geometry":{"type":"Polygon","coordinates":[[[77.581717,28.302531],[77.58172,28.302639],[77.581464,28.302645],[77.58146,28.302536],[77.581717,28.302531]]]},"properties":{"objectid":7124,"uniqueplotid":"PLNGRESIDENTIAL7124","plotmap_id":"SECTOR-18_205_2C_RESI","plotidentificationnumber":"205","plotno":"205","industrysector":"SECTOR-18","block":"2C","plotsize":"300 SQMT","plotsize_at_the_time_of_allotme":"300 SQMT","landuse_type":"RESIDENTIAL","landuse_subcategory":"RESIDENTIAL","scheme_cod":"RES01","investment":0,"employment":0,"plotstatus":"Allotted","landallotementstatus":"SOLD","landallotementtype":"ALLOTTED","allotmentid":"YEA008671","lease_deed":"Y","lease_deed_date":1574101800000,"village_name":"Rampur Bangar","khasra_no":"441,436,440","longitude":77.58159026,"latitude":28.30258756,"authority":"YEIDA","category":"residential","execution_stage":"lease-recorded"}},{"type":"Feature","geometry":{"type":"Polygon","coordinates":[[[77.58146,28.302536],[77.581464,28.302645],[77.581208,28.30265],[77.581205,28.302542],[77.58146,28.302536]]]},"properties":{"objectid":7125,"uniqueplotid":"PLNGRESIDENTIAL7125","plotmap_id":"SECTOR-18_196_2C_RESI","plotidentificationnumber":"196","plotno":"196","industrysector":"SECTOR-18","block":"2C","plotsize":"300 SQMT","plotsize_at_the_time_of_allotme":"300 SQMT","landuse_type":"RESIDENTIAL","landuse_subcategory":"RESIDENTIAL","scheme_cod":"RES01","investment":0,"employment":0,"plotstatus":"Allotted","landallotementstatus":"SOLD","landallotementtype":"ALLOTTED","allotmentid":"YEA007483","lease_deed":"Y","lease_deed_date":1674412200000,"village_name":"Rampur Bangar","khasra_no":"441,436,434","longitude":77.5813342,"latitude":28.3025934,"authority":"YEIDA","category":"residential","execution_stage":"lease-recorded"}},{"type":"Feature","geometry":{"type":"Polygon","coordinates":[[[77.581457,28.302428],[77.58146,28.302536],[77.581205,28.302542],[77.581201,28.302434],[77.581457,28.302428]]]},"properties":{"objectid":7126,"uniqueplotid":"PLNGRESIDENTIAL7126","plotmap_id":"SECTOR-18_195_2C_RESI","plotidentificationnumber":"195","plotno":"195","industrysector":"SECTOR-18","block":"2C","plotsize":"300 SQMT","plotsize_at_the_time_of_allotme":"300 SQMT","landuse_type":"RESIDENTIAL","landuse_subcategory":"RESIDENTIAL","scheme_cod":"RES01","investment":0,"employment":0,"plotstatus":"Allotted","landallotementstatus":"SOLD","landallotementtype":"ALLOTTED","allotmentid":"YEA004237","village_name":"Rampur Bangar","khasra_no":"441,436,434","longitude":77.58133082,"latitude":28.30248515,"authority":"YEIDA","category":"residential","execution_stage":"allotted"}},{"type":"Feature","geometry":{"type":"Polygon","coordinates":[[[77.582392,28.303906],[77.582396,28.304014],[77.582139,28.30402],[77.582136,28.303912],[77.582392,28.303906]]]},"properties":{"objectid":7127,"uniqueplotid":"PLNGRESIDENTIAL7127","plotmap_id":"SECTOR-18_221_2C_RESI","plotidentificationnumber":"221","plotno":"221","industrysector":"SECTOR-18","block":"2C","plotsize":"300 SQMT","plotsize_at_the_time_of_allotme":"300 SQMT","landuse_type":"RESIDENTIAL","landuse_subcategory":"RESIDENTIAL","scheme_cod":"RES01","investment":0,"employment":0,"plotstatus":"Allotted","landallotementstatus":"SOLD","landallotementtype":"ALLOTTED","allotmentid":"YEA007404","lease_deed":"Y","lease_deed_date":1640716200000,"village_name":"Rampur Bangar","khasra_no":"396,393,389","longitude":77.58226586,"latitude":28.30396295,"authority":"YEIDA","category":"residential","execution_stage":"lease-recorded"}},{"type":"Feature","geometry":{"type":"Polygon","coordinates":[[[77.582136,28.303912],[77.582139,28.30402],[77.581884,28.304026],[77.581881,28.303918],[77.582136,28.303912]]]},"properties":{"objectid":7128,"uniqueplotid":"PLNGRESIDENTIAL7128","plotmap_id":"SECTOR-18_222_2C_RESI","plotidentificationnumber":"222","plotno":"222","industrysector":"SECTOR-18","block":"2C","plotsize":"300 SQMT","plotsize_at_the_time_of_allotme":"300 SQMT","landuse_type":"RESIDENTIAL","landuse_subcategory":"RESIDENTIAL","scheme_cod":"RES01","investment":0,"employment":0,"plotstatus":"Allotted","landallotementstatus":"SOLD","landallotementtype":"ALLOTTED","allotmentid":"YEA016645","village_name":"Rampur Bangar","khasra_no":"396,393,389","longitude":77.58201014,"latitude":28.303968779999998,"authority":"YEIDA","category":"residential","execution_stage":"allotted"}},{"type":"Feature","geometry":{"type":"Polygon","coordinates":[[[77.582133,28.303803],[77.582136,28.303912],[77.581881,28.303918],[77.581877,28.303809],[77.582133,28.303803]]]},"properties":{"objectid":7129,"uniqueplotid":"PLNGRESIDENTIAL7129","plotmap_id":"SECTOR-18_223_2C_RESI","plotidentificationnumber":"223","plotno":"223","industrysector":"SECTOR-18","block":"2C","plotsize":"300 SQMT","plotsize_at_the_time_of_allotme":"300 SQMT","landuse_type":"RESIDENTIAL","landuse_subcategory":"RESIDENTIAL","scheme_cod":"RES01","investment":0,"employment":0,"plotstatus":"Allotted","landallotementstatus":"SOLD","landallotementtype":"ALLOTTED","allotmentid":"YEA007946","village_name":"Rampur Bangar","khasra_no":"396,393,389","longitude":77.58200669,"latitude":28.303860529999998,"authority":"YEIDA","category":"residential","execution_stage":"allotted"}},{"type":"Feature","geometry":{"type":"Polygon","coordinates":[[[77.582385,28.303689],[77.582389,28.303798],[77.582133,28.303803],[77.582129,28.303695],[77.582385,28.303689]]]},"properties":{"objectid":7130,"uniqueplotid":"PLNGRESIDENTIAL7130","plotmap_id":"SECTOR-18_219_2C_RESI","plotidentificationnumber":"219","plotno":"219","industrysector":"SECTOR-18","block":"2C","plotsize":"300 SQMT","plotsize_at_the_time_of_allotme":"300 SQMT","landuse_type":"RESIDENTIAL","landuse_subcategory":"RESIDENTIAL","scheme_cod":"RES01","investment":0,"employment":0,"plotstatus":"Allotted","landallotementstatus":"SOLD","landallotementtype":"ALLOTTED","allotmentid":"YEA010230","lease_deed":"Y","lease_deed_date":1679941800000,"village_name":"Rampur Bangar","khasra_no":"389","longitude":77.58225896,"latitude":28.303746439999998,"authority":"YEIDA","category":"residential","execution_stage":"lease-recorded"}},{"type":"Feature","geometry":{"type":"Polygon","coordinates":[[[77.582382,28.303581],[77.582385,28.303689],[77.582129,28.303695],[77.582126,28.303587],[77.582382,28.303581]]]},"properties":{"objectid":7131,"uniqueplotid":"PLNGRESIDENTIAL7131","plotmap_id":"SECTOR-18_218_2C_RESI","plotidentificationnumber":"218","plotno":"218","industrysector":"SECTOR-18","block":"2C","plotsize":"300 SQMT","plotsize_at_the_time_of_allotme":"300 SQMT","landuse_type":"RESIDENTIAL","landuse_subcategory":"RESIDENTIAL","scheme_cod":"RRPS01","investment":0,"employment":0,"plotstatus":"Allotted","landallotementstatus":"SOLD","landallotementtype":"ALLOTTED","allotmentid":"RRPS012580","lease_deed":"Y","lease_deed_date":1728325800000,"village_name":"Rampur Bangar","khasra_no":"413,434,389","longitude":77.58225551,"latitude":28.30363819,"authority":"YEIDA","category":"residential","execution_stage":"lease-recorded"}},{"type":"Feature","geometry":{"type":"Polygon","coordinates":[[[77.582119,28.30337],[77.582122,28.303479],[77.581867,28.303485],[77.581864,28.303376],[77.582119,28.30337]]]},"properties":{"objectid":7132,"uniqueplotid":"PLNGRESIDENTIAL7132","plotmap_id":"SECTOR-18_227_2C_RESI","plotidentificationnumber":"227","plotno":"227","industrysector":"SECTOR-18","block":"2C","plotsize":"300 SQMT","plotsize_at_the_time_of_allotme":"300 SQMT","landuse_type":"RESIDENTIAL","landuse_subcategory":"RESIDENTIAL","scheme_cod":"RES01","investment":0,"employment":0,"plotstatus":"Allotted","landallotementstatus":"SOLD","landallotementtype":"ALLOTTED","allotmentid":"YEA016209","lease_deed":"Y","lease_deed_date":1563906600000,"village_name":"Rampur Bangar","khasra_no":"436,434,437","longitude":77.58199289000001,"latitude":28.30342752,"authority":"YEIDA","category":"residential","execution_stage":"lease-recorded"}},{"type":"Feature","geometry":{"type":"Polygon","coordinates":[[[77.582378,28.303473],[77.582382,28.303581],[77.582126,28.303587],[77.582122,28.303479],[77.582378,28.303473]]]},"properties":{"objectid":7133,"uniqueplotid":"PLNGRESIDENTIAL7133","plotmap_id":"SECTOR-18_217_2C_RESI","plotidentificationnumber":"217","plotno":"217","industrysector":"SECTOR-18","block":"2C","plotsize":"300 SQMT","plotsize_at_the_time_of_allotme":"300 SQMT","landuse_type":"RESIDENTIAL","landuse_subcategory":"RESIDENTIAL","scheme_cod":"RES01","investment":0,"employment":0,"plotstatus":"Allotted","landallotementstatus":"SOLD","landallotementtype":"ALLOTTED","allotmentid":"YEA013646","village_name":"Rampur Bangar","khasra_no":"413,436,434,437,389","longitude":77.58225206,"latitude":28.30352994,"authority":"YEIDA","category":"residential","execution_stage":"allotted"}},{"type":"Feature","geometry":{"type":"Polygon","coordinates":[[[77.582122,28.303479],[77.582126,28.303587],[77.58187,28.303593],[77.581867,28.303485],[77.582122,28.303479]]]},"properties":{"objectid":7134,"uniqueplotid":"PLNGRESIDENTIAL7134","plotmap_id":"SECTOR-18_226_2C_RESI","plotidentificationnumber":"226","plotno":"226","industrysector":"SECTOR-18","block":"2C","plotsize":"300 SQMT","plotsize_at_the_time_of_allotme":"300 SQMT","landuse_type":"RESIDENTIAL","landuse_subcategory":"RESIDENTIAL","scheme_cod":"RES01","investment":0,"employment":0,"plotstatus":"Allotted","landallotementstatus":"SOLD","landallotementtype":"ALLOTTED","allotmentid":"YEA013271","lease_deed":"Y","lease_deed_date":1577039400000,"village_name":"Rampur Bangar","khasra_no":"434","longitude":77.58199634,"latitude":28.30353578,"authority":"YEIDA","category":"residential","execution_stage":"lease-recorded"}},{"type":"Feature","geometry":{"type":"Polygon","coordinates":[[[77.582375,28.303365],[77.582378,28.303473],[77.582122,28.303479],[77.582119,28.30337],[77.582375,28.303365]]]},"properties":{"objectid":7135,"uniqueplotid":"PLNGRESIDENTIAL7135","plotmap_id":"SECTOR-18_216_2C_RESI","plotidentificationnumber":"216","plotno":"216","industrysector":"SECTOR-18","block":"2C","plotsize":"300 SQMT","plotsize_at_the_time_of_allotme":"300 SQMT","landuse_type":"RESIDENTIAL","landuse_subcategory":"RESIDENTIAL","scheme_cod":"RES01","investment":0,"employment":0,"plotstatus":"Allotted","landallotementstatus":"SOLD","landallotementtype":"ALLOTTED","allotmentid":"YEA007334","village_name":"Rampur Bangar","khasra_no":"413,436,434,437","longitude":77.58224861,"latitude":28.30342169,"authority":"YEIDA","category":"residential","execution_stage":"allotted"}},{"type":"Feature","geometry":{"type":"Polygon","coordinates":[[[77.582368,28.303149],[77.582372,28.303256],[77.582115,28.303262],[77.582112,28.303154],[77.582368,28.303149]]]},"properties":{"objectid":7136,"uniqueplotid":"PLNGRESIDENTIAL7136","plotmap_id":"SECTOR-18_214_2C_RESI","plotidentificationnumber":"214","plotno":"214","industrysector":"SECTOR-18","block":"2C","plotsize":"300 SQMT","plotsize_at_the_time_of_allotme":"300 SQMT","landuse_type":"RESIDENTIAL","landuse_subcategory":"RESIDENTIAL","scheme_cod":"RES01","investment":0,"employment":0,"plotstatus":"Allotted","landallotementstatus":"SOLD","landallotementtype":"ALLOTTED","allotmentid":"YEA010886","lease_deed":"Y","lease_deed_date":1667932200000,"village_name":"Rampur Bangar","khasra_no":"437","longitude":77.58224172,"latitude":28.30320541,"authority":"YEIDA","category":"residential","execution_stage":"lease-recorded"}},{"type":"Feature","geometry":{"type":"Polygon","coordinates":[[[77.582112,28.303154],[77.582115,28.303262],[77.58186,28.303268],[77.581857,28.30316],[77.582112,28.303154]]]},"properties":{"objectid":7137,"uniqueplotid":"PLNGRESIDENTIAL7137","plotmap_id":"SECTOR-18_229_2C_RESI","plotidentificationnumber":"229","plotno":"229","industrysector":"SECTOR-18","block":"2C","plotsize":"300 SQMT","plotsize_at_the_time_of_allotme":"300 SQMT","landuse_type":"RESIDENTIAL","landuse_subcategory":"RESIDENTIAL","scheme_cod":"RES01","investment":0,"employment":0,"plotstatus":"Allotted","landallotementstatus":"SOLD","landallotementtype":"ALLOTTED","allotmentid":"YEA008456","village_name":"Rampur Bangar","khasra_no":"436,434,437","longitude":77.581986,"latitude":28.30321124,"authority":"YEIDA","category":"residential","execution_stage":"allotted"}},{"type":"Feature","geometry":{"type":"Polygon","coordinates":[[[77.58211,28.303063],[77.581855,28.303068],[77.581851,28.302961],[77.582107,28.302955],[77.58211,28.303063]]]},"properties":{"objectid":7205,"uniqueplotid":"PLNGRESIDENTIAL7205","plotmap_id":"SECTOR-18_213M_2C_RESI","plotidentificationnumber":"213M","plotno":"213M","industrysector":"SECTOR-18","block":"2C","plotsize":"300 SQMT","plotsize_at_the_time_of_allotme":"300 SQMT","landuse_type":"RESIDENTIAL","landuse_subcategory":"RESIDENTIAL","scheme_cod":"RRPS03","investment":0,"employment":0,"plotstatus":"Allotted","landallotementstatus":"SOLD","landallotementtype":"ALLOTTED","allotmentid":"RRPS031773","village_name":"Rampur Bangar","khasra_no":"436,437","longitude":77.58198075,"latitude":28.303011700000003,"authority":"YEIDA","category":"residential","execution_stage":"allotted"}},{"type":"Feature","geometry":{"type":"Polygon","coordinates":[[[77.58209,28.302413],[77.582093,28.302521],[77.581838,28.302527],[77.581834,28.302419],[77.58209,28.302413]]]},"properties":{"objectid":7229,"uniqueplotid":"PLNGRESIDENTIAL7229","plotmap_id":"SECTOR-18_213H_2C_RESI","plotidentificationnumber":"213H","plotno":"213H","industrysector":"SECTOR-18","block":"2C","plotsize":"300 SQMT","plotsize_at_the_time_of_allotme":"300 SQMT","landuse_type":"RESIDENTIAL","landuse_subcategory":"RESIDENTIAL","scheme_cod":"RRPS03","investment":0,"employment":0,"plotstatus":"Allotted","landallotementstatus":"SOLD","landallotementtype":"ALLOTTED","allotmentid":"RRPS031913","village_name":"Rampur Bangar","khasra_no":"440","longitude":77.58196380000001,"latitude":28.302470149999998,"authority":"YEIDA","category":"residential","execution_stage":"allotted"}},{"type":"Feature","geometry":{"type":"Polygon","coordinates":[[[77.582093,28.302521],[77.582097,28.30263],[77.581841,28.302635],[77.581838,28.302527],[77.582093,28.302521]]]},"properties":{"objectid":7230,"uniqueplotid":"PLNGRESIDENTIAL7230","plotmap_id":"SECTOR-18_213I_2C_RESI","plotidentificationnumber":"213I","plotno":"213I","industrysector":"SECTOR-18","block":"2C","plotsize":"300 SQMT","plotsize_at_the_time_of_allotme":"300 SQMT","landuse_type":"RESIDENTIAL","landuse_subcategory":"RESIDENTIAL","scheme_cod":"RRPS03","investment":0,"employment":0,"plotstatus":"Allotted","landallotementstatus":"SOLD","landallotementtype":"ALLOTTED","allotmentid":"RRPS031805","lease_deed":"Y","lease_deed_date":1629829800000,"village_name":"Rampur Bangar","khasra_no":"437,440","longitude":77.58196718,"latitude":28.302578399999998,"authority":"YEIDA","category":"residential","execution_stage":"lease-recorded"}},{"type":"Feature","geometry":{"type":"Polygon","coordinates":[[[77.5821,28.302738],[77.581844,28.302744],[77.581841,28.302635],[77.582097,28.30263],[77.5821,28.302738]]]},"properties":{"objectid":7231,"uniqueplotid":"PLNGRESIDENTIAL7231","plotmap_id":"SECTOR-18_213J_2C_RESI","plotidentificationnumber":"213J","plotno":"213J","industrysector":"SECTOR-18","block":"2C","plotsize":"300 SQMT","plotsize_at_the_time_of_allotme":"300 SQMT","landuse_type":"RESIDENTIAL","landuse_subcategory":"RESIDENTIAL","scheme_cod":"RRPS04","investment":0,"employment":0,"plotstatus":"Allotted","landallotementstatus":"SOLD","landallotementtype":"ALLOTTED","allotmentid":"RRPS041858","lease_deed":"Y","lease_deed_date":1624213800000,"village_name":"Rampur Bangar","khasra_no":"437,440","longitude":77.5819706,"latitude":28.30268668,"authority":"YEIDA","category":"residential","execution_stage":"lease-recorded"}},{"type":"Feature","geometry":{"type":"Polygon","coordinates":[[[77.582103,28.302847],[77.581848,28.302853],[77.581844,28.302744],[77.5821,28.302738],[77.582103,28.302847]]]},"properties":{"objectid":7232,"uniqueplotid":"PLNGRESIDENTIAL7232","plotmap_id":"SECTOR-18_213K_2C_RESI","plotidentificationnumber":"213K","plotno":"213K","industrysector":"SECTOR-18","block":"2C","plotsize":"300 SQMT","plotsize_at_the_time_of_allotme":"300 SQMT","landuse_type":"RESIDENTIAL","landuse_subcategory":"RESIDENTIAL","scheme_cod":"RRPS03","investment":0,"employment":0,"plotstatus":"Allotted","landallotementstatus":"SOLD","landallotementtype":"ALLOTTED","allotmentid":"RRPS031910","lease_deed":"Y","lease_deed_date":1679941800000,"village_name":"Rampur Bangar","khasra_no":"437,440","longitude":77.58197395,"latitude":28.30279527,"authority":"YEIDA","category":"residential","execution_stage":"lease-recorded"}},{"type":"Feature","geometry":{"type":"Polygon","coordinates":[[[77.582107,28.302955],[77.581851,28.302961],[77.581848,28.302853],[77.582103,28.302847],[77.582107,28.302955]]]},"properties":{"objectid":7233,"uniqueplotid":"PLNGRESIDENTIAL7233","plotmap_id":"SECTOR-18_213L_2C_RESI","plotidentificationnumber":"213L","plotno":"213L","industrysector":"SECTOR-18","block":"2C","plotsize":"300 SQMT","plotsize_at_the_time_of_allotme":"300 SQMT","landuse_type":"RESIDENTIAL","landuse_subcategory":"RESIDENTIAL","scheme_cod":"RRPS03","investment":0,"employment":0,"plotstatus":"Allotted","landallotementstatus":"SOLD","landallotementtype":"ALLOTTED","allotmentid":"RRPS031869","village_name":"Rampur Bangar","khasra_no":"437","longitude":77.58197737,"latitude":28.30290372,"authority":"YEIDA","category":"residential","execution_stage":"allotted"}},{"type":"Feature","geometry":{"type":"Polygon","coordinates":[[[77.582363,28.302949],[77.582107,28.302955],[77.582103,28.302847],[77.582359,28.302841],[77.582363,28.302949]]]},"properties":{"objectid":7234,"uniqueplotid":"PLNGRESIDENTIAL7234","plotmap_id":"SECTOR-18_213O_2C_RESI","plotidentificationnumber":"213O","plotno":"213O","industrysector":"SECTOR-18","block":"2C","plotsize":"300 SQMT","plotsize_at_the_time_of_allotme":"300 SQMT","landuse_type":"RESIDENTIAL","landuse_subcategory":"RESIDENTIAL","scheme_cod":"RRPS04","investment":0,"employment":0,"plotstatus":"Allotted","landallotementstatus":"SOLD","landallotementtype":"ALLOTTED","allotmentid":"RRPS041720","lease_deed":"Y","lease_deed_date":1674412200000,"village_name":"Rampur Bangar","khasra_no":"437","longitude":77.58223306000001,"latitude":28.30289789,"authority":"YEIDA","category":"residential","execution_stage":"lease-recorded"}},{"type":"Feature","geometry":{"type":"Polygon","coordinates":[[[77.582363,28.302949],[77.582366,28.303057],[77.58211,28.303063],[77.582107,28.302955],[77.582363,28.302949]]]},"properties":{"objectid":7235,"uniqueplotid":"PLNGRESIDENTIAL7235","plotmap_id":"SECTOR-18_213N_2C_RESI","plotidentificationnumber":"213N","plotno":"213N","industrysector":"SECTOR-18","block":"2C","plotsize":"300 SQMT","plotsize_at_the_time_of_allotme":"300 SQMT","landuse_type":"RESIDENTIAL","landuse_subcategory":"RESIDENTIAL","scheme_cod":"RRPS03","investment":0,"employment":0,"plotstatus":"Allotted","landallotementstatus":"SOLD","landallotementtype":"ALLOTTED","allotmentid":"RRPS031686","village_name":"Rampur Bangar","khasra_no":"437","longitude":77.58223644,"latitude":28.30300587,"authority":"YEIDA","category":"residential","execution_stage":"allotted"}},{"type":"Feature","geometry":{"type":"Polygon","coordinates":[[[77.582359,28.302841],[77.582103,28.302847],[77.5821,28.302738],[77.582356,28.302732],[77.582359,28.302841]]]},"properties":{"objectid":7236,"uniqueplotid":"PLNGRESIDENTIAL7236","plotmap_id":"SECTOR-18_213P_2C_RESI","plotidentificationnumber":"213P","plotno":"213P","industrysector":"SECTOR-18","block":"2C","plotsize":"300 SQMT","plotsize_at_the_time_of_allotme":"300 SQMT","landuse_type":"RESIDENTIAL","landuse_subcategory":"RESIDENTIAL","scheme_cod":"RRPS04","investment":0,"employment":0,"plotstatus":"Allotted","landallotementstatus":"SOLD","landallotementtype":"ALLOTTED","allotmentid":"RRPS041764","lease_deed":"Y","lease_deed_date":1630175400000,"village_name":"Rampur Bangar","khasra_no":"437","longitude":77.58222964,"latitude":28.30278956,"authority":"YEIDA","category":"residential","execution_stage":"lease-recorded"}},{"type":"Feature","geometry":{"type":"Polygon","coordinates":[[[77.582356,28.302732],[77.5821,28.302738],[77.582097,28.30263],[77.582352,28.302624],[77.582356,28.302732]]]},"properties":{"objectid":7237,"uniqueplotid":"PLNGRESIDENTIAL7237","plotmap_id":"SECTOR-18_213Q_2C_RESI","plotidentificationnumber":"213Q","plotno":"213Q","industrysector":"SECTOR-18","block":"2C","plotsize":"300 SQMT","plotsize_at_the_time_of_allotme":"300 SQMT","landuse_type":"RESIDENTIAL","landuse_subcategory":"RESIDENTIAL","scheme_cod":"RRPS04","investment":0,"employment":0,"plotstatus":"Allotted","landallotementstatus":"SOLD","landallotementtype":"ALLOTTED","allotmentid":"RRPS041775","lease_deed":"Y","lease_deed_date":1617906600000,"village_name":"Rampur Bangar","khasra_no":"437","longitude":77.58222629,"latitude":28.30268097,"authority":"YEIDA","category":"residential","execution_stage":"lease-recorded"}},{"type":"Feature","geometry":{"type":"Polygon","coordinates":[[[77.582349,28.302516],[77.582352,28.302624],[77.582097,28.30263],[77.582093,28.302521],[77.582349,28.302516]]]},"properties":{"objectid":7238,"uniqueplotid":"PLNGRESIDENTIAL7238","plotmap_id":"SECTOR-18_213R_2C_RESI","plotidentificationnumber":"213R","plotno":"213R","industrysector":"SECTOR-18","block":"2C","plotsize":"300 SQMT","plotsize_at_the_time_of_allotme":"300 SQMT","landuse_type":"RESIDENTIAL","landuse_subcategory":"RESIDENTIAL","scheme_cod":"RRPS03","investment":0,"employment":0,"plotstatus":"Allotted","landallotementstatus":"SOLD","landallotementtype":"ALLOTTED","allotmentid":"RRPS031756","lease_deed":"Y","lease_deed_date":1630348200000,"village_name":"Rampur Bangar","khasra_no":"439,437,438,440","longitude":77.58222287,"latitude":28.30257257,"authority":"YEIDA","category":"residential","execution_stage":"lease-recorded"}},{"type":"Feature","geometry":{"type":"Polygon","coordinates":[[[77.582345,28.302407],[77.582349,28.302516],[77.582093,28.302521],[77.58209,28.302413],[77.582345,28.302407]]]},"properties":{"objectid":7239,"uniqueplotid":"PLNGRESIDENTIAL7239","plotmap_id":"SECTOR-18_213S_2C_RESI","plotidentificationnumber":"213S","plotno":"213S","industrysector":"SECTOR-18","block":"2C","plotsize":"300 SQMT","plotsize_at_the_time_of_allotme":"300 SQMT","landuse_type":"RESIDENTIAL","landuse_subcategory":"RESIDENTIAL","scheme_cod":"RRPS03","investment":0,"employment":0,"plotstatus":"Allotted","landallotementstatus":"SOLD","landallotementtype":"ALLOTTED","allotmentid":"RRPS031764","lease_deed":"Y","lease_deed_date":1630089000000,"village_name":"Rampur Bangar","khasra_no":"439,437,440","longitude":77.58221949,"latitude":28.30246432,"authority":"YEIDA","category":"residential","execution_stage":"lease-recorded"}},{"type":"Feature","geometry":{"type":"Polygon","coordinates":[[[77.580658,28.301353],[77.580535,28.301355],[77.580528,28.301132],[77.58065,28.301129],[77.580658,28.301353]]]},"properties":{"objectid":18965,"uniqueplotid":"PLNGRESIDENTIAL18965","plotmap_id":"SECTOR-18_64_2C_RESI","plotidentificationnumber":"64","plotno":"64","industrysector":"SECTOR-18","block":"2C","plotsize":"300 SQMT","plotsize_at_the_time_of_allotme":"300 SQMT","landuse_type":"RESIDENTIAL","landuse_subcategory":"RESIDENTIAL","scheme_cod":"RES01","investment":0,"employment":0,"plotstatus":"Allotted","landallotementstatus":"SOLD","landallotementtype":"ALLOTTED","allotmentid":"YEA012612","village_name":"Mirzapur","khasra_no":"504,505","longitude":77.58059276,"latitude":28.301242220000002,"authority":"YEIDA","category":"residential","execution_stage":"allotted"}},{"type":"Feature","geometry":{"type":"Polygon","coordinates":[[[77.580665,28.301579],[77.580542,28.301582],[77.580535,28.301355],[77.580658,28.301353],[77.580665,28.301579]]]},"properties":{"objectid":18966,"uniqueplotid":"PLNGRESIDENTIAL18966","plotmap_id":"SECTOR-18_72_2C_RESI","plotidentificationnumber":"72","plotno":"72","industrysector":"SECTOR-18","block":"2C","plotsize":"300 SQMT","plotsize_at_the_time_of_allotme":"300 SQMT","landuse_type":"RESIDENTIAL","landuse_subcategory":"RESIDENTIAL","scheme_cod":"RES01","investment":0,"employment":0,"plotstatus":"Allotted","landallotementstatus":"SOLD","landallotementtype":"ALLOTTED","allotmentid":"YEA017531","village_name":"Mirzapur","khasra_no":"504","longitude":77.58059982,"latitude":28.301467260000003,"authority":"YEIDA","category":"residential","execution_stage":"allotted"}},{"type":"Feature","geometry":{"type":"Polygon","coordinates":[[[77.58208,28.302088],[77.581824,28.302094],[77.581821,28.301986],[77.582077,28.30198],[77.58208,28.302088]]]},"properties":{"objectid":18967,"uniqueplotid":"PLNGRESIDENTIAL18967","plotmap_id":"SECTOR-18_213D_2C_RESI","plotidentificationnumber":"213D","plotno":"213D","industrysector":"SECTOR-18","block":"2C","plotsize":"300 SQMT","plotsize_at_the_time_of_allotme":"300 SQMT","landuse_type":"RESIDENTIAL","landuse_subcategory":"RESIDENTIAL","scheme_cod":"RRPS03","investment":0,"employment":0,"plotstatus":"Allotted","landallotementstatus":"SOLD","landallotementtype":"ALLOTTED","allotmentid":"RRPS031545","village_name":"Rampur Bangar","khasra_no":"445,441","longitude":77.58195057,"latitude":28.3020372,"authority":"YEIDA","category":"residential","execution_stage":"allotted"}},{"type":"Feature","geometry":{"type":"Polygon","coordinates":[[[77.582083,28.302197],[77.581828,28.302202],[77.581824,28.302094],[77.58208,28.302088],[77.582083,28.302197]]]},"properties":{"objectid":18968,"uniqueplotid":"PLNGRESIDENTIAL18968","plotmap_id":"SECTOR-18_213E_2C_RESI","plotidentificationnumber":"213E","plotno":"213E","industrysector":"SECTOR-18","block":"2C","plotsize":"300 SQMT","plotsize_at_the_time_of_allotme":"300 SQMT","landuse_type":"RESIDENTIAL","landuse_subcategory":"RESIDENTIAL","scheme_cod":"RRPS04","investment":0,"employment":0,"plotstatus":"Allotted","landallotementstatus":"SOLD","landallotementtype":"ALLOTTED","allotmentid":"RRPS041732","village_name":"Rampur Bangar","khasra_no":"441","longitude":77.58195387,"latitude":28.30214535,"authority":"YEIDA","category":"residential","execution_stage":"allotted"}}]}
