{"type":"FeatureCollection","features":[{"type":"Feature","geometry":{"type":"Polygon","coordinates":[[[77.602649,28.351248],[77.602567,28.351256],[77.602554,28.35112],[77.602636,28.351113],[77.602649,28.351248]]]},"properties":{"objectid":2972,"uniqueplotid":"PLNGRESIDENTIAL2972","plotmap_id":"SECTOR-17_537_C_RESI","plotidentificationnumber":"537","plotno":"537","industrysector":"SECTOR-17","block":"C","plotsize":"120 SQMT","plotsize_at_the_time_of_allotme":"120 SQMT","landuse_type":"RESIDENTIAL","landuse_subcategory":"RESIDENTIAL","scheme_cod":"RPS03","investment":0,"employment":0,"plotstatus":"Allotted","landallotementstatus":"SOLD","landallotementtype":"ALLOTTED","allotmentid":"RPS031953","allotment_date":1464114600000,"rate_of_allotment":15620,"lease_deed":"N","village_name":"Dhanauri","khasra_no":"226","longitude":77.60260138,"latitude":28.351184359999998,"authority":"YEIDA","category":"residential","execution_stage":"allotted"}},{"type":"Feature","geometry":{"type":"Polygon","coordinates":[[[77.602731,28.351241],[77.602649,28.351248],[77.602636,28.351113],[77.602718,28.351105],[77.602731,28.351241]]]},"properties":{"objectid":2973,"uniqueplotid":"PLNGRESIDENTIAL2973","plotmap_id":"SECTOR-17_538_C_RESI","plotidentificationnumber":"538","plotno":"538","industrysector":"SECTOR-17","block":"C","plotsize":"120 SQMT","plotsize_at_the_time_of_allotme":"120 SQMT","landuse_type":"RESIDENTIAL","landuse_subcategory":"RESIDENTIAL","scheme_cod":"RPS03","investment":0,"employment":0,"plotstatus":"Allotted","landallotementstatus":"SOLD","landallotementtype":"ALLOTTED","allotmentid":"RPS031157","allotment_date":1464114600000,"rate_of_allotment":15620,"lease_deed":"N","village_name":"Dhanauri","khasra_no":"226","longitude":77.60268357999999,"latitude":28.35117681,"authority":"YEIDA","category":"residential","execution_stage":"allotted"}},{"type":"Feature","geometry":{"type":"Polygon","coordinates":[[[77.602834,28.351231],[77.602731,28.351241],[77.602718,28.351105],[77.602821,28.351096],[77.602834,28.351231]]]},"properties":{"objectid":2974,"uniqueplotid":"PLNGRESIDENTIAL2974","plotmap_id":"SECTOR-17_539_C_RESI","plotidentificationnumber":"539","plotno":"539","industrysector":"SECTOR-17","block":"C","plotsize":"120 SQMT","landuse_type":"RESIDENTIAL","landuse_subcategory":"RESIDENTIAL","investment":0,"employment":0,"landallotementstatus":"VACANT","landallotementtype":"VACANT","village_name":"Dhanauri","khasra_no":"226","longitude":77.60277603,"latitude":28.35116833,"authority":"YEIDA","category":"residential","execution_stage":"vacant"}},{"type":"Feature","geometry":{"type":"Polygon","coordinates":[[[77.603841,28.351138],[77.603738,28.351148],[77.603725,28.351012],[77.603828,28.351002],[77.603841,28.351138]]]},"properties":{"objectid":2975,"uniqueplotid":"PLNGRESIDENTIAL2975","plotmap_id":"SECTOR-17_540_C_RESI","plotidentificationnumber":"540","plotno":"540","industrysector":"SECTOR-17","block":"C","plotsize":"120 SQMT","plotsize_at_the_time_of_allotme":"120 SQMT","landuse_type":"RESIDENTIAL","landuse_subcategory":"RESIDENTIAL","scheme_cod":"RPS03","investment":0,"employment":0,"plotstatus":"Allotted","landallotementstatus":"SOLD","landallotementtype":"ALLOTTED","allotmentid":"RPS031138","allotment_date":1464114600000,"rate_of_allotment":15620,"lease_deed":"Y","village_name":"Dhanauri","khasra_no":"226","longitude":77.60378292,"latitude":28.35107509,"authority":"YEIDA","category":"residential","execution_stage":"lease-recorded"}},{"type":"Feature","geometry":{"type":"Polygon","coordinates":[[[77.603923,28.351131],[77.603841,28.351138],[77.603828,28.351002],[77.60391,28.350995],[77.603923,28.351131]]]},"properties":{"objectid":2976,"uniqueplotid":"PLNGRESIDENTIAL2976","plotmap_id":"SECTOR-17_541_C_RESI","plotidentificationnumber":"541","plotno":"541","industrysector":"SECTOR-17","block":"C","plotsize":"120 SQMT","plotsize_at_the_time_of_allotme":"120 SQMT","landuse_type":"RESIDENTIAL","landuse_subcategory":"RESIDENTIAL","scheme_cod":"RPS03","investment":0,"employment":0,"plotstatus":"Allotted","landallotementstatus":"SOLD","landallotementtype":"ALLOTTED","allotmentid":"RPS031181","allotment_date":1464114600000,"rate_of_allotment":15620,"lease_deed":"N","village_name":"Dhanauri","khasra_no":"229,226","longitude":77.60387538,"latitude":28.35106653,"authority":"YEIDA","category":"residential","execution_stage":"allotted"}},{"type":"Feature","geometry":{"type":"Polygon","coordinates":[[[77.604005,28.351123],[77.603923,28.351131],[77.60391,28.350995],[77.603992,28.350987],[77.604005,28.351123]]]},"properties":{"objectid":2977,"uniqueplotid":"PLNGRESIDENTIAL2977","plotmap_id":"SECTOR-17_542_C_RESI","plotidentificationnumber":"542","plotno":"542","industrysector":"SECTOR-17","block":"C","plotsize":"120 SQMT","plotsize_at_the_time_of_allotme":"120 SQMT","landuse_type":"RESIDENTIAL","landuse_subcategory":"RESIDENTIAL","scheme_cod":"RPS03","investment":0,"employment":0,"plotstatus":"Allotted","landallotementstatus":"SOLD","landallotementtype":"ALLOTTED","allotmentid":"RPS031662","allotment_date":1464114600000,"rate_of_allotment":15620,"lease_deed":"Y","village_name":"Dhanauri","khasra_no":"229,226","longitude":77.60395758,"latitude":28.35105893,"authority":"YEIDA","category":"residential","execution_stage":"lease-recorded"}},{"type":"Feature","geometry":{"type":"Polygon","coordinates":[[[77.604087,28.351115],[77.604005,28.351123],[77.603992,28.350987],[77.604074,28.35098],[77.604087,28.351115]]]},"properties":{"objectid":2978,"uniqueplotid":"PLNGRESIDENTIAL2978","plotmap_id":"SECTOR-17_543_C_RESI","plotidentificationnumber":"543","plotno":"543","industrysector":"SECTOR-17","block":"C","plotsize":"120 SQMT","plotsize_at_the_time_of_allotme":"120 SQMT","landuse_type":"RESIDENTIAL","landuse_subcategory":"RESIDENTIAL","scheme_cod":"RPS03","investment":0,"employment":0,"plotstatus":"Allotted","landallotementstatus":"SOLD","landallotementtype":"ALLOTTED","allotmentid":"RPS031221","allotment_date":1464114600000,"rate_of_allotment":15620,"lease_deed":"Y","village_name":"Dhanauri","khasra_no":"229,226","longitude":77.60403977,"latitude":28.35105133,"authority":"YEIDA","category":"residential","execution_stage":"lease-recorded"}},{"type":"Feature","geometry":{"type":"Polygon","coordinates":[[[77.60417,28.351108],[77.604087,28.351115],[77.604074,28.35098],[77.604157,28.350972],[77.60417,28.351108]]]},"properties":{"objectid":2979,"uniqueplotid":"PLNGRESIDENTIAL2979","plotmap_id":"SECTOR-17_544_C_RESI","plotidentificationnumber":"544","plotno":"544","industrysector":"SECTOR-17","block":"C","plotsize":"120 SQMT","plotsize_at_the_time_of_allotme":"120 SQMT","landuse_type":"RESIDENTIAL","landuse_subcategory":"RESIDENTIAL","scheme_cod":"RPS03","investment":0,"employment":0,"plotstatus":"Allotted","landallotementstatus":"SOLD","landallotementtype":"ALLOTTED","allotmentid":"RPS031079","allotment_date":1464114600000,"rate_of_allotment":15620,"lease_deed":"Y","village_name":"Dhanauri","khasra_no":"229","longitude":77.60412197000001,"latitude":28.35104372,"authority":"YEIDA","category":"residential","execution_stage":"lease-recorded"}},{"type":"Feature","geometry":{"type":"Polygon","coordinates":[[[77.604252,28.3511],[77.60417,28.351108],[77.604157,28.350972],[77.604239,28.350964],[77.604252,28.3511]]]},"properties":{"objectid":2980,"uniqueplotid":"PLNGRESIDENTIAL2980","plotmap_id":"SECTOR-17_545_C_RESI","plotidentificationnumber":"545","plotno":"545","industrysector":"SECTOR-17","block":"C","plotsize":"120 SQMT","plotsize_at_the_time_of_allotme":"120 SQMT","landuse_type":"RESIDENTIAL","landuse_subcategory":"RESIDENTIAL","scheme_cod":"RPS03","investment":0,"employment":0,"plotstatus":"Allotted","landallotementstatus":"SOLD","landallotementtype":"ALLOTTED","allotmentid":"RPS032002","allotment_date":1464114600000,"rate_of_allotment":15620,"lease_deed":"Y","village_name":"Dhanauri","khasra_no":"229,38","longitude":77.60420416000001,"latitude":28.35103612,"authority":"YEIDA","category":"residential","execution_stage":"lease-recorded"}},{"type":"Feature","geometry":{"type":"Polygon","coordinates":[[[77.604334,28.351093],[77.604252,28.3511],[77.604239,28.350964],[77.604321,28.350957],[77.604334,28.351093]]]},"properties":{"objectid":2981,"uniqueplotid":"PLNGRESIDENTIAL2981","plotmap_id":"SECTOR-17_546_C_RESI","plotidentificationnumber":"546","plotno":"546","industrysector":"SECTOR-17","block":"C","plotsize":"120 SQMT","plotsize_at_the_time_of_allotme":"120 SQMT","landuse_type":"RESIDENTIAL","landuse_subcategory":"RESIDENTIAL","scheme_cod":"RPS03","investment":0,"employment":0,"plotstatus":"Allotted","landallotementstatus":"SOLD","landallotementtype":"ALLOTTED","allotmentid":"RPS031400","allotment_date":1464114600000,"rate_of_allotment":15620,"lease_deed":"Y","village_name":"Dhanauri","khasra_no":"229,38","longitude":77.60428635000001,"latitude":28.35102852,"authority":"YEIDA","category":"residential","execution_stage":"lease-recorded"}},{"type":"Feature","geometry":{"type":"Polygon","coordinates":[[[77.604401,28.350949],[77.604485,28.350942],[77.604498,28.351077],[77.604416,28.351085],[77.604401,28.350949]]]},"properties":{"objectid":2982,"uniqueplotid":"PLNGRESIDENTIAL2982","plotmap_id":"SECTOR-17_547_C_RESI","plotidentificationnumber":"547","plotno":"547","industrysector":"SECTOR-17","block":"C","plotsize":"120 SQMT","plotsize_at_the_time_of_allotme":"120 SQMT","landuse_type":"RESIDENTIAL","landuse_subcategory":"RESIDENTIAL","scheme_cod":"RPS03","investment":0,"employment":0,"plotstatus":"Allotted","landallotementstatus":"SOLD","landallotementtype":"ALLOTTED","allotmentid":"RPS032008","allotment_date":1464114600000,"rate_of_allotment":15620,"lease_deed":"Y","village_name":"Dhanauri","khasra_no":"38,37","longitude":77.60445001,"latitude":28.35101319,"authority":"YEIDA","category":"residential","execution_stage":"lease-recorded"}},{"type":"Feature","geometry":{"type":"Polygon","coordinates":[[[77.604581,28.35107],[77.604498,28.351077],[77.604485,28.350942],[77.604568,28.350934],[77.604581,28.35107]]]},"properties":{"objectid":2983,"uniqueplotid":"PLNGRESIDENTIAL2983","plotmap_id":"SECTOR-17_549_C_RESI","plotidentificationnumber":"549","plotno":"549","industrysector":"SECTOR-17","block":"C","plotsize":"120 SQMT","plotsize_at_the_time_of_allotme":"120 SQMT","landuse_type":"RESIDENTIAL","landuse_subcategory":"RESIDENTIAL","scheme_cod":"RPS03","investment":0,"employment":0,"plotstatus":"Allotted","landallotementstatus":"SOLD","landallotementtype":"ALLOTTED","allotmentid":"RPS031322","allotment_date":1464114600000,"rate_of_allotment":15620,"lease_deed":"N","village_name":"Dhanauri","khasra_no":"37","longitude":77.60453293,"latitude":28.35100571,"authority":"YEIDA","category":"residential","execution_stage":"allotted"}},{"type":"Feature","geometry":{"type":"Polygon","coordinates":[[[77.604663,28.351062],[77.604581,28.35107],[77.604568,28.350934],[77.60465,28.350926],[77.604663,28.351062]]]},"properties":{"objectid":2984,"uniqueplotid":"PLNGRESIDENTIAL2984","plotmap_id":"SECTOR-17_550_C_RESI","plotidentificationnumber":"550","plotno":"550","industrysector":"SECTOR-17","block":"C","plotsize":"120 SQMT","plotsize_at_the_time_of_allotme":"120 SQMT","landuse_type":"RESIDENTIAL","landuse_subcategory":"RESIDENTIAL","scheme_cod":"RPS03","investment":0,"employment":0,"plotstatus":"Allotted","landallotementstatus":"SOLD","landallotementtype":"ALLOTTED","allotmentid":"RPS031017","allotment_date":1464114600000,"rate_of_allotment":15620,"lease_deed":"N","village_name":"Dhanauri","khasra_no":"37","longitude":77.60461513,"latitude":28.350998099999998,"authority":"YEIDA","category":"residential","execution_stage":"allotted"}},{"type":"Feature","geometry":{"type":"Polygon","coordinates":[[[77.604745,28.351055],[77.604663,28.351062],[77.60465,28.350926],[77.604732,28.350919],[77.604745,28.351055]]]},"properties":{"objectid":2985,"uniqueplotid":"PLNGRESIDENTIAL2985","plotmap_id":"SECTOR-17_551_C_RESI","plotidentificationnumber":"551","plotno":"551","industrysector":"SECTOR-17","block":"C","plotsize":"120 SQMT","plotsize_at_the_time_of_allotme":"120 SQMT","landuse_type":"RESIDENTIAL","landuse_subcategory":"RESIDENTIAL","scheme_cod":"RPS07","investment":0,"employment":0,"plotstatus":"Allotted","landallotementstatus":"SOLD","landallotementtype":"ALLOTTED","allotmentid":"RPS071081","allotment_date":1698777000000,"rate_of_allotment":24900,"lease_deed":"N","village_name":"Dhanauri","khasra_no":"33,37,34","longitude":77.60469732,"latitude":28.350990499999998,"authority":"YEIDA","category":"residential","execution_stage":"allotted"}},{"type":"Feature","geometry":{"type":"Polygon","coordinates":[[[77.604827,28.351047],[77.604745,28.351055],[77.604732,28.350919],[77.604814,28.350911],[77.604827,28.351047]]]},"properties":{"objectid":2986,"uniqueplotid":"PLNGRESIDENTIAL2986","plotmap_id":"SECTOR-17_552_C_RESI","plotidentificationnumber":"552","plotno":"552","industrysector":"SECTOR-17","block":"C","plotsize":"120 SQMT","plotsize_at_the_time_of_allotme":"120 SQMT","landuse_type":"RESIDENTIAL","landuse_subcategory":"RESIDENTIAL","scheme_cod":"RPS07","investment":0,"employment":0,"plotstatus":"Allotted","landallotementstatus":"SOLD","landallotementtype":"ALLOTTED","allotmentid":"RPS071074","allotment_date":1698777000000,"rate_of_allotment":24900,"lease_deed":"N","village_name":"Dhanauri","khasra_no":"37,34","longitude":77.60477951,"latitude":28.350982899999998,"authority":"YEIDA","category":"residential","execution_stage":"allotted"}},{"type":"Feature","geometry":{"type":"Polygon","coordinates":[[[77.604909,28.351039],[77.604827,28.351047],[77.604814,28.350911],[77.604896,28.350904],[77.604909,28.351039]]]},"properties":{"objectid":2987,"uniqueplotid":"PLNGRESIDENTIAL2987","plotmap_id":"SECTOR-17_553_C_RESI","plotidentificationnumber":"553","plotno":"553","industrysector":"SECTOR-17","block":"C","plotsize":"120 SQMT","plotsize_at_the_time_of_allotme":"120 SQMT","landuse_type":"RESIDENTIAL","landuse_subcategory":"RESIDENTIAL","scheme_cod":"RPS07","investment":0,"employment":0,"plotstatus":"Allotted","landallotementstatus":"SOLD","landallotementtype":"ALLOTTED","allotmentid":"RPS071009","allotment_date":1698777000000,"rate_of_allotment":24900,"lease_deed":"N","village_name":"Dhanauri","khasra_no":"37,34","longitude":77.60486171,"latitude":28.35097529,"authority":"YEIDA","category":"residential","execution_stage":"allotted"}},{"type":"Feature","geometry":{"type":"Polygon","coordinates":[[[77.604991,28.351032],[77.604909,28.351039],[77.604896,28.350904],[77.604979,28.350896],[77.604991,28.351032]]]},"properties":{"objectid":2988,"uniqueplotid":"PLNGRESIDENTIAL2988","plotmap_id":"SECTOR-17_554_C_RESI","plotidentificationnumber":"554","plotno":"554","industrysector":"SECTOR-17","block":"C","plotsize":"120 SQMT","plotsize_at_the_time_of_allotme":"120 SQMT","landuse_type":"RESIDENTIAL","landuse_subcategory":"RESIDENTIAL","scheme_cod":"RPS07","investment":0,"employment":0,"plotstatus":"Allotted","landallotementstatus":"SOLD","landallotementtype":"ALLOTTED","allotmentid":"RPS071141","allotment_date":1698777000000,"rate_of_allotment":24900,"lease_deed":"N","village_name":"Dhanauri","khasra_no":"37,34","longitude":77.6049439,"latitude":28.35096769,"authority":"YEIDA","category":"residential","execution_stage":"allotted"}},{"type":"Feature","geometry":{"type":"Polygon","coordinates":[[[77.605074,28.351024],[77.604991,28.351032],[77.604979,28.350896],[77.605061,28.350888],[77.605074,28.351024]]]},"properties":{"objectid":2989,"uniqueplotid":"PLNGRESIDENTIAL2989","plotmap_id":"SECTOR-17_555_C_RESI","plotidentificationnumber":"555","plotno":"555","industrysector":"SECTOR-17","block":"C","plotsize":"120 SQMT","plotsize_at_the_time_of_allotme":"120 SQMT","landuse_type":"RESIDENTIAL","landuse_subcategory":"RESIDENTIAL","scheme_cod":"RPS03","investment":0,"employment":0,"plotstatus":"Allotted","landallotementstatus":"SOLD","landallotementtype":"ALLOTTED","allotmentid":"RPS031473","allotment_date":1464114600000,"rate_of_allotment":15620,"lease_deed":"N","village_name":"Dhanauri","khasra_no":"34","longitude":77.60502609000001,"latitude":28.35096009,"authority":"YEIDA","category":"residential","execution_stage":"allotted"}},{"type":"Feature","geometry":{"type":"Polygon","coordinates":[[[77.605156,28.351017],[77.605074,28.351024],[77.605061,28.350888],[77.605143,28.350881],[77.605156,28.351017]]]},"properties":{"objectid":2990,"uniqueplotid":"PLNGRESIDENTIAL2990","plotmap_id":"SECTOR-17_556_C_RESI","plotidentificationnumber":"556","plotno":"556","industrysector":"SECTOR-17","block":"C","plotsize":"120 SQMT","plotsize_at_the_time_of_allotme":"120 SQMT","landuse_type":"RESIDENTIAL","landuse_subcategory":"RESIDENTIAL","scheme_cod":"RPS03","investment":0,"employment":0,"plotstatus":"Allotted","landallotementstatus":"SOLD","landallotementtype":"ALLOTTED","allotmentid":"RPS031739","allotment_date":1464114600000,"rate_of_allotment":15620,"lease_deed":"N","village_name":"Dhanauri","khasra_no":"34","longitude":77.60510828999999,"latitude":28.35095249,"authority":"YEIDA","category":"residential","execution_stage":"allotted"}},{"type":"Feature","geometry":{"type":"Polygon","coordinates":[[[77.605238,28.351009],[77.605156,28.351017],[77.605143,28.350881],[77.605225,28.350873],[77.605238,28.351009]]]},"properties":{"objectid":2991,"uniqueplotid":"PLNGRESIDENTIAL2991","plotmap_id":"SECTOR-17_557_C_RESI","plotidentificationnumber":"557","plotno":"557","industrysector":"SECTOR-17","block":"C","plotsize":"120 SQMT","plotsize_at_the_time_of_allotme":"120 SQMT","landuse_type":"RESIDENTIAL","landuse_subcategory":"RESIDENTIAL","scheme_cod":"RPS03","investment":0,"employment":0,"plotstatus":"Allotted","landallotementstatus":"SOLD","landallotementtype":"ALLOTTED","allotmentid":"RPS031848","allotment_date":1464114600000,"rate_of_allotment":15620,"lease_deed":"N","village_name":"Dhanauri","khasra_no":"34,35","longitude":77.60519047999999,"latitude":28.35094488,"authority":"YEIDA","category":"residential","execution_stage":"allotted"}},{"type":"Feature","geometry":{"type":"Polygon","coordinates":[[[77.60532,28.351001],[77.605238,28.351009],[77.605225,28.350873],[77.605307,28.350866],[77.60532,28.351001]]]},"properties":{"objectid":2992,"uniqueplotid":"PLNGRESIDENTIAL2992","plotmap_id":"SECTOR-17_558_C_RESI","plotidentificationnumber":"558","plotno":"558","industrysector":"SECTOR-17","block":"C","plotsize":"120 SQMT","plotsize_at_the_time_of_allotme":"120 SQMT","landuse_type":"RESIDENTIAL","landuse_subcategory":"RESIDENTIAL","scheme_cod":"RPS03","investment":0,"employment":0,"plotstatus":"Allotted","landallotementstatus":"SOLD","landallotementtype":"ALLOTTED","allotmentid":"RPS031464","allotment_date":1464114600000,"rate_of_allotment":15620,"lease_deed":"N","village_name":"Dhanauri","khasra_no":"34,35","longitude":77.60527266999999,"latitude":28.35093728,"authority":"YEIDA","category":"residential","execution_stage":"allotted"}},{"type":"Feature","geometry":{"type":"Polygon","coordinates":[[[77.605333,28.351137],[77.605251,28.351145],[77.605238,28.351009],[77.60532,28.351001],[77.605333,28.351137]]]},"properties":{"objectid":2993,"uniqueplotid":"PLNGRESIDENTIAL2993","plotmap_id":"SECTOR-17_559_C_RESI","plotidentificationnumber":"559","plotno":"559","industrysector":"SECTOR-17","block":"C","plotsize":"120 SQMT","plotsize_at_the_time_of_allotme":"120 SQMT","landuse_type":"RESIDENTIAL","landuse_subcategory":"RESIDENTIAL","scheme_cod":"RPS03","investment":0,"employment":0,"plotstatus":"Allotted","landallotementstatus":"SOLD","landallotementtype":"ALLOTTED","allotmentid":"RPS031152","allotment_date":1464114600000,"rate_of_allotment":15620,"lease_deed":"Y","village_name":"Dhanauri","khasra_no":"34,35","longitude":77.60528563,"latitude":28.35107304,"authority":"YEIDA","category":"residential","execution_stage":"lease-recorded"}},{"type":"Feature","geometry":{"type":"Polygon","coordinates":[[[77.605251,28.351145],[77.605169,28.351152],[77.605156,28.351017],[77.605238,28.351009],[77.605251,28.351145]]]},"properties":{"objectid":2994,"uniqueplotid":"PLNGRESIDENTIAL2994","plotmap_id":"SECTOR-17_560_C_RESI","plotidentificationnumber":"560","plotno":"560","industrysector":"SECTOR-17","block":"C","plotsize":"120 SQMT","plotsize_at_the_time_of_allotme":"120 SQMT","landuse_type":"RESIDENTIAL","landuse_subcategory":"RESIDENTIAL","scheme_cod":"RPS03","investment":0,"employment":0,"plotstatus":"Allotted","landallotementstatus":"SOLD","landallotementtype":"ALLOTTED","allotmentid":"RPS031864","allotment_date":1464114600000,"rate_of_allotment":15620,"lease_deed":"Y","village_name":"Dhanauri","khasra_no":"34","longitude":77.60520344,"latitude":28.35108064,"authority":"YEIDA","category":"residential","execution_stage":"lease-recorded"}},{"type":"Feature","geometry":{"type":"Polygon","coordinates":[[[77.605169,28.351152],[77.605087,28.35116],[77.605074,28.351024],[77.605156,28.351017],[77.605169,28.351152]]]},"properties":{"objectid":2995,"uniqueplotid":"PLNGRESIDENTIAL2995","plotmap_id":"SECTOR-17_561_C_RESI","plotidentificationnumber":"561","plotno":"561","industrysector":"SECTOR-17","block":"C","plotsize":"120 SQMT","plotsize_at_the_time_of_allotme":"120 SQMT","landuse_type":"RESIDENTIAL","landuse_subcategory":"RESIDENTIAL","scheme_cod":"RPS03","investment":0,"employment":0,"plotstatus":"Allotted","landallotementstatus":"SOLD","landallotementtype":"ALLOTTED","allotmentid":"RPS031816","allotment_date":1464114600000,"rate_of_allotment":15620,"lease_deed":"N","village_name":"Dhanauri","khasra_no":"34","longitude":77.60512123999999,"latitude":28.35108825,"authority":"YEIDA","category":"residential","execution_stage":"allotted"}},{"type":"Feature","geometry":{"type":"Polygon","coordinates":[[[77.605087,28.35116],[77.605004,28.351168],[77.604991,28.351032],[77.605074,28.351024],[77.605087,28.35116]]]},"properties":{"objectid":2996,"uniqueplotid":"PLNGRESIDENTIAL2996","plotmap_id":"SECTOR-17_562_C_RESI","plotidentificationnumber":"562","plotno":"562","industrysector":"SECTOR-17","block":"C","plotsize":"120 SQMT","plotsize_at_the_time_of_allotme":"120 SQMT","landuse_type":"RESIDENTIAL","landuse_subcategory":"RESIDENTIAL","scheme_cod":"RPS03","investment":0,"employment":0,"plotstatus":"Allotted","landallotementstatus":"SOLD","landallotementtype":"ALLOTTED","allotmentid":"RPS031870","allotment_date":1464114600000,"rate_of_allotment":15620,"lease_deed":"N","village_name":"Dhanauri","khasra_no":"34","longitude":77.60503905,"latitude":28.35109585,"authority":"YEIDA","category":"residential","execution_stage":"allotted"}},{"type":"Feature","geometry":{"type":"Polygon","coordinates":[[[77.605004,28.351168],[77.604922,28.351175],[77.604909,28.351039],[77.604991,28.351032],[77.605004,28.351168]]]},"properties":{"objectid":2997,"uniqueplotid":"PLNGRESIDENTIAL2997","plotmap_id":"SECTOR-17_563_C_RESI","plotidentificationnumber":"563","plotno":"563","industrysector":"SECTOR-17","block":"C","plotsize":"120 SQMT","plotsize_at_the_time_of_allotme":"120 SQMT","landuse_type":"RESIDENTIAL","landuse_subcategory":"RESIDENTIAL","scheme_cod":"RPS03","investment":0,"employment":0,"plotstatus":"Allotted","landallotementstatus":"SOLD","landallotementtype":"ALLOTTED","allotmentid":"RPS032060","allotment_date":1464114600000,"rate_of_allotment":15620,"lease_deed":"N","village_name":"Dhanauri","khasra_no":"34","longitude":77.60495686,"latitude":28.35110345,"authority":"YEIDA","category":"residential","execution_stage":"allotted"}},{"type":"Feature","geometry":{"type":"Polygon","coordinates":[[[77.604922,28.351175],[77.60484,28.351183],[77.604827,28.351047],[77.604909,28.351039],[77.604922,28.351175]]]},"properties":{"objectid":2998,"uniqueplotid":"PLNGRESIDENTIAL2998","plotmap_id":"SECTOR-17_564_C_RESI","plotidentificationnumber":"564","plotno":"564","industrysector":"SECTOR-17","block":"C","plotsize":"120 SQMT","plotsize_at_the_time_of_allotme":"120 SQMT","landuse_type":"RESIDENTIAL","landuse_subcategory":"RESIDENTIAL","scheme_cod":"RPS03","investment":0,"employment":0,"plotstatus":"Allotted","landallotementstatus":"SOLD","landallotementtype":"ALLOTTED","allotmentid":"RPS031715","allotment_date":1464114600000,"rate_of_allotment":15620,"lease_deed":"N","village_name":"Dhanauri","khasra_no":"33,34","longitude":77.60487466,"latitude":28.351111059999997,"authority":"YEIDA","category":"residential","execution_stage":"allotted"}},{"type":"Feature","geometry":{"type":"Polygon","coordinates":[[[77.60484,28.351183],[77.604758,28.35119],[77.604745,28.351055],[77.604827,28.351047],[77.60484,28.351183]]]},"properties":{"objectid":2999,"uniqueplotid":"PLNGRESIDENTIAL2999","plotmap_id":"SECTOR-17_565_C_RESI","plotidentificationnumber":"565","plotno":"565","industrysector":"SECTOR-17","block":"C","plotsize":"120 SQMT","plotsize_at_the_time_of_allotme":"120 SQMT","landuse_type":"RESIDENTIAL","landuse_subcategory":"RESIDENTIAL","scheme_cod":"RPS03","investment":0,"employment":0,"plotstatus":"Allotted","landallotementstatus":"SOLD","landallotementtype":"ALLOTTED","allotmentid":"RPS031503","allotment_date":1464114600000,"rate_of_allotment":15620,"lease_deed":"N","village_name":"Dhanauri","khasra_no":"33,34","longitude":77.60479246999999,"latitude":28.351118659999997,"authority":"YEIDA","category":"residential","execution_stage":"allotted"}},{"type":"Feature","geometry":{"type":"Polygon","coordinates":[[[77.604758,28.35119],[77.604676,28.351198],[77.604663,28.351062],[77.604745,28.351055],[77.604758,28.35119]]]},"properties":{"objectid":3000,"uniqueplotid":"PLNGRESIDENTIAL3000","plotmap_id":"SECTOR-17_566_C_RESI","plotidentificationnumber":"566","plotno":"566","industrysector":"SECTOR-17","block":"C","plotsize":"120 SQMT","plotsize_at_the_time_of_allotme":"120 SQMT","landuse_type":"RESIDENTIAL","landuse_subcategory":"RESIDENTIAL","scheme_cod":"RPS03","investment":0,"employment":0,"plotstatus":"Allotted","landallotementstatus":"SOLD","landallotementtype":"ALLOTTED","allotmentid":"RPS031755","allotment_date":1464114600000,"rate_of_allotment":15620,"lease_deed":"Y","village_name":"Dhanauri","khasra_no":"33,37,34","longitude":77.60471027999999,"latitude":28.351126259999997,"authority":"YEIDA","category":"residential","execution_stage":"lease-recorded"}},{"type":"Feature","geometry":{"type":"Polygon","coordinates":[[[77.604676,28.351198],[77.604593,28.351206],[77.604581,28.35107],[77.604663,28.351062],[77.604676,28.351198]]]},"properties":{"objectid":3001,"uniqueplotid":"PLNGRESIDENTIAL3001","plotmap_id":"SECTOR-17_567_C_RESI","plotidentificationnumber":"567","plotno":"567","industrysector":"SECTOR-17","block":"C","plotsize":"120 SQMT","plotsize_at_the_time_of_allotme":"120 SQMT","landuse_type":"RESIDENTIAL","landuse_subcategory":"RESIDENTIAL","scheme_cod":"RPS03","investment":0,"employment":0,"plotstatus":"Allotted","landallotementstatus":"SOLD","landallotementtype":"ALLOTTED","allotmentid":"RPS031962","allotment_date":1464114600000,"rate_of_allotment":15620,"lease_deed":"N","village_name":"Dhanauri","khasra_no":"33,37","longitude":77.60462808000001,"latitude":28.351133869999998,"authority":"YEIDA","category":"residential","execution_stage":"allotted"}},{"type":"Feature","geometry":{"type":"Polygon","coordinates":[[[77.604593,28.351206],[77.604511,28.351213],[77.604498,28.351077],[77.604581,28.35107],[77.604593,28.351206]]]},"properties":{"objectid":3002,"uniqueplotid":"PLNGRESIDENTIAL3002","plotmap_id":"SECTOR-17_568_C_RESI","plotidentificationnumber":"568","plotno":"568","industrysector":"SECTOR-17","block":"C","plotsize":"120 SQMT","plotsize_at_the_time_of_allotme":"120 SQMT","landuse_type":"RESIDENTIAL","landuse_subcategory":"RESIDENTIAL","scheme_cod":"RPS03","investment":0,"employment":0,"plotstatus":"Allotted","landallotementstatus":"SOLD","landallotementtype":"ALLOTTED","allotmentid":"RPS032070","allotment_date":1464114600000,"rate_of_allotment":15620,"lease_deed":"N","village_name":"Dhanauri","khasra_no":"33,38,37","longitude":77.60454589,"latitude":28.351141469999998,"authority":"YEIDA","category":"residential","execution_stage":"allotted"}},{"type":"Feature","geometry":{"type":"Polygon","coordinates":[[[77.604431,28.351221],[77.604347,28.351228],[77.604334,28.351093],[77.604416,28.351085],[77.604431,28.351221]]]},"properties":{"objectid":3003,"uniqueplotid":"PLNGRESIDENTIAL3003","plotmap_id":"SECTOR-17_569_C_RESI","plotidentificationnumber":"569","plotno":"569","industrysector":"SECTOR-17","block":"C","plotsize":"120 SQMT","plotsize_at_the_time_of_allotme":"120 SQMT","landuse_type":"RESIDENTIAL","landuse_subcategory":"RESIDENTIAL","scheme_cod":"RPS03","investment":0,"employment":0,"plotstatus":"Allotted","landallotementstatus":"SOLD","landallotementtype":"ALLOTTED","allotmentid":"RPS031731","allotment_date":1464114600000,"rate_of_allotment":15620,"lease_deed":"Y","village_name":"Dhanauri","khasra_no":"38","longitude":77.60438232999999,"latitude":28.351156789999997,"authority":"YEIDA","category":"residential","execution_stage":"lease-recorded"}},{"type":"Feature","geometry":{"type":"Polygon","coordinates":[[[77.604347,28.351228],[77.604265,28.351236],[77.604252,28.3511],[77.604334,28.351093],[77.604347,28.351228]]]},"properties":{"objectid":3004,"uniqueplotid":"PLNGRESIDENTIAL3004","plotmap_id":"SECTOR-17_571_C_RESI","plotidentificationnumber":"571","plotno":"571","industrysector":"SECTOR-17","block":"C","plotsize":"120 SQMT","plotsize_at_the_time_of_allotme":"120 SQMT","landuse_type":"RESIDENTIAL","landuse_subcategory":"RESIDENTIAL","scheme_cod":"RPS03","investment":0,"employment":0,"plotstatus":"Allotted","landallotementstatus":"SOLD","landallotementtype":"ALLOTTED","allotmentid":"RPS031587","allotment_date":1464114600000,"rate_of_allotment":15620,"lease_deed":"Y","village_name":"Dhanauri","khasra_no":"38","longitude":77.60429931,"latitude":28.35116428,"authority":"YEIDA","category":"residential","execution_stage":"lease-recorded"}},{"type":"Feature","geometry":{"type":"Polygon","coordinates":[[[77.604265,28.351236],[77.604182,28.351244],[77.60417,28.351108],[77.604252,28.3511],[77.604265,28.351236]]]},"properties":{"objectid":3005,"uniqueplotid":"PLNGRESIDENTIAL3005","plotmap_id":"SECTOR-17_572_C_RESI","plotidentificationnumber":"572","plotno":"572","industrysector":"SECTOR-17","block":"C","plotsize":"120 SQMT","plotsize_at_the_time_of_allotme":"120 SQMT","landuse_type":"RESIDENTIAL","landuse_subcategory":"RESIDENTIAL","scheme_cod":"RPS03","investment":0,"employment":0,"plotstatus":"Allotted","landallotementstatus":"SOLD","landallotementtype":"ALLOTTED","allotmentid":"RPS031234","allotment_date":1464114600000,"rate_of_allotment":15620,"lease_deed":"Y","village_name":"Dhanauri","khasra_no":"229,38","longitude":77.60421711000001,"latitude":28.35117188,"authority":"YEIDA","category":"residential","execution_stage":"lease-recorded"}},{"type":"Feature","geometry":{"type":"Polygon","coordinates":[[[77.604182,28.351244],[77.6041,28.351251],[77.604087,28.351115],[77.60417,28.351108],[77.604182,28.351244]]]},"properties":{"objectid":3006,"uniqueplotid":"PLNGRESIDENTIAL3006","plotmap_id":"SECTOR-17_573_C_RESI","plotidentificationnumber":"573","plotno":"573","industrysector":"SECTOR-17","block":"C","plotsize":"120 SQMT","plotsize_at_the_time_of_allotme":"120 SQMT","landuse_type":"RESIDENTIAL","landuse_subcategory":"RESIDENTIAL","scheme_cod":"RPS03","investment":0,"employment":0,"plotstatus":"Allotted","landallotementstatus":"SOLD","landallotementtype":"ALLOTTED","allotmentid":"RPS031115","allotment_date":1464114600000,"rate_of_allotment":15620,"lease_deed":"N","village_name":"Dhanauri","khasra_no":"229,39,40,38","longitude":77.60413492,"latitude":28.35117949,"authority":"YEIDA","category":"residential","execution_stage":"allotted"}},{"type":"Feature","geometry":{"type":"Polygon","coordinates":[[[77.6041,28.351251],[77.604018,28.351259],[77.604005,28.351123],[77.604087,28.351115],[77.6041,28.351251]]]},"properties":{"objectid":3007,"uniqueplotid":"PLNGRESIDENTIAL3007","plotmap_id":"SECTOR-17_574_C_RESI","plotidentificationnumber":"574","plotno":"574","industrysector":"SECTOR-17","block":"C","plotsize":"120 SQMT","plotsize_at_the_time_of_allotme":"120 SQMT","landuse_type":"RESIDENTIAL","landuse_subcategory":"RESIDENTIAL","scheme_cod":"RRPS01","investment":0,"employment":0,"plotstatus":"Allotted","landallotementstatus":"SOLD","landallotementtype":"ALLOTTED","allotmentid":"RRPS011934","allotment_date":1546453800000,"rate_of_allotment":15620,"lease_deed":"N","village_name":"Dhanauri","khasra_no":"229,39,40,38,226","longitude":77.60405272999999,"latitude":28.35118709,"authority":"YEIDA","category":"residential","execution_stage":"allotted"}},{"type":"Feature","geometry":{"type":"Polygon","coordinates":[[[77.604018,28.351259],[77.603936,28.351266],[77.603923,28.351131],[77.604005,28.351123],[77.604018,28.351259]]]},"properties":{"objectid":3008,"uniqueplotid":"PLNGRESIDENTIAL3008","plotmap_id":"SECTOR-17_575_C_RESI","plotidentificationnumber":"575","plotno":"575","industrysector":"SECTOR-17","block":"C","plotsize":"120 SQMT","plotsize_at_the_time_of_allotme":"120 SQMT","landuse_type":"RESIDENTIAL","landuse_subcategory":"RESIDENTIAL","scheme_cod":"RPS03","investment":0,"employment":0,"plotstatus":"Allotted","landallotementstatus":"SOLD","landallotementtype":"ALLOTTED","allotmentid":"RPS031815","allotment_date":1464114600000,"rate_of_allotment":15620,"lease_deed":"Y","village_name":"Dhanauri","khasra_no":"40,226","longitude":77.60397053,"latitude":28.35119469,"authority":"YEIDA","category":"residential","execution_stage":"lease-recorded"}},{"type":"Feature","geometry":{"type":"Polygon","coordinates":[[[77.603936,28.351266],[77.603854,28.351274],[77.603841,28.351138],[77.603923,28.351131],[77.603936,28.351266]]]},"properties":{"objectid":3009,"uniqueplotid":"PLNGRESIDENTIAL3009","plotmap_id":"SECTOR-17_576_C_RESI","plotidentificationnumber":"576","plotno":"576","industrysector":"SECTOR-17","block":"C","plotsize":"120 SQMT","plotsize_at_the_time_of_allotme":"120 SQMT","landuse_type":"RESIDENTIAL","landuse_subcategory":"RESIDENTIAL","scheme_cod":"RPS03","investment":0,"employment":0,"plotstatus":"Allotted","landallotementstatus":"SOLD","landallotementtype":"ALLOTTED","allotmentid":"RPS031261","allotment_date":1464114600000,"rate_of_allotment":15620,"lease_deed":"Y","village_name":"Dhanauri","khasra_no":"226","longitude":77.60388834000001,"latitude":28.35120229,"authority":"YEIDA","category":"residential","execution_stage":"lease-recorded"}},{"type":"Feature","geometry":{"type":"Polygon","coordinates":[[[77.603854,28.351274],[77.603751,28.351283],[77.603738,28.351148],[77.603841,28.351138],[77.603854,28.351274]]]},"properties":{"objectid":3010,"uniqueplotid":"PLNGRESIDENTIAL3010","plotmap_id":"SECTOR-17_577_C_RESI","plotidentificationnumber":"577","plotno":"577","industrysector":"SECTOR-17","block":"C","plotsize":"120 SQMT","plotsize_at_the_time_of_allotme":"120 SQMT","landuse_type":"RESIDENTIAL","landuse_subcategory":"RESIDENTIAL","scheme_cod":"RPS03","investment":0,"employment":0,"plotstatus":"Allotted","landallotementstatus":"SOLD","landallotementtype":"ALLOTTED","allotmentid":"RPS031225","allotment_date":1464114600000,"rate_of_allotment":15620,"lease_deed":"N","village_name":"Dhanauri","khasra_no":"226","longitude":77.60379587,"latitude":28.351210849999998,"authority":"YEIDA","category":"residential","execution_stage":"allotted"}},{"type":"Feature","geometry":{"type":"Polygon","coordinates":[[[77.602693,28.352148],[77.602611,28.352156],[77.602598,28.35202],[77.60268,28.352013],[77.602693,28.352148]]]},"properties":{"objectid":3280,"uniqueplotid":"PLNGRESIDENTIAL3280","plotmap_id":"SECTOR-17_454_C_RESI","plotidentificationnumber":"454","plotno":"454","industrysector":"SECTOR-17","block":"C","plotsize":"120 SQMT","plotsize_at_the_time_of_allotme":"120 SQMT","landuse_type":"RESIDENTIAL","landuse_subcategory":"RESIDENTIAL","scheme_cod":"RPS03","investment":0,"employment":0,"plotstatus":"Allotted","landallotementstatus":"SOLD","landallotementtype":"ALLOTTED","allotmentid":"RPS031589","allotment_date":1464114600000,"rate_of_allotment":15620,"lease_deed":"N","village_name":"Dhanauri","khasra_no":"221,222","longitude":77.60264579,"latitude":28.35208421,"authority":"YEIDA","category":"residential","execution_stage":"allotted"}},{"type":"Feature","geometry":{"type":"Polygon","coordinates":[[[77.602796,28.352139],[77.602693,28.352148],[77.60268,28.352013],[77.602783,28.352003],[77.602796,28.352139]]]},"properties":{"objectid":3281,"uniqueplotid":"PLNGRESIDENTIAL3281","plotmap_id":"SECTOR-17_455_C_RESI","plotidentificationnumber":"455","plotno":"455","industrysector":"SECTOR-17","block":"C","plotsize":"120 SQMT","plotsize_at_the_time_of_allotme":"120 SQMT","landuse_type":"RESIDENTIAL","landuse_subcategory":"RESIDENTIAL","scheme_cod":"RPS03","investment":0,"employment":0,"plotstatus":"Allotted","landallotementstatus":"SOLD","landallotementtype":"ALLOTTED","allotmentid":"RPS031562","allotment_date":1464114600000,"rate_of_allotment":15620,"lease_deed":"N","village_name":"Dhanauri","khasra_no":"221,222,57","longitude":77.60273826,"latitude":28.35207566,"authority":"YEIDA","category":"residential","execution_stage":"allotted"}},{"type":"Feature","geometry":{"type":"Polygon","coordinates":[[[77.602783,28.352003],[77.60268,28.352013],[77.602667,28.351877],[77.60277,28.351867],[77.602783,28.352003]]]},"properties":{"objectid":3282,"uniqueplotid":"PLNGRESIDENTIAL3282","plotmap_id":"SECTOR-17_456_C_RESI","plotidentificationnumber":"456","plotno":"456","industrysector":"SECTOR-17","block":"C","plotsize":"120 SQMT","plotsize_at_the_time_of_allotme":"120 SQMT","landuse_type":"RESIDENTIAL","landuse_subcategory":"RESIDENTIAL","scheme_cod":"RPS03","investment":0,"employment":0,"plotstatus":"Allotted","landallotementstatus":"SOLD","landallotementtype":"ALLOTTED","allotmentid":"RPS031271","allotment_date":1464114600000,"rate_of_allotment":15620,"lease_deed":"N","village_name":"Dhanauri","khasra_no":"222,219","longitude":77.60272531,"latitude":28.35193989,"authority":"YEIDA","category":"residential","execution_stage":"allotted"}},{"type":"Feature","geometry":{"type":"Polygon","coordinates":[[[77.60268,28.352013],[77.602598,28.35202],[77.602585,28.351884],[77.602667,28.351877],[77.60268,28.352013]]]},"properties":{"objectid":3283,"uniqueplotid":"PLNGRESIDENTIAL3283","plotmap_id":"SECTOR-17_457_C_RESI","plotidentificationnumber":"457","plotno":"457","industrysector":"SECTOR-17","block":"C","plotsize":"120 SQMT","plotsize_at_the_time_of_allotme":"120 SQMT","landuse_type":"RESIDENTIAL","landuse_subcategory":"RESIDENTIAL","scheme_cod":"RPS03","investment":0,"employment":0,"plotstatus":"Allotted","landallotementstatus":"SOLD","landallotementtype":"ALLOTTED","allotmentid":"RPS032155","allotment_date":1464114600000,"rate_of_allotment":15620,"lease_deed":"N","village_name":"Dhanauri","khasra_no":"221,222,219","longitude":77.60263284,"latitude":28.351948450000002,"authority":"YEIDA","category":"residential","execution_stage":"allotted"}},{"type":"Feature","geometry":{"type":"Polygon","coordinates":[[[77.602657,28.351768],[77.602575,28.351776],[77.602562,28.35164],[77.602644,28.351632],[77.602657,28.351768]]]},"properties":{"objectid":3308,"uniqueplotid":"PLNGRESIDENTIAL3308","plotmap_id":"SECTOR-17_482_C_RESI","plotidentificationnumber":"482","plotno":"482","industrysector":"SECTOR-17","block":"C","plotsize":"120 SQMT","plotsize_at_the_time_of_allotme":"120 SQMT","landuse_type":"RESIDENTIAL","landuse_subcategory":"RESIDENTIAL","scheme_cod":"RPS03","investment":0,"employment":0,"plotstatus":"Allotted","landallotementstatus":"SOLD","landallotementtype":"ALLOTTED","allotmentid":"RPS031871","allotment_date":1464114600000,"rate_of_allotment":15620,"lease_deed":"N","village_name":"Dhanauri","khasra_no":"218,219","longitude":77.60260952,"latitude":28.35170408,"authority":"YEIDA","category":"residential","execution_stage":"allotted"}},{"type":"Feature","geometry":{"type":"Polygon","coordinates":[[[77.60276,28.351759],[77.602657,28.351768],[77.602644,28.351632],[77.602747,28.351623],[77.60276,28.351759]]]},"properties":{"objectid":3309,"uniqueplotid":"PLNGRESIDENTIAL3309","plotmap_id":"SECTOR-17_483_C_RESI","plotidentificationnumber":"483","plotno":"483","industrysector":"SECTOR-17","block":"C","plotsize":"120 SQMT","plotsize_at_the_time_of_allotme":"120 SQMT","landuse_type":"RESIDENTIAL","landuse_subcategory":"RESIDENTIAL","scheme_cod":"RPS03","investment":0,"employment":0,"plotstatus":"Allotted","landallotementstatus":"SOLD","landallotementtype":"ALLOTTED","allotmentid":"RPS031136","allotment_date":1464114600000,"rate_of_allotment":15620,"lease_deed":"N","village_name":"Dhanauri","khasra_no":"219","longitude":77.60270199,"latitude":28.35169552,"authority":"YEIDA","category":"residential","execution_stage":"allotted"}},{"type":"Feature","geometry":{"type":"Polygon","coordinates":[[[77.602747,28.351623],[77.602644,28.351632],[77.602631,28.351497],[77.602734,28.351487],[77.602747,28.351623]]]},"properties":{"objectid":3310,"uniqueplotid":"PLNGRESIDENTIAL3310","plotmap_id":"SECTOR-17_484_C_RESI","plotidentificationnumber":"484","plotno":"484","industrysector":"SECTOR-17","block":"C","plotsize":"120 SQMT","plotsize_at_the_time_of_allotme":"120 SQMT","landuse_type":"RESIDENTIAL","landuse_subcategory":"RESIDENTIAL","scheme_cod":"RPS03","investment":0,"employment":0,"plotstatus":"Allotted","landallotementstatus":"SOLD","landallotementtype":"ALLOTTED","allotmentid":"RPS031262","allotment_date":1464114600000,"rate_of_allotment":15620,"lease_deed":"N","village_name":"Dhanauri","khasra_no":"224,223,218,219","longitude":77.60268903,"latitude":28.35155976,"authority":"YEIDA","category":"residential","execution_stage":"allotted"}},{"type":"Feature","geometry":{"type":"Polygon","coordinates":[[[77.602644,28.351632],[77.602562,28.35164],[77.602549,28.351504],[77.602631,28.351497],[77.602644,28.351632]]]},"properties":{"objectid":3311,"uniqueplotid":"PLNGRESIDENTIAL3311","plotmap_id":"SECTOR-17_485_C_RESI","plotidentificationnumber":"485","plotno":"485","industrysector":"SECTOR-17","block":"C","plotsize":"120 SQMT","plotsize_at_the_time_of_allotme":"120 SQMT","landuse_type":"RESIDENTIAL","landuse_subcategory":"RESIDENTIAL","scheme_cod":"RPS03","investment":0,"employment":0,"plotstatus":"Allotted","landallotementstatus":"SOLD","landallotementtype":"ALLOTTED","allotmentid":"RPS031605","allotment_date":1464114600000,"rate_of_allotment":15620,"lease_deed":"Y","village_name":"Dhanauri","khasra_no":"218,219","longitude":77.60259656000001,"latitude":28.351568320000002,"authority":"YEIDA","category":"residential","execution_stage":"lease-recorded"}},{"type":"Feature","geometry":{"type":"Polygon","coordinates":[[[77.602847,28.351367],[77.602744,28.351376],[77.602731,28.351241],[77.602834,28.351231],[77.602847,28.351367]]]},"properties":{"objectid":3324,"uniqueplotid":"PLNGRESIDENTIAL3324","plotmap_id":"SECTOR-17_498_C_RESI","plotidentificationnumber":"498","plotno":"498","industrysector":"SECTOR-17","block":"C","plotsize":"120 SQMT","plotsize_at_the_time_of_allotme":"120 SQMT","landuse_type":"RESIDENTIAL","landuse_subcategory":"RESIDENTIAL","scheme_cod":"RPS03","investment":0,"employment":0,"plotstatus":"Allotted","landallotementstatus":"SOLD","landallotementtype":"ALLOTTED","allotmentid":"RPS031822","allotment_date":1464114600000,"rate_of_allotment":15620,"lease_deed":"N","village_name":"Dhanauri","khasra_no":"226","longitude":77.60278896999999,"latitude":28.35130378,"authority":"YEIDA","category":"residential","execution_stage":"allotted"}},{"type":"Feature","geometry":{"type":"Polygon","coordinates":[[[77.602744,28.351376],[77.602662,28.351384],[77.602649,28.351248],[77.602731,28.351241],[77.602744,28.351376]]]},"properties":{"objectid":3325,"uniqueplotid":"PLNGRESIDENTIAL3325","plotmap_id":"SECTOR-17_499_C_RESI","plotidentificationnumber":"499","plotno":"499","industrysector":"SECTOR-17","block":"C","plotsize":"120 SQMT","plotsize_at_the_time_of_allotme":"120 SQMT","landuse_type":"RESIDENTIAL","landuse_subcategory":"RESIDENTIAL","scheme_cod":"RPS03","investment":0,"employment":0,"plotstatus":"Allotted","landallotementstatus":"SOLD","landallotementtype":"ALLOTTED","allotmentid":"RPS031897","allotment_date":1464114600000,"rate_of_allotment":15620,"lease_deed":"N","village_name":"Dhanauri","khasra_no":"226","longitude":77.60269651,"latitude":28.35131234,"authority":"YEIDA","category":"residential","execution_stage":"allotted"}},{"type":"Feature","geometry":{"type":"Polygon","coordinates":[[[77.602662,28.351384],[77.60258,28.351391],[77.602567,28.351256],[77.602649,28.351248],[77.602662,28.351384]]]},"properties":{"objectid":3326,"uniqueplotid":"PLNGRESIDENTIAL3326","plotmap_id":"SECTOR-17_500_C_RESI","plotidentificationnumber":"500","plotno":"500","industrysector":"SECTOR-17","block":"C","plotsize":"120 SQMT","plotsize_at_the_time_of_allotme":"120 SQMT","landuse_type":"RESIDENTIAL","landuse_subcategory":"RESIDENTIAL","scheme_cod":"RPS03","investment":0,"employment":0,"plotstatus":"Allotted","landallotementstatus":"SOLD","landallotementtype":"ALLOTTED","allotmentid":"RPS031914","allotment_date":1464114600000,"rate_of_allotment":15620,"lease_deed":"N","village_name":"Dhanauri","khasra_no":"224,223,226","longitude":77.60261432,"latitude":28.351319959999998,"authority":"YEIDA","category":"residential","execution_stage":"allotted"}},{"type":"Feature","geometry":{"type":"Polygon","coordinates":[[[77.603856,28.35152],[77.603774,28.351528],[77.603761,28.351392],[77.603844,28.351384],[77.603856,28.35152]]]},"properties":{"objectid":3354,"uniqueplotid":"PLNGRESIDENTIAL3354","plotmap_id":"SECTOR-17_578_C_RESI","plotidentificationnumber":"578","plotno":"578","industrysector":"SECTOR-17","block":"C","plotsize":"120 SQMT","plotsize_at_the_time_of_allotme":"120 SQMT","landuse_type":"RESIDENTIAL","landuse_subcategory":"RESIDENTIAL","scheme_cod":"RPS03","investment":0,"employment":0,"plotstatus":"Allotted","landallotementstatus":"SOLD","landallotementtype":"ALLOTTED","allotmentid":"RPS031071","allotment_date":1464114600000,"rate_of_allotment":15620,"lease_deed":"N","village_name":"Dhanauri","khasra_no":"40,226","longitude":77.60380892,"latitude":28.351456170000002,"authority":"YEIDA","category":"residential","execution_stage":"allotted"}},{"type":"Feature","geometry":{"type":"Polygon","coordinates":[[[77.603939,28.351513],[77.603856,28.35152],[77.603844,28.351384],[77.603926,28.351377],[77.603939,28.351513]]]},"properties":{"objectid":3355,"uniqueplotid":"PLNGRESIDENTIAL3355","plotmap_id":"SECTOR-17_579_C_RESI","plotidentificationnumber":"579","plotno":"579","industrysector":"SECTOR-17","block":"C","plotsize":"120 SQMT","plotsize_at_the_time_of_allotme":"120 SQMT","landuse_type":"RESIDENTIAL","landuse_subcategory":"RESIDENTIAL","scheme_cod":"RRPS03","investment":0,"employment":0,"plotstatus":"Allotted","landallotementstatus":"SOLD","landallotementtype":"ALLOTTED","allotmentid":"RRPS031295","allotment_date":1577644200000,"rate_of_allotment":16870,"lease_deed":"Y","village_name":"Dhanauri","khasra_no":"40","longitude":77.60389111,"latitude":28.351448570000002,"authority":"YEIDA","category":"residential","execution_stage":"lease-recorded"}},{"type":"Feature","geometry":{"type":"Polygon","coordinates":[[[77.604021,28.351505],[77.603939,28.351513],[77.603926,28.351377],[77.604008,28.351369],[77.604021,28.351505]]]},"properties":{"objectid":3356,"uniqueplotid":"PLNGRESIDENTIAL3356","plotmap_id":"SECTOR-17_580_C_RESI","plotidentificationnumber":"580","plotno":"580","industrysector":"SECTOR-17","block":"C","plotsize":"120 SQMT","plotsize_at_the_time_of_allotme":"120 SQMT","landuse_type":"RESIDENTIAL","landuse_subcategory":"RESIDENTIAL","scheme_cod":"RPS03","investment":0,"employment":0,"plotstatus":"Allotted","landallotementstatus":"SOLD","landallotementtype":"ALLOTTED","allotmentid":"RPS031591","allotment_date":1464114600000,"rate_of_allotment":15620,"lease_deed":"N","village_name":"Dhanauri","khasra_no":"40","longitude":77.60397331,"latitude":28.35144096,"authority":"YEIDA","category":"residential","execution_stage":"allotted"}},{"type":"Feature","geometry":{"type":"Polygon","coordinates":[[[77.604103,28.351497],[77.604021,28.351505],[77.604008,28.351369],[77.60409,28.351362],[77.604103,28.351497]]]},"properties":{"objectid":3357,"uniqueplotid":"PLNGRESIDENTIAL3357","plotmap_id":"SECTOR-17_581_C_RESI","plotidentificationnumber":"581","plotno":"581","industrysector":"SECTOR-17","block":"C","plotsize":"120 SQMT","plotsize_at_the_time_of_allotme":"120 SQMT","landuse_type":"RESIDENTIAL","landuse_subcategory":"RESIDENTIAL","scheme_cod":"RPS03","investment":0,"employment":0,"plotstatus":"Allotted","landallotementstatus":"SOLD","landallotementtype":"ALLOTTED","allotmentid":"RPS031094","allotment_date":1464114600000,"rate_of_allotment":15620,"lease_deed":"Y","village_name":"Dhanauri","khasra_no":"40","longitude":77.6040555,"latitude":28.35143336,"authority":"YEIDA","category":"residential","execution_stage":"lease-recorded"}},{"type":"Feature","geometry":{"type":"Polygon","coordinates":[[[77.604185,28.35149],[77.604103,28.351497],[77.60409,28.351362],[77.604172,28.351354],[77.604185,28.35149]]]},"properties":{"objectid":3358,"uniqueplotid":"PLNGRESIDENTIAL3358","plotmap_id":"SECTOR-17_582_C_RESI","plotidentificationnumber":"582","plotno":"582","industrysector":"SECTOR-17","block":"C","plotsize":"120 SQMT","plotsize_at_the_time_of_allotme":"120 SQMT","landuse_type":"RESIDENTIAL","landuse_subcategory":"RESIDENTIAL","scheme_cod":"RPS03","investment":0,"employment":0,"plotstatus":"Allotted","landallotementstatus":"SOLD","landallotementtype":"ALLOTTED","allotmentid":"RPS032119","allotment_date":1464114600000,"rate_of_allotment":15620,"lease_deed":"Y","village_name":"Dhanauri","khasra_no":"40","longitude":77.60413769,"latitude":28.35142576,"authority":"YEIDA","category":"residential","execution_stage":"lease-recorded"}},{"type":"Feature","geometry":{"type":"Polygon","coordinates":[[[77.604267,28.351482],[77.604185,28.35149],[77.604172,28.351354],[77.604255,28.351346],[77.604267,28.351482]]]},"properties":{"objectid":3359,"uniqueplotid":"PLNGRESIDENTIAL3359","plotmap_id":"SECTOR-17_583_C_RESI","plotidentificationnumber":"583","plotno":"583","industrysector":"SECTOR-17","block":"C","plotsize":"120 SQMT","plotsize_at_the_time_of_allotme":"120 SQMT","landuse_type":"RESIDENTIAL","landuse_subcategory":"RESIDENTIAL","scheme_cod":"RPS03","investment":0,"employment":0,"plotstatus":"Allotted","landallotementstatus":"SOLD","landallotementtype":"ALLOTTED","allotmentid":"RPS031821","allotment_date":1464114600000,"rate_of_allotment":15620,"lease_deed":"N","village_name":"Dhanauri","khasra_no":"39,40","longitude":77.60421989000001,"latitude":28.35141815,"authority":"YEIDA","category":"residential","execution_stage":"allotted"}},{"type":"Feature","geometry":{"type":"Polygon","coordinates":[[[77.60435,28.351475],[77.604267,28.351482],[77.604255,28.351346],[77.604337,28.351339],[77.60435,28.351475]]]},"properties":{"objectid":3360,"uniqueplotid":"PLNGRESIDENTIAL3360","plotmap_id":"SECTOR-17_584_C_RESI","plotidentificationnumber":"584","plotno":"584","industrysector":"SECTOR-17","block":"C","plotsize":"120 SQMT","plotsize_at_the_time_of_allotme":"120 SQMT","landuse_type":"RESIDENTIAL","landuse_subcategory":"RESIDENTIAL","scheme_cod":"RPS03","investment":0,"employment":0,"plotstatus":"Allotted","landallotementstatus":"SOLD","landallotementtype":"ALLOTTED","allotmentid":"RPS031444","allotment_date":1464114600000,"rate_of_allotment":15620,"lease_deed":"Y","village_name":"Dhanauri","khasra_no":"39,33,40,38","longitude":77.60430208,"latitude":28.35141055,"authority":"YEIDA","category":"residential","execution_stage":"lease-recorded"}},{"type":"Feature","geometry":{"type":"Polygon","coordinates":[[[77.604432,28.351467],[77.60435,28.351475],[77.604337,28.351339],[77.604419,28.351331],[77.604432,28.351467]]]},"properties":{"objectid":3361,"uniqueplotid":"PLNGRESIDENTIAL3361","plotmap_id":"SECTOR-17_585_C_RESI","plotidentificationnumber":"585","plotno":"585","industrysector":"SECTOR-17","block":"C","plotsize":"120 SQMT","landuse_type":"RESIDENTIAL","landuse_subcategory":"RESIDENTIAL","investment":0,"employment":0,"landallotementstatus":"VACANT","landallotementtype":"VACANT","village_name":"Dhanauri","khasra_no":"39,33,40,38","longitude":77.60438427,"latitude":28.35140295,"authority":"YEIDA","category":"residential","execution_stage":"vacant"}},{"type":"Feature","geometry":{"type":"Polygon","coordinates":[[[77.604514,28.351459],[77.604432,28.351467],[77.604419,28.351331],[77.604501,28.351324],[77.604514,28.351459]]]},"properties":{"objectid":3362,"uniqueplotid":"PLNGRESIDENTIAL3362","plotmap_id":"SECTOR-17_586_C_RESI","plotidentificationnumber":"586","plotno":"586","industrysector":"SECTOR-17","block":"C","plotsize":"120 SQMT","plotsize_at_the_time_of_allotme":"120 SQMT","landuse_type":"RESIDENTIAL","landuse_subcategory":"RESIDENTIAL","scheme_cod":"RPS03","investment":0,"employment":0,"plotstatus":"Allotted","landallotementstatus":"SOLD","landallotementtype":"ALLOTTED","allotmentid":"RPS031068","allotment_date":1464114600000,"rate_of_allotment":15620,"lease_deed":"Y","village_name":"Dhanauri","khasra_no":"33","longitude":77.60446646999999,"latitude":28.35139534,"authority":"YEIDA","category":"residential","execution_stage":"lease-recorded"}},{"type":"Feature","geometry":{"type":"Polygon","coordinates":[[[77.604596,28.351452],[77.604514,28.351459],[77.604501,28.351324],[77.604583,28.351316],[77.604596,28.351452]]]},"properties":{"objectid":3363,"uniqueplotid":"PLNGRESIDENTIAL3363","plotmap_id":"SECTOR-17_587_C_RESI","plotidentificationnumber":"587","plotno":"587","industrysector":"SECTOR-17","block":"C","plotsize":"120 SQMT","plotsize_at_the_time_of_allotme":"120 SQMT","landuse_type":"RESIDENTIAL","landuse_subcategory":"RESIDENTIAL","scheme_cod":"RPS03","investment":0,"employment":0,"plotstatus":"Allotted","landallotementstatus":"SOLD","landallotementtype":"ALLOTTED","allotmentid":"RPS031812","allotment_date":1464114600000,"rate_of_allotment":15620,"lease_deed":"Y","village_name":"Dhanauri","khasra_no":"33","longitude":77.60454866,"latitude":28.35138774,"authority":"YEIDA","category":"residential","execution_stage":"lease-recorded"}},{"type":"Feature","geometry":{"type":"Polygon","coordinates":[[[77.604678,28.351444],[77.604596,28.351452],[77.604583,28.351316],[77.604665,28.351308],[77.604678,28.351444]]]},"properties":{"objectid":3364,"uniqueplotid":"PLNGRESIDENTIAL3364","plotmap_id":"SECTOR-17_588_C_RESI","plotidentificationnumber":"588","plotno":"588","industrysector":"SECTOR-17","block":"C","plotsize":"120 SQMT","plotsize_at_the_time_of_allotme":"120 SQMT","landuse_type":"RESIDENTIAL","landuse_subcategory":"RESIDENTIAL","scheme_cod":"RPS03","investment":0,"employment":0,"plotstatus":"Allotted","landallotementstatus":"SOLD","landallotementtype":"ALLOTTED","allotmentid":"RPS031289","allotment_date":1464114600000,"rate_of_allotment":15620,"lease_deed":"N","village_name":"Dhanauri","khasra_no":"33","longitude":77.60463085,"latitude":28.35138014,"authority":"YEIDA","category":"residential","execution_stage":"allotted"}},{"type":"Feature","geometry":{"type":"Polygon","coordinates":[[[77.604761,28.351437],[77.604678,28.351444],[77.604665,28.351308],[77.604748,28.351301],[77.604761,28.351437]]]},"properties":{"objectid":3365,"uniqueplotid":"PLNGRESIDENTIAL3365","plotmap_id":"SECTOR-17_589_C_RESI","plotidentificationnumber":"589","plotno":"589","industrysector":"SECTOR-17","block":"C","plotsize":"120 SQMT","plotsize_at_the_time_of_allotme":"120 SQMT","landuse_type":"RESIDENTIAL","landuse_subcategory":"RESIDENTIAL","scheme_cod":"RPS07","investment":0,"employment":0,"plotstatus":"Allotted","landallotementstatus":"SOLD","landallotementtype":"ALLOTTED","allotmentid":"RPS071003","allotment_date":1698777000000,"rate_of_allotment":24900,"lease_deed":"N","village_name":"Dhanauri","khasra_no":"33","longitude":77.60471305,"latitude":28.35137254,"authority":"YEIDA","category":"residential","execution_stage":"allotted"}},{"type":"Feature","geometry":{"type":"Polygon","coordinates":[[[77.604843,28.351429],[77.604761,28.351437],[77.604748,28.351301],[77.60483,28.351293],[77.604843,28.351429]]]},"properties":{"objectid":3366,"uniqueplotid":"PLNGRESIDENTIAL3366","plotmap_id":"SECTOR-17_590_C_RESI","plotidentificationnumber":"590","plotno":"590","industrysector":"SECTOR-17","block":"C","plotsize":"120 SQMT","plotsize_at_the_time_of_allotme":"120 SQMT","landuse_type":"RESIDENTIAL","landuse_subcategory":"RESIDENTIAL","scheme_cod":"RPS03","investment":0,"employment":0,"plotstatus":"Allotted","landallotementstatus":"SOLD","landallotementtype":"ALLOTTED","allotmentid":"RPS031022","allotment_date":1464114600000,"rate_of_allotment":15620,"lease_deed":"N","village_name":"Dhanauri","khasra_no":"33","longitude":77.60479523999999,"latitude":28.35136493,"authority":"YEIDA","category":"residential","execution_stage":"allotted"}},{"type":"Feature","geometry":{"type":"Polygon","coordinates":[[[77.604925,28.351421],[77.604843,28.351429],[77.60483,28.351293],[77.604912,28.351286],[77.604925,28.351421]]]},"properties":{"objectid":3367,"uniqueplotid":"PLNGRESIDENTIAL3367","plotmap_id":"SECTOR-17_591_C_RESI","plotidentificationnumber":"591","plotno":"591","industrysector":"SECTOR-17","block":"C","plotsize":"120 SQMT","plotsize_at_the_time_of_allotme":"120 SQMT","landuse_type":"RESIDENTIAL","landuse_subcategory":"RESIDENTIAL","scheme_cod":"RPS03","investment":0,"employment":0,"plotstatus":"Allotted","landallotementstatus":"SOLD","landallotementtype":"ALLOTTED","allotmentid":"RPS031762","allotment_date":1464114600000,"rate_of_allotment":15620,"lease_deed":"N","village_name":"Dhanauri","khasra_no":"33","longitude":77.60487743,"latitude":28.35135733,"authority":"YEIDA","category":"residential","execution_stage":"allotted"}},{"type":"Feature","geometry":{"type":"Polygon","coordinates":[[[77.604938,28.351557],[77.604856,28.351565],[77.604843,28.351429],[77.604925,28.351421],[77.604938,28.351557]]]},"properties":{"objectid":3368,"uniqueplotid":"PLNGRESIDENTIAL3368","plotmap_id":"SECTOR-17_592_C_RESI","plotidentificationnumber":"592","plotno":"592","industrysector":"SECTOR-17","block":"C","plotsize":"120 SQMT","plotsize_at_the_time_of_allotme":"120 SQMT","landuse_type":"RESIDENTIAL","landuse_subcategory":"RESIDENTIAL","scheme_cod":"RPS03","investment":0,"employment":0,"plotstatus":"Allotted","landallotementstatus":"SOLD","landallotementtype":"ALLOTTED","allotmentid":"RPS031877","allotment_date":1464114600000,"rate_of_allotment":15620,"lease_deed":"N","village_name":"Dhanauri","khasra_no":"33","longitude":77.60489039,"latitude":28.35149309,"authority":"YEIDA","category":"residential","execution_stage":"allotted"}},{"type":"Feature","geometry":{"type":"Polygon","coordinates":[[[77.604856,28.351565],[77.604774,28.351572],[77.604761,28.351437],[77.604843,28.351429],[77.604856,28.351565]]]},"properties":{"objectid":3369,"uniqueplotid":"PLNGRESIDENTIAL3369","plotmap_id":"SECTOR-17_593_C_RESI","plotidentificationnumber":"593","plotno":"593","industrysector":"SECTOR-17","block":"C","plotsize":"120 SQMT","plotsize_at_the_time_of_allotme":"120 SQMT","landuse_type":"RESIDENTIAL","landuse_subcategory":"RESIDENTIAL","scheme_cod":"RPS03","investment":0,"employment":0,"plotstatus":"Allotted","landallotementstatus":"SOLD","landallotementtype":"ALLOTTED","allotmentid":"RPS032113","allotment_date":1464114600000,"rate_of_allotment":15620,"lease_deed":"N","village_name":"Dhanauri","khasra_no":"33","longitude":77.6048082,"latitude":28.35150069,"authority":"YEIDA","category":"residential","execution_stage":"allotted"}},{"type":"Feature","geometry":{"type":"Polygon","coordinates":[[[77.604774,28.351572],[77.604691,28.35158],[77.604678,28.351444],[77.604761,28.351437],[77.604774,28.351572]]]},"properties":{"objectid":3370,"uniqueplotid":"PLNGRESIDENTIAL3370","plotmap_id":"SECTOR-17_594_C_RESI","plotidentificationnumber":"594","plotno":"594","industrysector":"SECTOR-17","block":"C","plotsize":"120 SQMT","plotsize_at_the_time_of_allotme":"120 SQMT","landuse_type":"RESIDENTIAL","landuse_subcategory":"RESIDENTIAL","scheme_cod":"RPS03","investment":0,"employment":0,"plotstatus":"Allotted","landallotementstatus":"SOLD","landallotementtype":"ALLOTTED","allotmentid":"RPS032068","allotment_date":1464114600000,"rate_of_allotment":15620,"lease_deed":"Y","village_name":"Dhanauri","khasra_no":"33","longitude":77.604726,"latitude":28.351508300000003,"authority":"YEIDA","category":"residential","execution_stage":"lease-recorded"}},{"type":"Feature","geometry":{"type":"Polygon","coordinates":[[[77.604691,28.35158],[77.604609,28.351588],[77.604596,28.351452],[77.604678,28.351444],[77.604691,28.35158]]]},"properties":{"objectid":3371,"uniqueplotid":"PLNGRESIDENTIAL3371","plotmap_id":"SECTOR-17_595_C_RESI","plotidentificationnumber":"595","plotno":"595","industrysector":"SECTOR-17","block":"C","plotsize":"120 SQMT","plotsize_at_the_time_of_allotme":"120 SQMT","landuse_type":"RESIDENTIAL","landuse_subcategory":"RESIDENTIAL","scheme_cod":"RPS03","investment":0,"employment":0,"plotstatus":"Allotted","landallotementstatus":"SOLD","landallotementtype":"ALLOTTED","allotmentid":"RPS031614","allotment_date":1464114600000,"rate_of_allotment":15620,"lease_deed":"Y","village_name":"Dhanauri","khasra_no":"33","longitude":77.60464381,"latitude":28.351515900000003,"authority":"YEIDA","category":"residential","execution_stage":"lease-recorded"}},{"type":"Feature","geometry":{"type":"Polygon","coordinates":[[[77.604609,28.351588],[77.604527,28.351595],[77.604514,28.351459],[77.604596,28.351452],[77.604609,28.351588]]]},"properties":{"objectid":3372,"uniqueplotid":"PLNGRESIDENTIAL3372","plotmap_id":"SECTOR-17_596_C_RESI","plotidentificationnumber":"596","plotno":"596","industrysector":"SECTOR-17","block":"C","plotsize":"120 SQMT","plotsize_at_the_time_of_allotme":"120 SQMT","landuse_type":"RESIDENTIAL","landuse_subcategory":"RESIDENTIAL","scheme_cod":"RPS03","investment":0,"employment":0,"plotstatus":"Allotted","landallotementstatus":"SOLD","landallotementtype":"ALLOTTED","allotmentid":"RPS031144","allotment_date":1464114600000,"rate_of_allotment":15620,"lease_deed":"N","village_name":"Dhanauri","khasra_no":"39,33","longitude":77.60456162,"latitude":28.351523500000003,"authority":"YEIDA","category":"residential","execution_stage":"allotted"}},{"type":"Feature","geometry":{"type":"Polygon","coordinates":[[[77.604527,28.351595],[77.604445,28.351603],[77.604432,28.351467],[77.604514,28.351459],[77.604527,28.351595]]]},"properties":{"objectid":3373,"uniqueplotid":"PLNGRESIDENTIAL3373","plotmap_id":"SECTOR-17_597_C_RESI","plotidentificationnumber":"597","plotno":"597","industrysector":"SECTOR-17","block":"C","plotsize":"120 SQMT","plotsize_at_the_time_of_allotme":"120 SQMT","landuse_type":"RESIDENTIAL","landuse_subcategory":"RESIDENTIAL","scheme_cod":"RPS03","investment":0,"employment":0,"plotstatus":"Allotted","landallotementstatus":"SOLD","landallotementtype":"ALLOTTED","allotmentid":"RPS031429","allotment_date":1464114600000,"rate_of_allotment":15620,"lease_deed":"N","village_name":"Dhanauri","khasra_no":"39,33,41,40","longitude":77.60447942,"latitude":28.35153111,"authority":"YEIDA","category":"residential","execution_stage":"allotted"}},{"type":"Feature","geometry":{"type":"Polygon","coordinates":[[[77.604445,28.351603],[77.604363,28.35161],[77.60435,28.351475],[77.604432,28.351467],[77.604445,28.351603]]]},"properties":{"objectid":3374,"uniqueplotid":"PLNGRESIDENTIAL3374","plotmap_id":"SECTOR-17_598_C_RESI","plotidentificationnumber":"598","plotno":"598","industrysector":"SECTOR-17","block":"C","plotsize":"120 SQMT","plotsize_at_the_time_of_allotme":"120 SQMT","landuse_type":"RESIDENTIAL","landuse_subcategory":"RESIDENTIAL","scheme_cod":"RPS03","investment":0,"employment":0,"plotstatus":"Allotted","landallotementstatus":"SOLD","landallotementtype":"ALLOTTED","allotmentid":"RPS031945","allotment_date":1464114600000,"rate_of_allotment":15620,"lease_deed":"N","village_name":"Dhanauri","khasra_no":"39,33,41,40","longitude":77.60439722999999,"latitude":28.35153871,"authority":"YEIDA","category":"residential","execution_stage":"allotted"}},{"type":"Feature","geometry":{"type":"Polygon","coordinates":[[[77.604363,28.35161],[77.60428,28.351618],[77.604267,28.351482],[77.60435,28.351475],[77.604363,28.35161]]]},"properties":{"objectid":3375,"uniqueplotid":"PLNGRESIDENTIAL3375","plotmap_id":"SECTOR-17_599_C_RESI","plotidentificationnumber":"599","plotno":"599","industrysector":"SECTOR-17","block":"C","plotsize":"120 SQMT","landuse_type":"RESIDENTIAL","landuse_subcategory":"RESIDENTIAL","investment":0,"employment":0,"landallotementstatus":"VACANT","landallotementtype":"VACANT","village_name":"Dhanauri","khasra_no":"40","longitude":77.60431503999999,"latitude":28.35154631,"authority":"YEIDA","category":"residential","execution_stage":"vacant"}},{"type":"Feature","geometry":{"type":"Polygon","coordinates":[[[77.60428,28.351618],[77.604198,28.351626],[77.604185,28.35149],[77.604267,28.351482],[77.60428,28.351618]]]},"properties":{"objectid":3376,"uniqueplotid":"PLNGRESIDENTIAL3376","plotmap_id":"SECTOR-17_600_C_RESI","plotidentificationnumber":"600","plotno":"600","industrysector":"SECTOR-17","block":"C","plotsize":"120 SQMT","plotsize_at_the_time_of_allotme":"120 SQMT","landuse_type":"RESIDENTIAL","landuse_subcategory":"RESIDENTIAL","scheme_cod":"RPS03","investment":0,"employment":0,"plotstatus":"Allotted","landallotementstatus":"SOLD","landallotementtype":"ALLOTTED","allotmentid":"RPS031686","allotment_date":1464114600000,"rate_of_allotment":15620,"lease_deed":"Y","village_name":"Dhanauri","khasra_no":"40","longitude":77.60423284000001,"latitude":28.35155392,"authority":"YEIDA","category":"residential","execution_stage":"lease-recorded"}},{"type":"Feature","geometry":{"type":"Polygon","coordinates":[[[77.604198,28.351626],[77.604116,28.351633],[77.604103,28.351497],[77.604185,28.35149],[77.604198,28.351626]]]},"properties":{"objectid":3377,"uniqueplotid":"PLNGRESIDENTIAL3377","plotmap_id":"SECTOR-17_601_C_RESI","plotidentificationnumber":"601","plotno":"601","industrysector":"SECTOR-17","block":"C","plotsize":"120 SQMT","plotsize_at_the_time_of_allotme":"120 SQMT","landuse_type":"RESIDENTIAL","landuse_subcategory":"RESIDENTIAL","scheme_cod":"RPS03","investment":0,"employment":0,"plotstatus":"Allotted","landallotementstatus":"SOLD","landallotementtype":"ALLOTTED","allotmentid":"RPS031844","allotment_date":1464114600000,"rate_of_allotment":15620,"lease_deed":"N","village_name":"Dhanauri","khasra_no":"40","longitude":77.60415065000001,"latitude":28.35156152,"authority":"YEIDA","category":"residential","execution_stage":"allotted"}},{"type":"Feature","geometry":{"type":"Polygon","coordinates":[[[77.604116,28.351633],[77.604034,28.351641],[77.604021,28.351505],[77.604103,28.351497],[77.604116,28.351633]]]},"properties":{"objectid":3378,"uniqueplotid":"PLNGRESIDENTIAL3378","plotmap_id":"SECTOR-17_602_C_RESI","plotidentificationnumber":"602","plotno":"602","industrysector":"SECTOR-17","block":"C","plotsize":"120 SQMT","plotsize_at_the_time_of_allotme":"120 SQMT","landuse_type":"RESIDENTIAL","landuse_subcategory":"RESIDENTIAL","scheme_cod":"RPS03","investment":0,"employment":0,"plotstatus":"Allotted","landallotementstatus":"SOLD","landallotementtype":"ALLOTTED","allotmentid":"RPS031304","allotment_date":1464114600000,"rate_of_allotment":15620,"lease_deed":"Y","village_name":"Dhanauri","khasra_no":"40","longitude":77.60406845,"latitude":28.35156912,"authority":"YEIDA","category":"residential","execution_stage":"lease-recorded"}},{"type":"Feature","geometry":{"type":"Polygon","coordinates":[[[77.604034,28.351641],[77.603952,28.351648],[77.603939,28.351513],[77.604021,28.351505],[77.604034,28.351641]]]},"properties":{"objectid":3379,"uniqueplotid":"PLNGRESIDENTIAL3379","plotmap_id":"SECTOR-17_603_C_RESI","plotidentificationnumber":"603","plotno":"603","industrysector":"SECTOR-17","block":"C","plotsize":"120 SQMT","plotsize_at_the_time_of_allotme":"120 SQMT","landuse_type":"RESIDENTIAL","landuse_subcategory":"RESIDENTIAL","scheme_cod":"RRPS01","investment":0,"employment":0,"plotstatus":"Allotted","landallotementstatus":"SOLD","landallotementtype":"ALLOTTED","allotmentid":"RRPS012038","allotment_date":1546453800000,"rate_of_allotment":15620,"lease_deed":"N","village_name":"Dhanauri","khasra_no":"40","longitude":77.60398626,"latitude":28.35157673,"authority":"YEIDA","category":"residential","execution_stage":"allotted"}},{"type":"Feature","geometry":{"type":"Polygon","coordinates":[[[77.603952,28.351648],[77.603869,28.351656],[77.603856,28.35152],[77.603939,28.351513],[77.603952,28.351648]]]},"properties":{"objectid":3380,"uniqueplotid":"PLNGRESIDENTIAL3380","plotmap_id":"SECTOR-17_604_C_RESI","plotidentificationnumber":"604","plotno":"604","industrysector":"SECTOR-17","block":"C","plotsize":"120 SQMT","plotsize_at_the_time_of_allotme":"120 SQMT","landuse_type":"RESIDENTIAL","landuse_subcategory":"RESIDENTIAL","scheme_cod":"RPS03","investment":0,"employment":0,"plotstatus":"Allotted","landallotementstatus":"SOLD","landallotementtype":"ALLOTTED","allotmentid":"RPS031020","allotment_date":1464114600000,"rate_of_allotment":15620,"lease_deed":"N","village_name":"Dhanauri","khasra_no":"40","longitude":77.60390407,"latitude":28.35158433,"authority":"YEIDA","category":"residential","execution_stage":"allotted"}},{"type":"Feature","geometry":{"type":"Polygon","coordinates":[[[77.603869,28.351656],[77.603787,28.351664],[77.603774,28.351528],[77.603856,28.35152],[77.603869,28.351656]]]},"properties":{"objectid":3381,"uniqueplotid":"PLNGRESIDENTIAL3381","plotmap_id":"SECTOR-17_605_C_RESI","plotidentificationnumber":"605","plotno":"605","industrysector":"SECTOR-17","block":"C","plotsize":"120 SQMT","plotsize_at_the_time_of_allotme":"120 SQMT","landuse_type":"RESIDENTIAL","landuse_subcategory":"RESIDENTIAL","scheme_cod":"RPS03","investment":0,"employment":0,"plotstatus":"Allotted","landallotementstatus":"SOLD","landallotementtype":"ALLOTTED","allotmentid":"RPS031789","allotment_date":1464114600000,"rate_of_allotment":15620,"lease_deed":"Y","village_name":"Dhanauri","khasra_no":"40","longitude":77.60382187,"latitude":28.35159193,"authority":"YEIDA","category":"residential","execution_stage":"lease-recorded"}},{"type":"Feature","geometry":{"type":"Polygon","coordinates":[[[77.603872,28.351902],[77.603769,28.351912],[77.603757,28.351776],[77.603859,28.351767],[77.603872,28.351902]]]},"properties":{"objectid":3382,"uniqueplotid":"PLNGRESIDENTIAL3382","plotmap_id":"SECTOR-17_606_C_RESI","plotidentificationnumber":"606","plotno":"606","industrysector":"SECTOR-17","block":"C","plotsize":"120 SQMT","plotsize_at_the_time_of_allotme":"120 SQMT","landuse_type":"RESIDENTIAL","landuse_subcategory":"RESIDENTIAL","scheme_cod":"RPS03","investment":0,"employment":0,"plotstatus":"Allotted","landallotementstatus":"SOLD","landallotementtype":"ALLOTTED","allotmentid":"RPS031459","allotment_date":1464114600000,"rate_of_allotment":15620,"lease_deed":"Y","village_name":"Dhanauri","khasra_no":"40","longitude":77.60381437000001,"latitude":28.35183915,"authority":"YEIDA","category":"residential","execution_stage":"lease-recorded"}},{"type":"Feature","geometry":{"type":"Polygon","coordinates":[[[77.603954,28.351895],[77.603872,28.351902],[77.603859,28.351767],[77.603941,28.351759],[77.603954,28.351895]]]},"properties":{"objectid":3383,"uniqueplotid":"PLNGRESIDENTIAL3383","plotmap_id":"SECTOR-17_607_C_RESI","plotidentificationnumber":"607","plotno":"607","industrysector":"SECTOR-17","block":"C","plotsize":"120 SQMT","plotsize_at_the_time_of_allotme":"120 SQMT","landuse_type":"RESIDENTIAL","landuse_subcategory":"RESIDENTIAL","scheme_cod":"RPS03","investment":0,"employment":0,"plotstatus":"Allotted","landallotementstatus":"SOLD","landallotementtype":"ALLOTTED","allotmentid":"RPS031775","allotment_date":1464114600000,"rate_of_allotment":15620,"lease_deed":"Y","village_name":"Dhanauri","khasra_no":"40","longitude":77.60390684,"latitude":28.3518306,"authority":"YEIDA","category":"residential","execution_stage":"lease-recorded"}},{"type":"Feature","geometry":{"type":"Polygon","coordinates":[[[77.604037,28.351887],[77.603954,28.351895],[77.603941,28.351759],[77.604024,28.351751],[77.604037,28.351887]]]},"properties":{"objectid":3384,"uniqueplotid":"PLNGRESIDENTIAL3384","plotmap_id":"SECTOR-17_608_C_RESI","plotidentificationnumber":"608","plotno":"608","industrysector":"SECTOR-17","block":"C","plotsize":"120 SQMT","plotsize_at_the_time_of_allotme":"120 SQMT","landuse_type":"RESIDENTIAL","landuse_subcategory":"RESIDENTIAL","scheme_cod":"RPS03","investment":0,"employment":0,"plotstatus":"Allotted","landallotementstatus":"SOLD","landallotementtype":"ALLOTTED","allotmentid":"RPS031888","allotment_date":1464114600000,"rate_of_allotment":15620,"lease_deed":"N","village_name":"Dhanauri","khasra_no":"41,40","longitude":77.60398903,"latitude":28.351823,"authority":"YEIDA","category":"residential","execution_stage":"allotted"}},{"type":"Feature","geometry":{"type":"Polygon","coordinates":[[[77.604119,28.351879],[77.604037,28.351887],[77.604024,28.351751],[77.604106,28.351744],[77.604119,28.351879]]]},"properties":{"objectid":3385,"uniqueplotid":"PLNGRESIDENTIAL3385","plotmap_id":"SECTOR-17_609_C_RESI","plotidentificationnumber":"609","plotno":"609","industrysector":"SECTOR-17","block":"C","plotsize":"120 SQMT","plotsize_at_the_time_of_allotme":"120 SQMT","landuse_type":"RESIDENTIAL","landuse_subcategory":"RESIDENTIAL","scheme_cod":"RPS03","investment":0,"employment":0,"plotstatus":"Allotted","landallotementstatus":"SOLD","landallotementtype":"ALLOTTED","allotmentid":"RPS031078","allotment_date":1464114600000,"rate_of_allotment":15620,"lease_deed":"N","village_name":"Dhanauri","khasra_no":"41,40","longitude":77.60407123,"latitude":28.351815390000002,"authority":"YEIDA","category":"residential","execution_stage":"allotted"}},{"type":"Feature","geometry":{"type":"Polygon","coordinates":[[[77.604201,28.351872],[77.604119,28.351879],[77.604106,28.351744],[77.604188,28.351736],[77.604201,28.351872]]]},"properties":{"objectid":3386,"uniqueplotid":"PLNGRESIDENTIAL3386","plotmap_id":"SECTOR-17_610_C_RESI","plotidentificationnumber":"610","plotno":"610","industrysector":"SECTOR-17","block":"C","plotsize":"120 SQMT","plotsize_at_the_time_of_allotme":"120 SQMT","landuse_type":"RESIDENTIAL","landuse_subcategory":"RESIDENTIAL","scheme_cod":"RPS03","investment":0,"employment":0,"plotstatus":"Allotted","landallotementstatus":"SOLD","landallotementtype":"ALLOTTED","allotmentid":"RPS031638","allotment_date":1464114600000,"rate_of_allotment":15620,"lease_deed":"Y","village_name":"Dhanauri","khasra_no":"41,40","longitude":77.60415342,"latitude":28.351807790000002,"authority":"YEIDA","category":"residential","execution_stage":"lease-recorded"}},{"type":"Feature","geometry":{"type":"Polygon","coordinates":[[[77.604283,28.351864],[77.604201,28.351872],[77.604188,28.351736],[77.60427,28.351729],[77.604283,28.351864]]]},"properties":{"objectid":3387,"uniqueplotid":"PLNGRESIDENTIAL3387","plotmap_id":"SECTOR-17_611_C_RESI","plotidentificationnumber":"611","plotno":"611","industrysector":"SECTOR-17","block":"C","plotsize":"120 SQMT","plotsize_at_the_time_of_allotme":"120 SQMT","landuse_type":"RESIDENTIAL","landuse_subcategory":"RESIDENTIAL","scheme_cod":"RPS03","investment":0,"employment":0,"plotstatus":"Allotted","landallotementstatus":"SOLD","landallotementtype":"ALLOTTED","allotmentid":"RPS031287","allotment_date":1464114600000,"rate_of_allotment":15620,"lease_deed":"N","village_name":"Dhanauri","khasra_no":"41,40","longitude":77.60423561,"latitude":28.351800190000002,"authority":"YEIDA","category":"residential","execution_stage":"allotted"}},{"type":"Feature","geometry":{"type":"Polygon","coordinates":[[[77.604365,28.351857],[77.604283,28.351864],[77.60427,28.351729],[77.604352,28.351721],[77.604365,28.351857]]]},"properties":{"objectid":3388,"uniqueplotid":"PLNGRESIDENTIAL3388","plotmap_id":"SECTOR-17_612_C_RESI","plotidentificationnumber":"612","plotno":"612","industrysector":"SECTOR-17","block":"C","plotsize":"120 SQMT","plotsize_at_the_time_of_allotme":"120 SQMT","landuse_type":"RESIDENTIAL","landuse_subcategory":"RESIDENTIAL","scheme_cod":"RPS03","investment":0,"employment":0,"plotstatus":"Allotted","landallotementstatus":"SOLD","landallotementtype":"ALLOTTED","allotmentid":"RPS031705","allotment_date":1464114600000,"rate_of_allotment":15620,"lease_deed":"Y","village_name":"Dhanauri","khasra_no":"41","longitude":77.60431781,"latitude":28.35179258,"authority":"YEIDA","category":"residential","execution_stage":"lease-recorded"}},{"type":"Feature","geometry":{"type":"Polygon","coordinates":[[[77.604448,28.351849],[77.604365,28.351857],[77.604352,28.351721],[77.604435,28.351713],[77.604448,28.351849]]]},"properties":{"objectid":3389,"uniqueplotid":"PLNGRESIDENTIAL3389","plotmap_id":"SECTOR-17_613_C_RESI","plotidentificationnumber":"613","plotno":"613","industrysector":"SECTOR-17","block":"C","plotsize":"120 SQMT","plotsize_at_the_time_of_allotme":"120 SQMT","landuse_type":"RESIDENTIAL","landuse_subcategory":"RESIDENTIAL","scheme_cod":"RPS03","investment":0,"employment":0,"plotstatus":"Allotted","landallotementstatus":"SOLD","landallotementtype":"ALLOTTED","allotmentid":"RPS031969","allotment_date":1464114600000,"rate_of_allotment":15620,"lease_deed":"Y","village_name":"Dhanauri","khasra_no":"41","longitude":77.6044,"latitude":28.35178498,"authority":"YEIDA","category":"residential","execution_stage":"lease-recorded"}},{"type":"Feature","geometry":{"type":"Polygon","coordinates":[[[77.60453,28.351841],[77.604448,28.351849],[77.604435,28.351713],[77.604517,28.351706],[77.60453,28.351841]]]},"properties":{"objectid":3390,"uniqueplotid":"PLNGRESIDENTIAL3390","plotmap_id":"SECTOR-17_614_C_RESI","plotidentificationnumber":"614","plotno":"614","industrysector":"SECTOR-17","block":"C","plotsize":"120 SQMT","landuse_type":"RESIDENTIAL","landuse_subcategory":"RESIDENTIAL","investment":0,"employment":0,"landallotementstatus":"VACANT","landallotementtype":"VACANT","village_name":"Dhanauri","khasra_no":"41","longitude":77.60448219,"latitude":28.35177738,"authority":"YEIDA","category":"residential","execution_stage":"vacant"}},{"type":"Feature","geometry":{"type":"Polygon","coordinates":[[[77.604612,28.351834],[77.60453,28.351841],[77.604517,28.351706],[77.604599,28.351698],[77.604612,28.351834]]]},"properties":{"objectid":3391,"uniqueplotid":"PLNGRESIDENTIAL3391","plotmap_id":"SECTOR-17_615_C_RESI","plotidentificationnumber":"615","plotno":"615","industrysector":"SECTOR-17","block":"C","plotsize":"120 SQMT","plotsize_at_the_time_of_allotme":"120 SQMT","landuse_type":"RESIDENTIAL","landuse_subcategory":"RESIDENTIAL","scheme_cod":"RPS03","investment":0,"employment":0,"plotstatus":"Allotted","landallotementstatus":"SOLD","landallotementtype":"ALLOTTED","allotmentid":"RPS031729","allotment_date":1464114600000,"rate_of_allotment":15620,"lease_deed":"N","village_name":"Dhanauri","khasra_no":"39,41","longitude":77.60456439000001,"latitude":28.35176977,"authority":"YEIDA","category":"residential","execution_stage":"allotted"}},{"type":"Feature","geometry":{"type":"Polygon","coordinates":[[[77.604694,28.351826],[77.604612,28.351834],[77.604599,28.351698],[77.604681,28.35169],[77.604694,28.351826]]]},"properties":{"objectid":3392,"uniqueplotid":"PLNGRESIDENTIAL3392","plotmap_id":"SECTOR-17_616_C_RESI","plotidentificationnumber":"616","plotno":"616","industrysector":"SECTOR-17","block":"C","plotsize":"120 SQMT","plotsize_at_the_time_of_allotme":"120 SQMT","landuse_type":"RESIDENTIAL","landuse_subcategory":"RESIDENTIAL","scheme_cod":"RPS03","investment":0,"employment":0,"plotstatus":"Allotted","landallotementstatus":"SOLD","landallotementtype":"ALLOTTED","allotmentid":"RPS031496","allotment_date":1464114600000,"rate_of_allotment":15620,"lease_deed":"Y","village_name":"Dhanauri","khasra_no":"39,33,41","longitude":77.60464658000001,"latitude":28.35176217,"authority":"YEIDA","category":"residential","execution_stage":"lease-recorded"}},{"type":"Feature","geometry":{"type":"Polygon","coordinates":[[[77.604776,28.351819],[77.604694,28.351826],[77.604681,28.35169],[77.604763,28.351683],[77.604776,28.351819]]]},"properties":{"objectid":3393,"uniqueplotid":"PLNGRESIDENTIAL3393","plotmap_id":"SECTOR-17_617_C_RESI","plotidentificationnumber":"617","plotno":"617","industrysector":"SECTOR-17","block":"C","plotsize":"120 SQMT","plotsize_at_the_time_of_allotme":"120 SQMT","landuse_type":"RESIDENTIAL","landuse_subcategory":"RESIDENTIAL","scheme_cod":"RPS03","investment":0,"employment":0,"plotstatus":"Allotted","landallotementstatus":"SOLD","landallotementtype":"ALLOTTED","allotmentid":"RPS031667","allotment_date":1464114600000,"rate_of_allotment":15620,"lease_deed":"N","village_name":"Dhanauri","khasra_no":"39,33","longitude":77.60472877,"latitude":28.35175457,"authority":"YEIDA","category":"residential","execution_stage":"allotted"}},{"type":"Feature","geometry":{"type":"Polygon","coordinates":[[[77.604859,28.351811],[77.604776,28.351819],[77.604763,28.351683],[77.604846,28.351675],[77.604859,28.351811]]]},"properties":{"objectid":3394,"uniqueplotid":"PLNGRESIDENTIAL3394","plotmap_id":"SECTOR-17_618_C_RESI","plotidentificationnumber":"618","plotno":"618","industrysector":"SECTOR-17","block":"C","plotsize":"120 SQMT","plotsize_at_the_time_of_allotme":"120 SQMT","landuse_type":"RESIDENTIAL","landuse_subcategory":"RESIDENTIAL","scheme_cod":"RPS03","investment":0,"employment":0,"plotstatus":"Allotted","landallotementstatus":"SOLD","landallotementtype":"ALLOTTED","allotmentid":"RPS031114","allotment_date":1464114600000,"rate_of_allotment":15620,"lease_deed":"Y","village_name":"Dhanauri","khasra_no":"33","longitude":77.60481097,"latitude":28.35174697,"authority":"YEIDA","category":"residential","execution_stage":"lease-recorded"}},{"type":"Feature","geometry":{"type":"Polygon","coordinates":[[[77.604961,28.351802],[77.604859,28.351811],[77.604846,28.351675],[77.604948,28.351666],[77.604961,28.351802]]]},"properties":{"objectid":3395,"uniqueplotid":"PLNGRESIDENTIAL3395","plotmap_id":"SECTOR-17_619_C_RESI","plotidentificationnumber":"619","plotno":"619","industrysector":"SECTOR-17","block":"C","plotsize":"120 SQMT","plotsize_at_the_time_of_allotme":"120 SQMT","landuse_type":"RESIDENTIAL","landuse_subcategory":"RESIDENTIAL","scheme_cod":"RPS03","investment":0,"employment":0,"plotstatus":"Allotted","landallotementstatus":"SOLD","landallotementtype":"ALLOTTED","allotmentid":"RPS031232","allotment_date":1464114600000,"rate_of_allotment":15620,"lease_deed":"N","village_name":"Dhanauri","khasra_no":"33","longitude":77.60490344,"latitude":28.35173841,"authority":"YEIDA","category":"residential","execution_stage":"allotted"}},{"type":"Feature","geometry":{"type":"Polygon","coordinates":[[[77.604974,28.351937],[77.604871,28.351947],[77.604859,28.351811],[77.604961,28.351802],[77.604974,28.351937]]]},"properties":{"objectid":3396,"uniqueplotid":"PLNGRESIDENTIAL3396","plotmap_id":"SECTOR-17_620_C_RESI","plotidentificationnumber":"620","plotno":"620","industrysector":"SECTOR-17","block":"C","plotsize":"120 SQMT","plotsize_at_the_time_of_allotme":"120 SQMT","landuse_type":"RESIDENTIAL","landuse_subcategory":"RESIDENTIAL","scheme_cod":"RPS03","investment":0,"employment":0,"plotstatus":"Allotted","landallotementstatus":"SOLD","landallotementtype":"ALLOTTED","allotmentid":"RPS031885","allotment_date":1464114600000,"rate_of_allotment":15620,"lease_deed":"Y","village_name":"Dhanauri","khasra_no":"31,30,33,32","longitude":77.60491639,"latitude":28.351874170000002,"authority":"YEIDA","category":"residential","execution_stage":"lease-recorded"}},{"type":"Feature","geometry":{"type":"Polygon","coordinates":[[[77.604871,28.351947],[77.604789,28.351954],[77.604776,28.351819],[77.604859,28.351811],[77.604871,28.351947]]]},"properties":{"objectid":3397,"uniqueplotid":"PLNGRESIDENTIAL3397","plotmap_id":"SECTOR-17_621_C_RESI","plotidentificationnumber":"621","plotno":"621","industrysector":"SECTOR-17","block":"C","plotsize":"120 SQMT","plotsize_at_the_time_of_allotme":"120 SQMT","landuse_type":"RESIDENTIAL","landuse_subcategory":"RESIDENTIAL","scheme_cod":"RPS03","investment":0,"employment":0,"plotstatus":"Allotted","landallotementstatus":"SOLD","landallotementtype":"ALLOTTED","allotmentid":"RPS031561","allotment_date":1464114600000,"rate_of_allotment":15620,"lease_deed":"Y","village_name":"Dhanauri","khasra_no":"31,39,30,33,41,32","longitude":77.60482392,"latitude":28.35188273,"authority":"YEIDA","category":"residential","execution_stage":"lease-recorded"}},{"type":"Feature","geometry":{"type":"Polygon","coordinates":[[[77.604789,28.351954],[77.604707,28.351962],[77.604694,28.351826],[77.604776,28.351819],[77.604789,28.351954]]]},"properties":{"objectid":3398,"uniqueplotid":"PLNGRESIDENTIAL3398","plotmap_id":"SECTOR-17_622_C_RESI","plotidentificationnumber":"622","plotno":"622","industrysector":"SECTOR-17","block":"C","plotsize":"120 SQMT","plotsize_at_the_time_of_allotme":"120 SQMT","landuse_type":"RESIDENTIAL","landuse_subcategory":"RESIDENTIAL","scheme_cod":"RPS03","investment":0,"employment":0,"plotstatus":"Allotted","landallotementstatus":"SOLD","landallotementtype":"ALLOTTED","allotmentid":"RPS031037","allotment_date":1464114600000,"rate_of_allotment":15620,"lease_deed":"N","village_name":"Dhanauri","khasra_no":"39,33,41","longitude":77.60474173,"latitude":28.35189033,"authority":"YEIDA","category":"residential","execution_stage":"allotted"}},{"type":"Feature","geometry":{"type":"Polygon","coordinates":[[[77.604707,28.351962],[77.604625,28.35197],[77.604612,28.351834],[77.604694,28.351826],[77.604707,28.351962]]]},"properties":{"objectid":3399,"uniqueplotid":"PLNGRESIDENTIAL3399","plotmap_id":"SECTOR-17_623_C_RESI","plotidentificationnumber":"623","plotno":"623","industrysector":"SECTOR-17","block":"C","plotsize":"120 SQMT","plotsize_at_the_time_of_allotme":"120 SQMT","landuse_type":"RESIDENTIAL","landuse_subcategory":"RESIDENTIAL","scheme_cod":"RRPS01","investment":0,"employment":0,"plotstatus":"Allotted","landallotementstatus":"SOLD","landallotementtype":"ALLOTTED","allotmentid":"RRPS011953","allotment_date":1546453800000,"rate_of_allotment":15620,"lease_deed":"N","village_name":"Dhanauri","khasra_no":"39,41","longitude":77.60465954,"latitude":28.35189793,"authority":"YEIDA","category":"residential","execution_stage":"allotted"}},{"type":"Feature","geometry":{"type":"Polygon","coordinates":[[[77.604625,28.35197],[77.604543,28.351977],[77.60453,28.351841],[77.604612,28.351834],[77.604625,28.35197]]]},"properties":{"objectid":3400,"uniqueplotid":"PLNGRESIDENTIAL3400","plotmap_id":"SECTOR-17_624_C_RESI","plotidentificationnumber":"624","plotno":"624","industrysector":"SECTOR-17","block":"C","plotsize":"120 SQMT","plotsize_at_the_time_of_allotme":"120 SQMT","landuse_type":"RESIDENTIAL","landuse_subcategory":"RESIDENTIAL","scheme_cod":"RPS03","investment":0,"employment":0,"plotstatus":"Allotted","landallotementstatus":"SOLD","landallotementtype":"ALLOTTED","allotmentid":"RPS031083","allotment_date":1464114600000,"rate_of_allotment":15620,"lease_deed":"N","village_name":"Dhanauri","khasra_no":"41","longitude":77.60457734,"latitude":28.35190554,"authority":"YEIDA","category":"residential","execution_stage":"allotted"}},{"type":"Feature","geometry":{"type":"Polygon","coordinates":[[[77.604543,28.351977],[77.604461,28.351985],[77.604448,28.351849],[77.60453,28.351841],[77.604543,28.351977]]]},"properties":{"objectid":3401,"uniqueplotid":"PLNGRESIDENTIAL3401","plotmap_id":"SECTOR-17_625_C_RESI","plotidentificationnumber":"625","plotno":"625","industrysector":"SECTOR-17","block":"C","plotsize":"120 SQMT","plotsize_at_the_time_of_allotme":"120 SQMT","landuse_type":"RESIDENTIAL","landuse_subcategory":"RESIDENTIAL","scheme_cod":"RPS03","investment":0,"employment":0,"plotstatus":"Allotted","landallotementstatus":"SOLD","landallotementtype":"ALLOTTED","allotmentid":"RPS031884","allotment_date":1464114600000,"rate_of_allotment":15620,"lease_deed":"N","village_name":"Dhanauri","khasra_no":"41","longitude":77.60449515,"latitude":28.35191314,"authority":"YEIDA","category":"residential","execution_stage":"allotted"}},{"type":"Feature","geometry":{"type":"Polygon","coordinates":[[[77.604461,28.351985],[77.604378,28.351992],[77.604365,28.351857],[77.604448,28.351849],[77.604461,28.351985]]]},"properties":{"objectid":3402,"uniqueplotid":"PLNGRESIDENTIAL3402","plotmap_id":"SECTOR-17_626_C_RESI","plotidentificationnumber":"626","plotno":"626","industrysector":"SECTOR-17","block":"C","plotsize":"120 SQMT","plotsize_at_the_time_of_allotme":"120 SQMT","landuse_type":"RESIDENTIAL","landuse_subcategory":"RESIDENTIAL","scheme_cod":"RPS03","investment":0,"employment":0,"plotstatus":"Allotted","landallotementstatus":"SOLD","landallotementtype":"ALLOTTED","allotmentid":"RPS032047","allotment_date":1464114600000,"rate_of_allotment":15620,"lease_deed":"Y","village_name":"Dhanauri","khasra_no":"41","longitude":77.60441296,"latitude":28.35192074,"authority":"YEIDA","category":"residential","execution_stage":"lease-recorded"}},{"type":"Feature","geometry":{"type":"Polygon","coordinates":[[[77.604378,28.351992],[77.604296,28.352],[77.604283,28.351864],[77.604365,28.351857],[77.604378,28.351992]]]},"properties":{"objectid":3403,"uniqueplotid":"PLNGRESIDENTIAL3403","plotmap_id":"SECTOR-17_627_C_RESI","plotidentificationnumber":"627","plotno":"627","industrysector":"SECTOR-17","block":"C","plotsize":"120 SQMT","plotsize_at_the_time_of_allotme":"120 SQMT","landuse_type":"RESIDENTIAL","landuse_subcategory":"RESIDENTIAL","scheme_cod":"RPS03","investment":0,"employment":0,"plotstatus":"Allotted","landallotementstatus":"SOLD","landallotementtype":"ALLOTTED","allotmentid":"RPS032041","allotment_date":1464114600000,"rate_of_allotment":15620,"lease_deed":"Y","village_name":"Dhanauri","khasra_no":"41","longitude":77.60433076,"latitude":28.35192834,"authority":"YEIDA","category":"residential","execution_stage":"lease-recorded"}},{"type":"Feature","geometry":{"type":"Polygon","coordinates":[[[77.604296,28.352],[77.604214,28.352008],[77.604201,28.351872],[77.604283,28.351864],[77.604296,28.352]]]},"properties":{"objectid":3404,"uniqueplotid":"PLNGRESIDENTIAL3404","plotmap_id":"SECTOR-17_628_C_RESI","plotidentificationnumber":"628","plotno":"628","industrysector":"SECTOR-17","block":"C","plotsize":"120 SQMT","landuse_type":"RESIDENTIAL","landuse_subcategory":"RESIDENTIAL","investment":0,"employment":0,"landallotementstatus":"VACANT","landallotementtype":"VACANT","village_name":"Dhanauri","khasra_no":"41","longitude":77.60424857000001,"latitude":28.35193595,"authority":"YEIDA","category":"residential","execution_stage":"vacant"}},{"type":"Feature","geometry":{"type":"Polygon","coordinates":[[[77.604214,28.352008],[77.604132,28.352015],[77.604119,28.351879],[77.604201,28.351872],[77.604214,28.352008]]]},"properties":{"objectid":3405,"uniqueplotid":"PLNGRESIDENTIAL3405","plotmap_id":"SECTOR-17_629_C_RESI","plotidentificationnumber":"629","plotno":"629","industrysector":"SECTOR-17","block":"C","plotsize":"120 SQMT","landuse_type":"RESIDENTIAL","landuse_subcategory":"RESIDENTIAL","investment":0,"employment":0,"landallotementstatus":"VACANT","landallotementtype":"VACANT","village_name":"Dhanauri","khasra_no":"41","longitude":77.60416638000001,"latitude":28.35194355,"authority":"YEIDA","category":"residential","execution_stage":"vacant"}},{"type":"Feature","geometry":{"type":"Polygon","coordinates":[[[77.604132,28.352015],[77.60405,28.352023],[77.604037,28.351887],[77.604119,28.351879],[77.604132,28.352015]]]},"properties":{"objectid":3406,"uniqueplotid":"PLNGRESIDENTIAL3406","plotmap_id":"SECTOR-17_630_C_RESI","plotidentificationnumber":"630","plotno":"630","industrysector":"SECTOR-17","block":"C","plotsize":"120 SQMT","plotsize_at_the_time_of_allotme":"120 SQMT","landuse_type":"RESIDENTIAL","landuse_subcategory":"RESIDENTIAL","scheme_cod":"RPS03","investment":0,"employment":0,"plotstatus":"Allotted","landallotementstatus":"SOLD","landallotementtype":"ALLOTTED","allotmentid":"RPS031154","allotment_date":1464114600000,"rate_of_allotment":15620,"lease_deed":"Y","village_name":"Dhanauri","khasra_no":"41","longitude":77.60408418,"latitude":28.35195115,"authority":"YEIDA","category":"residential","execution_stage":"lease-recorded"}},{"type":"Feature","geometry":{"type":"Polygon","coordinates":[[[77.60405,28.352023],[77.603967,28.35203],[77.603954,28.351895],[77.604037,28.351887],[77.60405,28.352023]]]},"properties":{"objectid":3407,"uniqueplotid":"PLNGRESIDENTIAL3407","plotmap_id":"SECTOR-17_631_C_RESI","plotidentificationnumber":"631","plotno":"631","industrysector":"SECTOR-17","block":"C","plotsize":"120 SQMT","plotsize_at_the_time_of_allotme":"120 SQMT","landuse_type":"RESIDENTIAL","landuse_subcategory":"RESIDENTIAL","scheme_cod":"RPS03","investment":0,"employment":0,"plotstatus":"Allotted","landallotementstatus":"SOLD","landallotementtype":"ALLOTTED","allotmentid":"RPS031542","allotment_date":1464114600000,"rate_of_allotment":15620,"lease_deed":"Y","village_name":"Dhanauri","khasra_no":"41,40","longitude":77.60400199,"latitude":28.351958760000002,"authority":"YEIDA","category":"residential","execution_stage":"lease-recorded"}},{"type":"Feature","geometry":{"type":"Polygon","coordinates":[[[77.603967,28.35203],[77.603885,28.352038],[77.603872,28.351902],[77.603954,28.351895],[77.603967,28.35203]]]},"properties":{"objectid":3408,"uniqueplotid":"PLNGRESIDENTIAL3408","plotmap_id":"SECTOR-17_632_C_RESI","plotidentificationnumber":"632","plotno":"632","industrysector":"SECTOR-17","block":"C","plotsize":"120 SQMT","plotsize_at_the_time_of_allotme":"120 SQMT","landuse_type":"RESIDENTIAL","landuse_subcategory":"RESIDENTIAL","scheme_cod":"RPS03","investment":0,"employment":0,"plotstatus":"Allotted","landallotementstatus":"SOLD","landallotementtype":"ALLOTTED","allotmentid":"RPS031185","allotment_date":1464114600000,"rate_of_allotment":15620,"lease_deed":"N","village_name":"Dhanauri","khasra_no":"41,40","longitude":77.60391978999999,"latitude":28.351966360000002,"authority":"YEIDA","category":"residential","execution_stage":"allotted"}},{"type":"Feature","geometry":{"type":"Polygon","coordinates":[[[77.603885,28.352038],[77.603782,28.352048],[77.603769,28.351912],[77.603872,28.351902],[77.603885,28.352038]]]},"properties":{"objectid":3409,"uniqueplotid":"PLNGRESIDENTIAL3409","plotmap_id":"SECTOR-17_633_C_RESI","plotidentificationnumber":"633","plotno":"633","industrysector":"SECTOR-17","block":"C","plotsize":"120 SQMT","plotsize_at_the_time_of_allotme":"120 SQMT","landuse_type":"RESIDENTIAL","landuse_subcategory":"RESIDENTIAL","scheme_cod":"RPS03","investment":0,"employment":0,"plotstatus":"Allotted","landallotementstatus":"SOLD","landallotementtype":"ALLOTTED","allotmentid":"RPS031328","allotment_date":1464114600000,"rate_of_allotment":15620,"lease_deed":"N","village_name":"Dhanauri","khasra_no":"41,40","longitude":77.60382733,"latitude":28.35197491,"authority":"YEIDA","category":"residential","execution_stage":"allotted"}},{"type":"Feature","geometry":{"type":"Polygon","coordinates":[[[77.603659,28.352059],[77.603577,28.352067],[77.603564,28.351931],[77.603646,28.351923],[77.603659,28.352059]]]},"properties":{"objectid":3410,"uniqueplotid":"PLNGRESIDENTIAL3410","plotmap_id":"SECTOR-17_634_C_RESI","plotidentificationnumber":"634","plotno":"634","industrysector":"SECTOR-17","block":"C","plotsize":"120 SQMT","plotsize_at_the_time_of_allotme":"120 SQMT","landuse_type":"RESIDENTIAL","landuse_subcategory":"RESIDENTIAL","scheme_cod":"RPS03","investment":0,"employment":0,"plotstatus":"Allotted","landallotementstatus":"SOLD","landallotementtype":"ALLOTTED","allotmentid":"RPS031761","allotment_date":1464114600000,"rate_of_allotment":15620,"lease_deed":"Y","village_name":"Dhanauri","khasra_no":"53,52,40","longitude":77.60361157,"latitude":28.351994870000002,"authority":"YEIDA","category":"residential","execution_stage":"lease-recorded"}},{"type":"Feature","geometry":{"type":"Polygon","coordinates":[[[77.603577,28.352067],[77.603495,28.352074],[77.603482,28.351938],[77.603564,28.351931],[77.603577,28.352067]]]},"properties":{"objectid":3411,"uniqueplotid":"PLNGRESIDENTIAL3411","plotmap_id":"SECTOR-17_635_C_RESI","plotidentificationnumber":"635","plotno":"635","industrysector":"SECTOR-17","block":"C","plotsize":"120 SQMT","plotsize_at_the_time_of_allotme":"120 SQMT","landuse_type":"RESIDENTIAL","landuse_subcategory":"RESIDENTIAL","scheme_cod":"RPS03","investment":0,"employment":0,"plotstatus":"Allotted","landallotementstatus":"SOLD","landallotementtype":"ALLOTTED","allotmentid":"RPS031548","allotment_date":1464114600000,"rate_of_allotment":15620,"lease_deed":"N","village_name":"Dhanauri","khasra_no":"53,52","longitude":77.60352938,"latitude":28.35200248,"authority":"YEIDA","category":"residential","execution_stage":"allotted"}},{"type":"Feature","geometry":{"type":"Polygon","coordinates":[[[77.603495,28.352074],[77.603413,28.352082],[77.6034,28.351946],[77.603482,28.351938],[77.603495,28.352074]]]},"properties":{"objectid":3412,"uniqueplotid":"PLNGRESIDENTIAL3412","plotmap_id":"SECTOR-17_636_C_RESI","plotidentificationnumber":"636","plotno":"636","industrysector":"SECTOR-17","block":"C","plotsize":"120 SQMT","plotsize_at_the_time_of_allotme":"120 SQMT","landuse_type":"RESIDENTIAL","landuse_subcategory":"RESIDENTIAL","scheme_cod":"RPS03","investment":0,"employment":0,"plotstatus":"Allotted","landallotementstatus":"SOLD","landallotementtype":"ALLOTTED","allotmentid":"RPS031853","allotment_date":1464114600000,"rate_of_allotment":15620,"lease_deed":"N","village_name":"Dhanauri","khasra_no":"52","longitude":77.60344717999999,"latitude":28.35201008,"authority":"YEIDA","category":"residential","execution_stage":"allotted"}},{"type":"Feature","geometry":{"type":"Polygon","coordinates":[[[77.603413,28.352082],[77.60333,28.352089],[77.603317,28.351954],[77.6034,28.351946],[77.603413,28.352082]]]},"properties":{"objectid":3413,"uniqueplotid":"PLNGRESIDENTIAL3413","plotmap_id":"SECTOR-17_637_C_RESI","plotidentificationnumber":"637","plotno":"637","industrysector":"SECTOR-17","block":"C","plotsize":"120 SQMT","plotsize_at_the_time_of_allotme":"120 SQMT","landuse_type":"RESIDENTIAL","landuse_subcategory":"RESIDENTIAL","scheme_cod":"RRPS03","investment":0,"employment":0,"plotstatus":"Allotted","landallotementstatus":"SOLD","landallotementtype":"ALLOTTED","allotmentid":"RRPS031147","allotment_date":1577644200000,"rate_of_allotment":16870,"lease_deed":"N","village_name":"Dhanauri","khasra_no":"52,55","longitude":77.60336499,"latitude":28.35201768,"authority":"YEIDA","category":"residential","execution_stage":"allotted"}},{"type":"Feature","geometry":{"type":"Polygon","coordinates":[[[77.60333,28.352089],[77.603248,28.352097],[77.603235,28.351961],[77.603317,28.351954],[77.60333,28.352089]]]},"properties":{"objectid":3414,"uniqueplotid":"PLNGRESIDENTIAL3414","plotmap_id":"SECTOR-17_638_C_RESI","plotidentificationnumber":"638","plotno":"638","industrysector":"SECTOR-17","block":"C","plotsize":"120 SQMT","plotsize_at_the_time_of_allotme":"120 SQMT","landuse_type":"RESIDENTIAL","landuse_subcategory":"RESIDENTIAL","scheme_cod":"RRPS03","investment":0,"employment":0,"plotstatus":"Allotted","landallotementstatus":"SOLD","landallotementtype":"ALLOTTED","allotmentid":"RRPS031229","allotment_date":1577644200000,"rate_of_allotment":16870,"lease_deed":"Y","village_name":"Dhanauri","khasra_no":"52,55","longitude":77.60328279,"latitude":28.35202528,"authority":"YEIDA","category":"residential","execution_stage":"lease-recorded"}},{"type":"Feature","geometry":{"type":"Polygon","coordinates":[[[77.603248,28.352097],[77.603166,28.352105],[77.603153,28.351969],[77.603235,28.351961],[77.603248,28.352097]]]},"properties":{"objectid":3415,"uniqueplotid":"PLNGRESIDENTIAL3415","plotmap_id":"SECTOR-17_639_C_RESI","plotidentificationnumber":"639","plotno":"639","industrysector":"SECTOR-17","block":"C","plotsize":"120 SQMT","plotsize_at_the_time_of_allotme":"120 SQMT","landuse_type":"RESIDENTIAL","landuse_subcategory":"RESIDENTIAL","scheme_cod":"RRPS04","investment":0,"employment":0,"plotstatus":"Allotted","landallotementstatus":"SOLD","landallotementtype":"ALLOTTED","allotmentid":"RRPS041293","allotment_date":1605205800000,"rate_of_allotment":16870,"lease_deed":"N","village_name":"Dhanauri","khasra_no":"52,55","longitude":77.60320060000001,"latitude":28.35203289,"authority":"YEIDA","category":"residential","execution_stage":"allotted"}},{"type":"Feature","geometry":{"type":"Polygon","coordinates":[[[77.603166,28.352105],[77.603084,28.352112],[77.603071,28.351976],[77.603153,28.351969],[77.603166,28.352105]]]},"properties":{"objectid":3416,"uniqueplotid":"PLNGRESIDENTIAL3416","plotmap_id":"SECTOR-17_640_C_RESI","plotidentificationnumber":"640","plotno":"640","industrysector":"SECTOR-17","block":"C","plotsize":"120 SQMT","plotsize_at_the_time_of_allotme":"120 SQMT","landuse_type":"RESIDENTIAL","landuse_subcategory":"RESIDENTIAL","scheme_cod":"RRPS03","investment":0,"employment":0,"plotstatus":"Allotted","landallotementstatus":"SOLD","landallotementtype":"ALLOTTED","allotmentid":"RRPS031127","allotment_date":1577644200000,"rate_of_allotment":16870,"lease_deed":"N","village_name":"Dhanauri","khasra_no":"52,56,55","longitude":77.60311841,"latitude":28.35204049,"authority":"YEIDA","category":"residential","execution_stage":"allotted"}},{"type":"Feature","geometry":{"type":"Polygon","coordinates":[[[77.603084,28.352112],[77.603002,28.35212],[77.602989,28.351984],[77.603071,28.351976],[77.603084,28.352112]]]},"properties":{"objectid":3417,"uniqueplotid":"PLNGRESIDENTIAL3417","plotmap_id":"SECTOR-17_641_C_RESI","plotidentificationnumber":"641","plotno":"641","industrysector":"SECTOR-17","block":"C","plotsize":"120 SQMT","plotsize_at_the_time_of_allotme":"120 SQMT","landuse_type":"RESIDENTIAL","landuse_subcategory":"RESIDENTIAL","scheme_cod":"RPS03","investment":0,"employment":0,"plotstatus":"Allotted","landallotementstatus":"SOLD","landallotementtype":"ALLOTTED","allotmentid":"RPS031849","allotment_date":1464114600000,"rate_of_allotment":15620,"lease_deed":"N","village_name":"Dhanauri","khasra_no":"56,55","longitude":77.60303621,"latitude":28.35204809,"authority":"YEIDA","category":"residential","execution_stage":"allotted"}},{"type":"Feature","geometry":{"type":"Polygon","coordinates":[[[77.603101,28.352403],[77.602947,28.352417],[77.60294,28.352345],[77.603094,28.35233],[77.603101,28.352403]]]},"properties":{"objectid":3418,"uniqueplotid":"PLNGRESIDENTIAL3418","plotmap_id":"SECTOR-17_644_C_RESI","plotidentificationnumber":"644","plotno":"644","industrysector":"SECTOR-17","block":"C","plotsize":"120 SQMT","plotsize_at_the_time_of_allotme":"120 SQMT","landuse_type":"RESIDENTIAL","landuse_subcategory":"RESIDENTIAL","scheme_cod":"RPS03","investment":0,"employment":0,"plotstatus":"Allotted","landallotementstatus":"SOLD","landallotementtype":"ALLOTTED","allotmentid":"RPS031968","allotment_date":1464114600000,"rate_of_allotment":15620,"lease_deed":"N","village_name":"Dhanauri","khasra_no":"52","longitude":77.60302064,"latitude":28.35237367,"authority":"YEIDA","category":"residential","execution_stage":"allotted"}},{"type":"Feature","geometry":{"type":"Polygon","coordinates":[[[77.603108,28.352475],[77.602954,28.352489],[77.602947,28.352417],[77.603101,28.352403],[77.603108,28.352475]]]},"properties":{"objectid":3419,"uniqueplotid":"PLNGRESIDENTIAL3419","plotmap_id":"SECTOR-17_645_C_RESI","plotidentificationnumber":"645","plotno":"645","industrysector":"SECTOR-17","block":"C","plotsize":"120 SQMT","plotsize_at_the_time_of_allotme":"120 SQMT","landuse_type":"RESIDENTIAL","landuse_subcategory":"RESIDENTIAL","scheme_cod":"RPS03","investment":0,"employment":0,"plotstatus":"Allotted","landallotementstatus":"SOLD","landallotementtype":"ALLOTTED","allotmentid":"RPS031006","allotment_date":1464114600000,"rate_of_allotment":15620,"lease_deed":"Y","village_name":"Dhanauri","khasra_no":"52","longitude":77.60302755,"latitude":28.35244608,"authority":"YEIDA","category":"residential","execution_stage":"lease-recorded"}},{"type":"Feature","geometry":{"type":"Polygon","coordinates":[[[77.603115,28.352548],[77.602961,28.352562],[77.602954,28.352489],[77.603108,28.352475],[77.603115,28.352548]]]},"properties":{"objectid":3420,"uniqueplotid":"PLNGRESIDENTIAL3420","plotmap_id":"SECTOR-17_646_C_RESI","plotidentificationnumber":"646","plotno":"646","industrysector":"SECTOR-17","block":"C","plotsize":"120 SQMT","plotsize_at_the_time_of_allotme":"120 SQMT","landuse_type":"RESIDENTIAL","landuse_subcategory":"RESIDENTIAL","scheme_cod":"RPS03","investment":0,"employment":0,"plotstatus":"Allotted","landallotementstatus":"SOLD","landallotementtype":"ALLOTTED","allotmentid":"RPS031266","allotment_date":1464114600000,"rate_of_allotment":15620,"lease_deed":"N","village_name":"Dhanauri","khasra_no":"52","longitude":77.60303445999999,"latitude":28.35251848,"authority":"YEIDA","category":"residential","execution_stage":"allotted"}},{"type":"Feature","geometry":{"type":"Polygon","coordinates":[[[77.603122,28.35262],[77.602968,28.352634],[77.602961,28.352562],[77.603115,28.352548],[77.603122,28.35262]]]},"properties":{"objectid":3421,"uniqueplotid":"PLNGRESIDENTIAL3421","plotmap_id":"SECTOR-17_647_C_RESI","plotidentificationnumber":"647","plotno":"647","industrysector":"SECTOR-17","block":"C","plotsize":"120 SQMT","plotsize_at_the_time_of_allotme":"120 SQMT","landuse_type":"RESIDENTIAL","landuse_subcategory":"RESIDENTIAL","scheme_cod":"RPS03","investment":0,"employment":0,"plotstatus":"Allotted","landallotementstatus":"SOLD","landallotementtype":"ALLOTTED","allotmentid":"RPS031979","allotment_date":1464114600000,"rate_of_allotment":15620,"lease_deed":"Y","village_name":"Dhanauri","khasra_no":"52","longitude":77.60304137,"latitude":28.35259089,"authority":"YEIDA","category":"residential","execution_stage":"lease-recorded"}},{"type":"Feature","geometry":{"type":"Polygon","coordinates":[[[77.603129,28.352692],[77.602975,28.352707],[77.602968,28.352634],[77.603122,28.35262],[77.603129,28.352692]]]},"properties":{"objectid":3422,"uniqueplotid":"PLNGRESIDENTIAL3422","plotmap_id":"SECTOR-17_648_C_RESI","plotidentificationnumber":"648","plotno":"648","industrysector":"SECTOR-17","block":"C","plotsize":"120 SQMT","plotsize_at_the_time_of_allotme":"120 SQMT","landuse_type":"RESIDENTIAL","landuse_subcategory":"RESIDENTIAL","scheme_cod":"RPS03","investment":0,"employment":0,"plotstatus":"Allotted","landallotementstatus":"SOLD","landallotementtype":"ALLOTTED","allotmentid":"RPS031060","allotment_date":1464114600000,"rate_of_allotment":15620,"lease_deed":"Y","village_name":"Dhanauri","khasra_no":"52","longitude":77.60304828,"latitude":28.35266329,"authority":"YEIDA","category":"residential","execution_stage":"lease-recorded"}},{"type":"Feature","geometry":{"type":"Polygon","coordinates":[[[77.603136,28.352765],[77.602982,28.352779],[77.602975,28.352707],[77.603129,28.352692],[77.603136,28.352765]]]},"properties":{"objectid":3423,"uniqueplotid":"PLNGRESIDENTIAL3423","plotmap_id":"SECTOR-17_649_C_RESI","plotidentificationnumber":"649","plotno":"649","industrysector":"SECTOR-17","block":"C","plotsize":"120 SQMT","plotsize_at_the_time_of_allotme":"120 SQMT","landuse_type":"RESIDENTIAL","landuse_subcategory":"RESIDENTIAL","scheme_cod":"RRPS01","investment":0,"employment":0,"plotstatus":"Allotted","landallotementstatus":"SOLD","landallotementtype":"ALLOTTED","allotmentid":"RRPS012009","allotment_date":1546453800000,"rate_of_allotment":15620,"lease_deed":"N","village_name":"Dhanauri","khasra_no":"52,58","longitude":77.60305518999999,"latitude":28.3527357,"authority":"YEIDA","category":"residential","execution_stage":"allotted"}},{"type":"Feature","geometry":{"type":"Polygon","coordinates":[[[77.603143,28.352837],[77.602988,28.352851],[77.602982,28.352779],[77.603136,28.352765],[77.603143,28.352837]]]},"properties":{"objectid":3424,"uniqueplotid":"PLNGRESIDENTIAL3424","plotmap_id":"SECTOR-17_650_C_RESI","plotidentificationnumber":"650","plotno":"650","industrysector":"SECTOR-17","block":"C","plotsize":"120 SQMT","plotsize_at_the_time_of_allotme":"120 SQMT","landuse_type":"RESIDENTIAL","landuse_subcategory":"RESIDENTIAL","scheme_cod":"RPS03","investment":0,"employment":0,"plotstatus":"Allotted","landallotementstatus":"SOLD","landallotementtype":"ALLOTTED","allotmentid":"RPS031073","allotment_date":1464114600000,"rate_of_allotment":15620,"lease_deed":"N","village_name":"Dhanauri","khasra_no":"52,58,64","longitude":77.60306209999999,"latitude":28.352808109999998,"authority":"YEIDA","category":"residential","execution_stage":"allotted"}},{"type":"Feature","geometry":{"type":"Polygon","coordinates":[[[77.60315,28.35291],[77.602995,28.352924],[77.602988,28.352851],[77.603143,28.352837],[77.60315,28.35291]]]},"properties":{"objectid":3425,"uniqueplotid":"PLNGRESIDENTIAL3425","plotmap_id":"SECTOR-17_651_C_RESI","plotidentificationnumber":"651","plotno":"651","industrysector":"SECTOR-17","block":"C","plotsize":"120 SQMT","plotsize_at_the_time_of_allotme":"120 SQMT","landuse_type":"RESIDENTIAL","landuse_subcategory":"RESIDENTIAL","scheme_cod":"RPS03","investment":0,"employment":0,"plotstatus":"Allotted","landallotementstatus":"SOLD","landallotementtype":"ALLOTTED","allotmentid":"RPS032017","allotment_date":1464114600000,"rate_of_allotment":15620,"lease_deed":"N","village_name":"Dhanauri","khasra_no":"52,58,64","longitude":77.60306901,"latitude":28.35288051,"authority":"YEIDA","category":"residential","execution_stage":"allotted"}},{"type":"Feature","geometry":{"type":"Polygon","coordinates":[[[77.603156,28.352982],[77.603002,28.352996],[77.602995,28.352924],[77.60315,28.35291],[77.603156,28.352982]]]},"properties":{"objectid":3426,"uniqueplotid":"PLNGRESIDENTIAL3426","plotmap_id":"SECTOR-17_652_C_RESI","plotidentificationnumber":"652","plotno":"652","industrysector":"SECTOR-17","block":"C","plotsize":"120 SQMT","plotsize_at_the_time_of_allotme":"120 SQMT","landuse_type":"RESIDENTIAL","landuse_subcategory":"RESIDENTIAL","scheme_cod":"RPS03","investment":0,"employment":0,"plotstatus":"Allotted","landallotementstatus":"SOLD","landallotementtype":"ALLOTTED","allotmentid":"RPS031110","allotment_date":1464114600000,"rate_of_allotment":15620,"lease_deed":"N","village_name":"Dhanauri","khasra_no":"52,58,64","longitude":77.60307592,"latitude":28.35295292,"authority":"YEIDA","category":"residential","execution_stage":"allotted"}},{"type":"Feature","geometry":{"type":"Polygon","coordinates":[[[77.603311,28.352968],[77.603156,28.352982],[77.60315,28.35291],[77.603304,28.352895],[77.603311,28.352968]]]},"properties":{"objectid":3427,"uniqueplotid":"PLNGRESIDENTIAL3427","plotmap_id":"SECTOR-17_661_C_RESI","plotidentificationnumber":"661","plotno":"661","industrysector":"SECTOR-17","block":"C","plotsize":"120 SQMT","plotsize_at_the_time_of_allotme":"120 SQMT","landuse_type":"RESIDENTIAL","landuse_subcategory":"RESIDENTIAL","scheme_cod":"RPS03","investment":0,"employment":0,"plotstatus":"Allotted","landallotementstatus":"SOLD","landallotementtype":"ALLOTTED","allotmentid":"RPS031830","allotment_date":1464114600000,"rate_of_allotment":15620,"lease_deed":"N","village_name":"Dhanauri","khasra_no":"52,58,64","longitude":77.60323003,"latitude":28.35293866,"authority":"YEIDA","category":"residential","execution_stage":"allotted"}},{"type":"Feature","geometry":{"type":"Polygon","coordinates":[[[77.603304,28.352895],[77.60315,28.35291],[77.603143,28.352837],[77.603297,28.352823],[77.603304,28.352895]]]},"properties":{"objectid":3428,"uniqueplotid":"PLNGRESIDENTIAL3428","plotmap_id":"SECTOR-17_662_C_RESI","plotidentificationnumber":"662","plotno":"662","industrysector":"SECTOR-17","block":"C","plotsize":"120 SQMT","plotsize_at_the_time_of_allotme":"120 SQMT","landuse_type":"RESIDENTIAL","landuse_subcategory":"RESIDENTIAL","scheme_cod":"RPS03","investment":0,"employment":0,"plotstatus":"Allotted","landallotementstatus":"SOLD","landallotementtype":"ALLOTTED","allotmentid":"RPS031938","allotment_date":1464114600000,"rate_of_allotment":15620,"lease_deed":"Y","village_name":"Dhanauri","khasra_no":"52","longitude":77.60322312,"latitude":28.352866249999998,"authority":"YEIDA","category":"residential","execution_stage":"lease-recorded"}},{"type":"Feature","geometry":{"type":"Polygon","coordinates":[[[77.603297,28.352823],[77.603143,28.352837],[77.603136,28.352765],[77.60329,28.352751],[77.603297,28.352823]]]},"properties":{"objectid":3429,"uniqueplotid":"PLNGRESIDENTIAL3429","plotmap_id":"SECTOR-17_663_C_RESI","plotidentificationnumber":"663","plotno":"663","industrysector":"SECTOR-17","block":"C","plotsize":"120 SQMT","plotsize_at_the_time_of_allotme":"120 SQMT","landuse_type":"RESIDENTIAL","landuse_subcategory":"RESIDENTIAL","scheme_cod":"RRPS01","investment":0,"employment":0,"plotstatus":"Allotted","landallotementstatus":"SOLD","landallotementtype":"ALLOTTED","allotmentid":"RRPS011641","allotment_date":1546453800000,"rate_of_allotment":15620,"lease_deed":"Y","village_name":"Dhanauri","khasra_no":"52","longitude":77.60321621,"latitude":28.352793849999998,"authority":"YEIDA","category":"residential","execution_stage":"lease-recorded"}},{"type":"Feature","geometry":{"type":"Polygon","coordinates":[[[77.60329,28.352751],[77.603136,28.352765],[77.603129,28.352692],[77.603283,28.352678],[77.60329,28.352751]]]},"properties":{"objectid":3430,"uniqueplotid":"PLNGRESIDENTIAL3430","plotmap_id":"SECTOR-17_664_C_RESI","plotidentificationnumber":"664","plotno":"664","industrysector":"SECTOR-17","block":"C","plotsize":"120 SQMT","plotsize_at_the_time_of_allotme":"120 SQMT","landuse_type":"RESIDENTIAL","landuse_subcategory":"RESIDENTIAL","scheme_cod":"RPS03","investment":0,"employment":0,"plotstatus":"Allotted","landallotementstatus":"SOLD","landallotementtype":"ALLOTTED","allotmentid":"RPS031222","allotment_date":1464114600000,"rate_of_allotment":15620,"lease_deed":"Y","village_name":"Dhanauri","khasra_no":"52","longitude":77.6032093,"latitude":28.35272144,"authority":"YEIDA","category":"residential","execution_stage":"lease-recorded"}},{"type":"Feature","geometry":{"type":"Polygon","coordinates":[[[77.603283,28.352678],[77.603129,28.352692],[77.603122,28.35262],[77.603276,28.352606],[77.603283,28.352678]]]},"properties":{"objectid":3431,"uniqueplotid":"PLNGRESIDENTIAL3431","plotmap_id":"SECTOR-17_665_C_RESI","plotidentificationnumber":"665","plotno":"665","industrysector":"SECTOR-17","block":"C","plotsize":"120 SQMT","plotsize_at_the_time_of_allotme":"120 SQMT","landuse_type":"RESIDENTIAL","landuse_subcategory":"RESIDENTIAL","scheme_cod":"RPS03","investment":0,"employment":0,"plotstatus":"Allotted","landallotementstatus":"SOLD","landallotementtype":"ALLOTTED","allotmentid":"RPS031465","allotment_date":1464114600000,"rate_of_allotment":15620,"lease_deed":"Y","village_name":"Dhanauri","khasra_no":"52","longitude":77.60320239,"latitude":28.35264904,"authority":"YEIDA","category":"residential","execution_stage":"lease-recorded"}},{"type":"Feature","geometry":{"type":"Polygon","coordinates":[[[77.603276,28.352606],[77.603122,28.35262],[77.603115,28.352548],[77.603269,28.352533],[77.603276,28.352606]]]},"properties":{"objectid":3432,"uniqueplotid":"PLNGRESIDENTIAL3432","plotmap_id":"SECTOR-17_666_C_RESI","plotidentificationnumber":"666","plotno":"666","industrysector":"SECTOR-17","block":"C","plotsize":"120 SQMT","plotsize_at_the_time_of_allotme":"120 SQMT","landuse_type":"RESIDENTIAL","landuse_subcategory":"RESIDENTIAL","scheme_cod":"RPS03","investment":0,"employment":0,"plotstatus":"Allotted","landallotementstatus":"SOLD","landallotementtype":"ALLOTTED","allotmentid":"RPS031569","allotment_date":1464114600000,"rate_of_allotment":15620,"lease_deed":"Y","village_name":"Dhanauri","khasra_no":"52","longitude":77.60319548,"latitude":28.352576629999998,"authority":"YEIDA","category":"residential","execution_stage":"lease-recorded"}},{"type":"Feature","geometry":{"type":"Polygon","coordinates":[[[77.603269,28.352533],[77.603115,28.352548],[77.603108,28.352475],[77.603262,28.352461],[77.603269,28.352533]]]},"properties":{"objectid":3433,"uniqueplotid":"PLNGRESIDENTIAL3433","plotmap_id":"SECTOR-17_667_C_RESI","plotidentificationnumber":"667","plotno":"667","industrysector":"SECTOR-17","block":"C","plotsize":"120 SQMT","plotsize_at_the_time_of_allotme":"120 SQMT","landuse_type":"RESIDENTIAL","landuse_subcategory":"RESIDENTIAL","scheme_cod":"RPS03","investment":0,"employment":0,"plotstatus":"Allotted","landallotementstatus":"SOLD","landallotementtype":"ALLOTTED","allotmentid":"RPS031417","allotment_date":1464114600000,"rate_of_allotment":15620,"lease_deed":"N","village_name":"Dhanauri","khasra_no":"52","longitude":77.60318857,"latitude":28.352504229999997,"authority":"YEIDA","category":"residential","execution_stage":"allotted"}},{"type":"Feature","geometry":{"type":"Polygon","coordinates":[[[77.603262,28.352461],[77.603108,28.352475],[77.603101,28.352403],[77.603255,28.352388],[77.603262,28.352461]]]},"properties":{"objectid":3434,"uniqueplotid":"PLNGRESIDENTIAL3434","plotmap_id":"SECTOR-17_668_C_RESI","plotidentificationnumber":"668","plotno":"668","industrysector":"SECTOR-17","block":"C","plotsize":"120 SQMT","plotsize_at_the_time_of_allotme":"120 SQMT","landuse_type":"RESIDENTIAL","landuse_subcategory":"RESIDENTIAL","scheme_cod":"RPS03","investment":0,"employment":0,"plotstatus":"Allotted","landallotementstatus":"SOLD","landallotementtype":"ALLOTTED","allotmentid":"RPS031197","allotment_date":1464114600000,"rate_of_allotment":15620,"lease_deed":"Y","village_name":"Dhanauri","khasra_no":"52","longitude":77.60318166,"latitude":28.35243182,"authority":"YEIDA","category":"residential","execution_stage":"lease-recorded"}},{"type":"Feature","geometry":{"type":"Polygon","coordinates":[[[77.603255,28.352388],[77.603101,28.352403],[77.603094,28.35233],[77.603248,28.352316],[77.603255,28.352388]]]},"properties":{"objectid":3435,"uniqueplotid":"PLNGRESIDENTIAL3435","plotmap_id":"SECTOR-17_669_C_RESI","plotidentificationnumber":"669","plotno":"669","industrysector":"SECTOR-17","block":"C","plotsize":"120 SQMT","landuse_type":"RESIDENTIAL","landuse_subcategory":"RESIDENTIAL","investment":0,"employment":0,"landallotementstatus":"VACANT","landallotementtype":"VACANT","village_name":"Dhanauri","khasra_no":"52","longitude":77.60317475,"latitude":28.35235942,"authority":"YEIDA","category":"residential","execution_stage":"vacant"}},{"type":"Feature","geometry":{"type":"Polygon","coordinates":[[[77.603248,28.352316],[77.603094,28.35233],[77.603084,28.352221],[77.603238,28.352207],[77.603248,28.352316]]]},"properties":{"objectid":3436,"uniqueplotid":"PLNGRESIDENTIAL3436","plotmap_id":"SECTOR-17_670_C_RESI","plotidentificationnumber":"670","plotno":"670","industrysector":"SECTOR-17","block":"C","plotsize":"120 SQMT","plotsize_at_the_time_of_allotme":"120 SQMT","landuse_type":"RESIDENTIAL","landuse_subcategory":"RESIDENTIAL","scheme_cod":"RPS03","investment":0,"employment":0,"plotstatus":"Allotted","landallotementstatus":"SOLD","landallotementtype":"ALLOTTED","allotmentid":"RPS032090","allotment_date":1464114600000,"rate_of_allotment":15620,"lease_deed":"N","village_name":"Dhanauri","khasra_no":"52","longitude":77.60316609,"latitude":28.3522686,"authority":"YEIDA","category":"residential","execution_stage":"allotted"}},{"type":"Feature","geometry":{"type":"Polygon","coordinates":[[[77.603526,28.35229],[77.603372,28.352305],[77.603361,28.352195],[77.603515,28.352182],[77.603526,28.35229]]]},"properties":{"objectid":3437,"uniqueplotid":"PLNGRESIDENTIAL3437","plotmap_id":"SECTOR-17_671_C_RESI","plotidentificationnumber":"671","plotno":"671","industrysector":"SECTOR-17","block":"C","plotsize":"120 SQMT","plotsize_at_the_time_of_allotme":"120 SQMT","landuse_type":"RESIDENTIAL","landuse_subcategory":"RESIDENTIAL","scheme_cod":"RPS03","investment":0,"employment":0,"plotstatus":"Allotted","landallotementstatus":"SOLD","landallotementtype":"ALLOTTED","allotmentid":"RPS031182","allotment_date":1464114600000,"rate_of_allotment":15620,"lease_deed":"N","village_name":"Dhanauri","khasra_no":"52","longitude":77.60344348,"latitude":28.35224306,"authority":"YEIDA","category":"residential","execution_stage":"allotted"}},{"type":"Feature","geometry":{"type":"Polygon","coordinates":[[[77.603533,28.352363],[77.603379,28.352377],[77.603372,28.352305],[77.603526,28.35229],[77.603533,28.352363]]]},"properties":{"objectid":3438,"uniqueplotid":"PLNGRESIDENTIAL3438","plotmap_id":"SECTOR-17_672_C_RESI","plotidentificationnumber":"672","plotno":"672","industrysector":"SECTOR-17","block":"C","plotsize":"120 SQMT","plotsize_at_the_time_of_allotme":"120 SQMT","landuse_type":"RESIDENTIAL","landuse_subcategory":"RESIDENTIAL","scheme_cod":"RPS03","investment":0,"employment":0,"plotstatus":"Allotted","landallotementstatus":"SOLD","landallotementtype":"ALLOTTED","allotmentid":"RPS032091","allotment_date":1464114600000,"rate_of_allotment":15620,"lease_deed":"N","village_name":"Dhanauri","khasra_no":"52","longitude":77.60345215999999,"latitude":28.35233376,"authority":"YEIDA","category":"residential","execution_stage":"allotted"}},{"type":"Feature","geometry":{"type":"Polygon","coordinates":[[[77.60354,28.352435],[77.603385,28.352449],[77.603379,28.352377],[77.603533,28.352363],[77.60354,28.352435]]]},"properties":{"objectid":3439,"uniqueplotid":"PLNGRESIDENTIAL3439","plotmap_id":"SECTOR-17_673_C_RESI","plotidentificationnumber":"673","plotno":"673","industrysector":"SECTOR-17","block":"C","plotsize":"120 SQMT","plotsize_at_the_time_of_allotme":"120 SQMT","landuse_type":"RESIDENTIAL","landuse_subcategory":"RESIDENTIAL","scheme_cod":"RPS03","investment":0,"employment":0,"plotstatus":"Allotted","landallotementstatus":"SOLD","landallotementtype":"ALLOTTED","allotmentid":"RPS031288","allotment_date":1464114600000,"rate_of_allotment":15620,"lease_deed":"Y","village_name":"Dhanauri","khasra_no":"52","longitude":77.60345907,"latitude":28.35240616,"authority":"YEIDA","category":"residential","execution_stage":"lease-recorded"}},{"type":"Feature","geometry":{"type":"Polygon","coordinates":[[[77.603546,28.352508],[77.603392,28.352522],[77.603385,28.352449],[77.60354,28.352435],[77.603546,28.352508]]]},"properties":{"objectid":3440,"uniqueplotid":"PLNGRESIDENTIAL3440","plotmap_id":"SECTOR-17_674_C_RESI","plotidentificationnumber":"674","plotno":"674","industrysector":"SECTOR-17","block":"C","plotsize":"120 SQMT","plotsize_at_the_time_of_allotme":"120 SQMT","landuse_type":"RESIDENTIAL","landuse_subcategory":"RESIDENTIAL","scheme_cod":"RPS03","investment":0,"employment":0,"plotstatus":"Allotted","landallotementstatus":"SOLD","landallotementtype":"ALLOTTED","allotmentid":"RPS031478","allotment_date":1464114600000,"rate_of_allotment":15620,"lease_deed":"Y","village_name":"Dhanauri","khasra_no":"52","longitude":77.60346598,"latitude":28.35247857,"authority":"YEIDA","category":"residential","execution_stage":"lease-recorded"}},{"type":"Feature","geometry":{"type":"Polygon","coordinates":[[[77.603553,28.35258],[77.603399,28.352594],[77.603392,28.352522],[77.603546,28.352508],[77.603553,28.35258]]]},"properties":{"objectid":3441,"uniqueplotid":"PLNGRESIDENTIAL3441","plotmap_id":"SECTOR-17_675_C_RESI","plotidentificationnumber":"675","plotno":"675","industrysector":"SECTOR-17","block":"C","plotsize":"120 SQMT","plotsize_at_the_time_of_allotme":"120 SQMT","landuse_type":"RESIDENTIAL","landuse_subcategory":"RESIDENTIAL","scheme_cod":"RPS03","investment":0,"employment":0,"plotstatus":"Allotted","landallotementstatus":"SOLD","landallotementtype":"ALLOTTED","allotmentid":"RPS031768","allotment_date":1464114600000,"rate_of_allotment":15620,"lease_deed":"Y","village_name":"Dhanauri","khasra_no":"52","longitude":77.60347288999999,"latitude":28.35255097,"authority":"YEIDA","category":"residential","execution_stage":"lease-recorded"}},{"type":"Feature","geometry":{"type":"Polygon","coordinates":[[[77.60356,28.352652],[77.603406,28.352667],[77.603399,28.352594],[77.603553,28.35258],[77.60356,28.352652]]]},"properties":{"objectid":3442,"uniqueplotid":"PLNGRESIDENTIAL3442","plotmap_id":"SECTOR-17_676_C_RESI","plotidentificationnumber":"676","plotno":"676","industrysector":"SECTOR-17","block":"C","plotsize":"120 SQMT","plotsize_at_the_time_of_allotme":"120 SQMT","landuse_type":"RESIDENTIAL","landuse_subcategory":"RESIDENTIAL","scheme_cod":"RPS03","investment":0,"employment":0,"plotstatus":"Allotted","landallotementstatus":"SOLD","landallotementtype":"ALLOTTED","allotmentid":"RPS031134","allotment_date":1464114600000,"rate_of_allotment":15620,"lease_deed":"N","village_name":"Dhanauri","khasra_no":"52","longitude":77.60347979999999,"latitude":28.352623379999997,"authority":"YEIDA","category":"residential","execution_stage":"allotted"}},{"type":"Feature","geometry":{"type":"Polygon","coordinates":[[[77.603567,28.352725],[77.603413,28.352739],[77.603406,28.352667],[77.60356,28.352652],[77.603567,28.352725]]]},"properties":{"objectid":3443,"uniqueplotid":"PLNGRESIDENTIAL3443","plotmap_id":"SECTOR-17_677_C_RESI","plotidentificationnumber":"677","plotno":"677","industrysector":"SECTOR-17","block":"C","plotsize":"120 SQMT","plotsize_at_the_time_of_allotme":"120 SQMT","landuse_type":"RESIDENTIAL","landuse_subcategory":"RESIDENTIAL","scheme_cod":"RPS03","investment":0,"employment":0,"plotstatus":"Allotted","landallotementstatus":"SOLD","landallotementtype":"ALLOTTED","allotmentid":"RPS031278","allotment_date":1464114600000,"rate_of_allotment":15620,"lease_deed":"Y","village_name":"Dhanauri","khasra_no":"52","longitude":77.60348671,"latitude":28.352695779999998,"authority":"YEIDA","category":"residential","execution_stage":"lease-recorded"}},{"type":"Feature","geometry":{"type":"Polygon","coordinates":[[[77.603574,28.352797],[77.60342,28.352812],[77.603413,28.352739],[77.603567,28.352725],[77.603574,28.352797]]]},"properties":{"objectid":3444,"uniqueplotid":"PLNGRESIDENTIAL3444","plotmap_id":"SECTOR-17_678_C_RESI","plotidentificationnumber":"678","plotno":"678","industrysector":"SECTOR-17","block":"C","plotsize":"120 SQMT","plotsize_at_the_time_of_allotme":"120 SQMT","landuse_type":"RESIDENTIAL","landuse_subcategory":"RESIDENTIAL","scheme_cod":"RRPS04","investment":0,"employment":0,"plotstatus":"Allotted","landallotementstatus":"SOLD","landallotementtype":"ALLOTTED","allotmentid":"RRPS041099","allotment_date":1605205800000,"rate_of_allotment":16870,"lease_deed":"Y","village_name":"Dhanauri","khasra_no":"52","longitude":77.60349362,"latitude":28.35276819,"authority":"YEIDA","category":"residential","execution_stage":"lease-recorded"}},{"type":"Feature","geometry":{"type":"Polygon","coordinates":[[[77.603581,28.35287],[77.603427,28.352884],[77.60342,28.352812],[77.603574,28.352797],[77.603581,28.35287]]]},"properties":{"objectid":3445,"uniqueplotid":"PLNGRESIDENTIAL3445","plotmap_id":"SECTOR-17_679_C_RESI","plotidentificationnumber":"679","plotno":"679","industrysector":"SECTOR-17","block":"C","plotsize":"120 SQMT","plotsize_at_the_time_of_allotme":"120 SQMT","landuse_type":"RESIDENTIAL","landuse_subcategory":"RESIDENTIAL","scheme_cod":"RPS03","investment":0,"employment":0,"plotstatus":"Allotted","landallotementstatus":"SOLD","landallotementtype":"ALLOTTED","allotmentid":"RPS031467","allotment_date":1464114600000,"rate_of_allotment":15620,"lease_deed":"Y","village_name":"Dhanauri","khasra_no":"52","longitude":77.60350052999999,"latitude":28.35284059,"authority":"YEIDA","category":"residential","execution_stage":"lease-recorded"}},{"type":"Feature","geometry":{"type":"Polygon","coordinates":[[[77.603588,28.352942],[77.603434,28.352956],[77.603427,28.352884],[77.603581,28.35287],[77.603588,28.352942]]]},"properties":{"objectid":3446,"uniqueplotid":"PLNGRESIDENTIAL3446","plotmap_id":"SECTOR-17_680_C_RESI","plotidentificationnumber":"680","plotno":"680","industrysector":"SECTOR-17","block":"C","plotsize":"120 SQMT","plotsize_at_the_time_of_allotme":"120 SQMT","landuse_type":"RESIDENTIAL","landuse_subcategory":"RESIDENTIAL","scheme_cod":"RPS03","investment":0,"employment":0,"plotstatus":"Allotted","landallotementstatus":"SOLD","landallotementtype":"ALLOTTED","allotmentid":"RPS031568","allotment_date":1464114600000,"rate_of_allotment":15620,"lease_deed":"Y","village_name":"Dhanauri","khasra_no":"52","longitude":77.60350744,"latitude":28.352912999999997,"authority":"YEIDA","category":"residential","execution_stage":"lease-recorded"}},{"type":"Feature","geometry":{"type":"Polygon","coordinates":[[[77.603742,28.352928],[77.603588,28.352942],[77.603581,28.35287],[77.603735,28.352855],[77.603742,28.352928]]]},"properties":{"objectid":3447,"uniqueplotid":"PLNGRESIDENTIAL3447","plotmap_id":"SECTOR-17_689_C_RESI","plotidentificationnumber":"689","plotno":"689","industrysector":"SECTOR-17","block":"C","plotsize":"120 SQMT","plotsize_at_the_time_of_allotme":"120 SQMT","landuse_type":"RESIDENTIAL","landuse_subcategory":"RESIDENTIAL","scheme_cod":"RPS03","investment":0,"employment":0,"plotstatus":"Allotted","landallotementstatus":"SOLD","landallotementtype":"ALLOTTED","allotmentid":"RPS031033","allotment_date":1464114600000,"rate_of_allotment":15620,"lease_deed":"N","village_name":"Dhanauri","khasra_no":"52","longitude":77.60366155,"latitude":28.352898739999997,"authority":"YEIDA","category":"residential","execution_stage":"allotted"}},{"type":"Feature","geometry":{"type":"Polygon","coordinates":[[[77.603735,28.352855],[77.603581,28.35287],[77.603574,28.352797],[77.603728,28.352783],[77.603735,28.352855]]]},"properties":{"objectid":3448,"uniqueplotid":"PLNGRESIDENTIAL3448","plotmap_id":"SECTOR-17_690_C_RESI","plotidentificationnumber":"690","plotno":"690","industrysector":"SECTOR-17","block":"C","plotsize":"120 SQMT","plotsize_at_the_time_of_allotme":"120 SQMT","landuse_type":"RESIDENTIAL","landuse_subcategory":"RESIDENTIAL","scheme_cod":"RPS03","investment":0,"employment":0,"plotstatus":"Allotted","landallotementstatus":"SOLD","landallotementtype":"ALLOTTED","allotmentid":"RPS031881","allotment_date":1464114600000,"rate_of_allotment":15620,"lease_deed":"N","village_name":"Dhanauri","khasra_no":"52","longitude":77.60365464,"latitude":28.35282634,"authority":"YEIDA","category":"residential","execution_stage":"allotted"}},{"type":"Feature","geometry":{"type":"Polygon","coordinates":[[[77.603728,28.352783],[77.603574,28.352797],[77.603567,28.352725],[77.603721,28.352711],[77.603728,28.352783]]]},"properties":{"objectid":3449,"uniqueplotid":"PLNGRESIDENTIAL3449","plotmap_id":"SECTOR-17_691_C_RESI","plotidentificationnumber":"691","plotno":"691","industrysector":"SECTOR-17","block":"C","plotsize":"120 SQMT","plotsize_at_the_time_of_allotme":"120 SQMT","landuse_type":"RESIDENTIAL","landuse_subcategory":"RESIDENTIAL","scheme_cod":"RPS03","investment":0,"employment":0,"plotstatus":"Allotted","landallotementstatus":"SOLD","landallotementtype":"ALLOTTED","allotmentid":"RPS031171","allotment_date":1464114600000,"rate_of_allotment":15620,"lease_deed":"N","village_name":"Dhanauri","khasra_no":"52","longitude":77.60364773,"latitude":28.35275393,"authority":"YEIDA","category":"residential","execution_stage":"allotted"}},{"type":"Feature","geometry":{"type":"Polygon","coordinates":[[[77.603721,28.352711],[77.603567,28.352725],[77.60356,28.352652],[77.603714,28.352638],[77.603721,28.352711]]]},"properties":{"objectid":3450,"uniqueplotid":"PLNGRESIDENTIAL3450","plotmap_id":"SECTOR-17_692_C_RESI","plotidentificationnumber":"692","plotno":"692","industrysector":"SECTOR-17","block":"C","plotsize":"120 SQMT","plotsize_at_the_time_of_allotme":"120 SQMT","landuse_type":"RESIDENTIAL","landuse_subcategory":"RESIDENTIAL","scheme_cod":"RPS03","investment":0,"employment":0,"plotstatus":"Allotted","landallotementstatus":"SOLD","landallotementtype":"ALLOTTED","allotmentid":"RPS031052","allotment_date":1464114600000,"rate_of_allotment":15620,"lease_deed":"Y","village_name":"Dhanauri","khasra_no":"52","longitude":77.60364082,"latitude":28.352681529999998,"authority":"YEIDA","category":"residential","execution_stage":"lease-recorded"}},{"type":"Feature","geometry":{"type":"Polygon","coordinates":[[[77.603714,28.352638],[77.60356,28.352652],[77.603553,28.35258],[77.603708,28.352566],[77.603714,28.352638]]]},"properties":{"objectid":3451,"uniqueplotid":"PLNGRESIDENTIAL3451","plotmap_id":"SECTOR-17_693_C_RESI","plotidentificationnumber":"693","plotno":"693","industrysector":"SECTOR-17","block":"C","plotsize":"120 SQMT","plotsize_at_the_time_of_allotme":"120 SQMT","landuse_type":"RESIDENTIAL","landuse_subcategory":"RESIDENTIAL","scheme_cod":"RPS03","investment":0,"employment":0,"plotstatus":"Allotted","landallotementstatus":"SOLD","landallotementtype":"ALLOTTED","allotmentid":"RPS031620","allotment_date":1464114600000,"rate_of_allotment":15620,"lease_deed":"N","village_name":"Dhanauri","khasra_no":"52","longitude":77.60363391,"latitude":28.35260912,"authority":"YEIDA","category":"residential","execution_stage":"allotted"}},{"type":"Feature","geometry":{"type":"Polygon","coordinates":[[[77.603708,28.352566],[77.603553,28.35258],[77.603546,28.352508],[77.603701,28.352493],[77.603708,28.352566]]]},"properties":{"objectid":3452,"uniqueplotid":"PLNGRESIDENTIAL3452","plotmap_id":"SECTOR-17_694_C_RESI","plotidentificationnumber":"694","plotno":"694","industrysector":"SECTOR-17","block":"C","plotsize":"120 SQMT","plotsize_at_the_time_of_allotme":"120 SQMT","landuse_type":"RESIDENTIAL","landuse_subcategory":"RESIDENTIAL","scheme_cod":"RPS03","investment":0,"employment":0,"plotstatus":"Allotted","landallotementstatus":"SOLD","landallotementtype":"ALLOTTED","allotmentid":"RPS032120","allotment_date":1464114600000,"rate_of_allotment":15620,"lease_deed":"Y","village_name":"Dhanauri","khasra_no":"52","longitude":77.603627,"latitude":28.35253672,"authority":"YEIDA","category":"residential","execution_stage":"lease-recorded"}},{"type":"Feature","geometry":{"type":"Polygon","coordinates":[[[77.603701,28.352493],[77.603546,28.352508],[77.60354,28.352435],[77.603694,28.352421],[77.603701,28.352493]]]},"properties":{"objectid":3453,"uniqueplotid":"PLNGRESIDENTIAL3453","plotmap_id":"SECTOR-17_695_C_RESI","plotidentificationnumber":"695","plotno":"695","industrysector":"SECTOR-17","block":"C","plotsize":"120 SQMT","plotsize_at_the_time_of_allotme":"120 SQMT","landuse_type":"RESIDENTIAL","landuse_subcategory":"RESIDENTIAL","scheme_cod":"RPS03","investment":0,"employment":0,"plotstatus":"Allotted","landallotementstatus":"SOLD","landallotementtype":"ALLOTTED","allotmentid":"RPS031161","allotment_date":1464114600000,"rate_of_allotment":15620,"lease_deed":"Y","village_name":"Dhanauri","khasra_no":"52","longitude":77.60362009,"latitude":28.35246431,"authority":"YEIDA","category":"residential","execution_stage":"lease-recorded"}},{"type":"Feature","geometry":{"type":"Polygon","coordinates":[[[77.603694,28.352421],[77.60354,28.352435],[77.603533,28.352363],[77.603687,28.352349],[77.603694,28.352421]]]},"properties":{"objectid":3454,"uniqueplotid":"PLNGRESIDENTIAL3454","plotmap_id":"SECTOR-17_696_C_RESI","plotidentificationnumber":"696","plotno":"696","industrysector":"SECTOR-17","block":"C","plotsize":"120 SQMT","plotsize_at_the_time_of_allotme":"120 SQMT","landuse_type":"RESIDENTIAL","landuse_subcategory":"RESIDENTIAL","scheme_cod":"RPS03","investment":0,"employment":0,"plotstatus":"Allotted","landallotementstatus":"SOLD","landallotementtype":"ALLOTTED","allotmentid":"RPS031323","allotment_date":1464114600000,"rate_of_allotment":15620,"lease_deed":"Y","village_name":"Dhanauri","khasra_no":"52","longitude":77.60361318,"latitude":28.352391909999998,"authority":"YEIDA","category":"residential","execution_stage":"lease-recorded"}},{"type":"Feature","geometry":{"type":"Polygon","coordinates":[[[77.603687,28.352349],[77.603533,28.352363],[77.603526,28.35229],[77.60368,28.352276],[77.603687,28.352349]]]},"properties":{"objectid":3455,"uniqueplotid":"PLNGRESIDENTIAL3455","plotmap_id":"SECTOR-17_697_C_RESI","plotidentificationnumber":"697","plotno":"697","industrysector":"SECTOR-17","block":"C","plotsize":"120 SQMT","plotsize_at_the_time_of_allotme":"120 SQMT","landuse_type":"RESIDENTIAL","landuse_subcategory":"RESIDENTIAL","scheme_cod":"RPS03","investment":0,"employment":0,"plotstatus":"Allotted","landallotementstatus":"SOLD","landallotementtype":"ALLOTTED","allotmentid":"RPS031819","allotment_date":1464114600000,"rate_of_allotment":15620,"lease_deed":"N","village_name":"Dhanauri","khasra_no":"52","longitude":77.60360627,"latitude":28.3523195,"authority":"YEIDA","category":"residential","execution_stage":"allotted"}},{"type":"Feature","geometry":{"type":"Polygon","coordinates":[[[77.604969,28.35297],[77.604887,28.352977],[77.604874,28.352841],[77.604956,28.352834],[77.604969,28.35297]]]},"properties":{"objectid":3456,"uniqueplotid":"PLNGRESIDENTIAL3456","plotmap_id":"SECTOR-17_700_C_RESI","plotidentificationnumber":"700","plotno":"700","industrysector":"SECTOR-17","block":"C","plotsize":"120 SQMT","plotsize_at_the_time_of_allotme":"120 SQMT","landuse_type":"RESIDENTIAL","landuse_subcategory":"RESIDENTIAL","scheme_cod":"RPS03","investment":0,"employment":0,"plotstatus":"Allotted","landallotementstatus":"SOLD","landallotementtype":"ALLOTTED","allotmentid":"RPS031075","allotment_date":1464114600000,"rate_of_allotment":15620,"lease_deed":"Y","village_name":"Dhanauri","khasra_no":"42","longitude":77.60492152,"latitude":28.35290546,"authority":"YEIDA","category":"residential","execution_stage":"lease-recorded"}},{"type":"Feature","geometry":{"type":"Polygon","coordinates":[[[77.605341,28.352853],[77.605187,28.352867],[77.60518,28.352795],[77.605335,28.352781],[77.605341,28.352853]]]},"properties":{"objectid":3457,"uniqueplotid":"PLNGRESIDENTIAL3457","plotmap_id":"SECTOR-17_730_C_RESI","plotidentificationnumber":"730","plotno":"730","industrysector":"SECTOR-17","block":"C","plotsize":"120 SQMT","plotsize_at_the_time_of_allotme":"120 SQMT","landuse_type":"RESIDENTIAL","landuse_subcategory":"RESIDENTIAL","scheme_cod":"RPS03","investment":0,"employment":0,"plotstatus":"Allotted","landallotementstatus":"SOLD","landallotementtype":"ALLOTTED","allotmentid":"RPS032079","allotment_date":1464114600000,"rate_of_allotment":15620,"lease_deed":"N","village_name":"Dhanauri","khasra_no":"42","longitude":77.60526096,"latitude":28.35282384,"authority":"YEIDA","category":"residential","execution_stage":"allotted"}},{"type":"Feature","geometry":{"type":"Polygon","coordinates":[[[77.605335,28.352781],[77.60518,28.352795],[77.605174,28.352722],[77.605328,28.352708],[77.605335,28.352781]]]},"properties":{"objectid":3458,"uniqueplotid":"PLNGRESIDENTIAL3458","plotmap_id":"SECTOR-17_731_C_RESI","plotidentificationnumber":"731","plotno":"731","industrysector":"SECTOR-17","block":"C","plotsize":"120 SQMT","plotsize_at_the_time_of_allotme":"120 SQMT","landuse_type":"RESIDENTIAL","landuse_subcategory":"RESIDENTIAL","scheme_cod":"RPS03","investment":0,"employment":0,"plotstatus":"Allotted","landallotementstatus":"SOLD","landallotementtype":"ALLOTTED","allotmentid":"RPS031545","allotment_date":1464114600000,"rate_of_allotment":15620,"lease_deed":"Y","village_name":"Dhanauri","khasra_no":"42","longitude":77.60525405,"latitude":28.35275144,"authority":"YEIDA","category":"residential","execution_stage":"lease-recorded"}},{"type":"Feature","geometry":{"type":"Polygon","coordinates":[[[77.605328,28.352708],[77.605174,28.352722],[77.605167,28.35265],[77.605321,28.352636],[77.605328,28.352708]]]},"properties":{"objectid":3459,"uniqueplotid":"PLNGRESIDENTIAL3459","plotmap_id":"SECTOR-17_732_C_RESI","plotidentificationnumber":"732","plotno":"732","industrysector":"SECTOR-17","block":"C","plotsize":"120 SQMT","plotsize_at_the_time_of_allotme":"120 SQMT","landuse_type":"RESIDENTIAL","landuse_subcategory":"RESIDENTIAL","scheme_cod":"RPS03","investment":0,"employment":0,"plotstatus":"Allotted","landallotementstatus":"SOLD","landallotementtype":"ALLOTTED","allotmentid":"RPS032076","allotment_date":1464114600000,"rate_of_allotment":15620,"lease_deed":"N","village_name":"Dhanauri","khasra_no":"42","longitude":77.60524714,"latitude":28.352679029999997,"authority":"YEIDA","category":"residential","execution_stage":"allotted"}},{"type":"Feature","geometry":{"type":"Polygon","coordinates":[[[77.605321,28.352636],[77.605167,28.35265],[77.60516,28.352578],[77.605314,28.352563],[77.605321,28.352636]]]},"properties":{"objectid":3460,"uniqueplotid":"PLNGRESIDENTIAL3460","plotmap_id":"SECTOR-17_733_C_RESI","plotidentificationnumber":"733","plotno":"733","industrysector":"SECTOR-17","block":"C","plotsize":"120 SQMT","plotsize_at_the_time_of_allotme":"120 SQMT","landuse_type":"RESIDENTIAL","landuse_subcategory":"RESIDENTIAL","scheme_cod":"RPS03","investment":0,"employment":0,"plotstatus":"Allotted","landallotementstatus":"SOLD","landallotementtype":"ALLOTTED","allotmentid":"RPS031925","allotment_date":1464114600000,"rate_of_allotment":15620,"lease_deed":"N","village_name":"Dhanauri","khasra_no":"42","longitude":77.60524022999999,"latitude":28.35260662,"authority":"YEIDA","category":"residential","execution_stage":"allotted"}},{"type":"Feature","geometry":{"type":"Polygon","coordinates":[[[77.605314,28.352563],[77.60516,28.352578],[77.605153,28.352505],[77.605307,28.352491],[77.605314,28.352563]]]},"properties":{"objectid":3461,"uniqueplotid":"PLNGRESIDENTIAL3461","plotmap_id":"SECTOR-17_734_C_RESI","plotidentificationnumber":"734","plotno":"734","industrysector":"SECTOR-17","block":"C","plotsize":"120 SQMT","plotsize_at_the_time_of_allotme":"120 SQMT","landuse_type":"RESIDENTIAL","landuse_subcategory":"RESIDENTIAL","scheme_cod":"RPS03","investment":0,"employment":0,"plotstatus":"Allotted","landallotementstatus":"SOLD","landallotementtype":"ALLOTTED","allotmentid":"RPS031936","allotment_date":1464114600000,"rate_of_allotment":15620,"lease_deed":"N","village_name":"Dhanauri","khasra_no":"42","longitude":77.60523332,"latitude":28.35253422,"authority":"YEIDA","category":"residential","execution_stage":"allotted"}},{"type":"Feature","geometry":{"type":"Polygon","coordinates":[[[77.605307,28.352491],[77.605153,28.352505],[77.605146,28.352433],[77.6053,28.352418],[77.605307,28.352491]]]},"properties":{"objectid":3462,"uniqueplotid":"PLNGRESIDENTIAL3462","plotmap_id":"SECTOR-17_735_C_RESI","plotidentificationnumber":"735","plotno":"735","industrysector":"SECTOR-17","block":"C","plotsize":"120 SQMT","plotsize_at_the_time_of_allotme":"120 SQMT","landuse_type":"RESIDENTIAL","landuse_subcategory":"RESIDENTIAL","scheme_cod":"RPS03","investment":0,"employment":0,"plotstatus":"Allotted","landallotementstatus":"SOLD","landallotementtype":"ALLOTTED","allotmentid":"RPS031049","allotment_date":1464114600000,"rate_of_allotment":15620,"lease_deed":"Y","village_name":"Dhanauri","khasra_no":"39,42","longitude":77.60522641,"latitude":28.352461809999998,"authority":"YEIDA","category":"residential","execution_stage":"lease-recorded"}},{"type":"Feature","geometry":{"type":"Polygon","coordinates":[[[77.6053,28.352418],[77.605146,28.352433],[77.605139,28.35236],[77.605293,28.352346],[77.6053,28.352418]]]},"properties":{"objectid":3463,"uniqueplotid":"PLNGRESIDENTIAL3463","plotmap_id":"SECTOR-17_736_C_RESI","plotidentificationnumber":"736","plotno":"736","industrysector":"SECTOR-17","block":"C","plotsize":"120 SQMT","plotsize_at_the_time_of_allotme":"120 SQMT","landuse_type":"RESIDENTIAL","landuse_subcategory":"RESIDENTIAL","scheme_cod":"RPS03","investment":0,"employment":0,"plotstatus":"Allotted","landallotementstatus":"SOLD","landallotementtype":"ALLOTTED","allotmentid":"RPS031701","allotment_date":1464114600000,"rate_of_allotment":15620,"lease_deed":"Y","village_name":"Dhanauri","khasra_no":"39,30,27,42","longitude":77.60521949999999,"latitude":28.35238941,"authority":"YEIDA","category":"residential","execution_stage":"lease-recorded"}},{"type":"Feature","geometry":{"type":"Polygon","coordinates":[[[77.605293,28.352346],[77.605139,28.35236],[77.605132,28.352288],[77.605286,28.352274],[77.605293,28.352346]]]},"properties":{"objectid":3464,"uniqueplotid":"PLNGRESIDENTIAL3464","plotmap_id":"SECTOR-17_737_C_RESI","plotidentificationnumber":"737","plotno":"737","industrysector":"SECTOR-17","block":"C","plotsize":"120 SQMT","plotsize_at_the_time_of_allotme":"120 SQMT","landuse_type":"RESIDENTIAL","landuse_subcategory":"RESIDENTIAL","scheme_cod":"RPS03","investment":0,"employment":0,"plotstatus":"Allotted","landallotementstatus":"SOLD","landallotementtype":"ALLOTTED","allotmentid":"RPS031798","allotment_date":1464114600000,"rate_of_allotment":15620,"lease_deed":"Y","village_name":"Dhanauri","khasra_no":"39,30,42","longitude":77.60521259,"latitude":28.352317,"authority":"YEIDA","category":"residential","execution_stage":"lease-recorded"}},{"type":"Feature","geometry":{"type":"Polygon","coordinates":[[[77.605286,28.352274],[77.605132,28.352288],[77.605125,28.352216],[77.605279,28.352201],[77.605286,28.352274]]]},"properties":{"objectid":3465,"uniqueplotid":"PLNGRESIDENTIAL3465","plotmap_id":"SECTOR-17_738_C_RESI","plotidentificationnumber":"738","plotno":"738","industrysector":"SECTOR-17","block":"C","plotsize":"120 SQMT","plotsize_at_the_time_of_allotme":"120 SQMT","landuse_type":"RESIDENTIAL","landuse_subcategory":"RESIDENTIAL","scheme_cod":"RPS03","investment":0,"employment":0,"plotstatus":"Allotted","landallotementstatus":"SOLD","landallotementtype":"ALLOTTED","allotmentid":"RPS031872","allotment_date":1464114600000,"rate_of_allotment":15620,"lease_deed":"N","village_name":"Dhanauri","khasra_no":"39,30","longitude":77.60520568,"latitude":28.3522446,"authority":"YEIDA","category":"residential","execution_stage":"allotted"}},{"type":"Feature","geometry":{"type":"Polygon","coordinates":[[[77.605279,28.352201],[77.605125,28.352216],[77.605118,28.352143],[77.605272,28.352129],[77.605279,28.352201]]]},"properties":{"objectid":3466,"uniqueplotid":"PLNGRESIDENTIAL3466","plotmap_id":"SECTOR-17_739_C_RESI","plotidentificationnumber":"739","plotno":"739","industrysector":"SECTOR-17","block":"C","plotsize":"120 SQMT","plotsize_at_the_time_of_allotme":"120 SQMT","landuse_type":"RESIDENTIAL","landuse_subcategory":"RESIDENTIAL","scheme_cod":"RPS03","investment":0,"employment":0,"plotstatus":"Allotted","landallotementstatus":"SOLD","landallotementtype":"ALLOTTED","allotmentid":"RPS031867","allotment_date":1464114600000,"rate_of_allotment":15620,"lease_deed":"Y","village_name":"Dhanauri","khasra_no":"30","longitude":77.60519876999999,"latitude":28.35217219,"authority":"YEIDA","category":"residential","execution_stage":"lease-recorded"}},{"type":"Feature","geometry":{"type":"Polygon","coordinates":[[[77.605272,28.352129],[77.605118,28.352143],[77.605111,28.352071],[77.605265,28.352056],[77.605272,28.352129]]]},"properties":{"objectid":3467,"uniqueplotid":"PLNGRESIDENTIAL3467","plotmap_id":"SECTOR-17_740_C_RESI","plotidentificationnumber":"740","plotno":"740","industrysector":"SECTOR-17","block":"C","plotsize":"120 SQMT","landuse_type":"RESIDENTIAL","landuse_subcategory":"RESIDENTIAL","investment":0,"employment":0,"landallotementstatus":"VACANT","landallotementtype":"VACANT","village_name":"Dhanauri","khasra_no":"30","longitude":77.60519185999999,"latitude":28.35209979,"authority":"YEIDA","category":"residential","execution_stage":"vacant"}},{"type":"Feature","geometry":{"type":"Polygon","coordinates":[[[77.605265,28.352056],[77.605111,28.352071],[77.605104,28.351998],[77.605259,28.351984],[77.605265,28.352056]]]},"properties":{"objectid":3468,"uniqueplotid":"PLNGRESIDENTIAL3468","plotmap_id":"SECTOR-17_741_C_RESI","plotidentificationnumber":"741","plotno":"741","industrysector":"SECTOR-17","block":"C","plotsize":"120 SQMT","plotsize_at_the_time_of_allotme":"120 SQMT","landuse_type":"RESIDENTIAL","landuse_subcategory":"RESIDENTIAL","scheme_cod":"RPS03","investment":0,"employment":0,"plotstatus":"Allotted","landallotementstatus":"SOLD","landallotementtype":"ALLOTTED","allotmentid":"RPS031315","allotment_date":1464114600000,"rate_of_allotment":15620,"lease_deed":"Y","village_name":"Dhanauri","khasra_no":"30","longitude":77.60518495,"latitude":28.35202738,"authority":"YEIDA","category":"residential","execution_stage":"lease-recorded"}},{"type":"Feature","geometry":{"type":"Polygon","coordinates":[[[77.605259,28.351984],[77.605104,28.351998],[77.605098,28.351926],[77.605252,28.351912],[77.605259,28.351984]]]},"properties":{"objectid":3469,"uniqueplotid":"PLNGRESIDENTIAL3469","plotmap_id":"SECTOR-17_742_C_RESI","plotidentificationnumber":"742","plotno":"742","industrysector":"SECTOR-17","block":"C","plotsize":"120 SQMT","plotsize_at_the_time_of_allotme":"120 SQMT","landuse_type":"RESIDENTIAL","landuse_subcategory":"RESIDENTIAL","scheme_cod":"RPS03","investment":0,"employment":0,"plotstatus":"Allotted","landallotementstatus":"SOLD","landallotementtype":"ALLOTTED","allotmentid":"RPS031425","allotment_date":1464114600000,"rate_of_allotment":15620,"lease_deed":"Y","village_name":"Dhanauri","khasra_no":"30,29","longitude":77.60517804,"latitude":28.35195497,"authority":"YEIDA","category":"residential","execution_stage":"lease-recorded"}},{"type":"Feature","geometry":{"type":"Polygon","coordinates":[[[77.605252,28.351912],[77.605098,28.351926],[77.605091,28.351853],[77.605245,28.351839],[77.605252,28.351912]]]},"properties":{"objectid":3470,"uniqueplotid":"PLNGRESIDENTIAL3470","plotmap_id":"SECTOR-17_743_C_RESI","plotidentificationnumber":"743","plotno":"743","industrysector":"SECTOR-17","block":"C","plotsize":"120 SQMT","plotsize_at_the_time_of_allotme":"120 SQMT","landuse_type":"RESIDENTIAL","landuse_subcategory":"RESIDENTIAL","scheme_cod":"RPS03","investment":0,"employment":0,"plotstatus":"Allotted","landallotementstatus":"SOLD","landallotementtype":"ALLOTTED","allotmentid":"RPS031082","allotment_date":1464114600000,"rate_of_allotment":15620,"lease_deed":"N","village_name":"Dhanauri","khasra_no":"30,29","longitude":77.60517112999999,"latitude":28.35188257,"authority":"YEIDA","category":"residential","execution_stage":"allotted"}},{"type":"Feature","geometry":{"type":"Polygon","coordinates":[[[77.605245,28.351839],[77.605091,28.351853],[77.605084,28.351781],[77.605238,28.351767],[77.605245,28.351839]]]},"properties":{"objectid":3471,"uniqueplotid":"PLNGRESIDENTIAL3471","plotmap_id":"SECTOR-17_744_C_RESI","plotidentificationnumber":"744","plotno":"744","industrysector":"SECTOR-17","block":"C","plotsize":"120 SQMT","plotsize_at_the_time_of_allotme":"120 SQMT","landuse_type":"RESIDENTIAL","landuse_subcategory":"RESIDENTIAL","scheme_cod":"RPS03","investment":0,"employment":0,"plotstatus":"Allotted","landallotementstatus":"SOLD","landallotementtype":"ALLOTTED","allotmentid":"RPS031592","allotment_date":1464114600000,"rate_of_allotment":15620,"lease_deed":"N","village_name":"Dhanauri","khasra_no":"31,30,29,28","longitude":77.60516421999999,"latitude":28.35181016,"authority":"YEIDA","category":"residential","execution_stage":"allotted"}},{"type":"Feature","geometry":{"type":"Polygon","coordinates":[[[77.605238,28.351767],[77.605084,28.351781],[77.605077,28.351709],[77.605231,28.351694],[77.605238,28.351767]]]},"properties":{"objectid":3472,"uniqueplotid":"PLNGRESIDENTIAL3472","plotmap_id":"SECTOR-17_745_C_RESI","plotidentificationnumber":"745","plotno":"745","industrysector":"SECTOR-17","block":"C","plotsize":"120 SQMT","plotsize_at_the_time_of_allotme":"120 SQMT","landuse_type":"RESIDENTIAL","landuse_subcategory":"RESIDENTIAL","scheme_cod":"RPS03","investment":0,"employment":0,"plotstatus":"Allotted","landallotementstatus":"SOLD","landallotementtype":"ALLOTTED","allotmentid":"RPS032058","allotment_date":1464114600000,"rate_of_allotment":15620,"lease_deed":"N","village_name":"Dhanauri","khasra_no":"31,30,33,29,28,32","longitude":77.60515731,"latitude":28.351737760000002,"authority":"YEIDA","category":"residential","execution_stage":"allotted"}},{"type":"Feature","geometry":{"type":"Polygon","coordinates":[[[77.605231,28.351694],[77.605077,28.351709],[77.60507,28.351636],[77.605224,28.351622],[77.605231,28.351694]]]},"properties":{"objectid":3473,"uniqueplotid":"PLNGRESIDENTIAL3473","plotmap_id":"SECTOR-17_746_C_RESI","plotidentificationnumber":"746","plotno":"746","industrysector":"SECTOR-17","block":"C","plotsize":"120 SQMT","plotsize_at_the_time_of_allotme":"120 SQMT","landuse_type":"RESIDENTIAL","landuse_subcategory":"RESIDENTIAL","scheme_cod":"RPS03","investment":0,"employment":0,"plotstatus":"Allotted","landallotementstatus":"SOLD","landallotementtype":"ALLOTTED","allotmentid":"RPS031411","allotment_date":1464114600000,"rate_of_allotment":15620,"lease_deed":"N","village_name":"Dhanauri","khasra_no":"31,33,28,32","longitude":77.6051504,"latitude":28.35166535,"authority":"YEIDA","category":"residential","execution_stage":"allotted"}},{"type":"Feature","geometry":{"type":"Polygon","coordinates":[[[77.605224,28.351622],[77.60507,28.351636],[77.605063,28.351564],[77.605217,28.35155],[77.605224,28.351622]]]},"properties":{"objectid":3474,"uniqueplotid":"PLNGRESIDENTIAL3474","plotmap_id":"SECTOR-17_747_C_RESI","plotidentificationnumber":"747","plotno":"747","industrysector":"SECTOR-17","block":"C","plotsize":"120 SQMT","plotsize_at_the_time_of_allotme":"120 SQMT","landuse_type":"RESIDENTIAL","landuse_subcategory":"RESIDENTIAL","scheme_cod":"RPS03","investment":0,"employment":0,"plotstatus":"Allotted","landallotementstatus":"SOLD","landallotementtype":"ALLOTTED","allotmentid":"RPS031165","allotment_date":1464114600000,"rate_of_allotment":15620,"lease_deed":"N","village_name":"Dhanauri","khasra_no":"33,34","longitude":77.60514348999999,"latitude":28.35159294,"authority":"YEIDA","category":"residential","execution_stage":"allotted"}},{"type":"Feature","geometry":{"type":"Polygon","coordinates":[[[77.605217,28.35155],[77.605063,28.351564],[77.605056,28.351491],[77.60521,28.351477],[77.605217,28.35155]]]},"properties":{"objectid":3475,"uniqueplotid":"PLNGRESIDENTIAL3475","plotmap_id":"SECTOR-17_748_C_RESI","plotidentificationnumber":"748","plotno":"748","industrysector":"SECTOR-17","block":"C","plotsize":"120 SQMT","plotsize_at_the_time_of_allotme":"120 SQMT","landuse_type":"RESIDENTIAL","landuse_subcategory":"RESIDENTIAL","scheme_cod":"RPS03","investment":0,"employment":0,"plotstatus":"Allotted","landallotementstatus":"SOLD","landallotementtype":"ALLOTTED","allotmentid":"RPS031084","allotment_date":1464114600000,"rate_of_allotment":15620,"lease_deed":"N","village_name":"Dhanauri","khasra_no":"33,34","longitude":77.60513657999999,"latitude":28.351520540000003,"authority":"YEIDA","category":"residential","execution_stage":"allotted"}},{"type":"Feature","geometry":{"type":"Polygon","coordinates":[[[77.60521,28.351477],[77.605056,28.351491],[77.605049,28.351419],[77.605203,28.351405],[77.60521,28.351477]]]},"properties":{"objectid":3476,"uniqueplotid":"PLNGRESIDENTIAL3476","plotmap_id":"SECTOR-17_749_C_RESI","plotidentificationnumber":"749","plotno":"749","industrysector":"SECTOR-17","block":"C","plotsize":"120 SQMT","plotsize_at_the_time_of_allotme":"120 SQMT","landuse_type":"RESIDENTIAL","landuse_subcategory":"RESIDENTIAL","scheme_cod":"RPS03","investment":0,"employment":0,"plotstatus":"Allotted","landallotementstatus":"SOLD","landallotementtype":"ALLOTTED","allotmentid":"RPS031751","allotment_date":1464114600000,"rate_of_allotment":15620,"lease_deed":"Y","village_name":"Dhanauri","khasra_no":"33,34","longitude":77.60512967,"latitude":28.35144813,"authority":"YEIDA","category":"residential","execution_stage":"lease-recorded"}},{"type":"Feature","geometry":{"type":"Polygon","coordinates":[[[77.605203,28.351405],[77.605049,28.351419],[77.605042,28.351347],[77.605196,28.351332],[77.605203,28.351405]]]},"properties":{"objectid":3477,"uniqueplotid":"PLNGRESIDENTIAL3477","plotmap_id":"SECTOR-17_750_C_RESI","plotidentificationnumber":"750","plotno":"750","industrysector":"SECTOR-17","block":"C","plotsize":"120 SQMT","plotsize_at_the_time_of_allotme":"120 SQMT","landuse_type":"RESIDENTIAL","landuse_subcategory":"RESIDENTIAL","scheme_cod":"RPS03","investment":0,"employment":0,"plotstatus":"Allotted","landallotementstatus":"SOLD","landallotementtype":"ALLOTTED","allotmentid":"RPS031426","allotment_date":1464114600000,"rate_of_allotment":15620,"lease_deed":"Y","village_name":"Dhanauri","khasra_no":"33,34","longitude":77.60512275999999,"latitude":28.35137572,"authority":"YEIDA","category":"residential","execution_stage":"lease-recorded"}},{"type":"Feature","geometry":{"type":"Polygon","coordinates":[[[77.605196,28.351332],[77.605042,28.351347],[77.605035,28.351274],[77.605189,28.35126],[77.605196,28.351332]]]},"properties":{"objectid":3478,"uniqueplotid":"PLNGRESIDENTIAL3478","plotmap_id":"SECTOR-17_751_C_RESI","plotidentificationnumber":"751","plotno":"751","industrysector":"SECTOR-17","block":"C","plotsize":"120 SQMT","plotsize_at_the_time_of_allotme":"120 SQMT","landuse_type":"RESIDENTIAL","landuse_subcategory":"RESIDENTIAL","scheme_cod":"RPS03","investment":0,"employment":0,"plotstatus":"Allotted","landallotementstatus":"SOLD","landallotementtype":"ALLOTTED","allotmentid":"RPS031782","allotment_date":1464114600000,"rate_of_allotment":15620,"lease_deed":"Y","village_name":"Dhanauri","khasra_no":"34","longitude":77.60511586,"latitude":28.35130332,"authority":"YEIDA","category":"residential","execution_stage":"lease-recorded"}},{"type":"Feature","geometry":{"type":"Polygon","coordinates":[[[77.60535,28.351318],[77.605196,28.351332],[77.605189,28.35126],[77.605344,28.351246],[77.60535,28.351318]]]},"properties":{"objectid":3479,"uniqueplotid":"PLNGRESIDENTIAL3479","plotmap_id":"SECTOR-17_752_C_RESI","plotidentificationnumber":"752","plotno":"752","industrysector":"SECTOR-17","block":"C","plotsize":"120 SQMT","plotsize_at_the_time_of_allotme":"120 SQMT","landuse_type":"RESIDENTIAL","landuse_subcategory":"RESIDENTIAL","scheme_cod":"RPS03","investment":0,"employment":0,"plotstatus":"Allotted","landallotementstatus":"SOLD","landallotementtype":"ALLOTTED","allotmentid":"RPS031650","allotment_date":1464114600000,"rate_of_allotment":15620,"lease_deed":"N","village_name":"Dhanauri","khasra_no":"34","longitude":77.60526997,"latitude":28.35128906,"authority":"YEIDA","category":"residential","execution_stage":"allotted"}},{"type":"Feature","geometry":{"type":"Polygon","coordinates":[[[77.605357,28.351391],[77.605203,28.351405],[77.605196,28.351332],[77.60535,28.351318],[77.605357,28.351391]]]},"properties":{"objectid":3480,"uniqueplotid":"PLNGRESIDENTIAL3480","plotmap_id":"SECTOR-17_753_C_RESI","plotidentificationnumber":"753","plotno":"753","industrysector":"SECTOR-17","block":"C","plotsize":"120 SQMT","plotsize_at_the_time_of_allotme":"120 SQMT","landuse_type":"RESIDENTIAL","landuse_subcategory":"RESIDENTIAL","scheme_cod":"RPS03","investment":0,"employment":0,"plotstatus":"Allotted","landallotementstatus":"SOLD","landallotementtype":"ALLOTTED","allotmentid":"RPS031748","allotment_date":1464114600000,"rate_of_allotment":15620,"lease_deed":"Y","village_name":"Dhanauri","khasra_no":"34","longitude":77.60527687999999,"latitude":28.351361469999997,"authority":"YEIDA","category":"residential","execution_stage":"lease-recorded"}},{"type":"Feature","geometry":{"type":"Polygon","coordinates":[[[77.605364,28.351463],[77.60521,28.351477],[77.605203,28.351405],[77.605357,28.351391],[77.605364,28.351463]]]},"properties":{"objectid":3481,"uniqueplotid":"PLNGRESIDENTIAL3481","plotmap_id":"SECTOR-17_754_C_RESI","plotidentificationnumber":"754","plotno":"754","industrysector":"SECTOR-17","block":"C","plotsize":"120 SQMT","plotsize_at_the_time_of_allotme":"120 SQMT","landuse_type":"RESIDENTIAL","landuse_subcategory":"RESIDENTIAL","scheme_cod":"RPS03","investment":0,"employment":0,"plotstatus":"Allotted","landallotementstatus":"SOLD","landallotementtype":"ALLOTTED","allotmentid":"RPS032115","allotment_date":1464114600000,"rate_of_allotment":15620,"lease_deed":"N","village_name":"Dhanauri","khasra_no":"34","longitude":77.60528379,"latitude":28.35143387,"authority":"YEIDA","category":"residential","execution_stage":"allotted"}},{"type":"Feature","geometry":{"type":"Polygon","coordinates":[[[77.605371,28.351535],[77.605217,28.35155],[77.60521,28.351477],[77.605364,28.351463],[77.605371,28.351535]]]},"properties":{"objectid":3482,"uniqueplotid":"PLNGRESIDENTIAL3482","plotmap_id":"SECTOR-17_755_C_RESI","plotidentificationnumber":"755","plotno":"755","industrysector":"SECTOR-17","block":"C","plotsize":"120 SQMT","landuse_type":"RESIDENTIAL","landuse_subcategory":"RESIDENTIAL","investment":0,"employment":0,"landallotementstatus":"VACANT","landallotementtype":"VACANT","village_name":"Dhanauri","khasra_no":"34,32","longitude":77.6052907,"latitude":28.351506280000002,"authority":"YEIDA","category":"residential","execution_stage":"vacant"}},{"type":"Feature","geometry":{"type":"Polygon","coordinates":[[[77.605378,28.351608],[77.605224,28.351622],[77.605217,28.35155],[77.605371,28.351535],[77.605378,28.351608]]]},"properties":{"objectid":3483,"uniqueplotid":"PLNGRESIDENTIAL3483","plotmap_id":"SECTOR-17_756_C_RESI","plotidentificationnumber":"756","plotno":"756","industrysector":"SECTOR-17","block":"C","plotsize":"120 SQMT","plotsize_at_the_time_of_allotme":"120 SQMT","landuse_type":"RESIDENTIAL","landuse_subcategory":"RESIDENTIAL","scheme_cod":"RPS03","investment":0,"employment":0,"plotstatus":"Allotted","landallotementstatus":"SOLD","landallotementtype":"ALLOTTED","allotmentid":"RPS031721","allotment_date":1464114600000,"rate_of_allotment":15620,"lease_deed":"N","village_name":"Dhanauri","khasra_no":"31,33,28,34,32","longitude":77.60529761,"latitude":28.35157869,"authority":"YEIDA","category":"residential","execution_stage":"allotted"}},{"type":"Feature","geometry":{"type":"Polygon","coordinates":[[[77.605385,28.35168],[77.605231,28.351694],[77.605224,28.351622],[77.605378,28.351608],[77.605385,28.35168]]]},"properties":{"objectid":3484,"uniqueplotid":"PLNGRESIDENTIAL3484","plotmap_id":"SECTOR-17_757_C_RESI","plotidentificationnumber":"757","plotno":"757","industrysector":"SECTOR-17","block":"C","plotsize":"120 SQMT","plotsize_at_the_time_of_allotme":"120 SQMT","landuse_type":"RESIDENTIAL","landuse_subcategory":"RESIDENTIAL","scheme_cod":"RPS03","investment":0,"employment":0,"plotstatus":"Allotted","landallotementstatus":"SOLD","landallotementtype":"ALLOTTED","allotmentid":"RPS031777","allotment_date":1464114600000,"rate_of_allotment":15620,"lease_deed":"Y","village_name":"Dhanauri","khasra_no":"31,33,28,32","longitude":77.60530452,"latitude":28.35165109,"authority":"YEIDA","category":"residential","execution_stage":"lease-recorded"}},{"type":"Feature","geometry":{"type":"Polygon","coordinates":[[[77.605392,28.351753],[77.605238,28.351767],[77.605231,28.351694],[77.605385,28.35168],[77.605392,28.351753]]]},"properties":{"objectid":3485,"uniqueplotid":"PLNGRESIDENTIAL3485","plotmap_id":"SECTOR-17_758_C_RESI","plotidentificationnumber":"758","plotno":"758","industrysector":"SECTOR-17","block":"C","plotsize":"120 SQMT","plotsize_at_the_time_of_allotme":"120 SQMT","landuse_type":"RESIDENTIAL","landuse_subcategory":"RESIDENTIAL","scheme_cod":"RPS03","investment":0,"employment":0,"plotstatus":"Allotted","landallotementstatus":"SOLD","landallotementtype":"ALLOTTED","allotmentid":"RPS032123","allotment_date":1464114600000,"rate_of_allotment":15620,"lease_deed":"Y","village_name":"Dhanauri","khasra_no":"28","longitude":77.60531143,"latitude":28.351723500000002,"authority":"YEIDA","category":"residential","execution_stage":"lease-recorded"}},{"type":"Feature","geometry":{"type":"Polygon","coordinates":[[[77.605399,28.351825],[77.605245,28.351839],[77.605238,28.351767],[77.605392,28.351753],[77.605399,28.351825]]]},"properties":{"objectid":3486,"uniqueplotid":"PLNGRESIDENTIAL3486","plotmap_id":"SECTOR-17_759_C_RESI","plotidentificationnumber":"759","plotno":"759","industrysector":"SECTOR-17","block":"C","plotsize":"120 SQMT","plotsize_at_the_time_of_allotme":"120 SQMT","landuse_type":"RESIDENTIAL","landuse_subcategory":"RESIDENTIAL","scheme_cod":"RPS03","investment":0,"employment":0,"plotstatus":"Allotted","landallotementstatus":"SOLD","landallotementtype":"ALLOTTED","allotmentid":"RPS031738","allotment_date":1464114600000,"rate_of_allotment":15620,"lease_deed":"N","village_name":"Dhanauri","khasra_no":"29,28","longitude":77.60531834,"latitude":28.35179591,"authority":"YEIDA","category":"residential","execution_stage":"allotted"}},{"type":"Feature","geometry":{"type":"Polygon","coordinates":[[[77.605406,28.351897],[77.605252,28.351912],[77.605245,28.351839],[77.605399,28.351825],[77.605406,28.351897]]]},"properties":{"objectid":3487,"uniqueplotid":"PLNGRESIDENTIAL3487","plotmap_id":"SECTOR-17_760_C_RESI","plotidentificationnumber":"760","plotno":"760","industrysector":"SECTOR-17","block":"C","plotsize":"120 SQMT","plotsize_at_the_time_of_allotme":"120 SQMT","landuse_type":"RESIDENTIAL","landuse_subcategory":"RESIDENTIAL","scheme_cod":"RPS03","investment":0,"employment":0,"plotstatus":"Allotted","landallotementstatus":"SOLD","landallotementtype":"ALLOTTED","allotmentid":"RPS032030","allotment_date":1464114600000,"rate_of_allotment":15620,"lease_deed":"Y","village_name":"Dhanauri","khasra_no":"29,28","longitude":77.60532524999999,"latitude":28.35186831,"authority":"YEIDA","category":"residential","execution_stage":"lease-recorded"}},{"type":"Feature","geometry":{"type":"Polygon","coordinates":[[[77.605413,28.35197],[77.605259,28.351984],[77.605252,28.351912],[77.605406,28.351897],[77.605413,28.35197]]]},"properties":{"objectid":3488,"uniqueplotid":"PLNGRESIDENTIAL3488","plotmap_id":"SECTOR-17_761_C_RESI","plotidentificationnumber":"761","plotno":"761","industrysector":"SECTOR-17","block":"C","plotsize":"120 SQMT","plotsize_at_the_time_of_allotme":"120 SQMT","landuse_type":"RESIDENTIAL","landuse_subcategory":"RESIDENTIAL","scheme_cod":"RPS03","investment":0,"employment":0,"plotstatus":"Allotted","landallotementstatus":"SOLD","landallotementtype":"ALLOTTED","allotmentid":"RPS031948","allotment_date":1464114600000,"rate_of_allotment":15620,"lease_deed":"N","village_name":"Dhanauri","khasra_no":"30,29,28","longitude":77.60533215,"latitude":28.35194072,"authority":"YEIDA","category":"residential","execution_stage":"allotted"}},{"type":"Feature","geometry":{"type":"Polygon","coordinates":[[[77.60542,28.352042],[77.605265,28.352056],[77.605259,28.351984],[77.605413,28.35197],[77.60542,28.352042]]]},"properties":{"objectid":3489,"uniqueplotid":"PLNGRESIDENTIAL3489","plotmap_id":"SECTOR-17_762_C_RESI","plotidentificationnumber":"762","plotno":"762","industrysector":"SECTOR-17","block":"C","plotsize":"120 SQMT","plotsize_at_the_time_of_allotme":"120 SQMT","landuse_type":"RESIDENTIAL","landuse_subcategory":"RESIDENTIAL","scheme_cod":"RPS03","investment":0,"employment":0,"plotstatus":"Allotted","landallotementstatus":"SOLD","landallotementtype":"ALLOTTED","allotmentid":"RPS031069","allotment_date":1464114600000,"rate_of_allotment":15620,"lease_deed":"Y","village_name":"Dhanauri","khasra_no":"30,29","longitude":77.60533906,"latitude":28.35201312,"authority":"YEIDA","category":"residential","execution_stage":"lease-recorded"}},{"type":"Feature","geometry":{"type":"Polygon","coordinates":[[[77.605426,28.352115],[77.605272,28.352129],[77.605265,28.352056],[77.60542,28.352042],[77.605426,28.352115]]]},"properties":{"objectid":3490,"uniqueplotid":"PLNGRESIDENTIAL3490","plotmap_id":"SECTOR-17_763_C_RESI","plotidentificationnumber":"763","plotno":"763","industrysector":"SECTOR-17","block":"C","plotsize":"120 SQMT","plotsize_at_the_time_of_allotme":"120 SQMT","landuse_type":"RESIDENTIAL","landuse_subcategory":"RESIDENTIAL","scheme_cod":"RPS03","investment":0,"employment":0,"plotstatus":"Allotted","landallotementstatus":"SOLD","landallotementtype":"ALLOTTED","allotmentid":"RPS031445","allotment_date":1464114600000,"rate_of_allotment":15620,"lease_deed":"N","village_name":"Dhanauri","khasra_no":"30,29","longitude":77.60534597,"latitude":28.35208553,"authority":"YEIDA","category":"residential","execution_stage":"allotted"}},{"type":"Feature","geometry":{"type":"Polygon","coordinates":[[[77.605433,28.352187],[77.605279,28.352201],[77.605272,28.352129],[77.605426,28.352115],[77.605433,28.352187]]]},"properties":{"objectid":3491,"uniqueplotid":"PLNGRESIDENTIAL3491","plotmap_id":"SECTOR-17_764_C_RESI","plotidentificationnumber":"764","plotno":"764","industrysector":"SECTOR-17","block":"C","plotsize":"120 SQMT","plotsize_at_the_time_of_allotme":"120 SQMT","landuse_type":"RESIDENTIAL","landuse_subcategory":"RESIDENTIAL","scheme_cod":"RPS03","investment":0,"employment":0,"plotstatus":"Allotted","landallotementstatus":"SOLD","landallotementtype":"ALLOTTED","allotmentid":"RPS031533","allotment_date":1464114600000,"rate_of_allotment":15620,"lease_deed":"Y","village_name":"Dhanauri","khasra_no":"30,29","longitude":77.60535288,"latitude":28.35215793,"authority":"YEIDA","category":"residential","execution_stage":"lease-recorded"}},{"type":"Feature","geometry":{"type":"Polygon","coordinates":[[[77.60544,28.352259],[77.605286,28.352274],[77.605279,28.352201],[77.605433,28.352187],[77.60544,28.352259]]]},"properties":{"objectid":3492,"uniqueplotid":"PLNGRESIDENTIAL3492","plotmap_id":"SECTOR-17_765_C_RESI","plotidentificationnumber":"765","plotno":"765","industrysector":"SECTOR-17","block":"C","plotsize":"120 SQMT","plotsize_at_the_time_of_allotme":"120 SQMT","landuse_type":"RESIDENTIAL","landuse_subcategory":"RESIDENTIAL","scheme_cod":"RPS03","investment":0,"employment":0,"plotstatus":"Allotted","landallotementstatus":"SOLD","landallotementtype":"ALLOTTED","allotmentid":"RPS031637","allotment_date":1464114600000,"rate_of_allotment":15620,"lease_deed":"Y","village_name":"Dhanauri","khasra_no":"30","longitude":77.60535979,"latitude":28.35223034,"authority":"YEIDA","category":"residential","execution_stage":"lease-recorded"}},{"type":"Feature","geometry":{"type":"Polygon","coordinates":[[[77.605447,28.352332],[77.605293,28.352346],[77.605286,28.352274],[77.60544,28.352259],[77.605447,28.352332]]]},"properties":{"objectid":3493,"uniqueplotid":"PLNGRESIDENTIAL3493","plotmap_id":"SECTOR-17_766_C_RESI","plotidentificationnumber":"766","plotno":"766","industrysector":"SECTOR-17","block":"C","plotsize":"120 SQMT","plotsize_at_the_time_of_allotme":"120 SQMT","landuse_type":"RESIDENTIAL","landuse_subcategory":"RESIDENTIAL","scheme_cod":"RPS03","investment":0,"employment":0,"plotstatus":"Allotted","landallotementstatus":"SOLD","landallotementtype":"ALLOTTED","allotmentid":"RPS031573","allotment_date":1464114600000,"rate_of_allotment":15620,"lease_deed":"Y","village_name":"Dhanauri","khasra_no":"30,27,26","longitude":77.6053667,"latitude":28.35230275,"authority":"YEIDA","category":"residential","execution_stage":"lease-recorded"}},{"type":"Feature","geometry":{"type":"Polygon","coordinates":[[[77.605454,28.352404],[77.6053,28.352418],[77.605293,28.352346],[77.605447,28.352332],[77.605454,28.352404]]]},"properties":{"objectid":3494,"uniqueplotid":"PLNGRESIDENTIAL3494","plotmap_id":"SECTOR-17_767_C_RESI","plotidentificationnumber":"767","plotno":"767","industrysector":"SECTOR-17","block":"C","plotsize":"120 SQMT","plotsize_at_the_time_of_allotme":"120 SQMT","landuse_type":"RESIDENTIAL","landuse_subcategory":"RESIDENTIAL","scheme_cod":"RPS03","investment":0,"employment":0,"plotstatus":"Allotted","landallotementstatus":"SOLD","landallotementtype":"ALLOTTED","allotmentid":"RPS031224","allotment_date":1464114600000,"rate_of_allotment":15620,"lease_deed":"N","village_name":"Dhanauri","khasra_no":"39,30,27,26","longitude":77.60537361,"latitude":28.35237515,"authority":"YEIDA","category":"residential","execution_stage":"allotted"}},{"type":"Feature","geometry":{"type":"Polygon","coordinates":[[[77.605461,28.352477],[77.605307,28.352491],[77.6053,28.352418],[77.605454,28.352404],[77.605461,28.352477]]]},"properties":{"objectid":3495,"uniqueplotid":"PLNGRESIDENTIAL3495","plotmap_id":"SECTOR-17_768_C_RESI","plotidentificationnumber":"768","plotno":"768","industrysector":"SECTOR-17","block":"C","plotsize":"120 SQMT","plotsize_at_the_time_of_allotme":"120 SQMT","landuse_type":"RESIDENTIAL","landuse_subcategory":"RESIDENTIAL","scheme_cod":"RPS03","investment":0,"employment":0,"plotstatus":"Allotted","landallotementstatus":"SOLD","landallotementtype":"ALLOTTED","allotmentid":"RPS031252","allotment_date":1464114600000,"rate_of_allotment":15620,"lease_deed":"N","village_name":"Dhanauri","khasra_no":"39,26,42","longitude":77.60538052,"latitude":28.352447559999998,"authority":"YEIDA","category":"residential","execution_stage":"allotted"}},{"type":"Feature","geometry":{"type":"Polygon","coordinates":[[[77.605468,28.352549],[77.605314,28.352563],[77.605307,28.352491],[77.605461,28.352477],[77.605468,28.352549]]]},"properties":{"objectid":3496,"uniqueplotid":"PLNGRESIDENTIAL3496","plotmap_id":"SECTOR-17_769_C_RESI","plotidentificationnumber":"769","plotno":"769","industrysector":"SECTOR-17","block":"C","plotsize":"120 SQMT","plotsize_at_the_time_of_allotme":"120 SQMT","landuse_type":"RESIDENTIAL","landuse_subcategory":"RESIDENTIAL","scheme_cod":"RPS03","investment":0,"employment":0,"plotstatus":"Allotted","landallotementstatus":"SOLD","landallotementtype":"ALLOTTED","allotmentid":"RPS031728","allotment_date":1464114600000,"rate_of_allotment":15620,"lease_deed":"N","village_name":"Dhanauri","khasra_no":"39,26,42","longitude":77.60538743,"latitude":28.35251996,"authority":"YEIDA","category":"residential","execution_stage":"allotted"}},{"type":"Feature","geometry":{"type":"Polygon","coordinates":[[[77.605475,28.352621],[77.605321,28.352636],[77.605314,28.352563],[77.605468,28.352549],[77.605475,28.352621]]]},"properties":{"objectid":3497,"uniqueplotid":"PLNGRESIDENTIAL3497","plotmap_id":"SECTOR-17_770_C_RESI","plotidentificationnumber":"770","plotno":"770","industrysector":"SECTOR-17","block":"C","plotsize":"120 SQMT","plotsize_at_the_time_of_allotme":"120 SQMT","landuse_type":"RESIDENTIAL","landuse_subcategory":"RESIDENTIAL","scheme_cod":"RPS03","investment":0,"employment":0,"plotstatus":"Allotted","landallotementstatus":"SOLD","landallotementtype":"ALLOTTED","allotmentid":"RPS031298","allotment_date":1464114600000,"rate_of_allotment":15620,"lease_deed":"Y","village_name":"Dhanauri","khasra_no":"39,26,42","longitude":77.60539434,"latitude":28.35259237,"authority":"YEIDA","category":"residential","execution_stage":"lease-recorded"}},{"type":"Feature","geometry":{"type":"Polygon","coordinates":[[[77.605482,28.352694],[77.605328,28.352708],[77.605321,28.352636],[77.605475,28.352621],[77.605482,28.352694]]]},"properties":{"objectid":3498,"uniqueplotid":"PLNGRESIDENTIAL3498","plotmap_id":"SECTOR-17_771_C_RESI","plotidentificationnumber":"771","plotno":"771","industrysector":"SECTOR-17","block":"C","plotsize":"120 SQMT","plotsize_at_the_time_of_allotme":"120 SQMT","landuse_type":"RESIDENTIAL","landuse_subcategory":"RESIDENTIAL","scheme_cod":"RPS03","investment":0,"employment":0,"plotstatus":"Allotted","landallotementstatus":"SOLD","landallotementtype":"ALLOTTED","allotmentid":"RPS031543","allotment_date":1464114600000,"rate_of_allotment":15620,"lease_deed":"N","village_name":"Dhanauri","khasra_no":"39,42","longitude":77.60540125,"latitude":28.35266477,"authority":"YEIDA","category":"residential","execution_stage":"allotted"}},{"type":"Feature","geometry":{"type":"Polygon","coordinates":[[[77.605489,28.352766],[77.605335,28.352781],[77.605328,28.352708],[77.605482,28.352694],[77.605489,28.352766]]]},"properties":{"objectid":3499,"uniqueplotid":"PLNGRESIDENTIAL3499","plotmap_id":"SECTOR-17_772_C_RESI","plotidentificationnumber":"772","plotno":"772","industrysector":"SECTOR-17","block":"C","plotsize":"120 SQMT","plotsize_at_the_time_of_allotme":"120 SQMT","landuse_type":"RESIDENTIAL","landuse_subcategory":"RESIDENTIAL","scheme_cod":"RRPS01","investment":0,"employment":0,"plotstatus":"Allotted","landallotementstatus":"SOLD","landallotementtype":"ALLOTTED","allotmentid":"RRPS011528","allotment_date":1546453800000,"rate_of_allotment":15620,"lease_deed":"Y","village_name":"Dhanauri","khasra_no":"42","longitude":77.60540816,"latitude":28.35273718,"authority":"YEIDA","category":"residential","execution_stage":"lease-recorded"}},{"type":"Feature","geometry":{"type":"Polygon","coordinates":[[[77.605496,28.352839],[77.605341,28.352853],[77.605335,28.352781],[77.605489,28.352766],[77.605496,28.352839]]]},"properties":{"objectid":3500,"uniqueplotid":"PLNGRESIDENTIAL3500","plotmap_id":"SECTOR-17_773_C_RESI","plotidentificationnumber":"773","plotno":"773","industrysector":"SECTOR-17","block":"C","plotsize":"120 SQMT","plotsize_at_the_time_of_allotme":"120 SQMT","landuse_type":"RESIDENTIAL","landuse_subcategory":"RESIDENTIAL","scheme_cod":"RPS03","investment":0,"employment":0,"plotstatus":"Allotted","landallotementstatus":"SOLD","landallotementtype":"ALLOTTED","allotmentid":"RPS031588","allotment_date":1464114600000,"rate_of_allotment":15620,"lease_deed":"Y","village_name":"Dhanauri","khasra_no":"42","longitude":77.60541507,"latitude":28.35280959,"authority":"YEIDA","category":"residential","execution_stage":"lease-recorded"}},{"type":"Feature","geometry":{"type":"Polygon","coordinates":[[[77.605828,28.352735],[77.605674,28.352749],[77.605665,28.352659],[77.605819,28.352644],[77.605828,28.352735]]]},"properties":{"objectid":3501,"uniqueplotid":"PLNGRESIDENTIAL3501","plotmap_id":"SECTOR-17_777_C_RESI","plotidentificationnumber":"777","plotno":"777","industrysector":"SECTOR-17","block":"C","plotsize":"120 SQMT","plotsize_at_the_time_of_allotme":"120 SQMT","landuse_type":"RESIDENTIAL","landuse_subcategory":"RESIDENTIAL","scheme_cod":"RPS03","investment":0,"employment":0,"plotstatus":"Allotted","landallotementstatus":"SOLD","landallotementtype":"ALLOTTED","allotmentid":"RPS032100","allotment_date":1464114600000,"rate_of_allotment":15620,"lease_deed":"N","village_name":"Dhanauri","khasra_no":"24,26","longitude":77.60574635,"latitude":28.352696769999998,"authority":"YEIDA","category":"residential","execution_stage":"allotted"}},{"type":"Feature","geometry":{"type":"Polygon","coordinates":[[[77.605835,28.352807],[77.605681,28.352822],[77.605674,28.352749],[77.605828,28.352735],[77.605835,28.352807]]]},"properties":{"objectid":3502,"uniqueplotid":"PLNGRESIDENTIAL3502","plotmap_id":"SECTOR-17_778_C_RESI","plotidentificationnumber":"778","plotno":"778","industrysector":"SECTOR-17","block":"C","plotsize":"120 SQMT","plotsize_at_the_time_of_allotme":"120 SQMT","landuse_type":"RESIDENTIAL","landuse_subcategory":"RESIDENTIAL","scheme_cod":"RPS03","investment":0,"employment":0,"plotstatus":"Allotted","landallotementstatus":"SOLD","landallotementtype":"ALLOTTED","allotmentid":"RPS031177","allotment_date":1464114600000,"rate_of_allotment":15620,"lease_deed":"N","village_name":"Dhanauri","khasra_no":"24,26","longitude":77.60575412,"latitude":28.352778219999998,"authority":"YEIDA","category":"residential","execution_stage":"allotted"}},{"type":"Feature","geometry":{"type":"Polygon","coordinates":[[[77.605842,28.35288],[77.605687,28.352894],[77.605681,28.352822],[77.605835,28.352807],[77.605842,28.35288]]]},"properties":{"objectid":3503,"uniqueplotid":"PLNGRESIDENTIAL3503","plotmap_id":"SECTOR-17_779_C_RESI","plotidentificationnumber":"779","plotno":"779","industrysector":"SECTOR-17","block":"C","plotsize":"120 SQMT","plotsize_at_the_time_of_allotme":"120 SQMT","landuse_type":"RESIDENTIAL","landuse_subcategory":"RESIDENTIAL","scheme_cod":"RPS03","investment":0,"employment":0,"plotstatus":"Allotted","landallotementstatus":"SOLD","landallotementtype":"ALLOTTED","allotmentid":"RPS032140","allotment_date":1464114600000,"rate_of_allotment":15620,"lease_deed":"N","village_name":"Dhanauri","khasra_no":"24,42","longitude":77.60576103,"latitude":28.35285063,"authority":"YEIDA","category":"residential","execution_stage":"allotted"}},{"type":"Feature","geometry":{"type":"Polygon","coordinates":[[[77.605848,28.352952],[77.605694,28.352966],[77.605687,28.352894],[77.605842,28.35288],[77.605848,28.352952]]]},"properties":{"objectid":3504,"uniqueplotid":"PLNGRESIDENTIAL3504","plotmap_id":"SECTOR-17_780_C_RESI","plotidentificationnumber":"780","plotno":"780","industrysector":"SECTOR-17","block":"C","plotsize":"120 SQMT","plotsize_at_the_time_of_allotme":"120 SQMT","landuse_type":"RESIDENTIAL","landuse_subcategory":"RESIDENTIAL","scheme_cod":"RPS03","investment":0,"employment":0,"plotstatus":"Allotted","landallotementstatus":"SOLD","landallotementtype":"ALLOTTED","allotmentid":"RPS031032","allotment_date":1464114600000,"rate_of_allotment":15620,"lease_deed":"Y","village_name":"Dhanauri","khasra_no":"24,42","longitude":77.60576793999999,"latitude":28.35292303,"authority":"YEIDA","category":"residential","execution_stage":"lease-recorded"}},{"type":"Feature","geometry":{"type":"Polygon","coordinates":[[[77.606003,28.352938],[77.605848,28.352952],[77.605842,28.35288],[77.605996,28.352865],[77.606003,28.352938]]]},"properties":{"objectid":3505,"uniqueplotid":"PLNGRESIDENTIAL3505","plotmap_id":"SECTOR-17_805_C_RESI","plotidentificationnumber":"805","plotno":"805","industrysector":"SECTOR-17","block":"C","plotsize":"120 SQMT","plotsize_at_the_time_of_allotme":"120 SQMT","landuse_type":"RESIDENTIAL","landuse_subcategory":"RESIDENTIAL","scheme_cod":"RPS03","investment":0,"employment":0,"plotstatus":"Allotted","landallotementstatus":"SOLD","landallotementtype":"ALLOTTED","allotmentid":"RPS031556","allotment_date":1464114600000,"rate_of_allotment":15620,"lease_deed":"Y","village_name":"Dhanauri","khasra_no":"24","longitude":77.60592205,"latitude":28.35290878,"authority":"YEIDA","category":"residential","execution_stage":"lease-recorded"}},{"type":"Feature","geometry":{"type":"Polygon","coordinates":[[[77.605996,28.352865],[77.605842,28.35288],[77.605835,28.352807],[77.605989,28.352793],[77.605996,28.352865]]]},"properties":{"objectid":3506,"uniqueplotid":"PLNGRESIDENTIAL3506","plotmap_id":"SECTOR-17_806_C_RESI","plotidentificationnumber":"806","plotno":"806","industrysector":"SECTOR-17","block":"C","plotsize":"120 SQMT","plotsize_at_the_time_of_allotme":"120 SQMT","landuse_type":"RESIDENTIAL","landuse_subcategory":"RESIDENTIAL","scheme_cod":"RPS03","investment":0,"employment":0,"plotstatus":"Allotted","landallotementstatus":"SOLD","landallotementtype":"ALLOTTED","allotmentid":"RPS032093","allotment_date":1464114600000,"rate_of_allotment":15620,"lease_deed":"Y","village_name":"Dhanauri","khasra_no":"24","longitude":77.60591514000001,"latitude":28.35283637,"authority":"YEIDA","category":"residential","execution_stage":"lease-recorded"}},{"type":"Feature","geometry":{"type":"Polygon","coordinates":[[[77.605989,28.352793],[77.605835,28.352807],[77.605828,28.352735],[77.605982,28.352721],[77.605989,28.352793]]]},"properties":{"objectid":3507,"uniqueplotid":"PLNGRESIDENTIAL3507","plotmap_id":"SECTOR-17_807_C_RESI","plotidentificationnumber":"807","plotno":"807","industrysector":"SECTOR-17","block":"C","plotsize":"120 SQMT","plotsize_at_the_time_of_allotme":"120 SQMT","landuse_type":"RESIDENTIAL","landuse_subcategory":"RESIDENTIAL","scheme_cod":"RPS03","investment":0,"employment":0,"plotstatus":"Allotted","landallotementstatus":"SOLD","landallotementtype":"ALLOTTED","allotmentid":"RPS031451","allotment_date":1464114600000,"rate_of_allotment":15620,"lease_deed":"N","village_name":"Dhanauri","khasra_no":"24","longitude":77.60590823000001,"latitude":28.352763969999998,"authority":"YEIDA","category":"residential","execution_stage":"allotted"}},{"type":"Feature","geometry":{"type":"Polygon","coordinates":[[[77.606275,28.352858],[77.606121,28.352872],[77.606114,28.3528],[77.606268,28.352785],[77.606275,28.352858]]]},"properties":{"objectid":3508,"uniqueplotid":"PLNGRESIDENTIAL3508","plotmap_id":"SECTOR-17_810_C_RESI","plotidentificationnumber":"810","plotno":"810","industrysector":"SECTOR-17","block":"C","plotsize":"120 SQMT","plotsize_at_the_time_of_allotme":"120 SQMT","landuse_type":"RESIDENTIAL","landuse_subcategory":"RESIDENTIAL","scheme_cod":"RPS03","investment":0,"employment":0,"plotstatus":"Allotted","landallotementstatus":"SOLD","landallotementtype":"ALLOTTED","allotmentid":"RPS031023","allotment_date":1464114600000,"rate_of_allotment":15620,"lease_deed":"Y","village_name":"Dhanauri","khasra_no":"24","longitude":77.60619427,"latitude":28.35282881,"authority":"YEIDA","category":"residential","execution_stage":"lease-recorded"}},{"type":"Feature","geometry":{"type":"Polygon","coordinates":[[[77.606282,28.35293],[77.606128,28.352945],[77.606121,28.352872],[77.606275,28.352858],[77.606282,28.35293]]]},"properties":{"objectid":3509,"uniqueplotid":"PLNGRESIDENTIAL3509","plotmap_id":"SECTOR-17_811_C_RESI","plotidentificationnumber":"811","plotno":"811","industrysector":"SECTOR-17","block":"C","plotsize":"120 SQMT","plotsize_at_the_time_of_allotme":"120 SQMT","landuse_type":"RESIDENTIAL","landuse_subcategory":"RESIDENTIAL","scheme_cod":"RPS03","investment":0,"employment":0,"plotstatus":"Allotted","landallotementstatus":"SOLD","landallotementtype":"ALLOTTED","allotmentid":"RPS031660","allotment_date":1464114600000,"rate_of_allotment":15620,"lease_deed":"Y","village_name":"Dhanauri","khasra_no":"24","longitude":77.60620118,"latitude":28.35290122,"authority":"YEIDA","category":"residential","execution_stage":"lease-recorded"}},{"type":"Feature","geometry":{"type":"Polygon","coordinates":[[[77.606436,28.352916],[77.606282,28.35293],[77.606274,28.352845],[77.606384,28.352835],[77.606436,28.352916]]]},"properties":{"objectid":3510,"uniqueplotid":"PLNGRESIDENTIAL3510","plotmap_id":"SECTOR-17_836_C_RESI","plotidentificationnumber":"836","plotno":"836","industrysector":"SECTOR-17","block":"C","plotsize":"120 SQMT","plotsize_at_the_time_of_allotme":"120 SQMT","landuse_type":"RESIDENTIAL","landuse_subcategory":"RESIDENTIAL","scheme_cod":"RPS03","investment":0,"employment":0,"plotstatus":"Allotted","landallotementstatus":"SOLD","landallotementtype":"ALLOTTED","allotmentid":"RPS031391","allotment_date":1464114600000,"rate_of_allotment":15620,"lease_deed":"Y","village_name":"Dhanauri","khasra_no":"24","longitude":77.6063501,"latitude":28.3528831,"authority":"YEIDA","category":"residential","execution_stage":"lease-recorded"}},{"type":"Feature","geometry":{"type":"Polygon","coordinates":[[[77.603002,28.35212],[77.602919,28.352127],[77.602906,28.351992],[77.602989,28.351984],[77.603002,28.35212]]]},"properties":{"objectid":3521,"uniqueplotid":"PLNGRESIDENTIAL3521","plotmap_id":"SECTOR-17_642_C_RESI","plotidentificationnumber":"642","plotno":"642","industrysector":"SECTOR-17","block":"C","plotsize":"120 SQMT","plotsize_at_the_time_of_allotme":"120 SQMT","landuse_type":"RESIDENTIAL","landuse_subcategory":"RESIDENTIAL","scheme_cod":"RPS07","investment":0,"employment":0,"plotstatus":"Allotted","landallotementstatus":"SOLD","landallotementtype":"ALLOTTED","allotmentid":"RPS071102","allotment_date":1698777000000,"rate_of_allotment":24900,"lease_deed":"N","village_name":"Dhanauri","khasra_no":"222,56","longitude":77.60295402,"latitude":28.3520557,"authority":"YEIDA","category":"residential","execution_stage":"allotted"}},{"type":"Feature","geometry":{"type":"Polygon","coordinates":[[[77.603094,28.35233],[77.60294,28.352345],[77.60293,28.352235],[77.603084,28.352221],[77.603094,28.35233]]]},"properties":{"objectid":3522,"uniqueplotid":"PLNGRESIDENTIAL3522","plotmap_id":"SECTOR-17_643_C_RESI","plotidentificationnumber":"643","plotno":"643","industrysector":"SECTOR-17","block":"C","plotsize":"120 SQMT","plotsize_at_the_time_of_allotme":"120 SQMT","landuse_type":"RESIDENTIAL","landuse_subcategory":"RESIDENTIAL","scheme_cod":"RPS03","investment":0,"employment":0,"plotstatus":"Allotted","landallotementstatus":"SOLD","landallotementtype":"ALLOTTED","allotmentid":"RPS031773","allotment_date":1464114600000,"rate_of_allotment":15620,"lease_deed":"N","village_name":"Dhanauri","khasra_no":"52,57","longitude":77.60301197,"latitude":28.352282849999998,"authority":"YEIDA","category":"residential","execution_stage":"allotted"}},{"type":"Feature","geometry":{"type":"Polygon","coordinates":[[[77.60368,28.352276],[77.603526,28.35229],[77.603515,28.352182],[77.60367,28.352168],[77.60368,28.352276]]]},"properties":{"objectid":3523,"uniqueplotid":"PLNGRESIDENTIAL3523","plotmap_id":"SECTOR-17_698_C_RESI","plotidentificationnumber":"698","plotno":"698","industrysector":"SECTOR-17","block":"C","plotsize":"120 SQMT","plotsize_at_the_time_of_allotme":"120 SQMT","landuse_type":"RESIDENTIAL","landuse_subcategory":"RESIDENTIAL","scheme_cod":"RPS03","investment":0,"employment":0,"plotstatus":"Allotted","landallotementstatus":"SOLD","landallotementtype":"ALLOTTED","allotmentid":"RPS031394","allotment_date":1464114600000,"rate_of_allotment":15620,"lease_deed":"Y","village_name":"Dhanauri","khasra_no":"52","longitude":77.6035976,"latitude":28.35222896,"authority":"YEIDA","category":"residential","execution_stage":"lease-recorded"}},{"type":"Feature","geometry":{"type":"Polygon","coordinates":[[[77.605072,28.35296],[77.604969,28.35297],[77.604956,28.352834],[77.605059,28.352824],[77.605072,28.35296]]]},"properties":{"objectid":3524,"uniqueplotid":"PLNGRESIDENTIAL3524","plotmap_id":"SECTOR-17_699_C_RESI","plotidentificationnumber":"699","plotno":"699","industrysector":"SECTOR-17","block":"C","plotsize":"120 SQMT","plotsize_at_the_time_of_allotme":"120 SQMT","landuse_type":"RESIDENTIAL","landuse_subcategory":"RESIDENTIAL","scheme_cod":"RPS03","investment":0,"employment":0,"plotstatus":"Allotted","landallotementstatus":"SOLD","landallotementtype":"ALLOTTED","allotmentid":"RPS031687","allotment_date":1464114600000,"rate_of_allotment":15620,"lease_deed":"Y","village_name":"Dhanauri","khasra_no":"42","longitude":77.60501399,"latitude":28.352896899999998,"authority":"YEIDA","category":"residential","execution_stage":"lease-recorded"}},{"type":"Feature","geometry":{"type":"Polygon","coordinates":[[[77.605982,28.352721],[77.605828,28.352735],[77.605819,28.352644],[77.605973,28.35263],[77.605982,28.352721]]]},"properties":{"objectid":3525,"uniqueplotid":"PLNGRESIDENTIAL3525","plotmap_id":"SECTOR-17_808_C_RESI","plotidentificationnumber":"808","plotno":"808","industrysector":"SECTOR-17","block":"C","plotsize":"120 SQMT","plotsize_at_the_time_of_allotme":"120 SQMT","landuse_type":"RESIDENTIAL","landuse_subcategory":"RESIDENTIAL","scheme_cod":"RPS03","investment":0,"employment":0,"plotstatus":"Allotted","landallotementstatus":"SOLD","landallotementtype":"ALLOTTED","allotmentid":"RPS032078","allotment_date":1464114600000,"rate_of_allotment":15620,"lease_deed":"N","village_name":"Dhanauri","khasra_no":"24,26","longitude":77.60590046,"latitude":28.352682509999998,"authority":"YEIDA","category":"residential","execution_stage":"allotted"}},{"type":"Feature","geometry":{"type":"Polygon","coordinates":[[[77.606268,28.352785],[77.606114,28.3528],[77.606107,28.352727],[77.606261,28.352713],[77.606268,28.352785]]]},"properties":{"objectid":3526,"uniqueplotid":"PLNGRESIDENTIAL3526","plotmap_id":"SECTOR-17_809_C_RESI","plotidentificationnumber":"809","plotno":"809","industrysector":"SECTOR-17","block":"C","plotsize":"120 SQMT","plotsize_at_the_time_of_allotme":"120 SQMT","landuse_type":"RESIDENTIAL","landuse_subcategory":"RESIDENTIAL","scheme_cod":"RPS03","investment":0,"employment":0,"plotstatus":"Allotted","landallotementstatus":"SOLD","landallotementtype":"ALLOTTED","allotmentid":"RPS031974","allotment_date":1464114600000,"rate_of_allotment":15620,"lease_deed":"Y","village_name":"Dhanauri","khasra_no":"24","longitude":77.60618735999999,"latitude":28.352756409999998,"authority":"YEIDA","category":"residential","execution_stage":"lease-recorded"}},{"type":"Feature","geometry":{"type":"Polygon","coordinates":[[[77.606384,28.352835],[77.606274,28.352845],[77.606261,28.352713],[77.6063,28.352709],[77.606384,28.352835]]]},"properties":{"objectid":3527,"uniqueplotid":"PLNGRESIDENTIAL3527","plotmap_id":"SECTOR-17_837_C_RESI","plotidentificationnumber":"837","plotno":"837","industrysector":"SECTOR-17","block":"C","plotsize":"120 SQMT","plotsize_at_the_time_of_allotme":"120 SQMT","landuse_type":"RESIDENTIAL","landuse_subcategory":"RESIDENTIAL","scheme_cod":"RPS03","investment":0,"employment":0,"plotstatus":"Allotted","landallotementstatus":"SOLD","landallotementtype":"ALLOTTED","allotmentid":"RPS031476","allotment_date":1464114600000,"rate_of_allotment":15620,"lease_deed":"N","village_name":"Dhanauri","khasra_no":"24","longitude":77.60631566,"latitude":28.352781439999998,"authority":"YEIDA","category":"residential","execution_stage":"allotted"}},{"type":"Feature","geometry":{"type":"Polygon","coordinates":[[[77.609201,28.351718],[77.60828,28.351803],[77.608166,28.350601],[77.609086,28.350516],[77.609201,28.351718]]]},"properties":{"objectid":3531,"uniqueplotid":"PLNGRESIDENTIAL3531","plotmap_id":"SECTOR-17_G.H-7C_FUTURE USE_RESI","plotidentificationnumber":"G.H-7C","plotno":"G.H-7C","industrysector":"SECTOR-17","block":"FUTURE USE","plotsize":"2.845 ACRE APPROX","landuse_type":"RESIDENTIAL","landuse_subcategory":"RESIDENTIAL","investment":0,"employment":0,"landallotementstatus":"VACANT","landallotementtype":"VACANT","village_name":"Dhanauri","khasra_no":"760,757,668,667,669,759,754,760/1790,670,671,672,673","longitude":77.60868321,"latitude":28.35115952,"authority":"YEIDA","category":"residential","execution_stage":"vacant"}},{"type":"Feature","geometry":{"type":"Polygon","coordinates":[[[77.60828,28.351803],[77.60736,28.351888],[77.607245,28.350686],[77.608166,28.350601],[77.60828,28.351803]]]},"properties":{"objectid":3532,"uniqueplotid":"PLNGRESIDENTIAL3532","plotmap_id":"SECTOR-17_G.H-7B_FUTURE USE_RESI","plotidentificationnumber":"G.H-7B","plotno":"G.H-7B","industrysector":"SECTOR-17","block":"FUTURE USE","plotsize":"2.845 ACRE APPROX","landuse_type":"RESIDENTIAL","landuse_subcategory":"RESIDENTIAL","investment":0,"employment":0,"landallotementstatus":"VACANT","landallotementtype":"VACANT","village_name":"Dhanauri","khasra_no":"755,756,758,663,757,668,664,665,667,669,759,754","longitude":77.60776272,"latitude":28.35124466,"authority":"YEIDA","category":"residential","execution_stage":"vacant"}},{"type":"Feature","geometry":{"type":"Polygon","coordinates":[[[77.60736,28.351888],[77.60662,28.351957],[77.606076,28.350795],[77.607245,28.350686],[77.60736,28.351888]]]},"properties":{"objectid":3533,"uniqueplotid":"PLNGRESIDENTIAL3533","plotmap_id":"SECTOR-17_G.H-7A_FUTURE USE_RESI","plotidentificationnumber":"G.H-7A","plotno":"G.H-7A","industrysector":"SECTOR-17","block":"FUTURE USE","plotsize":"3.0 ACRE APPROX","landuse_type":"RESIDENTIAL","landuse_subcategory":"RESIDENTIAL","investment":0,"employment":0,"landallotementstatus":"VACANT","landallotementtype":"VACANT","village_name":"Dhanauri","khasra_no":"770,755,756,758","longitude":77.60676524,"latitude":28.351304289999998,"authority":"YEIDA","category":"residential","execution_stage":"vacant"}},{"type":"Feature","geometry":{"type":"Polygon","coordinates":[[[77.605059,28.353482],[77.604977,28.353489],[77.604964,28.353353],[77.605046,28.353346],[77.605059,28.353482]]]},"properties":{"objectid":3674,"uniqueplotid":"PLNGRESIDENTIAL3674","plotmap_id":"SECTOR-17_307_C_RESI","plotidentificationnumber":"307","plotno":"307","industrysector":"SECTOR-17","block":"C","plotsize":"120 SQMT","plotsize_at_the_time_of_allotme":"120 SQMT","landuse_type":"RESIDENTIAL","landuse_subcategory":"RESIDENTIAL","scheme_cod":"RPS03","investment":0,"employment":0,"plotstatus":"Allotted","landallotementstatus":"SOLD","landallotementtype":"ALLOTTED","allotmentid":"RPS031724","allotment_date":1464114600000,"rate_of_allotment":15620,"lease_deed":"N","village_name":"Dhanauri","khasra_no":"53,42,49","longitude":77.60501185000001,"latitude":28.353417540000002,"authority":"YEIDA","category":"residential","execution_stage":"allotted"}},{"type":"Feature","geometry":{"type":"Polygon","coordinates":[[[77.605142,28.353474],[77.605059,28.353482],[77.605046,28.353346],[77.605129,28.353338],[77.605142,28.353474]]]},"properties":{"objectid":3675,"uniqueplotid":"PLNGRESIDENTIAL3675","plotmap_id":"SECTOR-17_308_C_RESI","plotidentificationnumber":"308","plotno":"308","industrysector":"SECTOR-17","block":"C","plotsize":"120 SQMT","plotsize_at_the_time_of_allotme":"120 SQMT","landuse_type":"RESIDENTIAL","landuse_subcategory":"RESIDENTIAL","scheme_cod":"RPS03","investment":0,"employment":0,"plotstatus":"Allotted","landallotementstatus":"SOLD","landallotementtype":"ALLOTTED","allotmentid":"RPS031035","allotment_date":1464114600000,"rate_of_allotment":15620,"lease_deed":"N","village_name":"Dhanauri","khasra_no":"42","longitude":77.60509404,"latitude":28.353409940000002,"authority":"YEIDA","category":"residential","execution_stage":"allotted"}},{"type":"Feature","geometry":{"type":"Polygon","coordinates":[[[77.605224,28.353466],[77.605142,28.353474],[77.605129,28.353338],[77.605211,28.353331],[77.605224,28.353466]]]},"properties":{"objectid":3676,"uniqueplotid":"PLNGRESIDENTIAL3676","plotmap_id":"SECTOR-17_309_C_RESI","plotidentificationnumber":"309","plotno":"309","industrysector":"SECTOR-17","block":"C","plotsize":"120 SQMT","plotsize_at_the_time_of_allotme":"120 SQMT","landuse_type":"RESIDENTIAL","landuse_subcategory":"RESIDENTIAL","scheme_cod":"RPS03","investment":0,"employment":0,"plotstatus":"Allotted","landallotementstatus":"SOLD","landallotementtype":"ALLOTTED","allotmentid":"RPS031472","allotment_date":1464114600000,"rate_of_allotment":15620,"lease_deed":"Y","village_name":"Dhanauri","khasra_no":"42","longitude":77.60517623999999,"latitude":28.353402340000002,"authority":"YEIDA","category":"residential","execution_stage":"lease-recorded"}},{"type":"Feature","geometry":{"type":"Polygon","coordinates":[[[77.605306,28.353459],[77.605224,28.353466],[77.605211,28.353331],[77.605293,28.353323],[77.605306,28.353459]]]},"properties":{"objectid":3677,"uniqueplotid":"PLNGRESIDENTIAL3677","plotmap_id":"SECTOR-17_310_C_RESI","plotidentificationnumber":"310","plotno":"310","industrysector":"SECTOR-17","block":"C","plotsize":"120 SQMT","plotsize_at_the_time_of_allotme":"120 SQMT","landuse_type":"RESIDENTIAL","landuse_subcategory":"RESIDENTIAL","scheme_cod":"RPS07","investment":0,"employment":0,"plotstatus":"Allotted","landallotementstatus":"SOLD","landallotementtype":"ALLOTTED","allotmentid":"RPS071112","allotment_date":1698777000000,"rate_of_allotment":24900,"lease_deed":"Y","village_name":"Dhanauri","khasra_no":"42","longitude":77.60525842999999,"latitude":28.35339473,"authority":"YEIDA","category":"residential","execution_stage":"lease-recorded"}},{"type":"Feature","geometry":{"type":"Polygon","coordinates":[[[77.605388,28.353451],[77.605306,28.353459],[77.605293,28.353323],[77.605375,28.353315],[77.605388,28.353451]]]},"properties":{"objectid":3678,"uniqueplotid":"PLNGRESIDENTIAL3678","plotmap_id":"SECTOR-17_311_C_RESI","plotidentificationnumber":"311","plotno":"311","industrysector":"SECTOR-17","block":"C","plotsize":"120 SQMT","plotsize_at_the_time_of_allotme":"120 SQMT","landuse_type":"RESIDENTIAL","landuse_subcategory":"RESIDENTIAL","scheme_cod":"RPS03","investment":0,"employment":0,"plotstatus":"Allotted","landallotementstatus":"SOLD","landallotementtype":"ALLOTTED","allotmentid":"RPS031090","allotment_date":1464114600000,"rate_of_allotment":15620,"lease_deed":"Y","village_name":"Dhanauri","khasra_no":"42","longitude":77.60534063,"latitude":28.35338713,"authority":"YEIDA","category":"residential","execution_stage":"lease-recorded"}},{"type":"Feature","geometry":{"type":"Polygon","coordinates":[[[77.60547,28.353444],[77.605388,28.353451],[77.605375,28.353315],[77.605457,28.353308],[77.60547,28.353444]]]},"properties":{"objectid":3679,"uniqueplotid":"PLNGRESIDENTIAL3679","plotmap_id":"SECTOR-17_312_C_RESI","plotidentificationnumber":"312","plotno":"312","industrysector":"SECTOR-17","block":"C","plotsize":"120 SQMT","plotsize_at_the_time_of_allotme":"120 SQMT","landuse_type":"RESIDENTIAL","landuse_subcategory":"RESIDENTIAL","scheme_cod":"RPS03","investment":0,"employment":0,"plotstatus":"Allotted","landallotementstatus":"SOLD","landallotementtype":"ALLOTTED","allotmentid":"RPS031899","allotment_date":1464114600000,"rate_of_allotment":15620,"lease_deed":"Y","village_name":"Dhanauri","khasra_no":"42","longitude":77.60542282,"latitude":28.35337953,"authority":"YEIDA","category":"residential","execution_stage":"lease-recorded"}},{"type":"Feature","geometry":{"type":"Polygon","coordinates":[[[77.605553,28.353436],[77.60547,28.353444],[77.605457,28.353308],[77.60554,28.3533],[77.605553,28.353436]]]},"properties":{"objectid":3680,"uniqueplotid":"PLNGRESIDENTIAL3680","plotmap_id":"SECTOR-17_313_C_RESI","plotidentificationnumber":"313","plotno":"313","industrysector":"SECTOR-17","block":"C","plotsize":"120 SQMT","plotsize_at_the_time_of_allotme":"120 SQMT","landuse_type":"RESIDENTIAL","landuse_subcategory":"RESIDENTIAL","scheme_cod":"RPS03","investment":0,"employment":0,"plotstatus":"Allotted","landallotementstatus":"SOLD","landallotementtype":"ALLOTTED","allotmentid":"RPS031907","allotment_date":1464114600000,"rate_of_allotment":15620,"lease_deed":"N","village_name":"Dhanauri","khasra_no":"42","longitude":77.60550501,"latitude":28.35337192,"authority":"YEIDA","category":"residential","execution_stage":"allotted"}},{"type":"Feature","geometry":{"type":"Polygon","coordinates":[[[77.60554,28.3533],[77.605457,28.353308],[77.605444,28.353172],[77.605527,28.353164],[77.60554,28.3533]]]},"properties":{"objectid":3681,"uniqueplotid":"PLNGRESIDENTIAL3681","plotmap_id":"SECTOR-17_314_C_RESI","plotidentificationnumber":"314","plotno":"314","industrysector":"SECTOR-17","block":"C","plotsize":"120 SQMT","plotsize_at_the_time_of_allotme":"120 SQMT","landuse_type":"RESIDENTIAL","landuse_subcategory":"RESIDENTIAL","scheme_cod":"RPS03","investment":0,"employment":0,"plotstatus":"Allotted","landallotementstatus":"SOLD","landallotementtype":"ALLOTTED","allotmentid":"RPS031120","allotment_date":1464114600000,"rate_of_allotment":15620,"lease_deed":"N","village_name":"Dhanauri","khasra_no":"42","longitude":77.60549206,"latitude":28.353236170000002,"authority":"YEIDA","category":"residential","execution_stage":"allotted"}},{"type":"Feature","geometry":{"type":"Polygon","coordinates":[[[77.605457,28.353308],[77.605375,28.353315],[77.605362,28.35318],[77.605444,28.353172],[77.605457,28.353308]]]},"properties":{"objectid":3682,"uniqueplotid":"PLNGRESIDENTIAL3682","plotmap_id":"SECTOR-17_315_C_RESI","plotidentificationnumber":"315","plotno":"315","industrysector":"SECTOR-17","block":"C","plotsize":"120 SQMT","plotsize_at_the_time_of_allotme":"120 SQMT","landuse_type":"RESIDENTIAL","landuse_subcategory":"RESIDENTIAL","scheme_cod":"RPS03","investment":0,"employment":0,"plotstatus":"Allotted","landallotementstatus":"SOLD","landallotementtype":"ALLOTTED","allotmentid":"RPS031780","allotment_date":1464114600000,"rate_of_allotment":15620,"lease_deed":"N","village_name":"Dhanauri","khasra_no":"42","longitude":77.60540986000001,"latitude":28.353243770000002,"authority":"YEIDA","category":"residential","execution_stage":"allotted"}},{"type":"Feature","geometry":{"type":"Polygon","coordinates":[[[77.605375,28.353315],[77.605293,28.353323],[77.60528,28.353187],[77.605362,28.35318],[77.605375,28.353315]]]},"properties":{"objectid":3683,"uniqueplotid":"PLNGRESIDENTIAL3683","plotmap_id":"SECTOR-17_316_C_RESI","plotidentificationnumber":"316","plotno":"316","industrysector":"SECTOR-17","block":"C","plotsize":"120 SQMT","plotsize_at_the_time_of_allotme":"120 SQMT","landuse_type":"RESIDENTIAL","landuse_subcategory":"RESIDENTIAL","scheme_cod":"RPS03","investment":0,"employment":0,"plotstatus":"Allotted","landallotementstatus":"SOLD","landallotementtype":"ALLOTTED","allotmentid":"RPS032006","allotment_date":1464114600000,"rate_of_allotment":15620,"lease_deed":"N","village_name":"Dhanauri","khasra_no":"42","longitude":77.60532767,"latitude":28.353251370000002,"authority":"YEIDA","category":"residential","execution_stage":"allotted"}},{"type":"Feature","geometry":{"type":"Polygon","coordinates":[[[77.605293,28.353323],[77.605211,28.353331],[77.605198,28.353195],[77.60528,28.353187],[77.605293,28.353323]]]},"properties":{"objectid":3684,"uniqueplotid":"PLNGRESIDENTIAL3684","plotmap_id":"SECTOR-17_317_C_RESI","plotidentificationnumber":"317","plotno":"317","industrysector":"SECTOR-17","block":"C","plotsize":"120 SQMT","plotsize_at_the_time_of_allotme":"120 SQMT","landuse_type":"RESIDENTIAL","landuse_subcategory":"RESIDENTIAL","scheme_cod":"RPS03","investment":0,"employment":0,"plotstatus":"Allotted","landallotementstatus":"SOLD","landallotementtype":"ALLOTTED","allotmentid":"RPS031753","allotment_date":1464114600000,"rate_of_allotment":15620,"lease_deed":"Y","village_name":"Dhanauri","khasra_no":"42","longitude":77.60524548,"latitude":28.353258970000002,"authority":"YEIDA","category":"residential","execution_stage":"lease-recorded"}},{"type":"Feature","geometry":{"type":"Polygon","coordinates":[[[77.605211,28.353331],[77.605129,28.353338],[77.605116,28.353202],[77.605198,28.353195],[77.605211,28.353331]]]},"properties":{"objectid":3685,"uniqueplotid":"PLNGRESIDENTIAL3685","plotmap_id":"SECTOR-17_318_C_RESI","plotidentificationnumber":"318","plotno":"318","industrysector":"SECTOR-17","block":"C","plotsize":"120 SQMT","plotsize_at_the_time_of_allotme":"120 SQMT","landuse_type":"RESIDENTIAL","landuse_subcategory":"RESIDENTIAL","scheme_cod":"RPS03","investment":0,"employment":0,"plotstatus":"Allotted","landallotementstatus":"SOLD","landallotementtype":"ALLOTTED","allotmentid":"RPS031504","allotment_date":1464114600000,"rate_of_allotment":15620,"lease_deed":"Y","village_name":"Dhanauri","khasra_no":"42","longitude":77.60516328,"latitude":28.35326658,"authority":"YEIDA","category":"residential","execution_stage":"lease-recorded"}},{"type":"Feature","geometry":{"type":"Polygon","coordinates":[[[77.605129,28.353338],[77.605046,28.353346],[77.605034,28.35321],[77.605116,28.353202],[77.605129,28.353338]]]},"properties":{"objectid":3686,"uniqueplotid":"PLNGRESIDENTIAL3686","plotmap_id":"SECTOR-17_319_C_RESI","plotidentificationnumber":"319","plotno":"319","industrysector":"SECTOR-17","block":"C","plotsize":"120 SQMT","plotsize_at_the_time_of_allotme":"120 SQMT","landuse_type":"RESIDENTIAL","landuse_subcategory":"RESIDENTIAL","scheme_cod":"RPS03","investment":0,"employment":0,"plotstatus":"Allotted","landallotementstatus":"SOLD","landallotementtype":"ALLOTTED","allotmentid":"RPS031087","allotment_date":1464114600000,"rate_of_allotment":15620,"lease_deed":"Y","village_name":"Dhanauri","khasra_no":"42","longitude":77.60508109,"latitude":28.35327418,"authority":"YEIDA","category":"residential","execution_stage":"lease-recorded"}},{"type":"Feature","geometry":{"type":"Polygon","coordinates":[[[77.605046,28.353346],[77.604964,28.353353],[77.604951,28.353218],[77.605034,28.35321],[77.605046,28.353346]]]},"properties":{"objectid":3687,"uniqueplotid":"PLNGRESIDENTIAL3687","plotmap_id":"SECTOR-17_320_C_RESI","plotidentificationnumber":"320","plotno":"320","industrysector":"SECTOR-17","block":"C","plotsize":"120 SQMT","plotsize_at_the_time_of_allotme":"120 SQMT","landuse_type":"RESIDENTIAL","landuse_subcategory":"RESIDENTIAL","scheme_cod":"RPS03","investment":0,"employment":0,"plotstatus":"Allotted","landallotementstatus":"SOLD","landallotementtype":"ALLOTTED","allotmentid":"RPS031178","allotment_date":1464114600000,"rate_of_allotment":15620,"lease_deed":"Y","village_name":"Dhanauri","khasra_no":"42","longitude":77.6049989,"latitude":28.35328178,"authority":"YEIDA","category":"residential","execution_stage":"lease-recorded"}},{"type":"Feature","geometry":{"type":"Polygon","coordinates":[[[77.604964,28.353353],[77.604882,28.353361],[77.604869,28.353225],[77.604951,28.353218],[77.604964,28.353353]]]},"properties":{"objectid":3688,"uniqueplotid":"PLNGRESIDENTIAL3688","plotmap_id":"SECTOR-17_321_C_RESI","plotidentificationnumber":"321","plotno":"321","industrysector":"SECTOR-17","block":"C","plotsize":"120 SQMT","plotsize_at_the_time_of_allotme":"120 SQMT","landuse_type":"RESIDENTIAL","landuse_subcategory":"RESIDENTIAL","scheme_cod":"RPS03","investment":0,"employment":0,"plotstatus":"Allotted","landallotementstatus":"SOLD","landallotementtype":"ALLOTTED","allotmentid":"RPS031652","allotment_date":1464114600000,"rate_of_allotment":15620,"lease_deed":"N","village_name":"Dhanauri","khasra_no":"53,42,49","longitude":77.6049167,"latitude":28.35328939,"authority":"YEIDA","category":"residential","execution_stage":"allotted"}},{"type":"Feature","geometry":{"type":"Polygon","coordinates":[[[77.604882,28.353361],[77.6048,28.353369],[77.604787,28.353233],[77.604869,28.353225],[77.604882,28.353361]]]},"properties":{"objectid":3689,"uniqueplotid":"PLNGRESIDENTIAL3689","plotmap_id":"SECTOR-17_322_C_RESI","plotidentificationnumber":"322","plotno":"322","industrysector":"SECTOR-17","block":"C","plotsize":"120 SQMT","plotsize_at_the_time_of_allotme":"120 SQMT","landuse_type":"RESIDENTIAL","landuse_subcategory":"RESIDENTIAL","scheme_cod":"RPS03","investment":0,"employment":0,"plotstatus":"Allotted","landallotementstatus":"SOLD","landallotementtype":"ALLOTTED","allotmentid":"RPS031930","allotment_date":1464114600000,"rate_of_allotment":15620,"lease_deed":"Y","village_name":"Dhanauri","khasra_no":"53,42,49,50","longitude":77.60483451,"latitude":28.35329699,"authority":"YEIDA","category":"residential","execution_stage":"lease-recorded"}},{"type":"Feature","geometry":{"type":"Polygon","coordinates":[[[77.6048,28.353369],[77.604718,28.353376],[77.604705,28.353241],[77.604787,28.353233],[77.6048,28.353369]]]},"properties":{"objectid":3690,"uniqueplotid":"PLNGRESIDENTIAL3690","plotmap_id":"SECTOR-17_323_C_RESI","plotidentificationnumber":"323","plotno":"323","industrysector":"SECTOR-17","block":"C","plotsize":"120 SQMT","plotsize_at_the_time_of_allotme":"120 SQMT","landuse_type":"RESIDENTIAL","landuse_subcategory":"RESIDENTIAL","scheme_cod":"RPS03","investment":0,"employment":0,"plotstatus":"Allotted","landallotementstatus":"SOLD","landallotementtype":"ALLOTTED","allotmentid":"RPS031526","allotment_date":1464114600000,"rate_of_allotment":15620,"lease_deed":"N","village_name":"Dhanauri","khasra_no":"53,49,50","longitude":77.60475231999999,"latitude":28.35330459,"authority":"YEIDA","category":"residential","execution_stage":"allotted"}},{"type":"Feature","geometry":{"type":"Polygon","coordinates":[[[77.604718,28.353376],[77.604636,28.353384],[77.604623,28.353248],[77.604705,28.353241],[77.604718,28.353376]]]},"properties":{"objectid":3691,"uniqueplotid":"PLNGRESIDENTIAL3691","plotmap_id":"SECTOR-17_324_C_RESI","plotidentificationnumber":"324","plotno":"324","industrysector":"SECTOR-17","block":"C","plotsize":"120 SQMT","plotsize_at_the_time_of_allotme":"120 SQMT","landuse_type":"RESIDENTIAL","landuse_subcategory":"RESIDENTIAL","scheme_cod":"RPS03","investment":0,"employment":0,"plotstatus":"Allotted","landallotementstatus":"SOLD","landallotementtype":"ALLOTTED","allotmentid":"RPS031188","allotment_date":1464114600000,"rate_of_allotment":15620,"lease_deed":"N","village_name":"Dhanauri","khasra_no":"49,50","longitude":77.60467012000001,"latitude":28.3533122,"authority":"YEIDA","category":"residential","execution_stage":"allotted"}},{"type":"Feature","geometry":{"type":"Polygon","coordinates":[[[77.604636,28.353384],[77.604553,28.353391],[77.60454,28.353256],[77.604623,28.353248],[77.604636,28.353384]]]},"properties":{"objectid":3692,"uniqueplotid":"PLNGRESIDENTIAL3692","plotmap_id":"SECTOR-17_325_C_RESI","plotidentificationnumber":"325","plotno":"325","industrysector":"SECTOR-17","block":"C","plotsize":"120 SQMT","plotsize_at_the_time_of_allotme":"120 SQMT","landuse_type":"RESIDENTIAL","landuse_subcategory":"RESIDENTIAL","scheme_cod":"RPS03","investment":0,"employment":0,"plotstatus":"Allotted","landallotementstatus":"SOLD","landallotementtype":"ALLOTTED","allotmentid":"RPS031243","allotment_date":1464114600000,"rate_of_allotment":15620,"lease_deed":"N","village_name":"Dhanauri","khasra_no":"49,50","longitude":77.60458793000001,"latitude":28.3533198,"authority":"YEIDA","category":"residential","execution_stage":"allotted"}},{"type":"Feature","geometry":{"type":"Polygon","coordinates":[[[77.604553,28.353391],[77.604471,28.353399],[77.604458,28.353263],[77.60454,28.353256],[77.604553,28.353391]]]},"properties":{"objectid":3693,"uniqueplotid":"PLNGRESIDENTIAL3693","plotmap_id":"SECTOR-17_326_C_RESI","plotidentificationnumber":"326","plotno":"326","industrysector":"SECTOR-17","block":"C","plotsize":"120 SQMT","plotsize_at_the_time_of_allotme":"120 SQMT","landuse_type":"RESIDENTIAL","landuse_subcategory":"RESIDENTIAL","scheme_cod":"RPS03","investment":0,"employment":0,"plotstatus":"Allotted","landallotementstatus":"SOLD","landallotementtype":"ALLOTTED","allotmentid":"RPS031580","allotment_date":1464114600000,"rate_of_allotment":15620,"lease_deed":"N","village_name":"Dhanauri","khasra_no":"50","longitude":77.60450574000001,"latitude":28.3533274,"authority":"YEIDA","category":"residential","execution_stage":"allotted"}},{"type":"Feature","geometry":{"type":"Polygon","coordinates":[[[77.604471,28.353399],[77.604389,28.353407],[77.604376,28.353271],[77.604458,28.353263],[77.604471,28.353399]]]},"properties":{"objectid":3694,"uniqueplotid":"PLNGRESIDENTIAL3694","plotmap_id":"SECTOR-17_327_C_RESI","plotidentificationnumber":"327","plotno":"327","industrysector":"SECTOR-17","block":"C","plotsize":"120 SQMT","plotsize_at_the_time_of_allotme":"120 SQMT","landuse_type":"RESIDENTIAL","landuse_subcategory":"RESIDENTIAL","scheme_cod":"RPS03","investment":0,"employment":0,"plotstatus":"Allotted","landallotementstatus":"SOLD","landallotementtype":"ALLOTTED","allotmentid":"RPS031893","allotment_date":1464114600000,"rate_of_allotment":15620,"lease_deed":"Y","village_name":"Dhanauri","khasra_no":"50","longitude":77.60442354,"latitude":28.353335,"authority":"YEIDA","category":"residential","execution_stage":"lease-recorded"}},{"type":"Feature","geometry":{"type":"Polygon","coordinates":[[[77.604389,28.353407],[77.604307,28.353414],[77.604294,28.353279],[77.604376,28.353271],[77.604389,28.353407]]]},"properties":{"objectid":3695,"uniqueplotid":"PLNGRESIDENTIAL3695","plotmap_id":"SECTOR-17_328_C_RESI","plotidentificationnumber":"328","plotno":"328","industrysector":"SECTOR-17","block":"C","plotsize":"120 SQMT","plotsize_at_the_time_of_allotme":"120 SQMT","landuse_type":"RESIDENTIAL","landuse_subcategory":"RESIDENTIAL","scheme_cod":"RPS03","investment":0,"employment":0,"plotstatus":"Allotted","landallotementstatus":"SOLD","landallotementtype":"ALLOTTED","allotmentid":"RPS031088","allotment_date":1464114600000,"rate_of_allotment":15620,"lease_deed":"Y","village_name":"Dhanauri","khasra_no":"50,51","longitude":77.60434135,"latitude":28.353342610000002,"authority":"YEIDA","category":"residential","execution_stage":"lease-recorded"}},{"type":"Feature","geometry":{"type":"Polygon","coordinates":[[[77.604307,28.353414],[77.604225,28.353422],[77.604212,28.353286],[77.604294,28.353279],[77.604307,28.353414]]]},"properties":{"objectid":3696,"uniqueplotid":"PLNGRESIDENTIAL3696","plotmap_id":"SECTOR-17_329_C_RESI","plotidentificationnumber":"329","plotno":"329","industrysector":"SECTOR-17","block":"C","plotsize":"120 SQMT","plotsize_at_the_time_of_allotme":"120 SQMT","landuse_type":"RESIDENTIAL","landuse_subcategory":"RESIDENTIAL","scheme_cod":"RPS03","investment":0,"employment":0,"plotstatus":"Allotted","landallotementstatus":"SOLD","landallotementtype":"ALLOTTED","allotmentid":"RPS031485","allotment_date":1464114600000,"rate_of_allotment":15620,"lease_deed":"N","village_name":"Dhanauri","khasra_no":"50,51","longitude":77.60425915,"latitude":28.353350210000002,"authority":"YEIDA","category":"residential","execution_stage":"allotted"}},{"type":"Feature","geometry":{"type":"Polygon","coordinates":[[[77.604225,28.353422],[77.604142,28.353429],[77.604129,28.353294],[77.604212,28.353286],[77.604225,28.353422]]]},"properties":{"objectid":3697,"uniqueplotid":"PLNGRESIDENTIAL3697","plotmap_id":"SECTOR-17_330_C_RESI","plotidentificationnumber":"330","plotno":"330","industrysector":"SECTOR-17","block":"C","plotsize":"120 SQMT","plotsize_at_the_time_of_allotme":"120 SQMT","landuse_type":"RESIDENTIAL","landuse_subcategory":"RESIDENTIAL","scheme_cod":"RPS03","investment":0,"employment":0,"plotstatus":"Allotted","landallotementstatus":"SOLD","landallotementtype":"ALLOTTED","allotmentid":"RPS031919","allotment_date":1464114600000,"rate_of_allotment":15620,"lease_deed":"N","village_name":"Dhanauri","khasra_no":"50,51","longitude":77.60417696,"latitude":28.353357810000002,"authority":"YEIDA","category":"residential","execution_stage":"allotted"}},{"type":"Feature","geometry":{"type":"Polygon","coordinates":[[[77.604142,28.353429],[77.60406,28.353437],[77.604047,28.353301],[77.604129,28.353294],[77.604142,28.353429]]]},"properties":{"objectid":3698,"uniqueplotid":"PLNGRESIDENTIAL3698","plotmap_id":"SECTOR-17_331_C_RESI","plotidentificationnumber":"331","plotno":"331","industrysector":"SECTOR-17","block":"C","plotsize":"120 SQMT","plotsize_at_the_time_of_allotme":"120 SQMT","landuse_type":"RESIDENTIAL","landuse_subcategory":"RESIDENTIAL","scheme_cod":"RPS03","investment":0,"employment":0,"plotstatus":"Allotted","landallotementstatus":"SOLD","landallotementtype":"ALLOTTED","allotmentid":"RPS031894","allotment_date":1464114600000,"rate_of_allotment":15620,"lease_deed":"N","village_name":"Dhanauri","khasra_no":"50,51","longitude":77.60409477,"latitude":28.35336542,"authority":"YEIDA","category":"residential","execution_stage":"allotted"}},{"type":"Feature","geometry":{"type":"Polygon","coordinates":[[[77.60406,28.353437],[77.603978,28.353445],[77.603965,28.353309],[77.604047,28.353301],[77.60406,28.353437]]]},"properties":{"objectid":3699,"uniqueplotid":"PLNGRESIDENTIAL3699","plotmap_id":"SECTOR-17_332_C_RESI","plotidentificationnumber":"332","plotno":"332","industrysector":"SECTOR-17","block":"C","plotsize":"120 SQMT","plotsize_at_the_time_of_allotme":"120 SQMT","landuse_type":"RESIDENTIAL","landuse_subcategory":"RESIDENTIAL","scheme_cod":"RPS03","investment":0,"employment":0,"plotstatus":"Allotted","landallotementstatus":"SOLD","landallotementtype":"ALLOTTED","allotmentid":"RPS031549","allotment_date":1464114600000,"rate_of_allotment":15620,"lease_deed":"N","village_name":"Dhanauri","khasra_no":"51","longitude":77.60401257,"latitude":28.35337302,"authority":"YEIDA","category":"residential","execution_stage":"allotted"}},{"type":"Feature","geometry":{"type":"Polygon","coordinates":[[[77.603978,28.353445],[77.603896,28.353452],[77.603883,28.353317],[77.603965,28.353309],[77.603978,28.353445]]]},"properties":{"objectid":3700,"uniqueplotid":"PLNGRESIDENTIAL3700","plotmap_id":"SECTOR-17_333_C_RESI","plotidentificationnumber":"333","plotno":"333","industrysector":"SECTOR-17","block":"C","plotsize":"120 SQMT","plotsize_at_the_time_of_allotme":"120 SQMT","landuse_type":"RESIDENTIAL","landuse_subcategory":"RESIDENTIAL","scheme_cod":"RPS03","investment":0,"employment":0,"plotstatus":"Allotted","landallotementstatus":"SOLD","landallotementtype":"ALLOTTED","allotmentid":"RPS031519","allotment_date":1464114600000,"rate_of_allotment":15620,"lease_deed":"N","village_name":"Dhanauri","khasra_no":"51","longitude":77.60393038,"latitude":28.35338062,"authority":"YEIDA","category":"residential","execution_stage":"allotted"}},{"type":"Feature","geometry":{"type":"Polygon","coordinates":[[[77.603896,28.353452],[77.603814,28.35346],[77.603801,28.353324],[77.603883,28.353317],[77.603896,28.353452]]]},"properties":{"objectid":3701,"uniqueplotid":"PLNGRESIDENTIAL3701","plotmap_id":"SECTOR-17_334_C_RESI","plotidentificationnumber":"334","plotno":"334","industrysector":"SECTOR-17","block":"C","plotsize":"120 SQMT","plotsize_at_the_time_of_allotme":"120 SQMT","landuse_type":"RESIDENTIAL","landuse_subcategory":"RESIDENTIAL","scheme_cod":"RPS03","investment":0,"employment":0,"plotstatus":"Allotted","landallotementstatus":"SOLD","landallotementtype":"ALLOTTED","allotmentid":"RPS031259","allotment_date":1464114600000,"rate_of_allotment":15620,"lease_deed":"Y","village_name":"Dhanauri","khasra_no":"51","longitude":77.60384819000001,"latitude":28.35338823,"authority":"YEIDA","category":"residential","execution_stage":"lease-recorded"}},{"type":"Feature","geometry":{"type":"Polygon","coordinates":[[[77.603814,28.35346],[77.603731,28.353468],[77.603718,28.353332],[77.603801,28.353324],[77.603814,28.35346]]]},"properties":{"objectid":3702,"uniqueplotid":"PLNGRESIDENTIAL3702","plotmap_id":"SECTOR-17_335_C_RESI","plotidentificationnumber":"335","plotno":"335","industrysector":"SECTOR-17","block":"C","plotsize":"120 SQMT","plotsize_at_the_time_of_allotme":"120 SQMT","landuse_type":"RESIDENTIAL","landuse_subcategory":"RESIDENTIAL","scheme_cod":"RPS03","investment":0,"employment":0,"plotstatus":"Allotted","landallotementstatus":"SOLD","landallotementtype":"ALLOTTED","allotmentid":"RPS031896","allotment_date":1464114600000,"rate_of_allotment":15620,"lease_deed":"Y","village_name":"Dhanauri","khasra_no":"51","longitude":77.60376599,"latitude":28.35339583,"authority":"YEIDA","category":"residential","execution_stage":"lease-recorded"}},{"type":"Feature","geometry":{"type":"Polygon","coordinates":[[[77.603731,28.353468],[77.603649,28.353475],[77.603636,28.353339],[77.603718,28.353332],[77.603731,28.353468]]]},"properties":{"objectid":3703,"uniqueplotid":"PLNGRESIDENTIAL3703","plotmap_id":"SECTOR-17_336_C_RESI","plotidentificationnumber":"336","plotno":"336","industrysector":"SECTOR-17","block":"C","plotsize":"120 SQMT","plotsize_at_the_time_of_allotme":"120 SQMT","landuse_type":"RESIDENTIAL","landuse_subcategory":"RESIDENTIAL","scheme_cod":"RPS03","investment":0,"employment":0,"plotstatus":"Allotted","landallotementstatus":"SOLD","landallotementtype":"ALLOTTED","allotmentid":"RPS031237","allotment_date":1464114600000,"rate_of_allotment":15620,"lease_deed":"N","village_name":"Dhanauri","khasra_no":"58,51","longitude":77.6036838,"latitude":28.35340343,"authority":"YEIDA","category":"residential","execution_stage":"allotted"}},{"type":"Feature","geometry":{"type":"Polygon","coordinates":[[[77.603649,28.353475],[77.603567,28.353483],[77.603554,28.353347],[77.603636,28.353339],[77.603649,28.353475]]]},"properties":{"objectid":3704,"uniqueplotid":"PLNGRESIDENTIAL3704","plotmap_id":"SECTOR-17_337_C_RESI","plotidentificationnumber":"337","plotno":"337","industrysector":"SECTOR-17","block":"C","plotsize":"120 SQMT","plotsize_at_the_time_of_allotme":"120 SQMT","landuse_type":"RESIDENTIAL","landuse_subcategory":"RESIDENTIAL","scheme_cod":"RPS03","investment":0,"employment":0,"plotstatus":"Allotted","landallotementstatus":"SOLD","landallotementtype":"ALLOTTED","allotmentid":"RPS031622","allotment_date":1464114600000,"rate_of_allotment":15620,"lease_deed":"Y","village_name":"Dhanauri","khasra_no":"58,64,51","longitude":77.60360161,"latitude":28.35341103,"authority":"YEIDA","category":"residential","execution_stage":"lease-recorded"}},{"type":"Feature","geometry":{"type":"Polygon","coordinates":[[[77.603567,28.353483],[77.603485,28.35349],[77.603472,28.353355],[77.603554,28.353347],[77.603567,28.353483]]]},"properties":{"objectid":3705,"uniqueplotid":"PLNGRESIDENTIAL3705","plotmap_id":"SECTOR-17_338_C_RESI","plotidentificationnumber":"338","plotno":"338","industrysector":"SECTOR-17","block":"C","plotsize":"120 SQMT","plotsize_at_the_time_of_allotme":"120 SQMT","landuse_type":"RESIDENTIAL","landuse_subcategory":"RESIDENTIAL","scheme_cod":"RPS03","investment":0,"employment":0,"plotstatus":"Allotted","landallotementstatus":"SOLD","landallotementtype":"ALLOTTED","allotmentid":"RPS031797","allotment_date":1464114600000,"rate_of_allotment":15620,"lease_deed":"N","village_name":"Dhanauri","khasra_no":"58,64,51","longitude":77.60351940999999,"latitude":28.35341864,"authority":"YEIDA","category":"residential","execution_stage":"allotted"}},{"type":"Feature","geometry":{"type":"Polygon","coordinates":[[[77.602722,28.353314],[77.60264,28.353322],[77.602627,28.353186],[77.602709,28.353179],[77.602722,28.353314]]]},"properties":{"objectid":3753,"uniqueplotid":"PLNGRESIDENTIAL3753","plotmap_id":"SECTOR-17_425_C_RESI","plotidentificationnumber":"425","plotno":"425","industrysector":"SECTOR-17","block":"C","plotsize":"120 SQMT","plotsize_at_the_time_of_allotme":"120 SQMT","landuse_type":"RESIDENTIAL","landuse_subcategory":"RESIDENTIAL","scheme_cod":"RPS03","investment":0,"employment":0,"plotstatus":"Allotted","landallotementstatus":"SOLD","landallotementtype":"ALLOTTED","allotmentid":"RPS031008","allotment_date":1464114600000,"rate_of_allotment":15620,"lease_deed":"N","village_name":"Dhanauri","khasra_no":"64","longitude":77.60267415999999,"latitude":28.353250300000003,"authority":"YEIDA","category":"residential","execution_stage":"allotted"}},{"type":"Feature","geometry":{"type":"Polygon","coordinates":[[[77.602804,28.353307],[77.602722,28.353314],[77.602709,28.353179],[77.602791,28.353171],[77.602804,28.353307]]]},"properties":{"objectid":3754,"uniqueplotid":"PLNGRESIDENTIAL3754","plotmap_id":"SECTOR-17_426_C_RESI","plotidentificationnumber":"426","plotno":"426","industrysector":"SECTOR-17","block":"C","plotsize":"120 SQMT","plotsize_at_the_time_of_allotme":"120 SQMT","landuse_type":"RESIDENTIAL","landuse_subcategory":"RESIDENTIAL","scheme_cod":"RPS03","investment":0,"employment":0,"plotstatus":"Allotted","landallotementstatus":"SOLD","landallotementtype":"ALLOTTED","allotmentid":"RPS031301","allotment_date":1464114600000,"rate_of_allotment":15620,"lease_deed":"N","village_name":"Dhanauri","khasra_no":"64","longitude":77.60275634999999,"latitude":28.353242700000003,"authority":"YEIDA","category":"residential","execution_stage":"allotted"}},{"type":"Feature","geometry":{"type":"Polygon","coordinates":[[[77.602907,28.353297],[77.602804,28.353307],[77.602791,28.353171],[77.602894,28.353162],[77.602907,28.353297]]]},"properties":{"objectid":3755,"uniqueplotid":"PLNGRESIDENTIAL3755","plotmap_id":"SECTOR-17_427_C_RESI","plotidentificationnumber":"427","plotno":"427","industrysector":"SECTOR-17","block":"C","plotsize":"120 SQMT","plotsize_at_the_time_of_allotme":"120 SQMT","landuse_type":"RESIDENTIAL","landuse_subcategory":"RESIDENTIAL","scheme_cod":"RPS03","investment":0,"employment":0,"plotstatus":"Allotted","landallotementstatus":"SOLD","landallotementtype":"ALLOTTED","allotmentid":"RPS031057","allotment_date":1464114600000,"rate_of_allotment":15620,"lease_deed":"N","village_name":"Dhanauri","khasra_no":"64","longitude":77.60284882,"latitude":28.35323414,"authority":"YEIDA","category":"residential","execution_stage":"allotted"}},{"type":"Feature","geometry":{"type":"Polygon","coordinates":[[[77.602894,28.353162],[77.602791,28.353171],[77.602778,28.353035],[77.602881,28.353026],[77.602894,28.353162]]]},"properties":{"objectid":3756,"uniqueplotid":"PLNGRESIDENTIAL3756","plotmap_id":"SECTOR-17_428_C_RESI","plotidentificationnumber":"428","plotno":"428","industrysector":"SECTOR-17","block":"C","plotsize":"120 SQMT","plotsize_at_the_time_of_allotme":"120 SQMT","landuse_type":"RESIDENTIAL","landuse_subcategory":"RESIDENTIAL","scheme_cod":"RPS03","investment":0,"employment":0,"plotstatus":"Allotted","landallotementstatus":"SOLD","landallotementtype":"ALLOTTED","allotmentid":"RPS032087","allotment_date":1464114600000,"rate_of_allotment":15620,"lease_deed":"N","village_name":"Dhanauri","khasra_no":"64","longitude":77.60283586,"latitude":28.353098380000002,"authority":"YEIDA","category":"residential","execution_stage":"allotted"}},{"type":"Feature","geometry":{"type":"Polygon","coordinates":[[[77.602791,28.353171],[77.602709,28.353179],[77.602696,28.353043],[77.602778,28.353035],[77.602791,28.353171]]]},"properties":{"objectid":3757,"uniqueplotid":"PLNGRESIDENTIAL3757","plotmap_id":"SECTOR-17_429_C_RESI","plotidentificationnumber":"429","plotno":"429","industrysector":"SECTOR-17","block":"C","plotsize":"120 SQMT","plotsize_at_the_time_of_allotme":"120 SQMT","landuse_type":"RESIDENTIAL","landuse_subcategory":"RESIDENTIAL","scheme_cod":"RPS03","investment":0,"employment":0,"plotstatus":"Allotted","landallotementstatus":"SOLD","landallotementtype":"ALLOTTED","allotmentid":"RPS031996","allotment_date":1464114600000,"rate_of_allotment":15620,"lease_deed":"N","village_name":"Dhanauri","khasra_no":"64","longitude":77.60274339,"latitude":28.35310694,"authority":"YEIDA","category":"residential","execution_stage":"allotted"}},{"type":"Feature","geometry":{"type":"Polygon","coordinates":[[[77.602709,28.353179],[77.602627,28.353186],[77.602614,28.35305],[77.602696,28.353043],[77.602709,28.353179]]]},"properties":{"objectid":3758,"uniqueplotid":"PLNGRESIDENTIAL3758","plotmap_id":"SECTOR-17_430_C_RESI","plotidentificationnumber":"430","plotno":"430","industrysector":"SECTOR-17","block":"C","plotsize":"120 SQMT","plotsize_at_the_time_of_allotme":"120 SQMT","landuse_type":"RESIDENTIAL","landuse_subcategory":"RESIDENTIAL","scheme_cod":"RPS03","investment":0,"employment":0,"plotstatus":"Allotted","landallotementstatus":"SOLD","landallotementtype":"ALLOTTED","allotmentid":"RPS032161","allotment_date":1464114600000,"rate_of_allotment":15620,"lease_deed":"N","village_name":"Dhanauri","khasra_no":"64","longitude":77.6026612,"latitude":28.35311454,"authority":"YEIDA","category":"residential","execution_stage":"allotted"}},{"type":"Feature","geometry":{"type":"Polygon","coordinates":[[[77.603163,28.353054],[77.603009,28.353069],[77.603002,28.352996],[77.603156,28.352982],[77.603163,28.353054]]]},"properties":{"objectid":3770,"uniqueplotid":"PLNGRESIDENTIAL3770","plotmap_id":"SECTOR-17_653_C_RESI","plotidentificationnumber":"653","plotno":"653","industrysector":"SECTOR-17","block":"C","plotsize":"120 SQMT","plotsize_at_the_time_of_allotme":"120 SQMT","landuse_type":"RESIDENTIAL","landuse_subcategory":"RESIDENTIAL","scheme_cod":"RPS03","investment":0,"employment":0,"plotstatus":"Allotted","landallotementstatus":"SOLD","landallotementtype":"ALLOTTED","allotmentid":"RPS031719","allotment_date":1464114600000,"rate_of_allotment":15620,"lease_deed":"N","village_name":"Dhanauri","khasra_no":"64","longitude":77.60308282999999,"latitude":28.35302532,"authority":"YEIDA","category":"residential","execution_stage":"allotted"}},{"type":"Feature","geometry":{"type":"Polygon","coordinates":[[[77.60317,28.353127],[77.603016,28.353141],[77.603009,28.353069],[77.603163,28.353054],[77.60317,28.353127]]]},"properties":{"objectid":3771,"uniqueplotid":"PLNGRESIDENTIAL3771","plotmap_id":"SECTOR-17_654_C_RESI","plotidentificationnumber":"654","plotno":"654","industrysector":"SECTOR-17","block":"C","plotsize":"120 SQMT","plotsize_at_the_time_of_allotme":"120 SQMT","landuse_type":"RESIDENTIAL","landuse_subcategory":"RESIDENTIAL","scheme_cod":"RPS03","investment":0,"employment":0,"plotstatus":"Allotted","landallotementstatus":"SOLD","landallotementtype":"ALLOTTED","allotmentid":"RPS031479","allotment_date":1464114600000,"rate_of_allotment":15620,"lease_deed":"N","village_name":"Dhanauri","khasra_no":"64","longitude":77.60308974,"latitude":28.35309773,"authority":"YEIDA","category":"residential","execution_stage":"allotted"}},{"type":"Feature","geometry":{"type":"Polygon","coordinates":[[[77.603177,28.353199],[77.603023,28.353213],[77.603016,28.353141],[77.60317,28.353127],[77.603177,28.353199]]]},"properties":{"objectid":3772,"uniqueplotid":"PLNGRESIDENTIAL3772","plotmap_id":"SECTOR-17_655_C_RESI","plotidentificationnumber":"655","plotno":"655","industrysector":"SECTOR-17","block":"C","plotsize":"120 SQMT","plotsize_at_the_time_of_allotme":"120 SQMT","landuse_type":"RESIDENTIAL","landuse_subcategory":"RESIDENTIAL","scheme_cod":"RPS03","investment":0,"employment":0,"plotstatus":"Allotted","landallotementstatus":"SOLD","landallotementtype":"ALLOTTED","allotmentid":"RPS031928","allotment_date":1464114600000,"rate_of_allotment":15620,"lease_deed":"N","village_name":"Dhanauri","khasra_no":"64","longitude":77.60309665,"latitude":28.353170130000002,"authority":"YEIDA","category":"residential","execution_stage":"allotted"}},{"type":"Feature","geometry":{"type":"Polygon","coordinates":[[[77.603184,28.353272],[77.60303,28.353286],[77.603023,28.353213],[77.603177,28.353199],[77.603184,28.353272]]]},"properties":{"objectid":3773,"uniqueplotid":"PLNGRESIDENTIAL3773","plotmap_id":"SECTOR-17_656_C_RESI","plotidentificationnumber":"656","plotno":"656","industrysector":"SECTOR-17","block":"C","plotsize":"120 SQMT","plotsize_at_the_time_of_allotme":"120 SQMT","landuse_type":"RESIDENTIAL","landuse_subcategory":"RESIDENTIAL","scheme_cod":"RPS03","investment":0,"employment":0,"plotstatus":"Allotted","landallotementstatus":"SOLD","landallotementtype":"ALLOTTED","allotmentid":"RPS032142","allotment_date":1464114600000,"rate_of_allotment":15620,"lease_deed":"N","village_name":"Dhanauri","khasra_no":"64","longitude":77.60310356,"latitude":28.35324254,"authority":"YEIDA","category":"residential","execution_stage":"allotted"}},{"type":"Feature","geometry":{"type":"Polygon","coordinates":[[[77.603338,28.353257],[77.603184,28.353272],[77.603177,28.353199],[77.603331,28.353185],[77.603338,28.353257]]]},"properties":{"objectid":3774,"uniqueplotid":"PLNGRESIDENTIAL3774","plotmap_id":"SECTOR-17_657_C_RESI","plotidentificationnumber":"657","plotno":"657","industrysector":"SECTOR-17","block":"C","plotsize":"120 SQMT","plotsize_at_the_time_of_allotme":"120 SQMT","landuse_type":"RESIDENTIAL","landuse_subcategory":"RESIDENTIAL","scheme_cod":"RPS03","investment":0,"employment":0,"plotstatus":"Allotted","landallotementstatus":"SOLD","landallotementtype":"ALLOTTED","allotmentid":"RPS031316","allotment_date":1464114600000,"rate_of_allotment":15620,"lease_deed":"N","village_name":"Dhanauri","khasra_no":"64","longitude":77.60325767,"latitude":28.35322828,"authority":"YEIDA","category":"residential","execution_stage":"allotted"}},{"type":"Feature","geometry":{"type":"Polygon","coordinates":[[[77.603331,28.353185],[77.603177,28.353199],[77.60317,28.353127],[77.603324,28.353113],[77.603331,28.353185]]]},"properties":{"objectid":3775,"uniqueplotid":"PLNGRESIDENTIAL3775","plotmap_id":"SECTOR-17_658_C_RESI","plotidentificationnumber":"658","plotno":"658","industrysector":"SECTOR-17","block":"C","plotsize":"120 SQMT","plotsize_at_the_time_of_allotme":"120 SQMT","landuse_type":"RESIDENTIAL","landuse_subcategory":"RESIDENTIAL","scheme_cod":"RPS03","investment":0,"employment":0,"plotstatus":"Allotted","landallotementstatus":"SOLD","landallotementtype":"ALLOTTED","allotmentid":"RPS031722","allotment_date":1464114600000,"rate_of_allotment":15620,"lease_deed":"N","village_name":"Dhanauri","khasra_no":"58,64","longitude":77.60325076,"latitude":28.353155880000003,"authority":"YEIDA","category":"residential","execution_stage":"allotted"}},{"type":"Feature","geometry":{"type":"Polygon","coordinates":[[[77.603324,28.353113],[77.60317,28.353127],[77.603163,28.353054],[77.603317,28.35304],[77.603324,28.353113]]]},"properties":{"objectid":3776,"uniqueplotid":"PLNGRESIDENTIAL3776","plotmap_id":"SECTOR-17_659_C_RESI","plotidentificationnumber":"659","plotno":"659","industrysector":"SECTOR-17","block":"C","plotsize":"120 SQMT","plotsize_at_the_time_of_allotme":"120 SQMT","landuse_type":"RESIDENTIAL","landuse_subcategory":"RESIDENTIAL","scheme_cod":"RPS03","investment":0,"employment":0,"plotstatus":"Allotted","landallotementstatus":"SOLD","landallotementtype":"ALLOTTED","allotmentid":"RPS031456","allotment_date":1464114600000,"rate_of_allotment":15620,"lease_deed":"N","village_name":"Dhanauri","khasra_no":"52,58,64","longitude":77.60324385,"latitude":28.35308347,"authority":"YEIDA","category":"residential","execution_stage":"allotted"}},{"type":"Feature","geometry":{"type":"Polygon","coordinates":[[[77.603317,28.35304],[77.603163,28.353054],[77.603156,28.352982],[77.603311,28.352968],[77.603317,28.35304]]]},"properties":{"objectid":3777,"uniqueplotid":"PLNGRESIDENTIAL3777","plotmap_id":"SECTOR-17_660_C_RESI","plotidentificationnumber":"660","plotno":"660","industrysector":"SECTOR-17","block":"C","plotsize":"120 SQMT","plotsize_at_the_time_of_allotme":"120 SQMT","landuse_type":"RESIDENTIAL","landuse_subcategory":"RESIDENTIAL","scheme_cod":"RPS03","investment":0,"employment":0,"plotstatus":"Allotted","landallotementstatus":"SOLD","landallotementtype":"ALLOTTED","allotmentid":"RPS032095","allotment_date":1464114600000,"rate_of_allotment":15620,"lease_deed":"N","village_name":"Dhanauri","khasra_no":"52,58,64","longitude":77.60323694,"latitude":28.35301107,"authority":"YEIDA","category":"residential","execution_stage":"allotted"}},{"type":"Feature","geometry":{"type":"Polygon","coordinates":[[[77.603595,28.353014],[77.603441,28.353029],[77.603434,28.352956],[77.603588,28.352942],[77.603595,28.353014]]]},"properties":{"objectid":3778,"uniqueplotid":"PLNGRESIDENTIAL3778","plotmap_id":"SECTOR-17_681_C_RESI","plotidentificationnumber":"681","plotno":"681","industrysector":"SECTOR-17","block":"C","plotsize":"120 SQMT","plotsize_at_the_time_of_allotme":"120 SQMT","landuse_type":"RESIDENTIAL","landuse_subcategory":"RESIDENTIAL","scheme_cod":"RPS03","investment":0,"employment":0,"plotstatus":"Allotted","landallotementstatus":"SOLD","landallotementtype":"ALLOTTED","allotmentid":"RPS031204","allotment_date":1464114600000,"rate_of_allotment":15620,"lease_deed":"Y","village_name":"Dhanauri","khasra_no":"52","longitude":77.60351435,"latitude":28.352985399999998,"authority":"YEIDA","category":"residential","execution_stage":"lease-recorded"}},{"type":"Feature","geometry":{"type":"Polygon","coordinates":[[[77.603602,28.353087],[77.603448,28.353101],[77.603441,28.353029],[77.603595,28.353014],[77.603602,28.353087]]]},"properties":{"objectid":3779,"uniqueplotid":"PLNGRESIDENTIAL3779","plotmap_id":"SECTOR-17_682_C_RESI","plotidentificationnumber":"682","plotno":"682","industrysector":"SECTOR-17","block":"C","plotsize":"120 SQMT","plotsize_at_the_time_of_allotme":"120 SQMT","landuse_type":"RESIDENTIAL","landuse_subcategory":"RESIDENTIAL","scheme_cod":"RPS03","investment":0,"employment":0,"plotstatus":"Allotted","landallotementstatus":"SOLD","landallotementtype":"ALLOTTED","allotmentid":"RPS031274","allotment_date":1464114600000,"rate_of_allotment":15620,"lease_deed":"N","village_name":"Dhanauri","khasra_no":"52","longitude":77.60352125,"latitude":28.353057810000003,"authority":"YEIDA","category":"residential","execution_stage":"allotted"}},{"type":"Feature","geometry":{"type":"Polygon","coordinates":[[[77.603609,28.353159],[77.603455,28.353174],[77.603448,28.353101],[77.603602,28.353087],[77.603609,28.353159]]]},"properties":{"objectid":3780,"uniqueplotid":"PLNGRESIDENTIAL3780","plotmap_id":"SECTOR-17_683_C_RESI","plotidentificationnumber":"683","plotno":"683","industrysector":"SECTOR-17","block":"C","plotsize":"120 SQMT","plotsize_at_the_time_of_allotme":"120 SQMT","landuse_type":"RESIDENTIAL","landuse_subcategory":"RESIDENTIAL","scheme_cod":"RPS03","investment":0,"employment":0,"plotstatus":"Allotted","landallotementstatus":"SOLD","landallotementtype":"ALLOTTED","allotmentid":"RPS031272","allotment_date":1464114600000,"rate_of_allotment":15620,"lease_deed":"N","village_name":"Dhanauri","khasra_no":"52,51","longitude":77.60352816,"latitude":28.35313022,"authority":"YEIDA","category":"residential","execution_stage":"allotted"}},{"type":"Feature","geometry":{"type":"Polygon","coordinates":[[[77.603616,28.353232],[77.603461,28.353246],[77.603455,28.353174],[77.603609,28.353159],[77.603616,28.353232]]]},"properties":{"objectid":3781,"uniqueplotid":"PLNGRESIDENTIAL3781","plotmap_id":"SECTOR-17_684_C_RESI","plotidentificationnumber":"684","plotno":"684","industrysector":"SECTOR-17","block":"C","plotsize":"120 SQMT","plotsize_at_the_time_of_allotme":"120 SQMT","landuse_type":"RESIDENTIAL","landuse_subcategory":"RESIDENTIAL","scheme_cod":"RPS03","investment":0,"employment":0,"plotstatus":"Allotted","landallotementstatus":"SOLD","landallotementtype":"ALLOTTED","allotmentid":"RPS031551","allotment_date":1464114600000,"rate_of_allotment":15620,"lease_deed":"N","village_name":"Dhanauri","khasra_no":"52,51","longitude":77.60353506999999,"latitude":28.35320262,"authority":"YEIDA","category":"residential","execution_stage":"allotted"}},{"type":"Feature","geometry":{"type":"Polygon","coordinates":[[[77.60377,28.353217],[77.603616,28.353232],[77.603609,28.353159],[77.603763,28.353145],[77.60377,28.353217]]]},"properties":{"objectid":3782,"uniqueplotid":"PLNGRESIDENTIAL3782","plotmap_id":"SECTOR-17_685_C_RESI","plotidentificationnumber":"685","plotno":"685","industrysector":"SECTOR-17","block":"C","plotsize":"120 SQMT","plotsize_at_the_time_of_allotme":"120 SQMT","landuse_type":"RESIDENTIAL","landuse_subcategory":"RESIDENTIAL","scheme_cod":"RPS03","investment":0,"employment":0,"plotstatus":"Allotted","landallotementstatus":"SOLD","landallotementtype":"ALLOTTED","allotmentid":"RPS031707","allotment_date":1464114600000,"rate_of_allotment":15620,"lease_deed":"Y","village_name":"Dhanauri","khasra_no":"51","longitude":77.60368919,"latitude":28.35318837,"authority":"YEIDA","category":"residential","execution_stage":"lease-recorded"}},{"type":"Feature","geometry":{"type":"Polygon","coordinates":[[[77.603763,28.353145],[77.603609,28.353159],[77.603602,28.353087],[77.603756,28.353073],[77.603763,28.353145]]]},"properties":{"objectid":3783,"uniqueplotid":"PLNGRESIDENTIAL3783","plotmap_id":"SECTOR-17_686_C_RESI","plotidentificationnumber":"686","plotno":"686","industrysector":"SECTOR-17","block":"C","plotsize":"120 SQMT","plotsize_at_the_time_of_allotme":"120 SQMT","landuse_type":"RESIDENTIAL","landuse_subcategory":"RESIDENTIAL","scheme_cod":"RPS03","investment":0,"employment":0,"plotstatus":"Allotted","landallotementstatus":"SOLD","landallotementtype":"ALLOTTED","allotmentid":"RPS031889","allotment_date":1464114600000,"rate_of_allotment":15620,"lease_deed":"N","village_name":"Dhanauri","khasra_no":"52,51","longitude":77.60368228,"latitude":28.35311596,"authority":"YEIDA","category":"residential","execution_stage":"allotted"}},{"type":"Feature","geometry":{"type":"Polygon","coordinates":[[[77.603756,28.353073],[77.603602,28.353087],[77.603595,28.353014],[77.603749,28.353],[77.603756,28.353073]]]},"properties":{"objectid":3784,"uniqueplotid":"PLNGRESIDENTIAL3784","plotmap_id":"SECTOR-17_687_C_RESI","plotidentificationnumber":"687","plotno":"687","industrysector":"SECTOR-17","block":"C","plotsize":"120 SQMT","plotsize_at_the_time_of_allotme":"120 SQMT","landuse_type":"RESIDENTIAL","landuse_subcategory":"RESIDENTIAL","scheme_cod":"RPS03","investment":0,"employment":0,"plotstatus":"Allotted","landallotementstatus":"SOLD","landallotementtype":"ALLOTTED","allotmentid":"RPS031419","allotment_date":1464114600000,"rate_of_allotment":15620,"lease_deed":"N","village_name":"Dhanauri","khasra_no":"52,51","longitude":77.60367537,"latitude":28.353043550000002,"authority":"YEIDA","category":"residential","execution_stage":"allotted"}},{"type":"Feature","geometry":{"type":"Polygon","coordinates":[[[77.603749,28.353],[77.603595,28.353014],[77.603588,28.352942],[77.603742,28.352928],[77.603749,28.353]]]},"properties":{"objectid":3785,"uniqueplotid":"PLNGRESIDENTIAL3785","plotmap_id":"SECTOR-17_688_C_RESI","plotidentificationnumber":"688","plotno":"688","industrysector":"SECTOR-17","block":"C","plotsize":"120 SQMT","plotsize_at_the_time_of_allotme":"120 SQMT","landuse_type":"RESIDENTIAL","landuse_subcategory":"RESIDENTIAL","scheme_cod":"RPS03","investment":0,"employment":0,"plotstatus":"Allotted","landallotementstatus":"SOLD","landallotementtype":"ALLOTTED","allotmentid":"RPS032045","allotment_date":1464114600000,"rate_of_allotment":15620,"lease_deed":"N","village_name":"Dhanauri","khasra_no":"52","longitude":77.60366846,"latitude":28.35297115,"authority":"YEIDA","category":"residential","execution_stage":"allotted"}},{"type":"Feature","geometry":{"type":"Polygon","coordinates":[[[77.604887,28.352977],[77.604805,28.352985],[77.604792,28.352849],[77.604874,28.352841],[77.604887,28.352977]]]},"properties":{"objectid":3786,"uniqueplotid":"PLNGRESIDENTIAL3786","plotmap_id":"SECTOR-17_701_C_RESI","plotidentificationnumber":"701","plotno":"701","industrysector":"SECTOR-17","block":"C","plotsize":"120 SQMT","plotsize_at_the_time_of_allotme":"120 SQMT","landuse_type":"RESIDENTIAL","landuse_subcategory":"RESIDENTIAL","scheme_cod":"RPS03","investment":0,"employment":0,"plotstatus":"Allotted","landallotementstatus":"SOLD","landallotementtype":"ALLOTTED","allotmentid":"RPS031392","allotment_date":1464114600000,"rate_of_allotment":15620,"lease_deed":"N","village_name":"Dhanauri","khasra_no":"42","longitude":77.60483933,"latitude":28.35291306,"authority":"YEIDA","category":"residential","execution_stage":"allotted"}},{"type":"Feature","geometry":{"type":"Polygon","coordinates":[[[77.604805,28.352985],[77.604723,28.352992],[77.60471,28.352857],[77.604792,28.352849],[77.604805,28.352985]]]},"properties":{"objectid":3787,"uniqueplotid":"PLNGRESIDENTIAL3787","plotmap_id":"SECTOR-17_702_C_RESI","plotidentificationnumber":"702","plotno":"702","industrysector":"SECTOR-17","block":"C","plotsize":"120 SQMT","plotsize_at_the_time_of_allotme":"120 SQMT","landuse_type":"RESIDENTIAL","landuse_subcategory":"RESIDENTIAL","scheme_cod":"RPS03","investment":0,"employment":0,"plotstatus":"Allotted","landallotementstatus":"SOLD","landallotementtype":"ALLOTTED","allotmentid":"RPS031905","allotment_date":1464114600000,"rate_of_allotment":15620,"lease_deed":"Y","village_name":"Dhanauri","khasra_no":"42","longitude":77.60475713999999,"latitude":28.35292066,"authority":"YEIDA","category":"residential","execution_stage":"lease-recorded"}},{"type":"Feature","geometry":{"type":"Polygon","coordinates":[[[77.604723,28.352992],[77.60464,28.353],[77.604627,28.352864],[77.60471,28.352857],[77.604723,28.352992]]]},"properties":{"objectid":3788,"uniqueplotid":"PLNGRESIDENTIAL3788","plotmap_id":"SECTOR-17_703_C_RESI","plotidentificationnumber":"703","plotno":"703","industrysector":"SECTOR-17","block":"C","plotsize":"120 SQMT","plotsize_at_the_time_of_allotme":"120 SQMT","landuse_type":"RESIDENTIAL","landuse_subcategory":"RESIDENTIAL","scheme_cod":"RPS03","investment":0,"employment":0,"plotstatus":"Allotted","landallotementstatus":"SOLD","landallotementtype":"ALLOTTED","allotmentid":"RPS031380","allotment_date":1464114600000,"rate_of_allotment":15620,"lease_deed":"N","village_name":"Dhanauri","khasra_no":"42","longitude":77.60467494000001,"latitude":28.35292827,"authority":"YEIDA","category":"residential","execution_stage":"allotted"}},{"type":"Feature","geometry":{"type":"Polygon","coordinates":[[[77.60464,28.353],[77.604558,28.353008],[77.604545,28.352872],[77.604627,28.352864],[77.60464,28.353]]]},"properties":{"objectid":3789,"uniqueplotid":"PLNGRESIDENTIAL3789","plotmap_id":"SECTOR-17_704_C_RESI","plotidentificationnumber":"704","plotno":"704","industrysector":"SECTOR-17","block":"C","plotsize":"120 SQMT","plotsize_at_the_time_of_allotme":"120 SQMT","landuse_type":"RESIDENTIAL","landuse_subcategory":"RESIDENTIAL","scheme_cod":"RPS03","investment":0,"employment":0,"plotstatus":"Allotted","landallotementstatus":"SOLD","landallotementtype":"ALLOTTED","allotmentid":"RPS032073","allotment_date":1464114600000,"rate_of_allotment":15620,"lease_deed":"Y","village_name":"Dhanauri","khasra_no":"53,42,51","longitude":77.60459275,"latitude":28.35293587,"authority":"YEIDA","category":"residential","execution_stage":"lease-recorded"}},{"type":"Feature","geometry":{"type":"Polygon","coordinates":[[[77.604558,28.353008],[77.604476,28.353015],[77.604463,28.352879],[77.604545,28.352872],[77.604558,28.353008]]]},"properties":{"objectid":3790,"uniqueplotid":"PLNGRESIDENTIAL3790","plotmap_id":"SECTOR-17_705_C_RESI","plotidentificationnumber":"705","plotno":"705","industrysector":"SECTOR-17","block":"C","plotsize":"120 SQMT","plotsize_at_the_time_of_allotme":"120 SQMT","landuse_type":"RESIDENTIAL","landuse_subcategory":"RESIDENTIAL","scheme_cod":"RPS03","investment":0,"employment":0,"plotstatus":"Allotted","landallotementstatus":"SOLD","landallotementtype":"ALLOTTED","allotmentid":"RPS031999","allotment_date":1464114600000,"rate_of_allotment":15620,"lease_deed":"Y","village_name":"Dhanauri","khasra_no":"53,42,51","longitude":77.60451056000001,"latitude":28.35294347,"authority":"YEIDA","category":"residential","execution_stage":"lease-recorded"}},{"type":"Feature","geometry":{"type":"Polygon","coordinates":[[[77.604476,28.353015],[77.604394,28.353023],[77.604381,28.352887],[77.604463,28.352879],[77.604476,28.353015]]]},"properties":{"objectid":3791,"uniqueplotid":"PLNGRESIDENTIAL3791","plotmap_id":"SECTOR-17_706_C_RESI","plotidentificationnumber":"706","plotno":"706","industrysector":"SECTOR-17","block":"C","plotsize":"120 SQMT","plotsize_at_the_time_of_allotme":"120 SQMT","landuse_type":"RESIDENTIAL","landuse_subcategory":"RESIDENTIAL","scheme_cod":"RPS03","investment":0,"employment":0,"plotstatus":"Allotted","landallotementstatus":"SOLD","landallotementtype":"ALLOTTED","allotmentid":"RPS031975","allotment_date":1464114600000,"rate_of_allotment":15620,"lease_deed":"N","village_name":"Dhanauri","khasra_no":"53,51","longitude":77.60442836,"latitude":28.352951079999997,"authority":"YEIDA","category":"residential","execution_stage":"allotted"}},{"type":"Feature","geometry":{"type":"Polygon","coordinates":[[[77.604394,28.353023],[77.604312,28.35303],[77.604299,28.352895],[77.604381,28.352887],[77.604394,28.353023]]]},"properties":{"objectid":3792,"uniqueplotid":"PLNGRESIDENTIAL3792","plotmap_id":"SECTOR-17_707_C_RESI","plotidentificationnumber":"707","plotno":"707","industrysector":"SECTOR-17","block":"C","plotsize":"120 SQMT","plotsize_at_the_time_of_allotme":"120 SQMT","landuse_type":"RESIDENTIAL","landuse_subcategory":"RESIDENTIAL","scheme_cod":"RPS03","investment":0,"employment":0,"plotstatus":"Allotted","landallotementstatus":"SOLD","landallotementtype":"ALLOTTED","allotmentid":"RPS031863","allotment_date":1464114600000,"rate_of_allotment":15620,"lease_deed":"Y","village_name":"Dhanauri","khasra_no":"51","longitude":77.60434617,"latitude":28.352958679999997,"authority":"YEIDA","category":"residential","execution_stage":"lease-recorded"}},{"type":"Feature","geometry":{"type":"Polygon","coordinates":[[[77.604312,28.35303],[77.604229,28.353038],[77.604216,28.352902],[77.604299,28.352895],[77.604312,28.35303]]]},"properties":{"objectid":3793,"uniqueplotid":"PLNGRESIDENTIAL3793","plotmap_id":"SECTOR-17_708_C_RESI","plotidentificationnumber":"708","plotno":"708","industrysector":"SECTOR-17","block":"C","plotsize":"120 SQMT","plotsize_at_the_time_of_allotme":"120 SQMT","landuse_type":"RESIDENTIAL","landuse_subcategory":"RESIDENTIAL","scheme_cod":"RPS03","investment":0,"employment":0,"plotstatus":"Allotted","landallotementstatus":"SOLD","landallotementtype":"ALLOTTED","allotmentid":"RPS031193","allotment_date":1464114600000,"rate_of_allotment":15620,"lease_deed":"N","village_name":"Dhanauri","khasra_no":"51","longitude":77.60426398,"latitude":28.352966279999997,"authority":"YEIDA","category":"residential","execution_stage":"allotted"}},{"type":"Feature","geometry":{"type":"Polygon","coordinates":[[[77.604229,28.353038],[77.604147,28.353046],[77.604134,28.35291],[77.604216,28.352902],[77.604229,28.353038]]]},"properties":{"objectid":3794,"uniqueplotid":"PLNGRESIDENTIAL3794","plotmap_id":"SECTOR-17_709_C_RESI","plotidentificationnumber":"709","plotno":"709","industrysector":"SECTOR-17","block":"C","plotsize":"120 SQMT","plotsize_at_the_time_of_allotme":"120 SQMT","landuse_type":"RESIDENTIAL","landuse_subcategory":"RESIDENTIAL","scheme_cod":"RPS03","investment":0,"employment":0,"plotstatus":"Allotted","landallotementstatus":"SOLD","landallotementtype":"ALLOTTED","allotmentid":"RPS031150","allotment_date":1464114600000,"rate_of_allotment":15620,"lease_deed":"N","village_name":"Dhanauri","khasra_no":"51","longitude":77.60418178,"latitude":28.352973889999998,"authority":"YEIDA","category":"residential","execution_stage":"allotted"}},{"type":"Feature","geometry":{"type":"Polygon","coordinates":[[[77.604147,28.353046],[77.604065,28.353053],[77.604052,28.352917],[77.604134,28.35291],[77.604147,28.353046]]]},"properties":{"objectid":3795,"uniqueplotid":"PLNGRESIDENTIAL3795","plotmap_id":"SECTOR-17_710_C_RESI","plotidentificationnumber":"710","plotno":"710","industrysector":"SECTOR-17","block":"C","plotsize":"120 SQMT","plotsize_at_the_time_of_allotme":"120 SQMT","landuse_type":"RESIDENTIAL","landuse_subcategory":"RESIDENTIAL","scheme_cod":"RPS03","investment":0,"employment":0,"plotstatus":"Allotted","landallotementstatus":"SOLD","landallotementtype":"ALLOTTED","allotmentid":"RPS032014","allotment_date":1464114600000,"rate_of_allotment":15620,"lease_deed":"N","village_name":"Dhanauri","khasra_no":"51","longitude":77.60409959,"latitude":28.352981489999998,"authority":"YEIDA","category":"residential","execution_stage":"allotted"}},{"type":"Feature","geometry":{"type":"Polygon","coordinates":[[[77.604065,28.353053],[77.603983,28.353061],[77.60397,28.352925],[77.604052,28.352917],[77.604065,28.353053]]]},"properties":{"objectid":3796,"uniqueplotid":"PLNGRESIDENTIAL3796","plotmap_id":"SECTOR-17_711_C_RESI","plotidentificationnumber":"711","plotno":"711","industrysector":"SECTOR-17","block":"C","plotsize":"120 SQMT","plotsize_at_the_time_of_allotme":"120 SQMT","landuse_type":"RESIDENTIAL","landuse_subcategory":"RESIDENTIAL","scheme_cod":"RPS03","investment":0,"employment":0,"plotstatus":"Allotted","landallotementstatus":"SOLD","landallotementtype":"ALLOTTED","allotmentid":"RPS031790","allotment_date":1464114600000,"rate_of_allotment":15620,"lease_deed":"Y","village_name":"Dhanauri","khasra_no":"51","longitude":77.6040174,"latitude":28.352989089999998,"authority":"YEIDA","category":"residential","execution_stage":"lease-recorded"}},{"type":"Feature","geometry":{"type":"Polygon","coordinates":[[[77.603983,28.353061],[77.60388,28.35307],[77.603867,28.352935],[77.60397,28.352925],[77.603983,28.353061]]]},"properties":{"objectid":3797,"uniqueplotid":"PLNGRESIDENTIAL3797","plotmap_id":"SECTOR-17_712_C_RESI","plotidentificationnumber":"712","plotno":"712","industrysector":"SECTOR-17","block":"C","plotsize":"120 SQMT","plotsize_at_the_time_of_allotme":"120 SQMT","landuse_type":"RESIDENTIAL","landuse_subcategory":"RESIDENTIAL","scheme_cod":"RPS03","investment":0,"employment":0,"plotstatus":"Allotted","landallotementstatus":"SOLD","landallotementtype":"ALLOTTED","allotmentid":"RPS031993","allotment_date":1464114600000,"rate_of_allotment":15620,"lease_deed":"N","village_name":"Dhanauri","khasra_no":"52,51","longitude":77.60392492999999,"latitude":28.35299765,"authority":"YEIDA","category":"residential","execution_stage":"allotted"}},{"type":"Feature","geometry":{"type":"Polygon","coordinates":[[[77.603996,28.353197],[77.603893,28.353206],[77.60388,28.35307],[77.603983,28.353061],[77.603996,28.353197]]]},"properties":{"objectid":3798,"uniqueplotid":"PLNGRESIDENTIAL3798","plotmap_id":"SECTOR-17_713_C_RESI","plotidentificationnumber":"713","plotno":"713","industrysector":"SECTOR-17","block":"C","plotsize":"120 SQMT","plotsize_at_the_time_of_allotme":"120 SQMT","landuse_type":"RESIDENTIAL","landuse_subcategory":"RESIDENTIAL","scheme_cod":"RPS03","investment":0,"employment":0,"plotstatus":"Allotted","landallotementstatus":"SOLD","landallotementtype":"ALLOTTED","allotmentid":"RPS031148","allotment_date":1464114600000,"rate_of_allotment":15620,"lease_deed":"Y","village_name":"Dhanauri","khasra_no":"51","longitude":77.60393787999999,"latitude":28.3531334,"authority":"YEIDA","category":"residential","execution_stage":"lease-recorded"}},{"type":"Feature","geometry":{"type":"Polygon","coordinates":[[[77.604078,28.353189],[77.603996,28.353197],[77.603983,28.353061],[77.604065,28.353053],[77.604078,28.353189]]]},"properties":{"objectid":3799,"uniqueplotid":"PLNGRESIDENTIAL3799","plotmap_id":"SECTOR-17_714_C_RESI","plotidentificationnumber":"714","plotno":"714","industrysector":"SECTOR-17","block":"C","plotsize":"120 SQMT","plotsize_at_the_time_of_allotme":"120 SQMT","landuse_type":"RESIDENTIAL","landuse_subcategory":"RESIDENTIAL","scheme_cod":"RPS03","investment":0,"employment":0,"plotstatus":"Allotted","landallotementstatus":"SOLD","landallotementtype":"ALLOTTED","allotmentid":"RPS031297","allotment_date":1464114600000,"rate_of_allotment":15620,"lease_deed":"N","village_name":"Dhanauri","khasra_no":"51","longitude":77.60403035,"latitude":28.35312485,"authority":"YEIDA","category":"residential","execution_stage":"allotted"}},{"type":"Feature","geometry":{"type":"Polygon","coordinates":[[[77.60416,28.353181],[77.604078,28.353189],[77.604065,28.353053],[77.604147,28.353046],[77.60416,28.353181]]]},"properties":{"objectid":3800,"uniqueplotid":"PLNGRESIDENTIAL3800","plotmap_id":"SECTOR-17_715_C_RESI","plotidentificationnumber":"715","plotno":"715","industrysector":"SECTOR-17","block":"C","plotsize":"120 SQMT","plotsize_at_the_time_of_allotme":"120 SQMT","landuse_type":"RESIDENTIAL","landuse_subcategory":"RESIDENTIAL","scheme_cod":"RPS03","investment":0,"employment":0,"plotstatus":"Allotted","landallotementstatus":"SOLD","landallotementtype":"ALLOTTED","allotmentid":"RPS031423","allotment_date":1464114600000,"rate_of_allotment":15620,"lease_deed":"Y","village_name":"Dhanauri","khasra_no":"51","longitude":77.60411254,"latitude":28.35311725,"authority":"YEIDA","category":"residential","execution_stage":"lease-recorded"}},{"type":"Feature","geometry":{"type":"Polygon","coordinates":[[[77.604242,28.353174],[77.60416,28.353181],[77.604147,28.353046],[77.604229,28.353038],[77.604242,28.353174]]]},"properties":{"objectid":3801,"uniqueplotid":"PLNGRESIDENTIAL3801","plotmap_id":"SECTOR-17_716_C_RESI","plotidentificationnumber":"716","plotno":"716","industrysector":"SECTOR-17","block":"C","plotsize":"120 SQMT","plotsize_at_the_time_of_allotme":"120 SQMT","landuse_type":"RESIDENTIAL","landuse_subcategory":"RESIDENTIAL","scheme_cod":"RPS03","investment":0,"employment":0,"plotstatus":"Allotted","landallotementstatus":"SOLD","landallotementtype":"ALLOTTED","allotmentid":"RPS031160","allotment_date":1464114600000,"rate_of_allotment":15620,"lease_deed":"N","village_name":"Dhanauri","khasra_no":"51","longitude":77.60419474,"latitude":28.35310964,"authority":"YEIDA","category":"residential","execution_stage":"allotted"}},{"type":"Feature","geometry":{"type":"Polygon","coordinates":[[[77.604325,28.353166],[77.604242,28.353174],[77.604229,28.353038],[77.604312,28.35303],[77.604325,28.353166]]]},"properties":{"objectid":3802,"uniqueplotid":"PLNGRESIDENTIAL3802","plotmap_id":"SECTOR-17_717_C_RESI","plotidentificationnumber":"717","plotno":"717","industrysector":"SECTOR-17","block":"C","plotsize":"120 SQMT","plotsize_at_the_time_of_allotme":"120 SQMT","landuse_type":"RESIDENTIAL","landuse_subcategory":"RESIDENTIAL","scheme_cod":"RPS03","investment":0,"employment":0,"plotstatus":"Allotted","landallotementstatus":"SOLD","landallotementtype":"ALLOTTED","allotmentid":"RPS031010","allotment_date":1464114600000,"rate_of_allotment":15620,"lease_deed":"Y","village_name":"Dhanauri","khasra_no":"51","longitude":77.60427693000001,"latitude":28.35310204,"authority":"YEIDA","category":"residential","execution_stage":"lease-recorded"}},{"type":"Feature","geometry":{"type":"Polygon","coordinates":[[[77.604407,28.353159],[77.604325,28.353166],[77.604312,28.35303],[77.604394,28.353023],[77.604407,28.353159]]]},"properties":{"objectid":3803,"uniqueplotid":"PLNGRESIDENTIAL3803","plotmap_id":"SECTOR-17_718_C_RESI","plotidentificationnumber":"718","plotno":"718","industrysector":"SECTOR-17","block":"C","plotsize":"120 SQMT","plotsize_at_the_time_of_allotme":"120 SQMT","landuse_type":"RESIDENTIAL","landuse_subcategory":"RESIDENTIAL","scheme_cod":"RPS03","investment":0,"employment":0,"plotstatus":"Allotted","landallotementstatus":"SOLD","landallotementtype":"ALLOTTED","allotmentid":"RPS031601","allotment_date":1464114600000,"rate_of_allotment":15620,"lease_deed":"Y","village_name":"Dhanauri","khasra_no":"51","longitude":77.60435912,"latitude":28.353094440000003,"authority":"YEIDA","category":"residential","execution_stage":"lease-recorded"}},{"type":"Feature","geometry":{"type":"Polygon","coordinates":[[[77.604489,28.353151],[77.604407,28.353159],[77.604394,28.353023],[77.604476,28.353015],[77.604489,28.353151]]]},"properties":{"objectid":3804,"uniqueplotid":"PLNGRESIDENTIAL3804","plotmap_id":"SECTOR-17_719_C_RESI","plotidentificationnumber":"719","plotno":"719","industrysector":"SECTOR-17","block":"C","plotsize":"120 SQMT","plotsize_at_the_time_of_allotme":"120 SQMT","landuse_type":"RESIDENTIAL","landuse_subcategory":"RESIDENTIAL","scheme_cod":"RPS03","investment":0,"employment":0,"plotstatus":"Allotted","landallotementstatus":"SOLD","landallotementtype":"ALLOTTED","allotmentid":"RPS031827","allotment_date":1464114600000,"rate_of_allotment":15620,"lease_deed":"N","village_name":"Dhanauri","khasra_no":"50,51","longitude":77.60444131999999,"latitude":28.353086840000003,"authority":"YEIDA","category":"residential","execution_stage":"allotted"}},{"type":"Feature","geometry":{"type":"Polygon","coordinates":[[[77.604571,28.353143],[77.604489,28.353151],[77.604476,28.353015],[77.604558,28.353008],[77.604571,28.353143]]]},"properties":{"objectid":3805,"uniqueplotid":"PLNGRESIDENTIAL3805","plotmap_id":"SECTOR-17_720_C_RESI","plotidentificationnumber":"720","plotno":"720","industrysector":"SECTOR-17","block":"C","plotsize":"120 SQMT","plotsize_at_the_time_of_allotme":"120 SQMT","landuse_type":"RESIDENTIAL","landuse_subcategory":"RESIDENTIAL","scheme_cod":"RPS03","investment":0,"employment":0,"plotstatus":"Allotted","landallotementstatus":"SOLD","landallotementtype":"ALLOTTED","allotmentid":"RPS031308","allotment_date":1464114600000,"rate_of_allotment":15620,"lease_deed":"N","village_name":"Dhanauri","khasra_no":"50,51","longitude":77.60452351,"latitude":28.353079230000002,"authority":"YEIDA","category":"residential","execution_stage":"allotted"}},{"type":"Feature","geometry":{"type":"Polygon","coordinates":[[[77.604653,28.353136],[77.604571,28.353143],[77.604558,28.353008],[77.60464,28.353],[77.604653,28.353136]]]},"properties":{"objectid":3806,"uniqueplotid":"PLNGRESIDENTIAL3806","plotmap_id":"SECTOR-17_721_C_RESI","plotidentificationnumber":"721","plotno":"721","industrysector":"SECTOR-17","block":"C","plotsize":"120 SQMT","plotsize_at_the_time_of_allotme":"120 SQMT","landuse_type":"RESIDENTIAL","landuse_subcategory":"RESIDENTIAL","scheme_cod":"RPS03","investment":0,"employment":0,"plotstatus":"Allotted","landallotementstatus":"SOLD","landallotementtype":"ALLOTTED","allotmentid":"RPS031835","allotment_date":1464114600000,"rate_of_allotment":15620,"lease_deed":"N","village_name":"Dhanauri","khasra_no":"53,42,50,51","longitude":77.60460571,"latitude":28.353071630000002,"authority":"YEIDA","category":"residential","execution_stage":"allotted"}},{"type":"Feature","geometry":{"type":"Polygon","coordinates":[[[77.604735,28.353128],[77.604653,28.353136],[77.60464,28.353],[77.604723,28.352992],[77.604735,28.353128]]]},"properties":{"objectid":3807,"uniqueplotid":"PLNGRESIDENTIAL3807","plotmap_id":"SECTOR-17_722_C_RESI","plotidentificationnumber":"722","plotno":"722","industrysector":"SECTOR-17","block":"C","plotsize":"120 SQMT","plotsize_at_the_time_of_allotme":"120 SQMT","landuse_type":"RESIDENTIAL","landuse_subcategory":"RESIDENTIAL","scheme_cod":"RPS03","investment":0,"employment":0,"plotstatus":"Allotted","landallotementstatus":"SOLD","landallotementtype":"ALLOTTED","allotmentid":"RPS031040","allotment_date":1464114600000,"rate_of_allotment":15620,"lease_deed":"N","village_name":"Dhanauri","khasra_no":"53,42,50","longitude":77.6046879,"latitude":28.353064030000002,"authority":"YEIDA","category":"residential","execution_stage":"allotted"}},{"type":"Feature","geometry":{"type":"Polygon","coordinates":[[[77.604818,28.353121],[77.604735,28.353128],[77.604723,28.352992],[77.604805,28.352985],[77.604818,28.353121]]]},"properties":{"objectid":3808,"uniqueplotid":"PLNGRESIDENTIAL3808","plotmap_id":"SECTOR-17_723_C_RESI","plotidentificationnumber":"723","plotno":"723","industrysector":"SECTOR-17","block":"C","plotsize":"120 SQMT","plotsize_at_the_time_of_allotme":"120 SQMT","landuse_type":"RESIDENTIAL","landuse_subcategory":"RESIDENTIAL","scheme_cod":"RPS03","investment":0,"employment":0,"plotstatus":"Allotted","landallotementstatus":"SOLD","landallotementtype":"ALLOTTED","allotmentid":"RPS031989","allotment_date":1464114600000,"rate_of_allotment":15620,"lease_deed":"N","village_name":"Dhanauri","khasra_no":"42","longitude":77.60477008999999,"latitude":28.35305642,"authority":"YEIDA","category":"residential","execution_stage":"allotted"}},{"type":"Feature","geometry":{"type":"Polygon","coordinates":[[[77.6049,28.353113],[77.604818,28.353121],[77.604805,28.352985],[77.604887,28.352977],[77.6049,28.353113]]]},"properties":{"objectid":3809,"uniqueplotid":"PLNGRESIDENTIAL3809","plotmap_id":"SECTOR-17_724_C_RESI","plotidentificationnumber":"724","plotno":"724","industrysector":"SECTOR-17","block":"C","plotsize":"120 SQMT","plotsize_at_the_time_of_allotme":"120 SQMT","landuse_type":"RESIDENTIAL","landuse_subcategory":"RESIDENTIAL","scheme_cod":"RPS03","investment":0,"employment":0,"plotstatus":"Allotted","landallotementstatus":"SOLD","landallotementtype":"ALLOTTED","allotmentid":"RPS031229","allotment_date":1464114600000,"rate_of_allotment":15620,"lease_deed":"N","village_name":"Dhanauri","khasra_no":"42","longitude":77.60485229,"latitude":28.35304882,"authority":"YEIDA","category":"residential","execution_stage":"allotted"}},{"type":"Feature","geometry":{"type":"Polygon","coordinates":[[[77.604982,28.353105],[77.6049,28.353113],[77.604887,28.352977],[77.604969,28.35297],[77.604982,28.353105]]]},"properties":{"objectid":3810,"uniqueplotid":"PLNGRESIDENTIAL3810","plotmap_id":"SECTOR-17_725_C_RESI","plotidentificationnumber":"725","plotno":"725","industrysector":"SECTOR-17","block":"C","plotsize":"120 SQMT","plotsize_at_the_time_of_allotme":"120 SQMT","landuse_type":"RESIDENTIAL","landuse_subcategory":"RESIDENTIAL","scheme_cod":"RPS03","investment":0,"employment":0,"plotstatus":"Allotted","landallotementstatus":"SOLD","landallotementtype":"ALLOTTED","allotmentid":"RPS031251","allotment_date":1464114600000,"rate_of_allotment":15620,"lease_deed":"N","village_name":"Dhanauri","khasra_no":"42","longitude":77.60493448,"latitude":28.35304122,"authority":"YEIDA","category":"residential","execution_stage":"allotted"}},{"type":"Feature","geometry":{"type":"Polygon","coordinates":[[[77.605348,28.352925],[77.605355,28.352998],[77.605201,28.353012],[77.605194,28.35294],[77.605348,28.352925]]]},"properties":{"objectid":3811,"uniqueplotid":"PLNGRESIDENTIAL3811","plotmap_id":"SECTOR-17_728_C_RESI","plotidentificationnumber":"728","plotno":"728","industrysector":"SECTOR-17","block":"C","plotsize":"120 SQMT","plotsize_at_the_time_of_allotme":"120 SQMT","landuse_type":"RESIDENTIAL","landuse_subcategory":"RESIDENTIAL","scheme_cod":"RPS03","investment":0,"employment":0,"plotstatus":"Allotted","landallotementstatus":"SOLD","landallotementtype":"ALLOTTED","allotmentid":"RPS031730","allotment_date":1464114600000,"rate_of_allotment":15620,"lease_deed":"Y","village_name":"Dhanauri","khasra_no":"42","longitude":77.60527478,"latitude":28.352968649999998,"authority":"YEIDA","category":"residential","execution_stage":"lease-recorded"}},{"type":"Feature","geometry":{"type":"Polygon","coordinates":[[[77.605502,28.352911],[77.605509,28.352983],[77.605355,28.352998],[77.605348,28.352925],[77.605502,28.352911]]]},"properties":{"objectid":3812,"uniqueplotid":"PLNGRESIDENTIAL3812","plotmap_id":"SECTOR-17_775_C_RESI","plotidentificationnumber":"775","plotno":"775","industrysector":"SECTOR-17","block":"C","plotsize":"120 SQMT","plotsize_at_the_time_of_allotme":"120 SQMT","landuse_type":"RESIDENTIAL","landuse_subcategory":"RESIDENTIAL","scheme_cod":"RPS03","investment":0,"employment":0,"plotstatus":"Allotted","landallotementstatus":"SOLD","landallotementtype":"ALLOTTED","allotmentid":"RPS031242","allotment_date":1464114600000,"rate_of_allotment":15620,"lease_deed":"N","village_name":"Dhanauri","khasra_no":"42","longitude":77.60542889,"latitude":28.352954389999997,"authority":"YEIDA","category":"residential","execution_stage":"allotted"}},{"type":"Feature","geometry":{"type":"Polygon","coordinates":[[[77.605516,28.353056],[77.605362,28.35307],[77.605355,28.352998],[77.605509,28.352983],[77.605516,28.353056]]]},"properties":{"objectid":3813,"uniqueplotid":"PLNGRESIDENTIAL3813","plotmap_id":"SECTOR-17_776_C_RESI","plotidentificationnumber":"776","plotno":"776","industrysector":"SECTOR-17","block":"C","plotsize":"120 SQMT","plotsize_at_the_time_of_allotme":"120 SQMT","landuse_type":"RESIDENTIAL","landuse_subcategory":"RESIDENTIAL","scheme_cod":"RPS03","investment":0,"employment":0,"plotstatus":"Allotted","landallotementstatus":"SOLD","landallotementtype":"ALLOTTED","allotmentid":"RPS031522","allotment_date":1464114600000,"rate_of_allotment":15620,"lease_deed":"Y","village_name":"Dhanauri","khasra_no":"42","longitude":77.60543580000001,"latitude":28.353026800000002,"authority":"YEIDA","category":"residential","execution_stage":"lease-recorded"}},{"type":"Feature","geometry":{"type":"Polygon","coordinates":[[[77.605855,28.353024],[77.605701,28.353038],[77.605694,28.352966],[77.605848,28.352952],[77.605855,28.353024]]]},"properties":{"objectid":3814,"uniqueplotid":"PLNGRESIDENTIAL3814","plotmap_id":"SECTOR-17_781_C_RESI","plotidentificationnumber":"781","plotno":"781","industrysector":"SECTOR-17","block":"C","plotsize":"120 SQMT","plotsize_at_the_time_of_allotme":"120 SQMT","landuse_type":"RESIDENTIAL","landuse_subcategory":"RESIDENTIAL","scheme_cod":"RPS03","investment":0,"employment":0,"plotstatus":"Allotted","landallotementstatus":"SOLD","landallotementtype":"ALLOTTED","allotmentid":"RPS031292","allotment_date":1464114600000,"rate_of_allotment":15620,"lease_deed":"N","village_name":"Dhanauri","khasra_no":"24,42","longitude":77.60577485,"latitude":28.352995309999997,"authority":"YEIDA","category":"residential","execution_stage":"allotted"}},{"type":"Feature","geometry":{"type":"Polygon","coordinates":[[[77.605862,28.353097],[77.605708,28.353111],[77.605701,28.353038],[77.605855,28.353024],[77.605862,28.353097]]]},"properties":{"objectid":3815,"uniqueplotid":"PLNGRESIDENTIAL3815","plotmap_id":"SECTOR-17_782_C_RESI","plotidentificationnumber":"782","plotno":"782","industrysector":"SECTOR-17","block":"C","plotsize":"120 SQMT","plotsize_at_the_time_of_allotme":"120 SQMT","landuse_type":"RESIDENTIAL","landuse_subcategory":"RESIDENTIAL","scheme_cod":"RPS03","investment":0,"employment":0,"plotstatus":"Allotted","landallotementstatus":"SOLD","landallotementtype":"ALLOTTED","allotmentid":"RPS032144","allotment_date":1464114600000,"rate_of_allotment":15620,"lease_deed":"Y","village_name":"Dhanauri","khasra_no":"42","longitude":77.60578173,"latitude":28.35306775,"authority":"YEIDA","category":"residential","execution_stage":"lease-recorded"}},{"type":"Feature","geometry":{"type":"Polygon","coordinates":[[[77.605869,28.353169],[77.605715,28.353184],[77.605708,28.353111],[77.605862,28.353097],[77.605869,28.353169]]]},"properties":{"objectid":3816,"uniqueplotid":"PLNGRESIDENTIAL3816","plotmap_id":"SECTOR-17_783_C_RESI","plotidentificationnumber":"783","plotno":"783","industrysector":"SECTOR-17","block":"C","plotsize":"120 SQMT","plotsize_at_the_time_of_allotme":"120 SQMT","landuse_type":"RESIDENTIAL","landuse_subcategory":"RESIDENTIAL","scheme_cod":"RPS03","investment":0,"employment":0,"plotstatus":"Allotted","landallotementstatus":"SOLD","landallotementtype":"ALLOTTED","allotmentid":"RPS031381","allotment_date":1464114600000,"rate_of_allotment":15620,"lease_deed":"Y","village_name":"Dhanauri","khasra_no":"42","longitude":77.60578867,"latitude":28.353140250000003,"authority":"YEIDA","category":"residential","execution_stage":"lease-recorded"}},{"type":"Feature","geometry":{"type":"Polygon","coordinates":[[[77.605876,28.353242],[77.605722,28.353256],[77.605715,28.353184],[77.605869,28.353169],[77.605876,28.353242]]]},"properties":{"objectid":3817,"uniqueplotid":"PLNGRESIDENTIAL3817","plotmap_id":"SECTOR-17_784_C_RESI","plotidentificationnumber":"784","plotno":"784","industrysector":"SECTOR-17","block":"C","plotsize":"120 SQMT","plotsize_at_the_time_of_allotme":"120 SQMT","landuse_type":"RESIDENTIAL","landuse_subcategory":"RESIDENTIAL","scheme_cod":"RPS03","investment":0,"employment":0,"plotstatus":"Allotted","landallotementstatus":"SOLD","landallotementtype":"ALLOTTED","allotmentid":"RPS031146","allotment_date":1464114600000,"rate_of_allotment":15620,"lease_deed":"Y","village_name":"Dhanauri","khasra_no":"42","longitude":77.60579558,"latitude":28.35321266,"authority":"YEIDA","category":"residential","execution_stage":"lease-recorded"}},{"type":"Feature","geometry":{"type":"Polygon","coordinates":[[[77.605883,28.353314],[77.605729,28.353328],[77.605722,28.353256],[77.605876,28.353242],[77.605883,28.353314]]]},"properties":{"objectid":3818,"uniqueplotid":"PLNGRESIDENTIAL3818","plotmap_id":"SECTOR-17_785_C_RESI","plotidentificationnumber":"785","plotno":"785","industrysector":"SECTOR-17","block":"C","plotsize":"120 SQMT","plotsize_at_the_time_of_allotme":"120 SQMT","landuse_type":"RESIDENTIAL","landuse_subcategory":"RESIDENTIAL","scheme_cod":"RPS03","investment":0,"employment":0,"plotstatus":"Allotted","landallotementstatus":"SOLD","landallotementtype":"ALLOTTED","allotmentid":"RPS031876","allotment_date":1464114600000,"rate_of_allotment":15620,"lease_deed":"Y","village_name":"Dhanauri","khasra_no":"42","longitude":77.60580249,"latitude":28.35328506,"authority":"YEIDA","category":"residential","execution_stage":"lease-recorded"}},{"type":"Feature","geometry":{"type":"Polygon","coordinates":[[[77.60589,28.353387],[77.605736,28.353401],[77.605729,28.353328],[77.605883,28.353314],[77.60589,28.353387]]]},"properties":{"objectid":3819,"uniqueplotid":"PLNGRESIDENTIAL3819","plotmap_id":"SECTOR-17_786_C_RESI","plotidentificationnumber":"786","plotno":"786","industrysector":"SECTOR-17","block":"C","plotsize":"120 SQMT","plotsize_at_the_time_of_allotme":"120 SQMT","landuse_type":"RESIDENTIAL","landuse_subcategory":"RESIDENTIAL","scheme_cod":"RPS03","investment":0,"employment":0,"plotstatus":"Allotted","landallotementstatus":"SOLD","landallotementtype":"ALLOTTED","allotmentid":"RPS032024","allotment_date":1464114600000,"rate_of_allotment":15620,"lease_deed":"Y","village_name":"Dhanauri","khasra_no":"42","longitude":77.6058094,"latitude":28.353357470000002,"authority":"YEIDA","category":"residential","execution_stage":"lease-recorded"}},{"type":"Feature","geometry":{"type":"Polygon","coordinates":[[[77.606051,28.353445],[77.605897,28.353459],[77.60589,28.353387],[77.606044,28.353372],[77.606051,28.353445]]]},"properties":{"objectid":3831,"uniqueplotid":"PLNGRESIDENTIAL3831","plotmap_id":"SECTOR-17_798_C_RESI","plotidentificationnumber":"798","plotno":"798","industrysector":"SECTOR-17","block":"C","plotsize":"120 SQMT","plotsize_at_the_time_of_allotme":"120 SQMT","landuse_type":"RESIDENTIAL","landuse_subcategory":"RESIDENTIAL","scheme_cod":"RPS03","investment":0,"employment":0,"plotstatus":"Allotted","landallotementstatus":"SOLD","landallotementtype":"ALLOTTED","allotmentid":"RPS031850","allotment_date":1464114600000,"rate_of_allotment":15620,"lease_deed":"Y","village_name":"Dhanauri","khasra_no":"42","longitude":77.60597042,"latitude":28.35341561,"authority":"YEIDA","category":"residential","execution_stage":"lease-recorded"}},{"type":"Feature","geometry":{"type":"Polygon","coordinates":[[[77.606044,28.353372],[77.60589,28.353387],[77.605883,28.353314],[77.606037,28.3533],[77.606044,28.353372]]]},"properties":{"objectid":3832,"uniqueplotid":"PLNGRESIDENTIAL3832","plotmap_id":"SECTOR-17_799_C_RESI","plotidentificationnumber":"799","plotno":"799","industrysector":"SECTOR-17","block":"C","plotsize":"120 SQMT","plotsize_at_the_time_of_allotme":"120 SQMT","landuse_type":"RESIDENTIAL","landuse_subcategory":"RESIDENTIAL","scheme_cod":"RPS03","investment":0,"employment":0,"plotstatus":"Allotted","landallotementstatus":"SOLD","landallotementtype":"ALLOTTED","allotmentid":"RPS031886","allotment_date":1464114600000,"rate_of_allotment":15620,"lease_deed":"Y","village_name":"Dhanauri","khasra_no":"42","longitude":77.60596351000001,"latitude":28.353343210000002,"authority":"YEIDA","category":"residential","execution_stage":"lease-recorded"}},{"type":"Feature","geometry":{"type":"Polygon","coordinates":[[[77.606037,28.3533],[77.605883,28.353314],[77.605876,28.353242],[77.60603,28.353227],[77.606037,28.3533]]]},"properties":{"objectid":3833,"uniqueplotid":"PLNGRESIDENTIAL3833","plotmap_id":"SECTOR-17_800_C_RESI","plotidentificationnumber":"800","plotno":"800","industrysector":"SECTOR-17","block":"C","plotsize":"120 SQMT","plotsize_at_the_time_of_allotme":"120 SQMT","landuse_type":"RESIDENTIAL","landuse_subcategory":"RESIDENTIAL","scheme_cod":"RPS03","investment":0,"employment":0,"plotstatus":"Allotted","landallotementstatus":"SOLD","landallotementtype":"ALLOTTED","allotmentid":"RPS032159","allotment_date":1464114600000,"rate_of_allotment":15620,"lease_deed":"Y","village_name":"Dhanauri","khasra_no":"42","longitude":77.6059566,"latitude":28.3532708,"authority":"YEIDA","category":"residential","execution_stage":"lease-recorded"}},{"type":"Feature","geometry":{"type":"Polygon","coordinates":[[[77.60603,28.353227],[77.605876,28.353242],[77.605869,28.353169],[77.606023,28.353155],[77.60603,28.353227]]]},"properties":{"objectid":3834,"uniqueplotid":"PLNGRESIDENTIAL3834","plotmap_id":"SECTOR-17_801_C_RESI","plotidentificationnumber":"801","plotno":"801","industrysector":"SECTOR-17","block":"C","plotsize":"120 SQMT","plotsize_at_the_time_of_allotme":"120 SQMT","landuse_type":"RESIDENTIAL","landuse_subcategory":"RESIDENTIAL","scheme_cod":"RPS03","investment":0,"employment":0,"plotstatus":"Allotted","landallotementstatus":"SOLD","landallotementtype":"ALLOTTED","allotmentid":"RPS031610","allotment_date":1464114600000,"rate_of_allotment":15620,"lease_deed":"N","village_name":"Dhanauri","khasra_no":"24,42","longitude":77.60594969,"latitude":28.3531984,"authority":"YEIDA","category":"residential","execution_stage":"allotted"}},{"type":"Feature","geometry":{"type":"Polygon","coordinates":[[[77.606023,28.353155],[77.605869,28.353169],[77.605862,28.353097],[77.606016,28.353083],[77.606023,28.353155]]]},"properties":{"objectid":3835,"uniqueplotid":"PLNGRESIDENTIAL3835","plotmap_id":"SECTOR-17_802_C_RESI","plotidentificationnumber":"802","plotno":"802","industrysector":"SECTOR-17","block":"C","plotsize":"120 SQMT","plotsize_at_the_time_of_allotme":"120 SQMT","landuse_type":"RESIDENTIAL","landuse_subcategory":"RESIDENTIAL","scheme_cod":"RPS03","investment":0,"employment":0,"plotstatus":"Allotted","landallotementstatus":"SOLD","landallotementtype":"ALLOTTED","allotmentid":"RPS031828","allotment_date":1464114600000,"rate_of_allotment":15620,"lease_deed":"N","village_name":"Dhanauri","khasra_no":"24,42","longitude":77.60594278,"latitude":28.353125990000002,"authority":"YEIDA","category":"residential","execution_stage":"allotted"}},{"type":"Feature","geometry":{"type":"Polygon","coordinates":[[[77.606016,28.353083],[77.605862,28.353097],[77.605855,28.353024],[77.606009,28.35301],[77.606016,28.353083]]]},"properties":{"objectid":3836,"uniqueplotid":"PLNGRESIDENTIAL3836","plotmap_id":"SECTOR-17_803_C_RESI","plotidentificationnumber":"803","plotno":"803","industrysector":"SECTOR-17","block":"C","plotsize":"120 SQMT","plotsize_at_the_time_of_allotme":"120 SQMT","landuse_type":"RESIDENTIAL","landuse_subcategory":"RESIDENTIAL","scheme_cod":"RPS03","investment":0,"employment":0,"plotstatus":"Allotted","landallotementstatus":"SOLD","landallotementtype":"ALLOTTED","allotmentid":"RPS031803","allotment_date":1464114600000,"rate_of_allotment":15620,"lease_deed":"N","village_name":"Dhanauri","khasra_no":"24,42","longitude":77.60593585000001,"latitude":28.35305357,"authority":"YEIDA","category":"residential","execution_stage":"allotted"}},{"type":"Feature","geometry":{"type":"Polygon","coordinates":[[[77.606009,28.35301],[77.605855,28.353024],[77.605848,28.352952],[77.606003,28.352938],[77.606009,28.35301]]]},"properties":{"objectid":3837,"uniqueplotid":"PLNGRESIDENTIAL3837","plotmap_id":"SECTOR-17_804_C_RESI","plotidentificationnumber":"804","plotno":"804","industrysector":"SECTOR-17","block":"C","plotsize":"120 SQMT","plotsize_at_the_time_of_allotme":"120 SQMT","landuse_type":"RESIDENTIAL","landuse_subcategory":"RESIDENTIAL","scheme_cod":"RPS03","investment":0,"employment":0,"plotstatus":"Allotted","landallotementstatus":"SOLD","landallotementtype":"ALLOTTED","allotmentid":"RPS031349","allotment_date":1464114600000,"rate_of_allotment":15620,"lease_deed":"Y","village_name":"Dhanauri","khasra_no":"24,42","longitude":77.60592897000001,"latitude":28.35298113,"authority":"YEIDA","category":"residential","execution_stage":"lease-recorded"}},{"type":"Feature","geometry":{"type":"Polygon","coordinates":[[[77.606289,28.353003],[77.606134,28.353017],[77.606128,28.352945],[77.606282,28.35293],[77.606289,28.353003]]]},"properties":{"objectid":3838,"uniqueplotid":"PLNGRESIDENTIAL3838","plotmap_id":"SECTOR-17_812_C_RESI","plotidentificationnumber":"812","plotno":"812","industrysector":"SECTOR-17","block":"C","plotsize":"120 SQMT","plotsize_at_the_time_of_allotme":"120 SQMT","landuse_type":"RESIDENTIAL","landuse_subcategory":"RESIDENTIAL","scheme_cod":"RPS03","investment":0,"employment":0,"plotstatus":"Allotted","landallotementstatus":"SOLD","landallotementtype":"ALLOTTED","allotmentid":"RPS031043","allotment_date":1464114600000,"rate_of_allotment":15620,"lease_deed":"N","village_name":"Dhanauri","khasra_no":"24","longitude":77.60620809,"latitude":28.352973619999997,"authority":"YEIDA","category":"residential","execution_stage":"allotted"}},{"type":"Feature","geometry":{"type":"Polygon","coordinates":[[[77.606296,28.353075],[77.606141,28.353089],[77.606134,28.353017],[77.606289,28.353003],[77.606296,28.353075]]]},"properties":{"objectid":3839,"uniqueplotid":"PLNGRESIDENTIAL3839","plotmap_id":"SECTOR-17_813_C_RESI","plotidentificationnumber":"813","plotno":"813","industrysector":"SECTOR-17","block":"C","plotsize":"120 SQMT","plotsize_at_the_time_of_allotme":"120 SQMT","landuse_type":"RESIDENTIAL","landuse_subcategory":"RESIDENTIAL","scheme_cod":"RPS03","investment":0,"employment":0,"plotstatus":"Allotted","landallotementstatus":"SOLD","landallotementtype":"ALLOTTED","allotmentid":"RPS031206","allotment_date":1464114600000,"rate_of_allotment":15620,"lease_deed":"N","village_name":"Dhanauri","khasra_no":"24","longitude":77.606215,"latitude":28.35304603,"authority":"YEIDA","category":"residential","execution_stage":"allotted"}},{"type":"Feature","geometry":{"type":"Polygon","coordinates":[[[77.606302,28.353148],[77.606148,28.353162],[77.606141,28.353089],[77.606296,28.353075],[77.606302,28.353148]]]},"properties":{"objectid":3840,"uniqueplotid":"PLNGRESIDENTIAL3840","plotmap_id":"SECTOR-17_814_C_RESI","plotidentificationnumber":"814","plotno":"814","industrysector":"SECTOR-17","block":"C","plotsize":"120 SQMT","plotsize_at_the_time_of_allotme":"120 SQMT","landuse_type":"RESIDENTIAL","landuse_subcategory":"RESIDENTIAL","scheme_cod":"RRPS03","investment":0,"employment":0,"plotstatus":"Allotted","landallotementstatus":"SOLD","landallotementtype":"ALLOTTED","allotmentid":"RRPS031139","allotment_date":1577644200000,"rate_of_allotment":16870,"lease_deed":"Y","village_name":"Dhanauri","khasra_no":"24","longitude":77.60622191,"latitude":28.353118440000003,"authority":"YEIDA","category":"residential","execution_stage":"lease-recorded"}},{"type":"Feature","geometry":{"type":"Polygon","coordinates":[[[77.606309,28.35322],[77.606155,28.353234],[77.606148,28.353162],[77.606302,28.353148],[77.606309,28.35322]]]},"properties":{"objectid":3841,"uniqueplotid":"PLNGRESIDENTIAL3841","plotmap_id":"SECTOR-17_815_C_RESI","plotidentificationnumber":"815","plotno":"815","industrysector":"SECTOR-17","block":"C","plotsize":"120 SQMT","plotsize_at_the_time_of_allotme":"120 SQMT","landuse_type":"RESIDENTIAL","landuse_subcategory":"RESIDENTIAL","scheme_cod":"RPS03","investment":0,"employment":0,"plotstatus":"Allotted","landallotementstatus":"SOLD","landallotementtype":"ALLOTTED","allotmentid":"RPS031967","allotment_date":1464114600000,"rate_of_allotment":15620,"lease_deed":"Y","village_name":"Dhanauri","khasra_no":"24","longitude":77.60622882,"latitude":28.35319084,"authority":"YEIDA","category":"residential","execution_stage":"lease-recorded"}},{"type":"Feature","geometry":{"type":"Polygon","coordinates":[[[77.606316,28.353292],[77.606162,28.353307],[77.606155,28.353234],[77.606309,28.35322],[77.606316,28.353292]]]},"properties":{"objectid":3842,"uniqueplotid":"PLNGRESIDENTIAL3842","plotmap_id":"SECTOR-17_816_C_RESI","plotidentificationnumber":"816","plotno":"816","industrysector":"SECTOR-17","block":"C","plotsize":"120 SQMT","plotsize_at_the_time_of_allotme":"120 SQMT","landuse_type":"RESIDENTIAL","landuse_subcategory":"RESIDENTIAL","scheme_cod":"RPS03","investment":0,"employment":0,"plotstatus":"Allotted","landallotementstatus":"SOLD","landallotementtype":"ALLOTTED","allotmentid":"RPS031372","allotment_date":1464114600000,"rate_of_allotment":15620,"lease_deed":"N","village_name":"Dhanauri","khasra_no":"24","longitude":77.60623573,"latitude":28.35326325,"authority":"YEIDA","category":"residential","execution_stage":"allotted"}},{"type":"Feature","geometry":{"type":"Polygon","coordinates":[[[77.606323,28.353365],[77.606169,28.353379],[77.606162,28.353307],[77.606316,28.353292],[77.606323,28.353365]]]},"properties":{"objectid":3843,"uniqueplotid":"PLNGRESIDENTIAL3843","plotmap_id":"SECTOR-17_817_C_RESI","plotidentificationnumber":"817","plotno":"817","industrysector":"SECTOR-17","block":"C","plotsize":"120 SQMT","plotsize_at_the_time_of_allotme":"120 SQMT","landuse_type":"RESIDENTIAL","landuse_subcategory":"RESIDENTIAL","scheme_cod":"RPS03","investment":0,"employment":0,"plotstatus":"Allotted","landallotementstatus":"SOLD","landallotementtype":"ALLOTTED","allotmentid":"RPS031213","allotment_date":1464114600000,"rate_of_allotment":15620,"lease_deed":"Y","village_name":"Dhanauri","khasra_no":"24,42","longitude":77.60624264,"latitude":28.353335650000002,"authority":"YEIDA","category":"residential","execution_stage":"lease-recorded"}},{"type":"Feature","geometry":{"type":"Polygon","coordinates":[[[77.60633,28.353437],[77.606176,28.353451],[77.606169,28.353379],[77.606323,28.353365],[77.60633,28.353437]]]},"properties":{"objectid":3844,"uniqueplotid":"PLNGRESIDENTIAL3844","plotmap_id":"SECTOR-17_818_C_RESI","plotidentificationnumber":"818","plotno":"818","industrysector":"SECTOR-17","block":"C","plotsize":"120 SQMT","plotsize_at_the_time_of_allotme":"120 SQMT","landuse_type":"RESIDENTIAL","landuse_subcategory":"RESIDENTIAL","scheme_cod":"RPS03","investment":0,"employment":0,"plotstatus":"Allotted","landallotementstatus":"SOLD","landallotementtype":"ALLOTTED","allotmentid":"RPS031578","allotment_date":1464114600000,"rate_of_allotment":15620,"lease_deed":"Y","village_name":"Dhanauri","khasra_no":"24,42","longitude":77.60624955,"latitude":28.35340806,"authority":"YEIDA","category":"residential","execution_stage":"lease-recorded"}},{"type":"Feature","geometry":{"type":"Polygon","coordinates":[[[77.606484,28.353423],[77.60633,28.353437],[77.606323,28.353365],[77.606477,28.35335],[77.606484,28.353423]]]},"properties":{"objectid":3855,"uniqueplotid":"PLNGRESIDENTIAL3855","plotmap_id":"SECTOR-17_829_C_RESI","plotidentificationnumber":"829","plotno":"829","industrysector":"SECTOR-17","block":"C","plotsize":"120 SQMT","plotsize_at_the_time_of_allotme":"120 SQMT","landuse_type":"RESIDENTIAL","landuse_subcategory":"RESIDENTIAL","scheme_cod":"RPS03","investment":0,"employment":0,"plotstatus":"Allotted","landallotementstatus":"SOLD","landallotementtype":"ALLOTTED","allotmentid":"RPS031664","allotment_date":1464114600000,"rate_of_allotment":15620,"lease_deed":"N","village_name":"Dhanauri","khasra_no":"24","longitude":77.60640366,"latitude":28.3533938,"authority":"YEIDA","category":"residential","execution_stage":"allotted"}},{"type":"Feature","geometry":{"type":"Polygon","coordinates":[[[77.606477,28.35335],[77.606323,28.353365],[77.606316,28.353292],[77.60647,28.353278],[77.606477,28.35335]]]},"properties":{"objectid":3856,"uniqueplotid":"PLNGRESIDENTIAL3856","plotmap_id":"SECTOR-17_830_C_RESI","plotidentificationnumber":"830","plotno":"830","industrysector":"SECTOR-17","block":"C","plotsize":"120 SQMT","plotsize_at_the_time_of_allotme":"120 SQMT","landuse_type":"RESIDENTIAL","landuse_subcategory":"RESIDENTIAL","scheme_cod":"RPS03","investment":0,"employment":0,"plotstatus":"Allotted","landallotementstatus":"SOLD","landallotementtype":"ALLOTTED","allotmentid":"RPS031293","allotment_date":1464114600000,"rate_of_allotment":15620,"lease_deed":"N","village_name":"Dhanauri","khasra_no":"24","longitude":77.60639675,"latitude":28.353321400000002,"authority":"YEIDA","category":"residential","execution_stage":"allotted"}},{"type":"Feature","geometry":{"type":"Polygon","coordinates":[[[77.60647,28.353278],[77.606316,28.353292],[77.606309,28.35322],[77.606463,28.353206],[77.60647,28.353278]]]},"properties":{"objectid":3857,"uniqueplotid":"PLNGRESIDENTIAL3857","plotmap_id":"SECTOR-17_831_C_RESI","plotidentificationnumber":"831","plotno":"831","industrysector":"SECTOR-17","block":"C","plotsize":"120 SQMT","plotsize_at_the_time_of_allotme":"120 SQMT","landuse_type":"RESIDENTIAL","landuse_subcategory":"RESIDENTIAL","scheme_cod":"RRPS03","investment":0,"employment":0,"plotstatus":"Allotted","landallotementstatus":"SOLD","landallotementtype":"ALLOTTED","allotmentid":"RRPS031265","allotment_date":1577644200000,"rate_of_allotment":16870,"lease_deed":"N","village_name":"Dhanauri","khasra_no":"24","longitude":77.60638984,"latitude":28.35324899,"authority":"YEIDA","category":"residential","execution_stage":"allotted"}},{"type":"Feature","geometry":{"type":"Polygon","coordinates":[[[77.606463,28.353206],[77.606309,28.35322],[77.606302,28.353148],[77.606457,28.353133],[77.606463,28.353206]]]},"properties":{"objectid":3858,"uniqueplotid":"PLNGRESIDENTIAL3858","plotmap_id":"SECTOR-17_832_C_RESI","plotidentificationnumber":"832","plotno":"832","industrysector":"SECTOR-17","block":"C","plotsize":"120 SQMT","plotsize_at_the_time_of_allotme":"120 SQMT","landuse_type":"RESIDENTIAL","landuse_subcategory":"RESIDENTIAL","scheme_cod":"RPS03","investment":0,"employment":0,"plotstatus":"Allotted","landallotementstatus":"SOLD","landallotementtype":"ALLOTTED","allotmentid":"RPS031765","allotment_date":1464114600000,"rate_of_allotment":15620,"lease_deed":"N","village_name":"Dhanauri","khasra_no":"24","longitude":77.60638293000001,"latitude":28.353176580000003,"authority":"YEIDA","category":"residential","execution_stage":"allotted"}},{"type":"Feature","geometry":{"type":"Polygon","coordinates":[[[77.606457,28.353133],[77.606302,28.353148],[77.606296,28.353075],[77.60645,28.353061],[77.606457,28.353133]]]},"properties":{"objectid":3859,"uniqueplotid":"PLNGRESIDENTIAL3859","plotmap_id":"SECTOR-17_833_C_RESI","plotidentificationnumber":"833","plotno":"833","industrysector":"SECTOR-17","block":"C","plotsize":"120 SQMT","plotsize_at_the_time_of_allotme":"120 SQMT","landuse_type":"RESIDENTIAL","landuse_subcategory":"RESIDENTIAL","scheme_cod":"RPS03","investment":0,"employment":0,"plotstatus":"Allotted","landallotementstatus":"SOLD","landallotementtype":"ALLOTTED","allotmentid":"RPS031873","allotment_date":1464114600000,"rate_of_allotment":15620,"lease_deed":"N","village_name":"Dhanauri","khasra_no":"24","longitude":77.60637602,"latitude":28.353104180000003,"authority":"YEIDA","category":"residential","execution_stage":"allotted"}},{"type":"Feature","geometry":{"type":"Polygon","coordinates":[[[77.60645,28.353061],[77.606296,28.353075],[77.606289,28.353003],[77.606443,28.352988],[77.60645,28.353061]]]},"properties":{"objectid":3860,"uniqueplotid":"PLNGRESIDENTIAL3860","plotmap_id":"SECTOR-17_834_C_RESI","plotidentificationnumber":"834","plotno":"834","industrysector":"SECTOR-17","block":"C","plotsize":"120 SQMT","plotsize_at_the_time_of_allotme":"120 SQMT","landuse_type":"RESIDENTIAL","landuse_subcategory":"RESIDENTIAL","scheme_cod":"RPS03","investment":0,"employment":0,"plotstatus":"Allotted","landallotementstatus":"SOLD","landallotementtype":"ALLOTTED","allotmentid":"RPS031802","allotment_date":1464114600000,"rate_of_allotment":15620,"lease_deed":"Y","village_name":"Dhanauri","khasra_no":"24","longitude":77.60636911,"latitude":28.35303177,"authority":"YEIDA","category":"residential","execution_stage":"lease-recorded"}},{"type":"Feature","geometry":{"type":"Polygon","coordinates":[[[77.606443,28.352988],[77.606289,28.353003],[77.606282,28.35293],[77.606436,28.352916],[77.606443,28.352988]]]},"properties":{"objectid":3861,"uniqueplotid":"PLNGRESIDENTIAL3861","plotmap_id":"SECTOR-17_835_C_RESI","plotidentificationnumber":"835","plotno":"835","industrysector":"SECTOR-17","block":"C","plotsize":"120 SQMT","plotsize_at_the_time_of_allotme":"120 SQMT","landuse_type":"RESIDENTIAL","landuse_subcategory":"RESIDENTIAL","scheme_cod":"RPS03","investment":0,"employment":0,"plotstatus":"Allotted","landallotementstatus":"SOLD","landallotementtype":"ALLOTTED","allotmentid":"RPS031818","allotment_date":1464114600000,"rate_of_allotment":15620,"lease_deed":"Y","village_name":"Dhanauri","khasra_no":"24","longitude":77.6063622,"latitude":28.352959369999997,"authority":"YEIDA","category":"residential","execution_stage":"lease-recorded"}},{"type":"Feature","geometry":{"type":"Polygon","coordinates":[[[77.605085,28.353096],[77.604982,28.353105],[77.604969,28.35297],[77.605072,28.35296],[77.605085,28.353096]]]},"properties":{"objectid":4013,"uniqueplotid":"PLNGRESIDENTIAL4013","plotmap_id":"SECTOR-17_726_C_RESI","plotidentificationnumber":"726","plotno":"726","industrysector":"SECTOR-17","block":"C","plotsize":"120 SQMT","plotsize_at_the_time_of_allotme":"120 SQMT","landuse_type":"RESIDENTIAL","landuse_subcategory":"RESIDENTIAL","scheme_cod":"RPS03","investment":0,"employment":0,"plotstatus":"Allotted","landallotementstatus":"SOLD","landallotementtype":"ALLOTTED","allotmentid":"RPS031508","allotment_date":1464114600000,"rate_of_allotment":15620,"lease_deed":"N","village_name":"Dhanauri","khasra_no":"42","longitude":77.60502695000001,"latitude":28.35303266,"authority":"YEIDA","category":"residential","execution_stage":"allotted"}},{"type":"Feature","geometry":{"type":"Polygon","coordinates":[[[77.605362,28.35307],[77.605208,28.353084],[77.605201,28.353012],[77.605355,28.352998],[77.605362,28.35307]]]},"properties":{"objectid":4014,"uniqueplotid":"PLNGRESIDENTIAL4014","plotmap_id":"SECTOR-17_727_C_RESI","plotidentificationnumber":"727","plotno":"727","industrysector":"SECTOR-17","block":"C","plotsize":"120 SQMT","plotsize_at_the_time_of_allotme":"120 SQMT","landuse_type":"RESIDENTIAL","landuse_subcategory":"RESIDENTIAL","scheme_cod":"RPS03","investment":0,"employment":0,"plotstatus":"Allotted","landallotementstatus":"SOLD","landallotementtype":"ALLOTTED","allotmentid":"RPS031868","allotment_date":1464114600000,"rate_of_allotment":15620,"lease_deed":"Y","village_name":"Dhanauri","khasra_no":"42","longitude":77.60528169,"latitude":28.353041060000002,"authority":"YEIDA","category":"residential","execution_stage":"lease-recorded"}},{"type":"Feature","geometry":{"type":"Polygon","coordinates":[[[77.60264,28.353322],[77.602557,28.35333],[77.602544,28.353194],[77.602627,28.353186],[77.60264,28.353322]]]},"properties":{"objectid":4019,"uniqueplotid":"PLNGRESIDENTIAL4019","plotmap_id":"SECTOR-17_424_C_RESI","plotidentificationnumber":"424","plotno":"424","industrysector":"SECTOR-17","block":"C","plotsize":"120 SQMT","plotsize_at_the_time_of_allotme":"120 SQMT","landuse_type":"RESIDENTIAL","landuse_subcategory":"RESIDENTIAL","scheme_cod":"RPS03","investment":0,"employment":0,"plotstatus":"Allotted","landallotementstatus":"SOLD","landallotementtype":"ALLOTTED","allotmentid":"RPS031627","allotment_date":1464114600000,"rate_of_allotment":15620,"lease_deed":"N","village_name":"Dhanauri","khasra_no":"64","longitude":77.60259196000001,"latitude":28.353257900000003,"authority":"YEIDA","category":"residential","execution_stage":"allotted"}},{"type":"Feature","geometry":{"type":"Polygon","coordinates":[[[77.609315,28.35292],[77.607362,28.3531],[77.60662,28.351957],[77.609201,28.351718],[77.609315,28.35292]]]},"properties":{"objectid":4022,"uniqueplotid":"PLNGRESIDENTIAL4022","plotmap_id":"SECTOR-17_G.H-7D_FUTURE USE_RESI","plotidentificationnumber":"G.H-7D","plotno":"G.H-7D","industrysector":"SECTOR-17","block":"FUTURE USE","plotsize":"7.0 ACRE APPROX","landuse_type":"RESIDENTIAL","landuse_subcategory":"RESIDENTIAL","investment":0,"employment":0,"landallotementstatus":"VACANT","landallotementtype":"VACANT","village_name":"Dhanauri","khasra_no":"755,756,660,663,661,668,662,664,665,667,666,669,675,658,657,659,754,674,655,670,681,676,682,685,677,683","longitude":77.60804111,"latitude":28.3524028,"authority":"YEIDA","category":"residential","execution_stage":"vacant"}},{"type":"Feature","geometry":{"type":"Polygon","coordinates":[[[77.604416,28.351085],[77.604334,28.351093],[77.604321,28.350957],[77.604401,28.350949],[77.604416,28.351085]]]},"properties":{"objectid":4380,"uniqueplotid":"PLNGRESIDENTIAL4380","plotmap_id":"SECTOR-17_547_C_RESI","plotidentificationnumber":"547","plotno":"547","industrysector":"SECTOR-17","block":"C","plotsize":"120 SQMT","plotsize_at_the_time_of_allotme":"120 SQMT","landuse_type":"RESIDENTIAL","landuse_subcategory":"RESIDENTIAL","scheme_cod":"RPS03","investment":0,"employment":0,"plotstatus":"Allotted","landallotementstatus":"SOLD","landallotementtype":"ALLOTTED","allotmentid":"RPS032008","allotment_date":1464114600000,"rate_of_allotment":15620,"lease_deed":"Y","village_name":"Dhanauri","khasra_no":"229,38,37","longitude":77.60436836,"latitude":28.35102112,"authority":"YEIDA","category":"residential","execution_stage":"lease-recorded"}},{"type":"Feature","geometry":{"type":"Polygon","coordinates":[[[77.604416,28.351085],[77.604498,28.351077],[77.604511,28.351213],[77.604431,28.351221],[77.604416,28.351085]]]},"properties":{"objectid":4381,"uniqueplotid":"PLNGRESIDENTIAL4381","plotmap_id":"SECTOR-17_569_C_RESI","plotidentificationnumber":"569","plotno":"569","industrysector":"SECTOR-17","block":"C","plotsize":"120 SQMT","plotsize_at_the_time_of_allotme":"120 SQMT","landuse_type":"RESIDENTIAL","landuse_subcategory":"RESIDENTIAL","scheme_cod":"RPS03","investment":0,"employment":0,"plotstatus":"Allotted","landallotementstatus":"SOLD","landallotementtype":"ALLOTTED","allotmentid":"RPS031731","allotment_date":1464114600000,"rate_of_allotment":15620,"lease_deed":"Y","village_name":"Dhanauri","khasra_no":"38,37","longitude":77.60446397999999,"latitude":28.35114886,"authority":"YEIDA","category":"residential","execution_stage":"lease-recorded"}},{"type":"Feature","geometry":{"type":"Polygon","coordinates":[[[77.605502,28.352911],[77.605348,28.352925],[77.605341,28.352853],[77.605496,28.352839],[77.605502,28.352911]]]},"properties":{"objectid":4384,"uniqueplotid":"PLNGRESIDENTIAL4384","plotmap_id":"SECTOR-17_774_C_RESI","plotidentificationnumber":"774","plotno":"774","industrysector":"SECTOR-17","block":"C","plotsize":"120 SQMT","plotsize_at_the_time_of_allotme":"120 SQMT","landuse_type":"RESIDENTIAL","landuse_subcategory":"RESIDENTIAL","scheme_cod":"RPS03","investment":0,"employment":0,"plotstatus":"Allotted","landallotementstatus":"SOLD","landallotementtype":"ALLOTTED","allotmentid":"RPS031356","allotment_date":1464114600000,"rate_of_allotment":15620,"lease_deed":"Y","village_name":"Dhanauri","khasra_no":"42","longitude":77.60542198,"latitude":28.35288199,"authority":"YEIDA","category":"residential","execution_stage":"lease-recorded"}},{"type":"Feature","geometry":{"type":"Polygon","coordinates":[[[77.605348,28.352925],[77.605194,28.35294],[77.605187,28.352867],[77.605341,28.352853],[77.605348,28.352925]]]},"properties":{"objectid":4385,"uniqueplotid":"PLNGRESIDENTIAL4385","plotmap_id":"SECTOR-17_729_C_RESI","plotidentificationnumber":"729","plotno":"729","industrysector":"SECTOR-17","block":"C","plotsize":"120 SQMT","plotsize_at_the_time_of_allotme":"120 SQMT","landuse_type":"RESIDENTIAL","landuse_subcategory":"RESIDENTIAL","scheme_cod":"RPS03","investment":0,"employment":0,"plotstatus":"Allotted","landallotementstatus":"SOLD","landallotementtype":"ALLOTTED","allotmentid":"RPS031066","allotment_date":1464114600000,"rate_of_allotment":15620,"lease_deed":"Y","village_name":"Dhanauri","khasra_no":"42","longitude":77.60526786999999,"latitude":28.35289624,"authority":"YEIDA","category":"residential","execution_stage":"lease-recorded"}}]}
