{"type":"FeatureCollection","features":[{"type":"Feature","geometry":{"type":"Polygon","coordinates":[[[77.58914,28.28007],[77.588847,28.280146],[77.588799,28.280003],[77.589093,28.279927],[77.58914,28.28007]]]},"properties":{"objectid":20824,"uniqueplotid":"PLNGRESIDENTIAL20824","plotmap_id":"SECTOR-20_109_Q_RESI","plotidentificationnumber":"109","plotno":"109","industrysector":"SECTOR-20","block":"Q","plotsize":"500 SQMT","plotsize_at_the_time_of_allotme":"500 SQMT","landuse_type":"RESIDENTIAL","landuse_subcategory":"RESIDENTIAL","scheme_cod":"RES01","investment":0,"employment":0,"plotstatus":"Allotted","landallotementstatus":"SOLD","landallotementtype":"ALLOTTED","allotmentid":"YEA002859","lease_deed":"Y","lease_deed_date":1575570600000,"village_name":"Rustampur","khasra_no":"350/1,350/2,350/3","longitude":77.58896958999999,"latitude":28.280036550000002,"authority":"YEIDA","category":"residential","execution_stage":"lease-recorded"}},{"type":"Feature","geometry":{"type":"Polygon","coordinates":[[[77.589187,28.280214],[77.588894,28.28029],[77.588847,28.280146],[77.58914,28.28007],[77.589187,28.280214]]]},"properties":{"objectid":20825,"uniqueplotid":"PLNGRESIDENTIAL20825","plotmap_id":"SECTOR-20_110_Q_RESI","plotidentificationnumber":"110","plotno":"110","industrysector":"SECTOR-20","block":"Q","plotsize":"500 SQMT","plotsize_at_the_time_of_allotme":"500 SQMT","landuse_type":"RESIDENTIAL","landuse_subcategory":"RESIDENTIAL","scheme_cod":"RES01","investment":0,"employment":0,"plotstatus":"Allotted","landallotementstatus":"SOLD","landallotementtype":"ALLOTTED","allotmentid":"YEA002398","village_name":"Rustampur,Niloni Sahapura","khasra_no":"350/1,350/2,350/3,346,1054,1053","longitude":77.58901666999999,"latitude":28.28018007,"authority":"YEIDA","category":"residential","execution_stage":"allotted"}},{"type":"Feature","geometry":{"type":"Polygon","coordinates":[[[77.586207,28.280676],[77.585914,28.280752],[77.585867,28.280609],[77.58616,28.280532],[77.586207,28.280676]]]},"properties":{"objectid":20828,"uniqueplotid":"PLNGRESIDENTIAL20828","plotmap_id":"SECTOR-20_33_Q_RESI","plotidentificationnumber":"33","plotno":"33","industrysector":"SECTOR-20","block":"Q","plotsize":"500 SQMT","plotsize_at_the_time_of_allotme":"500 SQMT","landuse_type":"RESIDENTIAL","landuse_subcategory":"RESIDENTIAL","scheme_cod":"RES01","investment":0,"employment":0,"plotstatus":"Allotted","landallotementstatus":"SOLD","landallotementtype":"ALLOTTED","allotmentid":"YEA004011","village_name":"Niloni Sahapura","khasra_no":"1038","longitude":77.58603705,"latitude":28.2806422,"authority":"YEIDA","category":"residential","execution_stage":"allotted"}},{"type":"Feature","geometry":{"type":"Polygon","coordinates":[[[77.586254,28.280819],[77.585961,28.280896],[77.585914,28.280752],[77.586207,28.280676],[77.586254,28.280819]]]},"properties":{"objectid":20829,"uniqueplotid":"PLNGRESIDENTIAL20829","plotmap_id":"SECTOR-20_34_Q_RESI","plotidentificationnumber":"34","plotno":"34","industrysector":"SECTOR-20","block":"Q","plotsize":"500 SQMT","plotsize_at_the_time_of_allotme":"500 SQMT","landuse_type":"RESIDENTIAL","landuse_subcategory":"RESIDENTIAL","scheme_cod":"RES01","investment":0,"employment":0,"plotstatus":"Allotted","landallotementstatus":"SOLD","landallotementtype":"ALLOTTED","allotmentid":"YEA003915","village_name":"Niloni Sahapura","khasra_no":"1038","longitude":77.58608413,"latitude":28.28078572,"authority":"YEIDA","category":"residential","execution_stage":"allotted"}},{"type":"Feature","geometry":{"type":"Polygon","coordinates":[[[77.586301,28.280963],[77.586008,28.281039],[77.585961,28.280896],[77.586254,28.280819],[77.586301,28.280963]]]},"properties":{"objectid":20830,"uniqueplotid":"PLNGRESIDENTIAL20830","plotmap_id":"SECTOR-20_35_Q_RESI","plotidentificationnumber":"35","plotno":"35","industrysector":"SECTOR-20","block":"Q","plotsize":"500 SQMT","plotsize_at_the_time_of_allotme":"500 SQMT","landuse_type":"RESIDENTIAL","landuse_subcategory":"RESIDENTIAL","scheme_cod":"RES01","investment":0,"employment":0,"plotstatus":"Allotted","landallotementstatus":"SOLD","landallotementtype":"ALLOTTED","allotmentid":"YEA003933","village_name":"Niloni Sahapura","khasra_no":"1038","longitude":77.58613121,"latitude":28.28092925,"authority":"YEIDA","category":"residential","execution_stage":"allotted"}},{"type":"Feature","geometry":{"type":"Polygon","coordinates":[[[77.586595,28.280887],[77.586301,28.280963],[77.586254,28.280819],[77.586548,28.280743],[77.586595,28.280887]]]},"properties":{"objectid":20831,"uniqueplotid":"PLNGRESIDENTIAL20831","plotmap_id":"SECTOR-20_38_Q_RESI","plotidentificationnumber":"38","plotno":"38","industrysector":"SECTOR-20","block":"Q","plotsize":"500 SQMT","plotsize_at_the_time_of_allotme":"500 SQMT","landuse_type":"RESIDENTIAL","landuse_subcategory":"RESIDENTIAL","scheme_cod":"RES01","investment":0,"employment":0,"plotstatus":"Allotted","landallotementstatus":"SOLD","landallotementtype":"ALLOTTED","allotmentid":"YEA002041","village_name":"Niloni Sahapura","khasra_no":"1038","longitude":77.58642445,"latitude":28.28085311,"authority":"YEIDA","category":"residential","execution_stage":"allotted"}},{"type":"Feature","geometry":{"type":"Polygon","coordinates":[[[77.586548,28.280743],[77.586254,28.280819],[77.586207,28.280676],[77.5865,28.2806],[77.586548,28.280743]]]},"properties":{"objectid":20832,"uniqueplotid":"PLNGRESIDENTIAL20832","plotmap_id":"SECTOR-20_39_Q_RESI","plotidentificationnumber":"39","plotno":"39","industrysector":"SECTOR-20","block":"Q","plotsize":"500 SQMT","plotsize_at_the_time_of_allotme":"500 SQMT","landuse_type":"RESIDENTIAL","landuse_subcategory":"RESIDENTIAL","scheme_cod":"RES01","investment":0,"employment":0,"plotstatus":"Allotted","landallotementstatus":"SOLD","landallotementtype":"ALLOTTED","allotmentid":"YEA002170","village_name":"Niloni Sahapura","khasra_no":"1038","longitude":77.58637737,"latitude":28.28070959,"authority":"YEIDA","category":"residential","execution_stage":"allotted"}},{"type":"Feature","geometry":{"type":"Polygon","coordinates":[[[77.5865,28.2806],[77.586207,28.280676],[77.58616,28.280532],[77.586453,28.280456],[77.5865,28.2806]]]},"properties":{"objectid":20833,"uniqueplotid":"PLNGRESIDENTIAL20833","plotmap_id":"SECTOR-20_40_Q_RESI","plotidentificationnumber":"40","plotno":"40","industrysector":"SECTOR-20","block":"Q","plotsize":"500 SQMT","plotsize_at_the_time_of_allotme":"500 SQMT","landuse_type":"RESIDENTIAL","landuse_subcategory":"RESIDENTIAL","scheme_cod":"RES01","investment":0,"employment":0,"plotstatus":"Allotted","landallotementstatus":"SOLD","landallotementtype":"ALLOTTED","allotmentid":"YEA002275","village_name":"Niloni Sahapura","khasra_no":"1038","longitude":77.58633028999999,"latitude":28.28056607,"authority":"YEIDA","category":"residential","execution_stage":"allotted"}},{"type":"Feature","geometry":{"type":"Polygon","coordinates":[[[77.586453,28.280456],[77.58616,28.280532],[77.586113,28.280389],[77.586406,28.280313],[77.586453,28.280456]]]},"properties":{"objectid":20834,"uniqueplotid":"PLNGRESIDENTIAL20834","plotmap_id":"SECTOR-20_41_Q_RESI","plotidentificationnumber":"41","plotno":"41","industrysector":"SECTOR-20","block":"Q","plotsize":"500 SQMT","plotsize_at_the_time_of_allotme":"500 SQMT","landuse_type":"RESIDENTIAL","landuse_subcategory":"RESIDENTIAL","scheme_cod":"RES01","investment":0,"employment":0,"plotstatus":"Allotted","landallotementstatus":"SOLD","landallotementtype":"ALLOTTED","allotmentid":"YEA001714","village_name":"Rustampur,Niloni Sahapura","khasra_no":"325,324,1038","longitude":77.58628321,"latitude":28.28042254,"authority":"YEIDA","category":"residential","execution_stage":"allotted"}},{"type":"Feature","geometry":{"type":"Polygon","coordinates":[[[77.589109,28.282618],[77.588863,28.282679],[77.588831,28.282575],[77.589076,28.282514],[77.589109,28.282618]]]},"properties":{"objectid":20840,"uniqueplotid":"PLNGRESIDENTIAL20840","plotmap_id":"SECTOR-20_847_O_RESI","plotidentificationnumber":"847","plotno":"847","industrysector":"SECTOR-20","block":"O","plotsize":"300 SQMT","plotsize_at_the_time_of_allotme":"300 SQMT","landuse_type":"RESIDENTIAL","landuse_subcategory":"RESIDENTIAL","scheme_cod":"RRPS04","investment":0,"employment":0,"plotstatus":"Allotted","landallotementstatus":"SOLD","landallotementtype":"ALLOTTED","allotmentid":"RRPS041774","village_name":"Niloni Sahapura","khasra_no":"1031","longitude":77.58896976,"latitude":28.28259661,"authority":"YEIDA","category":"residential","execution_stage":"allotted"}},{"type":"Feature","geometry":{"type":"Polygon","coordinates":[[[77.589141,28.282723],[77.588896,28.282783],[77.588863,28.282679],[77.589109,28.282618],[77.589141,28.282723]]]},"properties":{"objectid":20841,"uniqueplotid":"PLNGRESIDENTIAL20841","plotmap_id":"SECTOR-20_848_O_RESI","plotidentificationnumber":"848","plotno":"848","industrysector":"SECTOR-20","block":"O","plotsize":"300 SQMT","plotsize_at_the_time_of_allotme":"300 SQMT","landuse_type":"RESIDENTIAL","landuse_subcategory":"RESIDENTIAL","scheme_cod":"RES01","investment":0,"employment":0,"plotstatus":"Allotted","landallotementstatus":"SOLD","landallotementtype":"ALLOTTED","allotmentid":"YEA019547","lease_deed":"Y","lease_deed_date":1699295400000,"village_name":"Niloni Sahapura","khasra_no":"1031","longitude":77.58900227,"latitude":28.28270075,"authority":"YEIDA","category":"residential","execution_stage":"lease-recorded"}},{"type":"Feature","geometry":{"type":"Polygon","coordinates":[[[77.589174,28.282827],[77.588928,28.282887],[77.588896,28.282783],[77.589141,28.282723],[77.589174,28.282827]]]},"properties":{"objectid":20842,"uniqueplotid":"PLNGRESIDENTIAL20842","plotmap_id":"SECTOR-20_849_O_RESI","plotidentificationnumber":"849","plotno":"849","industrysector":"SECTOR-20","block":"O","plotsize":"300 SQMT","plotsize_at_the_time_of_allotme":"300 SQMT","landuse_type":"RESIDENTIAL","landuse_subcategory":"RESIDENTIAL","scheme_cod":"RES01","investment":0,"employment":0,"plotstatus":"Allotted","landallotementstatus":"SOLD","landallotementtype":"ALLOTTED","allotmentid":"YEA007433","lease_deed":"Y","lease_deed_date":1601231400000,"village_name":"Niloni Sahapura","khasra_no":"1031","longitude":77.58903477,"latitude":28.28280488,"authority":"YEIDA","category":"residential","execution_stage":"lease-recorded"}},{"type":"Feature","geometry":{"type":"Polygon","coordinates":[[[77.589206,28.282931],[77.588961,28.282991],[77.588928,28.282887],[77.589174,28.282827],[77.589206,28.282931]]]},"properties":{"objectid":20843,"uniqueplotid":"PLNGRESIDENTIAL20843","plotmap_id":"SECTOR-20_850_O_RESI","plotidentificationnumber":"850","plotno":"850","industrysector":"SECTOR-20","block":"O","plotsize":"300 SQMT","plotsize_at_the_time_of_allotme":"300 SQMT","landuse_type":"RESIDENTIAL","landuse_subcategory":"RESIDENTIAL","scheme_cod":"RES01","investment":0,"employment":0,"plotstatus":"Allotted","landallotementstatus":"SOLD","landallotementtype":"ALLOTTED","allotmentid":"YEA010620","village_name":"Niloni Sahapura","khasra_no":"1031,1021,974,1022","longitude":77.58906728,"latitude":28.28290902,"authority":"YEIDA","category":"residential","execution_stage":"allotted"}},{"type":"Feature","geometry":{"type":"Polygon","coordinates":[[[77.585439,28.279305],[77.585277,28.279347],[77.585192,28.279087],[77.585354,28.279045],[77.585439,28.279305]]]},"properties":{"objectid":21218,"uniqueplotid":"PLNGRESIDENTIAL21218","plotmap_id":"SECTOR-20_24A_Q_RESI","plotidentificationnumber":"24A","plotno":"24A","industrysector":"SECTOR-20","block":"Q","plotsize":"500 SQMT","landuse_type":"RESIDENTIAL","landuse_subcategory":"RESIDENTIAL","investment":0,"employment":0,"landallotementstatus":"VACANT","landallotementtype":"VACANT","village_name":"Rustampur","khasra_no":"325,327","longitude":77.58531543000001,"latitude":28.27919578,"authority":"YEIDA","category":"residential","execution_stage":"vacant"}},{"type":"Feature","geometry":{"type":"Polygon","coordinates":[[[77.585601,28.279263],[77.585439,28.279305],[77.585354,28.279045],[77.585516,28.279003],[77.585601,28.279263]]]},"properties":{"objectid":21219,"uniqueplotid":"PLNGRESIDENTIAL21219","plotmap_id":"SECTOR-20_24B_Q_RESI","plotidentificationnumber":"24B","plotno":"24B","industrysector":"SECTOR-20","block":"Q","plotsize":"500 SQMT","landuse_type":"RESIDENTIAL","landuse_subcategory":"RESIDENTIAL","investment":0,"employment":0,"landallotementstatus":"VACANT","landallotementtype":"VACANT","village_name":"Rustampur","khasra_no":"327","longitude":77.58547769,"latitude":28.27915366,"authority":"YEIDA","category":"residential","execution_stage":"vacant"}},{"type":"Feature","geometry":{"type":"Polygon","coordinates":[[[77.588868,28.278272],[77.588575,28.278348],[77.588528,28.278204],[77.588821,28.278128],[77.588868,28.278272]]]},"properties":{"objectid":21228,"uniqueplotid":"PLNGRESIDENTIAL21228","plotmap_id":"SECTOR-20_126A_Q_RESI","plotidentificationnumber":"126A","plotno":"126A","industrysector":"SECTOR-20","block":"Q","plotsize":"500 SQMT","landuse_type":"RESIDENTIAL","landuse_subcategory":"RESIDENTIAL","investment":0,"employment":0,"landallotementstatus":"VACANT","landallotementtype":"VACANT","village_name":"Rustampur","khasra_no":"349/1,349/2,348","longitude":77.58869786,"latitude":28.278238119999997,"authority":"YEIDA","category":"residential","execution_stage":"vacant"}},{"type":"Feature","geometry":{"type":"Polygon","coordinates":[[[77.588073,28.278369],[77.587779,28.278446],[77.587732,28.278302],[77.588026,28.278226],[77.588073,28.278369]]]},"properties":{"objectid":21229,"uniqueplotid":"PLNGRESIDENTIAL21229","plotmap_id":"SECTOR-20_95A_Q_RESI","plotidentificationnumber":"95A","plotno":"95A","industrysector":"SECTOR-20","block":"Q","plotsize":"500 SQMT","plotsize_at_the_time_of_allotme":"500 SQMT","landuse_type":"RESIDENTIAL","landuse_subcategory":"RESIDENTIAL","scheme_cod":"RPS08","investment":0,"employment":0,"plotstatus":"Allotted","landallotementstatus":"SOLD","landallotementtype":"ALLOTTED","allotmentid":"RPS081307","village_name":"Rustampur","khasra_no":"348","longitude":77.58790254,"latitude":28.278335780000003,"authority":"YEIDA","category":"residential","execution_stage":"allotted"}},{"type":"Feature","geometry":{"type":"Polygon","coordinates":[[[77.587732,28.278302],[77.587439,28.278378],[77.587392,28.278235],[77.587685,28.278159],[77.587732,28.278302]]]},"properties":{"objectid":21230,"uniqueplotid":"PLNGRESIDENTIAL21230","plotmap_id":"SECTOR-20_73A_Q_RESI","plotidentificationnumber":"73A","plotno":"73A","industrysector":"SECTOR-20","block":"Q","plotsize":"500 SQMT","plotsize_at_the_time_of_allotme":"500 SQMT","landuse_type":"RESIDENTIAL","landuse_subcategory":"RESIDENTIAL","scheme_cod":"RPS08","investment":0,"employment":0,"plotstatus":"Allotted","landallotementstatus":"SOLD","landallotementtype":"ALLOTTED","allotmentid":"RPS081305","village_name":"Rustampur","khasra_no":"348","longitude":77.58757543,"latitude":28.278271009999997,"authority":"YEIDA","category":"residential","execution_stage":"allotted"}},{"type":"Feature","geometry":{"type":"Polygon","coordinates":[[[77.582595,28.279537],[77.582392,28.279541],[77.58238,28.279091],[77.582584,28.279086],[77.582595,28.279537]]]},"properties":{"objectid":21275,"uniqueplotid":"PLNGRESIDENTIAL21275","plotmap_id":"SECTOR-20_33B/302_D_RESI","plotidentificationnumber":"33B/302","plotno":"33B/302","industrysector":"SECTOR-20","block":"D","plotsize":"1000 SQMT","landuse_type":"RESIDENTIAL","landuse_subcategory":"RESIDENTIAL","investment":0,"employment":0,"landallotementstatus":"VACANT","landallotementtype":"VACANT","village_name":"Rustampur","khasra_no":"10,13,9","longitude":77.58248797,"latitude":28.27931392,"authority":"YEIDA","category":"residential","execution_stage":"vacant"}},{"type":"Feature","geometry":{"type":"Polygon","coordinates":[[[77.582799,28.279532],[77.582595,28.279537],[77.582584,28.279086],[77.582788,28.279082],[77.582799,28.279532]]]},"properties":{"objectid":21276,"uniqueplotid":"PLNGRESIDENTIAL21276","plotmap_id":"SECTOR-20_33C/303_D_RESI","plotidentificationnumber":"33C/303","plotno":"33C/303","industrysector":"SECTOR-20","block":"D","plotsize":"1000 SQMT","landuse_type":"RESIDENTIAL","landuse_subcategory":"RESIDENTIAL","investment":0,"employment":0,"landallotementstatus":"VACANT","landallotementtype":"VACANT","village_name":"Rustampur","khasra_no":"10,9","longitude":77.58269148,"latitude":28.27930932,"authority":"YEIDA","category":"residential","execution_stage":"vacant"}},{"type":"Feature","geometry":{"type":"Polygon","coordinates":[[[77.583002,28.279528],[77.582799,28.279532],[77.582788,28.279082],[77.582991,28.279077],[77.583002,28.279528]]]},"properties":{"objectid":21277,"uniqueplotid":"PLNGRESIDENTIAL21277","plotmap_id":"SECTOR-20_33D/304_D_RESI","plotidentificationnumber":"33D/304","plotno":"33D/304","industrysector":"SECTOR-20","block":"D","plotsize":"1000 SQMT","landuse_type":"RESIDENTIAL","landuse_subcategory":"RESIDENTIAL","investment":0,"employment":0,"landallotementstatus":"VACANT","landallotementtype":"VACANT","village_name":"Rustampur","khasra_no":"9,6","longitude":77.58289496,"latitude":28.2793047,"authority":"YEIDA","category":"residential","execution_stage":"vacant"}},{"type":"Feature","geometry":{"type":"Polygon","coordinates":[[[77.582607,28.279987],[77.582403,28.279992],[77.582392,28.279541],[77.582595,28.279537],[77.582607,28.279987]]]},"properties":{"objectid":21278,"uniqueplotid":"PLNGRESIDENTIAL21278","plotmap_id":"SECTOR-20_34B/332_D_RESI","plotidentificationnumber":"34B/332","plotno":"34B/332","industrysector":"SECTOR-20","block":"D","plotsize":"1000 SQMT","landuse_type":"RESIDENTIAL","landuse_subcategory":"RESIDENTIAL","investment":0,"employment":0,"landallotementstatus":"VACANT","landallotementtype":"VACANT","village_name":"Rustampur","khasra_no":"1,2,9,6","longitude":77.58249942,"latitude":28.279764359999998,"authority":"YEIDA","category":"residential","execution_stage":"vacant"}},{"type":"Feature","geometry":{"type":"Polygon","coordinates":[[[77.58281,28.279983],[77.582607,28.279987],[77.582595,28.279537],[77.582799,28.279532],[77.58281,28.279983]]]},"properties":{"objectid":21279,"uniqueplotid":"PLNGRESIDENTIAL21279","plotmap_id":"SECTOR-20_34C/333_D_RESI","plotidentificationnumber":"34C/333","plotno":"34C/333","industrysector":"SECTOR-20","block":"D","plotsize":"1000 SQMT","landuse_type":"RESIDENTIAL","landuse_subcategory":"RESIDENTIAL","investment":0,"employment":0,"landallotementstatus":"VACANT","landallotementtype":"VACANT","village_name":"Rustampur","khasra_no":"9,6","longitude":77.58270293,"latitude":28.279759759999997,"authority":"YEIDA","category":"residential","execution_stage":"vacant"}},{"type":"Feature","geometry":{"type":"Polygon","coordinates":[[[77.583014,28.279978],[77.58281,28.279983],[77.582799,28.279532],[77.583002,28.279528],[77.583014,28.279978]]]},"properties":{"objectid":21280,"uniqueplotid":"PLNGRESIDENTIAL21280","plotmap_id":"SECTOR-20_34D/334_D_RESI","plotidentificationnumber":"34D/334","plotno":"34D/334","industrysector":"SECTOR-20","block":"D","plotsize":"1000 SQMT","landuse_type":"RESIDENTIAL","landuse_subcategory":"RESIDENTIAL","investment":0,"employment":0,"landallotementstatus":"VACANT","landallotementtype":"VACANT","village_name":"Rustampur","khasra_no":"9,6","longitude":77.5829064,"latitude":28.27975514,"authority":"YEIDA","category":"residential","execution_stage":"vacant"}},{"type":"Feature","geometry":{"type":"Polygon","coordinates":[[[77.584801,28.278737],[77.584639,28.278779],[77.584554,28.278521],[77.584717,28.278479],[77.584801,28.278737]]]},"properties":{"objectid":21307,"uniqueplotid":"PLNGRESIDENTIAL21307","plotmap_id":"SECTOR-20_272_Q_RESI","plotidentificationnumber":"272","plotno":"272","industrysector":"SECTOR-20","block":"Q","plotsize":"500 SQMT","plotsize_at_the_time_of_allotme":"500 SQMT","landuse_type":"RESIDENTIAL","landuse_subcategory":"RESIDENTIAL","scheme_cod":"RES01","investment":0,"employment":0,"plotstatus":"Allotted","landallotementstatus":"SOLD","landallotementtype":"ALLOTTED","allotmentid":"YEA001821","village_name":"Rustampur","khasra_no":"330,331/1,331/2,329","longitude":77.58467768999999,"latitude":28.27862893,"authority":"YEIDA","category":"residential","execution_stage":"allotted"}},{"type":"Feature","geometry":{"type":"Polygon","coordinates":[[[77.584963,28.278695],[77.584801,28.278737],[77.584717,28.278479],[77.584879,28.278437],[77.584963,28.278695]]]},"properties":{"objectid":21308,"uniqueplotid":"PLNGRESIDENTIAL21308","plotmap_id":"SECTOR-20_273_Q_RESI","plotidentificationnumber":"273","plotno":"273","industrysector":"SECTOR-20","block":"Q","plotsize":"500 SQMT","plotsize_at_the_time_of_allotme":"500 SQMT","landuse_type":"RESIDENTIAL","landuse_subcategory":"RESIDENTIAL","scheme_cod":"RES01","investment":0,"employment":0,"plotstatus":"Allotted","landallotementstatus":"SOLD","landallotementtype":"ALLOTTED","allotmentid":"YEA002187","village_name":"Rustampur","khasra_no":"333,330,331/1,331/2,329,335,334","longitude":77.58483995,"latitude":28.2785868,"authority":"YEIDA","category":"residential","execution_stage":"allotted"}},{"type":"Feature","geometry":{"type":"Polygon","coordinates":[[[77.585126,28.278652],[77.584963,28.278695],[77.584879,28.278437],[77.585041,28.278395],[77.585126,28.278652]]]},"properties":{"objectid":21309,"uniqueplotid":"PLNGRESIDENTIAL21309","plotmap_id":"SECTOR-20_274_Q_RESI","plotidentificationnumber":"274","plotno":"274","industrysector":"SECTOR-20","block":"Q","plotsize":"500 SQMT","plotsize_at_the_time_of_allotme":"500 SQMT","landuse_type":"RESIDENTIAL","landuse_subcategory":"RESIDENTIAL","scheme_cod":"RES01","investment":0,"employment":0,"plotstatus":"Allotted","landallotementstatus":"SOLD","landallotementtype":"ALLOTTED","allotmentid":"YEA002251","village_name":"Rustampur","khasra_no":"329,335,334","longitude":77.58500221,"latitude":28.278544670000002,"authority":"YEIDA","category":"residential","execution_stage":"allotted"}},{"type":"Feature","geometry":{"type":"Polygon","coordinates":[[[77.585288,28.27861],[77.585126,28.278652],[77.585041,28.278395],[77.585203,28.278353],[77.585288,28.27861]]]},"properties":{"objectid":21310,"uniqueplotid":"PLNGRESIDENTIAL21310","plotmap_id":"SECTOR-20_275_Q_RESI","plotidentificationnumber":"275","plotno":"275","industrysector":"SECTOR-20","block":"Q","plotsize":"500 SQMT","plotsize_at_the_time_of_allotme":"500 SQMT","landuse_type":"RESIDENTIAL","landuse_subcategory":"RESIDENTIAL","scheme_cod":"RES01","investment":0,"employment":0,"plotstatus":"Allotted","landallotementstatus":"SOLD","landallotementtype":"ALLOTTED","allotmentid":"YEA003991","village_name":"Rustampur","khasra_no":"334","longitude":77.58516447,"latitude":28.27850254,"authority":"YEIDA","category":"residential","execution_stage":"allotted"}},{"type":"Feature","geometry":{"type":"Polygon","coordinates":[[[77.58545,28.278568],[77.585288,28.27861],[77.585203,28.278353],[77.585366,28.27831],[77.58545,28.278568]]]},"properties":{"objectid":21311,"uniqueplotid":"PLNGRESIDENTIAL21311","plotmap_id":"SECTOR-20_276_Q_RESI","plotidentificationnumber":"276","plotno":"276","industrysector":"SECTOR-20","block":"Q","plotsize":"500 SQMT","plotsize_at_the_time_of_allotme":"500 SQMT","landuse_type":"RESIDENTIAL","landuse_subcategory":"RESIDENTIAL","scheme_cod":"RES01","investment":0,"employment":0,"plotstatus":"Allotted","landallotementstatus":"SOLD","landallotementtype":"ALLOTTED","allotmentid":"YEA003801","village_name":"Rustampur","khasra_no":"334","longitude":77.58532673,"latitude":28.27846041,"authority":"YEIDA","category":"residential","execution_stage":"allotted"}},{"type":"Feature","geometry":{"type":"Polygon","coordinates":[[[77.585612,28.278526],[77.58545,28.278568],[77.585366,28.27831],[77.585528,28.278268],[77.585612,28.278526]]]},"properties":{"objectid":21312,"uniqueplotid":"PLNGRESIDENTIAL21312","plotmap_id":"SECTOR-20_277_Q_RESI","plotidentificationnumber":"277","plotno":"277","industrysector":"SECTOR-20","block":"Q","plotsize":"500 SQMT","plotsize_at_the_time_of_allotme":"500 SQMT","landuse_type":"RESIDENTIAL","landuse_subcategory":"RESIDENTIAL","scheme_cod":"RES01","investment":0,"employment":0,"plotstatus":"Allotted","landallotementstatus":"SOLD","landallotementtype":"ALLOTTED","allotmentid":"YEA002121","village_name":"Rustampur","khasra_no":"334","longitude":77.58548898000001,"latitude":28.27841829,"authority":"YEIDA","category":"residential","execution_stage":"allotted"}},{"type":"Feature","geometry":{"type":"Polygon","coordinates":[[[77.585775,28.278484],[77.585612,28.278526],[77.585528,28.278268],[77.58569,28.278226],[77.585775,28.278484]]]},"properties":{"objectid":21313,"uniqueplotid":"PLNGRESIDENTIAL21313","plotmap_id":"SECTOR-20_278_Q_RESI","plotidentificationnumber":"278","plotno":"278","industrysector":"SECTOR-20","block":"Q","plotsize":"500 SQMT","plotsize_at_the_time_of_allotme":"500 SQMT","landuse_type":"RESIDENTIAL","landuse_subcategory":"RESIDENTIAL","scheme_cod":"RES01","investment":0,"employment":0,"plotstatus":"Allotted","landallotementstatus":"SOLD","landallotementtype":"ALLOTTED","allotmentid":"YEA002782","village_name":"Rustampur","khasra_no":"328,334,327","longitude":77.58565124,"latitude":28.27837616,"authority":"YEIDA","category":"residential","execution_stage":"allotted"}},{"type":"Feature","geometry":{"type":"Polygon","coordinates":[[[77.585937,28.278442],[77.585775,28.278484],[77.58569,28.278226],[77.585852,28.278184],[77.585937,28.278442]]]},"properties":{"objectid":21314,"uniqueplotid":"PLNGRESIDENTIAL21314","plotmap_id":"SECTOR-20_279_Q_RESI","plotidentificationnumber":"279","plotno":"279","industrysector":"SECTOR-20","block":"Q","plotsize":"500 SQMT","plotsize_at_the_time_of_allotme":"500 SQMT","landuse_type":"RESIDENTIAL","landuse_subcategory":"RESIDENTIAL","scheme_cod":"RES01","investment":0,"employment":0,"plotstatus":"Allotted","landallotementstatus":"SOLD","landallotementtype":"ALLOTTED","allotmentid":"YEA002828","village_name":"Rustampur","khasra_no":"328,334,327","longitude":77.5858135,"latitude":28.27833403,"authority":"YEIDA","category":"residential","execution_stage":"allotted"}},{"type":"Feature","geometry":{"type":"Polygon","coordinates":[[[77.586099,28.2784],[77.585937,28.278442],[77.585852,28.278184],[77.586015,28.278142],[77.586099,28.2784]]]},"properties":{"objectid":21315,"uniqueplotid":"PLNGRESIDENTIAL21315","plotmap_id":"SECTOR-20_280_Q_RESI","plotidentificationnumber":"280","plotno":"280","industrysector":"SECTOR-20","block":"Q","plotsize":"500 SQMT","plotsize_at_the_time_of_allotme":"500 SQMT","landuse_type":"RESIDENTIAL","landuse_subcategory":"RESIDENTIAL","scheme_cod":"RES01","investment":0,"employment":0,"plotstatus":"Allotted","landallotementstatus":"SOLD","landallotementtype":"ALLOTTED","allotmentid":"YEA004004","village_name":"Rustampur","khasra_no":"328,334,343,327","longitude":77.58597576,"latitude":28.2782919,"authority":"YEIDA","category":"residential","execution_stage":"allotted"}},{"type":"Feature","geometry":{"type":"Polygon","coordinates":[[[77.586261,28.278358],[77.586099,28.2784],[77.586015,28.278142],[77.586177,28.2781],[77.586261,28.278358]]]},"properties":{"objectid":21316,"uniqueplotid":"PLNGRESIDENTIAL21316","plotmap_id":"SECTOR-20_281_Q_RESI","plotidentificationnumber":"281","plotno":"281","industrysector":"SECTOR-20","block":"Q","plotsize":"500 SQMT","plotsize_at_the_time_of_allotme":"500 SQMT","landuse_type":"RESIDENTIAL","landuse_subcategory":"RESIDENTIAL","scheme_cod":"RES01","investment":0,"employment":0,"plotstatus":"Allotted","landallotementstatus":"SOLD","landallotementtype":"ALLOTTED","allotmentid":"YEA002311","village_name":"Rustampur","khasra_no":"344,343","longitude":77.58613802,"latitude":28.27824977,"authority":"YEIDA","category":"residential","execution_stage":"allotted"}},{"type":"Feature","geometry":{"type":"Polygon","coordinates":[[[77.586424,28.278315],[77.586261,28.278358],[77.586177,28.2781],[77.586339,28.278058],[77.586424,28.278315]]]},"properties":{"objectid":21317,"uniqueplotid":"PLNGRESIDENTIAL21317","plotmap_id":"SECTOR-20_282_Q_RESI","plotidentificationnumber":"282","plotno":"282","industrysector":"SECTOR-20","block":"Q","plotsize":"500 SQMT","plotsize_at_the_time_of_allotme":"500 SQMT","landuse_type":"RESIDENTIAL","landuse_subcategory":"RESIDENTIAL","scheme_cod":"RES01","investment":0,"employment":0,"plotstatus":"Allotted","landallotementstatus":"SOLD","landallotementtype":"ALLOTTED","allotmentid":"YEA002414","village_name":"Rustampur","khasra_no":"346,344,343,342","longitude":77.58630027,"latitude":28.278207639999998,"authority":"YEIDA","category":"residential","execution_stage":"allotted"}},{"type":"Feature","geometry":{"type":"Polygon","coordinates":[[[77.586586,28.278273],[77.586424,28.278315],[77.586339,28.278058],[77.586501,28.278016],[77.586586,28.278273]]]},"properties":{"objectid":21318,"uniqueplotid":"PLNGRESIDENTIAL21318","plotmap_id":"SECTOR-20_283_Q_RESI","plotidentificationnumber":"283","plotno":"283","industrysector":"SECTOR-20","block":"Q","plotsize":"500 SQMT","plotsize_at_the_time_of_allotme":"500 SQMT","landuse_type":"RESIDENTIAL","landuse_subcategory":"RESIDENTIAL","scheme_cod":"RES01","investment":0,"employment":0,"plotstatus":"Allotted","landallotementstatus":"SOLD","landallotementtype":"ALLOTTED","allotmentid":"YEA003525","village_name":"Rustampur","khasra_no":"346,344,342","longitude":77.58646252999999,"latitude":28.278165509999997,"authority":"YEIDA","category":"residential","execution_stage":"allotted"}},{"type":"Feature","geometry":{"type":"Polygon","coordinates":[[[77.585277,28.279347],[77.585115,28.279389],[77.585029,28.279129],[77.585192,28.279087],[77.585277,28.279347]]]},"properties":{"objectid":21319,"uniqueplotid":"PLNGRESIDENTIAL21319","plotmap_id":"SECTOR-20_24_Q_RESI","plotidentificationnumber":"24","plotno":"24","industrysector":"SECTOR-20","block":"Q","plotsize":"500 SQMT","plotsize_at_the_time_of_allotme":"500 SQMT","landuse_type":"RESIDENTIAL","landuse_subcategory":"RESIDENTIAL","scheme_cod":"RES01","investment":0,"employment":0,"plotstatus":"Allotted","landallotementstatus":"SOLD","landallotementtype":"ALLOTTED","allotmentid":"YEA001808","village_name":"Rustampur","khasra_no":"325,327","longitude":77.58515317999999,"latitude":28.27923791,"authority":"YEIDA","category":"residential","execution_stage":"allotted"}},{"type":"Feature","geometry":{"type":"Polygon","coordinates":[[[77.585516,28.279003],[77.585354,28.279045],[77.585269,28.278785],[77.585431,28.278743],[77.585516,28.279003]]]},"properties":{"objectid":21320,"uniqueplotid":"PLNGRESIDENTIAL21320","plotmap_id":"SECTOR-20_1B_Q_RESI","plotidentificationnumber":"1B","plotno":"1B","industrysector":"SECTOR-20","block":"Q","plotsize":"500 SQMT","landuse_type":"RESIDENTIAL","landuse_subcategory":"RESIDENTIAL","investment":0,"employment":0,"landallotementstatus":"VACANT","landallotementtype":"VACANT","village_name":"Rustampur","khasra_no":"328,334,327","longitude":77.58539248000001,"latitude":28.27889369,"authority":"YEIDA","category":"residential","execution_stage":"vacant"}},{"type":"Feature","geometry":{"type":"Polygon","coordinates":[[[77.587053,28.278322],[77.587216,28.278279],[77.587301,28.278539],[77.587139,28.278581],[77.587053,28.278322]]]},"properties":{"objectid":21325,"uniqueplotid":"PLNGRESIDENTIAL21325","plotmap_id":"SECTOR-20_12_Q_RESI","plotidentificationnumber":"12","plotno":"12","industrysector":"SECTOR-20","block":"Q","plotsize":"500 SQMT","plotsize_at_the_time_of_allotme":"500 SQMT","landuse_type":"RESIDENTIAL","landuse_subcategory":"RESIDENTIAL","scheme_cod":"RES01","investment":0,"employment":0,"plotstatus":"Allotted","landallotementstatus":"SOLD","landallotementtype":"ALLOTTED","allotmentid":"YEA001800","village_name":"Rustampur","khasra_no":"346,347,348","longitude":77.58717716000001,"latitude":28.2784303,"authority":"YEIDA","category":"residential","execution_stage":"allotted"}},{"type":"Feature","geometry":{"type":"Polygon","coordinates":[[[77.585764,28.27922],[77.585601,28.279263],[77.585516,28.279003],[77.585678,28.27896],[77.585764,28.27922]]]},"properties":{"objectid":21326,"uniqueplotid":"PLNGRESIDENTIAL21326","plotmap_id":"SECTOR-20_23_Q_RESI","plotidentificationnumber":"23","plotno":"23","industrysector":"SECTOR-20","block":"Q","plotsize":"500 SQMT","plotsize_at_the_time_of_allotme":"500 SQMT","landuse_type":"RESIDENTIAL","landuse_subcategory":"RESIDENTIAL","scheme_cod":"RES01","investment":0,"employment":0,"plotstatus":"Allotted","landallotementstatus":"SOLD","landallotementtype":"ALLOTTED","allotmentid":"YEA001747","village_name":"Rustampur","khasra_no":"327","longitude":77.58563995,"latitude":28.279111529999998,"authority":"YEIDA","category":"residential","execution_stage":"allotted"}},{"type":"Feature","geometry":{"type":"Polygon","coordinates":[[[77.587386,28.278799],[77.587224,28.278841],[77.587139,28.278581],[77.587301,28.278539],[77.587386,28.278799]]]},"properties":{"objectid":21327,"uniqueplotid":"PLNGRESIDENTIAL21327","plotmap_id":"SECTOR-20_13_Q_RESI","plotidentificationnumber":"13","plotno":"13","industrysector":"SECTOR-20","block":"Q","plotsize":"500 SQMT","plotsize_at_the_time_of_allotme":"500 SQMT","landuse_type":"RESIDENTIAL","landuse_subcategory":"RESIDENTIAL","scheme_cod":"RES01","investment":0,"employment":0,"plotstatus":"Allotted","landallotementstatus":"SOLD","landallotementtype":"ALLOTTED","allotmentid":"YEA002854","village_name":"Rustampur","khasra_no":"346,347,348","longitude":77.58726252999999,"latitude":28.27869024,"authority":"YEIDA","category":"residential","execution_stage":"allotted"}},{"type":"Feature","geometry":{"type":"Polygon","coordinates":[[[77.585831,28.279528],[77.585537,28.279604],[77.58549,28.27946],[77.585783,28.279384],[77.585831,28.279528]]]},"properties":{"objectid":21328,"uniqueplotid":"PLNGRESIDENTIAL21328","plotmap_id":"SECTOR-20_25_Q_RESI","plotidentificationnumber":"25","plotno":"25","industrysector":"SECTOR-20","block":"Q","plotsize":"500 SQMT","plotsize_at_the_time_of_allotme":"500 SQMT","landuse_type":"RESIDENTIAL","landuse_subcategory":"RESIDENTIAL","scheme_cod":"RES01","investment":0,"employment":0,"plotstatus":"Allotted","landallotementstatus":"SOLD","landallotementtype":"ALLOTTED","allotmentid":"YEA001884","village_name":"Rustampur","khasra_no":"325,327","longitude":77.58566041,"latitude":28.27949401,"authority":"YEIDA","category":"residential","execution_stage":"allotted"}},{"type":"Feature","geometry":{"type":"Polygon","coordinates":[[[77.586124,28.279452],[77.585831,28.279528],[77.585783,28.279384],[77.586077,28.279308],[77.586124,28.279452]]]},"properties":{"objectid":21329,"uniqueplotid":"PLNGRESIDENTIAL21329","plotmap_id":"SECTOR-20_48_Q_RESI","plotidentificationnumber":"48","plotno":"48","industrysector":"SECTOR-20","block":"Q","plotsize":"500 SQMT","plotsize_at_the_time_of_allotme":"500 SQMT","landuse_type":"RESIDENTIAL","landuse_subcategory":"RESIDENTIAL","scheme_cod":"RES01","investment":0,"employment":0,"plotstatus":"Allotted","landallotementstatus":"SOLD","landallotementtype":"ALLOTTED","allotmentid":"YEA003316","village_name":"Rustampur","khasra_no":"327","longitude":77.58595364,"latitude":28.27941788,"authority":"YEIDA","category":"residential","execution_stage":"allotted"}},{"type":"Feature","geometry":{"type":"Polygon","coordinates":[[[77.58825,28.279881],[77.587957,28.279957],[77.58791,28.279813],[77.588203,28.279737],[77.58825,28.279881]]]},"properties":{"objectid":21330,"uniqueplotid":"PLNGRESIDENTIAL21330","plotmap_id":"SECTOR-20_84_Q_RESI","plotidentificationnumber":"84","plotno":"84","industrysector":"SECTOR-20","block":"Q","plotsize":"500 SQMT","plotsize_at_the_time_of_allotme":"500 SQMT","landuse_type":"RESIDENTIAL","landuse_subcategory":"RESIDENTIAL","scheme_cod":"RES01","investment":0,"employment":0,"plotstatus":"Allotted","landallotementstatus":"SOLD","landallotementtype":"ALLOTTED","allotmentid":"YEA002974","lease_deed":"Y","lease_deed_date":1716316200000,"village_name":"Rustampur","khasra_no":"346","longitude":77.58807974,"latitude":28.27984709,"authority":"YEIDA","category":"residential","execution_stage":"lease-recorded"}},{"type":"Feature","geometry":{"type":"Polygon","coordinates":[[[77.588544,28.279805],[77.58825,28.279881],[77.588203,28.279737],[77.588496,28.279661],[77.588544,28.279805]]]},"properties":{"objectid":21331,"uniqueplotid":"PLNGRESIDENTIAL21331","plotmap_id":"SECTOR-20_85_Q_RESI","plotidentificationnumber":"85","plotno":"85","industrysector":"SECTOR-20","block":"Q","plotsize":"500 SQMT","plotsize_at_the_time_of_allotme":"500 SQMT","landuse_type":"RESIDENTIAL","landuse_subcategory":"RESIDENTIAL","scheme_cod":"RES01","investment":0,"employment":0,"plotstatus":"Allotted","landallotementstatus":"SOLD","landallotementtype":"ALLOTTED","allotmentid":"YEA003070","lease_deed":"Y","lease_deed_date":1696271400000,"village_name":"Rustampur","khasra_no":"350/1,350/2,350/3,346,349/1,349/2","longitude":77.58836561,"latitude":28.27976949,"authority":"YEIDA","category":"residential","execution_stage":"lease-recorded"}},{"type":"Feature","geometry":{"type":"Polygon","coordinates":[[[77.588669,28.278635],[77.588376,28.278711],[77.588329,28.278568],[77.588622,28.278491],[77.588669,28.278635]]]},"properties":{"objectid":21607,"uniqueplotid":"PLNGRESIDENTIAL21607","plotmap_id":"SECTOR-20_99_Q_RESI","plotidentificationnumber":"99","plotno":"99","industrysector":"SECTOR-20","block":"Q","plotsize":"500 SQMT","plotsize_at_the_time_of_allotme":"500 SQMT","landuse_type":"RESIDENTIAL","landuse_subcategory":"RESIDENTIAL","scheme_cod":"RES01","investment":0,"employment":0,"plotstatus":"Allotted","landallotementstatus":"SOLD","landallotementtype":"ALLOTTED","allotmentid":"YEA003095","village_name":"Rustampur","khasra_no":"349/1,349/2","longitude":77.58849878000001,"latitude":28.27860131,"authority":"YEIDA","category":"residential","execution_stage":"allotted"}},{"type":"Feature","geometry":{"type":"Polygon","coordinates":[[[77.588716,28.278779],[77.588423,28.278855],[77.588376,28.278711],[77.588669,28.278635],[77.588716,28.278779]]]},"properties":{"objectid":21608,"uniqueplotid":"PLNGRESIDENTIAL21608","plotmap_id":"SECTOR-20_100_Q_RESI","plotidentificationnumber":"100","plotno":"100","industrysector":"SECTOR-20","block":"Q","plotsize":"500 SQMT","plotsize_at_the_time_of_allotme":"500 SQMT","landuse_type":"RESIDENTIAL","landuse_subcategory":"RESIDENTIAL","scheme_cod":"RES01","investment":0,"employment":0,"plotstatus":"Allotted","landallotementstatus":"SOLD","landallotementtype":"ALLOTTED","allotmentid":"YEA002259","lease_deed":"Y","lease_deed_date":1578508200000,"village_name":"Rustampur","khasra_no":"349/1,349/2","longitude":77.58854586,"latitude":28.27874483,"authority":"YEIDA","category":"residential","execution_stage":"lease-recorded"}},{"type":"Feature","geometry":{"type":"Polygon","coordinates":[[[77.588763,28.278922],[77.58847,28.278998],[77.588423,28.278855],[77.588716,28.278779],[77.588763,28.278922]]]},"properties":{"objectid":21609,"uniqueplotid":"PLNGRESIDENTIAL21609","plotmap_id":"SECTOR-20_101_Q_RESI","plotidentificationnumber":"101","plotno":"101","industrysector":"SECTOR-20","block":"Q","plotsize":"500 SQMT","plotsize_at_the_time_of_allotme":"500 SQMT","landuse_type":"RESIDENTIAL","landuse_subcategory":"RESIDENTIAL","scheme_cod":"RES01","investment":0,"employment":0,"plotstatus":"Allotted","landallotementstatus":"SOLD","landallotementtype":"ALLOTTED","allotmentid":"YEA001879","lease_deed":"Y","lease_deed_date":1664303400000,"village_name":"Rustampur","khasra_no":"349/1,349/2","longitude":77.58859294,"latitude":28.27888836,"authority":"YEIDA","category":"residential","execution_stage":"lease-recorded"}},{"type":"Feature","geometry":{"type":"Polygon","coordinates":[[[77.58881,28.279066],[77.588517,28.279142],[77.58847,28.278998],[77.588763,28.278922],[77.58881,28.279066]]]},"properties":{"objectid":21610,"uniqueplotid":"PLNGRESIDENTIAL21610","plotmap_id":"SECTOR-20_102_Q_RESI","plotidentificationnumber":"102","plotno":"102","industrysector":"SECTOR-20","block":"Q","plotsize":"500 SQMT","plotsize_at_the_time_of_allotme":"500 SQMT","landuse_type":"RESIDENTIAL","landuse_subcategory":"RESIDENTIAL","scheme_cod":"RES01","investment":0,"employment":0,"plotstatus":"Allotted","landallotementstatus":"SOLD","landallotementtype":"ALLOTTED","allotmentid":"YEA002725","lease_deed":"Y","lease_deed_date":1669746600000,"village_name":"Rustampur","khasra_no":"349/1,349/2","longitude":77.58864002,"latitude":28.27903188,"authority":"YEIDA","category":"residential","execution_stage":"lease-recorded"}},{"type":"Feature","geometry":{"type":"Polygon","coordinates":[[[77.588857,28.279209],[77.588564,28.279285],[77.588517,28.279142],[77.58881,28.279066],[77.588857,28.279209]]]},"properties":{"objectid":21611,"uniqueplotid":"PLNGRESIDENTIAL21611","plotmap_id":"SECTOR-20_103_Q_RESI","plotidentificationnumber":"103","plotno":"103","industrysector":"SECTOR-20","block":"Q","plotsize":"500 SQMT","plotsize_at_the_time_of_allotme":"500 SQMT","landuse_type":"RESIDENTIAL","landuse_subcategory":"RESIDENTIAL","scheme_cod":"RES01","investment":0,"employment":0,"plotstatus":"Allotted","landallotementstatus":"SOLD","landallotementtype":"ALLOTTED","allotmentid":"YEA001868","lease_deed":"Y","lease_deed_date":1576607400000,"village_name":"Rustampur","khasra_no":"349/1,349/2","longitude":77.58868711,"latitude":28.27917541,"authority":"YEIDA","category":"residential","execution_stage":"lease-recorded"}},{"type":"Feature","geometry":{"type":"Polygon","coordinates":[[[77.588904,28.279353],[77.588611,28.279429],[77.588564,28.279285],[77.588857,28.279209],[77.588904,28.279353]]]},"properties":{"objectid":21612,"uniqueplotid":"PLNGRESIDENTIAL21612","plotmap_id":"SECTOR-20_104_Q_RESI","plotidentificationnumber":"104","plotno":"104","industrysector":"SECTOR-20","block":"Q","plotsize":"500 SQMT","plotsize_at_the_time_of_allotme":"500 SQMT","landuse_type":"RESIDENTIAL","landuse_subcategory":"RESIDENTIAL","scheme_cod":"RES01","investment":0,"employment":0,"plotstatus":"Allotted","landallotementstatus":"SOLD","landallotementtype":"ALLOTTED","allotmentid":"YEA003280","lease_deed":"Y","lease_deed_date":1640197800000,"village_name":"Rustampur","khasra_no":"349/1,349/2","longitude":77.58873419,"latitude":28.27931893,"authority":"YEIDA","category":"residential","execution_stage":"lease-recorded"}},{"type":"Feature","geometry":{"type":"Polygon","coordinates":[[[77.588951,28.279496],[77.588658,28.279572],[77.588611,28.279429],[77.588904,28.279353],[77.588951,28.279496]]]},"properties":{"objectid":21613,"uniqueplotid":"PLNGRESIDENTIAL21613","plotmap_id":"SECTOR-20_105_Q_RESI","plotidentificationnumber":"105","plotno":"105","industrysector":"SECTOR-20","block":"Q","plotsize":"500 SQMT","plotsize_at_the_time_of_allotme":"500 SQMT","landuse_type":"RESIDENTIAL","landuse_subcategory":"RESIDENTIAL","scheme_cod":"RES01","investment":0,"employment":0,"plotstatus":"Allotted","landallotementstatus":"SOLD","landallotementtype":"ALLOTTED","allotmentid":"YEA003079","lease_deed":"Y","lease_deed_date":1583260200000,"village_name":"Rustampur","khasra_no":"350/1,350/2,350/3,349/1,349/2","longitude":77.58878127,"latitude":28.279462459999998,"authority":"YEIDA","category":"residential","execution_stage":"lease-recorded"}},{"type":"Feature","geometry":{"type":"Polygon","coordinates":[[[77.588999,28.27964],[77.588705,28.279716],[77.588658,28.279572],[77.588951,28.279496],[77.588999,28.27964]]]},"properties":{"objectid":21614,"uniqueplotid":"PLNGRESIDENTIAL21614","plotmap_id":"SECTOR-20_106_Q_RESI","plotidentificationnumber":"106","plotno":"106","industrysector":"SECTOR-20","block":"Q","plotsize":"500 SQMT","plotsize_at_the_time_of_allotme":"500 SQMT","landuse_type":"RESIDENTIAL","landuse_subcategory":"RESIDENTIAL","scheme_cod":"RES01","investment":0,"employment":0,"plotstatus":"Allotted","landallotementstatus":"SOLD","landallotementtype":"ALLOTTED","allotmentid":"YEA002344","lease_deed":"Y","lease_deed_date":1675017000000,"village_name":"Rustampur","khasra_no":"350/1,350/2,350/3,349/1,349/2","longitude":77.58882835,"latitude":28.27960598,"authority":"YEIDA","category":"residential","execution_stage":"lease-recorded"}},{"type":"Feature","geometry":{"type":"Polygon","coordinates":[[[77.589046,28.279783],[77.588752,28.279859],[77.588705,28.279716],[77.588999,28.27964],[77.589046,28.279783]]]},"properties":{"objectid":21615,"uniqueplotid":"PLNGRESIDENTIAL21615","plotmap_id":"SECTOR-20_107_Q_RESI","plotidentificationnumber":"107","plotno":"107","industrysector":"SECTOR-20","block":"Q","plotsize":"500 SQMT","plotsize_at_the_time_of_allotme":"500 SQMT","landuse_type":"RESIDENTIAL","landuse_subcategory":"RESIDENTIAL","scheme_cod":"RES01","investment":0,"employment":0,"plotstatus":"Allotted","landallotementstatus":"SOLD","landallotementtype":"ALLOTTED","allotmentid":"YEA001859","lease_deed":"Y","lease_deed_date":1568658600000,"village_name":"Rustampur","khasra_no":"350/1,350/2,350/3","longitude":77.58887543,"latitude":28.279749499999998,"authority":"YEIDA","category":"residential","execution_stage":"lease-recorded"}},{"type":"Feature","geometry":{"type":"Polygon","coordinates":[[[77.589093,28.279927],[77.588799,28.280003],[77.588752,28.279859],[77.589046,28.279783],[77.589093,28.279927]]]},"properties":{"objectid":21616,"uniqueplotid":"PLNGRESIDENTIAL21616","plotmap_id":"SECTOR-20_108_Q_RESI","plotidentificationnumber":"108","plotno":"108","industrysector":"SECTOR-20","block":"Q","plotsize":"500 SQMT","plotsize_at_the_time_of_allotme":"500 SQMT","landuse_type":"RESIDENTIAL","landuse_subcategory":"RESIDENTIAL","scheme_cod":"RES01","investment":0,"employment":0,"plotstatus":"Allotted","landallotementstatus":"SOLD","landallotementtype":"ALLOTTED","allotmentid":"YEA004067","village_name":"Rustampur","khasra_no":"350/1,350/2,350/3","longitude":77.58892250999999,"latitude":28.27989303,"authority":"YEIDA","category":"residential","execution_stage":"allotted"}},{"type":"Feature","geometry":{"type":"Polygon","coordinates":[[[77.589198,28.279276],[77.588904,28.279353],[77.588857,28.279209],[77.589151,28.279133],[77.589198,28.279276]]]},"properties":{"objectid":21621,"uniqueplotid":"PLNGRESIDENTIAL21621","plotmap_id":"SECTOR-20_119_Q_RESI","plotidentificationnumber":"119","plotno":"119","industrysector":"SECTOR-20","block":"Q","plotsize":"500 SQMT","plotsize_at_the_time_of_allotme":"500 SQMT","landuse_type":"RESIDENTIAL","landuse_subcategory":"RESIDENTIAL","scheme_cod":"RES01","investment":0,"employment":0,"plotstatus":"Allotted","landallotementstatus":"SOLD","landallotementtype":"ALLOTTED","allotmentid":"YEA002938","lease_deed":"Y","lease_deed_date":1600108200000,"village_name":"Rustampur","khasra_no":"349/1,349/2","longitude":77.58902742,"latitude":28.279242789999998,"authority":"YEIDA","category":"residential","execution_stage":"lease-recorded"}},{"type":"Feature","geometry":{"type":"Polygon","coordinates":[[[77.589151,28.279133],[77.588857,28.279209],[77.58881,28.279066],[77.589103,28.278989],[77.589151,28.279133]]]},"properties":{"objectid":21622,"uniqueplotid":"PLNGRESIDENTIAL21622","plotmap_id":"SECTOR-20_120_Q_RESI","plotidentificationnumber":"120","plotno":"120","industrysector":"SECTOR-20","block":"Q","plotsize":"500 SQMT","plotsize_at_the_time_of_allotme":"500 SQMT","landuse_type":"RESIDENTIAL","landuse_subcategory":"RESIDENTIAL","scheme_cod":"RES01","investment":0,"employment":0,"plotstatus":"Allotted","landallotementstatus":"SOLD","landallotementtype":"ALLOTTED","allotmentid":"YEA001798","lease_deed":"Y","lease_deed_date":1600713000000,"village_name":"Rustampur","khasra_no":"349/1,349/2","longitude":77.58898033999999,"latitude":28.27909927,"authority":"YEIDA","category":"residential","execution_stage":"lease-recorded"}},{"type":"Feature","geometry":{"type":"Polygon","coordinates":[[[77.589103,28.278989],[77.58881,28.279066],[77.588763,28.278922],[77.589056,28.278846],[77.589103,28.278989]]]},"properties":{"objectid":21623,"uniqueplotid":"PLNGRESIDENTIAL21623","plotmap_id":"SECTOR-20_121_Q_RESI","plotidentificationnumber":"121","plotno":"121","industrysector":"SECTOR-20","block":"Q","plotsize":"500 SQMT","plotsize_at_the_time_of_allotme":"500 SQMT","landuse_type":"RESIDENTIAL","landuse_subcategory":"RESIDENTIAL","scheme_cod":"RES01","investment":0,"employment":0,"plotstatus":"Allotted","landallotementstatus":"SOLD","landallotementtype":"ALLOTTED","allotmentid":"YEA001777","lease_deed":"Y","lease_deed_date":1577989800000,"village_name":"Rustampur","khasra_no":"349/1,349/2","longitude":77.58893325999999,"latitude":28.27895575,"authority":"YEIDA","category":"residential","execution_stage":"lease-recorded"}},{"type":"Feature","geometry":{"type":"Polygon","coordinates":[[[77.589056,28.278846],[77.588763,28.278922],[77.588716,28.278779],[77.589009,28.278702],[77.589056,28.278846]]]},"properties":{"objectid":21624,"uniqueplotid":"PLNGRESIDENTIAL21624","plotmap_id":"SECTOR-20_122_Q_RESI","plotidentificationnumber":"122","plotno":"122","industrysector":"SECTOR-20","block":"Q","plotsize":"500 SQMT","plotsize_at_the_time_of_allotme":"500 SQMT","landuse_type":"RESIDENTIAL","landuse_subcategory":"RESIDENTIAL","scheme_cod":"RES01","investment":0,"employment":0,"plotstatus":"Allotted","landallotementstatus":"SOLD","landallotementtype":"ALLOTTED","allotmentid":"YEA002466","village_name":"Rustampur","khasra_no":"349/1,349/2","longitude":77.58888618,"latitude":28.27881222,"authority":"YEIDA","category":"residential","execution_stage":"allotted"}},{"type":"Feature","geometry":{"type":"Polygon","coordinates":[[[77.589009,28.278702],[77.588716,28.278779],[77.588669,28.278635],[77.588962,28.278559],[77.589009,28.278702]]]},"properties":{"objectid":21625,"uniqueplotid":"PLNGRESIDENTIAL21625","plotmap_id":"SECTOR-20_123_Q_RESI","plotidentificationnumber":"123","plotno":"123","industrysector":"SECTOR-20","block":"Q","plotsize":"500 SQMT","plotsize_at_the_time_of_allotme":"500 SQMT","landuse_type":"RESIDENTIAL","landuse_subcategory":"RESIDENTIAL","scheme_cod":"RES01","investment":0,"employment":0,"plotstatus":"Allotted","landallotementstatus":"SOLD","landallotementtype":"ALLOTTED","allotmentid":"YEA002802","village_name":"Rustampur","khasra_no":"349/1,349/2","longitude":77.5888391,"latitude":28.2786687,"authority":"YEIDA","category":"residential","execution_stage":"allotted"}},{"type":"Feature","geometry":{"type":"Polygon","coordinates":[[[77.587921,28.278876],[77.587627,28.278952],[77.58758,28.278809],[77.587874,28.278733],[77.587921,28.278876]]]},"properties":{"objectid":21626,"uniqueplotid":"PLNGRESIDENTIAL21626","plotmap_id":"SECTOR-20_77_Q_RESI","plotidentificationnumber":"77","plotno":"77","industrysector":"SECTOR-20","block":"Q","plotsize":"500 SQMT","plotsize_at_the_time_of_allotme":"500 SQMT","landuse_type":"RESIDENTIAL","landuse_subcategory":"RESIDENTIAL","scheme_cod":"RES01","investment":0,"employment":0,"plotstatus":"Allotted","landallotementstatus":"SOLD","landallotementtype":"ALLOTTED","allotmentid":"YEA003250","village_name":"Rustampur","khasra_no":"346,349/1,349/2,347,348","longitude":77.58775055,"latitude":28.27884249,"authority":"YEIDA","category":"residential","execution_stage":"allotted"}},{"type":"Feature","geometry":{"type":"Polygon","coordinates":[[[77.587968,28.27902],[77.587675,28.279096],[77.587627,28.278952],[77.587921,28.278876],[77.587968,28.27902]]]},"properties":{"objectid":21627,"uniqueplotid":"PLNGRESIDENTIAL21627","plotmap_id":"SECTOR-20_78_Q_RESI","plotidentificationnumber":"78","plotno":"78","industrysector":"SECTOR-20","block":"Q","plotsize":"500 SQMT","plotsize_at_the_time_of_allotme":"500 SQMT","landuse_type":"RESIDENTIAL","landuse_subcategory":"RESIDENTIAL","scheme_cod":"RES01","investment":0,"employment":0,"plotstatus":"Allotted","landallotementstatus":"SOLD","landallotementtype":"ALLOTTED","allotmentid":"YEA003586","lease_deed":"Y","lease_deed_date":1719513000000,"village_name":"Rustampur","khasra_no":"346,349/1,349/2","longitude":77.58779763,"latitude":28.27898602,"authority":"YEIDA","category":"residential","execution_stage":"lease-recorded"}},{"type":"Feature","geometry":{"type":"Polygon","coordinates":[[[77.588015,28.279163],[77.587722,28.279239],[77.587675,28.279096],[77.587968,28.27902],[77.588015,28.279163]]]},"properties":{"objectid":21628,"uniqueplotid":"PLNGRESIDENTIAL21628","plotmap_id":"SECTOR-20_79_Q_RESI","plotidentificationnumber":"79","plotno":"79","industrysector":"SECTOR-20","block":"Q","plotsize":"500 SQMT","plotsize_at_the_time_of_allotme":"500 SQMT","landuse_type":"RESIDENTIAL","landuse_subcategory":"RESIDENTIAL","scheme_cod":"RES01","investment":0,"employment":0,"plotstatus":"Allotted","landallotementstatus":"SOLD","landallotementtype":"ALLOTTED","allotmentid":"YEA002651","lease_deed":"Y","lease_deed_date":1646677800000,"village_name":"Rustampur","khasra_no":"346,349/1,349/2","longitude":77.58784471,"latitude":28.27912954,"authority":"YEIDA","category":"residential","execution_stage":"lease-recorded"}},{"type":"Feature","geometry":{"type":"Polygon","coordinates":[[[77.588062,28.279307],[77.587769,28.279383],[77.587722,28.279239],[77.588015,28.279163],[77.588062,28.279307]]]},"properties":{"objectid":21629,"uniqueplotid":"PLNGRESIDENTIAL21629","plotmap_id":"SECTOR-20_80_Q_RESI","plotidentificationnumber":"80","plotno":"80","industrysector":"SECTOR-20","block":"Q","plotsize":"500 SQMT","plotsize_at_the_time_of_allotme":"500 SQMT","landuse_type":"RESIDENTIAL","landuse_subcategory":"RESIDENTIAL","scheme_cod":"RES01","investment":0,"employment":0,"plotstatus":"Allotted","landallotementstatus":"SOLD","landallotementtype":"ALLOTTED","allotmentid":"YEA002337","lease_deed":"Y","lease_deed_date":1675103400000,"village_name":"Rustampur","khasra_no":"346,349/1,349/2","longitude":77.58789179,"latitude":28.27927307,"authority":"YEIDA","category":"residential","execution_stage":"lease-recorded"}},{"type":"Feature","geometry":{"type":"Polygon","coordinates":[[[77.588109,28.27945],[77.587816,28.279526],[77.587769,28.279383],[77.588062,28.279307],[77.588109,28.27945]]]},"properties":{"objectid":21630,"uniqueplotid":"PLNGRESIDENTIAL21630","plotmap_id":"SECTOR-20_81_Q_RESI","plotidentificationnumber":"81","plotno":"81","industrysector":"SECTOR-20","block":"Q","plotsize":"500 SQMT","plotsize_at_the_time_of_allotme":"500 SQMT","landuse_type":"RESIDENTIAL","landuse_subcategory":"RESIDENTIAL","scheme_cod":"RES01","investment":0,"employment":0,"plotstatus":"Allotted","landallotementstatus":"SOLD","landallotementtype":"ALLOTTED","allotmentid":"YEA002213","lease_deed":"Y","lease_deed_date":1675103400000,"village_name":"Rustampur","khasra_no":"346,349/1,349/2","longitude":77.58793887,"latitude":28.27941659,"authority":"YEIDA","category":"residential","execution_stage":"lease-recorded"}},{"type":"Feature","geometry":{"type":"Polygon","coordinates":[[[77.588156,28.279594],[77.587863,28.27967],[77.587816,28.279526],[77.588109,28.27945],[77.588156,28.279594]]]},"properties":{"objectid":21631,"uniqueplotid":"PLNGRESIDENTIAL21631","plotmap_id":"SECTOR-20_82_Q_RESI","plotidentificationnumber":"82","plotno":"82","industrysector":"SECTOR-20","block":"Q","plotsize":"500 SQMT","plotsize_at_the_time_of_allotme":"500 SQMT","landuse_type":"RESIDENTIAL","landuse_subcategory":"RESIDENTIAL","scheme_cod":"RES01","investment":0,"employment":0,"plotstatus":"Allotted","landallotementstatus":"SOLD","landallotementtype":"ALLOTTED","allotmentid":"YEA002105","lease_deed":"Y","lease_deed_date":1577903400000,"village_name":"Rustampur","khasra_no":"346","longitude":77.58798595,"latitude":28.27956012,"authority":"YEIDA","category":"residential","execution_stage":"lease-recorded"}},{"type":"Feature","geometry":{"type":"Polygon","coordinates":[[[77.588203,28.279737],[77.58791,28.279813],[77.587863,28.27967],[77.588156,28.279594],[77.588203,28.279737]]]},"properties":{"objectid":21632,"uniqueplotid":"PLNGRESIDENTIAL21632","plotmap_id":"SECTOR-20_83_Q_RESI","plotidentificationnumber":"83","plotno":"83","industrysector":"SECTOR-20","block":"Q","plotsize":"500 SQMT","plotsize_at_the_time_of_allotme":"500 SQMT","landuse_type":"RESIDENTIAL","landuse_subcategory":"RESIDENTIAL","scheme_cod":"RES01","investment":0,"employment":0,"plotstatus":"Allotted","landallotementstatus":"SOLD","landallotementtype":"ALLOTTED","allotmentid":"YEA001943","lease_deed":"Y","lease_deed_date":1602613800000,"village_name":"Rustampur","khasra_no":"346","longitude":77.58803302999999,"latitude":28.279703639999997,"authority":"YEIDA","category":"residential","execution_stage":"lease-recorded"}},{"type":"Feature","geometry":{"type":"Polygon","coordinates":[[[77.588496,28.279661],[77.588203,28.279737],[77.588156,28.279594],[77.588449,28.279518],[77.588496,28.279661]]]},"properties":{"objectid":21633,"uniqueplotid":"PLNGRESIDENTIAL21633","plotmap_id":"SECTOR-20_86_Q_RESI","plotidentificationnumber":"86","plotno":"86","industrysector":"SECTOR-20","block":"Q","plotsize":"500 SQMT","plotsize_at_the_time_of_allotme":"500 SQMT","landuse_type":"RESIDENTIAL","landuse_subcategory":"RESIDENTIAL","scheme_cod":"RES01","investment":0,"employment":0,"plotstatus":"Allotted","landallotementstatus":"SOLD","landallotementtype":"ALLOTTED","allotmentid":"YEA003464","lease_deed":"Y","lease_deed_date":1600885800000,"village_name":"Rustampur","khasra_no":"346,349/1,349/2","longitude":77.58832627000001,"latitude":28.2796275,"authority":"YEIDA","category":"residential","execution_stage":"lease-recorded"}},{"type":"Feature","geometry":{"type":"Polygon","coordinates":[[[77.588449,28.279518],[77.588156,28.279594],[77.588109,28.27945],[77.588402,28.279374],[77.588449,28.279518]]]},"properties":{"objectid":21634,"uniqueplotid":"PLNGRESIDENTIAL21634","plotmap_id":"SECTOR-20_87_Q_RESI","plotidentificationnumber":"87","plotno":"87","industrysector":"SECTOR-20","block":"Q","plotsize":"500 SQMT","plotsize_at_the_time_of_allotme":"500 SQMT","landuse_type":"RESIDENTIAL","landuse_subcategory":"RESIDENTIAL","scheme_cod":"RES01","investment":0,"employment":0,"plotstatus":"Allotted","landallotementstatus":"SOLD","landallotementtype":"ALLOTTED","allotmentid":"YEA002984","village_name":"Rustampur","khasra_no":"346,349/1,349/2","longitude":77.58827919,"latitude":28.27948398,"authority":"YEIDA","category":"residential","execution_stage":"allotted"}},{"type":"Feature","geometry":{"type":"Polygon","coordinates":[[[77.588402,28.279374],[77.588109,28.27945],[77.588062,28.279307],[77.588355,28.279231],[77.588402,28.279374]]]},"properties":{"objectid":21635,"uniqueplotid":"PLNGRESIDENTIAL21635","plotmap_id":"SECTOR-20_88_Q_RESI","plotidentificationnumber":"88","plotno":"88","industrysector":"SECTOR-20","block":"Q","plotsize":"500 SQMT","plotsize_at_the_time_of_allotme":"500 SQMT","landuse_type":"RESIDENTIAL","landuse_subcategory":"RESIDENTIAL","scheme_cod":"RES01","investment":0,"employment":0,"plotstatus":"Allotted","landallotementstatus":"SOLD","landallotementtype":"ALLOTTED","allotmentid":"YEA003547","village_name":"Rustampur","khasra_no":"346,349/1,349/2","longitude":77.58823211,"latitude":28.27934046,"authority":"YEIDA","category":"residential","execution_stage":"allotted"}},{"type":"Feature","geometry":{"type":"Polygon","coordinates":[[[77.588355,28.279231],[77.588062,28.279307],[77.588015,28.279163],[77.588308,28.279087],[77.588355,28.279231]]]},"properties":{"objectid":21636,"uniqueplotid":"PLNGRESIDENTIAL21636","plotmap_id":"SECTOR-20_89_Q_RESI","plotidentificationnumber":"89","plotno":"89","industrysector":"SECTOR-20","block":"Q","plotsize":"500 SQMT","plotsize_at_the_time_of_allotme":"500 SQMT","landuse_type":"RESIDENTIAL","landuse_subcategory":"RESIDENTIAL","scheme_cod":"RPS04","investment":0,"employment":0,"plotstatus":"Allotted","landallotementstatus":"SOLD","landallotementtype":"ALLOTTED","allotmentid":"RPS041327","village_name":"Rustampur","khasra_no":"349/1,349/2","longitude":77.58818502999999,"latitude":28.27919693,"authority":"YEIDA","category":"residential","execution_stage":"allotted"}},{"type":"Feature","geometry":{"type":"Polygon","coordinates":[[[77.588308,28.279087],[77.588015,28.279163],[77.587968,28.27902],[77.588261,28.278944],[77.588308,28.279087]]]},"properties":{"objectid":21637,"uniqueplotid":"PLNGRESIDENTIAL21637","plotmap_id":"SECTOR-20_90_Q_RESI","plotidentificationnumber":"90","plotno":"90","industrysector":"SECTOR-20","block":"Q","plotsize":"500 SQMT","plotsize_at_the_time_of_allotme":"500 SQMT","landuse_type":"RESIDENTIAL","landuse_subcategory":"RESIDENTIAL","scheme_cod":"RES01","investment":0,"employment":0,"plotstatus":"Allotted","landallotementstatus":"SOLD","landallotementtype":"ALLOTTED","allotmentid":"YEA004038","lease_deed":"Y","lease_deed_date":1654540200000,"village_name":"Rustampur","khasra_no":"349/1,349/2","longitude":77.58813795,"latitude":28.27905341,"authority":"YEIDA","category":"residential","execution_stage":"lease-recorded"}},{"type":"Feature","geometry":{"type":"Polygon","coordinates":[[[77.588261,28.278944],[77.587968,28.27902],[77.587921,28.278876],[77.588214,28.2788],[77.588261,28.278944]]]},"properties":{"objectid":21638,"uniqueplotid":"PLNGRESIDENTIAL21638","plotmap_id":"SECTOR-20_91_Q_RESI","plotidentificationnumber":"91","plotno":"91","industrysector":"SECTOR-20","block":"Q","plotsize":"500 SQMT","plotsize_at_the_time_of_allotme":"500 SQMT","landuse_type":"RESIDENTIAL","landuse_subcategory":"RESIDENTIAL","scheme_cod":"RES01","investment":0,"employment":0,"plotstatus":"Allotted","landallotementstatus":"SOLD","landallotementtype":"ALLOTTED","allotmentid":"YEA003891","village_name":"Rustampur","khasra_no":"349/1,349/2","longitude":77.58809086999999,"latitude":28.27890988,"authority":"YEIDA","category":"residential","execution_stage":"allotted"}},{"type":"Feature","geometry":{"type":"Polygon","coordinates":[[[77.588214,28.2788],[77.587921,28.278876],[77.587874,28.278733],[77.588167,28.278657],[77.588214,28.2788]]]},"properties":{"objectid":21639,"uniqueplotid":"PLNGRESIDENTIAL21639","plotmap_id":"SECTOR-20_92_Q_RESI","plotidentificationnumber":"92","plotno":"92","industrysector":"SECTOR-20","block":"Q","plotsize":"500 SQMT","plotsize_at_the_time_of_allotme":"500 SQMT","landuse_type":"RESIDENTIAL","landuse_subcategory":"RESIDENTIAL","scheme_cod":"RES01","investment":0,"employment":0,"plotstatus":"Allotted","landallotementstatus":"SOLD","landallotementtype":"ALLOTTED","allotmentid":"YEA002290","village_name":"Rustampur","khasra_no":"349/1,349/2,348","longitude":77.58804379,"latitude":28.278766360000002,"authority":"YEIDA","category":"residential","execution_stage":"allotted"}},{"type":"Feature","geometry":{"type":"Polygon","coordinates":[[[77.587224,28.278841],[77.587062,28.278883],[77.586977,28.278623],[77.587139,28.278581],[77.587224,28.278841]]]},"properties":{"objectid":21640,"uniqueplotid":"PLNGRESIDENTIAL21640","plotmap_id":"SECTOR-20_14_Q_RESI","plotidentificationnumber":"14","plotno":"14","industrysector":"SECTOR-20","block":"Q","plotsize":"500 SQMT","plotsize_at_the_time_of_allotme":"500 SQMT","landuse_type":"RESIDENTIAL","landuse_subcategory":"RESIDENTIAL","scheme_cod":"RES01","investment":0,"employment":0,"plotstatus":"Allotted","landallotementstatus":"SOLD","landallotementtype":"ALLOTTED","allotmentid":"YEA001898","village_name":"Rustampur","khasra_no":"346","longitude":77.58710027000001,"latitude":28.27873237,"authority":"YEIDA","category":"residential","execution_stage":"allotted"}},{"type":"Feature","geometry":{"type":"Polygon","coordinates":[[[77.587062,28.278883],[77.5869,28.278926],[77.586814,28.278666],[77.586977,28.278623],[77.587062,28.278883]]]},"properties":{"objectid":21641,"uniqueplotid":"PLNGRESIDENTIAL21641","plotmap_id":"SECTOR-20_15_Q_RESI","plotidentificationnumber":"15","plotno":"15","industrysector":"SECTOR-20","block":"Q","plotsize":"500 SQMT","plotsize_at_the_time_of_allotme":"500 SQMT","landuse_type":"RESIDENTIAL","landuse_subcategory":"RESIDENTIAL","scheme_cod":"RES01","investment":0,"employment":0,"plotstatus":"Allotted","landallotementstatus":"SOLD","landallotementtype":"ALLOTTED","allotmentid":"YEA003049","village_name":"Rustampur","khasra_no":"346","longitude":77.58693802,"latitude":28.2787745,"authority":"YEIDA","category":"residential","execution_stage":"allotted"}},{"type":"Feature","geometry":{"type":"Polygon","coordinates":[[[77.5869,28.278926],[77.586737,28.278968],[77.586652,28.278708],[77.586814,28.278666],[77.5869,28.278926]]]},"properties":{"objectid":21642,"uniqueplotid":"PLNGRESIDENTIAL21642","plotmap_id":"SECTOR-20_16_Q_RESI","plotidentificationnumber":"16","plotno":"16","industrysector":"SECTOR-20","block":"Q","plotsize":"500 SQMT","plotsize_at_the_time_of_allotme":"500 SQMT","landuse_type":"RESIDENTIAL","landuse_subcategory":"RESIDENTIAL","scheme_cod":"RES01","investment":0,"employment":0,"plotstatus":"Allotted","landallotementstatus":"SOLD","landallotementtype":"ALLOTTED","allotmentid":"YEA002971","village_name":"Rustampur","khasra_no":"346","longitude":77.58677576,"latitude":28.27881663,"authority":"YEIDA","category":"residential","execution_stage":"allotted"}},{"type":"Feature","geometry":{"type":"Polygon","coordinates":[[[77.586737,28.278968],[77.586575,28.27901],[77.58649,28.27875],[77.586652,28.278708],[77.586737,28.278968]]]},"properties":{"objectid":21643,"uniqueplotid":"PLNGRESIDENTIAL21643","plotmap_id":"SECTOR-20_17_Q_RESI","plotidentificationnumber":"17","plotno":"17","industrysector":"SECTOR-20","block":"Q","plotsize":"500 SQMT","plotsize_at_the_time_of_allotme":"500 SQMT","landuse_type":"RESIDENTIAL","landuse_subcategory":"RESIDENTIAL","scheme_cod":"RES01","investment":0,"employment":0,"plotstatus":"Allotted","landallotementstatus":"SOLD","landallotementtype":"ALLOTTED","allotmentid":"YEA002203","village_name":"Rustampur","khasra_no":"346,345,327","longitude":77.5866135,"latitude":28.27885875,"authority":"YEIDA","category":"residential","execution_stage":"allotted"}},{"type":"Feature","geometry":{"type":"Polygon","coordinates":[[[77.586575,28.27901],[77.586413,28.279052],[77.586327,28.278792],[77.58649,28.27875],[77.586575,28.27901]]]},"properties":{"objectid":21644,"uniqueplotid":"PLNGRESIDENTIAL21644","plotmap_id":"SECTOR-20_18_Q_RESI","plotidentificationnumber":"18","plotno":"18","industrysector":"SECTOR-20","block":"Q","plotsize":"500 SQMT","plotsize_at_the_time_of_allotme":"500 SQMT","landuse_type":"RESIDENTIAL","landuse_subcategory":"RESIDENTIAL","scheme_cod":"RES01","investment":0,"employment":0,"plotstatus":"Allotted","landallotementstatus":"SOLD","landallotementtype":"ALLOTTED","allotmentid":"YEA001713","village_name":"Rustampur","khasra_no":"346,345,327","longitude":77.58645124,"latitude":28.278900880000002,"authority":"YEIDA","category":"residential","execution_stage":"allotted"}},{"type":"Feature","geometry":{"type":"Polygon","coordinates":[[[77.586413,28.279052],[77.58625,28.279094],[77.586165,28.278834],[77.586327,28.278792],[77.586413,28.279052]]]},"properties":{"objectid":21645,"uniqueplotid":"PLNGRESIDENTIAL21645","plotmap_id":"SECTOR-20_19_Q_RESI","plotidentificationnumber":"19","plotno":"19","industrysector":"SECTOR-20","block":"Q","plotsize":"500 SQMT","plotsize_at_the_time_of_allotme":"500 SQMT","landuse_type":"RESIDENTIAL","landuse_subcategory":"RESIDENTIAL","scheme_cod":"RES01","investment":0,"employment":0,"plotstatus":"Allotted","landallotementstatus":"SOLD","landallotementtype":"ALLOTTED","allotmentid":"YEA002246","village_name":"Rustampur","khasra_no":"327","longitude":77.58628898,"latitude":28.27894301,"authority":"YEIDA","category":"residential","execution_stage":"allotted"}},{"type":"Feature","geometry":{"type":"Polygon","coordinates":[[[77.58625,28.279094],[77.586088,28.279136],[77.586003,28.278876],[77.586165,28.278834],[77.58625,28.279094]]]},"properties":{"objectid":21646,"uniqueplotid":"PLNGRESIDENTIAL21646","plotmap_id":"SECTOR-20_20_Q_RESI","plotidentificationnumber":"20","plotno":"20","industrysector":"SECTOR-20","block":"Q","plotsize":"500 SQMT","plotsize_at_the_time_of_allotme":"500 SQMT","landuse_type":"RESIDENTIAL","landuse_subcategory":"RESIDENTIAL","scheme_cod":"RES01","investment":0,"employment":0,"plotstatus":"Allotted","landallotementstatus":"SOLD","landallotementtype":"ALLOTTED","allotmentid":"YEA003358","village_name":"Rustampur","khasra_no":"327","longitude":77.58612673,"latitude":28.27898514,"authority":"YEIDA","category":"residential","execution_stage":"allotted"}},{"type":"Feature","geometry":{"type":"Polygon","coordinates":[[[77.586088,28.279136],[77.585926,28.279178],[77.585841,28.278918],[77.586003,28.278876],[77.586088,28.279136]]]},"properties":{"objectid":21647,"uniqueplotid":"PLNGRESIDENTIAL21647","plotmap_id":"SECTOR-20_21_Q_RESI","plotidentificationnumber":"21","plotno":"21","industrysector":"SECTOR-20","block":"Q","plotsize":"500 SQMT","plotsize_at_the_time_of_allotme":"500 SQMT","landuse_type":"RESIDENTIAL","landuse_subcategory":"RESIDENTIAL","scheme_cod":"RES01","investment":0,"employment":0,"plotstatus":"Allotted","landallotementstatus":"SOLD","landallotementtype":"ALLOTTED","allotmentid":"YEA003911","village_name":"Rustampur","khasra_no":"327","longitude":77.58596447,"latitude":28.27902727,"authority":"YEIDA","category":"residential","execution_stage":"allotted"}},{"type":"Feature","geometry":{"type":"Polygon","coordinates":[[[77.585926,28.279178],[77.585764,28.27922],[77.585678,28.27896],[77.585841,28.278918],[77.585926,28.279178]]]},"properties":{"objectid":21648,"uniqueplotid":"PLNGRESIDENTIAL21648","plotmap_id":"SECTOR-20_22_Q_RESI","plotidentificationnumber":"22","plotno":"22","industrysector":"SECTOR-20","block":"Q","plotsize":"500 SQMT","plotsize_at_the_time_of_allotme":"500 SQMT","landuse_type":"RESIDENTIAL","landuse_subcategory":"RESIDENTIAL","scheme_cod":"RES01","investment":0,"employment":0,"plotstatus":"Allotted","landallotementstatus":"SOLD","landallotementtype":"ALLOTTED","allotmentid":"YEA002157","village_name":"Rustampur","khasra_no":"327","longitude":77.58580221000001,"latitude":28.2790694,"authority":"YEIDA","category":"residential","execution_stage":"allotted"}},{"type":"Feature","geometry":{"type":"Polygon","coordinates":[[[77.585878,28.279671],[77.585584,28.279747],[77.585537,28.279604],[77.585831,28.279528],[77.585878,28.279671]]]},"properties":{"objectid":21649,"uniqueplotid":"PLNGRESIDENTIAL21649","plotmap_id":"SECTOR-20_26_Q_RESI","plotidentificationnumber":"26","plotno":"26","industrysector":"SECTOR-20","block":"Q","plotsize":"500 SQMT","plotsize_at_the_time_of_allotme":"500 SQMT","landuse_type":"RESIDENTIAL","landuse_subcategory":"RESIDENTIAL","scheme_cod":"RES01","investment":0,"employment":0,"plotstatus":"Allotted","landallotementstatus":"SOLD","landallotementtype":"ALLOTTED","allotmentid":"YEA002930","village_name":"Rustampur","khasra_no":"325,327","longitude":77.58570749,"latitude":28.27963754,"authority":"YEIDA","category":"residential","execution_stage":"allotted"}},{"type":"Feature","geometry":{"type":"Polygon","coordinates":[[[77.585925,28.279815],[77.585631,28.279891],[77.585584,28.279747],[77.585878,28.279671],[77.585925,28.279815]]]},"properties":{"objectid":21650,"uniqueplotid":"PLNGRESIDENTIAL21650","plotmap_id":"SECTOR-20_27_Q_RESI","plotidentificationnumber":"27","plotno":"27","industrysector":"SECTOR-20","block":"Q","plotsize":"500 SQMT","plotsize_at_the_time_of_allotme":"500 SQMT","landuse_type":"RESIDENTIAL","landuse_subcategory":"RESIDENTIAL","scheme_cod":"RES01","investment":0,"employment":0,"plotstatus":"Allotted","landallotementstatus":"SOLD","landallotementtype":"ALLOTTED","allotmentid":"YEA002569","village_name":"Rustampur","khasra_no":"325,327","longitude":77.58575457,"latitude":28.279781059999998,"authority":"YEIDA","category":"residential","execution_stage":"allotted"}},{"type":"Feature","geometry":{"type":"Polygon","coordinates":[[[77.585972,28.279958],[77.585679,28.280034],[77.585631,28.279891],[77.585925,28.279815],[77.585972,28.279958]]]},"properties":{"objectid":21651,"uniqueplotid":"PLNGRESIDENTIAL21651","plotmap_id":"SECTOR-20_28_Q_RESI","plotidentificationnumber":"28","plotno":"28","industrysector":"SECTOR-20","block":"Q","plotsize":"500 SQMT","plotsize_at_the_time_of_allotme":"500 SQMT","landuse_type":"RESIDENTIAL","landuse_subcategory":"RESIDENTIAL","scheme_cod":"RES01","investment":0,"employment":0,"plotstatus":"Allotted","landallotementstatus":"SOLD","landallotementtype":"ALLOTTED","allotmentid":"YEA002449","village_name":"Rustampur","khasra_no":"325,327","longitude":77.58580165000001,"latitude":28.27992459,"authority":"YEIDA","category":"residential","execution_stage":"allotted"}},{"type":"Feature","geometry":{"type":"Polygon","coordinates":[[[77.586312,28.280026],[77.586019,28.280102],[77.585972,28.279958],[77.586265,28.279882],[77.586312,28.280026]]]},"properties":{"objectid":21652,"uniqueplotid":"PLNGRESIDENTIAL21652","plotmap_id":"SECTOR-20_44_Q_RESI","plotidentificationnumber":"44","plotno":"44","industrysector":"SECTOR-20","block":"Q","plotsize":"500 SQMT","plotsize_at_the_time_of_allotme":"500 SQMT","landuse_type":"RESIDENTIAL","landuse_subcategory":"RESIDENTIAL","scheme_cod":"RES01","investment":0,"employment":0,"plotstatus":"Allotted","landallotementstatus":"SOLD","landallotementtype":"ALLOTTED","allotmentid":"YEA003948","village_name":"Rustampur","khasra_no":"325,326,327","longitude":77.58614197,"latitude":28.27999197,"authority":"YEIDA","category":"residential","execution_stage":"allotted"}},{"type":"Feature","geometry":{"type":"Polygon","coordinates":[[[77.586265,28.279882],[77.585972,28.279958],[77.585925,28.279815],[77.586218,28.279739],[77.586265,28.279882]]]},"properties":{"objectid":21653,"uniqueplotid":"PLNGRESIDENTIAL21653","plotmap_id":"SECTOR-20_45_Q_RESI","plotidentificationnumber":"45","plotno":"45","industrysector":"SECTOR-20","block":"Q","plotsize":"500 SQMT","plotsize_at_the_time_of_allotme":"500 SQMT","landuse_type":"RESIDENTIAL","landuse_subcategory":"RESIDENTIAL","scheme_cod":"RES01","investment":0,"employment":0,"plotstatus":"Allotted","landallotementstatus":"SOLD","landallotementtype":"ALLOTTED","allotmentid":"YEA003144","village_name":"Rustampur","khasra_no":"325,326,327","longitude":77.58609489,"latitude":28.279848450000003,"authority":"YEIDA","category":"residential","execution_stage":"allotted"}},{"type":"Feature","geometry":{"type":"Polygon","coordinates":[[[77.586218,28.279739],[77.585925,28.279815],[77.585878,28.279671],[77.586171,28.279595],[77.586218,28.279739]]]},"properties":{"objectid":21654,"uniqueplotid":"PLNGRESIDENTIAL21654","plotmap_id":"SECTOR-20_46_Q_RESI","plotidentificationnumber":"46","plotno":"46","industrysector":"SECTOR-20","block":"Q","plotsize":"500 SQMT","plotsize_at_the_time_of_allotme":"500 SQMT","landuse_type":"RESIDENTIAL","landuse_subcategory":"RESIDENTIAL","scheme_cod":"RES01","investment":0,"employment":0,"plotstatus":"Allotted","landallotementstatus":"SOLD","landallotementtype":"ALLOTTED","allotmentid":"YEA003215","village_name":"Rustampur","khasra_no":"327","longitude":77.58604781,"latitude":28.279704929999998,"authority":"YEIDA","category":"residential","execution_stage":"allotted"}},{"type":"Feature","geometry":{"type":"Polygon","coordinates":[[[77.586171,28.279595],[77.585878,28.279671],[77.585831,28.279528],[77.586124,28.279452],[77.586171,28.279595]]]},"properties":{"objectid":21655,"uniqueplotid":"PLNGRESIDENTIAL21655","plotmap_id":"SECTOR-20_47_Q_RESI","plotidentificationnumber":"47","plotno":"47","industrysector":"SECTOR-20","block":"Q","plotsize":"500 SQMT","plotsize_at_the_time_of_allotme":"500 SQMT","landuse_type":"RESIDENTIAL","landuse_subcategory":"RESIDENTIAL","scheme_cod":"RES01","investment":0,"employment":0,"plotstatus":"Allotted","landallotementstatus":"SOLD","landallotementtype":"ALLOTTED","allotmentid":"YEA003446","village_name":"Rustampur","khasra_no":"327","longitude":77.58600073,"latitude":28.2795614,"authority":"YEIDA","category":"residential","execution_stage":"allotted"}},{"type":"Feature","geometry":{"type":"Polygon","coordinates":[[[77.588915,28.278415],[77.588622,28.278491],[77.588575,28.278348],[77.588868,28.278272],[77.588915,28.278415]]]},"properties":{"objectid":21688,"uniqueplotid":"PLNGRESIDENTIAL21688","plotmap_id":"SECTOR-20_125_Q_RESI","plotidentificationnumber":"125","plotno":"125","industrysector":"SECTOR-20","block":"Q","plotsize":"500 SQMT","plotsize_at_the_time_of_allotme":"500 SQMT","landuse_type":"RESIDENTIAL","landuse_subcategory":"RESIDENTIAL","scheme_cod":"RES01","investment":0,"employment":0,"plotstatus":"Allotted","landallotementstatus":"SOLD","landallotementtype":"ALLOTTED","allotmentid":"YEA003584","village_name":"Rustampur","khasra_no":"349/1,349/2","longitude":77.58874494,"latitude":28.27838165,"authority":"YEIDA","category":"residential","execution_stage":"allotted"}},{"type":"Feature","geometry":{"type":"Polygon","coordinates":[[[77.588575,28.278348],[77.588282,28.278424],[77.588234,28.278281],[77.588528,28.278204],[77.588575,28.278348]]]},"properties":{"objectid":21689,"uniqueplotid":"PLNGRESIDENTIAL21689","plotmap_id":"SECTOR-20_97_Q_RESI","plotidentificationnumber":"97","plotno":"97","industrysector":"SECTOR-20","block":"Q","plotsize":"500 SQMT","plotsize_at_the_time_of_allotme":"500 SQMT","landuse_type":"RESIDENTIAL","landuse_subcategory":"RESIDENTIAL","scheme_cod":"RES01","investment":0,"employment":0,"plotstatus":"Allotted","landallotementstatus":"SOLD","landallotementtype":"ALLOTTED","allotmentid":"YEA003377","village_name":"Rustampur","khasra_no":"349/1,349/2,348","longitude":77.58840462,"latitude":28.278314260000002,"authority":"YEIDA","category":"residential","execution_stage":"allotted"}},{"type":"Feature","geometry":{"type":"Polygon","coordinates":[[[77.588528,28.278204],[77.588234,28.278281],[77.588187,28.278137],[77.588481,28.278061],[77.588528,28.278204]]]},"properties":{"objectid":21690,"uniqueplotid":"PLNGRESIDENTIAL21690","plotmap_id":"SECTOR-20_96_Q_RESI","plotidentificationnumber":"96","plotno":"96","industrysector":"SECTOR-20","block":"Q","plotsize":"500 SQMT","plotsize_at_the_time_of_allotme":"500 SQMT","landuse_type":"RESIDENTIAL","landuse_subcategory":"RESIDENTIAL","scheme_cod":"RES01","investment":0,"employment":0,"plotstatus":"Allotted","landallotementstatus":"SOLD","landallotementtype":"ALLOTTED","allotmentid":"YEA002301","village_name":"Rustampur","khasra_no":"348","longitude":77.58832918,"latitude":28.278165119999997,"authority":"YEIDA","category":"residential","execution_stage":"allotted"}},{"type":"Feature","geometry":{"type":"Polygon","coordinates":[[[77.58812,28.278513],[77.587827,28.278589],[77.587779,28.278446],[77.588073,28.278369],[77.58812,28.278513]]]},"properties":{"objectid":21691,"uniqueplotid":"PLNGRESIDENTIAL21691","plotmap_id":"SECTOR-20_94_Q_RESI","plotidentificationnumber":"94","plotno":"94","industrysector":"SECTOR-20","block":"Q","plotsize":"500 SQMT","plotsize_at_the_time_of_allotme":"500 SQMT","landuse_type":"RESIDENTIAL","landuse_subcategory":"RESIDENTIAL","scheme_cod":"RES01","investment":0,"employment":0,"plotstatus":"Allotted","landallotementstatus":"SOLD","landallotementtype":"ALLOTTED","allotmentid":"YEA002743","village_name":"Rustampur","khasra_no":"348","longitude":77.58794962,"latitude":28.27847931,"authority":"YEIDA","category":"residential","execution_stage":"allotted"}},{"type":"Feature","geometry":{"type":"Polygon","coordinates":[[[77.587779,28.278446],[77.587486,28.278522],[77.587439,28.278378],[77.587732,28.278302],[77.587779,28.278446]]]},"properties":{"objectid":21692,"uniqueplotid":"PLNGRESIDENTIAL21692","plotmap_id":"SECTOR-20_74_Q_RESI","plotidentificationnumber":"74","plotno":"74","industrysector":"SECTOR-20","block":"Q","plotsize":"500 SQMT","plotsize_at_the_time_of_allotme":"500 SQMT","landuse_type":"RESIDENTIAL","landuse_subcategory":"RESIDENTIAL","scheme_cod":"RES01","investment":0,"employment":0,"plotstatus":"Allotted","landallotementstatus":"SOLD","landallotementtype":"ALLOTTED","allotmentid":"YEA002717","village_name":"Rustampur","khasra_no":"348","longitude":77.58760930999999,"latitude":28.27841192,"authority":"YEIDA","category":"residential","execution_stage":"allotted"}},{"type":"Feature","geometry":{"type":"Polygon","coordinates":[[[77.588026,28.278226],[77.587732,28.278302],[77.587685,28.278159],[77.587979,28.278082],[77.588026,28.278226]]]},"properties":{"objectid":21693,"uniqueplotid":"PLNGRESIDENTIAL21693","plotmap_id":"SECTOR-20_95_Q_RESI","plotidentificationnumber":"95","plotno":"95","industrysector":"SECTOR-20","block":"Q","plotsize":"500 SQMT","plotsize_at_the_time_of_allotme":"500 SQMT","landuse_type":"RESIDENTIAL","landuse_subcategory":"RESIDENTIAL","scheme_cod":"RES01","investment":0,"employment":0,"plotstatus":"Allotted","landallotementstatus":"SOLD","landallotementtype":"ALLOTTED","allotmentid":"YEA002175","village_name":"Rustampur","khasra_no":"348","longitude":77.58785350000001,"latitude":28.278191869999997,"authority":"YEIDA","category":"residential","execution_stage":"allotted"}},{"type":"Feature","geometry":{"type":"Polygon","coordinates":[[[77.587685,28.278159],[77.587392,28.278235],[77.587345,28.278091],[77.587638,28.278015],[77.587685,28.278159]]]},"properties":{"objectid":21694,"uniqueplotid":"PLNGRESIDENTIAL21694","plotmap_id":"SECTOR-20_73_Q_RESI","plotidentificationnumber":"73","plotno":"73","industrysector":"SECTOR-20","block":"Q","plotsize":"500 SQMT","plotsize_at_the_time_of_allotme":"500 SQMT","landuse_type":"RESIDENTIAL","landuse_subcategory":"RESIDENTIAL","scheme_cod":"RES01","investment":0,"employment":0,"plotstatus":"Allotted","landallotementstatus":"SOLD","landallotementtype":"ALLOTTED","allotmentid":"YEA003290","village_name":"Rustampur","khasra_no":"348","longitude":77.58754351,"latitude":28.278130479999998,"authority":"YEIDA","category":"residential","execution_stage":"allotted"}},{"type":"Feature","geometry":{"type":"Polygon","coordinates":[[[77.588821,28.278128],[77.588528,28.278204],[77.588481,28.278061],[77.588774,28.277985],[77.588821,28.278128]]]},"properties":{"objectid":21695,"uniqueplotid":"PLNGRESIDENTIAL21695","plotmap_id":"SECTOR-20_126_Q_RESI","plotidentificationnumber":"126","plotno":"126","industrysector":"SECTOR-20","block":"Q","plotsize":"500 SQMT","plotsize_at_the_time_of_allotme":"500 SQMT","landuse_type":"RESIDENTIAL","landuse_subcategory":"RESIDENTIAL","scheme_cod":"RES01","investment":0,"employment":0,"plotstatus":"Allotted","landallotementstatus":"SOLD","landallotementtype":"ALLOTTED","allotmentid":"YEA003389","village_name":"Rustampur","khasra_no":"349/1,349/2,348","longitude":77.58865078,"latitude":28.27809459,"authority":"YEIDA","category":"residential","execution_stage":"allotted"}},{"type":"Feature","geometry":{"type":"Polygon","coordinates":[[[77.588622,28.278491],[77.588329,28.278568],[77.588282,28.278424],[77.588575,28.278348],[77.588622,28.278491]]]},"properties":{"objectid":22146,"uniqueplotid":"PLNGRESIDENTIAL22146","plotmap_id":"SECTOR-20_98_Q_RESI","plotidentificationnumber":"98","plotno":"98","industrysector":"SECTOR-20","block":"Q","plotsize":"500 SQMT","plotsize_at_the_time_of_allotme":"500 SQMT","landuse_type":"RESIDENTIAL","landuse_subcategory":"RESIDENTIAL","scheme_cod":"RES01","investment":0,"employment":0,"plotstatus":"Allotted","landallotementstatus":"SOLD","landallotementtype":"ALLOTTED","allotmentid":"YEA003865","village_name":"Rustampur","khasra_no":"349/1,349/2,348","longitude":77.58845170000001,"latitude":28.27845778,"authority":"YEIDA","category":"residential","execution_stage":"allotted"}},{"type":"Feature","geometry":{"type":"Polygon","coordinates":[[[77.588962,28.278559],[77.588669,28.278635],[77.588622,28.278491],[77.588915,28.278415],[77.588962,28.278559]]]},"properties":{"objectid":22147,"uniqueplotid":"PLNGRESIDENTIAL22147","plotmap_id":"SECTOR-20_124_Q_RESI","plotidentificationnumber":"124","plotno":"124","industrysector":"SECTOR-20","block":"Q","plotsize":"500 SQMT","plotsize_at_the_time_of_allotme":"500 SQMT","landuse_type":"RESIDENTIAL","landuse_subcategory":"RESIDENTIAL","scheme_cod":"RES01","investment":0,"employment":0,"plotstatus":"Allotted","landallotementstatus":"SOLD","landallotementtype":"ALLOTTED","allotmentid":"YEA003327","village_name":"Rustampur","khasra_no":"349/1,349/2","longitude":77.58879202,"latitude":28.27852517,"authority":"YEIDA","category":"residential","execution_stage":"allotted"}},{"type":"Feature","geometry":{"type":"Polygon","coordinates":[[[77.587827,28.278589],[77.587533,28.278665],[77.587486,28.278522],[77.587779,28.278446],[77.587827,28.278589]]]},"properties":{"objectid":22148,"uniqueplotid":"PLNGRESIDENTIAL22148","plotmap_id":"SECTOR-20_75_Q_RESI","plotidentificationnumber":"75","plotno":"75","industrysector":"SECTOR-20","block":"Q","plotsize":"500 SQMT","plotsize_at_the_time_of_allotme":"500 SQMT","landuse_type":"RESIDENTIAL","landuse_subcategory":"RESIDENTIAL","scheme_cod":"RES01","investment":0,"employment":0,"plotstatus":"Allotted","landallotementstatus":"SOLD","landallotementtype":"ALLOTTED","allotmentid":"YEA002949","village_name":"Rustampur","khasra_no":"348","longitude":77.58765638999999,"latitude":28.27855544,"authority":"YEIDA","category":"residential","execution_stage":"allotted"}},{"type":"Feature","geometry":{"type":"Polygon","coordinates":[[[77.587874,28.278733],[77.58758,28.278809],[77.587533,28.278665],[77.587827,28.278589],[77.587874,28.278733]]]},"properties":{"objectid":22149,"uniqueplotid":"PLNGRESIDENTIAL22149","plotmap_id":"SECTOR-20_76_Q_RESI","plotidentificationnumber":"76","plotno":"76","industrysector":"SECTOR-20","block":"Q","plotsize":"500 SQMT","plotsize_at_the_time_of_allotme":"500 SQMT","landuse_type":"RESIDENTIAL","landuse_subcategory":"RESIDENTIAL","scheme_cod":"RES01","investment":0,"employment":0,"plotstatus":"Allotted","landallotementstatus":"SOLD","landallotementtype":"ALLOTTED","allotmentid":"YEA003174","village_name":"Rustampur","khasra_no":"348","longitude":77.58770347,"latitude":28.27869897,"authority":"YEIDA","category":"residential","execution_stage":"allotted"}},{"type":"Feature","geometry":{"type":"Polygon","coordinates":[[[77.588167,28.278657],[77.587874,28.278733],[77.587827,28.278589],[77.58812,28.278513],[77.588167,28.278657]]]},"properties":{"objectid":22150,"uniqueplotid":"PLNGRESIDENTIAL22150","plotmap_id":"SECTOR-20_93_Q_RESI","plotidentificationnumber":"93","plotno":"93","industrysector":"SECTOR-20","block":"Q","plotsize":"500 SQMT","plotsize_at_the_time_of_allotme":"500 SQMT","landuse_type":"RESIDENTIAL","landuse_subcategory":"RESIDENTIAL","scheme_cod":"RES01","investment":0,"employment":0,"plotstatus":"Allotted","landallotementstatus":"SOLD","landallotementtype":"ALLOTTED","allotmentid":"YEA002044","village_name":"Rustampur","khasra_no":"349/1,349/2,348","longitude":77.5879967,"latitude":28.27862283,"authority":"YEIDA","category":"residential","execution_stage":"allotted"}},{"type":"Feature","geometry":{"type":"Polygon","coordinates":[[[77.583735,28.28335],[77.583227,28.283362],[77.583222,28.283182],[77.583731,28.28317],[77.583735,28.28335]]]},"properties":{"objectid":22238,"uniqueplotid":"PLNGRESIDENTIAL22238","plotmap_id":"SECTOR-20_415_D_RESI","plotidentificationnumber":"415","plotno":"415","industrysector":"SECTOR-20","block":"D","plotsize":"1000 SQMT","plotsize_at_the_time_of_allotme":"1000 SQMT","landuse_type":"RESIDENTIAL","landuse_subcategory":"RESIDENTIAL","scheme_cod":"RES01","investment":0,"employment":0,"plotstatus":"Allotted","landallotementstatus":"SOLD","landallotementtype":"ALLOTTED","allotmentid":"YEA001030","lease_deed":"Y","lease_deed_date":1659637800000,"village_name":"Niloni Sahapura","khasra_no":"852,851,850","longitude":77.58347882,"latitude":28.28326612,"authority":"YEIDA","category":"residential","execution_stage":"lease-recorded"}},{"type":"Feature","geometry":{"type":"Polygon","coordinates":[[[77.583731,28.28317],[77.583222,28.283182],[77.583218,28.283002],[77.583726,28.28299],[77.583731,28.28317]]]},"properties":{"objectid":22239,"uniqueplotid":"PLNGRESIDENTIAL22239","plotmap_id":"SECTOR-20_416_D_RESI","plotidentificationnumber":"416","plotno":"416","industrysector":"SECTOR-20","block":"D","plotsize":"1000 SQMT","plotsize_at_the_time_of_allotme":"1000 SQMT","landuse_type":"RESIDENTIAL","landuse_subcategory":"RESIDENTIAL","scheme_cod":"RES01","investment":0,"employment":0,"plotstatus":"Allotted","landallotementstatus":"SOLD","landallotementtype":"ALLOTTED","allotmentid":"YEA000786","lease_deed":"Y","lease_deed_date":1652725800000,"village_name":"Niloni Sahapura","khasra_no":"866,867,852,879,851,850","longitude":77.58347423,"latitude":28.283085970000002,"authority":"YEIDA","category":"residential","execution_stage":"lease-recorded"}},{"type":"Feature","geometry":{"type":"Polygon","coordinates":[[[77.583726,28.28299],[77.583218,28.283002],[77.583213,28.282822],[77.583722,28.28281],[77.583726,28.28299]]]},"properties":{"objectid":22240,"uniqueplotid":"PLNGRESIDENTIAL22240","plotmap_id":"SECTOR-20_417_D_RESI","plotidentificationnumber":"417","plotno":"417","industrysector":"SECTOR-20","block":"D","plotsize":"1000 SQMT","plotsize_at_the_time_of_allotme":"1000 SQMT","landuse_type":"RESIDENTIAL","landuse_subcategory":"RESIDENTIAL","scheme_cod":"RPS04","investment":0,"employment":0,"plotstatus":"Allotted","landallotementstatus":"SOLD","landallotementtype":"ALLOTTED","allotmentid":"RPS041386","lease_deed":"Y","lease_deed_date":1670524200000,"village_name":"Niloni Sahapura","khasra_no":"866,867,878,879,851,850,855","longitude":77.58346964,"latitude":28.28290582,"authority":"YEIDA","category":"residential","execution_stage":"lease-recorded"}},{"type":"Feature","geometry":{"type":"Polygon","coordinates":[[[77.583722,28.28281],[77.583213,28.282822],[77.583208,28.282641],[77.583717,28.28263],[77.583722,28.28281]]]},"properties":{"objectid":22241,"uniqueplotid":"PLNGRESIDENTIAL22241","plotmap_id":"SECTOR-20_418_D_RESI","plotidentificationnumber":"418","plotno":"418","industrysector":"SECTOR-20","block":"D","plotsize":"1000 SQMT","plotsize_at_the_time_of_allotme":"1000 SQMT","landuse_type":"RESIDENTIAL","landuse_subcategory":"RESIDENTIAL","scheme_cod":"RPS04","investment":0,"employment":0,"plotstatus":"Allotted","landallotementstatus":"SOLD","landallotementtype":"ALLOTTED","allotmentid":"RPS041372","village_name":"Niloni Sahapura","khasra_no":"866,867,876,878,850,855","longitude":77.58346505,"latitude":28.282725669999998,"authority":"YEIDA","category":"residential","execution_stage":"allotted"}},{"type":"Feature","geometry":{"type":"Polygon","coordinates":[[[77.58423,28.282798],[77.583722,28.28281],[77.583717,28.28263],[77.584226,28.282618],[77.58423,28.282798]]]},"properties":{"objectid":22242,"uniqueplotid":"PLNGRESIDENTIAL22242","plotmap_id":"SECTOR-20_421_D_RESI","plotidentificationnumber":"421","plotno":"421","industrysector":"SECTOR-20","block":"D","plotsize":"1000 SQMT","plotsize_at_the_time_of_allotme":"1000 SQMT","landuse_type":"RESIDENTIAL","landuse_subcategory":"RESIDENTIAL","scheme_cod":"RES01","investment":0,"employment":0,"plotstatus":"Allotted","landallotementstatus":"SOLD","landallotementtype":"ALLOTTED","allotmentid":"YEA001288","lease_deed":"Y","lease_deed_date":1635186600000,"village_name":"Niloni Sahapura","khasra_no":"876,878,879","longitude":77.58397381,"latitude":28.282714109999997,"authority":"YEIDA","category":"residential","execution_stage":"lease-recorded"}},{"type":"Feature","geometry":{"type":"Polygon","coordinates":[[[77.584235,28.282979],[77.583726,28.28299],[77.583722,28.28281],[77.58423,28.282798],[77.584235,28.282979]]]},"properties":{"objectid":22243,"uniqueplotid":"PLNGRESIDENTIAL22243","plotmap_id":"SECTOR-20_422_D_RESI","plotidentificationnumber":"422","plotno":"422","industrysector":"SECTOR-20","block":"D","plotsize":"1000 SQMT","plotsize_at_the_time_of_allotme":"1000 SQMT","landuse_type":"RESIDENTIAL","landuse_subcategory":"RESIDENTIAL","scheme_cod":"RES01","investment":0,"employment":0,"plotstatus":"Allotted","landallotementstatus":"SOLD","landallotementtype":"ALLOTTED","allotmentid":"YEA000749","village_name":"Niloni Sahapura","khasra_no":"878,879","longitude":77.5839784,"latitude":28.282894260000003,"authority":"YEIDA","category":"residential","execution_stage":"allotted"}},{"type":"Feature","geometry":{"type":"Polygon","coordinates":[[[77.582684,28.28141],[77.582175,28.281421],[77.582171,28.281241],[77.582679,28.281229],[77.582684,28.28141]]]},"properties":{"objectid":22262,"uniqueplotid":"PLNGRESIDENTIAL22262","plotmap_id":"SECTOR-20_191_D_RESI","plotidentificationnumber":"191","plotno":"191","industrysector":"SECTOR-20","block":"D","plotsize":"1000 SQMT","plotsize_at_the_time_of_allotme":"1000 SQMT","landuse_type":"RESIDENTIAL","landuse_subcategory":"RESIDENTIAL","scheme_cod":"RES01","investment":0,"employment":0,"plotstatus":"Allotted","landallotementstatus":"SOLD","landallotementtype":"ALLOTTED","allotmentid":"YEA000664","village_name":"Niloni Sahapura","khasra_no":"868,869","longitude":77.58242722000001,"latitude":28.281325220000003,"authority":"YEIDA","category":"residential","execution_stage":"allotted"}},{"type":"Feature","geometry":{"type":"Polygon","coordinates":[[[77.582679,28.281229],[77.582171,28.281241],[77.582166,28.281061],[77.582675,28.281049],[77.582679,28.281229]]]},"properties":{"objectid":22263,"uniqueplotid":"PLNGRESIDENTIAL22263","plotmap_id":"SECTOR-20_192_D_RESI","plotidentificationnumber":"192","plotno":"192","industrysector":"SECTOR-20","block":"D","plotsize":"1000 SQMT","plotsize_at_the_time_of_allotme":"1000 SQMT","landuse_type":"RESIDENTIAL","landuse_subcategory":"RESIDENTIAL","scheme_cod":"RPS06","investment":0,"employment":0,"plotstatus":"Allotted","landallotementstatus":"SOLD","landallotementtype":"ALLOTTED","allotmentid":"RPS061467","village_name":"Niloni Sahapura","khasra_no":"868,873,869","longitude":77.58242263000001,"latitude":28.28114506,"authority":"YEIDA","category":"residential","execution_stage":"allotted"}},{"type":"Feature","geometry":{"type":"Polygon","coordinates":[[[77.582675,28.281049],[77.582166,28.281061],[77.582161,28.280881],[77.58267,28.280869],[77.582675,28.281049]]]},"properties":{"objectid":22264,"uniqueplotid":"PLNGRESIDENTIAL22264","plotmap_id":"SECTOR-20_193_D_RESI","plotidentificationnumber":"193","plotno":"193","industrysector":"SECTOR-20","block":"D","plotsize":"1000 SQMT","plotsize_at_the_time_of_allotme":"1000 SQMT","landuse_type":"RESIDENTIAL","landuse_subcategory":"RESIDENTIAL","scheme_cod":"RES01","investment":0,"employment":0,"plotstatus":"Allotted","landallotementstatus":"SOLD","landallotementtype":"ALLOTTED","allotmentid":"YEA001519","village_name":"Niloni Sahapura","khasra_no":"873,869","longitude":77.58241805,"latitude":28.280964909999998,"authority":"YEIDA","category":"residential","execution_stage":"allotted"}},{"type":"Feature","geometry":{"type":"Polygon","coordinates":[[[77.58267,28.280869],[77.582161,28.280881],[77.582157,28.2807],[77.582666,28.280689],[77.58267,28.280869]]]},"properties":{"objectid":22265,"uniqueplotid":"PLNGRESIDENTIAL22265","plotmap_id":"SECTOR-20_194_D_RESI","plotidentificationnumber":"194","plotno":"194","industrysector":"SECTOR-20","block":"D","plotsize":"1000 SQMT","plotsize_at_the_time_of_allotme":"1000 SQMT","landuse_type":"RESIDENTIAL","landuse_subcategory":"RESIDENTIAL","scheme_cod":"RES01","investment":0,"employment":0,"plotstatus":"Allotted","landallotementstatus":"SOLD","landallotementtype":"ALLOTTED","allotmentid":"YEA001439","village_name":"Niloni Sahapura","khasra_no":"873,869","longitude":77.58241346000001,"latitude":28.28078475,"authority":"YEIDA","category":"residential","execution_stage":"allotted"}},{"type":"Feature","geometry":{"type":"Polygon","coordinates":[[[77.582666,28.280689],[77.582157,28.2807],[77.582152,28.28052],[77.582661,28.280509],[77.582666,28.280689]]]},"properties":{"objectid":22266,"uniqueplotid":"PLNGRESIDENTIAL22266","plotmap_id":"SECTOR-20_195_D_RESI","plotidentificationnumber":"195","plotno":"195","industrysector":"SECTOR-20","block":"D","plotsize":"1000 SQMT","plotsize_at_the_time_of_allotme":"1000 SQMT","landuse_type":"RESIDENTIAL","landuse_subcategory":"RESIDENTIAL","scheme_cod":"RES01","investment":0,"employment":0,"plotstatus":"Allotted","landallotementstatus":"SOLD","landallotementtype":"ALLOTTED","allotmentid":"YEA000726","lease_deed":"Y","lease_deed_date":1559500200000,"village_name":"Rustampur,Niloni Sahapura","khasra_no":"1,873,869","longitude":77.58240887000001,"latitude":28.2806046,"authority":"YEIDA","category":"residential","execution_stage":"lease-recorded"}},{"type":"Feature","geometry":{"type":"Polygon","coordinates":[[[77.583174,28.280677],[77.582666,28.280689],[77.582661,28.280509],[77.58317,28.280497],[77.583174,28.280677]]]},"properties":{"objectid":22267,"uniqueplotid":"PLNGRESIDENTIAL22267","plotmap_id":"SECTOR-20_200_D_RESI","plotidentificationnumber":"200","plotno":"200","industrysector":"SECTOR-20","block":"D","plotsize":"1000 SQMT","plotsize_at_the_time_of_allotme":"1000 SQMT","landuse_type":"RESIDENTIAL","landuse_subcategory":"RESIDENTIAL","scheme_cod":"RES01","investment":0,"employment":0,"plotstatus":"Allotted","landallotementstatus":"SOLD","landallotementtype":"ALLOTTED","allotmentid":"YEA000742","village_name":"Rustampur,Niloni Sahapura","khasra_no":"3,873,870","longitude":77.58291763,"latitude":28.28059304,"authority":"YEIDA","category":"residential","execution_stage":"allotted"}},{"type":"Feature","geometry":{"type":"Polygon","coordinates":[[[77.583179,28.280857],[77.58267,28.280869],[77.582666,28.280689],[77.583174,28.280677],[77.583179,28.280857]]]},"properties":{"objectid":22268,"uniqueplotid":"PLNGRESIDENTIAL22268","plotmap_id":"SECTOR-20_201_D_RESI","plotidentificationnumber":"201","plotno":"201","industrysector":"SECTOR-20","block":"D","plotsize":"1000 SQMT","plotsize_at_the_time_of_allotme":"1000 SQMT","landuse_type":"RESIDENTIAL","landuse_subcategory":"RESIDENTIAL","scheme_cod":"RES01","investment":0,"employment":0,"plotstatus":"Allotted","landallotementstatus":"SOLD","landallotementtype":"ALLOTTED","allotmentid":"YEA001441","lease_deed":"Y","lease_deed_date":1568917800000,"village_name":"Niloni Sahapura","khasra_no":"871,873,870","longitude":77.58292222,"latitude":28.2807732,"authority":"YEIDA","category":"residential","execution_stage":"lease-recorded"}},{"type":"Feature","geometry":{"type":"Polygon","coordinates":[[[77.583183,28.281038],[77.582675,28.281049],[77.58267,28.280869],[77.583179,28.280857],[77.583183,28.281038]]]},"properties":{"objectid":22269,"uniqueplotid":"PLNGRESIDENTIAL22269","plotmap_id":"SECTOR-20_202_D_RESI","plotidentificationnumber":"202","plotno":"202","industrysector":"SECTOR-20","block":"D","plotsize":"1000 SQMT","plotsize_at_the_time_of_allotme":"1000 SQMT","landuse_type":"RESIDENTIAL","landuse_subcategory":"RESIDENTIAL","scheme_cod":"RES01","investment":0,"employment":0,"plotstatus":"Allotted","landallotementstatus":"SOLD","landallotementtype":"ALLOTTED","allotmentid":"YEA000916","village_name":"Niloni Sahapura","khasra_no":"871,873,872","longitude":77.5829268,"latitude":28.28095335,"authority":"YEIDA","category":"residential","execution_stage":"allotted"}},{"type":"Feature","geometry":{"type":"Polygon","coordinates":[[[77.583188,28.281218],[77.582679,28.281229],[77.582675,28.281049],[77.583183,28.281038],[77.583188,28.281218]]]},"properties":{"objectid":22270,"uniqueplotid":"PLNGRESIDENTIAL22270","plotmap_id":"SECTOR-20_203_D_RESI","plotidentificationnumber":"203","plotno":"203","industrysector":"SECTOR-20","block":"D","plotsize":"1000 SQMT","plotsize_at_the_time_of_allotme":"1000 SQMT","landuse_type":"RESIDENTIAL","landuse_subcategory":"RESIDENTIAL","scheme_cod":"RES01","investment":0,"employment":0,"plotstatus":"Allotted","landallotementstatus":"SOLD","landallotementtype":"ALLOTTED","allotmentid":"YEA000616","lease_deed":"Y","lease_deed_date":1561660200000,"village_name":"Niloni Sahapura","khasra_no":"873,869,872","longitude":77.58293139,"latitude":28.28113351,"authority":"YEIDA","category":"residential","execution_stage":"lease-recorded"}},{"type":"Feature","geometry":{"type":"Polygon","coordinates":[[[77.583193,28.281398],[77.582684,28.28141],[77.582679,28.281229],[77.583188,28.281218],[77.583193,28.281398]]]},"properties":{"objectid":22271,"uniqueplotid":"PLNGRESIDENTIAL22271","plotmap_id":"SECTOR-20_204_D_RESI","plotidentificationnumber":"204","plotno":"204","industrysector":"SECTOR-20","block":"D","plotsize":"1000 SQMT","plotsize_at_the_time_of_allotme":"1000 SQMT","landuse_type":"RESIDENTIAL","landuse_subcategory":"RESIDENTIAL","scheme_cod":"RES01","investment":0,"employment":0,"plotstatus":"Allotted","landallotementstatus":"SOLD","landallotementtype":"ALLOTTED","allotmentid":"YEA000942","village_name":"Niloni Sahapura","khasra_no":"873,869","longitude":77.58293598,"latitude":28.281313660000002,"authority":"YEIDA","category":"residential","execution_stage":"allotted"}},{"type":"Feature","geometry":{"type":"Polygon","coordinates":[[[77.586019,28.280102],[77.585726,28.280178],[77.585679,28.280034],[77.585972,28.279958],[77.586019,28.280102]]]},"properties":{"objectid":22418,"uniqueplotid":"PLNGRESIDENTIAL22418","plotmap_id":"SECTOR-20_29_Q_RESI","plotidentificationnumber":"29","plotno":"29","industrysector":"SECTOR-20","block":"Q","plotsize":"500 SQMT","plotsize_at_the_time_of_allotme":"500 SQMT","landuse_type":"RESIDENTIAL","landuse_subcategory":"RESIDENTIAL","scheme_cod":"RES01","investment":0,"employment":0,"plotstatus":"Allotted","landallotementstatus":"SOLD","landallotementtype":"ALLOTTED","allotmentid":"YEA002452","village_name":"Rustampur","khasra_no":"325","longitude":77.58584873000001,"latitude":28.280068110000002,"authority":"YEIDA","category":"residential","execution_stage":"allotted"}},{"type":"Feature","geometry":{"type":"Polygon","coordinates":[[[77.586066,28.280245],[77.585773,28.280321],[77.585726,28.280178],[77.586019,28.280102],[77.586066,28.280245]]]},"properties":{"objectid":22419,"uniqueplotid":"PLNGRESIDENTIAL22419","plotmap_id":"SECTOR-20_30_Q_RESI","plotidentificationnumber":"30","plotno":"30","industrysector":"SECTOR-20","block":"Q","plotsize":"500 SQMT","plotsize_at_the_time_of_allotme":"500 SQMT","landuse_type":"RESIDENTIAL","landuse_subcategory":"RESIDENTIAL","scheme_cod":"RES01","investment":0,"employment":0,"plotstatus":"Allotted","landallotementstatus":"SOLD","landallotementtype":"ALLOTTED","allotmentid":"YEA003271","village_name":"Rustampur","khasra_no":"325","longitude":77.58589581000001,"latitude":28.28021163,"authority":"YEIDA","category":"residential","execution_stage":"allotted"}},{"type":"Feature","geometry":{"type":"Polygon","coordinates":[[[77.586113,28.280389],[77.58582,28.280465],[77.585773,28.280321],[77.586066,28.280245],[77.586113,28.280389]]]},"properties":{"objectid":22420,"uniqueplotid":"PLNGRESIDENTIAL22420","plotmap_id":"SECTOR-20_31_Q_RESI","plotidentificationnumber":"31","plotno":"31","industrysector":"SECTOR-20","block":"Q","plotsize":"500 SQMT","plotsize_at_the_time_of_allotme":"500 SQMT","landuse_type":"RESIDENTIAL","landuse_subcategory":"RESIDENTIAL","scheme_cod":"RES01","investment":0,"employment":0,"plotstatus":"Allotted","landallotementstatus":"SOLD","landallotementtype":"ALLOTTED","allotmentid":"YEA001908","village_name":"Rustampur","khasra_no":"325,324","longitude":77.58594289,"latitude":28.28035516,"authority":"YEIDA","category":"residential","execution_stage":"allotted"}},{"type":"Feature","geometry":{"type":"Polygon","coordinates":[[[77.58616,28.280532],[77.585867,28.280609],[77.58582,28.280465],[77.586113,28.280389],[77.58616,28.280532]]]},"properties":{"objectid":22421,"uniqueplotid":"PLNGRESIDENTIAL22421","plotmap_id":"SECTOR-20_32_Q_RESI","plotidentificationnumber":"32","plotno":"32","industrysector":"SECTOR-20","block":"Q","plotsize":"500 SQMT","plotsize_at_the_time_of_allotme":"500 SQMT","landuse_type":"RESIDENTIAL","landuse_subcategory":"RESIDENTIAL","scheme_cod":"RES01","investment":0,"employment":0,"plotstatus":"Allotted","landallotementstatus":"SOLD","landallotementtype":"ALLOTTED","allotmentid":"YEA003725","village_name":"Rustampur,Niloni Sahapura","khasra_no":"325,324,1038","longitude":77.58598997,"latitude":28.28049868,"authority":"YEIDA","category":"residential","execution_stage":"allotted"}},{"type":"Feature","geometry":{"type":"Polygon","coordinates":[[[77.586406,28.280313],[77.586113,28.280389],[77.586066,28.280245],[77.586359,28.280169],[77.586406,28.280313]]]},"properties":{"objectid":22422,"uniqueplotid":"PLNGRESIDENTIAL22422","plotmap_id":"SECTOR-20_42_Q_RESI","plotidentificationnumber":"42","plotno":"42","industrysector":"SECTOR-20","block":"Q","plotsize":"500 SQMT","plotsize_at_the_time_of_allotme":"500 SQMT","landuse_type":"RESIDENTIAL","landuse_subcategory":"RESIDENTIAL","scheme_cod":"RES01","investment":0,"employment":0,"plotstatus":"Allotted","landallotementstatus":"SOLD","landallotementtype":"ALLOTTED","allotmentid":"YEA003098","village_name":"Rustampur","khasra_no":"325,326","longitude":77.58623613,"latitude":28.280279020000002,"authority":"YEIDA","category":"residential","execution_stage":"allotted"}},{"type":"Feature","geometry":{"type":"Polygon","coordinates":[[[77.586359,28.280169],[77.586066,28.280245],[77.586019,28.280102],[77.586312,28.280026],[77.586359,28.280169]]]},"properties":{"objectid":22423,"uniqueplotid":"PLNGRESIDENTIAL22423","plotmap_id":"SECTOR-20_43_Q_RESI","plotidentificationnumber":"43","plotno":"43","industrysector":"SECTOR-20","block":"Q","plotsize":"500 SQMT","plotsize_at_the_time_of_allotme":"500 SQMT","landuse_type":"RESIDENTIAL","landuse_subcategory":"RESIDENTIAL","scheme_cod":"RES01","investment":0,"employment":0,"plotstatus":"Allotted","landallotementstatus":"SOLD","landallotementtype":"ALLOTTED","allotmentid":"YEA002173","village_name":"Rustampur","khasra_no":"325,326","longitude":77.58618905,"latitude":28.2801355,"authority":"YEIDA","category":"residential","execution_stage":"allotted"}},{"type":"Feature","geometry":{"type":"Polygon","coordinates":[[[77.587219,28.280599],[77.587057,28.280641],[77.586972,28.280382],[77.587134,28.28034],[77.587219,28.280599]]]},"properties":{"objectid":22444,"uniqueplotid":"PLNGRESIDENTIAL22444","plotmap_id":"SECTOR-20_51_Q_RESI","plotidentificationnumber":"51","plotno":"51","industrysector":"SECTOR-20","block":"Q","plotsize":"500 SQMT","plotsize_at_the_time_of_allotme":"500 SQMT","landuse_type":"RESIDENTIAL","landuse_subcategory":"RESIDENTIAL","scheme_cod":"RES01","investment":0,"employment":0,"plotstatus":"Allotted","landallotementstatus":"SOLD","landallotementtype":"ALLOTTED","allotmentid":"YEA002200","lease_deed":"Y","lease_deed_date":1582482600000,"village_name":"Niloni Sahapura","khasra_no":"1039,1038","longitude":77.58709565000001,"latitude":28.28049026,"authority":"YEIDA","category":"residential","execution_stage":"lease-recorded"}},{"type":"Feature","geometry":{"type":"Polygon","coordinates":[[[77.587382,28.280557],[77.587219,28.280599],[77.587134,28.28034],[77.587296,28.280297],[77.587382,28.280557]]]},"properties":{"objectid":22445,"uniqueplotid":"PLNGRESIDENTIAL22445","plotmap_id":"SECTOR-20_52_Q_RESI","plotidentificationnumber":"52","plotno":"52","industrysector":"SECTOR-20","block":"Q","plotsize":"500 SQMT","plotsize_at_the_time_of_allotme":"500 SQMT","landuse_type":"RESIDENTIAL","landuse_subcategory":"RESIDENTIAL","scheme_cod":"RES01","investment":0,"employment":0,"plotstatus":"Allotted","landallotementstatus":"SOLD","landallotementtype":"ALLOTTED","allotmentid":"YEA001763","lease_deed":"Y","lease_deed_date":1608489000000,"village_name":"Niloni Sahapura","khasra_no":"1040,1039","longitude":77.58725790999999,"latitude":28.28044813,"authority":"YEIDA","category":"residential","execution_stage":"lease-recorded"}},{"type":"Feature","geometry":{"type":"Polygon","coordinates":[[[77.587544,28.280515],[77.587382,28.280557],[77.587296,28.280297],[77.587459,28.280255],[77.587544,28.280515]]]},"properties":{"objectid":22446,"uniqueplotid":"PLNGRESIDENTIAL22446","plotmap_id":"SECTOR-20_53_Q_RESI","plotidentificationnumber":"53","plotno":"53","industrysector":"SECTOR-20","block":"Q","plotsize":"500 SQMT","plotsize_at_the_time_of_allotme":"500 SQMT","landuse_type":"RESIDENTIAL","landuse_subcategory":"RESIDENTIAL","scheme_cod":"RES01","investment":0,"employment":0,"plotstatus":"Allotted","landallotementstatus":"SOLD","landallotementtype":"ALLOTTED","allotmentid":"YEA003575","lease_deed":"Y","lease_deed_date":1675103400000,"village_name":"Niloni Sahapura","khasra_no":"1040","longitude":77.58742017,"latitude":28.280406,"authority":"YEIDA","category":"residential","execution_stage":"lease-recorded"}},{"type":"Feature","geometry":{"type":"Polygon","coordinates":[[[77.586259,28.282089],[77.586014,28.28215],[77.585981,28.282045],[77.586227,28.281985],[77.586259,28.282089]]]},"properties":{"objectid":22467,"uniqueplotid":"PLNGRESIDENTIAL22467","plotmap_id":"SECTOR-20_535_O_RESI","plotidentificationnumber":"535","plotno":"535","industrysector":"SECTOR-20","block":"O","plotsize":"300 SQMT","plotsize_at_the_time_of_allotme":"300 SQMT","landuse_type":"RESIDENTIAL","landuse_subcategory":"RESIDENTIAL","scheme_cod":"RES01","investment":0,"employment":0,"plotstatus":"Allotted","landallotementstatus":"SOLD","landallotementtype":"ALLOTTED","allotmentid":"YEA015340","village_name":"Niloni Sahapura","khasra_no":"1037","longitude":77.58612028,"latitude":28.28206712,"authority":"YEIDA","category":"residential","execution_stage":"allotted"}},{"type":"Feature","geometry":{"type":"Polygon","coordinates":[[[77.586227,28.281985],[77.585981,28.282045],[77.585949,28.281941],[77.586194,28.281881],[77.586227,28.281985]]]},"properties":{"objectid":22468,"uniqueplotid":"PLNGRESIDENTIAL22468","plotmap_id":"SECTOR-20_536_O_RESI","plotidentificationnumber":"536","plotno":"536","industrysector":"SECTOR-20","block":"O","plotsize":"300 SQMT","plotsize_at_the_time_of_allotme":"300 SQMT","landuse_type":"RESIDENTIAL","landuse_subcategory":"RESIDENTIAL","scheme_cod":"RES01","investment":0,"employment":0,"plotstatus":"Allotted","landallotementstatus":"SOLD","landallotementtype":"ALLOTTED","allotmentid":"YEA019084","lease_deed":"Y","lease_deed_date":1607452200000,"village_name":"Niloni Sahapura","khasra_no":"1037","longitude":77.58608776999999,"latitude":28.28196299,"authority":"YEIDA","category":"residential","execution_stage":"lease-recorded"}},{"type":"Feature","geometry":{"type":"Polygon","coordinates":[[[77.586194,28.281881],[77.585949,28.281941],[77.585916,28.281837],[77.586162,28.281776],[77.586194,28.281881]]]},"properties":{"objectid":22469,"uniqueplotid":"PLNGRESIDENTIAL22469","plotmap_id":"SECTOR-20_537_O_RESI","plotidentificationnumber":"537","plotno":"537","industrysector":"SECTOR-20","block":"O","plotsize":"300 SQMT","plotsize_at_the_time_of_allotme":"300 SQMT","landuse_type":"RESIDENTIAL","landuse_subcategory":"RESIDENTIAL","scheme_cod":"RES01","investment":0,"employment":0,"plotstatus":"Allotted","landallotementstatus":"SOLD","landallotementtype":"ALLOTTED","allotmentid":"YEA017737","lease_deed":"Y","lease_deed_date":1577989800000,"village_name":"Niloni Sahapura","khasra_no":"1038,1037","longitude":77.58605527,"latitude":28.28185885,"authority":"YEIDA","category":"residential","execution_stage":"lease-recorded"}},{"type":"Feature","geometry":{"type":"Polygon","coordinates":[[[77.586407,28.281716],[77.586162,28.281776],[77.586129,28.281672],[77.586374,28.281612],[77.586407,28.281716]]]},"properties":{"objectid":22470,"uniqueplotid":"PLNGRESIDENTIAL22470","plotmap_id":"SECTOR-20_545_O_RESI","plotidentificationnumber":"545","plotno":"545","industrysector":"SECTOR-20","block":"O","plotsize":"300 SQMT","plotsize_at_the_time_of_allotme":"300 SQMT","landuse_type":"RESIDENTIAL","landuse_subcategory":"RESIDENTIAL","scheme_cod":"RES01","investment":0,"employment":0,"plotstatus":"Allotted","landallotementstatus":"SOLD","landallotementtype":"ALLOTTED","allotmentid":"YEA019258","lease_deed":"Y","lease_deed_date":1595269800000,"village_name":"Niloni Sahapura","khasra_no":"1038","longitude":77.58626802,"latitude":28.28169408,"authority":"YEIDA","category":"residential","execution_stage":"lease-recorded"}},{"type":"Feature","geometry":{"type":"Polygon","coordinates":[[[77.586439,28.28182],[77.586194,28.281881],[77.586162,28.281776],[77.586407,28.281716],[77.586439,28.28182]]]},"properties":{"objectid":22471,"uniqueplotid":"PLNGRESIDENTIAL22471","plotmap_id":"SECTOR-20_546_O_RESI","plotidentificationnumber":"546","plotno":"546","industrysector":"SECTOR-20","block":"O","plotsize":"300 SQMT","plotsize_at_the_time_of_allotme":"300 SQMT","landuse_type":"RESIDENTIAL","landuse_subcategory":"RESIDENTIAL","scheme_cod":"RES01","investment":0,"employment":0,"plotstatus":"Allotted","landallotementstatus":"SOLD","landallotementtype":"ALLOTTED","allotmentid":"YEA019208","village_name":"Niloni Sahapura","khasra_no":"1038,1037","longitude":77.58630052999999,"latitude":28.281798220000002,"authority":"YEIDA","category":"residential","execution_stage":"allotted"}},{"type":"Feature","geometry":{"type":"Polygon","coordinates":[[[77.586472,28.281924],[77.586227,28.281985],[77.586194,28.281881],[77.586439,28.28182],[77.586472,28.281924]]]},"properties":{"objectid":22472,"uniqueplotid":"PLNGRESIDENTIAL22472","plotmap_id":"SECTOR-20_547_O_RESI","plotidentificationnumber":"547","plotno":"547","industrysector":"SECTOR-20","block":"O","plotsize":"300 SQMT","plotsize_at_the_time_of_allotme":"300 SQMT","landuse_type":"RESIDENTIAL","landuse_subcategory":"RESIDENTIAL","scheme_cod":"RES01","investment":0,"employment":0,"plotstatus":"Allotted","landallotementstatus":"SOLD","landallotementtype":"ALLOTTED","allotmentid":"YEA008478","lease_deed":"Y","lease_deed_date":1577298600000,"village_name":"Niloni Sahapura","khasra_no":"1038,1037","longitude":77.58633304,"latitude":28.28190235,"authority":"YEIDA","category":"residential","execution_stage":"lease-recorded"}},{"type":"Feature","geometry":{"type":"Polygon","coordinates":[[[77.586691,28.283459],[77.586573,28.283488],[77.586505,28.283271],[77.586623,28.283242],[77.586691,28.283459]]]},"properties":{"objectid":22473,"uniqueplotid":"PLNGRESIDENTIAL22473","plotmap_id":"SECTOR-20_498_O_RESI","plotidentificationnumber":"498","plotno":"498","industrysector":"SECTOR-20","block":"O","plotsize":"300 SQMT","plotsize_at_the_time_of_allotme":"300 SQMT","landuse_type":"RESIDENTIAL","landuse_subcategory":"RESIDENTIAL","scheme_cod":"RES01","investment":0,"employment":0,"plotstatus":"Allotted","landallotementstatus":"SOLD","landallotementtype":"ALLOTTED","allotmentid":"YEA005221","lease_deed":"Y","lease_deed_date":1576089000000,"village_name":"Niloni Sahapura","khasra_no":"1023","longitude":77.58659778,"latitude":28.28336515,"authority":"YEIDA","category":"residential","execution_stage":"lease-recorded"}},{"type":"Feature","geometry":{"type":"Polygon","coordinates":[[[77.587689,28.283792],[77.587571,28.283821],[77.587504,28.283604],[77.587621,28.283575],[77.587689,28.283792]]]},"properties":{"objectid":22474,"uniqueplotid":"PLNGRESIDENTIAL22474","plotmap_id":"SECTOR-20_470_O_RESI","plotidentificationnumber":"470","plotno":"470","industrysector":"SECTOR-20","block":"O","plotsize":"300 SQMT","plotsize_at_the_time_of_allotme":"300 SQMT","landuse_type":"RESIDENTIAL","landuse_subcategory":"RESIDENTIAL","scheme_cod":"RES01","investment":0,"employment":0,"plotstatus":"Allotted","landallotementstatus":"SOLD","landallotementtype":"ALLOTTED","allotmentid":"YEA008511","village_name":"Niloni Sahapura","khasra_no":"971,1024,1021,1022","longitude":77.58759628,"latitude":28.28369787,"authority":"YEIDA","category":"residential","execution_stage":"allotted"}},{"type":"Feature","geometry":{"type":"Polygon","coordinates":[[[77.587807,28.283763],[77.587689,28.283792],[77.587621,28.283575],[77.587739,28.283546],[77.587807,28.283763]]]},"properties":{"objectid":22475,"uniqueplotid":"PLNGRESIDENTIAL22475","plotmap_id":"SECTOR-20_471_O_RESI","plotidentificationnumber":"471","plotno":"471","industrysector":"SECTOR-20","block":"O","plotsize":"300 SQMT","plotsize_at_the_time_of_allotme":"300 SQMT","landuse_type":"RESIDENTIAL","landuse_subcategory":"RESIDENTIAL","scheme_cod":"RES01","investment":0,"employment":0,"plotstatus":"Allotted","landallotementstatus":"SOLD","landallotementtype":"ALLOTTED","allotmentid":"YEA012820","village_name":"Niloni Sahapura","khasra_no":"971,1024,1021,1022","longitude":77.58771401,"latitude":28.28366876,"authority":"YEIDA","category":"residential","execution_stage":"allotted"}},{"type":"Feature","geometry":{"type":"Polygon","coordinates":[[[77.587924,28.283734],[77.587807,28.283763],[77.587739,28.283546],[77.587857,28.283517],[77.587924,28.283734]]]},"properties":{"objectid":22476,"uniqueplotid":"PLNGRESIDENTIAL22476","plotmap_id":"SECTOR-20_472_O_RESI","plotidentificationnumber":"472","plotno":"472","industrysector":"SECTOR-20","block":"O","plotsize":"300 SQMT","plotsize_at_the_time_of_allotme":"300 SQMT","landuse_type":"RESIDENTIAL","landuse_subcategory":"RESIDENTIAL","scheme_cod":"RES01","investment":0,"employment":0,"plotstatus":"Allotted","landallotementstatus":"SOLD","landallotementtype":"ALLOTTED","allotmentid":"YEA017386","village_name":"Niloni Sahapura","khasra_no":"971,1024,1021,1022","longitude":77.58783173,"latitude":28.28363966,"authority":"YEIDA","category":"residential","execution_stage":"allotted"}},{"type":"Feature","geometry":{"type":"Polygon","coordinates":[[[77.588042,28.283704],[77.587924,28.283734],[77.587857,28.283517],[77.587974,28.283488],[77.588042,28.283704]]]},"properties":{"objectid":22477,"uniqueplotid":"PLNGRESIDENTIAL22477","plotmap_id":"SECTOR-20_473_O_RESI","plotidentificationnumber":"473","plotno":"473","industrysector":"SECTOR-20","block":"O","plotsize":"300 SQMT","plotsize_at_the_time_of_allotme":"300 SQMT","landuse_type":"RESIDENTIAL","landuse_subcategory":"RESIDENTIAL","scheme_cod":"RES01","investment":0,"employment":0,"plotstatus":"Allotted","landallotementstatus":"SOLD","landallotementtype":"ALLOTTED","allotmentid":"YEA013054","village_name":"Niloni Sahapura","khasra_no":"971,1024,1021,1022","longitude":77.58794946,"latitude":28.28361056,"authority":"YEIDA","category":"residential","execution_stage":"allotted"}},{"type":"Feature","geometry":{"type":"Polygon","coordinates":[[[77.58816,28.283675],[77.588042,28.283704],[77.587974,28.283488],[77.588092,28.283458],[77.58816,28.283675]]]},"properties":{"objectid":22478,"uniqueplotid":"PLNGRESIDENTIAL22478","plotmap_id":"SECTOR-20_474_O_RESI","plotidentificationnumber":"474","plotno":"474","industrysector":"SECTOR-20","block":"O","plotsize":"300 SQMT","plotsize_at_the_time_of_allotme":"300 SQMT","landuse_type":"RESIDENTIAL","landuse_subcategory":"RESIDENTIAL","scheme_cod":"RES01","investment":0,"employment":0,"plotstatus":"Allotted","landallotementstatus":"SOLD","landallotementtype":"ALLOTTED","allotmentid":"YEA008397","village_name":"Niloni Sahapura","khasra_no":"971,1024,1021,1022","longitude":77.58806718999999,"latitude":28.28358146,"authority":"YEIDA","category":"residential","execution_stage":"allotted"}},{"type":"Feature","geometry":{"type":"Polygon","coordinates":[[[77.588563,28.283342],[77.588445,28.283371],[77.588378,28.283154],[77.588495,28.283125],[77.588563,28.283342]]]},"properties":{"objectid":22479,"uniqueplotid":"PLNGRESIDENTIAL22479","plotmap_id":"SECTOR-20_485_O_RESI","plotidentificationnumber":"485","plotno":"485","industrysector":"SECTOR-20","block":"O","plotsize":"300 SQMT","plotsize_at_the_time_of_allotme":"300 SQMT","landuse_type":"RESIDENTIAL","landuse_subcategory":"RESIDENTIAL","scheme_cod":"RES01","investment":0,"employment":0,"plotstatus":"Allotted","landallotementstatus":"SOLD","landallotementtype":"ALLOTTED","allotmentid":"YEA013519","village_name":"Niloni Sahapura","khasra_no":"971,1024,1021,1022","longitude":77.58847038,"latitude":28.2832481,"authority":"YEIDA","category":"residential","execution_stage":"allotted"}},{"type":"Feature","geometry":{"type":"Polygon","coordinates":[[[77.588445,28.283371],[77.588328,28.2834],[77.58826,28.283183],[77.588378,28.283154],[77.588445,28.283371]]]},"properties":{"objectid":22480,"uniqueplotid":"PLNGRESIDENTIAL22480","plotmap_id":"SECTOR-20_486_O_RESI","plotidentificationnumber":"486","plotno":"486","industrysector":"SECTOR-20","block":"O","plotsize":"300 SQMT","plotsize_at_the_time_of_allotme":"300 SQMT","landuse_type":"RESIDENTIAL","landuse_subcategory":"RESIDENTIAL","scheme_cod":"RES01","investment":0,"employment":0,"plotstatus":"Allotted","landallotementstatus":"SOLD","landallotementtype":"ALLOTTED","allotmentid":"YEA012411","village_name":"Niloni Sahapura","khasra_no":"971,1024,1021,1022","longitude":77.58835265,"latitude":28.2832772,"authority":"YEIDA","category":"residential","execution_stage":"allotted"}},{"type":"Feature","geometry":{"type":"Polygon","coordinates":[[[77.588328,28.2834],[77.58821,28.283429],[77.588142,28.283212],[77.58826,28.283183],[77.588328,28.2834]]]},"properties":{"objectid":22481,"uniqueplotid":"PLNGRESIDENTIAL22481","plotmap_id":"SECTOR-20_487_O_RESI","plotidentificationnumber":"487","plotno":"487","industrysector":"SECTOR-20","block":"O","plotsize":"300 SQMT","plotsize_at_the_time_of_allotme":"300 SQMT","landuse_type":"RESIDENTIAL","landuse_subcategory":"RESIDENTIAL","scheme_cod":"RES01","investment":0,"employment":0,"plotstatus":"Allotted","landallotementstatus":"SOLD","landallotementtype":"ALLOTTED","allotmentid":"YEA006391","village_name":"Niloni Sahapura","khasra_no":"1024,1021,1022","longitude":77.58823492,"latitude":28.2833063,"authority":"YEIDA","category":"residential","execution_stage":"allotted"}},{"type":"Feature","geometry":{"type":"Polygon","coordinates":[[[77.58821,28.283429],[77.588092,28.283458],[77.588024,28.283241],[77.588142,28.283212],[77.58821,28.283429]]]},"properties":{"objectid":22482,"uniqueplotid":"PLNGRESIDENTIAL22482","plotmap_id":"SECTOR-20_488_O_RESI","plotidentificationnumber":"488","plotno":"488","industrysector":"SECTOR-20","block":"O","plotsize":"300 SQMT","plotsize_at_the_time_of_allotme":"300 SQMT","landuse_type":"RESIDENTIAL","landuse_subcategory":"RESIDENTIAL","scheme_cod":"RES01","investment":0,"employment":0,"plotstatus":"Allotted","landallotementstatus":"SOLD","landallotementtype":"ALLOTTED","allotmentid":"YEA004260","village_name":"Niloni Sahapura","khasra_no":"1024,1022","longitude":77.58811718999999,"latitude":28.283335400000002,"authority":"YEIDA","category":"residential","execution_stage":"allotted"}},{"type":"Feature","geometry":{"type":"Polygon","coordinates":[[[77.587974,28.283488],[77.587857,28.283517],[77.587789,28.2833],[77.587907,28.283271],[77.587974,28.283488]]]},"properties":{"objectid":22483,"uniqueplotid":"PLNGRESIDENTIAL22483","plotmap_id":"SECTOR-20_490_O_RESI","plotidentificationnumber":"490","plotno":"490","industrysector":"SECTOR-20","block":"O","plotsize":"300 SQMT","plotsize_at_the_time_of_allotme":"300 SQMT","landuse_type":"RESIDENTIAL","landuse_subcategory":"RESIDENTIAL","scheme_cod":"RES01","investment":0,"employment":0,"plotstatus":"Allotted","landallotementstatus":"SOLD","landallotementtype":"ALLOTTED","allotmentid":"YEA018488","village_name":"Niloni Sahapura","khasra_no":"1024","longitude":77.58788174,"latitude":28.28339361,"authority":"YEIDA","category":"residential","execution_stage":"allotted"}},{"type":"Feature","geometry":{"type":"Polygon","coordinates":[[[77.587857,28.283517],[77.587739,28.283546],[77.587671,28.283329],[77.587789,28.2833],[77.587857,28.283517]]]},"properties":{"objectid":22484,"uniqueplotid":"PLNGRESIDENTIAL22484","plotmap_id":"SECTOR-20_491_O_RESI","plotidentificationnumber":"491","plotno":"491","industrysector":"SECTOR-20","block":"O","plotsize":"300 SQMT","plotsize_at_the_time_of_allotme":"300 SQMT","landuse_type":"RESIDENTIAL","landuse_subcategory":"RESIDENTIAL","scheme_cod":"RES01","investment":0,"employment":0,"plotstatus":"Allotted","landallotementstatus":"SOLD","landallotementtype":"ALLOTTED","allotmentid":"YEA013868","village_name":"Niloni Sahapura","khasra_no":"1024","longitude":77.58776401,"latitude":28.28342271,"authority":"YEIDA","category":"residential","execution_stage":"allotted"}},{"type":"Feature","geometry":{"type":"Polygon","coordinates":[[[77.587739,28.283546],[77.587621,28.283575],[77.587554,28.283358],[77.587671,28.283329],[77.587739,28.283546]]]},"properties":{"objectid":22485,"uniqueplotid":"PLNGRESIDENTIAL22485","plotmap_id":"SECTOR-20_492_O_RESI","plotidentificationnumber":"492","plotno":"492","industrysector":"SECTOR-20","block":"O","plotsize":"300 SQMT","plotsize_at_the_time_of_allotme":"300 SQMT","landuse_type":"RESIDENTIAL","landuse_subcategory":"RESIDENTIAL","scheme_cod":"RES01","investment":0,"employment":0,"plotstatus":"Allotted","landallotementstatus":"SOLD","landallotementtype":"ALLOTTED","allotmentid":"YEA015739","lease_deed":"Y","lease_deed_date":1571769000000,"village_name":"Niloni Sahapura","khasra_no":"1024","longitude":77.58764628,"latitude":28.28345181,"authority":"YEIDA","category":"residential","execution_stage":"lease-recorded"}},{"type":"Feature","geometry":{"type":"Polygon","coordinates":[[[77.587621,28.283575],[77.587504,28.283604],[77.587436,28.283387],[77.587554,28.283358],[77.587621,28.283575]]]},"properties":{"objectid":22486,"uniqueplotid":"PLNGRESIDENTIAL22486","plotmap_id":"SECTOR-20_493_O_RESI","plotidentificationnumber":"493","plotno":"493","industrysector":"SECTOR-20","block":"O","plotsize":"300 SQMT","plotsize_at_the_time_of_allotme":"300 SQMT","landuse_type":"RESIDENTIAL","landuse_subcategory":"RESIDENTIAL","scheme_cod":"RES01","investment":0,"employment":0,"plotstatus":"Allotted","landallotementstatus":"SOLD","landallotementtype":"ALLOTTED","allotmentid":"YEA008710","lease_deed":"Y","lease_deed_date":1681065000000,"village_name":"Niloni Sahapura","khasra_no":"1024","longitude":77.58752855,"latitude":28.28348092,"authority":"YEIDA","category":"residential","execution_stage":"lease-recorded"}},{"type":"Feature","geometry":{"type":"Polygon","coordinates":[[[77.587012,28.284501],[77.586767,28.284562],[77.586734,28.284458],[77.58698,28.284397],[77.587012,28.284501]]]},"properties":{"objectid":22487,"uniqueplotid":"PLNGRESIDENTIAL22487","plotmap_id":"SECTOR-20_445_O_RESI","plotidentificationnumber":"445","plotno":"445","industrysector":"SECTOR-20","block":"O","plotsize":"300 SQMT","plotsize_at_the_time_of_allotme":"300 SQMT","landuse_type":"RESIDENTIAL","landuse_subcategory":"RESIDENTIAL","scheme_cod":"RES01","investment":0,"employment":0,"plotstatus":"Allotted","landallotementstatus":"SOLD","landallotementtype":"ALLOTTED","allotmentid":"YEA017986","village_name":"Niloni Sahapura","khasra_no":"966","longitude":77.58687333,"latitude":28.2844795,"authority":"YEIDA","category":"residential","execution_stage":"allotted"}},{"type":"Feature","geometry":{"type":"Polygon","coordinates":[[[77.58729,28.284545],[77.587045,28.284605],[77.587012,28.284501],[77.587257,28.284441],[77.58729,28.284545]]]},"properties":{"objectid":22494,"uniqueplotid":"PLNGRESIDENTIAL22494","plotmap_id":"SECTOR-20_457_O_RESI","plotidentificationnumber":"457","plotno":"457","industrysector":"SECTOR-20","block":"O","plotsize":"300 SQMT","plotsize_at_the_time_of_allotme":"300 SQMT","landuse_type":"RESIDENTIAL","landuse_subcategory":"RESIDENTIAL","scheme_cod":"RES01","investment":0,"employment":0,"plotstatus":"Allotted","landallotementstatus":"SOLD","landallotementtype":"ALLOTTED","allotmentid":"YEA020525","lease_deed":"Y","lease_deed_date":1674585000000,"village_name":"Niloni Sahapura","khasra_no":"966","longitude":77.5871511,"latitude":28.28452301,"authority":"YEIDA","category":"residential","execution_stage":"lease-recorded"}},{"type":"Feature","geometry":{"type":"Polygon","coordinates":[[[77.587936,28.284516],[77.587691,28.284577],[77.587658,28.284472],[77.587904,28.284412],[77.587936,28.284516]]]},"properties":{"objectid":22498,"uniqueplotid":"PLNGRESIDENTIAL22498","plotmap_id":"SECTOR-20_421_O_RESI","plotidentificationnumber":"421","plotno":"421","industrysector":"SECTOR-20","block":"O","plotsize":"300 SQMT","plotsize_at_the_time_of_allotme":"300 SQMT","landuse_type":"RESIDENTIAL","landuse_subcategory":"RESIDENTIAL","scheme_cod":"RES01","investment":0,"employment":0,"plotstatus":"Allotted","landallotementstatus":"SOLD","landallotementtype":"ALLOTTED","allotmentid":"YEA008142","village_name":"Niloni Sahapura","khasra_no":"966","longitude":77.58779729,"latitude":28.284494130000002,"authority":"YEIDA","category":"residential","execution_stage":"allotted"}},{"type":"Feature","geometry":{"type":"Polygon","coordinates":[[[77.587904,28.284412],[77.587658,28.284472],[77.587626,28.284368],[77.587871,28.284308],[77.587904,28.284412]]]},"properties":{"objectid":22499,"uniqueplotid":"PLNGRESIDENTIAL22499","plotmap_id":"SECTOR-20_422_O_RESI","plotidentificationnumber":"422","plotno":"422","industrysector":"SECTOR-20","block":"O","plotsize":"300 SQMT","plotsize_at_the_time_of_allotme":"300 SQMT","landuse_type":"RESIDENTIAL","landuse_subcategory":"RESIDENTIAL","scheme_cod":"RES01","investment":0,"employment":0,"plotstatus":"Allotted","landallotementstatus":"SOLD","landallotementtype":"ALLOTTED","allotmentid":"YEA006616","village_name":"Niloni Sahapura","khasra_no":"966","longitude":77.58776478,"latitude":28.284390000000002,"authority":"YEIDA","category":"residential","execution_stage":"allotted"}},{"type":"Feature","geometry":{"type":"Polygon","coordinates":[[[77.587658,28.284472],[77.587413,28.284533],[77.587381,28.284429],[77.587626,28.284368],[77.587658,28.284472]]]},"properties":{"objectid":22500,"uniqueplotid":"PLNGRESIDENTIAL22500","plotmap_id":"SECTOR-20_431_O_RESI","plotidentificationnumber":"431","plotno":"431","industrysector":"SECTOR-20","block":"O","plotsize":"300 SQMT","plotsize_at_the_time_of_allotme":"300 SQMT","landuse_type":"RESIDENTIAL","landuse_subcategory":"RESIDENTIAL","scheme_cod":"RES01","investment":0,"employment":0,"plotstatus":"Allotted","landallotementstatus":"SOLD","landallotementtype":"ALLOTTED","allotmentid":"YEA013445","lease_deed":"Y","lease_deed_date":1597775400000,"village_name":"Niloni Sahapura","khasra_no":"966","longitude":77.58751952,"latitude":28.284450630000002,"authority":"YEIDA","category":"residential","execution_stage":"lease-recorded"}},{"type":"Feature","geometry":{"type":"Polygon","coordinates":[[[77.588934,28.284157],[77.588689,28.284218],[77.588656,28.284114],[77.588901,28.284053],[77.588934,28.284157]]]},"properties":{"objectid":22509,"uniqueplotid":"PLNGRESIDENTIAL22509","plotmap_id":"SECTOR-20_376_O_RESI","plotidentificationnumber":"376","plotno":"376","industrysector":"SECTOR-20","block":"O","plotsize":"300 SQMT","plotsize_at_the_time_of_allotme":"300 SQMT","landuse_type":"RESIDENTIAL","landuse_subcategory":"RESIDENTIAL","scheme_cod":"RES01","investment":0,"employment":0,"plotstatus":"Allotted","landallotementstatus":"SOLD","landallotementtype":"ALLOTTED","allotmentid":"YEA016280","village_name":"Niloni Sahapura","khasra_no":"970,969","longitude":77.5887949,"latitude":28.28413535,"authority":"YEIDA","category":"residential","execution_stage":"allotted"}},{"type":"Feature","geometry":{"type":"Polygon","coordinates":[[[77.588966,28.284261],[77.588721,28.284322],[77.588689,28.284218],[77.588934,28.284157],[77.588966,28.284261]]]},"properties":{"objectid":22510,"uniqueplotid":"PLNGRESIDENTIAL22510","plotmap_id":"SECTOR-20_377_O_RESI","plotidentificationnumber":"377","plotno":"377","industrysector":"SECTOR-20","block":"O","plotsize":"300 SQMT","plotsize_at_the_time_of_allotme":"300 SQMT","landuse_type":"RESIDENTIAL","landuse_subcategory":"RESIDENTIAL","scheme_cod":"RES01","investment":0,"employment":0,"plotstatus":"Allotted","landallotementstatus":"SOLD","landallotementtype":"ALLOTTED","allotmentid":"YEA008763","village_name":"Niloni Sahapura","khasra_no":"970,969","longitude":77.58882741000001,"latitude":28.28423948,"authority":"YEIDA","category":"residential","execution_stage":"allotted"}},{"type":"Feature","geometry":{"type":"Polygon","coordinates":[[[77.588999,28.284365],[77.588754,28.284426],[77.588721,28.284322],[77.588966,28.284261],[77.588999,28.284365]]]},"properties":{"objectid":22511,"uniqueplotid":"PLNGRESIDENTIAL22511","plotmap_id":"SECTOR-20_378_O_RESI","plotidentificationnumber":"378","plotno":"378","industrysector":"SECTOR-20","block":"O","plotsize":"300 SQMT","plotsize_at_the_time_of_allotme":"300 SQMT","landuse_type":"RESIDENTIAL","landuse_subcategory":"RESIDENTIAL","scheme_cod":"RES01","investment":0,"employment":0,"plotstatus":"Allotted","landallotementstatus":"SOLD","landallotementtype":"ALLOTTED","allotmentid":"YEA004876","village_name":"Niloni Sahapura","khasra_no":"969","longitude":77.58885991000001,"latitude":28.28434362,"authority":"YEIDA","category":"residential","execution_stage":"allotted"}},{"type":"Feature","geometry":{"type":"Polygon","coordinates":[[[77.589031,28.28447],[77.588786,28.28453],[77.588754,28.284426],[77.588999,28.284365],[77.589031,28.28447]]]},"properties":{"objectid":22512,"uniqueplotid":"PLNGRESIDENTIAL22512","plotmap_id":"SECTOR-20_379_O_RESI","plotidentificationnumber":"379","plotno":"379","industrysector":"SECTOR-20","block":"O","plotsize":"300 SQMT","plotsize_at_the_time_of_allotme":"300 SQMT","landuse_type":"RESIDENTIAL","landuse_subcategory":"RESIDENTIAL","scheme_cod":"RES01","investment":0,"employment":0,"plotstatus":"Allotted","landallotementstatus":"SOLD","landallotementtype":"ALLOTTED","allotmentid":"YEA007623","village_name":"Niloni Sahapura","khasra_no":"969","longitude":77.58889242000001,"latitude":28.28444775,"authority":"YEIDA","category":"residential","execution_stage":"allotted"}},{"type":"Feature","geometry":{"type":"Polygon","coordinates":[[[77.584912,28.284042],[77.584404,28.284053],[77.5844,28.283873],[77.584907,28.283862],[77.584912,28.284042]]]},"properties":{"objectid":22599,"uniqueplotid":"PLNGRESIDENTIAL22599","plotmap_id":"SECTOR-20_435A/335_D_RESI","plotidentificationnumber":"435A/335","plotno":"435A/335","industrysector":"SECTOR-20","block":"D","plotsize":"1000 SQMT","landuse_type":"RESIDENTIAL","landuse_subcategory":"RESIDENTIAL","investment":0,"employment":0,"landallotementstatus":"VACANT","landallotementtype":"VACANT","village_name":"Niloni Sahapura","khasra_no":"866,883,882,867,884,848","longitude":77.58465586999999,"latitude":28.28395762,"authority":"YEIDA","category":"residential","execution_stage":"vacant"}},{"type":"Feature","geometry":{"type":"Polygon","coordinates":[[[77.584903,28.283682],[77.584396,28.283693],[77.584391,28.283513],[77.584899,28.283502],[77.584903,28.283682]]]},"properties":{"objectid":22600,"uniqueplotid":"PLNGRESIDENTIAL22600","plotmap_id":"SECTOR-20_435C_D_RESI","plotidentificationnumber":"435C","plotno":"435C","industrysector":"SECTOR-20","block":"D","plotsize":"1000 SQMT","landuse_type":"RESIDENTIAL","landuse_subcategory":"RESIDENTIAL","investment":0,"employment":0,"landallotementstatus":"VACANT","landallotementtype":"VACANT","village_name":"Niloni Sahapura","khasra_no":"883,882,881","longitude":77.5846471,"latitude":28.2835975,"authority":"YEIDA","category":"residential","execution_stage":"vacant"}},{"type":"Feature","geometry":{"type":"Polygon","coordinates":[[[77.584907,28.283862],[77.5844,28.283873],[77.584396,28.283693],[77.584903,28.283682],[77.584907,28.283862]]]},"properties":{"objectid":22601,"uniqueplotid":"PLNGRESIDENTIAL22601","plotmap_id":"SECTOR-20_435B/331_D_RESI","plotidentificationnumber":"435B/331","plotno":"435B/331","industrysector":"SECTOR-20","block":"D","plotsize":"1000 SQMT","landuse_type":"RESIDENTIAL","landuse_subcategory":"RESIDENTIAL","investment":0,"employment":0,"landallotementstatus":"VACANT","landallotementtype":"VACANT","village_name":"Niloni Sahapura","khasra_no":"883,882","longitude":77.58465152,"latitude":28.28377746,"authority":"YEIDA","category":"residential","execution_stage":"vacant"}},{"type":"Feature","geometry":{"type":"Polygon","coordinates":[[[77.584899,28.283502],[77.584391,28.283513],[77.584387,28.283332],[77.584894,28.283321],[77.584899,28.283502]]]},"properties":{"objectid":22606,"uniqueplotid":"PLNGRESIDENTIAL22606","plotmap_id":"SECTOR-20_435D/432_D_RESI","plotidentificationnumber":"435D/432","plotno":"435D/432","industrysector":"SECTOR-20","block":"D","plotsize":"1000 SQMT","landuse_type":"RESIDENTIAL","landuse_subcategory":"RESIDENTIAL","investment":0,"employment":0,"landallotementstatus":"VACANT","landallotementtype":"VACANT","village_name":"Niloni Sahapura","khasra_no":"882,881","longitude":77.5846428,"latitude":28.283417150000002,"authority":"YEIDA","category":"residential","execution_stage":"vacant"}},{"type":"Feature","geometry":{"type":"Polygon","coordinates":[[[77.586348,28.281106],[77.586055,28.281183],[77.586008,28.281039],[77.586301,28.280963],[77.586348,28.281106]]]},"properties":{"objectid":22609,"uniqueplotid":"PLNGRESIDENTIAL22609","plotmap_id":"SECTOR-20_36_Q_RESI","plotidentificationnumber":"36","plotno":"36","industrysector":"SECTOR-20","block":"Q","plotsize":"500 SQMT","plotsize_at_the_time_of_allotme":"500 SQMT","landuse_type":"RESIDENTIAL","landuse_subcategory":"RESIDENTIAL","scheme_cod":"RES01","investment":0,"employment":0,"plotstatus":"Allotted","landallotementstatus":"SOLD","landallotementtype":"ALLOTTED","allotmentid":"YEA003269","village_name":"Niloni Sahapura","khasra_no":"1038","longitude":77.58617829,"latitude":28.281072769999998,"authority":"YEIDA","category":"residential","execution_stage":"allotted"}},{"type":"Feature","geometry":{"type":"Polygon","coordinates":[[[77.586642,28.28103],[77.586348,28.281106],[77.586301,28.280963],[77.586595,28.280887],[77.586642,28.28103]]]},"properties":{"objectid":22610,"uniqueplotid":"PLNGRESIDENTIAL22610","plotmap_id":"SECTOR-20_37_Q_RESI","plotidentificationnumber":"37","plotno":"37","industrysector":"SECTOR-20","block":"Q","plotsize":"500 SQMT","plotsize_at_the_time_of_allotme":"500 SQMT","landuse_type":"RESIDENTIAL","landuse_subcategory":"RESIDENTIAL","scheme_cod":"RES01","investment":0,"employment":0,"plotstatus":"Allotted","landallotementstatus":"SOLD","landallotementtype":"ALLOTTED","allotmentid":"YEA003749","village_name":"Niloni Sahapura","khasra_no":"1038","longitude":77.58649989,"latitude":28.28100225,"authority":"YEIDA","category":"residential","execution_stage":"allotted"}},{"type":"Feature","geometry":{"type":"Polygon","coordinates":[[[77.586895,28.280683],[77.586733,28.280725],[77.586647,28.280466],[77.58681,28.280424],[77.586895,28.280683]]]},"properties":{"objectid":22611,"uniqueplotid":"PLNGRESIDENTIAL22611","plotmap_id":"SECTOR-20_49_Q_RESI","plotidentificationnumber":"49","plotno":"49","industrysector":"SECTOR-20","block":"Q","plotsize":"500 SQMT","plotsize_at_the_time_of_allotme":"500 SQMT","landuse_type":"RESIDENTIAL","landuse_subcategory":"RESIDENTIAL","scheme_cod":"RES01","investment":0,"employment":0,"plotstatus":"Allotted","landallotementstatus":"SOLD","landallotementtype":"ALLOTTED","allotmentid":"YEA001754","village_name":"Niloni Sahapura","khasra_no":"1038","longitude":77.58675052,"latitude":28.28055641,"authority":"YEIDA","category":"residential","execution_stage":"allotted"}},{"type":"Feature","geometry":{"type":"Polygon","coordinates":[[[77.58868,28.28022],[77.588517,28.280262],[77.588432,28.280002],[77.588595,28.27996],[77.58868,28.28022]]]},"properties":{"objectid":22612,"uniqueplotid":"PLNGRESIDENTIAL22612","plotmap_id":"SECTOR-20_60_Q_RESI","plotidentificationnumber":"60","plotno":"60","industrysector":"SECTOR-20","block":"Q","plotsize":"500 SQMT","plotsize_at_the_time_of_allotme":"500 SQMT","landuse_type":"RESIDENTIAL","landuse_subcategory":"RESIDENTIAL","scheme_cod":"RES01","investment":0,"employment":0,"plotstatus":"Allotted","landallotementstatus":"SOLD","landallotementtype":"ALLOTTED","allotmentid":"YEA002530","village_name":"Rustampur,Niloni Sahapura","khasra_no":"346,324,1044","longitude":77.58855104,"latitude":28.28010677,"authority":"YEIDA","category":"residential","execution_stage":"allotted"}},{"type":"Feature","geometry":{"type":"Polygon","coordinates":[[[77.58698,28.280943],[77.586818,28.280985],[77.586733,28.280725],[77.586895,28.280683],[77.58698,28.280943]]]},"properties":{"objectid":22613,"uniqueplotid":"PLNGRESIDENTIAL22613","plotmap_id":"SECTOR-20_72_Q_RESI","plotidentificationnumber":"72","plotno":"72","industrysector":"SECTOR-20","block":"Q","plotsize":"500 SQMT","plotsize_at_the_time_of_allotme":"500 SQMT","landuse_type":"RESIDENTIAL","landuse_subcategory":"RESIDENTIAL","scheme_cod":"RES01","investment":0,"employment":0,"plotstatus":"Allotted","landallotementstatus":"SOLD","landallotementtype":"ALLOTTED","allotmentid":"YEA002610","village_name":"Niloni Sahapura","khasra_no":"1038","longitude":77.58685622,"latitude":28.28083389,"authority":"YEIDA","category":"residential","execution_stage":"allotted"}},{"type":"Feature","geometry":{"type":"Polygon","coordinates":[[[77.588765,28.280479],[77.588602,28.280521],[77.588517,28.280262],[77.58868,28.28022],[77.588765,28.280479]]]},"properties":{"objectid":22614,"uniqueplotid":"PLNGRESIDENTIAL22614","plotmap_id":"SECTOR-20_61_Q_RESI","plotidentificationnumber":"61","plotno":"61","industrysector":"SECTOR-20","block":"Q","plotsize":"500 SQMT","plotsize_at_the_time_of_allotme":"500 SQMT","landuse_type":"RESIDENTIAL","landuse_subcategory":"RESIDENTIAL","scheme_cod":"RES01","investment":0,"employment":0,"plotstatus":"Allotted","landallotementstatus":"SOLD","landallotementtype":"ALLOTTED","allotmentid":"YEA002475","village_name":"Niloni Sahapura","khasra_no":"1044","longitude":77.58864106,"latitude":28.280370480000002,"authority":"YEIDA","category":"residential","execution_stage":"allotted"}},{"type":"Feature","geometry":{"type":"Polygon","coordinates":[[[77.589234,28.280357],[77.588941,28.280433],[77.588894,28.28029],[77.589187,28.280214],[77.589234,28.280357]]]},"properties":{"objectid":22615,"uniqueplotid":"PLNGRESIDENTIAL22615","plotmap_id":"SECTOR-20_111_Q_RESI","plotidentificationnumber":"111","plotno":"111","industrysector":"SECTOR-20","block":"Q","plotsize":"500 SQMT","plotsize_at_the_time_of_allotme":"500 SQMT","landuse_type":"RESIDENTIAL","landuse_subcategory":"RESIDENTIAL","scheme_cod":"RES01","investment":0,"employment":0,"plotstatus":"Allotted","landallotementstatus":"SOLD","landallotementtype":"ALLOTTED","allotmentid":"YEA001961","lease_deed":"Y","lease_deed_date":1698949800000,"village_name":"Niloni Sahapura","khasra_no":"1054,1053","longitude":77.58906375,"latitude":28.2803236,"authority":"YEIDA","category":"residential","execution_stage":"lease-recorded"}},{"type":"Feature","geometry":{"type":"Polygon","coordinates":[[[77.582707,28.28231],[77.582198,28.282322],[77.582193,28.282142],[77.582702,28.28213],[77.582707,28.28231]]]},"properties":{"objectid":22650,"uniqueplotid":"PLNGRESIDENTIAL22650","plotmap_id":"SECTOR-20_186_D_RESI","plotidentificationnumber":"186","plotno":"186","industrysector":"SECTOR-20","block":"D","plotsize":"1000 SQMT","plotsize_at_the_time_of_allotme":"1000 SQMT","landuse_type":"RESIDENTIAL","landuse_subcategory":"RESIDENTIAL","scheme_cod":"RES01","investment":0,"employment":0,"plotstatus":"Allotted","landallotementstatus":"SOLD","landallotementtype":"ALLOTTED","allotmentid":"YEA000565","lease_deed":"Y","lease_deed_date":1667932200000,"village_name":"Niloni Sahapura","khasra_no":"868,866,857,867,840/1447,839,837,836,856","longitude":77.58245017,"latitude":28.28222598,"authority":"YEIDA","category":"residential","execution_stage":"lease-recorded"}},{"type":"Feature","geometry":{"type":"Polygon","coordinates":[[[77.583216,28.282299],[77.582707,28.28231],[77.582702,28.28213],[77.583211,28.282119],[77.583216,28.282299]]]},"properties":{"objectid":22651,"uniqueplotid":"PLNGRESIDENTIAL22651","plotmap_id":"SECTOR-20_209_D_RESI","plotidentificationnumber":"209","plotno":"209","industrysector":"SECTOR-20","block":"D","plotsize":"1000 SQMT","plotsize_at_the_time_of_allotme":"1000 SQMT","landuse_type":"RESIDENTIAL","landuse_subcategory":"RESIDENTIAL","scheme_cod":"RES01","investment":0,"employment":0,"plotstatus":"Allotted","landallotementstatus":"SOLD","landallotementtype":"ALLOTTED","allotmentid":"YEA000671","lease_deed":"Y","lease_deed_date":1680201000000,"village_name":"Niloni Sahapura","khasra_no":"875,868,866,867,855,856","longitude":77.58295892999999,"latitude":28.28221443,"authority":"YEIDA","category":"residential","execution_stage":"lease-recorded"}},{"type":"Feature","geometry":{"type":"Polygon","coordinates":[[[77.582656,28.280329],[77.582148,28.28034],[77.582143,28.28016],[77.582652,28.280148],[77.582656,28.280329]]]},"properties":{"objectid":22652,"uniqueplotid":"PLNGRESIDENTIAL22652","plotmap_id":"SECTOR-20_197_D_RESI","plotidentificationnumber":"197","plotno":"197","industrysector":"SECTOR-20","block":"D","plotsize":"1000 SQMT","plotsize_at_the_time_of_allotme":"1000 SQMT","landuse_type":"RESIDENTIAL","landuse_subcategory":"RESIDENTIAL","scheme_cod":"RES01","investment":0,"employment":0,"plotstatus":"Allotted","landallotementstatus":"SOLD","landallotementtype":"ALLOTTED","allotmentid":"YEA001190","village_name":"Rustampur","khasra_no":"1,2,6","longitude":77.58239969,"latitude":28.280244290000002,"authority":"YEIDA","category":"residential","execution_stage":"allotted"}},{"type":"Feature","geometry":{"type":"Polygon","coordinates":[[[77.583165,28.280317],[77.582656,28.280329],[77.582652,28.280148],[77.583161,28.280137],[77.583165,28.280317]]]},"properties":{"objectid":22653,"uniqueplotid":"PLNGRESIDENTIAL22653","plotmap_id":"SECTOR-20_198_D_RESI","plotidentificationnumber":"198","plotno":"198","industrysector":"SECTOR-20","block":"D","plotsize":"1000 SQMT","plotsize_at_the_time_of_allotme":"1000 SQMT","landuse_type":"RESIDENTIAL","landuse_subcategory":"RESIDENTIAL","scheme_cod":"RES01","investment":0,"employment":0,"plotstatus":"Allotted","landallotementstatus":"SOLD","landallotementtype":"ALLOTTED","allotmentid":"YEA001231","village_name":"Rustampur","khasra_no":"3,1,2,6","longitude":77.58290844999999,"latitude":28.28023273,"authority":"YEIDA","category":"residential","execution_stage":"allotted"}},{"type":"Feature","geometry":{"type":"Polygon","coordinates":[[[77.58424,28.283159],[77.584244,28.283339],[77.583735,28.28335],[77.583731,28.28317],[77.58424,28.283159]]]},"properties":{"objectid":22690,"uniqueplotid":"PLNGRESIDENTIAL22690","plotmap_id":"SECTOR-20_424_D_RESI","plotidentificationnumber":"424","plotno":"424","industrysector":"SECTOR-20","block":"D","plotsize":"1000 SQMT","plotsize_at_the_time_of_allotme":"1000 SQMT","landuse_type":"RESIDENTIAL","landuse_subcategory":"RESIDENTIAL","scheme_cod":"RES01","investment":0,"employment":0,"plotstatus":"Allotted","landallotementstatus":"SOLD","landallotementtype":"ALLOTTED","allotmentid":"YEA001054","lease_deed":"Y","lease_deed_date":1558290600000,"village_name":"Niloni Sahapura","khasra_no":"866,867,880,881,879,850","longitude":77.58398758,"latitude":28.28325457,"authority":"YEIDA","category":"residential","execution_stage":"lease-recorded"}},{"type":"Feature","geometry":{"type":"Polygon","coordinates":[[[77.584249,28.283519],[77.58374,28.283531],[77.583735,28.28335],[77.584244,28.283339],[77.584249,28.283519]]]},"properties":{"objectid":22691,"uniqueplotid":"PLNGRESIDENTIAL22691","plotmap_id":"SECTOR-20_425_D_RESI","plotidentificationnumber":"425","plotno":"425","industrysector":"SECTOR-20","block":"D","plotsize":"1000 SQMT","plotsize_at_the_time_of_allotme":"1000 SQMT","landuse_type":"RESIDENTIAL","landuse_subcategory":"RESIDENTIAL","scheme_cod":"RES01","investment":0,"employment":0,"plotstatus":"Allotted","landallotementstatus":"SOLD","landallotementtype":"ALLOTTED","allotmentid":"YEA000586","lease_deed":"Y","lease_deed_date":1635445800000,"village_name":"Niloni Sahapura","khasra_no":"866,867,880,881,851,849,850,848","longitude":77.58399217,"latitude":28.28343472,"authority":"YEIDA","category":"residential","execution_stage":"lease-recorded"}},{"type":"Feature","geometry":{"type":"Polygon","coordinates":[[[77.584253,28.283699],[77.583745,28.283711],[77.58374,28.283531],[77.584249,28.283519],[77.584253,28.283699]]]},"properties":{"objectid":22692,"uniqueplotid":"PLNGRESIDENTIAL22692","plotmap_id":"SECTOR-20_426_D_RESI","plotidentificationnumber":"426","plotno":"426","industrysector":"SECTOR-20","block":"D","plotsize":"1000 SQMT","plotsize_at_the_time_of_allotme":"1000 SQMT","landuse_type":"RESIDENTIAL","landuse_subcategory":"RESIDENTIAL","scheme_cod":"RES01","investment":0,"employment":0,"plotstatus":"Allotted","landallotementstatus":"SOLD","landallotementtype":"ALLOTTED","allotmentid":"YEA000892","village_name":"Niloni Sahapura","khasra_no":"866,882,867,881,848","longitude":77.58399676,"latitude":28.28361487,"authority":"YEIDA","category":"residential","execution_stage":"allotted"}},{"type":"Feature","geometry":{"type":"Polygon","coordinates":[[[77.584258,28.283879],[77.583749,28.283891],[77.583745,28.283711],[77.584253,28.283699],[77.584258,28.283879]]]},"properties":{"objectid":22693,"uniqueplotid":"PLNGRESIDENTIAL22693","plotmap_id":"SECTOR-20_427_D_RESI","plotidentificationnumber":"427","plotno":"427","industrysector":"SECTOR-20","block":"D","plotsize":"1000 SQMT","plotsize_at_the_time_of_allotme":"1000 SQMT","landuse_type":"RESIDENTIAL","landuse_subcategory":"RESIDENTIAL","scheme_cod":"RES01","investment":0,"employment":0,"plotstatus":"Allotted","landallotementstatus":"SOLD","landallotementtype":"ALLOTTED","allotmentid":"YEA000865","lease_deed":"Y","lease_deed_date":1603391400000,"village_name":"Niloni Sahapura","khasra_no":"866,882,867,848","longitude":77.58400135000001,"latitude":28.28379502,"authority":"YEIDA","category":"residential","execution_stage":"lease-recorded"}},{"type":"Feature","geometry":{"type":"Polygon","coordinates":[[[77.584263,28.284059],[77.583754,28.284071],[77.583749,28.283891],[77.584258,28.283879],[77.584263,28.284059]]]},"properties":{"objectid":22694,"uniqueplotid":"PLNGRESIDENTIAL22694","plotmap_id":"SECTOR-20_428_D_RESI","plotidentificationnumber":"428","plotno":"428","industrysector":"SECTOR-20","block":"D","plotsize":"1000 SQMT","plotsize_at_the_time_of_allotme":"1000 SQMT","landuse_type":"RESIDENTIAL","landuse_subcategory":"RESIDENTIAL","scheme_cod":"RPS04","investment":0,"employment":0,"plotstatus":"Allotted","landallotementstatus":"SOLD","landallotementtype":"ALLOTTED","allotmentid":"RPS041369","lease_deed":"Y","lease_deed_date":1701369000000,"village_name":"Niloni Sahapura","khasra_no":"848","longitude":77.58400594,"latitude":28.283975169999998,"authority":"YEIDA","category":"residential","execution_stage":"lease-recorded"}},{"type":"Feature","geometry":{"type":"Polygon","coordinates":[[[77.584267,28.28424],[77.583758,28.284251],[77.583754,28.284071],[77.584263,28.284059],[77.584267,28.28424]]]},"properties":{"objectid":22695,"uniqueplotid":"PLNGRESIDENTIAL22695","plotmap_id":"SECTOR-20_429_D_RESI","plotidentificationnumber":"429","plotno":"429","industrysector":"SECTOR-20","block":"D","plotsize":"1000 SQMT","plotsize_at_the_time_of_allotme":"1000 SQMT","landuse_type":"RESIDENTIAL","landuse_subcategory":"RESIDENTIAL","scheme_cod":"RES01","investment":0,"employment":0,"plotstatus":"Allotted","landallotementstatus":"SOLD","landallotementtype":"ALLOTTED","allotmentid":"YEA000538","lease_deed":"Y","lease_deed_date":1601404200000,"village_name":"Niloni Sahapura","khasra_no":"848","longitude":77.58401052,"latitude":28.28415532,"authority":"YEIDA","category":"residential","execution_stage":"lease-recorded"}},{"type":"Feature","geometry":{"type":"Polygon","coordinates":[[[77.582702,28.28213],[77.582193,28.282142],[77.582189,28.281962],[77.582698,28.28195],[77.582702,28.28213]]]},"properties":{"objectid":22709,"uniqueplotid":"PLNGRESIDENTIAL22709","plotmap_id":"SECTOR-20_187_D_RESI","plotidentificationnumber":"187","plotno":"187","industrysector":"SECTOR-20","block":"D","plotsize":"1000 SQMT","plotsize_at_the_time_of_allotme":"1000 SQMT","landuse_type":"RESIDENTIAL","landuse_subcategory":"RESIDENTIAL","scheme_cod":"RES01","investment":0,"employment":0,"plotstatus":"Allotted","landallotementstatus":"SOLD","landallotementtype":"ALLOTTED","allotmentid":"YEA001282","lease_deed":"Y","lease_deed_date":1726684200000,"village_name":"Niloni Sahapura","khasra_no":"868,866,857,858,867,840/1447,839,856","longitude":77.58244558000001,"latitude":28.28204583,"authority":"YEIDA","category":"residential","execution_stage":"lease-recorded"}},{"type":"Feature","geometry":{"type":"Polygon","coordinates":[[[77.582698,28.28195],[77.582189,28.281962],[77.582184,28.281781],[77.582693,28.28177],[77.582698,28.28195]]]},"properties":{"objectid":22710,"uniqueplotid":"PLNGRESIDENTIAL22710","plotmap_id":"SECTOR-20_188_D_RESI","plotidentificationnumber":"188","plotno":"188","industrysector":"SECTOR-20","block":"D","plotsize":"1000 SQMT","plotsize_at_the_time_of_allotme":"1000 SQMT","landuse_type":"RESIDENTIAL","landuse_subcategory":"RESIDENTIAL","scheme_cod":"RES01","investment":0,"employment":0,"plotstatus":"Allotted","landallotementstatus":"SOLD","landallotementtype":"ALLOTTED","allotmentid":"YEA000860","village_name":"Niloni Sahapura","khasra_no":"868,866,867,869,856","longitude":77.58244099000001,"latitude":28.28186568,"authority":"YEIDA","category":"residential","execution_stage":"allotted"}},{"type":"Feature","geometry":{"type":"Polygon","coordinates":[[[77.582693,28.28177],[77.582184,28.281781],[77.58218,28.281601],[77.582688,28.28159],[77.582693,28.28177]]]},"properties":{"objectid":22711,"uniqueplotid":"PLNGRESIDENTIAL22711","plotmap_id":"SECTOR-20_189_D_RESI","plotidentificationnumber":"189","plotno":"189","industrysector":"SECTOR-20","block":"D","plotsize":"1000 SQMT","plotsize_at_the_time_of_allotme":"1000 SQMT","landuse_type":"RESIDENTIAL","landuse_subcategory":"RESIDENTIAL","scheme_cod":"RES01","investment":0,"employment":0,"plotstatus":"Allotted","landallotementstatus":"SOLD","landallotementtype":"ALLOTTED","allotmentid":"YEA001159","lease_deed":"Y","lease_deed_date":1638815400000,"village_name":"Niloni Sahapura","khasra_no":"868,866,867,869,856","longitude":77.5824364,"latitude":28.28168552,"authority":"YEIDA","category":"residential","execution_stage":"lease-recorded"}},{"type":"Feature","geometry":{"type":"Polygon","coordinates":[[[77.582688,28.28159],[77.58218,28.281601],[77.582175,28.281421],[77.582684,28.28141],[77.582688,28.28159]]]},"properties":{"objectid":22712,"uniqueplotid":"PLNGRESIDENTIAL22712","plotmap_id":"SECTOR-20_190_D_RESI","plotidentificationnumber":"190","plotno":"190","industrysector":"SECTOR-20","block":"D","plotsize":"1000 SQMT","plotsize_at_the_time_of_allotme":"1000 SQMT","landuse_type":"RESIDENTIAL","landuse_subcategory":"RESIDENTIAL","scheme_cod":"RES01","investment":0,"employment":0,"plotstatus":"Allotted","landallotementstatus":"SOLD","landallotementtype":"ALLOTTED","allotmentid":"YEA000458","lease_deed":"Y","lease_deed_date":1625423400000,"village_name":"Niloni Sahapura","khasra_no":"868,866,867,869,856","longitude":77.58243181,"latitude":28.28150537,"authority":"YEIDA","category":"residential","execution_stage":"lease-recorded"}},{"type":"Feature","geometry":{"type":"Polygon","coordinates":[[[77.582661,28.280509],[77.582152,28.28052],[77.582148,28.28034],[77.582656,28.280329],[77.582661,28.280509]]]},"properties":{"objectid":22713,"uniqueplotid":"PLNGRESIDENTIAL22713","plotmap_id":"SECTOR-20_196_D_RESI","plotidentificationnumber":"196","plotno":"196","industrysector":"SECTOR-20","block":"D","plotsize":"1000 SQMT","plotsize_at_the_time_of_allotme":"1000 SQMT","landuse_type":"RESIDENTIAL","landuse_subcategory":"RESIDENTIAL","scheme_cod":"RES01","investment":0,"employment":0,"plotstatus":"Allotted","landallotementstatus":"SOLD","landallotementtype":"ALLOTTED","allotmentid":"YEA000754","village_name":"Rustampur,Niloni Sahapura","khasra_no":"1,873","longitude":77.58240428,"latitude":28.28042444,"authority":"YEIDA","category":"residential","execution_stage":"allotted"}},{"type":"Feature","geometry":{"type":"Polygon","coordinates":[[[77.58317,28.280497],[77.582661,28.280509],[77.582656,28.280329],[77.583165,28.280317],[77.58317,28.280497]]]},"properties":{"objectid":22714,"uniqueplotid":"PLNGRESIDENTIAL22714","plotmap_id":"SECTOR-20_199_D_RESI","plotidentificationnumber":"199","plotno":"199","industrysector":"SECTOR-20","block":"D","plotsize":"1000 SQMT","plotsize_at_the_time_of_allotme":"1000 SQMT","landuse_type":"RESIDENTIAL","landuse_subcategory":"RESIDENTIAL","scheme_cod":"RES01","investment":0,"employment":0,"plotstatus":"Allotted","landallotementstatus":"SOLD","landallotementtype":"ALLOTTED","allotmentid":"YEA000922","lease_deed":"Y","lease_deed_date":1724178600000,"village_name":"Rustampur,Niloni Sahapura","khasra_no":"3,1,2,6,873,870","longitude":77.58291304,"latitude":28.28041289,"authority":"YEIDA","category":"residential","execution_stage":"lease-recorded"}},{"type":"Feature","geometry":{"type":"Polygon","coordinates":[[[77.583197,28.281578],[77.582688,28.28159],[77.582684,28.28141],[77.583193,28.281398],[77.583197,28.281578]]]},"properties":{"objectid":22715,"uniqueplotid":"PLNGRESIDENTIAL22715","plotmap_id":"SECTOR-20_205_D_RESI","plotidentificationnumber":"205","plotno":"205","industrysector":"SECTOR-20","block":"D","plotsize":"1000 SQMT","plotsize_at_the_time_of_allotme":"1000 SQMT","landuse_type":"RESIDENTIAL","landuse_subcategory":"RESIDENTIAL","scheme_cod":"RES01","investment":0,"employment":0,"plotstatus":"Allotted","landallotementstatus":"SOLD","landallotementtype":"ALLOTTED","allotmentid":"YEA001437","village_name":"Niloni Sahapura","khasra_no":"874,873,869","longitude":77.58294056999999,"latitude":28.28149381,"authority":"YEIDA","category":"residential","execution_stage":"allotted"}},{"type":"Feature","geometry":{"type":"Polygon","coordinates":[[[77.583202,28.281758],[77.582693,28.28177],[77.582688,28.28159],[77.583197,28.281578],[77.583202,28.281758]]]},"properties":{"objectid":22716,"uniqueplotid":"PLNGRESIDENTIAL22716","plotmap_id":"SECTOR-20_206_D_RESI","plotidentificationnumber":"206","plotno":"206","industrysector":"SECTOR-20","block":"D","plotsize":"1000 SQMT","plotsize_at_the_time_of_allotme":"1000 SQMT","landuse_type":"RESIDENTIAL","landuse_subcategory":"RESIDENTIAL","scheme_cod":"RES01","investment":0,"employment":0,"plotstatus":"Allotted","landallotementstatus":"SOLD","landallotementtype":"ALLOTTED","allotmentid":"YEA001633","lease_deed":"Y","lease_deed_date":1561660200000,"village_name":"Niloni Sahapura","khasra_no":"874,869","longitude":77.58294516,"latitude":28.28167397,"authority":"YEIDA","category":"residential","execution_stage":"lease-recorded"}},{"type":"Feature","geometry":{"type":"Polygon","coordinates":[[[77.583206,28.281938],[77.582698,28.28195],[77.582693,28.28177],[77.583202,28.281758],[77.583206,28.281938]]]},"properties":{"objectid":22717,"uniqueplotid":"PLNGRESIDENTIAL22717","plotmap_id":"SECTOR-20_207_D_RESI","plotidentificationnumber":"207","plotno":"207","industrysector":"SECTOR-20","block":"D","plotsize":"1000 SQMT","plotsize_at_the_time_of_allotme":"1000 SQMT","landuse_type":"RESIDENTIAL","landuse_subcategory":"RESIDENTIAL","scheme_cod":"RES01","investment":0,"employment":0,"plotstatus":"Allotted","landallotementstatus":"SOLD","landallotementtype":"ALLOTTED","allotmentid":"YEA000836","lease_deed":"Y","lease_deed_date":1574274600000,"village_name":"Niloni Sahapura","khasra_no":"868,869","longitude":77.58294975,"latitude":28.281854120000002,"authority":"YEIDA","category":"residential","execution_stage":"lease-recorded"}},{"type":"Feature","geometry":{"type":"Polygon","coordinates":[[[77.583211,28.282119],[77.582702,28.28213],[77.582698,28.28195],[77.583206,28.281938],[77.583211,28.282119]]]},"properties":{"objectid":22718,"uniqueplotid":"PLNGRESIDENTIAL22718","plotmap_id":"SECTOR-20_208_D_RESI","plotidentificationnumber":"208","plotno":"208","industrysector":"SECTOR-20","block":"D","plotsize":"1000 SQMT","plotsize_at_the_time_of_allotme":"1000 SQMT","landuse_type":"RESIDENTIAL","landuse_subcategory":"RESIDENTIAL","scheme_cod":"RES01","investment":0,"employment":0,"plotstatus":"Allotted","landallotementstatus":"SOLD","landallotementtype":"ALLOTTED","allotmentid":"YEA000887","lease_deed":"Y","lease_deed_date":1558031400000,"village_name":"Niloni Sahapura","khasra_no":"875,868,867,869","longitude":77.58295434,"latitude":28.28203427,"authority":"YEIDA","category":"residential","execution_stage":"lease-recorded"}},{"type":"Feature","geometry":{"type":"Polygon","coordinates":[[[77.587057,28.280641],[77.586895,28.280683],[77.58681,28.280424],[77.586972,28.280382],[77.587057,28.280641]]]},"properties":{"objectid":22875,"uniqueplotid":"PLNGRESIDENTIAL22875","plotmap_id":"SECTOR-20_50_Q_RESI","plotidentificationnumber":"50","plotno":"50","industrysector":"SECTOR-20","block":"Q","plotsize":"500 SQMT","plotsize_at_the_time_of_allotme":"500 SQMT","landuse_type":"RESIDENTIAL","landuse_subcategory":"RESIDENTIAL","scheme_cod":"RES01","investment":0,"employment":0,"plotstatus":"Allotted","landallotementstatus":"SOLD","landallotementtype":"ALLOTTED","allotmentid":"YEA003950","lease_deed":"Y","lease_deed_date":1718217000000,"village_name":"Niloni Sahapura","khasra_no":"1039,1038","longitude":77.58693339,"latitude":28.28053239,"authority":"YEIDA","category":"residential","execution_stage":"lease-recorded"}},{"type":"Feature","geometry":{"type":"Polygon","coordinates":[[[77.587706,28.280472],[77.587544,28.280515],[77.587459,28.280255],[77.587621,28.280213],[77.587706,28.280472]]]},"properties":{"objectid":22876,"uniqueplotid":"PLNGRESIDENTIAL22876","plotmap_id":"SECTOR-20_54_Q_RESI","plotidentificationnumber":"54","plotno":"54","industrysector":"SECTOR-20","block":"Q","plotsize":"500 SQMT","plotsize_at_the_time_of_allotme":"500 SQMT","landuse_type":"RESIDENTIAL","landuse_subcategory":"RESIDENTIAL","scheme_cod":"RES01","investment":0,"employment":0,"plotstatus":"Allotted","landallotementstatus":"SOLD","landallotementtype":"ALLOTTED","allotmentid":"YEA003356","lease_deed":"Y","lease_deed_date":1618511400000,"village_name":"Niloni Sahapura","khasra_no":"1041,1040","longitude":77.58758242,"latitude":28.280363870000002,"authority":"YEIDA","category":"residential","execution_stage":"lease-recorded"}},{"type":"Feature","geometry":{"type":"Polygon","coordinates":[[[77.587868,28.28043],[77.587706,28.280472],[77.587621,28.280213],[77.587783,28.280171],[77.587868,28.28043]]]},"properties":{"objectid":22877,"uniqueplotid":"PLNGRESIDENTIAL22877","plotmap_id":"SECTOR-20_55_Q_RESI","plotidentificationnumber":"55","plotno":"55","industrysector":"SECTOR-20","block":"Q","plotsize":"500 SQMT","plotsize_at_the_time_of_allotme":"500 SQMT","landuse_type":"RESIDENTIAL","landuse_subcategory":"RESIDENTIAL","scheme_cod":"RES01","investment":0,"employment":0,"plotstatus":"Allotted","landallotementstatus":"SOLD","landallotementtype":"ALLOTTED","allotmentid":"YEA003810","lease_deed":"Y","lease_deed_date":1569522600000,"village_name":"Niloni Sahapura","khasra_no":"1041,1040","longitude":77.58774468,"latitude":28.28032175,"authority":"YEIDA","category":"residential","execution_stage":"lease-recorded"}},{"type":"Feature","geometry":{"type":"Polygon","coordinates":[[[77.588031,28.280388],[77.587868,28.28043],[77.587783,28.280171],[77.587946,28.280129],[77.588031,28.280388]]]},"properties":{"objectid":22878,"uniqueplotid":"PLNGRESIDENTIAL22878","plotmap_id":"SECTOR-20_56_Q_RESI","plotidentificationnumber":"56","plotno":"56","industrysector":"SECTOR-20","block":"Q","plotsize":"500 SQMT","plotsize_at_the_time_of_allotme":"500 SQMT","landuse_type":"RESIDENTIAL","landuse_subcategory":"RESIDENTIAL","scheme_cod":"RES01","investment":0,"employment":0,"plotstatus":"Allotted","landallotementstatus":"SOLD","landallotementtype":"ALLOTTED","allotmentid":"YEA001876","lease_deed":"Y","lease_deed_date":1608489000000,"village_name":"Rustampur,Niloni Sahapura","khasra_no":"324,1041,1042","longitude":77.58790694000001,"latitude":28.28027962,"authority":"YEIDA","category":"residential","execution_stage":"lease-recorded"}},{"type":"Feature","geometry":{"type":"Polygon","coordinates":[[[77.588193,28.280346],[77.588031,28.280388],[77.587946,28.280129],[77.588108,28.280087],[77.588193,28.280346]]]},"properties":{"objectid":22879,"uniqueplotid":"PLNGRESIDENTIAL22879","plotmap_id":"SECTOR-20_57_Q_RESI","plotidentificationnumber":"57","plotno":"57","industrysector":"SECTOR-20","block":"Q","plotsize":"500 SQMT","plotsize_at_the_time_of_allotme":"500 SQMT","landuse_type":"RESIDENTIAL","landuse_subcategory":"RESIDENTIAL","scheme_cod":"RES01","investment":0,"employment":0,"plotstatus":"Allotted","landallotementstatus":"SOLD","landallotementtype":"ALLOTTED","allotmentid":"YEA002897","lease_deed":"Y","lease_deed_date":1576434600000,"village_name":"Rustampur,Niloni Sahapura","khasra_no":"324,1041,1043,1042,1044","longitude":77.58806919999999,"latitude":28.28023749,"authority":"YEIDA","category":"residential","execution_stage":"lease-recorded"}},{"type":"Feature","geometry":{"type":"Polygon","coordinates":[[[77.588355,28.280304],[77.588193,28.280346],[77.588108,28.280087],[77.58827,28.280045],[77.588355,28.280304]]]},"properties":{"objectid":22880,"uniqueplotid":"PLNGRESIDENTIAL22880","plotmap_id":"SECTOR-20_58_Q_RESI","plotidentificationnumber":"58","plotno":"58","industrysector":"SECTOR-20","block":"Q","plotsize":"500 SQMT","plotsize_at_the_time_of_allotme":"500 SQMT","landuse_type":"RESIDENTIAL","landuse_subcategory":"RESIDENTIAL","scheme_cod":"RES01","investment":0,"employment":0,"plotstatus":"Allotted","landallotementstatus":"SOLD","landallotementtype":"ALLOTTED","allotmentid":"YEA002575","village_name":"Rustampur,Niloni Sahapura","khasra_no":"324,1044","longitude":77.58823146,"latitude":28.28019536,"authority":"YEIDA","category":"residential","execution_stage":"allotted"}},{"type":"Feature","geometry":{"type":"Polygon","coordinates":[[[77.588517,28.280262],[77.588355,28.280304],[77.58827,28.280045],[77.588432,28.280002],[77.588517,28.280262]]]},"properties":{"objectid":22881,"uniqueplotid":"PLNGRESIDENTIAL22881","plotmap_id":"SECTOR-20_59_Q_RESI","plotidentificationnumber":"59","plotno":"59","industrysector":"SECTOR-20","block":"Q","plotsize":"500 SQMT","plotsize_at_the_time_of_allotme":"500 SQMT","landuse_type":"RESIDENTIAL","landuse_subcategory":"RESIDENTIAL","scheme_cod":"RES01","investment":0,"employment":0,"plotstatus":"Allotted","landallotementstatus":"SOLD","landallotementtype":"ALLOTTED","allotmentid":"YEA001691","village_name":"Rustampur,Niloni Sahapura","khasra_no":"324,1044","longitude":77.58839371,"latitude":28.28015323,"authority":"YEIDA","category":"residential","execution_stage":"allotted"}},{"type":"Feature","geometry":{"type":"Polygon","coordinates":[[[77.588602,28.280521],[77.58844,28.280563],[77.588355,28.280304],[77.588517,28.280262],[77.588602,28.280521]]]},"properties":{"objectid":22882,"uniqueplotid":"PLNGRESIDENTIAL22882","plotmap_id":"SECTOR-20_62_Q_RESI","plotidentificationnumber":"62","plotno":"62","industrysector":"SECTOR-20","block":"Q","plotsize":"500 SQMT","plotsize_at_the_time_of_allotme":"500 SQMT","landuse_type":"RESIDENTIAL","landuse_subcategory":"RESIDENTIAL","scheme_cod":"RES01","investment":0,"employment":0,"plotstatus":"Allotted","landallotementstatus":"SOLD","landallotementtype":"ALLOTTED","allotmentid":"YEA004122","village_name":"Niloni Sahapura","khasra_no":"1044","longitude":77.5884788,"latitude":28.28041261,"authority":"YEIDA","category":"residential","execution_stage":"allotted"}},{"type":"Feature","geometry":{"type":"Polygon","coordinates":[[[77.58844,28.280563],[77.588278,28.280605],[77.588193,28.280346],[77.588355,28.280304],[77.58844,28.280563]]]},"properties":{"objectid":22883,"uniqueplotid":"PLNGRESIDENTIAL22883","plotmap_id":"SECTOR-20_63_Q_RESI","plotidentificationnumber":"63","plotno":"63","industrysector":"SECTOR-20","block":"Q","plotsize":"500 SQMT","plotsize_at_the_time_of_allotme":"500 SQMT","landuse_type":"RESIDENTIAL","landuse_subcategory":"RESIDENTIAL","scheme_cod":"RES01","investment":0,"employment":0,"plotstatus":"Allotted","landallotementstatus":"SOLD","landallotementtype":"ALLOTTED","allotmentid":"YEA001927","lease_deed":"Y","lease_deed_date":1630348200000,"village_name":"Niloni Sahapura","khasra_no":"1043,1044","longitude":77.58831654000001,"latitude":28.28045474,"authority":"YEIDA","category":"residential","execution_stage":"lease-recorded"}},{"type":"Feature","geometry":{"type":"Polygon","coordinates":[[[77.587467,28.280816],[77.587304,28.280858],[77.587219,28.280599],[77.587382,28.280557],[77.587467,28.280816]]]},"properties":{"objectid":22884,"uniqueplotid":"PLNGRESIDENTIAL22884","plotmap_id":"SECTOR-20_69_Q_RESI","plotidentificationnumber":"69","plotno":"69","industrysector":"SECTOR-20","block":"Q","plotsize":"500 SQMT","plotsize_at_the_time_of_allotme":"500 SQMT","landuse_type":"RESIDENTIAL","landuse_subcategory":"RESIDENTIAL","scheme_cod":"RES01","investment":0,"employment":0,"plotstatus":"Allotted","landallotementstatus":"SOLD","landallotementtype":"ALLOTTED","allotmentid":"YEA001989","lease_deed":"Y","lease_deed_date":1576089000000,"village_name":"Niloni Sahapura","khasra_no":"1040,1039","longitude":77.58734299,"latitude":28.28070751,"authority":"YEIDA","category":"residential","execution_stage":"lease-recorded"}},{"type":"Feature","geometry":{"type":"Polygon","coordinates":[[[77.587304,28.280858],[77.587142,28.2809],[77.587057,28.280641],[77.587219,28.280599],[77.587304,28.280858]]]},"properties":{"objectid":22885,"uniqueplotid":"PLNGRESIDENTIAL22885","plotmap_id":"SECTOR-20_70_Q_RESI","plotidentificationnumber":"70","plotno":"70","industrysector":"SECTOR-20","block":"Q","plotsize":"500 SQMT","plotsize_at_the_time_of_allotme":"500 SQMT","landuse_type":"RESIDENTIAL","landuse_subcategory":"RESIDENTIAL","scheme_cod":"RRPS04","investment":0,"employment":0,"plotstatus":"Allotted","landallotementstatus":"SOLD","landallotementtype":"ALLOTTED","allotmentid":"RRPS041953","village_name":"Niloni Sahapura","khasra_no":"1039,1038","longitude":77.58718073,"latitude":28.28074964,"authority":"YEIDA","category":"residential","execution_stage":"allotted"}},{"type":"Feature","geometry":{"type":"Polygon","coordinates":[[[77.587142,28.2809],[77.58698,28.280943],[77.586895,28.280683],[77.587057,28.280641],[77.587142,28.2809]]]},"properties":{"objectid":22886,"uniqueplotid":"PLNGRESIDENTIAL22886","plotmap_id":"SECTOR-20_71_Q_RESI","plotidentificationnumber":"71","plotno":"71","industrysector":"SECTOR-20","block":"Q","plotsize":"500 SQMT","plotsize_at_the_time_of_allotme":"500 SQMT","landuse_type":"RESIDENTIAL","landuse_subcategory":"RESIDENTIAL","scheme_cod":"RES01","investment":0,"employment":0,"plotstatus":"Allotted","landallotementstatus":"SOLD","landallotementtype":"ALLOTTED","allotmentid":"YEA002841","lease_deed":"Y","lease_deed_date":1575829800000,"village_name":"Niloni Sahapura","khasra_no":"1038","longitude":77.58701848,"latitude":28.28079177,"authority":"YEIDA","category":"residential","execution_stage":"lease-recorded"}},{"type":"Feature","geometry":{"type":"Polygon","coordinates":[[[77.588719,28.281369],[77.588473,28.281429],[77.588441,28.281325],[77.588686,28.281265],[77.588719,28.281369]]]},"properties":{"objectid":22907,"uniqueplotid":"PLNGRESIDENTIAL22907","plotmap_id":"SECTOR-20_642_O_RESI","plotidentificationnumber":"642","plotno":"642","industrysector":"SECTOR-20","block":"O","plotsize":"300 SQMT","plotsize_at_the_time_of_allotme":"300 SQMT","landuse_type":"RESIDENTIAL","landuse_subcategory":"RESIDENTIAL","scheme_cod":"RES01","investment":0,"employment":0,"plotstatus":"Allotted","landallotementstatus":"SOLD","landallotementtype":"ALLOTTED","allotmentid":"YEA011068","lease_deed":"Y","lease_deed_date":1600194600000,"village_name":"Niloni Sahapura","khasra_no":"1032,1043,1042","longitude":77.58857967,"latitude":28.28134697,"authority":"YEIDA","category":"residential","execution_stage":"lease-recorded"}},{"type":"Feature","geometry":{"type":"Polygon","coordinates":[[[77.588751,28.281473],[77.588506,28.281533],[77.588473,28.281429],[77.588719,28.281369],[77.588751,28.281473]]]},"properties":{"objectid":22908,"uniqueplotid":"PLNGRESIDENTIAL22908","plotmap_id":"SECTOR-20_643_O_RESI","plotidentificationnumber":"643","plotno":"643","industrysector":"SECTOR-20","block":"O","plotsize":"300 SQMT","plotsize_at_the_time_of_allotme":"300 SQMT","landuse_type":"RESIDENTIAL","landuse_subcategory":"RESIDENTIAL","scheme_cod":"RES01","investment":0,"employment":0,"plotstatus":"Allotted","landallotementstatus":"SOLD","landallotementtype":"ALLOTTED","allotmentid":"YEA013727","lease_deed":"Y","lease_deed_date":1603823400000,"village_name":"Niloni Sahapura","khasra_no":"1032,1042","longitude":77.58861218,"latitude":28.281451110000003,"authority":"YEIDA","category":"residential","execution_stage":"lease-recorded"}},{"type":"Feature","geometry":{"type":"Polygon","coordinates":[[[77.588784,28.281577],[77.588538,28.281638],[77.588506,28.281533],[77.588751,28.281473],[77.588784,28.281577]]]},"properties":{"objectid":22909,"uniqueplotid":"PLNGRESIDENTIAL22909","plotmap_id":"SECTOR-20_644_O_RESI","plotidentificationnumber":"644","plotno":"644","industrysector":"SECTOR-20","block":"O","plotsize":"300 SQMT","plotsize_at_the_time_of_allotme":"300 SQMT","landuse_type":"RESIDENTIAL","landuse_subcategory":"RESIDENTIAL","scheme_cod":"RES01","investment":0,"employment":0,"plotstatus":"Allotted","landallotementstatus":"SOLD","landallotementtype":"ALLOTTED","allotmentid":"YEA007849","lease_deed":"Y","lease_deed_date":1600626600000,"village_name":"Niloni Sahapura","khasra_no":"1032","longitude":77.58864469,"latitude":28.28155524,"authority":"YEIDA","category":"residential","execution_stage":"lease-recorded"}},{"type":"Feature","geometry":{"type":"Polygon","coordinates":[[[77.588816,28.281681],[77.588571,28.281742],[77.588538,28.281638],[77.588784,28.281577],[77.588816,28.281681]]]},"properties":{"objectid":22910,"uniqueplotid":"PLNGRESIDENTIAL22910","plotmap_id":"SECTOR-20_645_O_RESI","plotidentificationnumber":"645","plotno":"645","industrysector":"SECTOR-20","block":"O","plotsize":"300 SQMT","plotsize_at_the_time_of_allotme":"300 SQMT","landuse_type":"RESIDENTIAL","landuse_subcategory":"RESIDENTIAL","scheme_cod":"RES01","investment":0,"employment":0,"plotstatus":"Allotted","landallotementstatus":"SOLD","landallotementtype":"ALLOTTED","allotmentid":"YEA015015","lease_deed":"Y","lease_deed_date":1649701800000,"village_name":"Niloni Sahapura","khasra_no":"1032","longitude":77.58867719,"latitude":28.28165938,"authority":"YEIDA","category":"residential","execution_stage":"lease-recorded"}},{"type":"Feature","geometry":{"type":"Polygon","coordinates":[[[77.588849,28.281785],[77.588603,28.281846],[77.588571,28.281742],[77.588816,28.281681],[77.588849,28.281785]]]},"properties":{"objectid":22911,"uniqueplotid":"PLNGRESIDENTIAL22911","plotmap_id":"SECTOR-20_646_O_RESI","plotidentificationnumber":"646","plotno":"646","industrysector":"SECTOR-20","block":"O","plotsize":"300 SQMT","plotsize_at_the_time_of_allotme":"300 SQMT","landuse_type":"RESIDENTIAL","landuse_subcategory":"RESIDENTIAL","scheme_cod":"RES01","investment":0,"employment":0,"plotstatus":"Allotted","landallotementstatus":"SOLD","landallotementtype":"ALLOTTED","allotmentid":"YEA014995","lease_deed":"Y","lease_deed_date":1656873000000,"village_name":"Niloni Sahapura","khasra_no":"1032","longitude":77.58870970000001,"latitude":28.281763520000002,"authority":"YEIDA","category":"residential","execution_stage":"lease-recorded"}},{"type":"Feature","geometry":{"type":"Polygon","coordinates":[[[77.588881,28.281889],[77.588636,28.28195],[77.588603,28.281846],[77.588849,28.281785],[77.588881,28.281889]]]},"properties":{"objectid":22912,"uniqueplotid":"PLNGRESIDENTIAL22912","plotmap_id":"SECTOR-20_647_O_RESI","plotidentificationnumber":"647","plotno":"647","industrysector":"SECTOR-20","block":"O","plotsize":"300 SQMT","plotsize_at_the_time_of_allotme":"300 SQMT","landuse_type":"RESIDENTIAL","landuse_subcategory":"RESIDENTIAL","scheme_cod":"RES01","investment":0,"employment":0,"plotstatus":"Allotted","landallotementstatus":"SOLD","landallotementtype":"ALLOTTED","allotmentid":"YEA007881","lease_deed":"Y","lease_deed_date":1599676200000,"village_name":"Niloni Sahapura","khasra_no":"1032","longitude":77.58874221,"latitude":28.28186765,"authority":"YEIDA","category":"residential","execution_stage":"lease-recorded"}},{"type":"Feature","geometry":{"type":"Polygon","coordinates":[[[77.588914,28.281994],[77.588668,28.282054],[77.588636,28.28195],[77.588881,28.281889],[77.588914,28.281994]]]},"properties":{"objectid":22913,"uniqueplotid":"PLNGRESIDENTIAL22913","plotmap_id":"SECTOR-20_648_O_RESI","plotidentificationnumber":"648","plotno":"648","industrysector":"SECTOR-20","block":"O","plotsize":"300 SQMT","plotsize_at_the_time_of_allotme":"300 SQMT","landuse_type":"RESIDENTIAL","landuse_subcategory":"RESIDENTIAL","scheme_cod":"RES01","investment":0,"employment":0,"plotstatus":"Allotted","landallotementstatus":"SOLD","landallotementtype":"ALLOTTED","allotmentid":"YEA008182","lease_deed":"Y","lease_deed_date":1680633000000,"village_name":"Niloni Sahapura","khasra_no":"1032","longitude":77.58877471000001,"latitude":28.28197179,"authority":"YEIDA","category":"residential","execution_stage":"lease-recorded"}},{"type":"Feature","geometry":{"type":"Polygon","coordinates":[[[77.589191,28.282037],[77.588946,28.282098],[77.588914,28.281994],[77.589159,28.281933],[77.589191,28.282037]]]},"properties":{"objectid":22914,"uniqueplotid":"PLNGRESIDENTIAL22914","plotmap_id":"SECTOR-20_654_O_RESI","plotidentificationnumber":"654","plotno":"654","industrysector":"SECTOR-20","block":"O","plotsize":"300 SQMT","plotsize_at_the_time_of_allotme":"300 SQMT","landuse_type":"RESIDENTIAL","landuse_subcategory":"RESIDENTIAL","scheme_cod":"RES01","investment":0,"employment":0,"plotstatus":"Allotted","landallotementstatus":"SOLD","landallotementtype":"ALLOTTED","allotmentid":"YEA020635","lease_deed":"Y","lease_deed_date":1672338600000,"village_name":"Niloni Sahapura","khasra_no":"1031,1032,1043,1042","longitude":77.58905249,"latitude":28.2820153,"authority":"YEIDA","category":"residential","execution_stage":"lease-recorded"}},{"type":"Feature","geometry":{"type":"Polygon","coordinates":[[[77.589159,28.281933],[77.588914,28.281994],[77.588881,28.281889],[77.589126,28.281829],[77.589159,28.281933]]]},"properties":{"objectid":22915,"uniqueplotid":"PLNGRESIDENTIAL22915","plotmap_id":"SECTOR-20_655_O_RESI","plotidentificationnumber":"655","plotno":"655","industrysector":"SECTOR-20","block":"O","plotsize":"300 SQMT","plotsize_at_the_time_of_allotme":"300 SQMT","landuse_type":"RESIDENTIAL","landuse_subcategory":"RESIDENTIAL","scheme_cod":"RES01","investment":0,"employment":0,"plotstatus":"Allotted","landallotementstatus":"SOLD","landallotementtype":"ALLOTTED","allotmentid":"YEA008925","lease_deed":"Y","lease_deed_date":1597602600000,"village_name":"Niloni Sahapura","khasra_no":"1032,1043,1042,1048","longitude":77.58901998,"latitude":28.28191116,"authority":"YEIDA","category":"residential","execution_stage":"lease-recorded"}},{"type":"Feature","geometry":{"type":"Polygon","coordinates":[[[77.589126,28.281829],[77.588881,28.281889],[77.588849,28.281785],[77.589094,28.281725],[77.589126,28.281829]]]},"properties":{"objectid":22916,"uniqueplotid":"PLNGRESIDENTIAL22916","plotmap_id":"SECTOR-20_656_O_RESI","plotidentificationnumber":"656","plotno":"656","industrysector":"SECTOR-20","block":"O","plotsize":"300 SQMT","plotsize_at_the_time_of_allotme":"300 SQMT","landuse_type":"RESIDENTIAL","landuse_subcategory":"RESIDENTIAL","scheme_cod":"RES01","investment":0,"employment":0,"plotstatus":"Allotted","landallotementstatus":"SOLD","landallotementtype":"ALLOTTED","allotmentid":"YEA019041","lease_deed":"Y","lease_deed_date":1661452200000,"village_name":"Niloni Sahapura","khasra_no":"1032,1043,1042,1048,1047","longitude":77.58898746999999,"latitude":28.281807020000002,"authority":"YEIDA","category":"residential","execution_stage":"lease-recorded"}},{"type":"Feature","geometry":{"type":"Polygon","coordinates":[[[77.589094,28.281725],[77.588849,28.281785],[77.588816,28.281681],[77.589061,28.281621],[77.589094,28.281725]]]},"properties":{"objectid":22917,"uniqueplotid":"PLNGRESIDENTIAL22917","plotmap_id":"SECTOR-20_657_O_RESI","plotidentificationnumber":"657","plotno":"657","industrysector":"SECTOR-20","block":"O","plotsize":"300 SQMT","plotsize_at_the_time_of_allotme":"300 SQMT","landuse_type":"RESIDENTIAL","landuse_subcategory":"RESIDENTIAL","scheme_cod":"RES01","investment":0,"employment":0,"plotstatus":"Allotted","landallotementstatus":"SOLD","landallotementtype":"ALLOTTED","allotmentid":"YEA014506","village_name":"Niloni Sahapura","khasra_no":"1032,1043,1042,1047","longitude":77.58895496999999,"latitude":28.281702890000002,"authority":"YEIDA","category":"residential","execution_stage":"allotted"}},{"type":"Feature","geometry":{"type":"Polygon","coordinates":[[[77.589061,28.281621],[77.588816,28.281681],[77.588784,28.281577],[77.589029,28.281516],[77.589061,28.281621]]]},"properties":{"objectid":22918,"uniqueplotid":"PLNGRESIDENTIAL22918","plotmap_id":"SECTOR-20_658_O_RESI","plotidentificationnumber":"658","plotno":"658","industrysector":"SECTOR-20","block":"O","plotsize":"300 SQMT","plotsize_at_the_time_of_allotme":"300 SQMT","landuse_type":"RESIDENTIAL","landuse_subcategory":"RESIDENTIAL","scheme_cod":"RES01","investment":0,"employment":0,"plotstatus":"Allotted","landallotementstatus":"SOLD","landallotementtype":"ALLOTTED","allotmentid":"YEA020459","lease_deed":"Y","lease_deed_date":1578853800000,"village_name":"Niloni Sahapura","khasra_no":"1032,1043,1042,1047","longitude":77.58892245999999,"latitude":28.28159875,"authority":"YEIDA","category":"residential","execution_stage":"lease-recorded"}},{"type":"Feature","geometry":{"type":"Polygon","coordinates":[[[77.587051,28.281342],[77.586933,28.281371],[77.586865,28.281154],[77.586983,28.281125],[77.587051,28.281342]]]},"properties":{"objectid":22919,"uniqueplotid":"PLNGRESIDENTIAL22919","plotmap_id":"SECTOR-20_626_O_RESI","plotidentificationnumber":"626","plotno":"626","industrysector":"SECTOR-20","block":"O","plotsize":"300 SQMT","plotsize_at_the_time_of_allotme":"300 SQMT","landuse_type":"RESIDENTIAL","landuse_subcategory":"RESIDENTIAL","scheme_cod":"RES01","investment":0,"employment":0,"plotstatus":"Allotted","landallotementstatus":"SOLD","landallotementtype":"ALLOTTED","allotmentid":"YEA013831","lease_deed":"Y","lease_deed_date":1675017000000,"village_name":"Niloni Sahapura","khasra_no":"1038","longitude":77.58695821,"latitude":28.28124759,"authority":"YEIDA","category":"residential","execution_stage":"lease-recorded"}},{"type":"Feature","geometry":{"type":"Polygon","coordinates":[[[77.587169,28.281312],[77.587051,28.281342],[77.586983,28.281125],[77.587101,28.281095],[77.587169,28.281312]]]},"properties":{"objectid":22920,"uniqueplotid":"PLNGRESIDENTIAL22920","plotmap_id":"SECTOR-20_627_O_RESI","plotidentificationnumber":"627","plotno":"627","industrysector":"SECTOR-20","block":"O","plotsize":"300 SQMT","plotsize_at_the_time_of_allotme":"300 SQMT","landuse_type":"RESIDENTIAL","landuse_subcategory":"RESIDENTIAL","scheme_cod":"RES01","investment":0,"employment":0,"plotstatus":"Allotted","landallotementstatus":"SOLD","landallotementtype":"ALLOTTED","allotmentid":"YEA018090","lease_deed":"Y","lease_deed_date":1668969000000,"village_name":"Niloni Sahapura","khasra_no":"1038","longitude":77.58707594,"latitude":28.28121848,"authority":"YEIDA","category":"residential","execution_stage":"lease-recorded"}},{"type":"Feature","geometry":{"type":"Polygon","coordinates":[[[77.587286,28.281283],[77.587169,28.281312],[77.587101,28.281095],[77.587219,28.281066],[77.587286,28.281283]]]},"properties":{"objectid":22921,"uniqueplotid":"PLNGRESIDENTIAL22921","plotmap_id":"SECTOR-20_628_O_RESI","plotidentificationnumber":"628","plotno":"628","industrysector":"SECTOR-20","block":"O","plotsize":"300 SQMT","plotsize_at_the_time_of_allotme":"300 SQMT","landuse_type":"RESIDENTIAL","landuse_subcategory":"RESIDENTIAL","scheme_cod":"RES01","investment":0,"employment":0,"plotstatus":"Allotted","landallotementstatus":"SOLD","landallotementtype":"ALLOTTED","allotmentid":"YEA006452","lease_deed":"Y","lease_deed_date":1573669800000,"village_name":"Niloni Sahapura","khasra_no":"1038","longitude":77.58719367,"latitude":28.281189379999997,"authority":"YEIDA","category":"residential","execution_stage":"lease-recorded"}},{"type":"Feature","geometry":{"type":"Polygon","coordinates":[[[77.587404,28.281254],[77.587286,28.281283],[77.587219,28.281066],[77.587336,28.281037],[77.587404,28.281254]]]},"properties":{"objectid":22922,"uniqueplotid":"PLNGRESIDENTIAL22922","plotmap_id":"SECTOR-20_629_O_RESI","plotidentificationnumber":"629","plotno":"629","industrysector":"SECTOR-20","block":"O","plotsize":"300 SQMT","plotsize_at_the_time_of_allotme":"300 SQMT","landuse_type":"RESIDENTIAL","landuse_subcategory":"RESIDENTIAL","scheme_cod":"RES01","investment":0,"employment":0,"plotstatus":"Allotted","landallotementstatus":"SOLD","landallotementtype":"ALLOTTED","allotmentid":"YEA020627","lease_deed":"Y","lease_deed_date":1675103400000,"village_name":"Niloni Sahapura","khasra_no":"1038","longitude":77.58731139,"latitude":28.281160279999998,"authority":"YEIDA","category":"residential","execution_stage":"lease-recorded"}},{"type":"Feature","geometry":{"type":"Polygon","coordinates":[[[77.586389,28.282505],[77.586144,28.282566],[77.586111,28.282462],[77.586357,28.282401],[77.586389,28.282505]]]},"properties":{"objectid":22923,"uniqueplotid":"PLNGRESIDENTIAL22923","plotmap_id":"SECTOR-20_531_O_RESI","plotidentificationnumber":"531","plotno":"531","industrysector":"SECTOR-20","block":"O","plotsize":"300 SQMT","plotsize_at_the_time_of_allotme":"300 SQMT","landuse_type":"RESIDENTIAL","landuse_subcategory":"RESIDENTIAL","scheme_cod":"RES01","investment":0,"employment":0,"plotstatus":"Allotted","landallotementstatus":"SOLD","landallotementtype":"ALLOTTED","allotmentid":"YEA020126","lease_deed":"Y","lease_deed_date":1687285800000,"village_name":"Niloni Sahapura","khasra_no":"1033,1023,1035,1034","longitude":77.58625031000001,"latitude":28.282483669999998,"authority":"YEIDA","category":"residential","execution_stage":"lease-recorded"}},{"type":"Feature","geometry":{"type":"Polygon","coordinates":[[[77.586357,28.282401],[77.586111,28.282462],[77.586079,28.282358],[77.586324,28.282297],[77.586357,28.282401]]]},"properties":{"objectid":22924,"uniqueplotid":"PLNGRESIDENTIAL22924","plotmap_id":"SECTOR-20_532_O_RESI","plotidentificationnumber":"532","plotno":"532","industrysector":"SECTOR-20","block":"O","plotsize":"300 SQMT","plotsize_at_the_time_of_allotme":"300 SQMT","landuse_type":"RESIDENTIAL","landuse_subcategory":"RESIDENTIAL","scheme_cod":"RRPS01","investment":0,"employment":0,"plotstatus":"Allotted","landallotementstatus":"SOLD","landallotementtype":"ALLOTTED","allotmentid":"RRPS012570","village_name":"Niloni Sahapura","khasra_no":"1033,1036,1035,1034","longitude":77.5862178,"latitude":28.28237953,"authority":"YEIDA","category":"residential","execution_stage":"allotted"}},{"type":"Feature","geometry":{"type":"Polygon","coordinates":[[[77.586324,28.282297],[77.586079,28.282358],[77.586046,28.282254],[77.586292,28.282193],[77.586324,28.282297]]]},"properties":{"objectid":22925,"uniqueplotid":"PLNGRESIDENTIAL22925","plotmap_id":"SECTOR-20_533_O_RESI","plotidentificationnumber":"533","plotno":"533","industrysector":"SECTOR-20","block":"O","plotsize":"300 SQMT","plotsize_at_the_time_of_allotme":"300 SQMT","landuse_type":"RESIDENTIAL","landuse_subcategory":"RESIDENTIAL","scheme_cod":"RES01","investment":0,"employment":0,"plotstatus":"Allotted","landallotementstatus":"SOLD","landallotementtype":"ALLOTTED","allotmentid":"YEA014408","lease_deed":"Y","lease_deed_date":1603218600000,"village_name":"Niloni Sahapura","khasra_no":"1036,1037,1035","longitude":77.58618529,"latitude":28.2822754,"authority":"YEIDA","category":"residential","execution_stage":"lease-recorded"}},{"type":"Feature","geometry":{"type":"Polygon","coordinates":[[[77.586292,28.282193],[77.586046,28.282254],[77.586014,28.28215],[77.586259,28.282089],[77.586292,28.282193]]]},"properties":{"objectid":22926,"uniqueplotid":"PLNGRESIDENTIAL22926","plotmap_id":"SECTOR-20_534_O_RESI","plotidentificationnumber":"534","plotno":"534","industrysector":"SECTOR-20","block":"O","plotsize":"300 SQMT","plotsize_at_the_time_of_allotme":"300 SQMT","landuse_type":"RESIDENTIAL","landuse_subcategory":"RESIDENTIAL","scheme_cod":"RES01","investment":0,"employment":0,"plotstatus":"Allotted","landallotementstatus":"SOLD","landallotementtype":"ALLOTTED","allotmentid":"YEA010803","lease_deed":"Y","lease_deed_date":1653417000000,"village_name":"Niloni Sahapura","khasra_no":"1036,1037","longitude":77.58615279,"latitude":28.28217126,"authority":"YEIDA","category":"residential","execution_stage":"lease-recorded"}},{"type":"Feature","geometry":{"type":"Polygon","coordinates":[[[77.586537,28.282132],[77.586292,28.282193],[77.586259,28.282089],[77.586504,28.282028],[77.586537,28.282132]]]},"properties":{"objectid":22927,"uniqueplotid":"PLNGRESIDENTIAL22927","plotmap_id":"SECTOR-20_549_O_RESI","plotidentificationnumber":"549","plotno":"549","industrysector":"SECTOR-20","block":"O","plotsize":"300 SQMT","plotsize_at_the_time_of_allotme":"300 SQMT","landuse_type":"RESIDENTIAL","landuse_subcategory":"RESIDENTIAL","scheme_cod":"RES01","investment":0,"employment":0,"plotstatus":"Allotted","landallotementstatus":"SOLD","landallotementtype":"ALLOTTED","allotmentid":"YEA011255","lease_deed":"Y","lease_deed_date":1614796200000,"village_name":"Niloni Sahapura","khasra_no":"1036,1038,1037","longitude":77.58639805,"latitude":28.28211063,"authority":"YEIDA","category":"residential","execution_stage":"lease-recorded"}},{"type":"Feature","geometry":{"type":"Polygon","coordinates":[[[77.586569,28.282237],[77.586324,28.282297],[77.586292,28.282193],[77.586537,28.282132],[77.586569,28.282237]]]},"properties":{"objectid":22928,"uniqueplotid":"PLNGRESIDENTIAL22928","plotmap_id":"SECTOR-20_550_O_RESI","plotidentificationnumber":"550","plotno":"550","industrysector":"SECTOR-20","block":"O","plotsize":"300 SQMT","plotsize_at_the_time_of_allotme":"300 SQMT","landuse_type":"RESIDENTIAL","landuse_subcategory":"RESIDENTIAL","scheme_cod":"RES01","investment":0,"employment":0,"plotstatus":"Allotted","landallotementstatus":"SOLD","landallotementtype":"ALLOTTED","allotmentid":"YEA009727","lease_deed":"Y","lease_deed_date":1670265000000,"village_name":"Niloni Sahapura","khasra_no":"1036,1038,1035","longitude":77.58643056,"latitude":28.28221477,"authority":"YEIDA","category":"residential","execution_stage":"lease-recorded"}},{"type":"Feature","geometry":{"type":"Polygon","coordinates":[[[77.586602,28.282341],[77.586357,28.282401],[77.586324,28.282297],[77.586569,28.282237],[77.586602,28.282341]]]},"properties":{"objectid":22929,"uniqueplotid":"PLNGRESIDENTIAL22929","plotmap_id":"SECTOR-20_551_O_RESI","plotidentificationnumber":"551","plotno":"551","industrysector":"SECTOR-20","block":"O","plotsize":"300 SQMT","plotsize_at_the_time_of_allotme":"300 SQMT","landuse_type":"RESIDENTIAL","landuse_subcategory":"RESIDENTIAL","scheme_cod":"RES01","investment":0,"employment":0,"plotstatus":"Allotted","landallotementstatus":"SOLD","landallotementtype":"ALLOTTED","allotmentid":"YEA014092","village_name":"Niloni Sahapura","khasra_no":"1025,1033,1038,1035,1034","longitude":77.58646307,"latitude":28.2823189,"authority":"YEIDA","category":"residential","execution_stage":"allotted"}},{"type":"Feature","geometry":{"type":"Polygon","coordinates":[[[77.586634,28.282445],[77.586389,28.282505],[77.586357,28.282401],[77.586602,28.282341],[77.586634,28.282445]]]},"properties":{"objectid":22930,"uniqueplotid":"PLNGRESIDENTIAL22930","plotmap_id":"SECTOR-20_552_O_RESI","plotidentificationnumber":"552","plotno":"552","industrysector":"SECTOR-20","block":"O","plotsize":"300 SQMT","plotsize_at_the_time_of_allotme":"300 SQMT","landuse_type":"RESIDENTIAL","landuse_subcategory":"RESIDENTIAL","scheme_cod":"RES01","investment":0,"employment":0,"plotstatus":"Allotted","landallotementstatus":"SOLD","landallotementtype":"ALLOTTED","allotmentid":"YEA018931","lease_deed":"Y","lease_deed_date":1571769000000,"village_name":"Niloni Sahapura","khasra_no":"1025,1033,1023","longitude":77.58649557,"latitude":28.282423039999998,"authority":"YEIDA","category":"residential","execution_stage":"lease-recorded"}},{"type":"Feature","geometry":{"type":"Polygon","coordinates":[[[77.586667,28.282549],[77.586422,28.28261],[77.586389,28.282505],[77.586634,28.282445],[77.586667,28.282549]]]},"properties":{"objectid":22931,"uniqueplotid":"PLNGRESIDENTIAL22931","plotmap_id":"SECTOR-20_553_O_RESI","plotidentificationnumber":"553","plotno":"553","industrysector":"SECTOR-20","block":"O","plotsize":"300 SQMT","plotsize_at_the_time_of_allotme":"300 SQMT","landuse_type":"RESIDENTIAL","landuse_subcategory":"RESIDENTIAL","scheme_cod":"RES01","investment":0,"employment":0,"plotstatus":"Allotted","landallotementstatus":"SOLD","landallotementtype":"ALLOTTED","allotmentid":"YEA004753","lease_deed":"Y","lease_deed_date":1577039400000,"village_name":"Niloni Sahapura","khasra_no":"1025,1023","longitude":77.58652808000001,"latitude":28.28252718,"authority":"YEIDA","category":"residential","execution_stage":"lease-recorded"}},{"type":"Feature","geometry":{"type":"Polygon","coordinates":[[[77.587035,28.282476],[77.58679,28.282537],[77.586758,28.282433],[77.587003,28.282372],[77.587035,28.282476]]]},"properties":{"objectid":22932,"uniqueplotid":"PLNGRESIDENTIAL22932","plotmap_id":"SECTOR-20_560_O_RESI","plotidentificationnumber":"560","plotno":"560","industrysector":"SECTOR-20","block":"O","plotsize":"300 SQMT","plotsize_at_the_time_of_allotme":"300 SQMT","landuse_type":"RESIDENTIAL","landuse_subcategory":"RESIDENTIAL","scheme_cod":"RRPS01","investment":0,"employment":0,"plotstatus":"Allotted","landallotementstatus":"SOLD","landallotementtype":"ALLOTTED","allotmentid":"RRPS012899","village_name":"Niloni Sahapura","khasra_no":"1026,1025","longitude":77.58689645999999,"latitude":28.282454689999998,"authority":"YEIDA","category":"residential","execution_stage":"allotted"}},{"type":"Feature","geometry":{"type":"Polygon","coordinates":[[[77.587003,28.282372],[77.586758,28.282433],[77.586725,28.282329],[77.58697,28.282268],[77.587003,28.282372]]]},"properties":{"objectid":22933,"uniqueplotid":"PLNGRESIDENTIAL22933","plotmap_id":"SECTOR-20_561_O_RESI","plotidentificationnumber":"561","plotno":"561","industrysector":"SECTOR-20","block":"O","plotsize":"300 SQMT","plotsize_at_the_time_of_allotme":"300 SQMT","landuse_type":"RESIDENTIAL","landuse_subcategory":"RESIDENTIAL","scheme_cod":"RES01","investment":0,"employment":0,"plotstatus":"Allotted","landallotementstatus":"SOLD","landallotementtype":"ALLOTTED","allotmentid":"YEA012467","lease_deed":"Y","lease_deed_date":1719513000000,"village_name":"Niloni Sahapura","khasra_no":"1026,1025","longitude":77.58686395,"latitude":28.282350559999998,"authority":"YEIDA","category":"residential","execution_stage":"lease-recorded"}},{"type":"Feature","geometry":{"type":"Polygon","coordinates":[[[77.58697,28.282268],[77.586725,28.282329],[77.586693,28.282225],[77.586938,28.282164],[77.58697,28.282268]]]},"properties":{"objectid":22934,"uniqueplotid":"PLNGRESIDENTIAL22934","plotmap_id":"SECTOR-20_562_O_RESI","plotidentificationnumber":"562","plotno":"562","industrysector":"SECTOR-20","block":"O","plotsize":"300 SQMT","plotsize_at_the_time_of_allotme":"300 SQMT","landuse_type":"RESIDENTIAL","landuse_subcategory":"RESIDENTIAL","scheme_cod":"RES01","investment":0,"employment":0,"plotstatus":"Allotted","landallotementstatus":"SOLD","landallotementtype":"ALLOTTED","allotmentid":"YEA013750","village_name":"Niloni Sahapura","khasra_no":"1026,1033","longitude":77.58683144999999,"latitude":28.28224642,"authority":"YEIDA","category":"residential","execution_stage":"allotted"}},{"type":"Feature","geometry":{"type":"Polygon","coordinates":[[[77.586938,28.282164],[77.586693,28.282225],[77.58666,28.282121],[77.586905,28.28206],[77.586938,28.282164]]]},"properties":{"objectid":22935,"uniqueplotid":"PLNGRESIDENTIAL22935","plotmap_id":"SECTOR-20_563_O_RESI","plotidentificationnumber":"563","plotno":"563","industrysector":"SECTOR-20","block":"O","plotsize":"300 SQMT","plotsize_at_the_time_of_allotme":"300 SQMT","landuse_type":"RESIDENTIAL","landuse_subcategory":"RESIDENTIAL","scheme_cod":"RES01","investment":0,"employment":0,"plotstatus":"Allotted","landallotementstatus":"SOLD","landallotementtype":"ALLOTTED","allotmentid":"YEA011642","lease_deed":"Y","lease_deed_date":1581532200000,"village_name":"Niloni Sahapura","khasra_no":"1026,1033,1038,1034","longitude":77.58679894,"latitude":28.28214228,"authority":"YEIDA","category":"residential","execution_stage":"lease-recorded"}},{"type":"Feature","geometry":{"type":"Polygon","coordinates":[[[77.587216,28.282208],[77.58697,28.282268],[77.586938,28.282164],[77.587183,28.282103],[77.587216,28.282208]]]},"properties":{"objectid":22936,"uniqueplotid":"PLNGRESIDENTIAL22936","plotmap_id":"SECTOR-20_571_O_RESI","plotidentificationnumber":"571","plotno":"571","industrysector":"SECTOR-20","block":"O","plotsize":"300 SQMT","plotsize_at_the_time_of_allotme":"300 SQMT","landuse_type":"RESIDENTIAL","landuse_subcategory":"RESIDENTIAL","scheme_cod":"RES01","investment":0,"employment":0,"plotstatus":"Allotted","landallotementstatus":"SOLD","landallotementtype":"ALLOTTED","allotmentid":"YEA007361","lease_deed":"Y","lease_deed_date":1658946600000,"village_name":"Niloni Sahapura","khasra_no":"1026,1027","longitude":77.58707671,"latitude":28.28218579,"authority":"YEIDA","category":"residential","execution_stage":"lease-recorded"}},{"type":"Feature","geometry":{"type":"Polygon","coordinates":[[[77.587248,28.282312],[77.587003,28.282372],[77.58697,28.282268],[77.587216,28.282208],[77.587248,28.282312]]]},"properties":{"objectid":22937,"uniqueplotid":"PLNGRESIDENTIAL22937","plotmap_id":"SECTOR-20_572_O_RESI","plotidentificationnumber":"572","plotno":"572","industrysector":"SECTOR-20","block":"O","plotsize":"300 SQMT","plotsize_at_the_time_of_allotme":"300 SQMT","landuse_type":"RESIDENTIAL","landuse_subcategory":"RESIDENTIAL","scheme_cod":"RES01","investment":0,"employment":0,"plotstatus":"Allotted","landallotementstatus":"SOLD","landallotementtype":"ALLOTTED","allotmentid":"YEA005329","lease_deed":"Y","lease_deed_date":1615141800000,"village_name":"Niloni Sahapura","khasra_no":"1026,1027","longitude":77.58710922,"latitude":28.28228993,"authority":"YEIDA","category":"residential","execution_stage":"lease-recorded"}},{"type":"Feature","geometry":{"type":"Polygon","coordinates":[[[77.587281,28.282416],[77.587035,28.282476],[77.587003,28.282372],[77.587248,28.282312],[77.587281,28.282416]]]},"properties":{"objectid":22938,"uniqueplotid":"PLNGRESIDENTIAL22938","plotmap_id":"SECTOR-20_573_O_RESI","plotidentificationnumber":"573","plotno":"573","industrysector":"SECTOR-20","block":"O","plotsize":"300 SQMT","plotsize_at_the_time_of_allotme":"300 SQMT","landuse_type":"RESIDENTIAL","landuse_subcategory":"RESIDENTIAL","scheme_cod":"RES01","investment":0,"employment":0,"plotstatus":"Allotted","landallotementstatus":"SOLD","landallotementtype":"ALLOTTED","allotmentid":"YEA015465","village_name":"Niloni Sahapura","khasra_no":"1026,1027","longitude":77.58714172,"latitude":28.282394059999998,"authority":"YEIDA","category":"residential","execution_stage":"allotted"}},{"type":"Feature","geometry":{"type":"Polygon","coordinates":[[[77.587313,28.28252],[77.587068,28.282581],[77.587035,28.282476],[77.587281,28.282416],[77.587313,28.28252]]]},"properties":{"objectid":22939,"uniqueplotid":"PLNGRESIDENTIAL22939","plotmap_id":"SECTOR-20_574_O_RESI","plotidentificationnumber":"574","plotno":"574","industrysector":"SECTOR-20","block":"O","plotsize":"300 SQMT","plotsize_at_the_time_of_allotme":"300 SQMT","landuse_type":"RESIDENTIAL","landuse_subcategory":"RESIDENTIAL","scheme_cod":"RES01","investment":0,"employment":0,"plotstatus":"Allotted","landallotementstatus":"SOLD","landallotementtype":"ALLOTTED","allotmentid":"YEA005265","lease_deed":"Y","lease_deed_date":1646764200000,"village_name":"Niloni Sahapura","khasra_no":"1026,1027","longitude":77.58717423,"latitude":28.2824982,"authority":"YEIDA","category":"residential","execution_stage":"lease-recorded"}},{"type":"Feature","geometry":{"type":"Polygon","coordinates":[[[77.588213,28.281849],[77.587968,28.281909],[77.587935,28.281805],[77.588181,28.281745],[77.588213,28.281849]]]},"properties":{"objectid":22940,"uniqueplotid":"PLNGRESIDENTIAL22940","plotmap_id":"SECTOR-20_580_O_RESI","plotidentificationnumber":"580","plotno":"580","industrysector":"SECTOR-20","block":"O","plotsize":"300 SQMT","plotsize_at_the_time_of_allotme":"300 SQMT","landuse_type":"RESIDENTIAL","landuse_subcategory":"RESIDENTIAL","scheme_cod":"RES01","investment":0,"employment":0,"plotstatus":"Allotted","landallotementstatus":"SOLD","landallotementtype":"ALLOTTED","allotmentid":"YEA014255","lease_deed":"Y","lease_deed_date":1568572200000,"village_name":"Niloni Sahapura","khasra_no":"1032","longitude":77.58807431999999,"latitude":28.281827,"authority":"YEIDA","category":"residential","execution_stage":"lease-recorded"}},{"type":"Feature","geometry":{"type":"Polygon","coordinates":[[[77.588246,28.281953],[77.588,28.282014],[77.587968,28.281909],[77.588213,28.281849],[77.588246,28.281953]]]},"properties":{"objectid":22941,"uniqueplotid":"PLNGRESIDENTIAL22941","plotmap_id":"SECTOR-20_581_O_RESI","plotidentificationnumber":"581","plotno":"581","industrysector":"SECTOR-20","block":"O","plotsize":"300 SQMT","plotsize_at_the_time_of_allotme":"300 SQMT","landuse_type":"RESIDENTIAL","landuse_subcategory":"RESIDENTIAL","scheme_cod":"RES01","investment":0,"employment":0,"plotstatus":"Allotted","landallotementstatus":"SOLD","landallotementtype":"ALLOTTED","allotmentid":"YEA012996","village_name":"Niloni Sahapura","khasra_no":"1032","longitude":77.58810683,"latitude":28.28193114,"authority":"YEIDA","category":"residential","execution_stage":"allotted"}},{"type":"Feature","geometry":{"type":"Polygon","coordinates":[[[77.588278,28.282057],[77.588033,28.282118],[77.588,28.282014],[77.588246,28.281953],[77.588278,28.282057]]]},"properties":{"objectid":22942,"uniqueplotid":"PLNGRESIDENTIAL22942","plotmap_id":"SECTOR-20_582_O_RESI","plotidentificationnumber":"582","plotno":"582","industrysector":"SECTOR-20","block":"O","plotsize":"300 SQMT","plotsize_at_the_time_of_allotme":"300 SQMT","landuse_type":"RESIDENTIAL","landuse_subcategory":"RESIDENTIAL","scheme_cod":"RES01","investment":0,"employment":0,"plotstatus":"Allotted","landallotementstatus":"SOLD","landallotementtype":"ALLOTTED","allotmentid":"YEA019922","lease_deed":"Y","lease_deed_date":1601317800000,"village_name":"Niloni Sahapura","khasra_no":"1032,1030","longitude":77.58813933,"latitude":28.28203527,"authority":"YEIDA","category":"residential","execution_stage":"lease-recorded"}},{"type":"Feature","geometry":{"type":"Polygon","coordinates":[[[77.588311,28.282161],[77.588065,28.282222],[77.588033,28.282118],[77.588278,28.282057],[77.588311,28.282161]]]},"properties":{"objectid":22943,"uniqueplotid":"PLNGRESIDENTIAL22943","plotmap_id":"SECTOR-20_583_O_RESI","plotidentificationnumber":"583","plotno":"583","industrysector":"SECTOR-20","block":"O","plotsize":"300 SQMT","plotsize_at_the_time_of_allotme":"300 SQMT","landuse_type":"RESIDENTIAL","landuse_subcategory":"RESIDENTIAL","scheme_cod":"RRPS01","investment":0,"employment":0,"plotstatus":"Allotted","landallotementstatus":"SOLD","landallotementtype":"ALLOTTED","allotmentid":"RRPS012906","lease_deed":"Y","lease_deed_date":1672165800000,"village_name":"Niloni Sahapura","khasra_no":"1032,1029,1030,1024","longitude":77.58817184,"latitude":28.28213941,"authority":"YEIDA","category":"residential","execution_stage":"lease-recorded"}},{"type":"Feature","geometry":{"type":"Polygon","coordinates":[[[77.588343,28.282265],[77.588098,28.282326],[77.588065,28.282222],[77.588311,28.282161],[77.588343,28.282265]]]},"properties":{"objectid":22944,"uniqueplotid":"PLNGRESIDENTIAL22944","plotmap_id":"SECTOR-20_584_O_RESI","plotidentificationnumber":"584","plotno":"584","industrysector":"SECTOR-20","block":"O","plotsize":"300 SQMT","plotsize_at_the_time_of_allotme":"300 SQMT","landuse_type":"RESIDENTIAL","landuse_subcategory":"RESIDENTIAL","scheme_cod":"RES01","investment":0,"employment":0,"plotstatus":"Allotted","landallotementstatus":"SOLD","landallotementtype":"ALLOTTED","allotmentid":"YEA019287","lease_deed":"Y","lease_deed_date":1576521000000,"village_name":"Niloni Sahapura","khasra_no":"1032,1030,1024","longitude":77.58820435,"latitude":28.28224355,"authority":"YEIDA","category":"residential","execution_stage":"lease-recorded"}},{"type":"Feature","geometry":{"type":"Polygon","coordinates":[[[77.588376,28.282369],[77.58813,28.28243],[77.588098,28.282326],[77.588343,28.282265],[77.588376,28.282369]]]},"properties":{"objectid":22945,"uniqueplotid":"PLNGRESIDENTIAL22945","plotmap_id":"SECTOR-20_585_O_RESI","plotidentificationnumber":"585","plotno":"585","industrysector":"SECTOR-20","block":"O","plotsize":"300 SQMT","plotsize_at_the_time_of_allotme":"300 SQMT","landuse_type":"RESIDENTIAL","landuse_subcategory":"RESIDENTIAL","scheme_cod":"RES01","investment":0,"employment":0,"plotstatus":"Allotted","landallotementstatus":"SOLD","landallotementtype":"ALLOTTED","allotmentid":"YEA012010","lease_deed":"Y","lease_deed_date":1639679400000,"village_name":"Niloni Sahapura","khasra_no":"1031,1032,1030,1024","longitude":77.58823686,"latitude":28.28234768,"authority":"YEIDA","category":"residential","execution_stage":"lease-recorded"}},{"type":"Feature","geometry":{"type":"Polygon","coordinates":[[[77.588408,28.282474],[77.588163,28.282534],[77.58813,28.28243],[77.588376,28.282369],[77.588408,28.282474]]]},"properties":{"objectid":22946,"uniqueplotid":"PLNGRESIDENTIAL22946","plotmap_id":"SECTOR-20_586_O_RESI","plotidentificationnumber":"586","plotno":"586","industrysector":"SECTOR-20","block":"O","plotsize":"300 SQMT","plotsize_at_the_time_of_allotme":"300 SQMT","landuse_type":"RESIDENTIAL","landuse_subcategory":"RESIDENTIAL","scheme_cod":"RES01","investment":0,"employment":0,"plotstatus":"Allotted","landallotementstatus":"SOLD","landallotementtype":"ALLOTTED","allotmentid":"YEA012213","lease_deed":"Y","lease_deed_date":1675017000000,"village_name":"Niloni Sahapura","khasra_no":"1031,1032,1030,1024","longitude":77.58826936,"latitude":28.28245182,"authority":"YEIDA","category":"residential","execution_stage":"lease-recorded"}},{"type":"Feature","geometry":{"type":"Polygon","coordinates":[[[77.588523,28.281996],[77.588278,28.282057],[77.588246,28.281953],[77.588491,28.281892],[77.588523,28.281996]]]},"properties":{"objectid":22947,"uniqueplotid":"PLNGRESIDENTIAL22947","plotmap_id":"SECTOR-20_601_O_RESI","plotidentificationnumber":"601","plotno":"601","industrysector":"SECTOR-20","block":"O","plotsize":"300 SQMT","plotsize_at_the_time_of_allotme":"300 SQMT","landuse_type":"RESIDENTIAL","landuse_subcategory":"RESIDENTIAL","scheme_cod":"RES01","investment":0,"employment":0,"plotstatus":"Allotted","landallotementstatus":"SOLD","landallotementtype":"ALLOTTED","allotmentid":"YEA019227","lease_deed":"Y","lease_deed_date":1582741800000,"village_name":"Niloni Sahapura","khasra_no":"1032","longitude":77.5883846,"latitude":28.28197464,"authority":"YEIDA","category":"residential","execution_stage":"lease-recorded"}},{"type":"Feature","geometry":{"type":"Polygon","coordinates":[[[77.588491,28.281892],[77.588246,28.281953],[77.588213,28.281849],[77.588458,28.281788],[77.588491,28.281892]]]},"properties":{"objectid":22948,"uniqueplotid":"PLNGRESIDENTIAL22948","plotmap_id":"SECTOR-20_602_O_RESI","plotidentificationnumber":"602","plotno":"602","industrysector":"SECTOR-20","block":"O","plotsize":"300 SQMT","plotsize_at_the_time_of_allotme":"300 SQMT","landuse_type":"RESIDENTIAL","landuse_subcategory":"RESIDENTIAL","scheme_cod":"RES01","investment":0,"employment":0,"plotstatus":"Allotted","landallotementstatus":"SOLD","landallotementtype":"ALLOTTED","allotmentid":"YEA009552","village_name":"Niloni Sahapura","khasra_no":"1032","longitude":77.58835209,"latitude":28.2818705,"authority":"YEIDA","category":"residential","execution_stage":"allotted"}},{"type":"Feature","geometry":{"type":"Polygon","coordinates":[[[77.588458,28.281788],[77.588213,28.281849],[77.588181,28.281745],[77.588426,28.281684],[77.588458,28.281788]]]},"properties":{"objectid":22949,"uniqueplotid":"PLNGRESIDENTIAL22949","plotmap_id":"SECTOR-20_603_O_RESI","plotidentificationnumber":"603","plotno":"603","industrysector":"SECTOR-20","block":"O","plotsize":"300 SQMT","plotsize_at_the_time_of_allotme":"300 SQMT","landuse_type":"RESIDENTIAL","landuse_subcategory":"RESIDENTIAL","scheme_cod":"RES01","investment":0,"employment":0,"plotstatus":"Allotted","landallotementstatus":"SOLD","landallotementtype":"ALLOTTED","allotmentid":"YEA012277","lease_deed":"Y","lease_deed_date":1598812200000,"village_name":"Niloni Sahapura","khasra_no":"1032","longitude":77.58831959,"latitude":28.28176637,"authority":"YEIDA","category":"residential","execution_stage":"lease-recorded"}},{"type":"Feature","geometry":{"type":"Polygon","coordinates":[[[77.588426,28.281684],[77.588181,28.281745],[77.588148,28.28164],[77.588393,28.28158],[77.588426,28.281684]]]},"properties":{"objectid":22950,"uniqueplotid":"PLNGRESIDENTIAL22950","plotmap_id":"SECTOR-20_604_O_RESI","plotidentificationnumber":"604","plotno":"604","industrysector":"SECTOR-20","block":"O","plotsize":"300 SQMT","plotsize_at_the_time_of_allotme":"300 SQMT","landuse_type":"RESIDENTIAL","landuse_subcategory":"RESIDENTIAL","scheme_cod":"RES01","investment":0,"employment":0,"plotstatus":"Allotted","landallotementstatus":"SOLD","landallotementtype":"ALLOTTED","allotmentid":"YEA019216","village_name":"Niloni Sahapura","khasra_no":"1032","longitude":77.58828708,"latitude":28.281662230000002,"authority":"YEIDA","category":"residential","execution_stage":"allotted"}},{"type":"Feature","geometry":{"type":"Polygon","coordinates":[[[77.584276,28.284597],[77.583768,28.284609],[77.583763,28.284431],[77.584272,28.28442],[77.584276,28.284597]]]},"properties":{"objectid":23036,"uniqueplotid":"PLNGRESIDENTIAL23036","plotmap_id":"SECTOR-20_431_D_RESI","plotidentificationnumber":"431","plotno":"431","industrysector":"SECTOR-20","block":"D","plotsize":"1000 SQMT","plotsize_at_the_time_of_allotme":"1000 SQMT","landuse_type":"RESIDENTIAL","landuse_subcategory":"RESIDENTIAL","scheme_cod":"RES01","investment":0,"employment":0,"plotstatus":"Allotted","landallotementstatus":"SOLD","landallotementtype":"ALLOTTED","allotmentid":"YEA000837","lease_deed":"Y","lease_deed_date":1674757800000,"village_name":"Niloni Sahapura","khasra_no":"847,844,843,848","longitude":77.58401967,"latitude":28.284514220000002,"authority":"YEIDA","category":"residential","execution_stage":"lease-recorded"}},{"type":"Feature","geometry":{"type":"Polygon","coordinates":[[[77.583768,28.284609],[77.583259,28.28462],[77.583254,28.284443],[77.583763,28.284431],[77.583768,28.284609]]]},"properties":{"objectid":23037,"uniqueplotid":"PLNGRESIDENTIAL23037","plotmap_id":"SECTOR-20_408_D_RESI","plotidentificationnumber":"408","plotno":"408","industrysector":"SECTOR-20","block":"D","plotsize":"1000 SQMT","plotsize_at_the_time_of_allotme":"1000 SQMT","landuse_type":"RESIDENTIAL","landuse_subcategory":"RESIDENTIAL","scheme_cod":"RES01","investment":0,"employment":0,"plotstatus":"Allotted","landallotementstatus":"SOLD","landallotementtype":"ALLOTTED","allotmentid":"YEA000599","lease_deed":"Y","lease_deed_date":1676485800000,"village_name":"Niloni Sahapura","khasra_no":"843,848","longitude":77.58351091,"latitude":28.284525780000003,"authority":"YEIDA","category":"residential","execution_stage":"lease-recorded"}},{"type":"Feature","geometry":{"type":"Polygon","coordinates":[[[77.584226,28.282618],[77.583717,28.28263],[77.583713,28.28245],[77.584221,28.282438],[77.584226,28.282618]]]},"properties":{"objectid":23038,"uniqueplotid":"PLNGRESIDENTIAL23038","plotmap_id":"SECTOR-20_420_D_RESI","plotidentificationnumber":"420","plotno":"420","industrysector":"SECTOR-20","block":"D","plotsize":"1000 SQMT","plotsize_at_the_time_of_allotme":"1000 SQMT","landuse_type":"RESIDENTIAL","landuse_subcategory":"RESIDENTIAL","scheme_cod":"RES01","investment":0,"employment":0,"plotstatus":"Allotted","landallotementstatus":"SOLD","landallotementtype":"ALLOTTED","allotmentid":"YEA000478","lease_deed":"Y","lease_deed_date":1718735400000,"village_name":"Niloni Sahapura","khasra_no":"876,878,879,877","longitude":77.58396922,"latitude":28.28253396,"authority":"YEIDA","category":"residential","execution_stage":"lease-recorded"}},{"type":"Feature","geometry":{"type":"Polygon","coordinates":[[[77.583717,28.28263],[77.583208,28.282641],[77.583204,28.282461],[77.583713,28.28245],[77.583717,28.28263]]]},"properties":{"objectid":23039,"uniqueplotid":"PLNGRESIDENTIAL23039","plotmap_id":"SECTOR-20_419_D_RESI","plotidentificationnumber":"419","plotno":"419","industrysector":"SECTOR-20","block":"D","plotsize":"1000 SQMT","plotsize_at_the_time_of_allotme":"1000 SQMT","landuse_type":"RESIDENTIAL","landuse_subcategory":"RESIDENTIAL","scheme_cod":"RES01","investment":0,"employment":0,"plotstatus":"Allotted","landallotementstatus":"SOLD","landallotementtype":"ALLOTTED","allotmentid":"YEA001427","lease_deed":"Y","lease_deed_date":1711391400000,"village_name":"Niloni Sahapura","khasra_no":"866,867,876,855","longitude":77.58346046,"latitude":28.28254552,"authority":"YEIDA","category":"residential","execution_stage":"lease-recorded"}},{"type":"Feature","geometry":{"type":"Polygon","coordinates":[[[77.584736,28.284587],[77.584418,28.284594],[77.584413,28.284414],[77.58492,28.284402],[77.584925,28.284582],[77.584736,28.284587]]]},"properties":{"objectid":23040,"uniqueplotid":"PLNGRESIDENTIAL23040","plotmap_id":"SECTOR-20_433_D_RESI","plotidentificationnumber":"433","plotno":"433","industrysector":"SECTOR-20","block":"D","plotsize":"1000 SQMT","plotsize_at_the_time_of_allotme":"1000 SQMT","landuse_type":"RESIDENTIAL","landuse_subcategory":"RESIDENTIAL","scheme_cod":"RES01","investment":0,"employment":0,"plotstatus":"Allotted","landallotementstatus":"SOLD","landallotementtype":"ALLOTTED","allotmentid":"YEA001326","lease_deed":"Y","lease_deed_date":1675017000000,"village_name":"Niloni Sahapura","khasra_no":"847,866,867,846,884","longitude":77.58466895,"latitude":28.284498080000002,"authority":"YEIDA","category":"residential","execution_stage":"lease-recorded"}},{"type":"Feature","geometry":{"type":"Polygon","coordinates":[[[77.584916,28.284222],[77.584409,28.284234],[77.584404,28.284053],[77.584912,28.284042],[77.584916,28.284222]]]},"properties":{"objectid":23042,"uniqueplotid":"PLNGRESIDENTIAL23042","plotmap_id":"SECTOR-20_435_D_RESI","plotidentificationnumber":"435","plotno":"435","industrysector":"SECTOR-20","block":"D","plotsize":"1000 SQMT","plotsize_at_the_time_of_allotme":"1000 SQMT","landuse_type":"RESIDENTIAL","landuse_subcategory":"RESIDENTIAL","scheme_cod":"RPS04","investment":0,"employment":0,"plotstatus":"Allotted","landallotementstatus":"SOLD","landallotementtype":"ALLOTTED","allotmentid":"RPS041392","lease_deed":"Y","lease_deed_date":1694370600000,"village_name":"Niloni Sahapura","khasra_no":"847,866,883,867,884,848","longitude":77.58466023,"latitude":28.284137769999997,"authority":"YEIDA","category":"residential","execution_stage":"lease-recorded"}},{"type":"Feature","geometry":{"type":"Polygon","coordinates":[[[77.588228,28.28105],[77.58811,28.28108],[77.588043,28.280863],[77.58816,28.280834],[77.588228,28.28105]]]},"properties":{"objectid":23044,"uniqueplotid":"PLNGRESIDENTIAL23044","plotmap_id":"SECTOR-20_636_O_RESI","plotidentificationnumber":"636","plotno":"636","industrysector":"SECTOR-20","block":"O","plotsize":"300 SQMT","plotsize_at_the_time_of_allotme":"300 SQMT","landuse_type":"RESIDENTIAL","landuse_subcategory":"RESIDENTIAL","scheme_cod":"RES01","investment":0,"employment":0,"plotstatus":"Allotted","landallotementstatus":"SOLD","landallotementtype":"ALLOTTED","allotmentid":"YEA009721","village_name":"Niloni Sahapura","khasra_no":"1041,1040","longitude":77.58813549,"latitude":28.28095655,"authority":"YEIDA","category":"residential","execution_stage":"allotted"}},{"type":"Feature","geometry":{"type":"Polygon","coordinates":[[[77.588804,28.283741],[77.588558,28.283801],[77.588526,28.283697],[77.588771,28.283636],[77.588804,28.283741]]]},"properties":{"objectid":23077,"uniqueplotid":"PLNGRESIDENTIAL23077","plotmap_id":"SECTOR-20_372_O_RESI","plotidentificationnumber":"372","plotno":"372","industrysector":"SECTOR-20","block":"O","plotsize":"300 SQMT","plotsize_at_the_time_of_allotme":"300 SQMT","landuse_type":"RESIDENTIAL","landuse_subcategory":"RESIDENTIAL","scheme_cod":"RES01","investment":0,"employment":0,"plotstatus":"Allotted","landallotementstatus":"SOLD","landallotementtype":"ALLOTTED","allotmentid":"YEA020043","village_name":"Niloni Sahapura","khasra_no":"971","longitude":77.58864172,"latitude":28.283715179999998,"authority":"YEIDA","category":"residential","execution_stage":"allotted"}},{"type":"Feature","geometry":{"type":"Polygon","coordinates":[[[77.589049,28.28368],[77.588804,28.283741],[77.588771,28.283636],[77.589017,28.283576],[77.589049,28.28368]]]},"properties":{"objectid":23078,"uniqueplotid":"PLNGRESIDENTIAL23078","plotmap_id":"SECTOR-20_371_O_RESI","plotidentificationnumber":"371","plotno":"371","industrysector":"SECTOR-20","block":"O","plotsize":"300 SQMT","plotsize_at_the_time_of_allotme":"300 SQMT","landuse_type":"RESIDENTIAL","landuse_subcategory":"RESIDENTIAL","scheme_cod":"RES01","investment":0,"employment":0,"plotstatus":"Allotted","landallotementstatus":"SOLD","landallotementtype":"ALLOTTED","allotmentid":"YEA008750","village_name":"Niloni Sahapura","khasra_no":"971,970,974,973,972","longitude":77.58891014,"latitude":28.28365818,"authority":"YEIDA","category":"residential","execution_stage":"allotted"}},{"type":"Feature","geometry":{"type":"Polygon","coordinates":[[[77.587528,28.284056],[77.587283,28.284116],[77.587251,28.284012],[77.587496,28.283952],[77.587528,28.284056]]]},"properties":{"objectid":23081,"uniqueplotid":"PLNGRESIDENTIAL23081","plotmap_id":"SECTOR-20_427_O_RESI","plotidentificationnumber":"427","plotno":"427","industrysector":"SECTOR-20","block":"O","plotsize":"300 SQMT","plotsize_at_the_time_of_allotme":"300 SQMT","landuse_type":"RESIDENTIAL","landuse_subcategory":"RESIDENTIAL","scheme_cod":"RES01","investment":0,"employment":0,"plotstatus":"Allotted","landallotementstatus":"SOLD","landallotementtype":"ALLOTTED","allotmentid":"YEA012539","village_name":"Niloni Sahapura","khasra_no":"966,1021","longitude":77.58738948999999,"latitude":28.28403409,"authority":"YEIDA","category":"residential","execution_stage":"allotted"}},{"type":"Feature","geometry":{"type":"Polygon","coordinates":[[[77.587774,28.283995],[77.587528,28.284056],[77.587496,28.283952],[77.587741,28.283891],[77.587774,28.283995]]]},"properties":{"objectid":23082,"uniqueplotid":"PLNGRESIDENTIAL23082","plotmap_id":"SECTOR-20_426_O_RESI","plotidentificationnumber":"426","plotno":"426","industrysector":"SECTOR-20","block":"O","plotsize":"300 SQMT","plotsize_at_the_time_of_allotme":"300 SQMT","landuse_type":"RESIDENTIAL","landuse_subcategory":"RESIDENTIAL","scheme_cod":"RES01","investment":0,"employment":0,"plotstatus":"Allotted","landallotementstatus":"SOLD","landallotementtype":"ALLOTTED","allotmentid":"YEA017044","village_name":"Niloni Sahapura","khasra_no":"971,966","longitude":77.58763474999999,"latitude":28.28397346,"authority":"YEIDA","category":"residential","execution_stage":"allotted"}},{"type":"Feature","geometry":{"type":"Polygon","coordinates":[[[77.586752,28.283668],[77.586507,28.283729],[77.586474,28.283625],[77.58672,28.283564],[77.586752,28.283668]]]},"properties":{"objectid":23085,"uniqueplotid":"PLNGRESIDENTIAL23085","plotmap_id":"SECTOR-20_437_O_RESI","plotidentificationnumber":"437","plotno":"437","industrysector":"SECTOR-20","block":"O","plotsize":"300 SQMT","plotsize_at_the_time_of_allotme":"300 SQMT","landuse_type":"RESIDENTIAL","landuse_subcategory":"RESIDENTIAL","scheme_cod":"RES01","investment":0,"employment":0,"plotstatus":"Allotted","landallotementstatus":"SOLD","landallotementtype":"ALLOTTED","allotmentid":"YEA011286","lease_deed":"Y","lease_deed_date":1725474600000,"village_name":"Niloni Sahapura","khasra_no":"1023","longitude":77.58661327,"latitude":28.28364642,"authority":"YEIDA","category":"residential","execution_stage":"lease-recorded"}},{"type":"Feature","geometry":{"type":"Polygon","coordinates":[[[77.586997,28.283608],[77.586752,28.283668],[77.58672,28.283564],[77.586965,28.283503],[77.586997,28.283608]]]},"properties":{"objectid":23086,"uniqueplotid":"PLNGRESIDENTIAL23086","plotmap_id":"SECTOR-20_466_O_RESI","plotidentificationnumber":"466","plotno":"466","industrysector":"SECTOR-20","block":"O","plotsize":"300 SQMT","plotsize_at_the_time_of_allotme":"300 SQMT","landuse_type":"RESIDENTIAL","landuse_subcategory":"RESIDENTIAL","scheme_cod":"RES01","investment":0,"employment":0,"plotstatus":"Allotted","landallotementstatus":"SOLD","landallotementtype":"ALLOTTED","allotmentid":"YEA008283","village_name":"Niloni Sahapura","khasra_no":"1023","longitude":77.58685854,"latitude":28.28358579,"authority":"YEIDA","category":"residential","execution_stage":"allotted"}},{"type":"Feature","geometry":{"type":"Polygon","coordinates":[[[77.587336,28.283879],[77.587218,28.283908],[77.58715,28.283691],[77.587268,28.283662],[77.587336,28.283879]]]},"properties":{"objectid":23087,"uniqueplotid":"PLNGRESIDENTIAL23087","plotmap_id":"SECTOR-20_467_O_RESI","plotidentificationnumber":"467","plotno":"467","industrysector":"SECTOR-20","block":"O","plotsize":"300 SQMT","plotsize_at_the_time_of_allotme":"300 SQMT","landuse_type":"RESIDENTIAL","landuse_subcategory":"RESIDENTIAL","scheme_cod":"RES01","investment":0,"employment":0,"plotstatus":"Allotted","landallotementstatus":"SOLD","landallotementtype":"ALLOTTED","allotmentid":"YEA013185","village_name":"Niloni Sahapura","khasra_no":"1023,1022","longitude":77.58724309,"latitude":28.283785169999998,"authority":"YEIDA","category":"residential","execution_stage":"allotted"}},{"type":"Feature","geometry":{"type":"Polygon","coordinates":[[[77.587268,28.283662],[77.58715,28.283691],[77.587083,28.283474],[77.5872,28.283445],[77.587268,28.283662]]]},"properties":{"objectid":23088,"uniqueplotid":"PLNGRESIDENTIAL23088","plotmap_id":"SECTOR-20_496_O_RESI","plotidentificationnumber":"496","plotno":"496","industrysector":"SECTOR-20","block":"O","plotsize":"300 SQMT","plotsize_at_the_time_of_allotme":"300 SQMT","landuse_type":"RESIDENTIAL","landuse_subcategory":"RESIDENTIAL","scheme_cod":"RES01","investment":0,"employment":0,"plotstatus":"Allotted","landallotementstatus":"SOLD","landallotementtype":"ALLOTTED","allotmentid":"YEA008134","village_name":"Niloni Sahapura","khasra_no":"1024,1023","longitude":77.58717537000001,"latitude":28.28356823,"authority":"YEIDA","category":"residential","execution_stage":"allotted"}},{"type":"Feature","geometry":{"type":"Polygon","coordinates":[[[77.588984,28.283472],[77.588866,28.283501],[77.588799,28.283284],[77.588916,28.283255],[77.588984,28.283472]]]},"properties":{"objectid":23089,"uniqueplotid":"PLNGRESIDENTIAL23089","plotmap_id":"SECTOR-20_481_O_RESI","plotidentificationnumber":"481","plotno":"481","industrysector":"SECTOR-20","block":"O","plotsize":"300 SQMT","plotsize_at_the_time_of_allotme":"300 SQMT","landuse_type":"RESIDENTIAL","landuse_subcategory":"RESIDENTIAL","scheme_cod":"RES01","investment":0,"employment":0,"plotstatus":"Allotted","landallotementstatus":"SOLD","landallotementtype":"ALLOTTED","allotmentid":"YEA015628","village_name":"Niloni Sahapura","khasra_no":"974,973,972","longitude":77.58889128000001,"latitude":28.28337774,"authority":"YEIDA","category":"residential","execution_stage":"allotted"}},{"type":"Feature","geometry":{"type":"Polygon","coordinates":[[[77.588916,28.283255],[77.588799,28.283284],[77.588731,28.283067],[77.588849,28.283038],[77.588916,28.283255]]]},"properties":{"objectid":23090,"uniqueplotid":"PLNGRESIDENTIAL23090","plotmap_id":"SECTOR-20_482_O_RESI","plotidentificationnumber":"482","plotno":"482","industrysector":"SECTOR-20","block":"O","plotsize":"300 SQMT","plotsize_at_the_time_of_allotme":"300 SQMT","landuse_type":"RESIDENTIAL","landuse_subcategory":"RESIDENTIAL","scheme_cod":"RES01","investment":0,"employment":0,"plotstatus":"Allotted","landallotementstatus":"SOLD","landallotementtype":"ALLOTTED","allotmentid":"YEA011205","village_name":"Niloni Sahapura","khasra_no":"1031,1021,974,1022","longitude":77.58882356000001,"latitude":28.28316079,"authority":"YEIDA","category":"residential","execution_stage":"allotted"}},{"type":"Feature","geometry":{"type":"Polygon","coordinates":[[[77.586573,28.283488],[77.586455,28.283517],[77.586387,28.2833],[77.586505,28.283271],[77.586573,28.283488]]]},"properties":{"objectid":23091,"uniqueplotid":"PLNGRESIDENTIAL23091","plotmap_id":"SECTOR-20_497_O_RESI","plotidentificationnumber":"497","plotno":"497","industrysector":"SECTOR-20","block":"O","plotsize":"300 SQMT","plotsize_at_the_time_of_allotme":"300 SQMT","landuse_type":"RESIDENTIAL","landuse_subcategory":"RESIDENTIAL","scheme_cod":"RES01","investment":0,"employment":0,"plotstatus":"Allotted","landallotementstatus":"SOLD","landallotementtype":"ALLOTTED","allotmentid":"YEA012063","village_name":"Niloni Sahapura","khasra_no":"1023","longitude":77.58648004999999,"latitude":28.28339425,"authority":"YEIDA","category":"residential","execution_stage":"allotted"}},{"type":"Feature","geometry":{"type":"Polygon","coordinates":[[[77.586505,28.283271],[77.586387,28.2833],[77.58632,28.283083],[77.586437,28.283054],[77.586505,28.283271]]]},"properties":{"objectid":23092,"uniqueplotid":"PLNGRESIDENTIAL23092","plotmap_id":"SECTOR-20_526_O_RESI","plotidentificationnumber":"526","plotno":"526","industrysector":"SECTOR-20","block":"O","plotsize":"300 SQMT","plotsize_at_the_time_of_allotme":"300 SQMT","landuse_type":"RESIDENTIAL","landuse_subcategory":"RESIDENTIAL","scheme_cod":"RES01","investment":0,"employment":0,"plotstatus":"Allotted","landallotementstatus":"SOLD","landallotementtype":"ALLOTTED","allotmentid":"YEA010187","village_name":"Niloni Sahapura","khasra_no":"1023","longitude":77.58641233,"latitude":28.283177300000002,"authority":"YEIDA","category":"residential","execution_stage":"allotted"}},{"type":"Feature","geometry":{"type":"Polygon","coordinates":[[[77.588221,28.283081],[77.588103,28.28311],[77.588036,28.282893],[77.588153,28.282864],[77.588221,28.283081]]]},"properties":{"objectid":23093,"uniqueplotid":"PLNGRESIDENTIAL23093","plotmap_id":"SECTOR-20_511_O_RESI","plotidentificationnumber":"511","plotno":"511","industrysector":"SECTOR-20","block":"O","plotsize":"300 SQMT","plotsize_at_the_time_of_allotme":"300 SQMT","landuse_type":"RESIDENTIAL","landuse_subcategory":"RESIDENTIAL","scheme_cod":"RES01","investment":0,"employment":0,"plotstatus":"Allotted","landallotementstatus":"SOLD","landallotementtype":"ALLOTTED","allotmentid":"YEA015944","village_name":"Niloni Sahapura","khasra_no":"1024","longitude":77.58812824,"latitude":28.28298681,"authority":"YEIDA","category":"residential","execution_stage":"allotted"}},{"type":"Feature","geometry":{"type":"Polygon","coordinates":[[[77.588153,28.282864],[77.588036,28.282893],[77.587968,28.282676],[77.588086,28.282647],[77.588153,28.282864]]]},"properties":{"objectid":23094,"uniqueplotid":"PLNGRESIDENTIAL23094","plotmap_id":"SECTOR-20_512_O_RESI","plotidentificationnumber":"512","plotno":"512","industrysector":"SECTOR-20","block":"O","plotsize":"300 SQMT","plotsize_at_the_time_of_allotme":"300 SQMT","landuse_type":"RESIDENTIAL","landuse_subcategory":"RESIDENTIAL","scheme_cod":"RES01","investment":0,"employment":0,"plotstatus":"Allotted","landallotementstatus":"SOLD","landallotementtype":"ALLOTTED","allotmentid":"YEA018021","village_name":"Niloni Sahapura","khasra_no":"1024","longitude":77.58805582,"latitude":28.2827651,"authority":"YEIDA","category":"residential","execution_stage":"allotted"}},{"type":"Feature","geometry":{"type":"Polygon","coordinates":[[[77.588571,28.282994],[77.588326,28.283055],[77.588293,28.282951],[77.588538,28.28289],[77.588571,28.282994]]]},"properties":{"objectid":23095,"uniqueplotid":"PLNGRESIDENTIAL23095","plotmap_id":"SECTOR-20_591_O_RESI","plotidentificationnumber":"591","plotno":"591","industrysector":"SECTOR-20","block":"O","plotsize":"300 SQMT","plotsize_at_the_time_of_allotme":"300 SQMT","landuse_type":"RESIDENTIAL","landuse_subcategory":"RESIDENTIAL","scheme_cod":"RES01","investment":0,"employment":0,"plotstatus":"Allotted","landallotementstatus":"SOLD","landallotementtype":"ALLOTTED","allotmentid":"YEA018552","village_name":"Niloni Sahapura","khasra_no":"1030,1024","longitude":77.5884319,"latitude":28.282972500000003,"authority":"YEIDA","category":"residential","execution_stage":"allotted"}},{"type":"Feature","geometry":{"type":"Polygon","coordinates":[[[77.588816,28.282934],[77.588571,28.282994],[77.588538,28.28289],[77.588784,28.282829],[77.588816,28.282934]]]},"properties":{"objectid":23096,"uniqueplotid":"PLNGRESIDENTIAL23096","plotmap_id":"SECTOR-20_592_O_RESI","plotidentificationnumber":"592","plotno":"592","industrysector":"SECTOR-20","block":"O","plotsize":"300 SQMT","plotsize_at_the_time_of_allotme":"300 SQMT","landuse_type":"RESIDENTIAL","landuse_subcategory":"RESIDENTIAL","scheme_cod":"RES01","investment":0,"employment":0,"plotstatus":"Allotted","landallotementstatus":"SOLD","landallotementtype":"ALLOTTED","allotmentid":"YEA005060","village_name":"Niloni Sahapura","khasra_no":"1031,1030,1024","longitude":77.58867717,"latitude":28.282911870000003,"authority":"YEIDA","category":"residential","execution_stage":"allotted"}},{"type":"Feature","geometry":{"type":"Polygon","coordinates":[[[77.587133,28.282789],[77.586888,28.282849],[77.586855,28.282745],[77.5871,28.282685],[77.587133,28.282789]]]},"properties":{"objectid":23097,"uniqueplotid":"PLNGRESIDENTIAL23097","plotmap_id":"SECTOR-20_557_O_RESI","plotidentificationnumber":"557","plotno":"557","industrysector":"SECTOR-20","block":"O","plotsize":"300 SQMT","plotsize_at_the_time_of_allotme":"300 SQMT","landuse_type":"RESIDENTIAL","landuse_subcategory":"RESIDENTIAL","scheme_cod":"RES01","investment":0,"employment":0,"plotstatus":"Allotted","landallotementstatus":"SOLD","landallotementtype":"ALLOTTED","allotmentid":"YEA016695","village_name":"Niloni Sahapura","khasra_no":"1026,1025,1024","longitude":77.58699398,"latitude":28.282767099999997,"authority":"YEIDA","category":"residential","execution_stage":"allotted"}},{"type":"Feature","geometry":{"type":"Polygon","coordinates":[[[77.587378,28.282728],[77.587133,28.282789],[77.5871,28.282685],[77.587346,28.282624],[77.587378,28.282728]]]},"properties":{"objectid":23098,"uniqueplotid":"PLNGRESIDENTIAL23098","plotmap_id":"SECTOR-20_576_O_RESI","plotidentificationnumber":"576","plotno":"576","industrysector":"SECTOR-20","block":"O","plotsize":"300 SQMT","plotsize_at_the_time_of_allotme":"300 SQMT","landuse_type":"RESIDENTIAL","landuse_subcategory":"RESIDENTIAL","scheme_cod":"RES01","investment":0,"employment":0,"plotstatus":"Allotted","landallotementstatus":"SOLD","landallotementtype":"ALLOTTED","allotmentid":"YEA017823","village_name":"Niloni Sahapura","khasra_no":"1026,1024","longitude":77.58723925,"latitude":28.282706469999997,"authority":"YEIDA","category":"residential","execution_stage":"allotted"}},{"type":"Feature","geometry":{"type":"Polygon","coordinates":[[[77.586648,28.281675],[77.58653,28.281704],[77.586462,28.281487],[77.58658,28.281458],[77.586648,28.281675]]]},"properties":{"objectid":23099,"uniqueplotid":"PLNGRESIDENTIAL23099","plotmap_id":"SECTOR-20_621_O_RESI","plotidentificationnumber":"621","plotno":"621","industrysector":"SECTOR-20","block":"O","plotsize":"300 SQMT","plotsize_at_the_time_of_allotme":"300 SQMT","landuse_type":"RESIDENTIAL","landuse_subcategory":"RESIDENTIAL","scheme_cod":"RES01","investment":0,"employment":0,"plotstatus":"Allotted","landallotementstatus":"SOLD","landallotementtype":"ALLOTTED","allotmentid":"YEA013362","village_name":"Niloni Sahapura","khasra_no":"1038","longitude":77.58655503,"latitude":28.281580950000002,"authority":"YEIDA","category":"residential","execution_stage":"allotted"}},{"type":"Feature","geometry":{"type":"Polygon","coordinates":[[[77.58658,28.281458],[77.586462,28.281487],[77.586395,28.28127],[77.586512,28.281241],[77.58658,28.281458]]]},"properties":{"objectid":23100,"uniqueplotid":"PLNGRESIDENTIAL23100","plotmap_id":"SECTOR-20_622_O_RESI","plotidentificationnumber":"622","plotno":"622","industrysector":"SECTOR-20","block":"O","plotsize":"300 SQMT","plotsize_at_the_time_of_allotme":"300 SQMT","landuse_type":"RESIDENTIAL","landuse_subcategory":"RESIDENTIAL","scheme_cod":"RES01","investment":0,"employment":0,"plotstatus":"Allotted","landallotementstatus":"SOLD","landallotementtype":"ALLOTTED","allotmentid":"YEA011687","village_name":"Niloni Sahapura","khasra_no":"1038","longitude":77.5864873,"latitude":28.281364,"authority":"YEIDA","category":"residential","execution_stage":"allotted"}},{"type":"Feature","geometry":{"type":"Polygon","coordinates":[[[77.588296,28.281267],[77.588178,28.281297],[77.58811,28.28108],[77.588228,28.28105],[77.588296,28.281267]]]},"properties":{"objectid":23101,"uniqueplotid":"PLNGRESIDENTIAL23101","plotmap_id":"SECTOR-20_607_O_RESI","plotidentificationnumber":"607","plotno":"607","industrysector":"SECTOR-20","block":"O","plotsize":"300 SQMT","plotsize_at_the_time_of_allotme":"300 SQMT","landuse_type":"RESIDENTIAL","landuse_subcategory":"RESIDENTIAL","scheme_cod":"RES01","investment":0,"employment":0,"plotstatus":"Allotted","landallotementstatus":"SOLD","landallotementtype":"ALLOTTED","allotmentid":"YEA005005","village_name":"Niloni Sahapura","khasra_no":"1041,1040,1033,1034","longitude":77.58820321,"latitude":28.28117351,"authority":"YEIDA","category":"residential","execution_stage":"allotted"}},{"type":"Feature","geometry":{"type":"Polygon","coordinates":[[[77.586764,28.282861],[77.586519,28.282922],[77.586487,28.282818],[77.586732,28.282757],[77.586764,28.282861]]]},"properties":{"objectid":23102,"uniqueplotid":"PLNGRESIDENTIAL23102","plotmap_id":"SECTOR-20_556_O_RESI","plotidentificationnumber":"556","plotno":"556","industrysector":"SECTOR-20","block":"O","plotsize":"300 SQMT","plotsize_at_the_time_of_allotme":"300 SQMT","landuse_type":"RESIDENTIAL","landuse_subcategory":"RESIDENTIAL","scheme_cod":"RES01","investment":0,"employment":0,"plotstatus":"Allotted","landallotementstatus":"SOLD","landallotementtype":"ALLOTTED","allotmentid":"YEA006569","village_name":"Niloni Sahapura","khasra_no":"1025,1023","longitude":77.5866256,"latitude":28.28283958,"authority":"YEIDA","category":"residential","execution_stage":"allotted"}},{"type":"Feature","geometry":{"type":"Polygon","coordinates":[[[77.586519,28.282922],[77.586274,28.282983],[77.586241,28.282878],[77.586487,28.282818],[77.586519,28.282922]]]},"properties":{"objectid":23103,"uniqueplotid":"PLNGRESIDENTIAL23103","plotmap_id":"SECTOR-20_527_O_RESI","plotidentificationnumber":"527","plotno":"527","industrysector":"SECTOR-20","block":"O","plotsize":"300 SQMT","plotsize_at_the_time_of_allotme":"300 SQMT","landuse_type":"RESIDENTIAL","landuse_subcategory":"RESIDENTIAL","scheme_cod":"RES01","investment":0,"employment":0,"plotstatus":"Allotted","landallotementstatus":"SOLD","landallotementtype":"ALLOTTED","allotmentid":"YEA009405","village_name":"Niloni Sahapura","khasra_no":"1023","longitude":77.58638033999999,"latitude":28.282900220000002,"authority":"YEIDA","category":"residential","execution_stage":"allotted"}},{"type":"Feature","geometry":{"type":"Polygon","coordinates":[[[77.586309,28.281403],[77.586064,28.281464],[77.586032,28.28136],[77.586277,28.281299],[77.586309,28.281403]]]},"properties":{"objectid":23104,"uniqueplotid":"PLNGRESIDENTIAL23104","plotmap_id":"SECTOR-20_542_O_RESI","plotidentificationnumber":"542","plotno":"542","industrysector":"SECTOR-20","block":"O","plotsize":"300 SQMT","plotsize_at_the_time_of_allotme":"300 SQMT","landuse_type":"RESIDENTIAL","landuse_subcategory":"RESIDENTIAL","scheme_cod":"RES01","investment":0,"employment":0,"plotstatus":"Allotted","landallotementstatus":"SOLD","landallotementtype":"ALLOTTED","allotmentid":"YEA005318","village_name":"Niloni Sahapura","khasra_no":"1038","longitude":77.58617050000001,"latitude":28.281381670000002,"authority":"YEIDA","category":"residential","execution_stage":"allotted"}},{"type":"Feature","geometry":{"type":"Polygon","coordinates":[[[77.586064,28.281464],[77.585819,28.281525],[77.585786,28.281421],[77.586032,28.28136],[77.586064,28.281464]]]},"properties":{"objectid":23105,"uniqueplotid":"PLNGRESIDENTIAL23105","plotmap_id":"SECTOR-20_541_O_RESI","plotidentificationnumber":"541","plotno":"541","industrysector":"SECTOR-20","block":"O","plotsize":"300 SQMT","plotsize_at_the_time_of_allotme":"300 SQMT","landuse_type":"RESIDENTIAL","landuse_subcategory":"RESIDENTIAL","scheme_cod":"RES01","investment":0,"employment":0,"plotstatus":"Allotted","landallotementstatus":"SOLD","landallotementtype":"ALLOTTED","allotmentid":"YEA015391","village_name":"Niloni Sahapura","khasra_no":"1038,1037","longitude":77.58590208999999,"latitude":28.28143867,"authority":"YEIDA","category":"residential","execution_stage":"allotted"}},{"type":"Feature","geometry":{"type":"Polygon","coordinates":[[[77.589011,28.282306],[77.588766,28.282367],[77.588733,28.282262],[77.588979,28.282202],[77.589011,28.282306]]]},"properties":{"objectid":23106,"uniqueplotid":"PLNGRESIDENTIAL23106","plotmap_id":"SECTOR-20_651_O_RESI","plotidentificationnumber":"651","plotno":"651","industrysector":"SECTOR-20","block":"O","plotsize":"300 SQMT","plotsize_at_the_time_of_allotme":"300 SQMT","landuse_type":"RESIDENTIAL","landuse_subcategory":"RESIDENTIAL","scheme_cod":"RES01","investment":0,"employment":0,"plotstatus":"Allotted","landallotementstatus":"SOLD","landallotementtype":"ALLOTTED","allotmentid":"YEA016463","village_name":"Niloni Sahapura","khasra_no":"1031","longitude":77.58887224,"latitude":28.2822842,"authority":"YEIDA","category":"residential","execution_stage":"allotted"}},{"type":"Feature","geometry":{"type":"Polygon","coordinates":[[[77.588556,28.280848],[77.588311,28.280909],[77.588278,28.280805],[77.588524,28.280744],[77.588556,28.280848]]]},"properties":{"objectid":23107,"uniqueplotid":"PLNGRESIDENTIAL23107","plotmap_id":"SECTOR-20_637_O_RESI","plotidentificationnumber":"637","plotno":"637","industrysector":"SECTOR-20","block":"O","plotsize":"300 SQMT","plotsize_at_the_time_of_allotme":"300 SQMT","landuse_type":"RESIDENTIAL","landuse_subcategory":"RESIDENTIAL","scheme_cod":"RES01","investment":0,"employment":0,"plotstatus":"Allotted","landallotementstatus":"SOLD","landallotementtype":"ALLOTTED","allotmentid":"YEA010858","lease_deed":"Y","lease_deed_date":1632076200000,"village_name":"Niloni Sahapura","khasra_no":"1041,1043,1042,1044,1045","longitude":77.58841714,"latitude":28.28082628,"authority":"YEIDA","category":"residential","execution_stage":"lease-recorded"}},{"type":"Feature","geometry":{"type":"Polygon","coordinates":[[[77.588801,28.280787],[77.588556,28.280848],[77.588524,28.280744],[77.588769,28.280683],[77.588801,28.280787]]]},"properties":{"objectid":23108,"uniqueplotid":"PLNGRESIDENTIAL23108","plotmap_id":"SECTOR-20_666_O_RESI","plotidentificationnumber":"666","plotno":"666","industrysector":"SECTOR-20","block":"O","plotsize":"300 SQMT","plotsize_at_the_time_of_allotme":"300 SQMT","landuse_type":"RESIDENTIAL","landuse_subcategory":"RESIDENTIAL","scheme_cod":"RES01","investment":0,"employment":0,"plotstatus":"Allotted","landallotementstatus":"SOLD","landallotementtype":"ALLOTTED","allotmentid":"YEA014174","village_name":"Niloni Sahapura","khasra_no":"1044,1045","longitude":77.5886624,"latitude":28.28076565,"authority":"YEIDA","category":"residential","execution_stage":"allotted"}},{"type":"Feature","geometry":{"type":"Polygon","coordinates":[[[77.589076,28.282514],[77.588831,28.282575],[77.588798,28.282471],[77.589044,28.28241],[77.589076,28.282514]]]},"properties":{"objectid":23111,"uniqueplotid":"PLNGRESIDENTIAL23111","plotmap_id":"SECTOR-20_846_O_RESI","plotidentificationnumber":"846","plotno":"846","industrysector":"SECTOR-20","block":"O","plotsize":"300 SQMT","plotsize_at_the_time_of_allotme":"300 SQMT","landuse_type":"RESIDENTIAL","landuse_subcategory":"RESIDENTIAL","scheme_cod":"RES01","investment":0,"employment":0,"plotstatus":"Allotted","landallotementstatus":"SOLD","landallotementtype":"ALLOTTED","allotmentid":"YEA017162","village_name":"Niloni Sahapura","khasra_no":"1031","longitude":77.58893725,"latitude":28.28249248,"authority":"YEIDA","category":"residential","execution_stage":"allotted"}},{"type":"Feature","geometry":{"type":"Polygon","coordinates":[[[77.589072,28.280842],[77.588954,28.280871],[77.588887,28.280654],[77.589004,28.280625],[77.589072,28.280842]]]},"properties":{"objectid":23133,"uniqueplotid":"PLNGRESIDENTIAL23133","plotmap_id":"SECTOR-20_667_O_RESI","plotidentificationnumber":"667","plotno":"667","industrysector":"SECTOR-20","block":"O","plotsize":"300 SQMT","plotsize_at_the_time_of_allotme":"300 SQMT","landuse_type":"RESIDENTIAL","landuse_subcategory":"RESIDENTIAL","scheme_cod":"RES01","investment":0,"employment":0,"plotstatus":"Allotted","landallotementstatus":"SOLD","landallotementtype":"ALLOTTED","allotmentid":"YEA005901","village_name":"Niloni Sahapura","khasra_no":"1044","longitude":77.58897924,"latitude":28.28074808,"authority":"YEIDA","category":"residential","execution_stage":"allotted"}},{"type":"Feature","geometry":{"type":"Polygon","coordinates":[[[77.58914,28.281059],[77.589022,28.281088],[77.588954,28.280871],[77.589072,28.280842],[77.58914,28.281059]]]},"properties":{"objectid":23134,"uniqueplotid":"PLNGRESIDENTIAL23134","plotmap_id":"SECTOR-20_696_O_RESI","plotidentificationnumber":"696","plotno":"696","industrysector":"SECTOR-20","block":"O","plotsize":"300 SQMT","plotsize_at_the_time_of_allotme":"300 SQMT","landuse_type":"RESIDENTIAL","landuse_subcategory":"RESIDENTIAL","scheme_cod":"RES01","investment":0,"employment":0,"plotstatus":"Allotted","landallotementstatus":"SOLD","landallotementtype":"ALLOTTED","allotmentid":"YEA012894","village_name":"Niloni Sahapura","khasra_no":"1044,1047","longitude":77.58904697,"latitude":28.280965039999998,"authority":"YEIDA","category":"residential","execution_stage":"allotted"}},{"type":"Feature","geometry":{"type":"Polygon","coordinates":[[[77.588116,28.281536],[77.58787,28.281597],[77.587838,28.281493],[77.588083,28.281432],[77.588116,28.281536]]]},"properties":{"objectid":23144,"uniqueplotid":"PLNGRESIDENTIAL23144","plotmap_id":"SECTOR-20_577_O_RESI","plotidentificationnumber":"577","plotno":"577","industrysector":"SECTOR-20","block":"O","plotsize":"300 SQMT","plotsize_at_the_time_of_allotme":"300 SQMT","landuse_type":"RESIDENTIAL","landuse_subcategory":"RESIDENTIAL","scheme_cod":"RES01","investment":0,"employment":0,"plotstatus":"Allotted","landallotementstatus":"SOLD","landallotementtype":"ALLOTTED","allotmentid":"YEA008401","village_name":"Niloni Sahapura","khasra_no":"1032,1033,1034","longitude":77.58795365,"latitude":28.281510960000002,"authority":"YEIDA","category":"residential","execution_stage":"allotted"}},{"type":"Feature","geometry":{"type":"Polygon","coordinates":[[[77.588361,28.281476],[77.588116,28.281536],[77.588083,28.281432],[77.588328,28.281372],[77.588361,28.281476]]]},"properties":{"objectid":23145,"uniqueplotid":"PLNGRESIDENTIAL23145","plotmap_id":"SECTOR-20_606_O_RESI","plotidentificationnumber":"606","plotno":"606","industrysector":"SECTOR-20","block":"O","plotsize":"300 SQMT","plotsize_at_the_time_of_allotme":"300 SQMT","landuse_type":"RESIDENTIAL","landuse_subcategory":"RESIDENTIAL","scheme_cod":"RES01","investment":0,"employment":0,"plotstatus":"Allotted","landallotementstatus":"SOLD","landallotementtype":"ALLOTTED","allotmentid":"YEA011122","village_name":"Niloni Sahapura","khasra_no":"1032","longitude":77.58822206,"latitude":28.28145396,"authority":"YEIDA","category":"residential","execution_stage":"allotted"}},{"type":"Feature","geometry":{"type":"Polygon","coordinates":[[[77.58684,28.281852],[77.586595,28.281912],[77.586563,28.281808],[77.586808,28.281747],[77.58684,28.281852]]]},"properties":{"objectid":23146,"uniqueplotid":"PLNGRESIDENTIAL23146","plotmap_id":"SECTOR-20_566_O_RESI","plotidentificationnumber":"566","plotno":"566","industrysector":"SECTOR-20","block":"O","plotsize":"300 SQMT","plotsize_at_the_time_of_allotme":"300 SQMT","landuse_type":"RESIDENTIAL","landuse_subcategory":"RESIDENTIAL","scheme_cod":"RES01","investment":0,"employment":0,"plotstatus":"Allotted","landallotementstatus":"SOLD","landallotementtype":"ALLOTTED","allotmentid":"YEA010242","village_name":"Niloni Sahapura","khasra_no":"1038","longitude":77.58670142,"latitude":28.28182987,"authority":"YEIDA","category":"residential","execution_stage":"allotted"}},{"type":"Feature","geometry":{"type":"Polygon","coordinates":[[[77.587086,28.281791],[77.58684,28.281852],[77.586808,28.281747],[77.587053,28.281687],[77.587086,28.281791]]]},"properties":{"objectid":23147,"uniqueplotid":"PLNGRESIDENTIAL23147","plotmap_id":"SECTOR-20_567_O_RESI","plotidentificationnumber":"567","plotno":"567","industrysector":"SECTOR-20","block":"O","plotsize":"300 SQMT","plotsize_at_the_time_of_allotme":"300 SQMT","landuse_type":"RESIDENTIAL","landuse_subcategory":"RESIDENTIAL","scheme_cod":"RES01","investment":0,"employment":0,"plotstatus":"Allotted","landallotementstatus":"SOLD","landallotementtype":"ALLOTTED","allotmentid":"YEA009771","village_name":"Niloni Sahapura","khasra_no":"1038","longitude":77.58694668,"latitude":28.28176924,"authority":"YEIDA","category":"residential","execution_stage":"allotted"}},{"type":"Feature","geometry":{"type":"Polygon","coordinates":[[[77.583763,28.284431],[77.583254,28.284443],[77.58325,28.284263],[77.583758,28.284251],[77.583763,28.284431]]]},"properties":{"objectid":23155,"uniqueplotid":"PLNGRESIDENTIAL23155","plotmap_id":"SECTOR-20_409_D_RESI","plotidentificationnumber":"409","plotno":"409","industrysector":"SECTOR-20","block":"D","plotsize":"1000 SQMT","plotsize_at_the_time_of_allotme":"1000 SQMT","landuse_type":"RESIDENTIAL","landuse_subcategory":"RESIDENTIAL","scheme_cod":"RES01","investment":0,"employment":0,"plotstatus":"Allotted","landallotementstatus":"SOLD","landallotementtype":"ALLOTTED","allotmentid":"YEA000977","village_name":"Niloni Sahapura","khasra_no":"843,848","longitude":77.58350635000001,"latitude":28.284347020000002,"authority":"YEIDA","category":"residential","execution_stage":"allotted"}},{"type":"Feature","geometry":{"type":"Polygon","coordinates":[[[77.583758,28.284251],[77.58325,28.284263],[77.583245,28.284083],[77.583754,28.284071],[77.583758,28.284251]]]},"properties":{"objectid":23156,"uniqueplotid":"PLNGRESIDENTIAL23156","plotmap_id":"SECTOR-20_410_D_RESI","plotidentificationnumber":"410","plotno":"410","industrysector":"SECTOR-20","block":"D","plotsize":"1000 SQMT","plotsize_at_the_time_of_allotme":"1000 SQMT","landuse_type":"RESIDENTIAL","landuse_subcategory":"RESIDENTIAL","scheme_cod":"RES01","investment":0,"employment":0,"plotstatus":"Allotted","landallotementstatus":"SOLD","landallotementtype":"ALLOTTED","allotmentid":"YEA000707","lease_deed":"Y","lease_deed_date":1600713000000,"village_name":"Niloni Sahapura","khasra_no":"843,848","longitude":77.58350177,"latitude":28.28416687,"authority":"YEIDA","category":"residential","execution_stage":"lease-recorded"}},{"type":"Feature","geometry":{"type":"Polygon","coordinates":[[[77.584272,28.28442],[77.583763,28.284431],[77.583758,28.284251],[77.584267,28.28424],[77.584272,28.28442]]]},"properties":{"objectid":23157,"uniqueplotid":"PLNGRESIDENTIAL23157","plotmap_id":"SECTOR-20_430_D_RESI","plotidentificationnumber":"430","plotno":"430","industrysector":"SECTOR-20","block":"D","plotsize":"1000 SQMT","plotsize_at_the_time_of_allotme":"1000 SQMT","landuse_type":"RESIDENTIAL","landuse_subcategory":"RESIDENTIAL","scheme_cod":"RES01","investment":0,"employment":0,"plotstatus":"Allotted","landallotementstatus":"SOLD","landallotementtype":"ALLOTTED","allotmentid":"YEA000447","lease_deed":"Y","lease_deed_date":1563993000000,"village_name":"Niloni Sahapura","khasra_no":"847,848","longitude":77.58401511000001,"latitude":28.284335470000002,"authority":"YEIDA","category":"residential","execution_stage":"lease-recorded"}},{"type":"Feature","geometry":{"type":"Polygon","coordinates":[[[77.588278,28.280605],[77.588116,28.280648],[77.588031,28.280388],[77.588193,28.280346],[77.588278,28.280605]]]},"properties":{"objectid":23171,"uniqueplotid":"PLNGRESIDENTIAL23171","plotmap_id":"SECTOR-20_64_Q_RESI","plotidentificationnumber":"64","plotno":"64","industrysector":"SECTOR-20","block":"Q","plotsize":"500 SQMT","plotsize_at_the_time_of_allotme":"500 SQMT","landuse_type":"RESIDENTIAL","landuse_subcategory":"RESIDENTIAL","scheme_cod":"RES01","investment":0,"employment":0,"plotstatus":"Allotted","landallotementstatus":"SOLD","landallotementtype":"ALLOTTED","allotmentid":"YEA002633","lease_deed":"Y","lease_deed_date":1688063400000,"village_name":"Niloni Sahapura","khasra_no":"1041,1043,1042,1044","longitude":77.58815428,"latitude":28.28049687,"authority":"YEIDA","category":"residential","execution_stage":"lease-recorded"}},{"type":"Feature","geometry":{"type":"Polygon","coordinates":[[[77.588116,28.280648],[77.587953,28.28069],[77.587868,28.28043],[77.588031,28.280388],[77.588116,28.280648]]]},"properties":{"objectid":23172,"uniqueplotid":"PLNGRESIDENTIAL23172","plotmap_id":"SECTOR-20_65_Q_RESI","plotidentificationnumber":"65","plotno":"65","industrysector":"SECTOR-20","block":"Q","plotsize":"500 SQMT","plotsize_at_the_time_of_allotme":"500 SQMT","landuse_type":"RESIDENTIAL","landuse_subcategory":"RESIDENTIAL","scheme_cod":"RES01","investment":0,"employment":0,"plotstatus":"Allotted","landallotementstatus":"SOLD","landallotementtype":"ALLOTTED","allotmentid":"YEA001734","lease_deed":"Y","lease_deed_date":1568917800000,"village_name":"Niloni Sahapura","khasra_no":"1041","longitude":77.58799203000001,"latitude":28.280539,"authority":"YEIDA","category":"residential","execution_stage":"lease-recorded"}},{"type":"Feature","geometry":{"type":"Polygon","coordinates":[[[77.587953,28.28069],[77.587791,28.280732],[77.587706,28.280472],[77.587868,28.28043],[77.587953,28.28069]]]},"properties":{"objectid":23173,"uniqueplotid":"PLNGRESIDENTIAL23173","plotmap_id":"SECTOR-20_66_Q_RESI","plotidentificationnumber":"66","plotno":"66","industrysector":"SECTOR-20","block":"Q","plotsize":"500 SQMT","plotsize_at_the_time_of_allotme":"500 SQMT","landuse_type":"RESIDENTIAL","landuse_subcategory":"RESIDENTIAL","scheme_cod":"RES01","investment":0,"employment":0,"plotstatus":"Allotted","landallotementstatus":"SOLD","landallotementtype":"ALLOTTED","allotmentid":"YEA004043","lease_deed":"Y","lease_deed_date":1573497000000,"village_name":"Niloni Sahapura","khasra_no":"1041,1040","longitude":77.58782977,"latitude":28.28058112,"authority":"YEIDA","category":"residential","execution_stage":"lease-recorded"}},{"type":"Feature","geometry":{"type":"Polygon","coordinates":[[[77.587791,28.280732],[77.587629,28.280774],[77.587544,28.280515],[77.587706,28.280472],[77.587791,28.280732]]]},"properties":{"objectid":23174,"uniqueplotid":"PLNGRESIDENTIAL23174","plotmap_id":"SECTOR-20_67_Q_RESI","plotidentificationnumber":"67","plotno":"67","industrysector":"SECTOR-20","block":"Q","plotsize":"500 SQMT","plotsize_at_the_time_of_allotme":"500 SQMT","landuse_type":"RESIDENTIAL","landuse_subcategory":"RESIDENTIAL","scheme_cod":"RES01","investment":0,"employment":0,"plotstatus":"Allotted","landallotementstatus":"SOLD","landallotementtype":"ALLOTTED","allotmentid":"YEA001689","lease_deed":"Y","lease_deed_date":1687458600000,"village_name":"Niloni Sahapura","khasra_no":"1040","longitude":77.58766750999999,"latitude":28.28062325,"authority":"YEIDA","category":"residential","execution_stage":"lease-recorded"}},{"type":"Feature","geometry":{"type":"Polygon","coordinates":[[[77.587629,28.280774],[77.587467,28.280816],[77.587382,28.280557],[77.587544,28.280515],[77.587629,28.280774]]]},"properties":{"objectid":23175,"uniqueplotid":"PLNGRESIDENTIAL23175","plotmap_id":"SECTOR-20_68_Q_RESI","plotidentificationnumber":"68","plotno":"68","industrysector":"SECTOR-20","block":"Q","plotsize":"500 SQMT","plotsize_at_the_time_of_allotme":"500 SQMT","landuse_type":"RESIDENTIAL","landuse_subcategory":"RESIDENTIAL","scheme_cod":"RES01","investment":0,"employment":0,"plotstatus":"Allotted","landallotementstatus":"SOLD","landallotementtype":"ALLOTTED","allotmentid":"YEA004082","village_name":"Niloni Sahapura","khasra_no":"1040,1039","longitude":77.58750525,"latitude":28.28066538,"authority":"YEIDA","category":"residential","execution_stage":"allotted"}},{"type":"Feature","geometry":{"type":"Polygon","coordinates":[[[77.588589,28.280952],[77.588343,28.281013],[77.588311,28.280909],[77.588556,28.280848],[77.588589,28.280952]]]},"properties":{"objectid":23212,"uniqueplotid":"PLNGRESIDENTIAL23212","plotmap_id":"SECTOR-20_638_O_RESI","plotidentificationnumber":"638","plotno":"638","industrysector":"SECTOR-20","block":"O","plotsize":"300 SQMT","plotsize_at_the_time_of_allotme":"300 SQMT","landuse_type":"RESIDENTIAL","landuse_subcategory":"RESIDENTIAL","scheme_cod":"RES01","investment":0,"employment":0,"plotstatus":"Allotted","landallotementstatus":"SOLD","landallotementtype":"ALLOTTED","allotmentid":"YEA016766","lease_deed":"Y","lease_deed_date":1574101800000,"village_name":"Niloni Sahapura","khasra_no":"1041,1043,1042,1045","longitude":77.58844964000001,"latitude":28.28093042,"authority":"YEIDA","category":"residential","execution_stage":"lease-recorded"}},{"type":"Feature","geometry":{"type":"Polygon","coordinates":[[[77.588621,28.281056],[77.588376,28.281117],[77.588343,28.281013],[77.588589,28.280952],[77.588621,28.281056]]]},"properties":{"objectid":23213,"uniqueplotid":"PLNGRESIDENTIAL23213","plotmap_id":"SECTOR-20_639_O_RESI","plotidentificationnumber":"639","plotno":"639","industrysector":"SECTOR-20","block":"O","plotsize":"300 SQMT","plotsize_at_the_time_of_allotme":"300 SQMT","landuse_type":"RESIDENTIAL","landuse_subcategory":"RESIDENTIAL","scheme_cod":"RES01","investment":0,"employment":0,"plotstatus":"Allotted","landallotementstatus":"SOLD","landallotementtype":"ALLOTTED","allotmentid":"YEA006337","village_name":"Niloni Sahapura","khasra_no":"1041,1043,1042,1045","longitude":77.58848215,"latitude":28.281034549999998,"authority":"YEIDA","category":"residential","execution_stage":"allotted"}},{"type":"Feature","geometry":{"type":"Polygon","coordinates":[[[77.588654,28.28116],[77.588408,28.281221],[77.588376,28.281117],[77.588621,28.281056],[77.588654,28.28116]]]},"properties":{"objectid":23214,"uniqueplotid":"PLNGRESIDENTIAL23214","plotmap_id":"SECTOR-20_640_O_RESI","plotidentificationnumber":"640","plotno":"640","industrysector":"SECTOR-20","block":"O","plotsize":"300 SQMT","plotsize_at_the_time_of_allotme":"300 SQMT","landuse_type":"RESIDENTIAL","landuse_subcategory":"RESIDENTIAL","scheme_cod":"RES01","investment":0,"employment":0,"plotstatus":"Allotted","landallotementstatus":"SOLD","landallotementtype":"ALLOTTED","allotmentid":"YEA016607","lease_deed":"Y","lease_deed_date":1680460200000,"village_name":"Niloni Sahapura","khasra_no":"1032,1041,1033,1043,1042,1045,1034","longitude":77.58851466,"latitude":28.28113869,"authority":"YEIDA","category":"residential","execution_stage":"lease-recorded"}},{"type":"Feature","geometry":{"type":"Polygon","coordinates":[[[77.588686,28.281265],[77.588441,28.281325],[77.588408,28.281221],[77.588654,28.28116],[77.588686,28.281265]]]},"properties":{"objectid":23215,"uniqueplotid":"PLNGRESIDENTIAL23215","plotmap_id":"SECTOR-20_641_O_RESI","plotidentificationnumber":"641","plotno":"641","industrysector":"SECTOR-20","block":"O","plotsize":"300 SQMT","plotsize_at_the_time_of_allotme":"300 SQMT","landuse_type":"RESIDENTIAL","landuse_subcategory":"RESIDENTIAL","scheme_cod":"RES01","investment":0,"employment":0,"plotstatus":"Allotted","landallotementstatus":"SOLD","landallotementtype":"ALLOTTED","allotmentid":"YEA019326","village_name":"Niloni Sahapura","khasra_no":"1032,1033,1043,1042,1045,1046","longitude":77.58854715999999,"latitude":28.28124283,"authority":"YEIDA","category":"residential","execution_stage":"allotted"}},{"type":"Feature","geometry":{"type":"Polygon","coordinates":[[[77.588946,28.282098],[77.588701,28.282158],[77.588668,28.282054],[77.588914,28.281994],[77.588946,28.282098]]]},"properties":{"objectid":23216,"uniqueplotid":"PLNGRESIDENTIAL23216","plotmap_id":"SECTOR-20_649_O_RESI","plotidentificationnumber":"649","plotno":"649","industrysector":"SECTOR-20","block":"O","plotsize":"300 SQMT","plotsize_at_the_time_of_allotme":"300 SQMT","landuse_type":"RESIDENTIAL","landuse_subcategory":"RESIDENTIAL","scheme_cod":"RES01","investment":0,"employment":0,"plotstatus":"Allotted","landallotementstatus":"SOLD","landallotementtype":"ALLOTTED","allotmentid":"YEA004282","lease_deed":"Y","lease_deed_date":1601404200000,"village_name":"Niloni Sahapura","khasra_no":"1031,1032","longitude":77.58880722,"latitude":28.28207593,"authority":"YEIDA","category":"residential","execution_stage":"lease-recorded"}},{"type":"Feature","geometry":{"type":"Polygon","coordinates":[[[77.588979,28.282202],[77.588733,28.282262],[77.588701,28.282158],[77.588946,28.282098],[77.588979,28.282202]]]},"properties":{"objectid":23217,"uniqueplotid":"PLNGRESIDENTIAL23217","plotmap_id":"SECTOR-20_650_O_RESI","plotidentificationnumber":"650","plotno":"650","industrysector":"SECTOR-20","block":"O","plotsize":"300 SQMT","plotsize_at_the_time_of_allotme":"300 SQMT","landuse_type":"RESIDENTIAL","landuse_subcategory":"RESIDENTIAL","scheme_cod":"RES01","investment":0,"employment":0,"plotstatus":"Allotted","landallotementstatus":"SOLD","landallotementtype":"ALLOTTED","allotmentid":"YEA015152","lease_deed":"Y","lease_deed_date":1677177000000,"village_name":"Niloni Sahapura","khasra_no":"1031,1032","longitude":77.58883973,"latitude":28.28218007,"authority":"YEIDA","category":"residential","execution_stage":"lease-recorded"}},{"type":"Feature","geometry":{"type":"Polygon","coordinates":[[[77.589029,28.281516],[77.588784,28.281577],[77.588751,28.281473],[77.588996,28.281412],[77.589029,28.281516]]]},"properties":{"objectid":23219,"uniqueplotid":"PLNGRESIDENTIAL23219","plotmap_id":"SECTOR-20_659_O_RESI","plotidentificationnumber":"659","plotno":"659","industrysector":"SECTOR-20","block":"O","plotsize":"300 SQMT","plotsize_at_the_time_of_allotme":"300 SQMT","landuse_type":"RESIDENTIAL","landuse_subcategory":"RESIDENTIAL","scheme_cod":"RES01","investment":0,"employment":0,"plotstatus":"Allotted","landallotementstatus":"SOLD","landallotementtype":"ALLOTTED","allotmentid":"YEA008890","lease_deed":"Y","lease_deed_date":1675103400000,"village_name":"Niloni Sahapura","khasra_no":"1032,1043,1042,1047","longitude":77.58888995000001,"latitude":28.281494610000003,"authority":"YEIDA","category":"residential","execution_stage":"lease-recorded"}},{"type":"Feature","geometry":{"type":"Polygon","coordinates":[[[77.588996,28.281412],[77.588751,28.281473],[77.588719,28.281369],[77.588964,28.281308],[77.588996,28.281412]]]},"properties":{"objectid":23220,"uniqueplotid":"PLNGRESIDENTIAL23220","plotmap_id":"SECTOR-20_660_O_RESI","plotidentificationnumber":"660","plotno":"660","industrysector":"SECTOR-20","block":"O","plotsize":"300 SQMT","plotsize_at_the_time_of_allotme":"300 SQMT","landuse_type":"RESIDENTIAL","landuse_subcategory":"RESIDENTIAL","scheme_cod":"RES01","investment":0,"employment":0,"plotstatus":"Allotted","landallotementstatus":"SOLD","landallotementtype":"ALLOTTED","allotmentid":"YEA004746","lease_deed":"Y","lease_deed_date":1661884200000,"village_name":"Niloni Sahapura","khasra_no":"1032,1043,1042,1047","longitude":77.58885744000001,"latitude":28.28139047,"authority":"YEIDA","category":"residential","execution_stage":"lease-recorded"}},{"type":"Feature","geometry":{"type":"Polygon","coordinates":[[[77.588964,28.281308],[77.588719,28.281369],[77.588686,28.281265],[77.588931,28.281204],[77.588964,28.281308]]]},"properties":{"objectid":23221,"uniqueplotid":"PLNGRESIDENTIAL23221","plotmap_id":"SECTOR-20_661_O_RESI","plotidentificationnumber":"661","plotno":"661","industrysector":"SECTOR-20","block":"O","plotsize":"300 SQMT","plotsize_at_the_time_of_allotme":"300 SQMT","landuse_type":"RESIDENTIAL","landuse_subcategory":"RESIDENTIAL","scheme_cod":"RES01","investment":0,"employment":0,"plotstatus":"Allotted","landallotementstatus":"SOLD","landallotementtype":"ALLOTTED","allotmentid":"YEA005527","lease_deed":"Y","lease_deed_date":1630348200000,"village_name":"Niloni Sahapura","khasra_no":"1043,1042,1047","longitude":77.58882494000001,"latitude":28.281286339999998,"authority":"YEIDA","category":"residential","execution_stage":"lease-recorded"}},{"type":"Feature","geometry":{"type":"Polygon","coordinates":[[[77.588931,28.281204],[77.588686,28.281265],[77.588654,28.28116],[77.588899,28.2811],[77.588931,28.281204]]]},"properties":{"objectid":23222,"uniqueplotid":"PLNGRESIDENTIAL23222","plotmap_id":"SECTOR-20_662_O_RESI","plotidentificationnumber":"662","plotno":"662","industrysector":"SECTOR-20","block":"O","plotsize":"300 SQMT","plotsize_at_the_time_of_allotme":"300 SQMT","landuse_type":"RESIDENTIAL","landuse_subcategory":"RESIDENTIAL","scheme_cod":"RES01","investment":0,"employment":0,"plotstatus":"Allotted","landallotementstatus":"SOLD","landallotementtype":"ALLOTTED","allotmentid":"YEA015603","lease_deed":"Y","lease_deed_date":1737570600000,"village_name":"Niloni Sahapura","khasra_no":"1043,1047,1045,1046","longitude":77.58879243,"latitude":28.2811822,"authority":"YEIDA","category":"residential","execution_stage":"lease-recorded"}},{"type":"Feature","geometry":{"type":"Polygon","coordinates":[[[77.588899,28.2811],[77.588654,28.28116],[77.588621,28.281056],[77.588866,28.280996],[77.588899,28.2811]]]},"properties":{"objectid":23223,"uniqueplotid":"PLNGRESIDENTIAL23223","plotmap_id":"SECTOR-20_663_O_RESI","plotidentificationnumber":"663","plotno":"663","industrysector":"SECTOR-20","block":"O","plotsize":"300 SQMT","plotsize_at_the_time_of_allotme":"300 SQMT","landuse_type":"RESIDENTIAL","landuse_subcategory":"RESIDENTIAL","scheme_cod":"RES01","investment":0,"employment":0,"plotstatus":"Allotted","landallotementstatus":"SOLD","landallotementtype":"ALLOTTED","allotmentid":"YEA010676","lease_deed":"Y","lease_deed_date":1601317800000,"village_name":"Niloni Sahapura","khasra_no":"1044,1045,1046","longitude":77.58875992,"latitude":28.28107806,"authority":"YEIDA","category":"residential","execution_stage":"lease-recorded"}},{"type":"Feature","geometry":{"type":"Polygon","coordinates":[[[77.588866,28.280996],[77.588621,28.281056],[77.588589,28.280952],[77.588834,28.280892],[77.588866,28.280996]]]},"properties":{"objectid":23224,"uniqueplotid":"PLNGRESIDENTIAL23224","plotmap_id":"SECTOR-20_664_O_RESI","plotidentificationnumber":"664","plotno":"664","industrysector":"SECTOR-20","block":"O","plotsize":"300 SQMT","plotsize_at_the_time_of_allotme":"300 SQMT","landuse_type":"RESIDENTIAL","landuse_subcategory":"RESIDENTIAL","scheme_cod":"RES01","investment":0,"employment":0,"plotstatus":"Allotted","landallotementstatus":"SOLD","landallotementtype":"ALLOTTED","allotmentid":"YEA016325","lease_deed":"Y","lease_deed_date":1584383400000,"village_name":"Niloni Sahapura","khasra_no":"1044,1045","longitude":77.58872741,"latitude":28.280973919999997,"authority":"YEIDA","category":"residential","execution_stage":"lease-recorded"}},{"type":"Feature","geometry":{"type":"Polygon","coordinates":[[[77.588834,28.280892],[77.588589,28.280952],[77.588556,28.280848],[77.588801,28.280787],[77.588834,28.280892]]]},"properties":{"objectid":23225,"uniqueplotid":"PLNGRESIDENTIAL23225","plotmap_id":"SECTOR-20_665_O_RESI","plotidentificationnumber":"665","plotno":"665","industrysector":"SECTOR-20","block":"O","plotsize":"300 SQMT","plotsize_at_the_time_of_allotme":"300 SQMT","landuse_type":"RESIDENTIAL","landuse_subcategory":"RESIDENTIAL","scheme_cod":"RES01","investment":0,"employment":0,"plotstatus":"Allotted","landallotementstatus":"SOLD","landallotementtype":"ALLOTTED","allotmentid":"YEA015185","lease_deed":"Y","lease_deed_date":1695925800000,"village_name":"Niloni Sahapura","khasra_no":"1044,1045","longitude":77.58869491,"latitude":28.28086978,"authority":"YEIDA","category":"residential","execution_stage":"lease-recorded"}},{"type":"Feature","geometry":{"type":"Polygon","coordinates":[[[77.588178,28.281297],[77.58806,28.281326],[77.587993,28.281109],[77.58811,28.28108],[77.588178,28.281297]]]},"properties":{"objectid":23226,"uniqueplotid":"PLNGRESIDENTIAL23226","plotmap_id":"SECTOR-20_608_O_RESI","plotidentificationnumber":"608","plotno":"608","industrysector":"SECTOR-20","block":"O","plotsize":"300 SQMT","plotsize_at_the_time_of_allotme":"300 SQMT","landuse_type":"RESIDENTIAL","landuse_subcategory":"RESIDENTIAL","scheme_cod":"RES01","investment":0,"employment":0,"plotstatus":"Allotted","landallotementstatus":"SOLD","landallotementtype":"ALLOTTED","allotmentid":"YEA004742","lease_deed":"Y","lease_deed_date":1578594600000,"village_name":"Niloni Sahapura","khasra_no":"1040","longitude":77.58808547999999,"latitude":28.281202609999998,"authority":"YEIDA","category":"residential","execution_stage":"lease-recorded"}},{"type":"Feature","geometry":{"type":"Polygon","coordinates":[[[77.58806,28.281326],[77.587943,28.281355],[77.587875,28.281138],[77.587993,28.281109],[77.58806,28.281326]]]},"properties":{"objectid":23227,"uniqueplotid":"PLNGRESIDENTIAL23227","plotmap_id":"SECTOR-20_609_O_RESI","plotidentificationnumber":"609","plotno":"609","industrysector":"SECTOR-20","block":"O","plotsize":"300 SQMT","plotsize_at_the_time_of_allotme":"300 SQMT","landuse_type":"RESIDENTIAL","landuse_subcategory":"RESIDENTIAL","scheme_cod":"RES01","investment":0,"employment":0,"plotstatus":"Allotted","landallotementstatus":"SOLD","landallotementtype":"ALLOTTED","allotmentid":"YEA015491","lease_deed":"Y","lease_deed_date":1580149800000,"village_name":"Niloni Sahapura","khasra_no":"1040","longitude":77.58796776,"latitude":28.281231709999997,"authority":"YEIDA","category":"residential","execution_stage":"lease-recorded"}},{"type":"Feature","geometry":{"type":"Polygon","coordinates":[[[77.587943,28.281355],[77.587825,28.281384],[77.587757,28.281167],[77.587875,28.281138],[77.587943,28.281355]]]},"properties":{"objectid":23228,"uniqueplotid":"PLNGRESIDENTIAL23228","plotmap_id":"SECTOR-20_610_O_RESI","plotidentificationnumber":"610","plotno":"610","industrysector":"SECTOR-20","block":"O","plotsize":"300 SQMT","plotsize_at_the_time_of_allotme":"300 SQMT","landuse_type":"RESIDENTIAL","landuse_subcategory":"RESIDENTIAL","scheme_cod":"RES01","investment":0,"employment":0,"plotstatus":"Allotted","landallotementstatus":"SOLD","landallotementtype":"ALLOTTED","allotmentid":"YEA014075","village_name":"Niloni Sahapura","khasra_no":"1040,1039","longitude":77.58785003,"latitude":28.28126082,"authority":"YEIDA","category":"residential","execution_stage":"allotted"}},{"type":"Feature","geometry":{"type":"Polygon","coordinates":[[[77.587825,28.281384],[77.587707,28.281413],[77.58764,28.281196],[77.587757,28.281167],[77.587825,28.281384]]]},"properties":{"objectid":23229,"uniqueplotid":"PLNGRESIDENTIAL23229","plotmap_id":"SECTOR-20_611_O_RESI","plotidentificationnumber":"611","plotno":"611","industrysector":"SECTOR-20","block":"O","plotsize":"300 SQMT","plotsize_at_the_time_of_allotme":"300 SQMT","landuse_type":"RESIDENTIAL","landuse_subcategory":"RESIDENTIAL","scheme_cod":"RES01","investment":0,"employment":0,"plotstatus":"Allotted","landallotementstatus":"SOLD","landallotementtype":"ALLOTTED","allotmentid":"YEA015660","village_name":"Niloni Sahapura","khasra_no":"1039","longitude":77.5877323,"latitude":28.28128992,"authority":"YEIDA","category":"residential","execution_stage":"allotted"}},{"type":"Feature","geometry":{"type":"Polygon","coordinates":[[[77.587707,28.281413],[77.58759,28.281442],[77.587522,28.281225],[77.58764,28.281196],[77.587707,28.281413]]]},"properties":{"objectid":23230,"uniqueplotid":"PLNGRESIDENTIAL23230","plotmap_id":"SECTOR-20_612_O_RESI","plotidentificationnumber":"612","plotno":"612","industrysector":"SECTOR-20","block":"O","plotsize":"300 SQMT","plotsize_at_the_time_of_allotme":"300 SQMT","landuse_type":"RESIDENTIAL","landuse_subcategory":"RESIDENTIAL","scheme_cod":"RES01","investment":0,"employment":0,"plotstatus":"Allotted","landallotementstatus":"SOLD","landallotementtype":"ALLOTTED","allotmentid":"YEA007915","lease_deed":"Y","lease_deed_date":1600367400000,"village_name":"Niloni Sahapura","khasra_no":"1039,1038","longitude":77.58761457,"latitude":28.28131902,"authority":"YEIDA","category":"residential","execution_stage":"lease-recorded"}},{"type":"Feature","geometry":{"type":"Polygon","coordinates":[[[77.58759,28.281442],[77.587472,28.281471],[77.587404,28.281254],[77.587522,28.281225],[77.58759,28.281442]]]},"properties":{"objectid":23231,"uniqueplotid":"PLNGRESIDENTIAL23231","plotmap_id":"SECTOR-20_613_O_RESI","plotidentificationnumber":"613","plotno":"613","industrysector":"SECTOR-20","block":"O","plotsize":"300 SQMT","plotsize_at_the_time_of_allotme":"300 SQMT","landuse_type":"RESIDENTIAL","landuse_subcategory":"RESIDENTIAL","scheme_cod":"RES01","investment":0,"employment":0,"plotstatus":"Allotted","landallotementstatus":"SOLD","landallotementtype":"ALLOTTED","allotmentid":"YEA014661","lease_deed":"Y","lease_deed_date":1593973800000,"village_name":"Niloni Sahapura","khasra_no":"1039,1038","longitude":77.58749685000001,"latitude":28.28134813,"authority":"YEIDA","category":"residential","execution_stage":"lease-recorded"}},{"type":"Feature","geometry":{"type":"Polygon","coordinates":[[[77.587472,28.281471],[77.587354,28.2815],[77.587286,28.281283],[77.587404,28.281254],[77.587472,28.281471]]]},"properties":{"objectid":23232,"uniqueplotid":"PLNGRESIDENTIAL23232","plotmap_id":"SECTOR-20_614_O_RESI","plotidentificationnumber":"614","plotno":"614","industrysector":"SECTOR-20","block":"O","plotsize":"300 SQMT","plotsize_at_the_time_of_allotme":"300 SQMT","landuse_type":"RESIDENTIAL","landuse_subcategory":"RESIDENTIAL","scheme_cod":"RES01","investment":0,"employment":0,"plotstatus":"Allotted","landallotementstatus":"SOLD","landallotementtype":"ALLOTTED","allotmentid":"YEA013041","lease_deed":"Y","lease_deed_date":1641925800000,"village_name":"Niloni Sahapura","khasra_no":"1038","longitude":77.58737912,"latitude":28.28137723,"authority":"YEIDA","category":"residential","execution_stage":"lease-recorded"}},{"type":"Feature","geometry":{"type":"Polygon","coordinates":[[[77.587354,28.2815],[77.587236,28.281529],[77.587169,28.281312],[77.587286,28.281283],[77.587354,28.2815]]]},"properties":{"objectid":23233,"uniqueplotid":"PLNGRESIDENTIAL23233","plotmap_id":"SECTOR-20_615_O_RESI","plotidentificationnumber":"615","plotno":"615","industrysector":"SECTOR-20","block":"O","plotsize":"300 SQMT","plotsize_at_the_time_of_allotme":"300 SQMT","landuse_type":"RESIDENTIAL","landuse_subcategory":"RESIDENTIAL","scheme_cod":"RES01","investment":0,"employment":0,"plotstatus":"Allotted","landallotementstatus":"SOLD","landallotementtype":"ALLOTTED","allotmentid":"YEA018258","village_name":"Niloni Sahapura","khasra_no":"1038","longitude":77.58726139,"latitude":28.281406330000003,"authority":"YEIDA","category":"residential","execution_stage":"allotted"}},{"type":"Feature","geometry":{"type":"Polygon","coordinates":[[[77.587236,28.281529],[77.587119,28.281558],[77.587051,28.281342],[77.587169,28.281312],[77.587236,28.281529]]]},"properties":{"objectid":23234,"uniqueplotid":"PLNGRESIDENTIAL23234","plotmap_id":"SECTOR-20_616_O_RESI","plotidentificationnumber":"616","plotno":"616","industrysector":"SECTOR-20","block":"O","plotsize":"300 SQMT","plotsize_at_the_time_of_allotme":"300 SQMT","landuse_type":"RESIDENTIAL","landuse_subcategory":"RESIDENTIAL","scheme_cod":"RES01","investment":0,"employment":0,"plotstatus":"Allotted","landallotementstatus":"SOLD","landallotementtype":"ALLOTTED","allotmentid":"YEA018961","lease_deed":"Y","lease_deed_date":1583087400000,"village_name":"Niloni Sahapura","khasra_no":"1038","longitude":77.58714366000001,"latitude":28.281435440000003,"authority":"YEIDA","category":"residential","execution_stage":"lease-recorded"}},{"type":"Feature","geometry":{"type":"Polygon","coordinates":[[[77.587119,28.281558],[77.587001,28.281588],[77.586933,28.281371],[77.587051,28.281342],[77.587119,28.281558]]]},"properties":{"objectid":23235,"uniqueplotid":"PLNGRESIDENTIAL23235","plotmap_id":"SECTOR-20_617_O_RESI","plotidentificationnumber":"617","plotno":"617","industrysector":"SECTOR-20","block":"O","plotsize":"300 SQMT","plotsize_at_the_time_of_allotme":"300 SQMT","landuse_type":"RESIDENTIAL","landuse_subcategory":"RESIDENTIAL","scheme_cod":"RES01","investment":0,"employment":0,"plotstatus":"Allotted","landallotementstatus":"SOLD","landallotementtype":"ALLOTTED","allotmentid":"YEA017550","village_name":"Niloni Sahapura","khasra_no":"1038","longitude":77.58702594,"latitude":28.28146454,"authority":"YEIDA","category":"residential","execution_stage":"allotted"}},{"type":"Feature","geometry":{"type":"Polygon","coordinates":[[[77.587001,28.281588],[77.586883,28.281617],[77.586815,28.2814],[77.586933,28.281371],[77.587001,28.281588]]]},"properties":{"objectid":23236,"uniqueplotid":"PLNGRESIDENTIAL23236","plotmap_id":"SECTOR-20_618_O_RESI","plotidentificationnumber":"618","plotno":"618","industrysector":"SECTOR-20","block":"O","plotsize":"300 SQMT","plotsize_at_the_time_of_allotme":"300 SQMT","landuse_type":"RESIDENTIAL","landuse_subcategory":"RESIDENTIAL","scheme_cod":"RES01","investment":0,"employment":0,"plotstatus":"Allotted","landallotementstatus":"SOLD","landallotementtype":"ALLOTTED","allotmentid":"YEA013871","lease_deed":"Y","lease_deed_date":1579026600000,"village_name":"Niloni Sahapura","khasra_no":"1038","longitude":77.58690821,"latitude":28.28149364,"authority":"YEIDA","category":"residential","execution_stage":"lease-recorded"}},{"type":"Feature","geometry":{"type":"Polygon","coordinates":[[[77.586883,28.281617],[77.586765,28.281646],[77.586698,28.281429],[77.586815,28.2814],[77.586883,28.281617]]]},"properties":{"objectid":23237,"uniqueplotid":"PLNGRESIDENTIAL23237","plotmap_id":"SECTOR-20_619_O_RESI","plotidentificationnumber":"619","plotno":"619","industrysector":"SECTOR-20","block":"O","plotsize":"300 SQMT","plotsize_at_the_time_of_allotme":"300 SQMT","landuse_type":"RESIDENTIAL","landuse_subcategory":"RESIDENTIAL","scheme_cod":"RES01","investment":0,"employment":0,"plotstatus":"Allotted","landallotementstatus":"SOLD","landallotementtype":"ALLOTTED","allotmentid":"YEA020723","lease_deed":"Y","lease_deed_date":1583087400000,"village_name":"Niloni Sahapura","khasra_no":"1038","longitude":77.58679047999999,"latitude":28.28152275,"authority":"YEIDA","category":"residential","execution_stage":"lease-recorded"}},{"type":"Feature","geometry":{"type":"Polygon","coordinates":[[[77.586765,28.281646],[77.586648,28.281675],[77.58658,28.281458],[77.586698,28.281429],[77.586765,28.281646]]]},"properties":{"objectid":23238,"uniqueplotid":"PLNGRESIDENTIAL23238","plotmap_id":"SECTOR-20_620_O_RESI","plotidentificationnumber":"620","plotno":"620","industrysector":"SECTOR-20","block":"O","plotsize":"300 SQMT","plotsize_at_the_time_of_allotme":"300 SQMT","landuse_type":"RESIDENTIAL","landuse_subcategory":"RESIDENTIAL","scheme_cod":"RRPS01","investment":0,"employment":0,"plotstatus":"Allotted","landallotementstatus":"SOLD","landallotementtype":"ALLOTTED","allotmentid":"RRPS012620","lease_deed":"Y","lease_deed_date":1669746600000,"village_name":"Niloni Sahapura","khasra_no":"1038","longitude":77.58667275,"latitude":28.28155185,"authority":"YEIDA","category":"residential","execution_stage":"lease-recorded"}},{"type":"Feature","geometry":{"type":"Polygon","coordinates":[[[77.586698,28.281429],[77.58658,28.281458],[77.586512,28.281241],[77.58663,28.281212],[77.586698,28.281429]]]},"properties":{"objectid":23239,"uniqueplotid":"PLNGRESIDENTIAL23239","plotmap_id":"SECTOR-20_623_O_RESI","plotidentificationnumber":"623","plotno":"623","industrysector":"SECTOR-20","block":"O","plotsize":"300 SQMT","plotsize_at_the_time_of_allotme":"300 SQMT","landuse_type":"RESIDENTIAL","landuse_subcategory":"RESIDENTIAL","scheme_cod":"RES01","investment":0,"employment":0,"plotstatus":"Allotted","landallotementstatus":"SOLD","landallotementtype":"ALLOTTED","allotmentid":"YEA013823","village_name":"Niloni Sahapura","khasra_no":"1038","longitude":77.58660503,"latitude":28.2813349,"authority":"YEIDA","category":"residential","execution_stage":"allotted"}},{"type":"Feature","geometry":{"type":"Polygon","coordinates":[[[77.586815,28.2814],[77.586698,28.281429],[77.58663,28.281212],[77.586748,28.281183],[77.586815,28.2814]]]},"properties":{"objectid":23240,"uniqueplotid":"PLNGRESIDENTIAL23240","plotmap_id":"SECTOR-20_624_O_RESI","plotidentificationnumber":"624","plotno":"624","industrysector":"SECTOR-20","block":"O","plotsize":"300 SQMT","plotsize_at_the_time_of_allotme":"300 SQMT","landuse_type":"RESIDENTIAL","landuse_subcategory":"RESIDENTIAL","scheme_cod":"RES01","investment":0,"employment":0,"plotstatus":"Allotted","landallotementstatus":"SOLD","landallotementtype":"ALLOTTED","allotmentid":"YEA011105","lease_deed":"Y","lease_deed_date":1648492200000,"village_name":"Niloni Sahapura","khasra_no":"1038","longitude":77.58672275999999,"latitude":28.28130579,"authority":"YEIDA","category":"residential","execution_stage":"lease-recorded"}},{"type":"Feature","geometry":{"type":"Polygon","coordinates":[[[77.586933,28.281371],[77.586815,28.2814],[77.586748,28.281183],[77.586865,28.281154],[77.586933,28.281371]]]},"properties":{"objectid":23241,"uniqueplotid":"PLNGRESIDENTIAL23241","plotmap_id":"SECTOR-20_625_O_RESI","plotidentificationnumber":"625","plotno":"625","industrysector":"SECTOR-20","block":"O","plotsize":"300 SQMT","plotsize_at_the_time_of_allotme":"300 SQMT","landuse_type":"RESIDENTIAL","landuse_subcategory":"RESIDENTIAL","scheme_cod":"RES01","investment":0,"employment":0,"plotstatus":"Allotted","landallotementstatus":"SOLD","landallotementtype":"ALLOTTED","allotmentid":"YEA006346","village_name":"Niloni Sahapura","khasra_no":"1038","longitude":77.58684049,"latitude":28.28127669,"authority":"YEIDA","category":"residential","execution_stage":"allotted"}},{"type":"Feature","geometry":{"type":"Polygon","coordinates":[[[77.587522,28.281225],[77.587404,28.281254],[77.587336,28.281037],[77.587454,28.281008],[77.587522,28.281225]]]},"properties":{"objectid":23242,"uniqueplotid":"PLNGRESIDENTIAL23242","plotmap_id":"SECTOR-20_630_O_RESI","plotidentificationnumber":"630","plotno":"630","industrysector":"SECTOR-20","block":"O","plotsize":"300 SQMT","plotsize_at_the_time_of_allotme":"300 SQMT","landuse_type":"RESIDENTIAL","landuse_subcategory":"RESIDENTIAL","scheme_cod":"RES01","investment":0,"employment":0,"plotstatus":"Allotted","landallotementstatus":"SOLD","landallotementtype":"ALLOTTED","allotmentid":"YEA004384","lease_deed":"Y","lease_deed_date":1675017000000,"village_name":"Niloni Sahapura","khasra_no":"1039,1038","longitude":77.58742912,"latitude":28.28113117,"authority":"YEIDA","category":"residential","execution_stage":"lease-recorded"}},{"type":"Feature","geometry":{"type":"Polygon","coordinates":[[[77.58764,28.281196],[77.587522,28.281225],[77.587454,28.281008],[77.587572,28.280979],[77.58764,28.281196]]]},"properties":{"objectid":23243,"uniqueplotid":"PLNGRESIDENTIAL23243","plotmap_id":"SECTOR-20_631_O_RESI","plotidentificationnumber":"631","plotno":"631","industrysector":"SECTOR-20","block":"O","plotsize":"300 SQMT","plotsize_at_the_time_of_allotme":"300 SQMT","landuse_type":"RESIDENTIAL","landuse_subcategory":"RESIDENTIAL","scheme_cod":"RES01","investment":0,"employment":0,"plotstatus":"Allotted","landallotementstatus":"SOLD","landallotementtype":"ALLOTTED","allotmentid":"YEA005707","lease_deed":"Y","lease_deed_date":1606329000000,"village_name":"Niloni Sahapura","khasra_no":"1039","longitude":77.58754685000001,"latitude":28.28110207,"authority":"YEIDA","category":"residential","execution_stage":"lease-recorded"}},{"type":"Feature","geometry":{"type":"Polygon","coordinates":[[[77.587757,28.281167],[77.58764,28.281196],[77.587572,28.280979],[77.58769,28.28095],[77.587757,28.281167]]]},"properties":{"objectid":23244,"uniqueplotid":"PLNGRESIDENTIAL23244","plotmap_id":"SECTOR-20_632_O_RESI","plotidentificationnumber":"632","plotno":"632","industrysector":"SECTOR-20","block":"O","plotsize":"300 SQMT","plotsize_at_the_time_of_allotme":"300 SQMT","landuse_type":"RESIDENTIAL","landuse_subcategory":"RESIDENTIAL","scheme_cod":"RES01","investment":0,"employment":0,"plotstatus":"Allotted","landallotementstatus":"SOLD","landallotementtype":"ALLOTTED","allotmentid":"YEA011695","lease_deed":"Y","lease_deed_date":1641321000000,"village_name":"Niloni Sahapura","khasra_no":"1040,1039","longitude":77.58766458,"latitude":28.28107297,"authority":"YEIDA","category":"residential","execution_stage":"lease-recorded"}},{"type":"Feature","geometry":{"type":"Polygon","coordinates":[[[77.587875,28.281138],[77.587757,28.281167],[77.58769,28.28095],[77.587807,28.280921],[77.587875,28.281138]]]},"properties":{"objectid":23245,"uniqueplotid":"PLNGRESIDENTIAL23245","plotmap_id":"SECTOR-20_633_O_RESI","plotidentificationnumber":"633","plotno":"633","industrysector":"SECTOR-20","block":"O","plotsize":"300 SQMT","plotsize_at_the_time_of_allotme":"300 SQMT","landuse_type":"RESIDENTIAL","landuse_subcategory":"RESIDENTIAL","scheme_cod":"RES01","investment":0,"employment":0,"plotstatus":"Allotted","landallotementstatus":"SOLD","landallotementtype":"ALLOTTED","allotmentid":"YEA020507","village_name":"Niloni Sahapura","khasra_no":"1040,1039","longitude":77.5877823,"latitude":28.28104386,"authority":"YEIDA","category":"residential","execution_stage":"allotted"}},{"type":"Feature","geometry":{"type":"Polygon","coordinates":[[[77.587993,28.281109],[77.587875,28.281138],[77.587807,28.280921],[77.587925,28.280892],[77.587993,28.281109]]]},"properties":{"objectid":23246,"uniqueplotid":"PLNGRESIDENTIAL23246","plotmap_id":"SECTOR-20_634_O_RESI","plotidentificationnumber":"634","plotno":"634","industrysector":"SECTOR-20","block":"O","plotsize":"300 SQMT","plotsize_at_the_time_of_allotme":"300 SQMT","landuse_type":"RESIDENTIAL","landuse_subcategory":"RESIDENTIAL","scheme_cod":"RES01","investment":0,"employment":0,"plotstatus":"Allotted","landallotementstatus":"SOLD","landallotementtype":"ALLOTTED","allotmentid":"YEA013818","lease_deed":"Y","lease_deed_date":1575829800000,"village_name":"Niloni Sahapura","khasra_no":"1040","longitude":77.58790003,"latitude":28.281014759999998,"authority":"YEIDA","category":"residential","execution_stage":"lease-recorded"}},{"type":"Feature","geometry":{"type":"Polygon","coordinates":[[[77.58811,28.28108],[77.587993,28.281109],[77.587925,28.280892],[77.588043,28.280863],[77.58811,28.28108]]]},"properties":{"objectid":23247,"uniqueplotid":"PLNGRESIDENTIAL23247","plotmap_id":"SECTOR-20_635_O_RESI","plotidentificationnumber":"635","plotno":"635","industrysector":"SECTOR-20","block":"O","plotsize":"300 SQMT","plotsize_at_the_time_of_allotme":"300 SQMT","landuse_type":"RESIDENTIAL","landuse_subcategory":"RESIDENTIAL","scheme_cod":"RES01","investment":0,"employment":0,"plotstatus":"Allotted","landallotementstatus":"SOLD","landallotementtype":"ALLOTTED","allotmentid":"YEA012072","lease_deed":"Y","lease_deed_date":1604601000000,"village_name":"Niloni Sahapura","khasra_no":"1041,1040","longitude":77.58801776,"latitude":28.28098566,"authority":"YEIDA","category":"residential","execution_stage":"lease-recorded"}},{"type":"Feature","geometry":{"type":"Polygon","coordinates":[[[77.586487,28.282818],[77.586241,28.282878],[77.586209,28.282774],[77.586454,28.282714],[77.586487,28.282818]]]},"properties":{"objectid":23248,"uniqueplotid":"PLNGRESIDENTIAL23248","plotmap_id":"SECTOR-20_528_O_RESI","plotidentificationnumber":"528","plotno":"528","industrysector":"SECTOR-20","block":"O","plotsize":"300 SQMT","plotsize_at_the_time_of_allotme":"300 SQMT","landuse_type":"RESIDENTIAL","landuse_subcategory":"RESIDENTIAL","scheme_cod":"RES01","investment":0,"employment":0,"plotstatus":"Allotted","landallotementstatus":"SOLD","landallotementtype":"ALLOTTED","allotmentid":"YEA009019","lease_deed":"Y","lease_deed_date":1674757800000,"village_name":"Niloni Sahapura","khasra_no":"1023","longitude":77.58634783,"latitude":28.282796079999997,"authority":"YEIDA","category":"residential","execution_stage":"lease-recorded"}},{"type":"Feature","geometry":{"type":"Polygon","coordinates":[[[77.586454,28.282714],[77.586209,28.282774],[77.586176,28.28267],[77.586422,28.28261],[77.586454,28.282714]]]},"properties":{"objectid":23249,"uniqueplotid":"PLNGRESIDENTIAL23249","plotmap_id":"SECTOR-20_529_O_RESI","plotidentificationnumber":"529","plotno":"529","industrysector":"SECTOR-20","block":"O","plotsize":"300 SQMT","plotsize_at_the_time_of_allotme":"300 SQMT","landuse_type":"RESIDENTIAL","landuse_subcategory":"RESIDENTIAL","scheme_cod":"RES01","investment":0,"employment":0,"plotstatus":"Allotted","landallotementstatus":"SOLD","landallotementtype":"ALLOTTED","allotmentid":"YEA017203","lease_deed":"Y","lease_deed_date":1580754600000,"village_name":"Niloni Sahapura","khasra_no":"1023","longitude":77.58631532,"latitude":28.28269194,"authority":"YEIDA","category":"residential","execution_stage":"lease-recorded"}},{"type":"Feature","geometry":{"type":"Polygon","coordinates":[[[77.586422,28.28261],[77.586176,28.28267],[77.586144,28.282566],[77.586389,28.282505],[77.586422,28.28261]]]},"properties":{"objectid":23250,"uniqueplotid":"PLNGRESIDENTIAL23250","plotmap_id":"SECTOR-20_530_O_RESI","plotidentificationnumber":"530","plotno":"530","industrysector":"SECTOR-20","block":"O","plotsize":"300 SQMT","plotsize_at_the_time_of_allotme":"300 SQMT","landuse_type":"RESIDENTIAL","landuse_subcategory":"RESIDENTIAL","scheme_cod":"RES01","investment":0,"employment":0,"plotstatus":"Allotted","landallotementstatus":"SOLD","landallotementtype":"ALLOTTED","allotmentid":"YEA017769","lease_deed":"Y","lease_deed_date":1717957800000,"village_name":"Niloni Sahapura","khasra_no":"1023","longitude":77.58628282000001,"latitude":28.28258781,"authority":"YEIDA","category":"residential","execution_stage":"lease-recorded"}},{"type":"Feature","geometry":{"type":"Polygon","coordinates":[[[77.586162,28.281776],[77.585916,28.281837],[77.585884,28.281733],[77.586129,28.281672],[77.586162,28.281776]]]},"properties":{"objectid":23251,"uniqueplotid":"PLNGRESIDENTIAL23251","plotmap_id":"SECTOR-20_538_O_RESI","plotidentificationnumber":"538","plotno":"538","industrysector":"SECTOR-20","block":"O","plotsize":"300 SQMT","plotsize_at_the_time_of_allotme":"300 SQMT","landuse_type":"RESIDENTIAL","landuse_subcategory":"RESIDENTIAL","scheme_cod":"RES01","investment":0,"employment":0,"plotstatus":"Allotted","landallotementstatus":"SOLD","landallotementtype":"ALLOTTED","allotmentid":"YEA020352","lease_deed":"Y","lease_deed_date":1616610600000,"village_name":"Niloni Sahapura","khasra_no":"1038,1037","longitude":77.58602275999999,"latitude":28.28175471,"authority":"YEIDA","category":"residential","execution_stage":"lease-recorded"}},{"type":"Feature","geometry":{"type":"Polygon","coordinates":[[[77.586129,28.281672],[77.585884,28.281733],[77.585851,28.281629],[77.586097,28.281568],[77.586129,28.281672]]]},"properties":{"objectid":23252,"uniqueplotid":"PLNGRESIDENTIAL23252","plotmap_id":"SECTOR-20_539_O_RESI","plotidentificationnumber":"539","plotno":"539","industrysector":"SECTOR-20","block":"O","plotsize":"300 SQMT","plotsize_at_the_time_of_allotme":"300 SQMT","landuse_type":"RESIDENTIAL","landuse_subcategory":"RESIDENTIAL","scheme_cod":"RES01","investment":0,"employment":0,"plotstatus":"Allotted","landallotementstatus":"SOLD","landallotementtype":"ALLOTTED","allotmentid":"YEA009568","village_name":"Niloni Sahapura","khasra_no":"1038,1037","longitude":77.58599025,"latitude":28.28165057,"authority":"YEIDA","category":"residential","execution_stage":"allotted"}},{"type":"Feature","geometry":{"type":"Polygon","coordinates":[[[77.586097,28.281568],[77.585851,28.281629],[77.585819,28.281525],[77.586064,28.281464],[77.586097,28.281568]]]},"properties":{"objectid":23253,"uniqueplotid":"PLNGRESIDENTIAL23253","plotmap_id":"SECTOR-20_540_O_RESI","plotidentificationnumber":"540","plotno":"540","industrysector":"SECTOR-20","block":"O","plotsize":"300 SQMT","plotsize_at_the_time_of_allotme":"300 SQMT","landuse_type":"RESIDENTIAL","landuse_subcategory":"RESIDENTIAL","scheme_cod":"RES01","investment":0,"employment":0,"plotstatus":"Allotted","landallotementstatus":"SOLD","landallotementtype":"ALLOTTED","allotmentid":"YEA008971","lease_deed":"Y","lease_deed_date":1578335400000,"village_name":"Niloni Sahapura","khasra_no":"1038,1037","longitude":77.58595774,"latitude":28.28154644,"authority":"YEIDA","category":"residential","execution_stage":"lease-recorded"}},{"type":"Feature","geometry":{"type":"Polygon","coordinates":[[[77.586342,28.281508],[77.586097,28.281568],[77.586064,28.281464],[77.586309,28.281403],[77.586342,28.281508]]]},"properties":{"objectid":23254,"uniqueplotid":"PLNGRESIDENTIAL23254","plotmap_id":"SECTOR-20_543_O_RESI","plotidentificationnumber":"543","plotno":"543","industrysector":"SECTOR-20","block":"O","plotsize":"300 SQMT","plotsize_at_the_time_of_allotme":"300 SQMT","landuse_type":"RESIDENTIAL","landuse_subcategory":"RESIDENTIAL","scheme_cod":"RES01","investment":0,"employment":0,"plotstatus":"Allotted","landallotementstatus":"SOLD","landallotementtype":"ALLOTTED","allotmentid":"YEA009179","lease_deed":"Y","lease_deed_date":1604514600000,"village_name":"Niloni Sahapura","khasra_no":"1038","longitude":77.58620301,"latitude":28.281485800000002,"authority":"YEIDA","category":"residential","execution_stage":"lease-recorded"}},{"type":"Feature","geometry":{"type":"Polygon","coordinates":[[[77.586374,28.281612],[77.586129,28.281672],[77.586097,28.281568],[77.586342,28.281508],[77.586374,28.281612]]]},"properties":{"objectid":23255,"uniqueplotid":"PLNGRESIDENTIAL23255","plotmap_id":"SECTOR-20_544_O_RESI","plotidentificationnumber":"544","plotno":"544","industrysector":"SECTOR-20","block":"O","plotsize":"300 SQMT","plotsize_at_the_time_of_allotme":"300 SQMT","landuse_type":"RESIDENTIAL","landuse_subcategory":"RESIDENTIAL","scheme_cod":"RES01","investment":0,"employment":0,"plotstatus":"Allotted","landallotementstatus":"SOLD","landallotementtype":"ALLOTTED","allotmentid":"YEA019553","lease_deed":"Y","lease_deed_date":1689791400000,"village_name":"Niloni Sahapura","khasra_no":"1038","longitude":77.58623552,"latitude":28.28158994,"authority":"YEIDA","category":"residential","execution_stage":"lease-recorded"}},{"type":"Feature","geometry":{"type":"Polygon","coordinates":[[[77.586504,28.282028],[77.586259,28.282089],[77.586227,28.281985],[77.586472,28.281924],[77.586504,28.282028]]]},"properties":{"objectid":23256,"uniqueplotid":"PLNGRESIDENTIAL23256","plotmap_id":"SECTOR-20_548_O_RESI","plotidentificationnumber":"548","plotno":"548","industrysector":"SECTOR-20","block":"O","plotsize":"300 SQMT","plotsize_at_the_time_of_allotme":"300 SQMT","landuse_type":"RESIDENTIAL","landuse_subcategory":"RESIDENTIAL","scheme_cod":"RES01","investment":0,"employment":0,"plotstatus":"Allotted","landallotementstatus":"SOLD","landallotementtype":"ALLOTTED","allotmentid":"YEA017602","lease_deed":"Y","lease_deed_date":1690482600000,"village_name":"Niloni Sahapura","khasra_no":"1038,1037","longitude":77.58636555,"latitude":28.28200649,"authority":"YEIDA","category":"residential","execution_stage":"lease-recorded"}},{"type":"Feature","geometry":{"type":"Polygon","coordinates":[[[77.586699,28.282653],[77.586454,28.282714],[77.586422,28.28261],[77.586667,28.282549],[77.586699,28.282653]]]},"properties":{"objectid":23257,"uniqueplotid":"PLNGRESIDENTIAL23257","plotmap_id":"SECTOR-20_554_O_RESI","plotidentificationnumber":"554","plotno":"554","industrysector":"SECTOR-20","block":"O","plotsize":"300 SQMT","plotsize_at_the_time_of_allotme":"300 SQMT","landuse_type":"RESIDENTIAL","landuse_subcategory":"RESIDENTIAL","scheme_cod":"RES01","investment":0,"employment":0,"plotstatus":"Allotted","landallotementstatus":"SOLD","landallotementtype":"ALLOTTED","allotmentid":"YEA007032","lease_deed":"Y","lease_deed_date":1660069800000,"village_name":"Niloni Sahapura","khasra_no":"1025,1023","longitude":77.58656059,"latitude":28.28263131,"authority":"YEIDA","category":"residential","execution_stage":"lease-recorded"}},{"type":"Feature","geometry":{"type":"Polygon","coordinates":[[[77.586732,28.282757],[77.586487,28.282818],[77.586454,28.282714],[77.586699,28.282653],[77.586732,28.282757]]]},"properties":{"objectid":23258,"uniqueplotid":"PLNGRESIDENTIAL23258","plotmap_id":"SECTOR-20_555_O_RESI","plotidentificationnumber":"555","plotno":"555","industrysector":"SECTOR-20","block":"O","plotsize":"300 SQMT","plotsize_at_the_time_of_allotme":"300 SQMT","landuse_type":"RESIDENTIAL","landuse_subcategory":"RESIDENTIAL","scheme_cod":"RES01","investment":0,"employment":0,"plotstatus":"Allotted","landallotementstatus":"SOLD","landallotementtype":"ALLOTTED","allotmentid":"YEA008206","lease_deed":"Y","lease_deed_date":1674757800000,"village_name":"Niloni Sahapura","khasra_no":"1025,1023","longitude":77.5865931,"latitude":28.282735449999997,"authority":"YEIDA","category":"residential","execution_stage":"lease-recorded"}},{"type":"Feature","geometry":{"type":"Polygon","coordinates":[[[77.5871,28.282685],[77.586855,28.282745],[77.586823,28.282641],[77.587068,28.282581],[77.5871,28.282685]]]},"properties":{"objectid":23259,"uniqueplotid":"PLNGRESIDENTIAL23259","plotmap_id":"SECTOR-20_558_O_RESI","plotidentificationnumber":"558","plotno":"558","industrysector":"SECTOR-20","block":"O","plotsize":"300 SQMT","plotsize_at_the_time_of_allotme":"300 SQMT","landuse_type":"RESIDENTIAL","landuse_subcategory":"RESIDENTIAL","scheme_cod":"RES01","investment":0,"employment":0,"plotstatus":"Allotted","landallotementstatus":"SOLD","landallotementtype":"ALLOTTED","allotmentid":"YEA006781","lease_deed":"Y","lease_deed_date":1609180200000,"village_name":"Niloni Sahapura","khasra_no":"1026,1025","longitude":77.58696148,"latitude":28.282662969999997,"authority":"YEIDA","category":"residential","execution_stage":"lease-recorded"}},{"type":"Feature","geometry":{"type":"Polygon","coordinates":[[[77.587068,28.282581],[77.586823,28.282641],[77.58679,28.282537],[77.587035,28.282476],[77.587068,28.282581]]]},"properties":{"objectid":23260,"uniqueplotid":"PLNGRESIDENTIAL23260","plotmap_id":"SECTOR-20_559_O_RESI","plotidentificationnumber":"559","plotno":"559","industrysector":"SECTOR-20","block":"O","plotsize":"300 SQMT","plotsize_at_the_time_of_allotme":"300 SQMT","landuse_type":"RESIDENTIAL","landuse_subcategory":"RESIDENTIAL","scheme_cod":"RES01","investment":0,"employment":0,"plotstatus":"Allotted","landallotementstatus":"SOLD","landallotementtype":"ALLOTTED","allotmentid":"YEA006132","lease_deed":"Y","lease_deed_date":1581877800000,"village_name":"Niloni Sahapura","khasra_no":"1026,1025","longitude":77.58692897,"latitude":28.28255883,"authority":"YEIDA","category":"residential","execution_stage":"lease-recorded"}},{"type":"Feature","geometry":{"type":"Polygon","coordinates":[[[77.586905,28.28206],[77.58666,28.282121],[77.586628,28.282016],[77.586873,28.281956],[77.586905,28.28206]]]},"properties":{"objectid":23261,"uniqueplotid":"PLNGRESIDENTIAL23261","plotmap_id":"SECTOR-20_564_O_RESI","plotidentificationnumber":"564","plotno":"564","industrysector":"SECTOR-20","block":"O","plotsize":"300 SQMT","plotsize_at_the_time_of_allotme":"300 SQMT","landuse_type":"RESIDENTIAL","landuse_subcategory":"RESIDENTIAL","scheme_cod":"RES01","investment":0,"employment":0,"plotstatus":"Allotted","landallotementstatus":"SOLD","landallotementtype":"ALLOTTED","allotmentid":"YEA017776","lease_deed":"Y","lease_deed_date":1613068200000,"village_name":"Niloni Sahapura","khasra_no":"1038,1034","longitude":77.58676643,"latitude":28.28203815,"authority":"YEIDA","category":"residential","execution_stage":"lease-recorded"}},{"type":"Feature","geometry":{"type":"Polygon","coordinates":[[[77.586873,28.281956],[77.586628,28.282016],[77.586595,28.281912],[77.58684,28.281852],[77.586873,28.281956]]]},"properties":{"objectid":23262,"uniqueplotid":"PLNGRESIDENTIAL23262","plotmap_id":"SECTOR-20_565_O_RESI","plotidentificationnumber":"565","plotno":"565","industrysector":"SECTOR-20","block":"O","plotsize":"300 SQMT","plotsize_at_the_time_of_allotme":"300 SQMT","landuse_type":"RESIDENTIAL","landuse_subcategory":"RESIDENTIAL","scheme_cod":"RES01","investment":0,"employment":0,"plotstatus":"Allotted","landallotementstatus":"SOLD","landallotementtype":"ALLOTTED","allotmentid":"YEA012301","village_name":"Niloni Sahapura","khasra_no":"1038","longitude":77.58673393,"latitude":28.28193401,"authority":"YEIDA","category":"residential","execution_stage":"allotted"}},{"type":"Feature","geometry":{"type":"Polygon","coordinates":[[[77.587346,28.282624],[77.5871,28.282685],[77.587068,28.282581],[77.587313,28.28252],[77.587346,28.282624]]]},"properties":{"objectid":23263,"uniqueplotid":"PLNGRESIDENTIAL23263","plotmap_id":"SECTOR-20_575_O_RESI","plotidentificationnumber":"575","plotno":"575","industrysector":"SECTOR-20","block":"O","plotsize":"300 SQMT","plotsize_at_the_time_of_allotme":"300 SQMT","landuse_type":"RESIDENTIAL","landuse_subcategory":"RESIDENTIAL","scheme_cod":"RES01","investment":0,"employment":0,"plotstatus":"Allotted","landallotementstatus":"SOLD","landallotementtype":"ALLOTTED","allotmentid":"YEA007359","lease_deed":"Y","lease_deed_date":1576089000000,"village_name":"Niloni Sahapura","khasra_no":"1026,1024","longitude":77.58720674,"latitude":28.28260234,"authority":"YEIDA","category":"residential","execution_stage":"lease-recorded"}},{"type":"Feature","geometry":{"type":"Polygon","coordinates":[[[77.588148,28.28164],[77.587903,28.281701],[77.58787,28.281597],[77.588116,28.281536],[77.588148,28.28164]]]},"properties":{"objectid":23264,"uniqueplotid":"PLNGRESIDENTIAL23264","plotmap_id":"SECTOR-20_578_O_RESI","plotidentificationnumber":"578","plotno":"578","industrysector":"SECTOR-20","block":"O","plotsize":"300 SQMT","plotsize_at_the_time_of_allotme":"300 SQMT","landuse_type":"RESIDENTIAL","landuse_subcategory":"RESIDENTIAL","scheme_cod":"RES01","investment":0,"employment":0,"plotstatus":"Allotted","landallotementstatus":"SOLD","landallotementtype":"ALLOTTED","allotmentid":"YEA007955","lease_deed":"Y","lease_deed_date":1598466600000,"village_name":"Niloni Sahapura","khasra_no":"1032","longitude":77.58800930999999,"latitude":28.28161872,"authority":"YEIDA","category":"residential","execution_stage":"lease-recorded"}},{"type":"Feature","geometry":{"type":"Polygon","coordinates":[[[77.588181,28.281745],[77.587935,28.281805],[77.587903,28.281701],[77.588148,28.28164],[77.588181,28.281745]]]},"properties":{"objectid":23265,"uniqueplotid":"PLNGRESIDENTIAL23265","plotmap_id":"SECTOR-20_579_O_RESI","plotidentificationnumber":"579","plotno":"579","industrysector":"SECTOR-20","block":"O","plotsize":"300 SQMT","plotsize_at_the_time_of_allotme":"300 SQMT","landuse_type":"RESIDENTIAL","landuse_subcategory":"RESIDENTIAL","scheme_cod":"RES01","investment":0,"employment":0,"plotstatus":"Allotted","landallotementstatus":"SOLD","landallotementtype":"ALLOTTED","allotmentid":"YEA013106","village_name":"Niloni Sahapura","khasra_no":"1032","longitude":77.58804180999999,"latitude":28.281722860000002,"authority":"YEIDA","category":"residential","execution_stage":"allotted"}},{"type":"Feature","geometry":{"type":"Polygon","coordinates":[[[77.588441,28.282578],[77.588195,28.282638],[77.588163,28.282534],[77.588408,28.282474],[77.588441,28.282578]]]},"properties":{"objectid":23266,"uniqueplotid":"PLNGRESIDENTIAL23266","plotmap_id":"SECTOR-20_587_O_RESI","plotidentificationnumber":"587","plotno":"587","industrysector":"SECTOR-20","block":"O","plotsize":"300 SQMT","plotsize_at_the_time_of_allotme":"300 SQMT","landuse_type":"RESIDENTIAL","landuse_subcategory":"RESIDENTIAL","scheme_cod":"RES01","investment":0,"employment":0,"plotstatus":"Allotted","landallotementstatus":"SOLD","landallotementtype":"ALLOTTED","allotmentid":"YEA017693","lease_deed":"Y","lease_deed_date":1579113000000,"village_name":"Niloni Sahapura","khasra_no":"1031,1030,1024","longitude":77.58830187000001,"latitude":28.28255596,"authority":"YEIDA","category":"residential","execution_stage":"lease-recorded"}},{"type":"Feature","geometry":{"type":"Polygon","coordinates":[[[77.588473,28.282682],[77.588228,28.282742],[77.588195,28.282638],[77.588441,28.282578],[77.588473,28.282682]]]},"properties":{"objectid":23267,"uniqueplotid":"PLNGRESIDENTIAL23267","plotmap_id":"SECTOR-20_588_O_RESI","plotidentificationnumber":"588","plotno":"588","industrysector":"SECTOR-20","block":"O","plotsize":"300 SQMT","plotsize_at_the_time_of_allotme":"300 SQMT","landuse_type":"RESIDENTIAL","landuse_subcategory":"RESIDENTIAL","scheme_cod":"RES01","investment":0,"employment":0,"plotstatus":"Allotted","landallotementstatus":"SOLD","landallotementtype":"ALLOTTED","allotmentid":"YEA020460","lease_deed":"Y","lease_deed_date":1675103400000,"village_name":"Niloni Sahapura","khasra_no":"1031,1030,1024","longitude":77.58833438,"latitude":28.28266009,"authority":"YEIDA","category":"residential","execution_stage":"lease-recorded"}},{"type":"Feature","geometry":{"type":"Polygon","coordinates":[[[77.588506,28.282786],[77.588261,28.282847],[77.588228,28.282742],[77.588473,28.282682],[77.588506,28.282786]]]},"properties":{"objectid":23268,"uniqueplotid":"PLNGRESIDENTIAL23268","plotmap_id":"SECTOR-20_589_O_RESI","plotidentificationnumber":"589","plotno":"589","industrysector":"SECTOR-20","block":"O","plotsize":"300 SQMT","plotsize_at_the_time_of_allotme":"300 SQMT","landuse_type":"RESIDENTIAL","landuse_subcategory":"RESIDENTIAL","scheme_cod":"RES01","investment":0,"employment":0,"plotstatus":"Allotted","landallotementstatus":"SOLD","landallotementtype":"ALLOTTED","allotmentid":"YEA019617","lease_deed":"Y","lease_deed_date":1597775400000,"village_name":"Niloni Sahapura","khasra_no":"1031,1030,1024","longitude":77.58836689,"latitude":28.282764229999998,"authority":"YEIDA","category":"residential","execution_stage":"lease-recorded"}},{"type":"Feature","geometry":{"type":"Polygon","coordinates":[[[77.588538,28.28289],[77.588293,28.282951],[77.588261,28.282847],[77.588506,28.282786],[77.588538,28.28289]]]},"properties":{"objectid":23269,"uniqueplotid":"PLNGRESIDENTIAL23269","plotmap_id":"SECTOR-20_590_O_RESI","plotidentificationnumber":"590","plotno":"590","industrysector":"SECTOR-20","block":"O","plotsize":"300 SQMT","plotsize_at_the_time_of_allotme":"300 SQMT","landuse_type":"RESIDENTIAL","landuse_subcategory":"RESIDENTIAL","scheme_cod":"RES01","investment":0,"employment":0,"plotstatus":"Allotted","landallotementstatus":"SOLD","landallotementtype":"ALLOTTED","allotmentid":"YEA006141","lease_deed":"Y","lease_deed_date":1704652200000,"village_name":"Niloni Sahapura","khasra_no":"1031,1030,1024","longitude":77.58839939,"latitude":28.282868370000003,"authority":"YEIDA","category":"residential","execution_stage":"lease-recorded"}},{"type":"Feature","geometry":{"type":"Polygon","coordinates":[[[77.588784,28.282829],[77.588538,28.28289],[77.588506,28.282786],[77.588751,28.282725],[77.588784,28.282829]]]},"properties":{"objectid":23270,"uniqueplotid":"PLNGRESIDENTIAL23270","plotmap_id":"SECTOR-20_593_O_RESI","plotidentificationnumber":"593","plotno":"593","industrysector":"SECTOR-20","block":"O","plotsize":"300 SQMT","plotsize_at_the_time_of_allotme":"300 SQMT","landuse_type":"RESIDENTIAL","landuse_subcategory":"RESIDENTIAL","scheme_cod":"RES01","investment":0,"employment":0,"plotstatus":"Allotted","landallotementstatus":"SOLD","landallotementtype":"ALLOTTED","allotmentid":"YEA012329","lease_deed":"Y","lease_deed_date":1593541800000,"village_name":"Niloni Sahapura","khasra_no":"1031,1030","longitude":77.58864466,"latitude":28.282807730000002,"authority":"YEIDA","category":"residential","execution_stage":"lease-recorded"}},{"type":"Feature","geometry":{"type":"Polygon","coordinates":[[[77.588751,28.282725],[77.588506,28.282786],[77.588473,28.282682],[77.588719,28.282621],[77.588751,28.282725]]]},"properties":{"objectid":23271,"uniqueplotid":"PLNGRESIDENTIAL23271","plotmap_id":"SECTOR-20_594_O_RESI","plotidentificationnumber":"594","plotno":"594","industrysector":"SECTOR-20","block":"O","plotsize":"300 SQMT","plotsize_at_the_time_of_allotme":"300 SQMT","landuse_type":"RESIDENTIAL","landuse_subcategory":"RESIDENTIAL","scheme_cod":"RES01","investment":0,"employment":0,"plotstatus":"Allotted","landallotementstatus":"SOLD","landallotementtype":"ALLOTTED","allotmentid":"YEA017974","lease_deed":"Y","lease_deed_date":1612377000000,"village_name":"Niloni Sahapura","khasra_no":"1031","longitude":77.58861215,"latitude":28.282703599999998,"authority":"YEIDA","category":"residential","execution_stage":"lease-recorded"}},{"type":"Feature","geometry":{"type":"Polygon","coordinates":[[[77.588719,28.282621],[77.588473,28.282682],[77.588441,28.282578],[77.588686,28.282517],[77.588719,28.282621]]]},"properties":{"objectid":23272,"uniqueplotid":"PLNGRESIDENTIAL23272","plotmap_id":"SECTOR-20_595_O_RESI","plotidentificationnumber":"595","plotno":"595","industrysector":"SECTOR-20","block":"O","plotsize":"300 SQMT","plotsize_at_the_time_of_allotme":"300 SQMT","landuse_type":"RESIDENTIAL","landuse_subcategory":"RESIDENTIAL","scheme_cod":"RES01","investment":0,"employment":0,"plotstatus":"Allotted","landallotementstatus":"SOLD","landallotementtype":"ALLOTTED","allotmentid":"YEA011159","lease_deed":"Y","lease_deed_date":1607625000000,"village_name":"Niloni Sahapura","khasra_no":"1031","longitude":77.58857963999999,"latitude":28.28259946,"authority":"YEIDA","category":"residential","execution_stage":"lease-recorded"}},{"type":"Feature","geometry":{"type":"Polygon","coordinates":[[[77.588686,28.282517],[77.588441,28.282578],[77.588408,28.282474],[77.588654,28.282413],[77.588686,28.282517]]]},"properties":{"objectid":23273,"uniqueplotid":"PLNGRESIDENTIAL23273","plotmap_id":"SECTOR-20_596_O_RESI","plotidentificationnumber":"596","plotno":"596","industrysector":"SECTOR-20","block":"O","plotsize":"300 SQMT","plotsize_at_the_time_of_allotme":"300 SQMT","landuse_type":"RESIDENTIAL","landuse_subcategory":"RESIDENTIAL","scheme_cod":"RES01","investment":0,"employment":0,"plotstatus":"Allotted","landallotementstatus":"SOLD","landallotementtype":"ALLOTTED","allotmentid":"YEA016789","lease_deed":"Y","lease_deed_date":1576089000000,"village_name":"Niloni Sahapura","khasra_no":"1031","longitude":77.58854714,"latitude":28.28249533,"authority":"YEIDA","category":"residential","execution_stage":"lease-recorded"}},{"type":"Feature","geometry":{"type":"Polygon","coordinates":[[[77.588654,28.282413],[77.588408,28.282474],[77.588376,28.282369],[77.588621,28.282309],[77.588654,28.282413]]]},"properties":{"objectid":23274,"uniqueplotid":"PLNGRESIDENTIAL23274","plotmap_id":"SECTOR-20_597_O_RESI","plotidentificationnumber":"597","plotno":"597","industrysector":"SECTOR-20","block":"O","plotsize":"300 SQMT","plotsize_at_the_time_of_allotme":"300 SQMT","landuse_type":"RESIDENTIAL","landuse_subcategory":"RESIDENTIAL","scheme_cod":"RES01","investment":0,"employment":0,"plotstatus":"Allotted","landallotementstatus":"SOLD","landallotementtype":"ALLOTTED","allotmentid":"YEA014789","lease_deed":"Y","lease_deed_date":1601317800000,"village_name":"Niloni Sahapura","khasra_no":"1031","longitude":77.58851462999999,"latitude":28.28239119,"authority":"YEIDA","category":"residential","execution_stage":"lease-recorded"}},{"type":"Feature","geometry":{"type":"Polygon","coordinates":[[[77.588621,28.282309],[77.588376,28.282369],[77.588343,28.282265],[77.588589,28.282205],[77.588621,28.282309]]]},"properties":{"objectid":23275,"uniqueplotid":"PLNGRESIDENTIAL23275","plotmap_id":"SECTOR-20_598_O_RESI","plotidentificationnumber":"598","plotno":"598","industrysector":"SECTOR-20","block":"O","plotsize":"300 SQMT","plotsize_at_the_time_of_allotme":"300 SQMT","landuse_type":"RESIDENTIAL","landuse_subcategory":"RESIDENTIAL","scheme_cod":"RES01","investment":0,"employment":0,"plotstatus":"Allotted","landallotementstatus":"SOLD","landallotementtype":"ALLOTTED","allotmentid":"YEA005417","lease_deed":"Y","lease_deed_date":1718821800000,"village_name":"Niloni Sahapura","khasra_no":"1031,1032","longitude":77.58848212000001,"latitude":28.28228705,"authority":"YEIDA","category":"residential","execution_stage":"lease-recorded"}},{"type":"Feature","geometry":{"type":"Polygon","coordinates":[[[77.588589,28.282205],[77.588343,28.282265],[77.588311,28.282161],[77.588556,28.282101],[77.588589,28.282205]]]},"properties":{"objectid":23276,"uniqueplotid":"PLNGRESIDENTIAL23276","plotmap_id":"SECTOR-20_599_O_RESI","plotidentificationnumber":"599","plotno":"599","industrysector":"SECTOR-20","block":"O","plotsize":"300 SQMT","plotsize_at_the_time_of_allotme":"300 SQMT","landuse_type":"RESIDENTIAL","landuse_subcategory":"RESIDENTIAL","scheme_cod":"RES01","investment":0,"employment":0,"plotstatus":"Allotted","landallotementstatus":"SOLD","landallotementtype":"ALLOTTED","allotmentid":"YEA014038","lease_deed":"Y","lease_deed_date":1528396200000,"village_name":"Niloni Sahapura","khasra_no":"1032","longitude":77.58844961000001,"latitude":28.28218292,"authority":"YEIDA","category":"residential","execution_stage":"lease-recorded"}},{"type":"Feature","geometry":{"type":"Polygon","coordinates":[[[77.588556,28.282101],[77.588311,28.282161],[77.588278,28.282057],[77.588523,28.281996],[77.588556,28.282101]]]},"properties":{"objectid":23277,"uniqueplotid":"PLNGRESIDENTIAL23277","plotmap_id":"SECTOR-20_600_O_RESI","plotidentificationnumber":"600","plotno":"600","industrysector":"SECTOR-20","block":"O","plotsize":"300 SQMT","plotsize_at_the_time_of_allotme":"300 SQMT","landuse_type":"RESIDENTIAL","landuse_subcategory":"RESIDENTIAL","scheme_cod":"RES01","investment":0,"employment":0,"plotstatus":"Allotted","landallotementstatus":"SOLD","landallotementtype":"ALLOTTED","allotmentid":"YEA018245","lease_deed":"Y","lease_deed_date":1682620200000,"village_name":"Niloni Sahapura","khasra_no":"1032","longitude":77.58841711000001,"latitude":28.28207878,"authority":"YEIDA","category":"residential","execution_stage":"lease-recorded"}},{"type":"Feature","geometry":{"type":"Polygon","coordinates":[[[77.588393,28.28158],[77.588148,28.28164],[77.588116,28.281536],[77.588361,28.281476],[77.588393,28.28158]]]},"properties":{"objectid":23278,"uniqueplotid":"PLNGRESIDENTIAL23278","plotmap_id":"SECTOR-20_605_O_RESI","plotidentificationnumber":"605","plotno":"605","industrysector":"SECTOR-20","block":"O","plotsize":"300 SQMT","plotsize_at_the_time_of_allotme":"300 SQMT","landuse_type":"RESIDENTIAL","landuse_subcategory":"RESIDENTIAL","scheme_cod":"RES01","investment":0,"employment":0,"plotstatus":"Allotted","landallotementstatus":"SOLD","landallotementtype":"ALLOTTED","allotmentid":"YEA019848","lease_deed":"Y","lease_deed_date":1601231400000,"village_name":"Niloni Sahapura","khasra_no":"1032","longitude":77.58825457,"latitude":28.28155809,"authority":"YEIDA","category":"residential","execution_stage":"lease-recorded"}},{"type":"Feature","geometry":{"type":"Polygon","coordinates":[[[77.586808,28.28343],[77.586691,28.283459],[77.586623,28.283242],[77.586741,28.283213],[77.586808,28.28343]]]},"properties":{"objectid":23279,"uniqueplotid":"PLNGRESIDENTIAL23279","plotmap_id":"SECTOR-20_499_O_RESI","plotidentificationnumber":"499","plotno":"499","industrysector":"SECTOR-20","block":"O","plotsize":"300 SQMT","plotsize_at_the_time_of_allotme":"300 SQMT","landuse_type":"RESIDENTIAL","landuse_subcategory":"RESIDENTIAL","scheme_cod":"RES01","investment":0,"employment":0,"plotstatus":"Allotted","landallotementstatus":"SOLD","landallotementtype":"ALLOTTED","allotmentid":"YEA007813","lease_deed":"Y","lease_deed_date":1575397800000,"village_name":"Niloni Sahapura","khasra_no":"1023","longitude":77.58671550999999,"latitude":28.283336040000002,"authority":"YEIDA","category":"residential","execution_stage":"lease-recorded"}},{"type":"Feature","geometry":{"type":"Polygon","coordinates":[[[77.586926,28.283401],[77.586808,28.28343],[77.586741,28.283213],[77.586858,28.283184],[77.586926,28.283401]]]},"properties":{"objectid":23280,"uniqueplotid":"PLNGRESIDENTIAL23280","plotmap_id":"SECTOR-20_500_O_RESI","plotidentificationnumber":"500","plotno":"500","industrysector":"SECTOR-20","block":"O","plotsize":"300 SQMT","plotsize_at_the_time_of_allotme":"300 SQMT","landuse_type":"RESIDENTIAL","landuse_subcategory":"RESIDENTIAL","scheme_cod":"RES01","investment":0,"employment":0,"plotstatus":"Allotted","landallotementstatus":"SOLD","landallotementtype":"ALLOTTED","allotmentid":"YEA005107","lease_deed":"Y","lease_deed_date":1673980200000,"village_name":"Niloni Sahapura","khasra_no":"1023","longitude":77.58683323999999,"latitude":28.28330694,"authority":"YEIDA","category":"residential","execution_stage":"lease-recorded"}},{"type":"Feature","geometry":{"type":"Polygon","coordinates":[[[77.587044,28.283372],[77.586926,28.283401],[77.586858,28.283184],[77.586976,28.283155],[77.587044,28.283372]]]},"properties":{"objectid":23281,"uniqueplotid":"PLNGRESIDENTIAL23281","plotmap_id":"SECTOR-20_501_O_RESI","plotidentificationnumber":"501","plotno":"501","industrysector":"SECTOR-20","block":"O","plotsize":"300 SQMT","plotsize_at_the_time_of_allotme":"300 SQMT","landuse_type":"RESIDENTIAL","landuse_subcategory":"RESIDENTIAL","scheme_cod":"RES01","investment":0,"employment":0,"plotstatus":"Allotted","landallotementstatus":"SOLD","landallotementtype":"ALLOTTED","allotmentid":"YEA016966","village_name":"Niloni Sahapura","khasra_no":"1023","longitude":77.58695096,"latitude":28.28327784,"authority":"YEIDA","category":"residential","execution_stage":"allotted"}},{"type":"Feature","geometry":{"type":"Polygon","coordinates":[[[77.587161,28.283343],[77.587044,28.283372],[77.586976,28.283155],[77.587094,28.283126],[77.587161,28.283343]]]},"properties":{"objectid":23282,"uniqueplotid":"PLNGRESIDENTIAL23282","plotmap_id":"SECTOR-20_502_O_RESI","plotidentificationnumber":"502","plotno":"502","industrysector":"SECTOR-20","block":"O","plotsize":"300 SQMT","plotsize_at_the_time_of_allotme":"300 SQMT","landuse_type":"RESIDENTIAL","landuse_subcategory":"RESIDENTIAL","scheme_cod":"RES01","investment":0,"employment":0,"plotstatus":"Allotted","landallotementstatus":"SOLD","landallotementtype":"ALLOTTED","allotmentid":"YEA016930","lease_deed":"Y","lease_deed_date":1682274600000,"village_name":"Niloni Sahapura","khasra_no":"1024,1023","longitude":77.58706869000001,"latitude":28.28324873,"authority":"YEIDA","category":"residential","execution_stage":"lease-recorded"}},{"type":"Feature","geometry":{"type":"Polygon","coordinates":[[[77.587279,28.283314],[77.587161,28.283343],[77.587094,28.283126],[77.587211,28.283097],[77.587279,28.283314]]]},"properties":{"objectid":23283,"uniqueplotid":"PLNGRESIDENTIAL23283","plotmap_id":"SECTOR-20_503_O_RESI","plotidentificationnumber":"503","plotno":"503","industrysector":"SECTOR-20","block":"O","plotsize":"300 SQMT","plotsize_at_the_time_of_allotme":"300 SQMT","landuse_type":"RESIDENTIAL","landuse_subcategory":"RESIDENTIAL","scheme_cod":"RES01","investment":0,"employment":0,"plotstatus":"Allotted","landallotementstatus":"SOLD","landallotementtype":"ALLOTTED","allotmentid":"YEA019443","lease_deed":"Y","lease_deed_date":1574274600000,"village_name":"Niloni Sahapura","khasra_no":"1024","longitude":77.58718642000001,"latitude":28.28321963,"authority":"YEIDA","category":"residential","execution_stage":"lease-recorded"}},{"type":"Feature","geometry":{"type":"Polygon","coordinates":[[[77.587397,28.283284],[77.587279,28.283314],[77.587211,28.283097],[77.587329,28.283068],[77.587397,28.283284]]]},"properties":{"objectid":23284,"uniqueplotid":"PLNGRESIDENTIAL23284","plotmap_id":"SECTOR-20_504_O_RESI","plotidentificationnumber":"504","plotno":"504","industrysector":"SECTOR-20","block":"O","plotsize":"300 SQMT","plotsize_at_the_time_of_allotme":"300 SQMT","landuse_type":"RESIDENTIAL","landuse_subcategory":"RESIDENTIAL","scheme_cod":"RES01","investment":0,"employment":0,"plotstatus":"Allotted","landallotementstatus":"SOLD","landallotementtype":"ALLOTTED","allotmentid":"YEA007373","lease_deed":"Y","lease_deed_date":1601317800000,"village_name":"Niloni Sahapura","khasra_no":"1024","longitude":77.58730415,"latitude":28.283190530000002,"authority":"YEIDA","category":"residential","execution_stage":"lease-recorded"}},{"type":"Feature","geometry":{"type":"Polygon","coordinates":[[[77.587515,28.283255],[77.587397,28.283284],[77.587329,28.283068],[77.587447,28.283038],[77.587515,28.283255]]]},"properties":{"objectid":23285,"uniqueplotid":"PLNGRESIDENTIAL23285","plotmap_id":"SECTOR-20_505_O_RESI","plotidentificationnumber":"505","plotno":"505","industrysector":"SECTOR-20","block":"O","plotsize":"300 SQMT","plotsize_at_the_time_of_allotme":"300 SQMT","landuse_type":"RESIDENTIAL","landuse_subcategory":"RESIDENTIAL","scheme_cod":"RES01","investment":0,"employment":0,"plotstatus":"Allotted","landallotementstatus":"SOLD","landallotementtype":"ALLOTTED","allotmentid":"YEA013628","village_name":"Niloni Sahapura","khasra_no":"1024","longitude":77.58742188000001,"latitude":28.28316143,"authority":"YEIDA","category":"residential","execution_stage":"allotted"}},{"type":"Feature","geometry":{"type":"Polygon","coordinates":[[[77.58775,28.283197],[77.587632,28.283226],[77.587565,28.283009],[77.587682,28.28298],[77.58775,28.283197]]]},"properties":{"objectid":23286,"uniqueplotid":"PLNGRESIDENTIAL23286","plotmap_id":"SECTOR-20_507_O_RESI","plotidentificationnumber":"507","plotno":"507","industrysector":"SECTOR-20","block":"O","plotsize":"300 SQMT","plotsize_at_the_time_of_allotme":"300 SQMT","landuse_type":"RESIDENTIAL","landuse_subcategory":"RESIDENTIAL","scheme_cod":"RES01","investment":0,"employment":0,"plotstatus":"Allotted","landallotementstatus":"SOLD","landallotementtype":"ALLOTTED","allotmentid":"YEA012331","village_name":"Niloni Sahapura","khasra_no":"1024","longitude":77.58765733,"latitude":28.28310322,"authority":"YEIDA","category":"residential","execution_stage":"allotted"}},{"type":"Feature","geometry":{"type":"Polygon","coordinates":[[[77.587868,28.283168],[77.58775,28.283197],[77.587682,28.28298],[77.5878,28.282951],[77.587868,28.283168]]]},"properties":{"objectid":23287,"uniqueplotid":"PLNGRESIDENTIAL23287","plotmap_id":"SECTOR-20_508_O_RESI","plotidentificationnumber":"508","plotno":"508","industrysector":"SECTOR-20","block":"O","plotsize":"300 SQMT","plotsize_at_the_time_of_allotme":"300 SQMT","landuse_type":"RESIDENTIAL","landuse_subcategory":"RESIDENTIAL","scheme_cod":"RES01","investment":0,"employment":0,"plotstatus":"Allotted","landallotementstatus":"SOLD","landallotementtype":"ALLOTTED","allotmentid":"YEA005837","village_name":"Niloni Sahapura","khasra_no":"1024","longitude":77.58777506,"latitude":28.283074120000002,"authority":"YEIDA","category":"residential","execution_stage":"allotted"}},{"type":"Feature","geometry":{"type":"Polygon","coordinates":[[[77.587986,28.283139],[77.587868,28.283168],[77.5878,28.282951],[77.587918,28.282922],[77.587986,28.283139]]]},"properties":{"objectid":23288,"uniqueplotid":"PLNGRESIDENTIAL23288","plotmap_id":"SECTOR-20_509_O_RESI","plotidentificationnumber":"509","plotno":"509","industrysector":"SECTOR-20","block":"O","plotsize":"300 SQMT","plotsize_at_the_time_of_allotme":"300 SQMT","landuse_type":"RESIDENTIAL","landuse_subcategory":"RESIDENTIAL","scheme_cod":"RES01","investment":0,"employment":0,"plotstatus":"Allotted","landallotementstatus":"SOLD","landallotementtype":"ALLOTTED","allotmentid":"YEA019446","village_name":"Niloni Sahapura","khasra_no":"1024","longitude":77.58789279,"latitude":28.283045010000002,"authority":"YEIDA","category":"residential","execution_stage":"allotted"}},{"type":"Feature","geometry":{"type":"Polygon","coordinates":[[[77.588103,28.28311],[77.587986,28.283139],[77.587918,28.282922],[77.588036,28.282893],[77.588103,28.28311]]]},"properties":{"objectid":23289,"uniqueplotid":"PLNGRESIDENTIAL23289","plotmap_id":"SECTOR-20_510_O_RESI","plotidentificationnumber":"510","plotno":"510","industrysector":"SECTOR-20","block":"O","plotsize":"300 SQMT","plotsize_at_the_time_of_allotme":"300 SQMT","landuse_type":"RESIDENTIAL","landuse_subcategory":"RESIDENTIAL","scheme_cod":"RES01","investment":0,"employment":0,"plotstatus":"Allotted","landallotementstatus":"SOLD","landallotementtype":"ALLOTTED","allotmentid":"YEA013524","lease_deed":"Y","lease_deed_date":1600885800000,"village_name":"Niloni Sahapura","khasra_no":"1024","longitude":77.58801050999999,"latitude":28.28301591,"authority":"YEIDA","category":"residential","execution_stage":"lease-recorded"}},{"type":"Feature","geometry":{"type":"Polygon","coordinates":[[[77.588036,28.282893],[77.587918,28.282922],[77.58785,28.282705],[77.587968,28.282676],[77.588036,28.282893]]]},"properties":{"objectid":23290,"uniqueplotid":"PLNGRESIDENTIAL23290","plotmap_id":"SECTOR-20_513_O_RESI","plotidentificationnumber":"513","plotno":"513","industrysector":"SECTOR-20","block":"O","plotsize":"300 SQMT","plotsize_at_the_time_of_allotme":"300 SQMT","landuse_type":"RESIDENTIAL","landuse_subcategory":"RESIDENTIAL","scheme_cod":"RES01","investment":0,"employment":0,"plotstatus":"Allotted","landallotementstatus":"SOLD","landallotementtype":"ALLOTTED","allotmentid":"YEA005732","lease_deed":"Y","lease_deed_date":1698863400000,"village_name":"Niloni Sahapura","khasra_no":"1024","longitude":77.58794279,"latitude":28.282798959999997,"authority":"YEIDA","category":"residential","execution_stage":"lease-recorded"}},{"type":"Feature","geometry":{"type":"Polygon","coordinates":[[[77.587918,28.282922],[77.5878,28.282951],[77.587732,28.282734],[77.58785,28.282705],[77.587918,28.282922]]]},"properties":{"objectid":23291,"uniqueplotid":"PLNGRESIDENTIAL23291","plotmap_id":"SECTOR-20_514_O_RESI","plotidentificationnumber":"514","plotno":"514","industrysector":"SECTOR-20","block":"O","plotsize":"300 SQMT","plotsize_at_the_time_of_allotme":"300 SQMT","landuse_type":"RESIDENTIAL","landuse_subcategory":"RESIDENTIAL","scheme_cod":"RES01","investment":0,"employment":0,"plotstatus":"Allotted","landallotementstatus":"SOLD","landallotementtype":"ALLOTTED","allotmentid":"YEA020300","village_name":"Niloni Sahapura","khasra_no":"1024","longitude":77.58782506,"latitude":28.282828060000003,"authority":"YEIDA","category":"residential","execution_stage":"allotted"}},{"type":"Feature","geometry":{"type":"Polygon","coordinates":[[[77.587447,28.283038],[77.587329,28.283068],[77.587261,28.282851],[77.587379,28.282821],[77.587447,28.283038]]]},"properties":{"objectid":23292,"uniqueplotid":"PLNGRESIDENTIAL23292","plotmap_id":"SECTOR-20_518_O_RESI","plotidentificationnumber":"518","plotno":"518","industrysector":"SECTOR-20","block":"O","plotsize":"300 SQMT","plotsize_at_the_time_of_allotme":"300 SQMT","landuse_type":"RESIDENTIAL","landuse_subcategory":"RESIDENTIAL","scheme_cod":"RES01","investment":0,"employment":0,"plotstatus":"Allotted","landallotementstatus":"SOLD","landallotementtype":"ALLOTTED","allotmentid":"YEA006910","lease_deed":"Y","lease_deed_date":1674757800000,"village_name":"Niloni Sahapura","khasra_no":"1024","longitude":77.58735415,"latitude":28.28294448,"authority":"YEIDA","category":"residential","execution_stage":"lease-recorded"}},{"type":"Feature","geometry":{"type":"Polygon","coordinates":[[[77.587329,28.283068],[77.587211,28.283097],[77.587144,28.28288],[77.587261,28.282851],[77.587329,28.283068]]]},"properties":{"objectid":23293,"uniqueplotid":"PLNGRESIDENTIAL23293","plotmap_id":"SECTOR-20_519_O_RESI","plotidentificationnumber":"519","plotno":"519","industrysector":"SECTOR-20","block":"O","plotsize":"300 SQMT","plotsize_at_the_time_of_allotme":"300 SQMT","landuse_type":"RESIDENTIAL","landuse_subcategory":"RESIDENTIAL","scheme_cod":"RES01","investment":0,"employment":0,"plotstatus":"Allotted","landallotementstatus":"SOLD","landallotementtype":"ALLOTTED","allotmentid":"YEA017559","lease_deed":"Y","lease_deed_date":1640716200000,"village_name":"Niloni Sahapura","khasra_no":"1024","longitude":77.58723642,"latitude":28.28297358,"authority":"YEIDA","category":"residential","execution_stage":"lease-recorded"}},{"type":"Feature","geometry":{"type":"Polygon","coordinates":[[[77.587211,28.283097],[77.587094,28.283126],[77.587026,28.282909],[77.587144,28.28288],[77.587211,28.283097]]]},"properties":{"objectid":23294,"uniqueplotid":"PLNGRESIDENTIAL23294","plotmap_id":"SECTOR-20_520_O_RESI","plotidentificationnumber":"520","plotno":"520","industrysector":"SECTOR-20","block":"O","plotsize":"300 SQMT","plotsize_at_the_time_of_allotme":"300 SQMT","landuse_type":"RESIDENTIAL","landuse_subcategory":"RESIDENTIAL","scheme_cod":"RES01","investment":0,"employment":0,"plotstatus":"Allotted","landallotementstatus":"SOLD","landallotementtype":"ALLOTTED","allotmentid":"YEA020597","lease_deed":"Y","lease_deed_date":1638988200000,"village_name":"Niloni Sahapura","khasra_no":"1024","longitude":77.5871187,"latitude":28.283002680000003,"authority":"YEIDA","category":"residential","execution_stage":"lease-recorded"}},{"type":"Feature","geometry":{"type":"Polygon","coordinates":[[[77.587094,28.283126],[77.586976,28.283155],[77.586908,28.282938],[77.587026,28.282909],[77.587094,28.283126]]]},"properties":{"objectid":23295,"uniqueplotid":"PLNGRESIDENTIAL23295","plotmap_id":"SECTOR-20_521_O_RESI","plotidentificationnumber":"521","plotno":"521","industrysector":"SECTOR-20","block":"O","plotsize":"300 SQMT","plotsize_at_the_time_of_allotme":"300 SQMT","landuse_type":"RESIDENTIAL","landuse_subcategory":"RESIDENTIAL","scheme_cod":"RES01","investment":0,"employment":0,"plotstatus":"Allotted","landallotementstatus":"SOLD","landallotementtype":"ALLOTTED","allotmentid":"YEA007957","lease_deed":"Y","lease_deed_date":1631644200000,"village_name":"Niloni Sahapura","khasra_no":"1024,1023","longitude":77.58700097,"latitude":28.28303178,"authority":"YEIDA","category":"residential","execution_stage":"lease-recorded"}},{"type":"Feature","geometry":{"type":"Polygon","coordinates":[[[77.586976,28.283155],[77.586858,28.283184],[77.586791,28.282967],[77.586908,28.282938],[77.586976,28.283155]]]},"properties":{"objectid":23296,"uniqueplotid":"PLNGRESIDENTIAL23296","plotmap_id":"SECTOR-20_522_O_RESI","plotidentificationnumber":"522","plotno":"522","industrysector":"SECTOR-20","block":"O","plotsize":"300 SQMT","plotsize_at_the_time_of_allotme":"300 SQMT","landuse_type":"RESIDENTIAL","landuse_subcategory":"RESIDENTIAL","scheme_cod":"RES01","investment":0,"employment":0,"plotstatus":"Allotted","landallotementstatus":"SOLD","landallotementtype":"ALLOTTED","allotmentid":"YEA016300","lease_deed":"Y","lease_deed_date":1570559400000,"village_name":"Niloni Sahapura","khasra_no":"1024,1023","longitude":77.58688323999999,"latitude":28.28306089,"authority":"YEIDA","category":"residential","execution_stage":"lease-recorded"}},{"type":"Feature","geometry":{"type":"Polygon","coordinates":[[[77.586858,28.283184],[77.586741,28.283213],[77.586673,28.282996],[77.586791,28.282967],[77.586858,28.283184]]]},"properties":{"objectid":23297,"uniqueplotid":"PLNGRESIDENTIAL23297","plotmap_id":"SECTOR-20_523_O_RESI","plotidentificationnumber":"523","plotno":"523","industrysector":"SECTOR-20","block":"O","plotsize":"300 SQMT","plotsize_at_the_time_of_allotme":"300 SQMT","landuse_type":"RESIDENTIAL","landuse_subcategory":"RESIDENTIAL","scheme_cod":"RES01","investment":0,"employment":0,"plotstatus":"Allotted","landallotementstatus":"SOLD","landallotementtype":"ALLOTTED","allotmentid":"YEA018670","lease_deed":"Y","lease_deed_date":1601404200000,"village_name":"Niloni Sahapura","khasra_no":"1023","longitude":77.58676550999999,"latitude":28.28308999,"authority":"YEIDA","category":"residential","execution_stage":"lease-recorded"}},{"type":"Feature","geometry":{"type":"Polygon","coordinates":[[[77.586741,28.283213],[77.586623,28.283242],[77.586555,28.283025],[77.586673,28.282996],[77.586741,28.283213]]]},"properties":{"objectid":23298,"uniqueplotid":"PLNGRESIDENTIAL23298","plotmap_id":"SECTOR-20_524_O_RESI","plotidentificationnumber":"524","plotno":"524","industrysector":"SECTOR-20","block":"O","plotsize":"300 SQMT","plotsize_at_the_time_of_allotme":"300 SQMT","landuse_type":"RESIDENTIAL","landuse_subcategory":"RESIDENTIAL","scheme_cod":"RES01","investment":0,"employment":0,"plotstatus":"Allotted","landallotementstatus":"SOLD","landallotementtype":"ALLOTTED","allotmentid":"YEA014136","lease_deed":"Y","lease_deed_date":1640543400000,"village_name":"Niloni Sahapura","khasra_no":"1023","longitude":77.58664779,"latitude":28.28311909,"authority":"YEIDA","category":"residential","execution_stage":"lease-recorded"}},{"type":"Feature","geometry":{"type":"Polygon","coordinates":[[[77.586623,28.283242],[77.586505,28.283271],[77.586437,28.283054],[77.586555,28.283025],[77.586623,28.283242]]]},"properties":{"objectid":23299,"uniqueplotid":"PLNGRESIDENTIAL23299","plotmap_id":"SECTOR-20_525_O_RESI","plotidentificationnumber":"525","plotno":"525","industrysector":"SECTOR-20","block":"O","plotsize":"300 SQMT","plotsize_at_the_time_of_allotme":"300 SQMT","landuse_type":"RESIDENTIAL","landuse_subcategory":"RESIDENTIAL","scheme_cod":"RES01","investment":0,"employment":0,"plotstatus":"Allotted","landallotementstatus":"SOLD","landallotementtype":"ALLOTTED","allotmentid":"YEA016529","lease_deed":"Y","lease_deed_date":1675017000000,"village_name":"Niloni Sahapura","khasra_no":"1023","longitude":77.58653006,"latitude":28.2831482,"authority":"YEIDA","category":"residential","execution_stage":"lease-recorded"}},{"type":"Feature","geometry":{"type":"Polygon","coordinates":[[[77.587454,28.28385],[77.587336,28.283879],[77.587268,28.283662],[77.587386,28.283633],[77.587454,28.28385]]]},"properties":{"objectid":23300,"uniqueplotid":"PLNGRESIDENTIAL23300","plotmap_id":"SECTOR-20_468_O_RESI","plotidentificationnumber":"468","plotno":"468","industrysector":"SECTOR-20","block":"O","plotsize":"300 SQMT","plotsize_at_the_time_of_allotme":"300 SQMT","landuse_type":"RESIDENTIAL","landuse_subcategory":"RESIDENTIAL","scheme_cod":"RES01","investment":0,"employment":0,"plotstatus":"Allotted","landallotementstatus":"SOLD","landallotementtype":"ALLOTTED","allotmentid":"YEA020295","village_name":"Niloni Sahapura","khasra_no":"1024,1023,1022","longitude":77.58736082,"latitude":28.28375607,"authority":"YEIDA","category":"residential","execution_stage":"allotted"}},{"type":"Feature","geometry":{"type":"Polygon","coordinates":[[[77.587571,28.283821],[77.587454,28.28385],[77.587386,28.283633],[77.587504,28.283604],[77.587571,28.283821]]]},"properties":{"objectid":23301,"uniqueplotid":"PLNGRESIDENTIAL23301","plotmap_id":"SECTOR-20_469_O_RESI","plotidentificationnumber":"469","plotno":"469","industrysector":"SECTOR-20","block":"O","plotsize":"300 SQMT","plotsize_at_the_time_of_allotme":"300 SQMT","landuse_type":"RESIDENTIAL","landuse_subcategory":"RESIDENTIAL","scheme_cod":"RES01","investment":0,"employment":0,"plotstatus":"Allotted","landallotementstatus":"SOLD","landallotementtype":"ALLOTTED","allotmentid":"YEA004341","village_name":"Niloni Sahapura","khasra_no":"1024,1021,1023,1022","longitude":77.58747855,"latitude":28.28372697,"authority":"YEIDA","category":"residential","execution_stage":"allotted"}},{"type":"Feature","geometry":{"type":"Polygon","coordinates":[[[77.588278,28.283646],[77.58816,28.283675],[77.588092,28.283458],[77.58821,28.283429],[77.588278,28.283646]]]},"properties":{"objectid":23302,"uniqueplotid":"PLNGRESIDENTIAL23302","plotmap_id":"SECTOR-20_475_O_RESI","plotidentificationnumber":"475","plotno":"475","industrysector":"SECTOR-20","block":"O","plotsize":"300 SQMT","plotsize_at_the_time_of_allotme":"300 SQMT","landuse_type":"RESIDENTIAL","landuse_subcategory":"RESIDENTIAL","scheme_cod":"RES01","investment":0,"employment":0,"plotstatus":"Allotted","landallotementstatus":"SOLD","landallotementtype":"ALLOTTED","allotmentid":"YEA008870","village_name":"Niloni Sahapura","khasra_no":"971,1021,1022","longitude":77.58818492,"latitude":28.28355235,"authority":"YEIDA","category":"residential","execution_stage":"allotted"}},{"type":"Feature","geometry":{"type":"Polygon","coordinates":[[[77.588395,28.283617],[77.588278,28.283646],[77.58821,28.283429],[77.588328,28.2834],[77.588395,28.283617]]]},"properties":{"objectid":23303,"uniqueplotid":"PLNGRESIDENTIAL23303","plotmap_id":"SECTOR-20_476_O_RESI","plotidentificationnumber":"476","plotno":"476","industrysector":"SECTOR-20","block":"O","plotsize":"300 SQMT","plotsize_at_the_time_of_allotme":"300 SQMT","landuse_type":"RESIDENTIAL","landuse_subcategory":"RESIDENTIAL","scheme_cod":"RES01","investment":0,"employment":0,"plotstatus":"Allotted","landallotementstatus":"SOLD","landallotementtype":"ALLOTTED","allotmentid":"YEA016360","village_name":"Niloni Sahapura","khasra_no":"971,1021,1022","longitude":77.58830264000001,"latitude":28.283523250000002,"authority":"YEIDA","category":"residential","execution_stage":"allotted"}},{"type":"Feature","geometry":{"type":"Polygon","coordinates":[[[77.588513,28.283588],[77.588395,28.283617],[77.588328,28.2834],[77.588445,28.283371],[77.588513,28.283588]]]},"properties":{"objectid":23304,"uniqueplotid":"PLNGRESIDENTIAL23304","plotmap_id":"SECTOR-20_477_O_RESI","plotidentificationnumber":"477","plotno":"477","industrysector":"SECTOR-20","block":"O","plotsize":"300 SQMT","plotsize_at_the_time_of_allotme":"300 SQMT","landuse_type":"RESIDENTIAL","landuse_subcategory":"RESIDENTIAL","scheme_cod":"RES01","investment":0,"employment":0,"plotstatus":"Allotted","landallotementstatus":"SOLD","landallotementtype":"ALLOTTED","allotmentid":"YEA015203","village_name":"Niloni Sahapura","khasra_no":"971,1021","longitude":77.58842037000001,"latitude":28.28349415,"authority":"YEIDA","category":"residential","execution_stage":"allotted"}},{"type":"Feature","geometry":{"type":"Polygon","coordinates":[[[77.588631,28.283559],[77.588513,28.283588],[77.588445,28.283371],[77.588563,28.283342],[77.588631,28.283559]]]},"properties":{"objectid":23305,"uniqueplotid":"PLNGRESIDENTIAL23305","plotmap_id":"SECTOR-20_478_O_RESI","plotidentificationnumber":"478","plotno":"478","industrysector":"SECTOR-20","block":"O","plotsize":"300 SQMT","plotsize_at_the_time_of_allotme":"300 SQMT","landuse_type":"RESIDENTIAL","landuse_subcategory":"RESIDENTIAL","scheme_cod":"RES01","investment":0,"employment":0,"plotstatus":"Allotted","landallotementstatus":"SOLD","landallotementtype":"ALLOTTED","allotmentid":"YEA011859","village_name":"Niloni Sahapura","khasra_no":"971","longitude":77.5885381,"latitude":28.28346504,"authority":"YEIDA","category":"residential","execution_stage":"allotted"}},{"type":"Feature","geometry":{"type":"Polygon","coordinates":[[[77.588749,28.28353],[77.588631,28.283559],[77.588563,28.283342],[77.588681,28.283313],[77.588749,28.28353]]]},"properties":{"objectid":23306,"uniqueplotid":"PLNGRESIDENTIAL23306","plotmap_id":"SECTOR-20_479_O_RESI","plotidentificationnumber":"479","plotno":"479","industrysector":"SECTOR-20","block":"O","plotsize":"300 SQMT","plotsize_at_the_time_of_allotme":"300 SQMT","landuse_type":"RESIDENTIAL","landuse_subcategory":"RESIDENTIAL","scheme_cod":"RES01","investment":0,"employment":0,"plotstatus":"Allotted","landallotementstatus":"SOLD","landallotementtype":"ALLOTTED","allotmentid":"YEA020042","village_name":"Niloni Sahapura","khasra_no":"971","longitude":77.58865583,"latitude":28.28343594,"authority":"YEIDA","category":"residential","execution_stage":"allotted"}},{"type":"Feature","geometry":{"type":"Polygon","coordinates":[[[77.588866,28.283501],[77.588749,28.28353],[77.588681,28.283313],[77.588799,28.283284],[77.588866,28.283501]]]},"properties":{"objectid":23307,"uniqueplotid":"PLNGRESIDENTIAL23307","plotmap_id":"SECTOR-20_480_O_RESI","plotidentificationnumber":"480","plotno":"480","industrysector":"SECTOR-20","block":"O","plotsize":"300 SQMT","plotsize_at_the_time_of_allotme":"300 SQMT","landuse_type":"RESIDENTIAL","landuse_subcategory":"RESIDENTIAL","scheme_cod":"RES01","investment":0,"employment":0,"plotstatus":"Allotted","landallotementstatus":"SOLD","landallotementtype":"ALLOTTED","allotmentid":"YEA009525","village_name":"Niloni Sahapura","khasra_no":"971,974,973,972","longitude":77.58877355,"latitude":28.28340684,"authority":"YEIDA","category":"residential","execution_stage":"allotted"}},{"type":"Feature","geometry":{"type":"Polygon","coordinates":[[[77.588799,28.283284],[77.588681,28.283313],[77.588613,28.283096],[77.588731,28.283067],[77.588799,28.283284]]]},"properties":{"objectid":23308,"uniqueplotid":"PLNGRESIDENTIAL23308","plotmap_id":"SECTOR-20_483_O_RESI","plotidentificationnumber":"483","plotno":"483","industrysector":"SECTOR-20","block":"O","plotsize":"300 SQMT","plotsize_at_the_time_of_allotme":"300 SQMT","landuse_type":"RESIDENTIAL","landuse_subcategory":"RESIDENTIAL","scheme_cod":"RES01","investment":0,"employment":0,"plotstatus":"Allotted","landallotementstatus":"SOLD","landallotementtype":"ALLOTTED","allotmentid":"YEA006548","village_name":"Niloni Sahapura","khasra_no":"1031,971,1030,1024,1021,974,973,972,1022","longitude":77.58870583000001,"latitude":28.283189890000003,"authority":"YEIDA","category":"residential","execution_stage":"allotted"}},{"type":"Feature","geometry":{"type":"Polygon","coordinates":[[[77.588681,28.283313],[77.588563,28.283342],[77.588495,28.283125],[77.588613,28.283096],[77.588681,28.283313]]]},"properties":{"objectid":23309,"uniqueplotid":"PLNGRESIDENTIAL23309","plotmap_id":"SECTOR-20_484_O_RESI","plotidentificationnumber":"484","plotno":"484","industrysector":"SECTOR-20","block":"O","plotsize":"300 SQMT","plotsize_at_the_time_of_allotme":"300 SQMT","landuse_type":"RESIDENTIAL","landuse_subcategory":"RESIDENTIAL","scheme_cod":"RES01","investment":0,"employment":0,"plotstatus":"Allotted","landallotementstatus":"SOLD","landallotementtype":"ALLOTTED","allotmentid":"YEA012577","village_name":"Niloni Sahapura","khasra_no":"971,1024,1021,972,1022","longitude":77.5885881,"latitude":28.28321899,"authority":"YEIDA","category":"residential","execution_stage":"allotted"}},{"type":"Feature","geometry":{"type":"Polygon","coordinates":[[[77.588092,28.283458],[77.587974,28.283488],[77.587907,28.283271],[77.588024,28.283241],[77.588092,28.283458]]]},"properties":{"objectid":23310,"uniqueplotid":"PLNGRESIDENTIAL23310","plotmap_id":"SECTOR-20_489_O_RESI","plotidentificationnumber":"489","plotno":"489","industrysector":"SECTOR-20","block":"O","plotsize":"300 SQMT","plotsize_at_the_time_of_allotme":"300 SQMT","landuse_type":"RESIDENTIAL","landuse_subcategory":"RESIDENTIAL","scheme_cod":"RES01","investment":0,"employment":0,"plotstatus":"Allotted","landallotementstatus":"SOLD","landallotementtype":"ALLOTTED","allotmentid":"YEA017517","village_name":"Niloni Sahapura","khasra_no":"1024,1022","longitude":77.58799946,"latitude":28.283364510000002,"authority":"YEIDA","category":"residential","execution_stage":"allotted"}},{"type":"Feature","geometry":{"type":"Polygon","coordinates":[[[77.587504,28.283604],[77.587386,28.283633],[77.587318,28.283416],[77.587436,28.283387],[77.587504,28.283604]]]},"properties":{"objectid":23311,"uniqueplotid":"PLNGRESIDENTIAL23311","plotmap_id":"SECTOR-20_494_O_RESI","plotidentificationnumber":"494","plotno":"494","industrysector":"SECTOR-20","block":"O","plotsize":"300 SQMT","plotsize_at_the_time_of_allotme":"300 SQMT","landuse_type":"RESIDENTIAL","landuse_subcategory":"RESIDENTIAL","scheme_cod":"RES01","investment":0,"employment":0,"plotstatus":"Allotted","landallotementstatus":"SOLD","landallotementtype":"ALLOTTED","allotmentid":"YEA018785","lease_deed":"Y","lease_deed_date":1656268200000,"village_name":"Niloni Sahapura","khasra_no":"1024","longitude":77.58741083,"latitude":28.28351002,"authority":"YEIDA","category":"residential","execution_stage":"lease-recorded"}},{"type":"Feature","geometry":{"type":"Polygon","coordinates":[[[77.587386,28.283633],[77.587268,28.283662],[77.5872,28.283445],[77.587318,28.283416],[77.587386,28.283633]]]},"properties":{"objectid":23312,"uniqueplotid":"PLNGRESIDENTIAL23312","plotmap_id":"SECTOR-20_495_O_RESI","plotidentificationnumber":"495","plotno":"495","industrysector":"SECTOR-20","block":"O","plotsize":"300 SQMT","plotsize_at_the_time_of_allotme":"300 SQMT","landuse_type":"RESIDENTIAL","landuse_subcategory":"RESIDENTIAL","scheme_cod":"RES01","investment":0,"employment":0,"plotstatus":"Allotted","landallotementstatus":"SOLD","landallotementtype":"ALLOTTED","allotmentid":"YEA004737","lease_deed":"Y","lease_deed_date":1602613800000,"village_name":"Niloni Sahapura","khasra_no":"1024,1023","longitude":77.5872931,"latitude":28.28353912,"authority":"YEIDA","category":"residential","execution_stage":"lease-recorded"}},{"type":"Feature","geometry":{"type":"Polygon","coordinates":[[[77.586785,28.283772],[77.586539,28.283833],[77.586507,28.283729],[77.586752,28.283668],[77.586785,28.283772]]]},"properties":{"objectid":23313,"uniqueplotid":"PLNGRESIDENTIAL23313","plotmap_id":"SECTOR-20_438_O_RESI","plotidentificationnumber":"438","plotno":"438","industrysector":"SECTOR-20","block":"O","plotsize":"300 SQMT","plotsize_at_the_time_of_allotme":"300 SQMT","landuse_type":"RESIDENTIAL","landuse_subcategory":"RESIDENTIAL","scheme_cod":"RES01","investment":0,"employment":0,"plotstatus":"Allotted","landallotementstatus":"SOLD","landallotementtype":"ALLOTTED","allotmentid":"YEA009556","lease_deed":"Y","lease_deed_date":1599503400000,"village_name":"Niloni Sahapura","khasra_no":"1023","longitude":77.58664578,"latitude":28.28375055,"authority":"YEIDA","category":"residential","execution_stage":"lease-recorded"}},{"type":"Feature","geometry":{"type":"Polygon","coordinates":[[[77.586817,28.283876],[77.586572,28.283937],[77.586539,28.283833],[77.586785,28.283772],[77.586817,28.283876]]]},"properties":{"objectid":23314,"uniqueplotid":"PLNGRESIDENTIAL23314","plotmap_id":"SECTOR-20_439_O_RESI","plotidentificationnumber":"439","plotno":"439","industrysector":"SECTOR-20","block":"O","plotsize":"300 SQMT","plotsize_at_the_time_of_allotme":"300 SQMT","landuse_type":"RESIDENTIAL","landuse_subcategory":"RESIDENTIAL","scheme_cod":"RES01","investment":0,"employment":0,"plotstatus":"Allotted","landallotementstatus":"SOLD","landallotementtype":"ALLOTTED","allotmentid":"YEA010369","lease_deed":"Y","lease_deed_date":1718649000000,"village_name":"Niloni Sahapura","khasra_no":"1023","longitude":77.58667829000001,"latitude":28.28385469,"authority":"YEIDA","category":"residential","execution_stage":"lease-recorded"}},{"type":"Feature","geometry":{"type":"Polygon","coordinates":[[[77.58685,28.283981],[77.586604,28.284041],[77.586572,28.283937],[77.586817,28.283876],[77.58685,28.283981]]]},"properties":{"objectid":23315,"uniqueplotid":"PLNGRESIDENTIAL23315","plotmap_id":"SECTOR-20_440_O_RESI","plotidentificationnumber":"440","plotno":"440","industrysector":"SECTOR-20","block":"O","plotsize":"300 SQMT","plotsize_at_the_time_of_allotme":"300 SQMT","landuse_type":"RESIDENTIAL","landuse_subcategory":"RESIDENTIAL","scheme_cod":"RES01","investment":0,"employment":0,"plotstatus":"Allotted","landallotementstatus":"SOLD","landallotementtype":"ALLOTTED","allotmentid":"YEA013473","lease_deed":"Y","lease_deed_date":1615487400000,"village_name":"Niloni Sahapura","khasra_no":"1023","longitude":77.58671079,"latitude":28.28395883,"authority":"YEIDA","category":"residential","execution_stage":"lease-recorded"}},{"type":"Feature","geometry":{"type":"Polygon","coordinates":[[[77.586882,28.284085],[77.586637,28.284145],[77.586604,28.284041],[77.58685,28.283981],[77.586882,28.284085]]]},"properties":{"objectid":23316,"uniqueplotid":"PLNGRESIDENTIAL23316","plotmap_id":"SECTOR-20_441_O_RESI","plotidentificationnumber":"441","plotno":"441","industrysector":"SECTOR-20","block":"O","plotsize":"300 SQMT","plotsize_at_the_time_of_allotme":"300 SQMT","landuse_type":"RESIDENTIAL","landuse_subcategory":"RESIDENTIAL","scheme_cod":"RES01","investment":0,"employment":0,"plotstatus":"Allotted","landallotementstatus":"SOLD","landallotementtype":"ALLOTTED","allotmentid":"YEA010087","lease_deed":"Y","lease_deed_date":1599503400000,"village_name":"Niloni Sahapura","khasra_no":"1023","longitude":77.5867433,"latitude":28.28406296,"authority":"YEIDA","category":"residential","execution_stage":"lease-recorded"}},{"type":"Feature","geometry":{"type":"Polygon","coordinates":[[[77.586915,28.284189],[77.586669,28.284249],[77.586637,28.284145],[77.586882,28.284085],[77.586915,28.284189]]]},"properties":{"objectid":23317,"uniqueplotid":"PLNGRESIDENTIAL23317","plotmap_id":"SECTOR-20_442_O_RESI","plotidentificationnumber":"442","plotno":"442","industrysector":"SECTOR-20","block":"O","plotsize":"300 SQMT","plotsize_at_the_time_of_allotme":"300 SQMT","landuse_type":"RESIDENTIAL","landuse_subcategory":"RESIDENTIAL","scheme_cod":"RES01","investment":0,"employment":0,"plotstatus":"Allotted","landallotementstatus":"SOLD","landallotementtype":"ALLOTTED","allotmentid":"YEA018114","village_name":"Niloni Sahapura","khasra_no":"1021,1023,1022","longitude":77.58677580999999,"latitude":28.284167099999998,"authority":"YEIDA","category":"residential","execution_stage":"allotted"}},{"type":"Feature","geometry":{"type":"Polygon","coordinates":[[[77.586947,28.284293],[77.586702,28.284354],[77.586669,28.284249],[77.586915,28.284189],[77.586947,28.284293]]]},"properties":{"objectid":23318,"uniqueplotid":"PLNGRESIDENTIAL23318","plotmap_id":"SECTOR-20_443_O_RESI","plotidentificationnumber":"443","plotno":"443","industrysector":"SECTOR-20","block":"O","plotsize":"300 SQMT","plotsize_at_the_time_of_allotme":"300 SQMT","landuse_type":"RESIDENTIAL","landuse_subcategory":"RESIDENTIAL","scheme_cod":"RES01","investment":0,"employment":0,"plotstatus":"Allotted","landallotementstatus":"SOLD","landallotementtype":"ALLOTTED","allotmentid":"YEA009350","lease_deed":"Y","lease_deed_date":1567449000000,"village_name":"Niloni Sahapura","khasra_no":"966,1021,1022","longitude":77.58680832,"latitude":28.284271229999998,"authority":"YEIDA","category":"residential","execution_stage":"lease-recorded"}},{"type":"Feature","geometry":{"type":"Polygon","coordinates":[[[77.58698,28.284397],[77.586734,28.284458],[77.586702,28.284354],[77.586947,28.284293],[77.58698,28.284397]]]},"properties":{"objectid":23319,"uniqueplotid":"PLNGRESIDENTIAL23319","plotmap_id":"SECTOR-20_444_O_RESI","plotidentificationnumber":"444","plotno":"444","industrysector":"SECTOR-20","block":"O","plotsize":"300 SQMT","plotsize_at_the_time_of_allotme":"300 SQMT","landuse_type":"RESIDENTIAL","landuse_subcategory":"RESIDENTIAL","scheme_cod":"RES01","investment":0,"employment":0,"plotstatus":"Allotted","landallotementstatus":"SOLD","landallotementtype":"ALLOTTED","allotmentid":"YEA011996","lease_deed":"Y","lease_deed_date":1674066600000,"village_name":"Niloni Sahapura","khasra_no":"966","longitude":77.58684081999999,"latitude":28.284375370000003,"authority":"YEIDA","category":"residential","execution_stage":"lease-recorded"}},{"type":"Feature","geometry":{"type":"Polygon","coordinates":[[[77.587257,28.284441],[77.587012,28.284501],[77.58698,28.284397],[77.587225,28.284336],[77.587257,28.284441]]]},"properties":{"objectid":23323,"uniqueplotid":"PLNGRESIDENTIAL23323","plotmap_id":"SECTOR-20_458_O_RESI","plotidentificationnumber":"458","plotno":"458","industrysector":"SECTOR-20","block":"O","plotsize":"300 SQMT","plotsize_at_the_time_of_allotme":"300 SQMT","landuse_type":"RESIDENTIAL","landuse_subcategory":"RESIDENTIAL","scheme_cod":"RES01","investment":0,"employment":0,"plotstatus":"Allotted","landallotementstatus":"SOLD","landallotementtype":"ALLOTTED","allotmentid":"YEA011864","lease_deed":"Y","lease_deed_date":1601404200000,"village_name":"Niloni Sahapura","khasra_no":"966","longitude":77.58711860000001,"latitude":28.284418870000003,"authority":"YEIDA","category":"residential","execution_stage":"lease-recorded"}},{"type":"Feature","geometry":{"type":"Polygon","coordinates":[[[77.587225,28.284336],[77.58698,28.284397],[77.586947,28.284293],[77.587192,28.284232],[77.587225,28.284336]]]},"properties":{"objectid":23324,"uniqueplotid":"PLNGRESIDENTIAL23324","plotmap_id":"SECTOR-20_459_O_RESI","plotidentificationnumber":"459","plotno":"459","industrysector":"SECTOR-20","block":"O","plotsize":"300 SQMT","plotsize_at_the_time_of_allotme":"300 SQMT","landuse_type":"RESIDENTIAL","landuse_subcategory":"RESIDENTIAL","scheme_cod":"RES01","investment":0,"employment":0,"plotstatus":"Allotted","landallotementstatus":"SOLD","landallotementtype":"ALLOTTED","allotmentid":"YEA013292","lease_deed":"Y","lease_deed_date":1576521000000,"village_name":"Niloni Sahapura","khasra_no":"966","longitude":77.58708609,"latitude":28.284314740000003,"authority":"YEIDA","category":"residential","execution_stage":"lease-recorded"}},{"type":"Feature","geometry":{"type":"Polygon","coordinates":[[[77.587192,28.284232],[77.586947,28.284293],[77.586915,28.284189],[77.58716,28.284128],[77.587192,28.284232]]]},"properties":{"objectid":23325,"uniqueplotid":"PLNGRESIDENTIAL23325","plotmap_id":"SECTOR-20_460_O_RESI","plotidentificationnumber":"460","plotno":"460","industrysector":"SECTOR-20","block":"O","plotsize":"300 SQMT","plotsize_at_the_time_of_allotme":"300 SQMT","landuse_type":"RESIDENTIAL","landuse_subcategory":"RESIDENTIAL","scheme_cod":"RES01","investment":0,"employment":0,"plotstatus":"Allotted","landallotementstatus":"SOLD","landallotementtype":"ALLOTTED","allotmentid":"YEA018212","lease_deed":"Y","lease_deed_date":1695925800000,"village_name":"Niloni Sahapura","khasra_no":"966,1021","longitude":77.58705358,"latitude":28.284210599999998,"authority":"YEIDA","category":"residential","execution_stage":"lease-recorded"}},{"type":"Feature","geometry":{"type":"Polygon","coordinates":[[[77.58716,28.284128],[77.586915,28.284189],[77.586882,28.284085],[77.587127,28.284024],[77.58716,28.284128]]]},"properties":{"objectid":23326,"uniqueplotid":"PLNGRESIDENTIAL23326","plotmap_id":"SECTOR-20_461_O_RESI","plotidentificationnumber":"461","plotno":"461","industrysector":"SECTOR-20","block":"O","plotsize":"300 SQMT","plotsize_at_the_time_of_allotme":"300 SQMT","landuse_type":"RESIDENTIAL","landuse_subcategory":"RESIDENTIAL","scheme_cod":"RES01","investment":0,"employment":0,"plotstatus":"Allotted","landallotementstatus":"SOLD","landallotementtype":"ALLOTTED","allotmentid":"YEA018225","lease_deed":"Y","lease_deed_date":1578335400000,"village_name":"Niloni Sahapura","khasra_no":"966,1021,1023,1022","longitude":77.58702108,"latitude":28.284106469999998,"authority":"YEIDA","category":"residential","execution_stage":"lease-recorded"}},{"type":"Feature","geometry":{"type":"Polygon","coordinates":[[[77.587127,28.284024],[77.586882,28.284085],[77.58685,28.283981],[77.587095,28.28392],[77.587127,28.284024]]]},"properties":{"objectid":23327,"uniqueplotid":"PLNGRESIDENTIAL23327","plotmap_id":"SECTOR-20_462_O_RESI","plotidentificationnumber":"462","plotno":"462","industrysector":"SECTOR-20","block":"O","plotsize":"300 SQMT","plotsize_at_the_time_of_allotme":"300 SQMT","landuse_type":"RESIDENTIAL","landuse_subcategory":"RESIDENTIAL","scheme_cod":"RES01","investment":0,"employment":0,"plotstatus":"Allotted","landallotementstatus":"SOLD","landallotementtype":"ALLOTTED","allotmentid":"YEA005940","lease_deed":"Y","lease_deed_date":1640025000000,"village_name":"Niloni Sahapura","khasra_no":"1023,1022","longitude":77.58698857,"latitude":28.28400233,"authority":"YEIDA","category":"residential","execution_stage":"lease-recorded"}},{"type":"Feature","geometry":{"type":"Polygon","coordinates":[[[77.587095,28.28392],[77.58685,28.283981],[77.586817,28.283876],[77.587062,28.283816],[77.587095,28.28392]]]},"properties":{"objectid":23328,"uniqueplotid":"PLNGRESIDENTIAL23328","plotmap_id":"SECTOR-20_463_O_RESI","plotidentificationnumber":"463","plotno":"463","industrysector":"SECTOR-20","block":"O","plotsize":"300 SQMT","plotsize_at_the_time_of_allotme":"300 SQMT","landuse_type":"RESIDENTIAL","landuse_subcategory":"RESIDENTIAL","scheme_cod":"RES01","investment":0,"employment":0,"plotstatus":"Allotted","landallotementstatus":"SOLD","landallotementtype":"ALLOTTED","allotmentid":"YEA004630","village_name":"Niloni Sahapura","khasra_no":"1023","longitude":77.58695606,"latitude":28.2838982,"authority":"YEIDA","category":"residential","execution_stage":"allotted"}},{"type":"Feature","geometry":{"type":"Polygon","coordinates":[[[77.587062,28.283816],[77.586817,28.283876],[77.586785,28.283772],[77.58703,28.283712],[77.587062,28.283816]]]},"properties":{"objectid":23329,"uniqueplotid":"PLNGRESIDENTIAL23329","plotmap_id":"SECTOR-20_464_O_RESI","plotidentificationnumber":"464","plotno":"464","industrysector":"SECTOR-20","block":"O","plotsize":"300 SQMT","plotsize_at_the_time_of_allotme":"300 SQMT","landuse_type":"RESIDENTIAL","landuse_subcategory":"RESIDENTIAL","scheme_cod":"RES01","investment":0,"employment":0,"plotstatus":"Allotted","landallotementstatus":"SOLD","landallotementtype":"ALLOTTED","allotmentid":"YEA006618","lease_deed":"Y","lease_deed_date":1610994600000,"village_name":"Niloni Sahapura","khasra_no":"1023","longitude":77.58692355,"latitude":28.283794059999998,"authority":"YEIDA","category":"residential","execution_stage":"lease-recorded"}},{"type":"Feature","geometry":{"type":"Polygon","coordinates":[[[77.58703,28.283712],[77.586785,28.283772],[77.586752,28.283668],[77.586997,28.283608],[77.58703,28.283712]]]},"properties":{"objectid":23330,"uniqueplotid":"PLNGRESIDENTIAL23330","plotmap_id":"SECTOR-20_465_O_RESI","plotidentificationnumber":"465","plotno":"465","industrysector":"SECTOR-20","block":"O","plotsize":"300 SQMT","plotsize_at_the_time_of_allotme":"300 SQMT","landuse_type":"RESIDENTIAL","landuse_subcategory":"RESIDENTIAL","scheme_cod":"RES01","investment":0,"employment":0,"plotstatus":"Allotted","landallotementstatus":"SOLD","landallotementtype":"ALLOTTED","allotmentid":"YEA011260","village_name":"Niloni Sahapura","khasra_no":"1023","longitude":77.58689104999999,"latitude":28.28368992,"authority":"YEIDA","category":"residential","execution_stage":"allotted"}},{"type":"Feature","geometry":{"type":"Polygon","coordinates":[[[77.587871,28.284308],[77.587626,28.284368],[77.587593,28.284264],[77.587839,28.284203],[77.587871,28.284308]]]},"properties":{"objectid":23331,"uniqueplotid":"PLNGRESIDENTIAL23331","plotmap_id":"SECTOR-20_423_O_RESI","plotidentificationnumber":"423","plotno":"423","industrysector":"SECTOR-20","block":"O","plotsize":"300 SQMT","plotsize_at_the_time_of_allotme":"300 SQMT","landuse_type":"RESIDENTIAL","landuse_subcategory":"RESIDENTIAL","scheme_cod":"RES01","investment":0,"employment":0,"plotstatus":"Allotted","landallotementstatus":"SOLD","landallotementtype":"ALLOTTED","allotmentid":"YEA014257","village_name":"Niloni Sahapura","khasra_no":"966","longitude":77.58773227,"latitude":28.284285859999997,"authority":"YEIDA","category":"residential","execution_stage":"allotted"}},{"type":"Feature","geometry":{"type":"Polygon","coordinates":[[[77.587839,28.284203],[77.587593,28.284264],[77.587561,28.28416],[77.587806,28.284099],[77.587839,28.284203]]]},"properties":{"objectid":23332,"uniqueplotid":"PLNGRESIDENTIAL23332","plotmap_id":"SECTOR-20_424_O_RESI","plotidentificationnumber":"424","plotno":"424","industrysector":"SECTOR-20","block":"O","plotsize":"300 SQMT","plotsize_at_the_time_of_allotme":"300 SQMT","landuse_type":"RESIDENTIAL","landuse_subcategory":"RESIDENTIAL","scheme_cod":"RES01","investment":0,"employment":0,"plotstatus":"Allotted","landallotementstatus":"SOLD","landallotementtype":"ALLOTTED","allotmentid":"YEA011710","village_name":"Niloni Sahapura","khasra_no":"966","longitude":77.58769977,"latitude":28.28418173,"authority":"YEIDA","category":"residential","execution_stage":"allotted"}},{"type":"Feature","geometry":{"type":"Polygon","coordinates":[[[77.587806,28.284099],[77.587561,28.28416],[77.587528,28.284056],[77.587774,28.283995],[77.587806,28.284099]]]},"properties":{"objectid":23333,"uniqueplotid":"PLNGRESIDENTIAL23333","plotmap_id":"SECTOR-20_425_O_RESI","plotidentificationnumber":"425","plotno":"425","industrysector":"SECTOR-20","block":"O","plotsize":"300 SQMT","plotsize_at_the_time_of_allotme":"300 SQMT","landuse_type":"RESIDENTIAL","landuse_subcategory":"RESIDENTIAL","scheme_cod":"RES01","investment":0,"employment":0,"plotstatus":"Allotted","landallotementstatus":"SOLD","landallotementtype":"ALLOTTED","allotmentid":"YEA016244","village_name":"Niloni Sahapura","khasra_no":"971,966","longitude":77.58766725999999,"latitude":28.28407759,"authority":"YEIDA","category":"residential","execution_stage":"allotted"}},{"type":"Feature","geometry":{"type":"Polygon","coordinates":[[[77.587561,28.28416],[77.587316,28.284221],[77.587283,28.284116],[77.587528,28.284056],[77.587561,28.28416]]]},"properties":{"objectid":23334,"uniqueplotid":"PLNGRESIDENTIAL23334","plotmap_id":"SECTOR-20_428_O_RESI","plotidentificationnumber":"428","plotno":"428","industrysector":"SECTOR-20","block":"O","plotsize":"300 SQMT","plotsize_at_the_time_of_allotme":"300 SQMT","landuse_type":"RESIDENTIAL","landuse_subcategory":"RESIDENTIAL","scheme_cod":"RES01","investment":0,"employment":0,"plotstatus":"Allotted","landallotementstatus":"SOLD","landallotementtype":"ALLOTTED","allotmentid":"YEA006796","lease_deed":"Y","lease_deed_date":1718821800000,"village_name":"Niloni Sahapura","khasra_no":"966","longitude":77.587422,"latitude":28.28413822,"authority":"YEIDA","category":"residential","execution_stage":"lease-recorded"}},{"type":"Feature","geometry":{"type":"Polygon","coordinates":[[[77.587593,28.284264],[77.587348,28.284325],[77.587316,28.284221],[77.587561,28.28416],[77.587593,28.284264]]]},"properties":{"objectid":23335,"uniqueplotid":"PLNGRESIDENTIAL23335","plotmap_id":"SECTOR-20_429_O_RESI","plotidentificationnumber":"429","plotno":"429","industrysector":"SECTOR-20","block":"O","plotsize":"300 SQMT","plotsize_at_the_time_of_allotme":"300 SQMT","landuse_type":"RESIDENTIAL","landuse_subcategory":"RESIDENTIAL","scheme_cod":"RES01","investment":0,"employment":0,"plotstatus":"Allotted","landallotementstatus":"SOLD","landallotementtype":"ALLOTTED","allotmentid":"YEA013490","village_name":"Niloni Sahapura","khasra_no":"966","longitude":77.5874545,"latitude":28.284242359999997,"authority":"YEIDA","category":"residential","execution_stage":"allotted"}},{"type":"Feature","geometry":{"type":"Polygon","coordinates":[[[77.587626,28.284368],[77.587381,28.284429],[77.587348,28.284325],[77.587593,28.284264],[77.587626,28.284368]]]},"properties":{"objectid":23336,"uniqueplotid":"PLNGRESIDENTIAL23336","plotmap_id":"SECTOR-20_430_O_RESI","plotidentificationnumber":"430","plotno":"430","industrysector":"SECTOR-20","block":"O","plotsize":"300 SQMT","plotsize_at_the_time_of_allotme":"300 SQMT","landuse_type":"RESIDENTIAL","landuse_subcategory":"RESIDENTIAL","scheme_cod":"RES01","investment":0,"employment":0,"plotstatus":"Allotted","landallotementstatus":"SOLD","landallotementtype":"ALLOTTED","allotmentid":"YEA019268","lease_deed":"Y","lease_deed_date":1572892200000,"village_name":"Niloni Sahapura","khasra_no":"966","longitude":77.58748701,"latitude":28.28434649,"authority":"YEIDA","category":"residential","execution_stage":"lease-recorded"}},{"type":"Feature","geometry":{"type":"Polygon","coordinates":[[[77.589179,28.284096],[77.588934,28.284157],[77.588901,28.284053],[77.589147,28.283992],[77.589179,28.284096]]]},"properties":{"objectid":23339,"uniqueplotid":"PLNGRESIDENTIAL23339","plotmap_id":"SECTOR-20_367_O_RESI","plotidentificationnumber":"367","plotno":"367","industrysector":"SECTOR-20","block":"O","plotsize":"300 SQMT","plotsize_at_the_time_of_allotme":"300 SQMT","landuse_type":"RESIDENTIAL","landuse_subcategory":"RESIDENTIAL","scheme_cod":"RES01","investment":0,"employment":0,"plotstatus":"Allotted","landallotementstatus":"SOLD","landallotementtype":"ALLOTTED","allotmentid":"YEA005303","village_name":"Niloni Sahapura","khasra_no":"970,969","longitude":77.58904016,"latitude":28.28407472,"authority":"YEIDA","category":"residential","execution_stage":"allotted"}},{"type":"Feature","geometry":{"type":"Polygon","coordinates":[[[77.589147,28.283992],[77.588901,28.284053],[77.588869,28.283949],[77.589114,28.283888],[77.589147,28.283992]]]},"properties":{"objectid":23340,"uniqueplotid":"PLNGRESIDENTIAL23340","plotmap_id":"SECTOR-20_368_O_RESI","plotidentificationnumber":"368","plotno":"368","industrysector":"SECTOR-20","block":"O","plotsize":"300 SQMT","plotsize_at_the_time_of_allotme":"300 SQMT","landuse_type":"RESIDENTIAL","landuse_subcategory":"RESIDENTIAL","scheme_cod":"RES01","investment":0,"employment":0,"plotstatus":"Allotted","landallotementstatus":"SOLD","landallotementtype":"ALLOTTED","allotmentid":"YEA018427","village_name":"Niloni Sahapura","khasra_no":"970","longitude":77.58900766,"latitude":28.28397058,"authority":"YEIDA","category":"residential","execution_stage":"allotted"}},{"type":"Feature","geometry":{"type":"Polygon","coordinates":[[[77.589114,28.283888],[77.588869,28.283949],[77.588836,28.283845],[77.589082,28.283784],[77.589114,28.283888]]]},"properties":{"objectid":23341,"uniqueplotid":"PLNGRESIDENTIAL23341","plotmap_id":"SECTOR-20_369_O_RESI","plotidentificationnumber":"369","plotno":"369","industrysector":"SECTOR-20","block":"O","plotsize":"300 SQMT","plotsize_at_the_time_of_allotme":"300 SQMT","landuse_type":"RESIDENTIAL","landuse_subcategory":"RESIDENTIAL","scheme_cod":"RES01","investment":0,"employment":0,"plotstatus":"Allotted","landallotementstatus":"SOLD","landallotementtype":"ALLOTTED","allotmentid":"YEA018088","village_name":"Niloni Sahapura","khasra_no":"970","longitude":77.58897515,"latitude":28.283866449999998,"authority":"YEIDA","category":"residential","execution_stage":"allotted"}},{"type":"Feature","geometry":{"type":"Polygon","coordinates":[[[77.589082,28.283784],[77.588836,28.283845],[77.588804,28.283741],[77.589049,28.28368],[77.589082,28.283784]]]},"properties":{"objectid":23342,"uniqueplotid":"PLNGRESIDENTIAL23342","plotmap_id":"SECTOR-20_370_O_RESI","plotidentificationnumber":"370","plotno":"370","industrysector":"SECTOR-20","block":"O","plotsize":"300 SQMT","plotsize_at_the_time_of_allotme":"300 SQMT","landuse_type":"RESIDENTIAL","landuse_subcategory":"RESIDENTIAL","scheme_cod":"RES01","investment":0,"employment":0,"plotstatus":"Allotted","landallotementstatus":"SOLD","landallotementtype":"ALLOTTED","allotmentid":"YEA007563","village_name":"Niloni Sahapura","khasra_no":"971,970,972","longitude":77.58894264,"latitude":28.28376231,"authority":"YEIDA","category":"residential","execution_stage":"allotted"}},{"type":"Feature","geometry":{"type":"Polygon","coordinates":[[[77.588836,28.283845],[77.588591,28.283905],[77.588558,28.283801],[77.588804,28.283741],[77.588836,28.283845]]]},"properties":{"objectid":23343,"uniqueplotid":"PLNGRESIDENTIAL23343","plotmap_id":"SECTOR-20_373_O_RESI","plotidentificationnumber":"373","plotno":"373","industrysector":"SECTOR-20","block":"O","plotsize":"300 SQMT","plotsize_at_the_time_of_allotme":"300 SQMT","landuse_type":"RESIDENTIAL","landuse_subcategory":"RESIDENTIAL","scheme_cod":"RES01","investment":0,"employment":0,"plotstatus":"Allotted","landallotementstatus":"SOLD","landallotementtype":"ALLOTTED","allotmentid":"YEA019924","village_name":"Niloni Sahapura","khasra_no":"971,970","longitude":77.58869738,"latitude":28.28382294,"authority":"YEIDA","category":"residential","execution_stage":"allotted"}},{"type":"Feature","geometry":{"type":"Polygon","coordinates":[[[77.588869,28.283949],[77.588624,28.284009],[77.588591,28.283905],[77.588836,28.283845],[77.588869,28.283949]]]},"properties":{"objectid":23344,"uniqueplotid":"PLNGRESIDENTIAL23344","plotmap_id":"SECTOR-20_374_O_RESI","plotidentificationnumber":"374","plotno":"374","industrysector":"SECTOR-20","block":"O","plotsize":"300 SQMT","plotsize_at_the_time_of_allotme":"300 SQMT","landuse_type":"RESIDENTIAL","landuse_subcategory":"RESIDENTIAL","scheme_cod":"RES01","investment":0,"employment":0,"plotstatus":"Allotted","landallotementstatus":"SOLD","landallotementtype":"ALLOTTED","allotmentid":"YEA016388","village_name":"Niloni Sahapura","khasra_no":"970","longitude":77.58872988,"latitude":28.283927079999998,"authority":"YEIDA","category":"residential","execution_stage":"allotted"}},{"type":"Feature","geometry":{"type":"Polygon","coordinates":[[[77.588901,28.284053],[77.588656,28.284114],[77.588624,28.284009],[77.588869,28.283949],[77.588901,28.284053]]]},"properties":{"objectid":23345,"uniqueplotid":"PLNGRESIDENTIAL23345","plotmap_id":"SECTOR-20_375_O_RESI","plotidentificationnumber":"375","plotno":"375","industrysector":"SECTOR-20","block":"O","plotsize":"300 SQMT","plotsize_at_the_time_of_allotme":"300 SQMT","landuse_type":"RESIDENTIAL","landuse_subcategory":"RESIDENTIAL","scheme_cod":"RES01","investment":0,"employment":0,"plotstatus":"Allotted","landallotementstatus":"SOLD","landallotementtype":"ALLOTTED","allotmentid":"YEA019063","village_name":"Niloni Sahapura","khasra_no":"970","longitude":77.58876239,"latitude":28.28403121,"authority":"YEIDA","category":"residential","execution_stage":"allotted"}},{"type":"Feature","geometry":{"type":"Polygon","coordinates":[[[77.58492,28.284402],[77.584413,28.284414],[77.584409,28.284234],[77.584916,28.284222],[77.58492,28.284402]]]},"properties":{"objectid":23487,"uniqueplotid":"PLNGRESIDENTIAL23487","plotmap_id":"SECTOR-20_434_D_RESI","plotidentificationnumber":"434","plotno":"434","industrysector":"SECTOR-20","block":"D","plotsize":"1000 SQMT","plotsize_at_the_time_of_allotme":"1000 SQMT","landuse_type":"RESIDENTIAL","landuse_subcategory":"RESIDENTIAL","scheme_cod":"RES01","investment":0,"employment":0,"plotstatus":"Allotted","landallotementstatus":"SOLD","landallotementtype":"ALLOTTED","allotmentid":"YEA000513","lease_deed":"Y","lease_deed_date":1662921000000,"village_name":"Niloni Sahapura","khasra_no":"847,866,867,846,884","longitude":77.58466458999999,"latitude":28.28431793,"authority":"YEIDA","category":"residential","execution_stage":"lease-recorded"}},{"type":"Feature","geometry":{"type":"Polygon","coordinates":[[[77.583115,28.284627],[77.582884,28.284632],[77.582885,28.284183],[77.583105,28.284179],[77.583115,28.284627]]]},"properties":{"objectid":23589,"uniqueplotid":"PLNGRESIDENTIAL23589","plotmap_id":"SECTOR-20_405_D_RESI","plotidentificationnumber":"405","plotno":"405","industrysector":"SECTOR-20","block":"D","plotsize":"1000 SQMT","plotsize_at_the_time_of_allotme":"1000 SQMT","landuse_type":"RESIDENTIAL","landuse_subcategory":"RESIDENTIAL","scheme_cod":"RES01","investment":0,"employment":0,"plotstatus":"Allotted","landallotementstatus":"SOLD","landallotementtype":"ALLOTTED","allotmentid":"YEA001606","village_name":"Niloni Sahapura","khasra_no":"842,843","longitude":77.58299813,"latitude":28.28440621,"authority":"YEIDA","category":"residential","execution_stage":"allotted"}},{"type":"Feature","geometry":{"type":"Polygon","coordinates":[[[77.583754,28.284071],[77.583245,28.284083],[77.583241,28.283902],[77.583749,28.283891],[77.583754,28.284071]]]},"properties":{"objectid":23608,"uniqueplotid":"PLNGRESIDENTIAL23608","plotmap_id":"SECTOR-20_411_D_RESI","plotidentificationnumber":"411","plotno":"411","industrysector":"SECTOR-20","block":"D","plotsize":"1000 SQMT","plotsize_at_the_time_of_allotme":"1000 SQMT","landuse_type":"RESIDENTIAL","landuse_subcategory":"RESIDENTIAL","scheme_cod":"RES01","investment":0,"employment":0,"plotstatus":"Allotted","landallotementstatus":"SOLD","landallotementtype":"ALLOTTED","allotmentid":"YEA001204","lease_deed":"Y","lease_deed_date":1704825000000,"village_name":"Niloni Sahapura","khasra_no":"843,848","longitude":77.58349718,"latitude":28.283986719999998,"authority":"YEIDA","category":"residential","execution_stage":"lease-recorded"}},{"type":"Feature","geometry":{"type":"Polygon","coordinates":[[[77.583749,28.283891],[77.583241,28.283902],[77.583236,28.283722],[77.583745,28.283711],[77.583749,28.283891]]]},"properties":{"objectid":23609,"uniqueplotid":"PLNGRESIDENTIAL23609","plotmap_id":"SECTOR-20_412_D_RESI","plotidentificationnumber":"412","plotno":"412","industrysector":"SECTOR-20","block":"D","plotsize":"1000 SQMT","plotsize_at_the_time_of_allotme":"1000 SQMT","landuse_type":"RESIDENTIAL","landuse_subcategory":"RESIDENTIAL","scheme_cod":"RES01","investment":0,"employment":0,"plotstatus":"Allotted","landallotementstatus":"SOLD","landallotementtype":"ALLOTTED","allotmentid":"YEA001511","lease_deed":"Y","lease_deed_date":1719426600000,"village_name":"Niloni Sahapura","khasra_no":"849,843,848,854","longitude":77.58349258999999,"latitude":28.28380657,"authority":"YEIDA","category":"residential","execution_stage":"lease-recorded"}},{"type":"Feature","geometry":{"type":"Polygon","coordinates":[[[77.583745,28.283711],[77.583236,28.283722],[77.583231,28.283542],[77.58374,28.283531],[77.583745,28.283711]]]},"properties":{"objectid":23610,"uniqueplotid":"PLNGRESIDENTIAL23610","plotmap_id":"SECTOR-20_413_D_RESI","plotidentificationnumber":"413","plotno":"413","industrysector":"SECTOR-20","block":"D","plotsize":"1000 SQMT","plotsize_at_the_time_of_allotme":"1000 SQMT","landuse_type":"RESIDENTIAL","landuse_subcategory":"RESIDENTIAL","scheme_cod":"RES01","investment":0,"employment":0,"plotstatus":"Allotted","landallotementstatus":"SOLD","landallotementtype":"ALLOTTED","allotmentid":"YEA001267","village_name":"Niloni Sahapura","khasra_no":"852,851,849,848,854","longitude":77.583488,"latitude":28.28362642,"authority":"YEIDA","category":"residential","execution_stage":"allotted"}},{"type":"Feature","geometry":{"type":"Polygon","coordinates":[[[77.58374,28.283531],[77.583231,28.283542],[77.583227,28.283362],[77.583735,28.28335],[77.58374,28.283531]]]},"properties":{"objectid":23611,"uniqueplotid":"PLNGRESIDENTIAL23611","plotmap_id":"SECTOR-20_414_D_RESI","plotidentificationnumber":"414","plotno":"414","industrysector":"SECTOR-20","block":"D","plotsize":"1000 SQMT","plotsize_at_the_time_of_allotme":"1000 SQMT","landuse_type":"RESIDENTIAL","landuse_subcategory":"RESIDENTIAL","scheme_cod":"RRPS04","investment":0,"employment":0,"plotstatus":"Allotted","landallotementstatus":"SOLD","landallotementtype":"ALLOTTED","allotmentid":"RRPS041968","village_name":"Niloni Sahapura","khasra_no":"852,851,849,850,848,854","longitude":77.58348341,"latitude":28.28344627,"authority":"YEIDA","category":"residential","execution_stage":"allotted"}},{"type":"Feature","geometry":{"type":"Polygon","coordinates":[[[77.587118,28.281895],[77.586873,28.281956],[77.58684,28.281852],[77.587086,28.281791],[77.587118,28.281895]]]},"properties":{"objectid":23798,"uniqueplotid":"PLNGRESIDENTIAL23798","plotmap_id":"SECTOR-20_568_O_RESI","plotidentificationnumber":"568","plotno":"568","industrysector":"SECTOR-20","block":"O","plotsize":"300 SQMT","plotsize_at_the_time_of_allotme":"300 SQMT","landuse_type":"RESIDENTIAL","landuse_subcategory":"RESIDENTIAL","scheme_cod":"RES01","investment":0,"employment":0,"plotstatus":"Allotted","landallotementstatus":"SOLD","landallotementtype":"ALLOTTED","allotmentid":"YEA005439","lease_deed":"Y","lease_deed_date":1578594600000,"village_name":"Niloni Sahapura","khasra_no":"1038","longitude":77.58697919,"latitude":28.28187338,"authority":"YEIDA","category":"residential","execution_stage":"lease-recorded"}},{"type":"Feature","geometry":{"type":"Polygon","coordinates":[[[77.587151,28.281999],[77.586905,28.28206],[77.586873,28.281956],[77.587118,28.281895],[77.587151,28.281999]]]},"properties":{"objectid":23799,"uniqueplotid":"PLNGRESIDENTIAL23799","plotmap_id":"SECTOR-20_569_O_RESI","plotidentificationnumber":"569","plotno":"569","industrysector":"SECTOR-20","block":"O","plotsize":"300 SQMT","plotsize_at_the_time_of_allotme":"300 SQMT","landuse_type":"RESIDENTIAL","landuse_subcategory":"RESIDENTIAL","scheme_cod":"RES01","investment":0,"employment":0,"plotstatus":"Allotted","landallotementstatus":"SOLD","landallotementtype":"ALLOTTED","allotmentid":"YEA020929","lease_deed":"Y","lease_deed_date":1582482600000,"village_name":"Niloni Sahapura","khasra_no":"1033,1038,1027,1034","longitude":77.5870117,"latitude":28.28197752,"authority":"YEIDA","category":"residential","execution_stage":"lease-recorded"}},{"type":"Feature","geometry":{"type":"Polygon","coordinates":[[[77.587183,28.282103],[77.586938,28.282164],[77.586905,28.28206],[77.587151,28.281999],[77.587183,28.282103]]]},"properties":{"objectid":23800,"uniqueplotid":"PLNGRESIDENTIAL23800","plotmap_id":"SECTOR-20_570_O_RESI","plotidentificationnumber":"570","plotno":"570","industrysector":"SECTOR-20","block":"O","plotsize":"300 SQMT","plotsize_at_the_time_of_allotme":"300 SQMT","landuse_type":"RESIDENTIAL","landuse_subcategory":"RESIDENTIAL","scheme_cod":"RES01","investment":0,"employment":0,"plotstatus":"Allotted","landallotementstatus":"SOLD","landallotementtype":"ALLOTTED","allotmentid":"YEA014000","village_name":"Niloni Sahapura","khasra_no":"1026,1033,1027,1034","longitude":77.58704420000001,"latitude":28.28208165,"authority":"YEIDA","category":"residential","execution_stage":"allotted"}},{"type":"Feature","geometry":{"type":"Polygon","coordinates":[[[77.587632,28.283226],[77.587515,28.283255],[77.587447,28.283038],[77.587565,28.283009],[77.587632,28.283226]]]},"properties":{"objectid":23801,"uniqueplotid":"PLNGRESIDENTIAL23801","plotmap_id":"SECTOR-20_506_O_RESI","plotidentificationnumber":"506","plotno":"506","industrysector":"SECTOR-20","block":"O","plotsize":"300 SQMT","plotsize_at_the_time_of_allotme":"300 SQMT","landuse_type":"RESIDENTIAL","landuse_subcategory":"RESIDENTIAL","scheme_cod":"RES01","investment":0,"employment":0,"plotstatus":"Allotted","landallotementstatus":"SOLD","landallotementtype":"ALLOTTED","allotmentid":"YEA017758","lease_deed":"Y","lease_deed_date":1674585000000,"village_name":"Niloni Sahapura","khasra_no":"1024","longitude":77.5875396,"latitude":28.28313232,"authority":"YEIDA","category":"residential","execution_stage":"lease-recorded"}},{"type":"Feature","geometry":{"type":"Polygon","coordinates":[[[77.5878,28.282951],[77.587682,28.28298],[77.587615,28.282763],[77.587732,28.282734],[77.5878,28.282951]]]},"properties":{"objectid":23802,"uniqueplotid":"PLNGRESIDENTIAL23802","plotmap_id":"SECTOR-20_515_O_RESI","plotidentificationnumber":"515","plotno":"515","industrysector":"SECTOR-20","block":"O","plotsize":"300 SQMT","plotsize_at_the_time_of_allotme":"300 SQMT","landuse_type":"RESIDENTIAL","landuse_subcategory":"RESIDENTIAL","scheme_cod":"RES01","investment":0,"employment":0,"plotstatus":"Allotted","landallotementstatus":"SOLD","landallotementtype":"ALLOTTED","allotmentid":"YEA008109","lease_deed":"Y","lease_deed_date":1577385000000,"village_name":"Niloni Sahapura","khasra_no":"1024","longitude":77.58770733,"latitude":28.282857170000003,"authority":"YEIDA","category":"residential","execution_stage":"lease-recorded"}},{"type":"Feature","geometry":{"type":"Polygon","coordinates":[[[77.587682,28.28298],[77.587565,28.283009],[77.587497,28.282792],[77.587615,28.282763],[77.587682,28.28298]]]},"properties":{"objectid":23803,"uniqueplotid":"PLNGRESIDENTIAL23803","plotmap_id":"SECTOR-20_516_O_RESI","plotidentificationnumber":"516","plotno":"516","industrysector":"SECTOR-20","block":"O","plotsize":"300 SQMT","plotsize_at_the_time_of_allotme":"300 SQMT","landuse_type":"RESIDENTIAL","landuse_subcategory":"RESIDENTIAL","scheme_cod":"RES01","investment":0,"employment":0,"plotstatus":"Allotted","landallotementstatus":"SOLD","landallotementtype":"ALLOTTED","allotmentid":"YEA012872","lease_deed":"Y","lease_deed_date":1574793000000,"village_name":"Niloni Sahapura","khasra_no":"1024","longitude":77.58758961000001,"latitude":28.282886270000002,"authority":"YEIDA","category":"residential","execution_stage":"lease-recorded"}},{"type":"Feature","geometry":{"type":"Polygon","coordinates":[[[77.587565,28.283009],[77.587447,28.283038],[77.587379,28.282821],[77.587497,28.282792],[77.587565,28.283009]]]},"properties":{"objectid":23804,"uniqueplotid":"PLNGRESIDENTIAL23804","plotmap_id":"SECTOR-20_517_O_RESI","plotidentificationnumber":"517","plotno":"517","industrysector":"SECTOR-20","block":"O","plotsize":"300 SQMT","plotsize_at_the_time_of_allotme":"300 SQMT","landuse_type":"RESIDENTIAL","landuse_subcategory":"RESIDENTIAL","scheme_cod":"RRPS04","investment":0,"employment":0,"plotstatus":"Allotted","landallotementstatus":"SOLD","landallotementtype":"ALLOTTED","allotmentid":"RRPS041717","village_name":"Niloni Sahapura","khasra_no":"1024","longitude":77.58747188,"latitude":28.28291537,"authority":"YEIDA","category":"residential","execution_stage":"allotted"}},{"type":"Feature","geometry":{"type":"Polygon","coordinates":[[[77.585354,28.279045],[77.585192,28.279087],[77.585107,28.278827],[77.585269,28.278785],[77.585354,28.279045]]]},"properties":{"objectid":29477,"uniqueplotid":"PLNGRESIDENTIAL29477","plotmap_id":"SECTOR-20_1A_Q_RESI","plotidentificationnumber":"1A","plotno":"1A","industrysector":"SECTOR-20","block":"Q","plotsize":"500 SQMT","landuse_type":"RESIDENTIAL","landuse_subcategory":"RESIDENTIAL","investment":0,"employment":0,"landallotementstatus":"VACANT","landallotementtype":"VACANT","village_name":"Rustampur","khasra_no":"328,329,334,327","longitude":77.58523021,"latitude":28.27893583,"authority":"YEIDA","category":"residential","execution_stage":"vacant"}},{"type":"Feature","geometry":{"type":"Polygon","coordinates":[[[77.585192,28.279087],[77.585029,28.279129],[77.584944,28.278869],[77.585107,28.278827],[77.585192,28.279087]]]},"properties":{"objectid":29492,"uniqueplotid":"PLNGRESIDENTIAL29492","plotmap_id":"SECTOR-20_1_Q_RESI","plotidentificationnumber":"1","plotno":"1","industrysector":"SECTOR-20","block":"Q","plotsize":"500 SQMT","plotsize_at_the_time_of_allotme":"500 SQMT","landuse_type":"RESIDENTIAL","landuse_subcategory":"RESIDENTIAL","scheme_cod":"RES01","investment":0,"employment":0,"plotstatus":"Allotted","landallotementstatus":"SOLD","landallotementtype":"ALLOTTED","allotmentid":"YEA002171","village_name":"Rustampur","khasra_no":"325,328,329,327","longitude":77.58506790999999,"latitude":28.27897796,"authority":"YEIDA","category":"residential","execution_stage":"allotted"}},{"type":"Feature","geometry":{"type":"Polygon","coordinates":[[[77.585678,28.27896],[77.585516,28.279003],[77.585431,28.278743],[77.585593,28.278701],[77.585678,28.27896]]]},"properties":{"objectid":29493,"uniqueplotid":"PLNGRESIDENTIAL29493","plotmap_id":"SECTOR-20_2_Q_RESI","plotidentificationnumber":"2","plotno":"2","industrysector":"SECTOR-20","block":"Q","plotsize":"500 SQMT","plotsize_at_the_time_of_allotme":"500 SQMT","landuse_type":"RESIDENTIAL","landuse_subcategory":"RESIDENTIAL","scheme_cod":"RES01","investment":0,"employment":0,"plotstatus":"Allotted","landallotementstatus":"SOLD","landallotementtype":"ALLOTTED","allotmentid":"YEA002929","village_name":"Rustampur","khasra_no":"327","longitude":77.58555477,"latitude":28.278851590000002,"authority":"YEIDA","category":"residential","execution_stage":"allotted"}},{"type":"Feature","geometry":{"type":"Polygon","coordinates":[[[77.585841,28.278918],[77.585678,28.27896],[77.585593,28.278701],[77.585756,28.278658],[77.585841,28.278918]]]},"properties":{"objectid":29787,"uniqueplotid":"PLNGRESIDENTIAL29787","plotmap_id":"SECTOR-20_3_Q_RESI","plotidentificationnumber":"3","plotno":"3","industrysector":"SECTOR-20","block":"Q","plotsize":"500 SQMT","plotsize_at_the_time_of_allotme":"500 SQMT","landuse_type":"RESIDENTIAL","landuse_subcategory":"RESIDENTIAL","scheme_cod":"RES01","investment":0,"employment":0,"plotstatus":"Allotted","landallotementstatus":"SOLD","landallotementtype":"ALLOTTED","allotmentid":"YEA002363","village_name":"Rustampur","khasra_no":"327","longitude":77.58571693,"latitude":28.27880945,"authority":"YEIDA","category":"residential","execution_stage":"allotted"}},{"type":"Feature","geometry":{"type":"Polygon","coordinates":[[[77.585756,28.278658],[77.585918,28.278616],[77.586003,28.278876],[77.585841,28.278918],[77.585756,28.278658]]]},"properties":{"objectid":29788,"uniqueplotid":"PLNGRESIDENTIAL29788","plotmap_id":"SECTOR-20_4_Q_RESI","plotidentificationnumber":"4","plotno":"4","industrysector":"SECTOR-20","block":"Q","plotsize":"500 SQMT","plotsize_at_the_time_of_allotme":"500 SQMT","landuse_type":"RESIDENTIAL","landuse_subcategory":"RESIDENTIAL","scheme_cod":"RES01","investment":0,"employment":0,"plotstatus":"Allotted","landallotementstatus":"SOLD","landallotementtype":"ALLOTTED","allotmentid":"YEA001881","village_name":"Rustampur","khasra_no":"327","longitude":77.58587922000001,"latitude":28.27876733,"authority":"YEIDA","category":"residential","execution_stage":"allotted"}},{"type":"Feature","geometry":{"type":"Polygon","coordinates":[[[77.586165,28.278834],[77.586003,28.278876],[77.585918,28.278616],[77.58608,28.278574],[77.586165,28.278834]]]},"properties":{"objectid":29789,"uniqueplotid":"PLNGRESIDENTIAL29789","plotmap_id":"SECTOR-20_5_Q_RESI","plotidentificationnumber":"5","plotno":"5","industrysector":"SECTOR-20","block":"Q","plotsize":"500 SQMT","plotsize_at_the_time_of_allotme":"500 SQMT","landuse_type":"RESIDENTIAL","landuse_subcategory":"RESIDENTIAL","scheme_cod":"RES01","investment":0,"employment":0,"plotstatus":"Allotted","landallotementstatus":"SOLD","landallotementtype":"ALLOTTED","allotmentid":"YEA002487","village_name":"Rustampur","khasra_no":"327","longitude":77.58604146,"latitude":28.27872519,"authority":"YEIDA","category":"residential","execution_stage":"allotted"}},{"type":"Feature","geometry":{"type":"Polygon","coordinates":[[[77.58649,28.27875],[77.586327,28.278792],[77.586242,28.278532],[77.586405,28.278491],[77.58649,28.27875]]]},"properties":{"objectid":29790,"uniqueplotid":"PLNGRESIDENTIAL29790","plotmap_id":"SECTOR-20_7_Q_RESI","plotidentificationnumber":"7","plotno":"7","industrysector":"SECTOR-20","block":"Q","plotsize":"500 SQMT","plotsize_at_the_time_of_allotme":"500 SQMT","landuse_type":"RESIDENTIAL","landuse_subcategory":"RESIDENTIAL","scheme_cod":"RES01","investment":0,"employment":0,"plotstatus":"Allotted","landallotementstatus":"SOLD","landallotementtype":"ALLOTTED","allotmentid":"YEA002239","village_name":"Rustampur","khasra_no":"346,345,327","longitude":77.58636603,"latitude":28.27864106,"authority":"YEIDA","category":"residential","execution_stage":"allotted"}},{"type":"Feature","geometry":{"type":"Polygon","coordinates":[[[77.586814,28.278666],[77.586652,28.278708],[77.586567,28.278448],[77.58673,28.278405],[77.586814,28.278666]]]},"properties":{"objectid":29791,"uniqueplotid":"PLNGRESIDENTIAL29791","plotmap_id":"SECTOR-20_9_Q_RESI","plotidentificationnumber":"9","plotno":"9","industrysector":"SECTOR-20","block":"Q","plotsize":"500 SQMT","plotsize_at_the_time_of_allotme":"500 SQMT","landuse_type":"RESIDENTIAL","landuse_subcategory":"RESIDENTIAL","scheme_cod":"RES01","investment":0,"employment":0,"plotstatus":"Allotted","landallotementstatus":"SOLD","landallotementtype":"ALLOTTED","allotmentid":"YEA003710","village_name":"Rustampur","khasra_no":"346","longitude":77.58669059,"latitude":28.27855659,"authority":"YEIDA","category":"residential","execution_stage":"allotted"}},{"type":"Feature","geometry":{"type":"Polygon","coordinates":[[[77.587139,28.278581],[77.586977,28.278623],[77.586891,28.278364],[77.587053,28.278322],[77.587139,28.278581]]]},"properties":{"objectid":29792,"uniqueplotid":"PLNGRESIDENTIAL29792","plotmap_id":"SECTOR-20_11_Q_RESI","plotidentificationnumber":"11","plotno":"11","industrysector":"SECTOR-20","block":"Q","plotsize":"500 SQMT","plotsize_at_the_time_of_allotme":"500 SQMT","landuse_type":"RESIDENTIAL","landuse_subcategory":"RESIDENTIAL","scheme_cod":"RES01","investment":0,"employment":0,"plotstatus":"Allotted","landallotementstatus":"SOLD","landallotementtype":"ALLOTTED","allotmentid":"YEA003343","village_name":"Rustampur","khasra_no":"346,347","longitude":77.5870149,"latitude":28.278472450000002,"authority":"YEIDA","category":"residential","execution_stage":"allotted"}},{"type":"Feature","geometry":{"type":"Polygon","coordinates":[[[77.58424,28.283159],[77.583731,28.28317],[77.583726,28.28299],[77.584235,28.282979],[77.58424,28.283159]]]},"properties":{"objectid":30176,"uniqueplotid":"PLNGRESIDENTIAL30176","plotmap_id":"SECTOR-20_423_D_RESI","plotidentificationnumber":"423","plotno":"423","industrysector":"SECTOR-20","block":"D","plotsize":"1000 SQMT","plotsize_at_the_time_of_allotme":"1000 SQMT","landuse_type":"RESIDENTIAL","landuse_subcategory":"RESIDENTIAL","scheme_cod":"RES01","investment":0,"employment":0,"plotstatus":"Allotted","landallotementstatus":"SOLD","landallotementtype":"ALLOTTED","allotmentid":"YEA001323","village_name":"Niloni Sahapura","khasra_no":"866,867,880,879,850","longitude":77.58398299,"latitude":28.28307441,"authority":"YEIDA","category":"residential","execution_stage":"allotted"}},{"type":"Feature","geometry":{"type":"Polygon","coordinates":[[[77.586437,28.283054],[77.586307,28.283087],[77.586274,28.282983],[77.586764,28.282861],[77.586888,28.282849],[77.588045,28.282563],[77.588086,28.282647],[77.586437,28.283054]]]},"properties":{"objectid":30447,"uniqueplotid":"PLNGRESIDENTIAL30447","plotmap_id":"SECTOR-20_556_O_RESI","plotidentificationnumber":"556","plotno":"556","industrysector":"SECTOR-20","block":"O","plotsize":"300 SQMT","plotsize_at_the_time_of_allotme":"300 SQMT","landuse_type":"RESIDENTIAL","landuse_subcategory":"RESIDENTIAL","scheme_cod":"RES01","investment":0,"employment":0,"plotstatus":"Allotted","landallotementstatus":"SOLD","landallotementtype":"ALLOTTED","allotmentid":"YEA006569","village_name":"Niloni Sahapura","khasra_no":"1025,1024,1023","longitude":77.58716116000001,"latitude":28.28282871,"authority":"YEIDA","category":"residential","execution_stage":"allotted"}},{"type":"Feature","geometry":{"type":"Polygon","coordinates":[[[77.582683,28.284187],[77.58269,28.284636],[77.582501,28.284639],[77.582491,28.284191],[77.582683,28.284187]]]},"properties":{"objectid":30627,"uniqueplotid":"PLNGRESIDENTIAL30627","plotmap_id":"SECTOR-20_407_D_RESI","plotidentificationnumber":"407","plotno":"407","industrysector":"SECTOR-20","block":"D","plotsize":"1000 SQMT","plotsize_at_the_time_of_allotme":"1000 SQMT","landuse_type":"RESIDENTIAL","landuse_subcategory":"RESIDENTIAL","scheme_cod":"RES01","investment":0,"employment":0,"plotstatus":"Allotted","landallotementstatus":"SOLD","landallotementtype":"ALLOTTED","allotmentid":"YEA000439","lease_deed":"Y","lease_deed_date":1647369000000,"village_name":"Niloni Sahapura","khasra_no":"812,813,829,842,841","longitude":77.58259088,"latitude":28.28441312,"authority":"YEIDA","category":"residential","execution_stage":"lease-recorded"}},{"type":"Feature","geometry":{"type":"Polygon","coordinates":[[[77.582885,28.284183],[77.582884,28.284632],[77.58269,28.284636],[77.582683,28.284187],[77.582885,28.284183]]]},"properties":{"objectid":30628,"uniqueplotid":"PLNGRESIDENTIAL30628","plotmap_id":"SECTOR-20_406_D_RESI","plotidentificationnumber":"406","plotno":"406","industrysector":"SECTOR-20","block":"D","plotsize":"1000 SQMT","plotsize_at_the_time_of_allotme":"1000 SQMT","landuse_type":"RESIDENTIAL","landuse_subcategory":"RESIDENTIAL","scheme_cod":"RES01","investment":0,"employment":0,"plotstatus":"Allotted","landallotementstatus":"SOLD","landallotementtype":"ALLOTTED","allotmentid":"YEA000785","village_name":"Niloni Sahapura","khasra_no":"842,843,841","longitude":77.58278440000001,"latitude":28.28440879,"authority":"YEIDA","category":"residential","execution_stage":"allotted"}},{"type":"Feature","geometry":{"type":"Polygon","coordinates":[[[77.582683,28.284187],[77.582491,28.284191],[77.582481,28.283743],[77.582676,28.283739],[77.582683,28.284187]]]},"properties":{"objectid":30629,"uniqueplotid":"PLNGRESIDENTIAL30629","plotmap_id":"SECTOR-20_402_D_RESI","plotidentificationnumber":"402","plotno":"402","industrysector":"SECTOR-20","block":"D","plotsize":"1000 SQMT","plotsize_at_the_time_of_allotme":"1000 SQMT","landuse_type":"RESIDENTIAL","landuse_subcategory":"RESIDENTIAL","scheme_cod":"RES01","investment":0,"employment":0,"plotstatus":"Allotted","landallotementstatus":"SOLD","landallotementtype":"ALLOTTED","allotmentid":"YEA001412","lease_deed":"Y","lease_deed_date":1569781800000,"village_name":"Niloni Sahapura","khasra_no":"841","longitude":77.58258252,"latitude":28.28396488,"authority":"YEIDA","category":"residential","execution_stage":"lease-recorded"}},{"type":"Feature","geometry":{"type":"Polygon","coordinates":[[[77.582885,28.284183],[77.582683,28.284187],[77.582676,28.283739],[77.582886,28.283735],[77.582885,28.284183]]]},"properties":{"objectid":30630,"uniqueplotid":"PLNGRESIDENTIAL30630","plotmap_id":"SECTOR-20_403_D_RESI","plotidentificationnumber":"403","plotno":"403","industrysector":"SECTOR-20","block":"D","plotsize":"1000 SQMT","plotsize_at_the_time_of_allotme":"1000 SQMT","landuse_type":"RESIDENTIAL","landuse_subcategory":"RESIDENTIAL","scheme_cod":"RES01","investment":0,"employment":0,"plotstatus":"Allotted","landallotementstatus":"SOLD","landallotementtype":"ALLOTTED","allotmentid":"YEA001562","lease_deed":"Y","lease_deed_date":1648060200000,"village_name":"Niloni Sahapura","khasra_no":"842,843,841","longitude":77.58278149,"latitude":28.28396047,"authority":"YEIDA","category":"residential","execution_stage":"lease-recorded"}},{"type":"Feature","geometry":{"type":"Polygon","coordinates":[[[77.583105,28.284179],[77.582885,28.284183],[77.582886,28.283735],[77.583095,28.283731],[77.583105,28.284179]]]},"properties":{"objectid":30631,"uniqueplotid":"PLNGRESIDENTIAL30631","plotmap_id":"SECTOR-20_404_D_RESI","plotidentificationnumber":"404","plotno":"404","industrysector":"SECTOR-20","block":"D","plotsize":"1000 SQMT","plotsize_at_the_time_of_allotme":"1000 SQMT","landuse_type":"RESIDENTIAL","landuse_subcategory":"RESIDENTIAL","scheme_cod":"RES01","investment":0,"employment":0,"plotstatus":"Allotted","landallotementstatus":"SOLD","landallotementtype":"ALLOTTED","allotmentid":"YEA001599","village_name":"Niloni Sahapura","khasra_no":"843,841","longitude":77.58299364,"latitude":28.28395793,"authority":"YEIDA","category":"residential","execution_stage":"allotted"}},{"type":"Feature","geometry":{"type":"Polygon","coordinates":[[[77.586327,28.278792],[77.586165,28.278834],[77.58608,28.278574],[77.586242,28.278532],[77.586327,28.278792]]]},"properties":{"objectid":30750,"uniqueplotid":"PLNGRESIDENTIAL30750","plotmap_id":"SECTOR-20_6_Q_RESI","plotidentificationnumber":"6","plotno":"6","industrysector":"SECTOR-20","block":"Q","plotsize":"500 SQMT","plotsize_at_the_time_of_allotme":"500 SQMT","landuse_type":"RESIDENTIAL","landuse_subcategory":"RESIDENTIAL","scheme_cod":"RES01","investment":0,"employment":0,"plotstatus":"Allotted","landallotementstatus":"SOLD","landallotementtype":"ALLOTTED","allotmentid":"YEA002051","village_name":"Rustampur","khasra_no":"345,327","longitude":77.58620375000001,"latitude":28.27868305,"authority":"YEIDA","category":"residential","execution_stage":"allotted"}},{"type":"Feature","geometry":{"type":"Polygon","coordinates":[[[77.586403,28.27849],[77.586567,28.278448],[77.586652,28.278708],[77.58649,28.27875],[77.586403,28.27849]]]},"properties":{"objectid":30751,"uniqueplotid":"PLNGRESIDENTIAL30751","plotmap_id":"SECTOR-20_8_Q_RESI","plotidentificationnumber":"8","plotno":"8","industrysector":"SECTOR-20","block":"Q","plotsize":"500 SQMT","plotsize_at_the_time_of_allotme":"500 SQMT","landuse_type":"RESIDENTIAL","landuse_subcategory":"RESIDENTIAL","scheme_cod":"RES01","investment":0,"employment":0,"plotstatus":"Allotted","landallotementstatus":"SOLD","landallotementtype":"ALLOTTED","allotmentid":"YEA003115","village_name":"Rustampur","khasra_no":"346","longitude":77.58652778,"latitude":28.27859878,"authority":"YEIDA","category":"residential","execution_stage":"allotted"}},{"type":"Feature","geometry":{"type":"Polygon","coordinates":[[[77.586977,28.278623],[77.586814,28.278666],[77.58673,28.278405],[77.586891,28.278364],[77.586977,28.278623]]]},"properties":{"objectid":30752,"uniqueplotid":"PLNGRESIDENTIAL30752","plotmap_id":"SECTOR-20_10_Q_RESI","plotidentificationnumber":"10","plotno":"10","industrysector":"SECTOR-20","block":"Q","plotsize":"500 SQMT","plotsize_at_the_time_of_allotme":"500 SQMT","landuse_type":"RESIDENTIAL","landuse_subcategory":"RESIDENTIAL","scheme_cod":"RES01","investment":0,"employment":0,"plotstatus":"Allotted","landallotementstatus":"SOLD","landallotementtype":"ALLOTTED","allotmentid":"YEA003702","village_name":"Rustampur","khasra_no":"346","longitude":77.58685301,"latitude":28.278514610000002,"authority":"YEIDA","category":"residential","execution_stage":"allotted"}}]}
