{"type":"FeatureCollection","features":[{"type":"Feature","geometry":{"type":"Polygon","coordinates":[[[77.58144,28.313423],[77.581319,28.313426],[77.581311,28.313199],[77.581432,28.313196],[77.58144,28.313423]]]},"properties":{"objectid":9221,"uniqueplotid":"PLNGRESIDENTIAL9221","plotmap_id":"SECTOR-18_155_3C_RESI","plotidentificationnumber":"155","plotno":"155","industrysector":"SECTOR-18","block":"3C","plotsize":"300 SQMT","plotsize_at_the_time_of_allotme":"300 SQMT","landuse_type":"RESIDENTIAL","landuse_subcategory":"RESIDENTIAL","scheme_cod":"RES01","investment":0,"employment":0,"plotstatus":"Allotted","landallotementstatus":"SOLD","landallotementtype":"ALLOTTED","allotmentid":"YEA005092","village_name":"Achheja Bujurg","khasra_no":"951","longitude":77.58137573,"latitude":28.31331093,"authority":"YEIDA","category":"residential","execution_stage":"allotted"}},{"type":"Feature","geometry":{"type":"Polygon","coordinates":[[[77.582176,28.313405],[77.582054,28.313408],[77.582046,28.313182],[77.582169,28.313179],[77.582176,28.313405]]]},"properties":{"objectid":9222,"uniqueplotid":"PLNGRESIDENTIAL9222","plotmap_id":"SECTOR-18_149_3C_RESI","plotidentificationnumber":"149","plotno":"149","industrysector":"SECTOR-18","block":"3C","plotsize":"300 SQMT","plotsize_at_the_time_of_allotme":"300 SQMT","landuse_type":"RESIDENTIAL","landuse_subcategory":"RESIDENTIAL","scheme_cod":"RES01","investment":0,"employment":0,"plotstatus":"Allotted","landallotementstatus":"SOLD","landallotementtype":"ALLOTTED","allotmentid":"YEA012854","village_name":"Achheja Bujurg","khasra_no":"961","longitude":77.58211127,"latitude":28.31329349,"authority":"YEIDA","category":"residential","execution_stage":"allotted"}},{"type":"Feature","geometry":{"type":"Polygon","coordinates":[[[77.581196,28.313429],[77.581074,28.313432],[77.581066,28.313205],[77.581189,28.313202],[77.581196,28.313429]]]},"properties":{"objectid":9224,"uniqueplotid":"PLNGRESIDENTIAL9224","plotmap_id":"SECTOR-18_157_3C_RESI","plotidentificationnumber":"157","plotno":"157","industrysector":"SECTOR-18","block":"3C","plotsize":"300 SQMT","plotsize_at_the_time_of_allotme":"300 SQMT","landuse_type":"RESIDENTIAL","landuse_subcategory":"RESIDENTIAL","scheme_cod":"RES01","investment":0,"employment":0,"plotstatus":"Allotted","landallotementstatus":"SOLD","landallotementtype":"ALLOTTED","allotmentid":"YEA009801","village_name":"Achheja Bujurg","khasra_no":"951","longitude":77.58113115,"latitude":28.31331664,"authority":"YEIDA","category":"residential","execution_stage":"allotted"}},{"type":"Feature","geometry":{"type":"Polygon","coordinates":[[[77.580651,28.312485],[77.580529,28.312488],[77.580522,28.312261],[77.580643,28.312258],[77.580651,28.312485]]]},"properties":{"objectid":9317,"uniqueplotid":"PLNGRESIDENTIAL9317","plotmap_id":"SECTOR-18_96_3C_RESI","plotidentificationnumber":"96","plotno":"96","industrysector":"SECTOR-18","block":"3C","plotsize":"300 SQMT","plotsize_at_the_time_of_allotme":"300 SQMT","landuse_type":"RESIDENTIAL","landuse_subcategory":"RESIDENTIAL","scheme_cod":"RES01","investment":0,"employment":0,"plotstatus":"Allotted","landallotementstatus":"SOLD","landallotementtype":"ALLOTTED","allotmentid":"YEA016286","lease_deed":"Y","lease_deed_date":1577385000000,"village_name":"Achheja Bujurg","khasra_no":"959","longitude":77.58058646,"latitude":28.31237295,"authority":"YEIDA","category":"residential","execution_stage":"lease-recorded"}},{"type":"Feature","geometry":{"type":"Polygon","coordinates":[[[77.580773,28.312481],[77.580651,28.312485],[77.580643,28.312258],[77.580765,28.312255],[77.580773,28.312481]]]},"properties":{"objectid":9318,"uniqueplotid":"PLNGRESIDENTIAL9318","plotmap_id":"SECTOR-18_97_3C_RESI","plotidentificationnumber":"97","plotno":"97","industrysector":"SECTOR-18","block":"3C","plotsize":"300 SQMT","plotsize_at_the_time_of_allotme":"300 SQMT","landuse_type":"RESIDENTIAL","landuse_subcategory":"RESIDENTIAL","scheme_cod":"RES01","investment":0,"employment":0,"plotstatus":"Allotted","landallotementstatus":"SOLD","landallotementtype":"ALLOTTED","allotmentid":"YEA013343","village_name":"Achheja Bujurg","khasra_no":"959,960","longitude":77.58070821999999,"latitude":28.31236994,"authority":"YEIDA","category":"residential","execution_stage":"allotted"}},{"type":"Feature","geometry":{"type":"Polygon","coordinates":[[[77.580897,28.312478],[77.580773,28.312481],[77.580765,28.312255],[77.58089,28.312253],[77.580897,28.312478]]]},"properties":{"objectid":9319,"uniqueplotid":"PLNGRESIDENTIAL9319","plotmap_id":"SECTOR-18_98_3C_RESI","plotidentificationnumber":"98","plotno":"98","industrysector":"SECTOR-18","block":"3C","plotsize":"300 SQMT","plotsize_at_the_time_of_allotme":"300 SQMT","landuse_type":"RESIDENTIAL","landuse_subcategory":"RESIDENTIAL","scheme_cod":"RES01","investment":0,"employment":0,"plotstatus":"Allotted","landallotementstatus":"SOLD","landallotementtype":"ALLOTTED","allotmentid":"YEA005584","village_name":"Achheja Bujurg","khasra_no":"959,960,962","longitude":77.58083121,"latitude":28.31236689,"authority":"YEIDA","category":"residential","execution_stage":"allotted"}},{"type":"Feature","geometry":{"type":"Polygon","coordinates":[[[77.581019,28.312475],[77.580897,28.312478],[77.58089,28.312253],[77.581012,28.31225],[77.581019,28.312475]]]},"properties":{"objectid":9320,"uniqueplotid":"PLNGRESIDENTIAL9320","plotmap_id":"SECTOR-18_99_3C_RESI","plotidentificationnumber":"99","plotno":"99","industrysector":"SECTOR-18","block":"3C","plotsize":"300 SQMT","plotsize_at_the_time_of_allotme":"300 SQMT","landuse_type":"RESIDENTIAL","landuse_subcategory":"RESIDENTIAL","scheme_cod":"RES01","investment":0,"employment":0,"plotstatus":"Allotted","landallotementstatus":"SOLD","landallotementtype":"ALLOTTED","allotmentid":"YEA020671","village_name":"Achheja Bujurg","khasra_no":"959,960,951,962","longitude":77.58095447,"latitude":28.31236398,"authority":"YEIDA","category":"residential","execution_stage":"allotted"}},{"type":"Feature","geometry":{"type":"Polygon","coordinates":[[[77.581142,28.312472],[77.581019,28.312475],[77.581012,28.31225],[77.581135,28.312247],[77.581142,28.312472]]]},"properties":{"objectid":9321,"uniqueplotid":"PLNGRESIDENTIAL9321","plotmap_id":"SECTOR-18_100_3C_RESI","plotidentificationnumber":"100","plotno":"100","industrysector":"SECTOR-18","block":"3C","plotsize":"300 SQMT","plotsize_at_the_time_of_allotme":"300 SQMT","landuse_type":"RESIDENTIAL","landuse_subcategory":"RESIDENTIAL","scheme_cod":"RES01","investment":0,"employment":0,"plotstatus":"Allotted","landallotementstatus":"SOLD","landallotementtype":"ALLOTTED","allotmentid":"YEA014121","village_name":"Achheja Bujurg","khasra_no":"962","longitude":77.58107698,"latitude":28.31236102,"authority":"YEIDA","category":"residential","execution_stage":"allotted"}},{"type":"Feature","geometry":{"type":"Polygon","coordinates":[[[77.581264,28.312469],[77.581142,28.312472],[77.581135,28.312247],[77.581257,28.312244],[77.581264,28.312469]]]},"properties":{"objectid":9322,"uniqueplotid":"PLNGRESIDENTIAL9322","plotmap_id":"SECTOR-18_101_3C_RESI","plotidentificationnumber":"101","plotno":"101","industrysector":"SECTOR-18","block":"3C","plotsize":"300 SQMT","plotsize_at_the_time_of_allotme":"300 SQMT","landuse_type":"RESIDENTIAL","landuse_subcategory":"RESIDENTIAL","scheme_cod":"RES01","investment":0,"employment":0,"plotstatus":"Allotted","landallotementstatus":"SOLD","landallotementtype":"ALLOTTED","allotmentid":"YEA007001","village_name":"Achheja Bujurg","khasra_no":"962","longitude":77.58119949,"latitude":28.31235805,"authority":"YEIDA","category":"residential","execution_stage":"allotted"}},{"type":"Feature","geometry":{"type":"Polygon","coordinates":[[[77.581387,28.312466],[77.581264,28.312469],[77.581257,28.312244],[77.58138,28.312241],[77.581387,28.312466]]]},"properties":{"objectid":9323,"uniqueplotid":"PLNGRESIDENTIAL9323","plotmap_id":"SECTOR-18_102_3C_RESI","plotidentificationnumber":"102","plotno":"102","industrysector":"SECTOR-18","block":"3C","plotsize":"300 SQMT","plotsize_at_the_time_of_allotme":"300 SQMT","landuse_type":"RESIDENTIAL","landuse_subcategory":"RESIDENTIAL","scheme_cod":"RES01","investment":0,"employment":0,"plotstatus":"Allotted","landallotementstatus":"SOLD","landallotementtype":"ALLOTTED","allotmentid":"YEA006270","village_name":"Achheja Bujurg","khasra_no":"962","longitude":77.58132198999999,"latitude":28.31235509,"authority":"YEIDA","category":"residential","execution_stage":"allotted"}},{"type":"Feature","geometry":{"type":"Polygon","coordinates":[[[77.581509,28.312463],[77.581387,28.312466],[77.58138,28.312241],[77.581502,28.312239],[77.581509,28.312463]]]},"properties":{"objectid":9324,"uniqueplotid":"PLNGRESIDENTIAL9324","plotmap_id":"SECTOR-18_103_3C_RESI","plotidentificationnumber":"103","plotno":"103","industrysector":"SECTOR-18","block":"3C","plotsize":"300 SQMT","plotsize_at_the_time_of_allotme":"300 SQMT","landuse_type":"RESIDENTIAL","landuse_subcategory":"RESIDENTIAL","scheme_cod":"RES01","investment":0,"employment":0,"plotstatus":"Allotted","landallotementstatus":"SOLD","landallotementtype":"ALLOTTED","allotmentid":"YEA013427","village_name":"Achheja Bujurg","khasra_no":"962","longitude":77.5814445,"latitude":28.31235213,"authority":"YEIDA","category":"residential","execution_stage":"allotted"}},{"type":"Feature","geometry":{"type":"Polygon","coordinates":[[[77.581632,28.31246],[77.581509,28.312463],[77.581502,28.312239],[77.581625,28.312236],[77.581632,28.31246]]]},"properties":{"objectid":9325,"uniqueplotid":"PLNGRESIDENTIAL9325","plotmap_id":"SECTOR-18_104_3C_RESI","plotidentificationnumber":"104","plotno":"104","industrysector":"SECTOR-18","block":"3C","plotsize":"300 SQMT","plotsize_at_the_time_of_allotme":"300 SQMT","landuse_type":"RESIDENTIAL","landuse_subcategory":"RESIDENTIAL","scheme_cod":"RES01","investment":0,"employment":0,"plotstatus":"Allotted","landallotementstatus":"SOLD","landallotementtype":"ALLOTTED","allotmentid":"YEA005034","village_name":"Achheja Bujurg","khasra_no":"986,962","longitude":77.581567,"latitude":28.31234916,"authority":"YEIDA","category":"residential","execution_stage":"allotted"}},{"type":"Feature","geometry":{"type":"Polygon","coordinates":[[[77.581754,28.312456],[77.581632,28.31246],[77.581625,28.312236],[77.581747,28.312233],[77.581754,28.312456]]]},"properties":{"objectid":9326,"uniqueplotid":"PLNGRESIDENTIAL9326","plotmap_id":"SECTOR-18_105_3C_RESI","plotidentificationnumber":"105","plotno":"105","industrysector":"SECTOR-18","block":"3C","plotsize":"300 SQMT","plotsize_at_the_time_of_allotme":"300 SQMT","landuse_type":"RESIDENTIAL","landuse_subcategory":"RESIDENTIAL","scheme_cod":"RES01","investment":0,"employment":0,"plotstatus":"Allotted","landallotementstatus":"SOLD","landallotementtype":"ALLOTTED","allotmentid":"YEA020328","village_name":"Achheja Bujurg","khasra_no":"985,984,986,962","longitude":77.58168950999999,"latitude":28.3123462,"authority":"YEIDA","category":"residential","execution_stage":"allotted"}},{"type":"Feature","geometry":{"type":"Polygon","coordinates":[[[77.580284,28.312494],[77.580162,28.312497],[77.580154,28.312269],[77.580277,28.312266],[77.580284,28.312494]]]},"properties":{"objectid":9327,"uniqueplotid":"PLNGRESIDENTIAL9327","plotmap_id":"SECTOR-18_93_3C_RESI","plotidentificationnumber":"93","plotno":"93","industrysector":"SECTOR-18","block":"3C","plotsize":"300 SQMT","plotsize_at_the_time_of_allotme":"300 SQMT","landuse_type":"RESIDENTIAL","landuse_subcategory":"RESIDENTIAL","scheme_cod":"RES01","investment":0,"employment":0,"plotstatus":"Allotted","landallotementstatus":"SOLD","landallotementtype":"ALLOTTED","allotmentid":"YEA020434","lease_deed":"Y","lease_deed_date":1717525800000,"village_name":"Achheja Bujurg","khasra_no":"959,958,956","longitude":77.58021938,"latitude":28.312381770000002,"authority":"YEIDA","category":"residential","execution_stage":"lease-recorded"}},{"type":"Feature","geometry":{"type":"Polygon","coordinates":[[[77.580407,28.312491],[77.580284,28.312494],[77.580277,28.312266],[77.5804,28.312264],[77.580407,28.312491]]]},"properties":{"objectid":9328,"uniqueplotid":"PLNGRESIDENTIAL9328","plotmap_id":"SECTOR-18_94_3C_RESI","plotidentificationnumber":"94","plotno":"94","industrysector":"SECTOR-18","block":"3C","plotsize":"300 SQMT","plotsize_at_the_time_of_allotme":"300 SQMT","landuse_type":"RESIDENTIAL","landuse_subcategory":"RESIDENTIAL","scheme_cod":"RES01","investment":0,"employment":0,"plotstatus":"Allotted","landallotementstatus":"SOLD","landallotementtype":"ALLOTTED","allotmentid":"YEA005098","lease_deed":"Y","lease_deed_date":1576693800000,"village_name":"Achheja Bujurg","khasra_no":"959,958","longitude":77.58034194999999,"latitude":28.3123788,"authority":"YEIDA","category":"residential","execution_stage":"lease-recorded"}},{"type":"Feature","geometry":{"type":"Polygon","coordinates":[[[77.580529,28.312488],[77.580407,28.312491],[77.5804,28.312264],[77.580522,28.312261],[77.580529,28.312488]]]},"properties":{"objectid":9329,"uniqueplotid":"PLNGRESIDENTIAL9329","plotmap_id":"SECTOR-18_95_3C_RESI","plotidentificationnumber":"95","plotno":"95","industrysector":"SECTOR-18","block":"3C","plotsize":"300 SQMT","plotsize_at_the_time_of_allotme":"300 SQMT","landuse_type":"RESIDENTIAL","landuse_subcategory":"RESIDENTIAL","scheme_cod":"RES01","investment":0,"employment":0,"plotstatus":"Allotted","landallotementstatus":"SOLD","landallotementtype":"ALLOTTED","allotmentid":"YEA005235","lease_deed":"Y","lease_deed_date":1574706600000,"village_name":"Achheja Bujurg","khasra_no":"959","longitude":77.58046445,"latitude":28.31237584,"authority":"YEIDA","category":"residential","execution_stage":"lease-recorded"}},{"type":"Feature","geometry":{"type":"Polygon","coordinates":[[[77.580651,28.312485],[77.580659,28.312714],[77.580537,28.312717],[77.580529,28.312488],[77.580651,28.312485]]]},"properties":{"objectid":9330,"uniqueplotid":"PLNGRESIDENTIAL9330","plotmap_id":"SECTOR-18_117_3C_RESI","plotidentificationnumber":"117","plotno":"117","industrysector":"SECTOR-18","block":"3C","plotsize":"300 SQMT","plotsize_at_the_time_of_allotme":"300 SQMT","landuse_type":"RESIDENTIAL","landuse_subcategory":"RESIDENTIAL","scheme_cod":"RES01","investment":0,"employment":0,"plotstatus":"Allotted","landallotementstatus":"SOLD","landallotementtype":"ALLOTTED","allotmentid":"YEA015539","village_name":"Achheja Bujurg","khasra_no":"959,951","longitude":77.58059414,"latitude":28.31260073,"authority":"YEIDA","category":"residential","execution_stage":"allotted"}},{"type":"Feature","geometry":{"type":"Polygon","coordinates":[[[77.580773,28.312481],[77.580782,28.312711],[77.580659,28.312714],[77.580651,28.312485],[77.580773,28.312481]]]},"properties":{"objectid":9331,"uniqueplotid":"PLNGRESIDENTIAL9331","plotmap_id":"SECTOR-18_116_3C_RESI","plotidentificationnumber":"116","plotno":"116","industrysector":"SECTOR-18","block":"3C","plotsize":"300 SQMT","plotsize_at_the_time_of_allotme":"300 SQMT","landuse_type":"RESIDENTIAL","landuse_subcategory":"RESIDENTIAL","scheme_cod":"RES01","investment":0,"employment":0,"plotstatus":"Allotted","landallotementstatus":"SOLD","landallotementtype":"ALLOTTED","allotmentid":"YEA015618","village_name":"Achheja Bujurg","khasra_no":"959,951","longitude":77.58071634,"latitude":28.31259771,"authority":"YEIDA","category":"residential","execution_stage":"allotted"}},{"type":"Feature","geometry":{"type":"Polygon","coordinates":[[[77.580897,28.312478],[77.580904,28.312708],[77.580782,28.312711],[77.580773,28.312481],[77.580897,28.312478]]]},"properties":{"objectid":9332,"uniqueplotid":"PLNGRESIDENTIAL9332","plotmap_id":"SECTOR-18_115_3C_RESI","plotidentificationnumber":"115","plotno":"115","industrysector":"SECTOR-18","block":"3C","plotsize":"300 SQMT","plotsize_at_the_time_of_allotme":"300 SQMT","landuse_type":"RESIDENTIAL","landuse_subcategory":"RESIDENTIAL","scheme_cod":"RES01","investment":0,"employment":0,"plotstatus":"Allotted","landallotementstatus":"SOLD","landallotementtype":"ALLOTTED","allotmentid":"YEA016085","village_name":"Achheja Bujurg","khasra_no":"959,951","longitude":77.58083891999999,"latitude":28.31259466,"authority":"YEIDA","category":"residential","execution_stage":"allotted"}},{"type":"Feature","geometry":{"type":"Polygon","coordinates":[[[77.581019,28.312475],[77.581027,28.312705],[77.580904,28.312708],[77.580897,28.312478],[77.581019,28.312475]]]},"properties":{"objectid":9333,"uniqueplotid":"PLNGRESIDENTIAL9333","plotmap_id":"SECTOR-18_114_3C_RESI","plotidentificationnumber":"114","plotno":"114","industrysector":"SECTOR-18","block":"3C","plotsize":"300 SQMT","plotsize_at_the_time_of_allotme":"300 SQMT","landuse_type":"RESIDENTIAL","landuse_subcategory":"RESIDENTIAL","scheme_cod":"RES01","investment":0,"employment":0,"plotstatus":"Allotted","landallotementstatus":"SOLD","landallotementtype":"ALLOTTED","allotmentid":"YEA005131","village_name":"Achheja Bujurg","khasra_no":"959,960,951,962","longitude":77.58096175,"latitude":28.31259176,"authority":"YEIDA","category":"residential","execution_stage":"allotted"}},{"type":"Feature","geometry":{"type":"Polygon","coordinates":[[[77.581142,28.312472],[77.581149,28.312703],[77.581027,28.312705],[77.581019,28.312475],[77.581142,28.312472]]]},"properties":{"objectid":9334,"uniqueplotid":"PLNGRESIDENTIAL9334","plotmap_id":"SECTOR-18_113_3C_RESI","plotidentificationnumber":"113","plotno":"113","industrysector":"SECTOR-18","block":"3C","plotsize":"300 SQMT","plotsize_at_the_time_of_allotme":"300 SQMT","landuse_type":"RESIDENTIAL","landuse_subcategory":"RESIDENTIAL","scheme_cod":"RES01","investment":0,"employment":0,"plotstatus":"Allotted","landallotementstatus":"SOLD","landallotementtype":"ALLOTTED","allotmentid":"YEA010505","village_name":"Achheja Bujurg","khasra_no":"960,951,962","longitude":77.58108426,"latitude":28.3125888,"authority":"YEIDA","category":"residential","execution_stage":"allotted"}},{"type":"Feature","geometry":{"type":"Polygon","coordinates":[[[77.581264,28.312469],[77.581272,28.3127],[77.581149,28.312703],[77.581142,28.312472],[77.581264,28.312469]]]},"properties":{"objectid":9335,"uniqueplotid":"PLNGRESIDENTIAL9335","plotmap_id":"SECTOR-18_112_3C_RESI","plotidentificationnumber":"112","plotno":"112","industrysector":"SECTOR-18","block":"3C","plotsize":"300 SQMT","plotsize_at_the_time_of_allotme":"300 SQMT","landuse_type":"RESIDENTIAL","landuse_subcategory":"RESIDENTIAL","scheme_cod":"RES01","investment":0,"employment":0,"plotstatus":"Allotted","landallotementstatus":"SOLD","landallotementtype":"ALLOTTED","allotmentid":"YEA017598","village_name":"Achheja Bujurg","khasra_no":"960,951,962","longitude":77.58120677,"latitude":28.31258584,"authority":"YEIDA","category":"residential","execution_stage":"allotted"}},{"type":"Feature","geometry":{"type":"Polygon","coordinates":[[[77.581387,28.312466],[77.581394,28.312697],[77.581272,28.3127],[77.581264,28.312469],[77.581387,28.312466]]]},"properties":{"objectid":9336,"uniqueplotid":"PLNGRESIDENTIAL9336","plotmap_id":"SECTOR-18_111_3C_RESI","plotidentificationnumber":"111","plotno":"111","industrysector":"SECTOR-18","block":"3C","plotsize":"300 SQMT","plotsize_at_the_time_of_allotme":"300 SQMT","landuse_type":"RESIDENTIAL","landuse_subcategory":"RESIDENTIAL","scheme_cod":"RES01","investment":0,"employment":0,"plotstatus":"Allotted","landallotementstatus":"SOLD","landallotementtype":"ALLOTTED","allotmentid":"YEA007002","village_name":"Achheja Bujurg","khasra_no":"962","longitude":77.58132927,"latitude":28.31258287,"authority":"YEIDA","category":"residential","execution_stage":"allotted"}},{"type":"Feature","geometry":{"type":"Polygon","coordinates":[[[77.581509,28.312463],[77.581517,28.312694],[77.581394,28.312697],[77.581387,28.312466],[77.581509,28.312463]]]},"properties":{"objectid":9337,"uniqueplotid":"PLNGRESIDENTIAL9337","plotmap_id":"SECTOR-18_110_3C_RESI","plotidentificationnumber":"110","plotno":"110","industrysector":"SECTOR-18","block":"3C","plotsize":"300 SQMT","plotsize_at_the_time_of_allotme":"300 SQMT","landuse_type":"RESIDENTIAL","landuse_subcategory":"RESIDENTIAL","scheme_cod":"RES01","investment":0,"employment":0,"plotstatus":"Allotted","landallotementstatus":"SOLD","landallotementtype":"ALLOTTED","allotmentid":"YEA008785","village_name":"Achheja Bujurg","khasra_no":"962","longitude":77.58145178000001,"latitude":28.31257991,"authority":"YEIDA","category":"residential","execution_stage":"allotted"}},{"type":"Feature","geometry":{"type":"Polygon","coordinates":[[[77.581632,28.31246],[77.581639,28.312691],[77.581517,28.312694],[77.581509,28.312463],[77.581632,28.31246]]]},"properties":{"objectid":9338,"uniqueplotid":"PLNGRESIDENTIAL9338","plotmap_id":"SECTOR-18_109_3C_RESI","plotidentificationnumber":"109","plotno":"109","industrysector":"SECTOR-18","block":"3C","plotsize":"300 SQMT","plotsize_at_the_time_of_allotme":"300 SQMT","landuse_type":"RESIDENTIAL","landuse_subcategory":"RESIDENTIAL","scheme_cod":"RES01","investment":0,"employment":0,"plotstatus":"Allotted","landallotementstatus":"SOLD","landallotementtype":"ALLOTTED","allotmentid":"YEA007455","village_name":"Achheja Bujurg","khasra_no":"962,961","longitude":77.58157428000001,"latitude":28.31257694,"authority":"YEIDA","category":"residential","execution_stage":"allotted"}},{"type":"Feature","geometry":{"type":"Polygon","coordinates":[[[77.581754,28.312456],[77.581762,28.312689],[77.581639,28.312691],[77.581632,28.31246],[77.581754,28.312456]]]},"properties":{"objectid":9339,"uniqueplotid":"PLNGRESIDENTIAL9339","plotmap_id":"SECTOR-18_108_3C_RESI","plotidentificationnumber":"108","plotno":"108","industrysector":"SECTOR-18","block":"3C","plotsize":"300 SQMT","plotsize_at_the_time_of_allotme":"300 SQMT","landuse_type":"RESIDENTIAL","landuse_subcategory":"RESIDENTIAL","scheme_cod":"RES01","investment":0,"employment":0,"plotstatus":"Allotted","landallotementstatus":"SOLD","landallotementtype":"ALLOTTED","allotmentid":"YEA020900","village_name":"Achheja Bujurg","khasra_no":"962,961","longitude":77.58169679,"latitude":28.31257398,"authority":"YEIDA","category":"residential","execution_stage":"allotted"}},{"type":"Feature","geometry":{"type":"Polygon","coordinates":[[[77.580284,28.312494],[77.580292,28.312722],[77.580169,28.312725],[77.580162,28.312497],[77.580284,28.312494]]]},"properties":{"objectid":9340,"uniqueplotid":"PLNGRESIDENTIAL9340","plotmap_id":"SECTOR-18_120_3C_RESI","plotidentificationnumber":"120","plotno":"120","industrysector":"SECTOR-18","block":"3C","plotsize":"300 SQMT","plotsize_at_the_time_of_allotme":"300 SQMT","landuse_type":"RESIDENTIAL","landuse_subcategory":"RESIDENTIAL","scheme_cod":"RES01","investment":0,"employment":0,"plotstatus":"Allotted","landallotementstatus":"SOLD","landallotementtype":"ALLOTTED","allotmentid":"YEA020892","village_name":"Achheja Bujurg","khasra_no":"958,956,955,954","longitude":77.58022666000001,"latitude":28.31260955,"authority":"YEIDA","category":"residential","execution_stage":"allotted"}},{"type":"Feature","geometry":{"type":"Polygon","coordinates":[[[77.580407,28.312491],[77.580414,28.312719],[77.580292,28.312722],[77.580284,28.312494],[77.580407,28.312491]]]},"properties":{"objectid":9341,"uniqueplotid":"PLNGRESIDENTIAL9341","plotmap_id":"SECTOR-18_119_3C_RESI","plotidentificationnumber":"119","plotno":"119","industrysector":"SECTOR-18","block":"3C","plotsize":"300 SQMT","plotsize_at_the_time_of_allotme":"300 SQMT","landuse_type":"RESIDENTIAL","landuse_subcategory":"RESIDENTIAL","scheme_cod":"RES01","investment":0,"employment":0,"plotstatus":"Allotted","landallotementstatus":"SOLD","landallotementtype":"ALLOTTED","allotmentid":"YEA013265","village_name":"Achheja Bujurg","khasra_no":"959,958,955,954","longitude":77.58034923,"latitude":28.31260658,"authority":"YEIDA","category":"residential","execution_stage":"allotted"}},{"type":"Feature","geometry":{"type":"Polygon","coordinates":[[[77.580529,28.312488],[77.580537,28.312717],[77.580414,28.312719],[77.580407,28.312491],[77.580529,28.312488]]]},"properties":{"objectid":9342,"uniqueplotid":"PLNGRESIDENTIAL9342","plotmap_id":"SECTOR-18_118_3C_RESI","plotidentificationnumber":"118","plotno":"118","industrysector":"SECTOR-18","block":"3C","plotsize":"300 SQMT","plotsize_at_the_time_of_allotme":"300 SQMT","landuse_type":"RESIDENTIAL","landuse_subcategory":"RESIDENTIAL","scheme_cod":"RES01","investment":0,"employment":0,"plotstatus":"Allotted","landallotementstatus":"SOLD","landallotementtype":"ALLOTTED","allotmentid":"YEA009329","village_name":"Achheja Bujurg","khasra_no":"959,958,954","longitude":77.58047173,"latitude":28.31260362,"authority":"YEIDA","category":"residential","execution_stage":"allotted"}},{"type":"Feature","geometry":{"type":"Polygon","coordinates":[[[77.580718,28.313903],[77.580466,28.313909],[77.580463,28.313801],[77.580714,28.313794],[77.580718,28.313903]]]},"properties":{"objectid":9343,"uniqueplotid":"PLNGRESIDENTIAL9343","plotmap_id":"SECTOR-18_137_3C_RESI","plotidentificationnumber":"137","plotno":"137","industrysector":"SECTOR-18","block":"3C","plotsize":"300 SQMT","plotsize_at_the_time_of_allotme":"300 SQMT","landuse_type":"RESIDENTIAL","landuse_subcategory":"RESIDENTIAL","scheme_cod":"RES01","investment":0,"employment":0,"plotstatus":"Allotted","landallotementstatus":"SOLD","landallotementtype":"ALLOTTED","allotmentid":"YEA013076","lease_deed":"Y","lease_deed_date":1600367400000,"village_name":"Achheja Bujurg","khasra_no":"953,952","longitude":77.58059019,"latitude":28.3138517,"authority":"YEIDA","category":"residential","execution_stage":"lease-recorded"}},{"type":"Feature","geometry":{"type":"Polygon","coordinates":[[[77.580466,28.313909],[77.580212,28.313916],[77.580209,28.313807],[77.580463,28.313801],[77.580466,28.313909]]]},"properties":{"objectid":9344,"uniqueplotid":"PLNGRESIDENTIAL9344","plotmap_id":"SECTOR-18_130_3C_RESI","plotidentificationnumber":"130","plotno":"130","industrysector":"SECTOR-18","block":"3C","plotsize":"300 SQMT","plotsize_at_the_time_of_allotme":"300 SQMT","landuse_type":"RESIDENTIAL","landuse_subcategory":"RESIDENTIAL","scheme_cod":"RES01","investment":0,"employment":0,"plotstatus":"Allotted","landallotementstatus":"SOLD","landallotementtype":"ALLOTTED","allotmentid":"YEA004432","lease_deed":"Y","lease_deed_date":1729621800000,"village_name":"Achheja Bujurg","khasra_no":"953,930,952","longitude":77.58033755999999,"latitude":28.31385818,"authority":"YEIDA","category":"residential","execution_stage":"lease-recorded"}},{"type":"Feature","geometry":{"type":"Polygon","coordinates":[[[77.580714,28.313794],[77.580463,28.313801],[77.580459,28.313693],[77.580711,28.313686],[77.580714,28.313794]]]},"properties":{"objectid":9345,"uniqueplotid":"PLNGRESIDENTIAL9345","plotmap_id":"SECTOR-18_138_3C_RESI","plotidentificationnumber":"138","plotno":"138","industrysector":"SECTOR-18","block":"3C","plotsize":"300 SQMT","plotsize_at_the_time_of_allotme":"300 SQMT","landuse_type":"RESIDENTIAL","landuse_subcategory":"RESIDENTIAL","scheme_cod":"RES01","investment":0,"employment":0,"plotstatus":"Allotted","landallotementstatus":"SOLD","landallotementtype":"ALLOTTED","allotmentid":"YEA010553","village_name":"Achheja Bujurg","khasra_no":"952","longitude":77.58058655,"latitude":28.31374346,"authority":"YEIDA","category":"residential","execution_stage":"allotted"}},{"type":"Feature","geometry":{"type":"Polygon","coordinates":[[[77.580463,28.313801],[77.580209,28.313807],[77.580205,28.313699],[77.580459,28.313693],[77.580463,28.313801]]]},"properties":{"objectid":9346,"uniqueplotid":"PLNGRESIDENTIAL9346","plotmap_id":"SECTOR-18_129_3C_RESI","plotidentificationnumber":"129","plotno":"129","industrysector":"SECTOR-18","block":"3C","plotsize":"300 SQMT","plotsize_at_the_time_of_allotme":"300 SQMT","landuse_type":"RESIDENTIAL","landuse_subcategory":"RESIDENTIAL","scheme_cod":"RES01","investment":0,"employment":0,"plotstatus":"Allotted","landallotementstatus":"SOLD","landallotementtype":"ALLOTTED","allotmentid":"YEA005831","lease_deed":"Y","lease_deed_date":1683829800000,"village_name":"Achheja Bujurg","khasra_no":"953,930,952","longitude":77.58033392,"latitude":28.31374994,"authority":"YEIDA","category":"residential","execution_stage":"lease-recorded"}},{"type":"Feature","geometry":{"type":"Polygon","coordinates":[[[77.580711,28.313686],[77.580459,28.313693],[77.580455,28.313584],[77.580707,28.313578],[77.580711,28.313686]]]},"properties":{"objectid":9347,"uniqueplotid":"PLNGRESIDENTIAL9347","plotmap_id":"SECTOR-18_139_3C_RESI","plotidentificationnumber":"139","plotno":"139","industrysector":"SECTOR-18","block":"3C","plotsize":"300 SQMT","plotsize_at_the_time_of_allotme":"300 SQMT","landuse_type":"RESIDENTIAL","landuse_subcategory":"RESIDENTIAL","scheme_cod":"RES01","investment":0,"employment":0,"plotstatus":"Allotted","landallotementstatus":"SOLD","landallotementtype":"ALLOTTED","allotmentid":"YEA011867","village_name":"Achheja Bujurg","khasra_no":"952,951","longitude":77.5805829,"latitude":28.313635220000002,"authority":"YEIDA","category":"residential","execution_stage":"allotted"}},{"type":"Feature","geometry":{"type":"Polygon","coordinates":[[[77.580459,28.313693],[77.580205,28.313699],[77.580202,28.313591],[77.580455,28.313584],[77.580459,28.313693]]]},"properties":{"objectid":9348,"uniqueplotid":"PLNGRESIDENTIAL9348","plotmap_id":"SECTOR-18_128_3C_RESI","plotidentificationnumber":"128","plotno":"128","industrysector":"SECTOR-18","block":"3C","plotsize":"300 SQMT","plotsize_at_the_time_of_allotme":"300 SQMT","landuse_type":"RESIDENTIAL","landuse_subcategory":"RESIDENTIAL","scheme_cod":"RES01","investment":0,"employment":0,"plotstatus":"Allotted","landallotementstatus":"SOLD","landallotementtype":"ALLOTTED","allotmentid":"YEA006966","lease_deed":"Y","lease_deed_date":1632853800000,"village_name":"Achheja Bujurg","khasra_no":"953,930,952","longitude":77.58033026999999,"latitude":28.3136417,"authority":"YEIDA","category":"residential","execution_stage":"lease-recorded"}},{"type":"Feature","geometry":{"type":"Polygon","coordinates":[[[77.580707,28.313578],[77.580455,28.313584],[77.580451,28.313476],[77.580704,28.31347],[77.580707,28.313578]]]},"properties":{"objectid":9349,"uniqueplotid":"PLNGRESIDENTIAL9349","plotmap_id":"SECTOR-18_140_3C_RESI","plotidentificationnumber":"140","plotno":"140","industrysector":"SECTOR-18","block":"3C","plotsize":"300 SQMT","plotsize_at_the_time_of_allotme":"300 SQMT","landuse_type":"RESIDENTIAL","landuse_subcategory":"RESIDENTIAL","scheme_cod":"RES01","investment":0,"employment":0,"plotstatus":"Allotted","landallotementstatus":"SOLD","landallotementtype":"ALLOTTED","allotmentid":"YEA017251","village_name":"Achheja Bujurg","khasra_no":"952,951","longitude":77.58057926000001,"latitude":28.31352699,"authority":"YEIDA","category":"residential","execution_stage":"allotted"}},{"type":"Feature","geometry":{"type":"Polygon","coordinates":[[[77.580455,28.313584],[77.580202,28.313591],[77.580198,28.313483],[77.580451,28.313476],[77.580455,28.313584]]]},"properties":{"objectid":9350,"uniqueplotid":"PLNGRESIDENTIAL9350","plotmap_id":"SECTOR-18_127_3C_RESI","plotidentificationnumber":"127","plotno":"127","industrysector":"SECTOR-18","block":"3C","plotsize":"300 SQMT","plotsize_at_the_time_of_allotme":"300 SQMT","landuse_type":"RESIDENTIAL","landuse_subcategory":"RESIDENTIAL","scheme_cod":"RRPS01","investment":0,"employment":0,"plotstatus":"Allotted","landallotementstatus":"SOLD","landallotementtype":"ALLOTTED","allotmentid":"RRPS012685","village_name":"Achheja Bujurg","khasra_no":"953,952","longitude":77.58032662999999,"latitude":28.313533470000003,"authority":"YEIDA","category":"residential","execution_stage":"allotted"}},{"type":"Feature","geometry":{"type":"Polygon","coordinates":[[[77.580704,28.31347],[77.580451,28.313476],[77.580447,28.313368],[77.5807,28.313361],[77.580704,28.31347]]]},"properties":{"objectid":9351,"uniqueplotid":"PLNGRESIDENTIAL9351","plotmap_id":"SECTOR-18_141_3C_RESI","plotidentificationnumber":"141","plotno":"141","industrysector":"SECTOR-18","block":"3C","plotsize":"300 SQMT","plotsize_at_the_time_of_allotme":"300 SQMT","landuse_type":"RESIDENTIAL","landuse_subcategory":"RESIDENTIAL","scheme_cod":"RES01","investment":0,"employment":0,"plotstatus":"Allotted","landallotementstatus":"SOLD","landallotementtype":"ALLOTTED","allotmentid":"YEA015923","village_name":"Achheja Bujurg","khasra_no":"952,951","longitude":77.58057561,"latitude":28.31341875,"authority":"YEIDA","category":"residential","execution_stage":"allotted"}},{"type":"Feature","geometry":{"type":"Polygon","coordinates":[[[77.580451,28.313476],[77.580198,28.313483],[77.580195,28.313374],[77.580447,28.313368],[77.580451,28.313476]]]},"properties":{"objectid":9352,"uniqueplotid":"PLNGRESIDENTIAL9352","plotmap_id":"SECTOR-18_126_3C_RESI","plotidentificationnumber":"126","plotno":"126","industrysector":"SECTOR-18","block":"3C","plotsize":"300 SQMT","plotsize_at_the_time_of_allotme":"300 SQMT","landuse_type":"RESIDENTIAL","landuse_subcategory":"RESIDENTIAL","scheme_cod":"RRPS01","investment":0,"employment":0,"plotstatus":"Allotted","landallotementstatus":"SOLD","landallotementtype":"ALLOTTED","allotmentid":"RRPS012859","village_name":"Achheja Bujurg","khasra_no":"952","longitude":77.58032297999999,"latitude":28.31342523,"authority":"YEIDA","category":"residential","execution_stage":"allotted"}},{"type":"Feature","geometry":{"type":"Polygon","coordinates":[[[77.5807,28.313361],[77.580447,28.313368],[77.580443,28.31326],[77.580697,28.313253],[77.5807,28.313361]]]},"properties":{"objectid":9353,"uniqueplotid":"PLNGRESIDENTIAL9353","plotmap_id":"SECTOR-18_142_3C_RESI","plotidentificationnumber":"142","plotno":"142","industrysector":"SECTOR-18","block":"3C","plotsize":"300 SQMT","plotsize_at_the_time_of_allotme":"300 SQMT","landuse_type":"RESIDENTIAL","landuse_subcategory":"RESIDENTIAL","scheme_cod":"RES01","investment":0,"employment":0,"plotstatus":"Allotted","landallotementstatus":"SOLD","landallotementtype":"ALLOTTED","allotmentid":"YEA019851","village_name":"Achheja Bujurg","khasra_no":"952,951","longitude":77.58057197,"latitude":28.31331051,"authority":"YEIDA","category":"residential","execution_stage":"allotted"}},{"type":"Feature","geometry":{"type":"Polygon","coordinates":[[[77.580447,28.313368],[77.580195,28.313374],[77.580192,28.313266],[77.580443,28.31326],[77.580447,28.313368]]]},"properties":{"objectid":9354,"uniqueplotid":"PLNGRESIDENTIAL9354","plotmap_id":"SECTOR-18_125_3C_RESI","plotidentificationnumber":"125","plotno":"125","industrysector":"SECTOR-18","block":"3C","plotsize":"300 SQMT","plotsize_at_the_time_of_allotme":"300 SQMT","landuse_type":"RESIDENTIAL","landuse_subcategory":"RESIDENTIAL","scheme_cod":"RES01","investment":0,"employment":0,"plotstatus":"Allotted","landallotementstatus":"SOLD","landallotementtype":"ALLOTTED","allotmentid":"YEA009692","village_name":"Achheja Bujurg","khasra_no":"952,951","longitude":77.58031933999999,"latitude":28.31331699,"authority":"YEIDA","category":"residential","execution_stage":"allotted"}},{"type":"Feature","geometry":{"type":"Polygon","coordinates":[[[77.580697,28.313253],[77.580443,28.31326],[77.58044,28.313151],[77.580694,28.313145],[77.580697,28.313253]]]},"properties":{"objectid":9355,"uniqueplotid":"PLNGRESIDENTIAL9355","plotmap_id":"SECTOR-18_143_3C_RESI","plotidentificationnumber":"143","plotno":"143","industrysector":"SECTOR-18","block":"3C","plotsize":"300 SQMT","plotsize_at_the_time_of_allotme":"300 SQMT","landuse_type":"RESIDENTIAL","landuse_subcategory":"RESIDENTIAL","scheme_cod":"RES01","investment":0,"employment":0,"plotstatus":"Allotted","landallotementstatus":"SOLD","landallotementtype":"ALLOTTED","allotmentid":"YEA017945","village_name":"Achheja Bujurg","khasra_no":"951","longitude":77.58056832,"latitude":28.313202269999998,"authority":"YEIDA","category":"residential","execution_stage":"allotted"}},{"type":"Feature","geometry":{"type":"Polygon","coordinates":[[[77.580443,28.31326],[77.580192,28.313266],[77.580188,28.313158],[77.58044,28.313151],[77.580443,28.31326]]]},"properties":{"objectid":9356,"uniqueplotid":"PLNGRESIDENTIAL9356","plotmap_id":"SECTOR-18_124_3C_RESI","plotidentificationnumber":"124","plotno":"124","industrysector":"SECTOR-18","block":"3C","plotsize":"300 SQMT","plotsize_at_the_time_of_allotme":"300 SQMT","landuse_type":"RESIDENTIAL","landuse_subcategory":"RESIDENTIAL","scheme_cod":"RES01","investment":0,"employment":0,"plotstatus":"Allotted","landallotementstatus":"SOLD","landallotementtype":"ALLOTTED","allotmentid":"YEA015352","village_name":"Achheja Bujurg","khasra_no":"952,951","longitude":77.58031568999999,"latitude":28.313208749999998,"authority":"YEIDA","category":"residential","execution_stage":"allotted"}},{"type":"Feature","geometry":{"type":"Polygon","coordinates":[[[77.580694,28.313145],[77.58044,28.313151],[77.580436,28.313043],[77.58069,28.313037],[77.580694,28.313145]]]},"properties":{"objectid":9357,"uniqueplotid":"PLNGRESIDENTIAL9357","plotmap_id":"SECTOR-18_144_3C_RESI","plotidentificationnumber":"144","plotno":"144","industrysector":"SECTOR-18","block":"3C","plotsize":"300 SQMT","plotsize_at_the_time_of_allotme":"300 SQMT","landuse_type":"RESIDENTIAL","landuse_subcategory":"RESIDENTIAL","scheme_cod":"RES01","investment":0,"employment":0,"plotstatus":"Allotted","landallotementstatus":"SOLD","landallotementtype":"ALLOTTED","allotmentid":"YEA006553","village_name":"Achheja Bujurg","khasra_no":"951","longitude":77.58056468,"latitude":28.31309404,"authority":"YEIDA","category":"residential","execution_stage":"allotted"}},{"type":"Feature","geometry":{"type":"Polygon","coordinates":[[[77.58044,28.313151],[77.580188,28.313158],[77.580185,28.31305],[77.580436,28.313043],[77.58044,28.313151]]]},"properties":{"objectid":9358,"uniqueplotid":"PLNGRESIDENTIAL9358","plotmap_id":"SECTOR-18_123_3C_RESI","plotidentificationnumber":"123","plotno":"123","industrysector":"SECTOR-18","block":"3C","plotsize":"300 SQMT","plotsize_at_the_time_of_allotme":"300 SQMT","landuse_type":"RESIDENTIAL","landuse_subcategory":"RESIDENTIAL","scheme_cod":"RES01","investment":0,"employment":0,"plotstatus":"Allotted","landallotementstatus":"SOLD","landallotementtype":"ALLOTTED","allotmentid":"YEA018949","village_name":"Achheja Bujurg","khasra_no":"952,951","longitude":77.58031204999999,"latitude":28.31310052,"authority":"YEIDA","category":"residential","execution_stage":"allotted"}},{"type":"Feature","geometry":{"type":"Polygon","coordinates":[[[77.58069,28.313037],[77.580436,28.313043],[77.580432,28.312935],[77.580687,28.312928],[77.58069,28.313037]]]},"properties":{"objectid":9359,"uniqueplotid":"PLNGRESIDENTIAL9359","plotmap_id":"SECTOR-18_145_3C_RESI","plotidentificationnumber":"145","plotno":"145","industrysector":"SECTOR-18","block":"3C","plotsize":"300 SQMT","plotsize_at_the_time_of_allotme":"300 SQMT","landuse_type":"RESIDENTIAL","landuse_subcategory":"RESIDENTIAL","scheme_cod":"RES01","investment":0,"employment":0,"plotstatus":"Allotted","landallotementstatus":"SOLD","landallotementtype":"ALLOTTED","allotmentid":"YEA012012","village_name":"Achheja Bujurg","khasra_no":"951","longitude":77.58056103,"latitude":28.3129858,"authority":"YEIDA","category":"residential","execution_stage":"allotted"}},{"type":"Feature","geometry":{"type":"Polygon","coordinates":[[[77.580436,28.313043],[77.580185,28.31305],[77.580181,28.312941],[77.580432,28.312935],[77.580436,28.313043]]]},"properties":{"objectid":9360,"uniqueplotid":"PLNGRESIDENTIAL9360","plotmap_id":"SECTOR-18_122_3C_RESI","plotidentificationnumber":"122","plotno":"122","industrysector":"SECTOR-18","block":"3C","plotsize":"300 SQMT","plotsize_at_the_time_of_allotme":"300 SQMT","landuse_type":"RESIDENTIAL","landuse_subcategory":"RESIDENTIAL","scheme_cod":"RES01","investment":0,"employment":0,"plotstatus":"Allotted","landallotementstatus":"SOLD","landallotementtype":"ALLOTTED","allotmentid":"YEA004366","village_name":"Achheja Bujurg","khasra_no":"954,951","longitude":77.58030839999999,"latitude":28.31299228,"authority":"YEIDA","category":"residential","execution_stage":"allotted"}},{"type":"Feature","geometry":{"type":"Polygon","coordinates":[[[77.580687,28.312928],[77.580432,28.312935],[77.580428,28.312826],[77.580683,28.31282],[77.580687,28.312928]]]},"properties":{"objectid":9361,"uniqueplotid":"PLNGRESIDENTIAL9361","plotmap_id":"SECTOR-18_146_3C_RESI","plotidentificationnumber":"146","plotno":"146","industrysector":"SECTOR-18","block":"3C","plotsize":"300 SQMT","plotsize_at_the_time_of_allotme":"300 SQMT","landuse_type":"RESIDENTIAL","landuse_subcategory":"RESIDENTIAL","scheme_cod":"RES01","investment":0,"employment":0,"plotstatus":"Allotted","landallotementstatus":"SOLD","landallotementtype":"ALLOTTED","allotmentid":"YEA012099","village_name":"Achheja Bujurg","khasra_no":"951","longitude":77.58055731,"latitude":28.31287747,"authority":"YEIDA","category":"residential","execution_stage":"allotted"}},{"type":"Feature","geometry":{"type":"Polygon","coordinates":[[[77.580432,28.312935],[77.580181,28.312941],[77.580178,28.312832],[77.580428,28.312826],[77.580432,28.312935]]]},"properties":{"objectid":9362,"uniqueplotid":"PLNGRESIDENTIAL9362","plotmap_id":"SECTOR-18_121_3C_RESI","plotidentificationnumber":"121","plotno":"121","industrysector":"SECTOR-18","block":"3C","plotsize":"300 SQMT","plotsize_at_the_time_of_allotme":"300 SQMT","landuse_type":"RESIDENTIAL","landuse_subcategory":"RESIDENTIAL","scheme_cod":"RES01","investment":0,"employment":0,"plotstatus":"Allotted","landallotementstatus":"SOLD","landallotementtype":"ALLOTTED","allotmentid":"YEA009736","village_name":"Achheja Bujurg","khasra_no":"954,951","longitude":77.58030466999999,"latitude":28.3128836,"authority":"YEIDA","category":"residential","execution_stage":"allotted"}},{"type":"Feature","geometry":{"type":"Polygon","coordinates":[[[77.581319,28.313426],[77.581196,28.313429],[77.581189,28.313202],[77.581311,28.313199],[77.581319,28.313426]]]},"properties":{"objectid":9363,"uniqueplotid":"PLNGRESIDENTIAL9363","plotmap_id":"SECTOR-18_156_3C_RESI","plotidentificationnumber":"156","plotno":"156","industrysector":"SECTOR-18","block":"3C","plotsize":"300 SQMT","plotsize_at_the_time_of_allotme":"300 SQMT","landuse_type":"RESIDENTIAL","landuse_subcategory":"RESIDENTIAL","scheme_cod":"RES01","investment":0,"employment":0,"plotstatus":"Allotted","landallotementstatus":"SOLD","landallotementtype":"ALLOTTED","allotmentid":"YEA015471","village_name":"Achheja Bujurg","khasra_no":"951","longitude":77.58125366,"latitude":28.31331374,"authority":"YEIDA","category":"residential","execution_stage":"allotted"}},{"type":"Feature","geometry":{"type":"Polygon","coordinates":[[[77.581563,28.31342],[77.58144,28.313423],[77.581432,28.313196],[77.581555,28.313193],[77.581563,28.31342]]]},"properties":{"objectid":9364,"uniqueplotid":"PLNGRESIDENTIAL9364","plotmap_id":"SECTOR-18_154_3C_RESI","plotidentificationnumber":"154","plotno":"154","industrysector":"SECTOR-18","block":"3C","plotsize":"300 SQMT","plotsize_at_the_time_of_allotme":"300 SQMT","landuse_type":"RESIDENTIAL","landuse_subcategory":"RESIDENTIAL","scheme_cod":"RES01","investment":0,"employment":0,"plotstatus":"Allotted","landallotementstatus":"SOLD","landallotementtype":"ALLOTTED","allotmentid":"YEA019312","village_name":"Achheja Bujurg","khasra_no":"951","longitude":77.58149753000001,"latitude":28.31330798,"authority":"YEIDA","category":"residential","execution_stage":"allotted"}},{"type":"Feature","geometry":{"type":"Polygon","coordinates":[[[77.581686,28.313417],[77.581563,28.31342],[77.581555,28.313193],[77.581679,28.313191],[77.581686,28.313417]]]},"properties":{"objectid":9365,"uniqueplotid":"PLNGRESIDENTIAL9365","plotmap_id":"SECTOR-18_153_3C_RESI","plotidentificationnumber":"153","plotno":"153","industrysector":"SECTOR-18","block":"3C","plotsize":"300 SQMT","plotsize_at_the_time_of_allotme":"300 SQMT","landuse_type":"RESIDENTIAL","landuse_subcategory":"RESIDENTIAL","scheme_cod":"RES01","investment":0,"employment":0,"plotstatus":"Allotted","landallotementstatus":"SOLD","landallotementtype":"ALLOTTED","allotmentid":"YEA013536","village_name":"Achheja Bujurg","khasra_no":"960,951,961","longitude":77.58162053999999,"latitude":28.31330501,"authority":"YEIDA","category":"residential","execution_stage":"allotted"}},{"type":"Feature","geometry":{"type":"Polygon","coordinates":[[[77.581808,28.313414],[77.581686,28.313417],[77.581679,28.313191],[77.581801,28.313188],[77.581808,28.313414]]]},"properties":{"objectid":9366,"uniqueplotid":"PLNGRESIDENTIAL9366","plotmap_id":"SECTOR-18_152_3C_RESI","plotidentificationnumber":"152","plotno":"152","industrysector":"SECTOR-18","block":"3C","plotsize":"300 SQMT","plotsize_at_the_time_of_allotme":"300 SQMT","landuse_type":"RESIDENTIAL","landuse_subcategory":"RESIDENTIAL","scheme_cod":"RES01","investment":0,"employment":0,"plotstatus":"Allotted","landallotementstatus":"SOLD","landallotementtype":"ALLOTTED","allotmentid":"YEA016665","village_name":"Achheja Bujurg","khasra_no":"960,951,961","longitude":77.58174369,"latitude":28.31330217,"authority":"YEIDA","category":"residential","execution_stage":"allotted"}},{"type":"Feature","geometry":{"type":"Polygon","coordinates":[[[77.581931,28.313411],[77.581808,28.313414],[77.581801,28.313188],[77.581924,28.313185],[77.581931,28.313411]]]},"properties":{"objectid":9367,"uniqueplotid":"PLNGRESIDENTIAL9367","plotmap_id":"SECTOR-18_151_3C_RESI","plotidentificationnumber":"151","plotno":"151","industrysector":"SECTOR-18","block":"3C","plotsize":"300 SQMT","plotsize_at_the_time_of_allotme":"300 SQMT","landuse_type":"RESIDENTIAL","landuse_subcategory":"RESIDENTIAL","scheme_cod":"RES01","investment":0,"employment":0,"plotstatus":"Allotted","landallotementstatus":"SOLD","landallotementtype":"ALLOTTED","allotmentid":"YEA010671","village_name":"Achheja Bujurg","khasra_no":"960,951,961","longitude":77.58186620000001,"latitude":28.31329928,"authority":"YEIDA","category":"residential","execution_stage":"allotted"}},{"type":"Feature","geometry":{"type":"Polygon","coordinates":[[[77.582054,28.313408],[77.581931,28.313411],[77.581924,28.313185],[77.582046,28.313182],[77.582054,28.313408]]]},"properties":{"objectid":9368,"uniqueplotid":"PLNGRESIDENTIAL9368","plotmap_id":"SECTOR-18_150_3C_RESI","plotidentificationnumber":"150","plotno":"150","industrysector":"SECTOR-18","block":"3C","plotsize":"300 SQMT","plotsize_at_the_time_of_allotme":"300 SQMT","landuse_type":"RESIDENTIAL","landuse_subcategory":"RESIDENTIAL","scheme_cod":"RES01","investment":0,"employment":0,"plotstatus":"Allotted","landallotementstatus":"SOLD","landallotementtype":"ALLOTTED","allotmentid":"YEA010061","village_name":"Achheja Bujurg","khasra_no":"961","longitude":77.58198876,"latitude":28.313296389999998,"authority":"YEIDA","category":"residential","execution_stage":"allotted"}},{"type":"Feature","geometry":{"type":"Polygon","coordinates":[[[77.582299,28.313402],[77.582176,28.313405],[77.582169,28.313179],[77.582291,28.313177],[77.582299,28.313402]]]},"properties":{"objectid":9369,"uniqueplotid":"PLNGRESIDENTIAL9369","plotmap_id":"SECTOR-18_148_3C_RESI","plotidentificationnumber":"148","plotno":"148","industrysector":"SECTOR-18","block":"3C","plotsize":"300 SQMT","plotsize_at_the_time_of_allotme":"300 SQMT","landuse_type":"RESIDENTIAL","landuse_subcategory":"RESIDENTIAL","scheme_cod":"RES01","investment":0,"employment":0,"plotstatus":"Allotted","landallotementstatus":"SOLD","landallotementtype":"ALLOTTED","allotmentid":"YEA019931","village_name":"Achheja Bujurg","khasra_no":"961,950","longitude":77.58223378,"latitude":28.3132906,"authority":"YEIDA","category":"residential","execution_stage":"allotted"}},{"type":"Feature","geometry":{"type":"Polygon","coordinates":[[[77.580951,28.313435],[77.580828,28.313438],[77.580821,28.31321],[77.580944,28.313207],[77.580951,28.313435]]]},"properties":{"objectid":9370,"uniqueplotid":"PLNGRESIDENTIAL9370","plotmap_id":"SECTOR-18_159_3C_RESI","plotidentificationnumber":"159","plotno":"159","industrysector":"SECTOR-18","block":"3C","plotsize":"300 SQMT","plotsize_at_the_time_of_allotme":"300 SQMT","landuse_type":"RESIDENTIAL","landuse_subcategory":"RESIDENTIAL","scheme_cod":"RES01","investment":0,"employment":0,"plotstatus":"Allotted","landallotementstatus":"SOLD","landallotementtype":"ALLOTTED","allotmentid":"YEA011829","village_name":"Achheja Bujurg","khasra_no":"951","longitude":77.58088613,"latitude":28.313322420000002,"authority":"YEIDA","category":"residential","execution_stage":"allotted"}},{"type":"Feature","geometry":{"type":"Polygon","coordinates":[[[77.581074,28.313432],[77.580951,28.313435],[77.580944,28.313207],[77.581066,28.313205],[77.581074,28.313432]]]},"properties":{"objectid":9371,"uniqueplotid":"PLNGRESIDENTIAL9371","plotmap_id":"SECTOR-18_158_3C_RESI","plotidentificationnumber":"158","plotno":"158","industrysector":"SECTOR-18","block":"3C","plotsize":"300 SQMT","plotsize_at_the_time_of_allotme":"300 SQMT","landuse_type":"RESIDENTIAL","landuse_subcategory":"RESIDENTIAL","scheme_cod":"RES01","investment":0,"employment":0,"plotstatus":"Allotted","landallotementstatus":"SOLD","landallotementtype":"ALLOTTED","allotmentid":"YEA008795","village_name":"Achheja Bujurg","khasra_no":"951","longitude":77.5810087,"latitude":28.31331953,"authority":"YEIDA","category":"residential","execution_stage":"allotted"}},{"type":"Feature","geometry":{"type":"Polygon","coordinates":[[[77.581319,28.313426],[77.581326,28.313654],[77.581203,28.313656],[77.581196,28.313429],[77.581319,28.313426]]]},"properties":{"objectid":9372,"uniqueplotid":"PLNGRESIDENTIAL9372","plotmap_id":"SECTOR-18_163_3C_RESI","plotidentificationnumber":"163","plotno":"163","industrysector":"SECTOR-18","block":"3C","plotsize":"300 SQMT","plotsize_at_the_time_of_allotme":"300 SQMT","landuse_type":"RESIDENTIAL","landuse_subcategory":"RESIDENTIAL","scheme_cod":"RES01","investment":0,"employment":0,"plotstatus":"Allotted","landallotementstatus":"SOLD","landallotementtype":"ALLOTTED","allotmentid":"YEA004906","village_name":"Achheja Bujurg","khasra_no":"951","longitude":77.58126091,"latitude":28.31354105,"authority":"YEIDA","category":"residential","execution_stage":"allotted"}},{"type":"Feature","geometry":{"type":"Polygon","coordinates":[[[77.58144,28.313423],[77.581448,28.313651],[77.581326,28.313654],[77.581319,28.313426],[77.58144,28.313423]]]},"properties":{"objectid":9373,"uniqueplotid":"PLNGRESIDENTIAL9373","plotmap_id":"SECTOR-18_164_3C_RESI","plotidentificationnumber":"164","plotno":"164","industrysector":"SECTOR-18","block":"3C","plotsize":"300 SQMT","plotsize_at_the_time_of_allotme":"300 SQMT","landuse_type":"RESIDENTIAL","landuse_subcategory":"RESIDENTIAL","scheme_cod":"RES01","investment":0,"employment":0,"plotstatus":"Allotted","landallotementstatus":"SOLD","landallotementtype":"ALLOTTED","allotmentid":"YEA005197","village_name":"Achheja Bujurg","khasra_no":"951","longitude":77.58138338,"latitude":28.313538230000002,"authority":"YEIDA","category":"residential","execution_stage":"allotted"}},{"type":"Feature","geometry":{"type":"Polygon","coordinates":[[[77.581563,28.31342],[77.581571,28.313648],[77.581448,28.313651],[77.58144,28.313423],[77.581563,28.31342]]]},"properties":{"objectid":9374,"uniqueplotid":"PLNGRESIDENTIAL9374","plotmap_id":"SECTOR-18_165_3C_RESI","plotidentificationnumber":"165","plotno":"165","industrysector":"SECTOR-18","block":"3C","plotsize":"300 SQMT","plotsize_at_the_time_of_allotme":"300 SQMT","landuse_type":"RESIDENTIAL","landuse_subcategory":"RESIDENTIAL","scheme_cod":"RES01","investment":0,"employment":0,"plotstatus":"Allotted","landallotementstatus":"SOLD","landallotementtype":"ALLOTTED","allotmentid":"YEA008370","village_name":"Achheja Bujurg","khasra_no":"951","longitude":77.58150559,"latitude":28.313535270000003,"authority":"YEIDA","category":"residential","execution_stage":"allotted"}},{"type":"Feature","geometry":{"type":"Polygon","coordinates":[[[77.581686,28.313417],[77.581693,28.313645],[77.581571,28.313648],[77.581563,28.31342],[77.581686,28.313417]]]},"properties":{"objectid":9375,"uniqueplotid":"PLNGRESIDENTIAL9375","plotmap_id":"SECTOR-18_166_3C_RESI","plotidentificationnumber":"166","plotno":"166","industrysector":"SECTOR-18","block":"3C","plotsize":"300 SQMT","plotsize_at_the_time_of_allotme":"300 SQMT","landuse_type":"RESIDENTIAL","landuse_subcategory":"RESIDENTIAL","scheme_cod":"RES01","investment":0,"employment":0,"plotstatus":"Allotted","landallotementstatus":"SOLD","landallotementtype":"ALLOTTED","allotmentid":"YEA005207","village_name":"Achheja Bujurg","khasra_no":"951","longitude":77.58162818999999,"latitude":28.313532310000003,"authority":"YEIDA","category":"residential","execution_stage":"allotted"}},{"type":"Feature","geometry":{"type":"Polygon","coordinates":[[[77.581808,28.313414],[77.581816,28.313643],[77.581693,28.313645],[77.581686,28.313417],[77.581808,28.313414]]]},"properties":{"objectid":9376,"uniqueplotid":"PLNGRESIDENTIAL9376","plotmap_id":"SECTOR-18_167_3C_RESI","plotidentificationnumber":"167","plotno":"167","industrysector":"SECTOR-18","block":"3C","plotsize":"300 SQMT","plotsize_at_the_time_of_allotme":"300 SQMT","landuse_type":"RESIDENTIAL","landuse_subcategory":"RESIDENTIAL","scheme_cod":"RES01","investment":0,"employment":0,"plotstatus":"Allotted","landallotementstatus":"SOLD","landallotementtype":"ALLOTTED","allotmentid":"YEA019001","village_name":"Achheja Bujurg","khasra_no":"951","longitude":77.58175093999999,"latitude":28.31352948,"authority":"YEIDA","category":"residential","execution_stage":"allotted"}},{"type":"Feature","geometry":{"type":"Polygon","coordinates":[[[77.581931,28.313411],[77.581938,28.31364],[77.581816,28.313643],[77.581808,28.313414],[77.581931,28.313411]]]},"properties":{"objectid":9378,"uniqueplotid":"PLNGRESIDENTIAL9378","plotmap_id":"SECTOR-18_168_3C_RESI","plotidentificationnumber":"168","plotno":"168","industrysector":"SECTOR-18","block":"3C","plotsize":"300 SQMT","plotsize_at_the_time_of_allotme":"300 SQMT","landuse_type":"RESIDENTIAL","landuse_subcategory":"RESIDENTIAL","scheme_cod":"RES01","investment":0,"employment":0,"plotstatus":"Allotted","landallotementstatus":"SOLD","landallotementtype":"ALLOTTED","allotmentid":"YEA017844","village_name":"Achheja Bujurg","khasra_no":"960,951,961","longitude":77.58187345,"latitude":28.313526590000002,"authority":"YEIDA","category":"residential","execution_stage":"allotted"}},{"type":"Feature","geometry":{"type":"Polygon","coordinates":[[[77.582054,28.313408],[77.582061,28.313637],[77.581938,28.31364],[77.581931,28.313411],[77.582054,28.313408]]]},"properties":{"objectid":9379,"uniqueplotid":"PLNGRESIDENTIAL9379","plotmap_id":"SECTOR-18_169_3C_RESI","plotidentificationnumber":"169","plotno":"169","industrysector":"SECTOR-18","block":"3C","plotsize":"300 SQMT","plotsize_at_the_time_of_allotme":"300 SQMT","landuse_type":"RESIDENTIAL","landuse_subcategory":"RESIDENTIAL","scheme_cod":"RES01","investment":0,"employment":0,"plotstatus":"Allotted","landallotementstatus":"SOLD","landallotementtype":"ALLOTTED","allotmentid":"YEA007463","village_name":"Achheja Bujurg","khasra_no":"960,951,949,961,950","longitude":77.58199602,"latitude":28.31352369,"authority":"YEIDA","category":"residential","execution_stage":"allotted"}},{"type":"Feature","geometry":{"type":"Polygon","coordinates":[[[77.582176,28.313405],[77.582183,28.313634],[77.582061,28.313637],[77.582054,28.313408],[77.582176,28.313405]]]},"properties":{"objectid":9380,"uniqueplotid":"PLNGRESIDENTIAL9380","plotmap_id":"SECTOR-18_170_3C_RESI","plotidentificationnumber":"170","plotno":"170","industrysector":"SECTOR-18","block":"3C","plotsize":"300 SQMT","plotsize_at_the_time_of_allotme":"300 SQMT","landuse_type":"RESIDENTIAL","landuse_subcategory":"RESIDENTIAL","scheme_cod":"RES01","investment":0,"employment":0,"plotstatus":"Allotted","landallotementstatus":"SOLD","landallotementtype":"ALLOTTED","allotmentid":"YEA008745","lease_deed":"Y","lease_deed_date":1695580200000,"village_name":"Achheja Bujurg","khasra_no":"949,961,950","longitude":77.58211853,"latitude":28.313520800000003,"authority":"YEIDA","category":"residential","execution_stage":"lease-recorded"}},{"type":"Feature","geometry":{"type":"Polygon","coordinates":[[[77.582299,28.313402],[77.582306,28.313631],[77.582183,28.313634],[77.582176,28.313405],[77.582299,28.313402]]]},"properties":{"objectid":9381,"uniqueplotid":"PLNGRESIDENTIAL9381","plotmap_id":"SECTOR-18_171_3C_RESI","plotidentificationnumber":"171","plotno":"171","industrysector":"SECTOR-18","block":"3C","plotsize":"300 SQMT","plotsize_at_the_time_of_allotme":"300 SQMT","landuse_type":"RESIDENTIAL","landuse_subcategory":"RESIDENTIAL","scheme_cod":"RES01","investment":0,"employment":0,"plotstatus":"Allotted","landallotementstatus":"SOLD","landallotementtype":"ALLOTTED","allotmentid":"YEA015506","village_name":"Achheja Bujurg","khasra_no":"949,961,950","longitude":77.58224104,"latitude":28.31351791,"authority":"YEIDA","category":"residential","execution_stage":"allotted"}},{"type":"Feature","geometry":{"type":"Polygon","coordinates":[[[77.580951,28.313435],[77.580958,28.313662],[77.580836,28.313665],[77.580828,28.313438],[77.580951,28.313435]]]},"properties":{"objectid":9382,"uniqueplotid":"PLNGRESIDENTIAL9382","plotmap_id":"SECTOR-18_160_3C_RESI","plotidentificationnumber":"160","plotno":"160","industrysector":"SECTOR-18","block":"3C","plotsize":"300 SQMT","plotsize_at_the_time_of_allotme":"300 SQMT","landuse_type":"RESIDENTIAL","landuse_subcategory":"RESIDENTIAL","scheme_cod":"RES01","investment":0,"employment":0,"plotstatus":"Allotted","landallotementstatus":"SOLD","landallotementtype":"ALLOTTED","allotmentid":"YEA009476","village_name":"Achheja Bujurg","khasra_no":"951","longitude":77.58089339,"latitude":28.313549730000002,"authority":"YEIDA","category":"residential","execution_stage":"allotted"}},{"type":"Feature","geometry":{"type":"Polygon","coordinates":[[[77.581203,28.313656],[77.581081,28.313659],[77.581074,28.313432],[77.581196,28.313429],[77.581203,28.313656]]]},"properties":{"objectid":9383,"uniqueplotid":"PLNGRESIDENTIAL9383","plotmap_id":"SECTOR-18_162_3C_RESI","plotidentificationnumber":"162","plotno":"162","industrysector":"SECTOR-18","block":"3C","plotsize":"300 SQMT","plotsize_at_the_time_of_allotme":"300 SQMT","landuse_type":"RESIDENTIAL","landuse_subcategory":"RESIDENTIAL","scheme_cod":"RES01","investment":0,"employment":0,"plotstatus":"Allotted","landallotementstatus":"SOLD","landallotementtype":"ALLOTTED","allotmentid":"YEA013494","village_name":"Achheja Bujurg","khasra_no":"951","longitude":77.5811384,"latitude":28.313543940000002,"authority":"YEIDA","category":"residential","execution_stage":"allotted"}},{"type":"Feature","geometry":{"type":"Polygon","coordinates":[[[77.581081,28.313659],[77.580958,28.313662],[77.580951,28.313435],[77.581074,28.313432],[77.581081,28.313659]]]},"properties":{"objectid":9384,"uniqueplotid":"PLNGRESIDENTIAL9384","plotmap_id":"SECTOR-18_161_3C_RESI","plotidentificationnumber":"161","plotno":"161","industrysector":"SECTOR-18","block":"3C","plotsize":"300 SQMT","plotsize_at_the_time_of_allotme":"300 SQMT","landuse_type":"RESIDENTIAL","landuse_subcategory":"RESIDENTIAL","scheme_cod":"RES01","investment":0,"employment":0,"plotstatus":"Allotted","landallotementstatus":"SOLD","landallotementtype":"ALLOTTED","allotmentid":"YEA015766","village_name":"Achheja Bujurg","khasra_no":"951","longitude":77.58101595000001,"latitude":28.31354684,"authority":"YEIDA","category":"residential","execution_stage":"allotted"}},{"type":"Feature","geometry":{"type":"Polygon","coordinates":[[[77.581875,28.312453],[77.581883,28.312686],[77.581762,28.312689],[77.581754,28.312456],[77.581875,28.312453]]]},"properties":{"objectid":9385,"uniqueplotid":"PLNGRESIDENTIAL9385","plotmap_id":"SECTOR-18_107_3C_RESI","plotidentificationnumber":"107","plotno":"107","industrysector":"SECTOR-18","block":"3C","plotsize":"300 SQMT","plotsize_at_the_time_of_allotme":"300 SQMT","landuse_type":"RESIDENTIAL","landuse_subcategory":"RESIDENTIAL","scheme_cod":"RES01","investment":0,"employment":0,"plotstatus":"Allotted","landallotementstatus":"SOLD","landallotementtype":"ALLOTTED","allotmentid":"YEA004520","village_name":"Achheja Bujurg","khasra_no":"985,986,962,961","longitude":77.5818185,"latitude":28.31257104,"authority":"YEIDA","category":"residential","execution_stage":"allotted"}},{"type":"Feature","geometry":{"type":"Polygon","coordinates":[[[77.581875,28.312453],[77.581754,28.312456],[77.581747,28.312233],[77.581868,28.31223],[77.581875,28.312453]]]},"properties":{"objectid":9386,"uniqueplotid":"PLNGRESIDENTIAL9386","plotmap_id":"SECTOR-18_106_3C_RESI","plotidentificationnumber":"106","plotno":"106","industrysector":"SECTOR-18","block":"3C","plotsize":"300 SQMT","plotsize_at_the_time_of_allotme":"300 SQMT","landuse_type":"RESIDENTIAL","landuse_subcategory":"RESIDENTIAL","scheme_cod":"RES01","investment":0,"employment":0,"plotstatus":"Allotted","landallotementstatus":"SOLD","landallotementtype":"ALLOTTED","allotmentid":"YEA013030","village_name":"Achheja Bujurg","khasra_no":"985,986,962","longitude":77.58181122,"latitude":28.31234325,"authority":"YEIDA","category":"residential","execution_stage":"allotted"}},{"type":"Feature","geometry":{"type":"Polygon","coordinates":[[[77.57958,28.312512],[77.579457,28.312515],[77.57945,28.312291],[77.579573,28.312288],[77.57958,28.312512]]]},"properties":{"objectid":9461,"uniqueplotid":"PLNGRESIDENTIAL9461","plotmap_id":"SECTOR-18_367_3D_RESI","plotidentificationnumber":"367","plotno":"367","industrysector":"SECTOR-18","block":"3D","plotsize":"300 SQMT","plotsize_at_the_time_of_allotme":"300 SQMT","landuse_type":"RESIDENTIAL","landuse_subcategory":"RESIDENTIAL","scheme_cod":"RES01","investment":0,"employment":0,"plotstatus":"Allotted","landallotementstatus":"SOLD","landallotementtype":"ALLOTTED","allotmentid":"YEA012182","lease_deed":"Y","lease_deed_date":1656613800000,"village_name":"Achheja Bujurg","khasra_no":"957,956","longitude":77.57951512,"latitude":28.31240146,"authority":"YEIDA","category":"residential","execution_stage":"lease-recorded"}},{"type":"Feature","geometry":{"type":"Polygon","coordinates":[[[77.579457,28.312515],[77.579335,28.312518],[77.579328,28.312293],[77.57945,28.312291],[77.579457,28.312515]]]},"properties":{"objectid":9462,"uniqueplotid":"PLNGRESIDENTIAL9462","plotmap_id":"SECTOR-18_366_3D_RESI","plotidentificationnumber":"366","plotno":"366","industrysector":"SECTOR-18","block":"3D","plotsize":"300 SQMT","plotsize_at_the_time_of_allotme":"300 SQMT","landuse_type":"RESIDENTIAL","landuse_subcategory":"RESIDENTIAL","scheme_cod":"RES01","investment":0,"employment":0,"plotstatus":"Allotted","landallotementstatus":"SOLD","landallotementtype":"ALLOTTED","allotmentid":"YEA015365","lease_deed":"Y","lease_deed_date":1654108200000,"village_name":"Achheja Bujurg","khasra_no":"957,956","longitude":77.57939261,"latitude":28.31240443,"authority":"YEIDA","category":"residential","execution_stage":"lease-recorded"}},{"type":"Feature","geometry":{"type":"Polygon","coordinates":[[[77.579335,28.312518],[77.579212,28.312521],[77.579205,28.312296],[77.579328,28.312293],[77.579335,28.312518]]]},"properties":{"objectid":9463,"uniqueplotid":"PLNGRESIDENTIAL9463","plotmap_id":"SECTOR-18_365_3D_RESI","plotidentificationnumber":"365","plotno":"365","industrysector":"SECTOR-18","block":"3D","plotsize":"300 SQMT","plotsize_at_the_time_of_allotme":"300 SQMT","landuse_type":"RESIDENTIAL","landuse_subcategory":"RESIDENTIAL","scheme_cod":"RES01","investment":0,"employment":0,"plotstatus":"Allotted","landallotementstatus":"SOLD","landallotementtype":"ALLOTTED","allotmentid":"YEA020456","lease_deed":"Y","lease_deed_date":1716229800000,"village_name":"Achheja Bujurg","khasra_no":"957,953,926","longitude":77.5792701,"latitude":28.31240739,"authority":"YEIDA","category":"residential","execution_stage":"lease-recorded"}},{"type":"Feature","geometry":{"type":"Polygon","coordinates":[[[77.579212,28.312521],[77.57909,28.312525],[77.579083,28.312299],[77.579205,28.312296],[77.579212,28.312521]]]},"properties":{"objectid":9464,"uniqueplotid":"PLNGRESIDENTIAL9464","plotmap_id":"SECTOR-18_364_3D_RESI","plotidentificationnumber":"364","plotno":"364","industrysector":"SECTOR-18","block":"3D","plotsize":"300 SQMT","plotsize_at_the_time_of_allotme":"300 SQMT","landuse_type":"RESIDENTIAL","landuse_subcategory":"RESIDENTIAL","scheme_cod":"RES01","investment":0,"employment":0,"plotstatus":"Allotted","landallotementstatus":"SOLD","landallotementtype":"ALLOTTED","allotmentid":"YEA016379","lease_deed":"Y","lease_deed_date":1647887400000,"village_name":"Achheja Bujurg","khasra_no":"904,975,957,953,909,926","longitude":77.57914757,"latitude":28.31241036,"authority":"YEIDA","category":"residential","execution_stage":"lease-recorded"}},{"type":"Feature","geometry":{"type":"Polygon","coordinates":[[[77.57909,28.312525],[77.578967,28.312528],[77.57896,28.312302],[77.579083,28.312299],[77.57909,28.312525]]]},"properties":{"objectid":9465,"uniqueplotid":"PLNGRESIDENTIAL9465","plotmap_id":"SECTOR-18_363_3D_RESI","plotidentificationnumber":"363","plotno":"363","industrysector":"SECTOR-18","block":"3D","plotsize":"300 SQMT","plotsize_at_the_time_of_allotme":"300 SQMT","landuse_type":"RESIDENTIAL","landuse_subcategory":"RESIDENTIAL","scheme_cod":"RES01","investment":0,"employment":0,"plotstatus":"Allotted","landallotementstatus":"SOLD","landallotementtype":"ALLOTTED","allotmentid":"YEA009059","lease_deed":"Y","lease_deed_date":1658255400000,"village_name":"Achheja Bujurg","khasra_no":"953,909,924,925,926","longitude":77.57902505999999,"latitude":28.31241332,"authority":"YEIDA","category":"residential","execution_stage":"lease-recorded"}},{"type":"Feature","geometry":{"type":"Polygon","coordinates":[[[77.579946,28.312503],[77.579825,28.312506],[77.579818,28.312282],[77.579939,28.31228],[77.579946,28.312503]]]},"properties":{"objectid":9471,"uniqueplotid":"PLNGRESIDENTIAL9471","plotmap_id":"SECTOR-18_370_3D_RESI","plotidentificationnumber":"370","plotno":"370","industrysector":"SECTOR-18","block":"3D","plotsize":"300 SQMT","plotsize_at_the_time_of_allotme":"300 SQMT","landuse_type":"RESIDENTIAL","landuse_subcategory":"RESIDENTIAL","scheme_cod":"RES01","investment":0,"employment":0,"plotstatus":"Allotted","landallotementstatus":"SOLD","landallotementtype":"ALLOTTED","allotmentid":"YEA017714","village_name":"Achheja Bujurg","khasra_no":"957,956","longitude":77.57988178000001,"latitude":28.31239259,"authority":"YEIDA","category":"residential","execution_stage":"allotted"}},{"type":"Feature","geometry":{"type":"Polygon","coordinates":[[[77.579825,28.312506],[77.579702,28.312509],[77.579694,28.312285],[77.579818,28.312282],[77.579825,28.312506]]]},"properties":{"objectid":9472,"uniqueplotid":"PLNGRESIDENTIAL9472","plotmap_id":"SECTOR-18_369_3D_RESI","plotidentificationnumber":"369","plotno":"369","industrysector":"SECTOR-18","block":"3D","plotsize":"300 SQMT","plotsize_at_the_time_of_allotme":"300 SQMT","landuse_type":"RESIDENTIAL","landuse_subcategory":"RESIDENTIAL","scheme_cod":"RES01","investment":0,"employment":0,"plotstatus":"Allotted","landallotementstatus":"SOLD","landallotementtype":"ALLOTTED","allotmentid":"YEA005782","lease_deed":"Y","lease_deed_date":1657564200000,"village_name":"Achheja Bujurg","khasra_no":"957,956","longitude":77.57975942,"latitude":28.31239549,"authority":"YEIDA","category":"residential","execution_stage":"lease-recorded"}},{"type":"Feature","geometry":{"type":"Polygon","coordinates":[[[77.579702,28.312509],[77.57958,28.312512],[77.579573,28.312288],[77.579694,28.312285],[77.579702,28.312509]]]},"properties":{"objectid":9473,"uniqueplotid":"PLNGRESIDENTIAL9473","plotmap_id":"SECTOR-18_368_3D_RESI","plotidentificationnumber":"368","plotno":"368","industrysector":"SECTOR-18","block":"3D","plotsize":"300 SQMT","plotsize_at_the_time_of_allotme":"300 SQMT","landuse_type":"RESIDENTIAL","landuse_subcategory":"RESIDENTIAL","scheme_cod":"RES01","investment":0,"employment":0,"plotstatus":"Allotted","landallotementstatus":"SOLD","landallotementtype":"ALLOTTED","allotmentid":"YEA004257","village_name":"Achheja Bujurg","khasra_no":"957,956","longitude":77.5796371,"latitude":28.31239857,"authority":"YEIDA","category":"residential","execution_stage":"allotted"}},{"type":"Feature","geometry":{"type":"Polygon","coordinates":[[[77.57958,28.312512],[77.579587,28.312744],[77.579465,28.312746],[77.579457,28.312515],[77.57958,28.312512]]]},"properties":{"objectid":9474,"uniqueplotid":"PLNGRESIDENTIAL9474","plotmap_id":"SECTOR-18_346_3D_RESI","plotidentificationnumber":"346","plotno":"346","industrysector":"SECTOR-18","block":"3D","plotsize":"300 SQMT","plotsize_at_the_time_of_allotme":"300 SQMT","landuse_type":"RESIDENTIAL","landuse_subcategory":"RESIDENTIAL","scheme_cod":"RES01","investment":0,"employment":0,"plotstatus":"Allotted","landallotementstatus":"SOLD","landallotementtype":"ALLOTTED","allotmentid":"YEA004449","lease_deed":"Y","lease_deed_date":1674585000000,"village_name":"Achheja Bujurg","khasra_no":"956,953","longitude":77.5795224,"latitude":28.31262924,"authority":"YEIDA","category":"residential","execution_stage":"lease-recorded"}},{"type":"Feature","geometry":{"type":"Polygon","coordinates":[[[77.579465,28.312746],[77.579342,28.312749],[77.579335,28.312518],[77.579457,28.312515],[77.579465,28.312746]]]},"properties":{"objectid":9475,"uniqueplotid":"PLNGRESIDENTIAL9475","plotmap_id":"SECTOR-18_347_3D_RESI","plotidentificationnumber":"347","plotno":"347","industrysector":"SECTOR-18","block":"3D","plotsize":"300 SQMT","plotsize_at_the_time_of_allotme":"300 SQMT","landuse_type":"RESIDENTIAL","landuse_subcategory":"RESIDENTIAL","scheme_cod":"RES01","investment":0,"employment":0,"plotstatus":"Allotted","landallotementstatus":"SOLD","landallotementtype":"ALLOTTED","allotmentid":"YEA004491","lease_deed":"Y","lease_deed_date":1658687400000,"village_name":"Achheja Bujurg","khasra_no":"957,956,953,926","longitude":77.57939989,"latitude":28.31263221,"authority":"YEIDA","category":"residential","execution_stage":"lease-recorded"}},{"type":"Feature","geometry":{"type":"Polygon","coordinates":[[[77.579342,28.312749],[77.57922,28.312752],[77.579212,28.312521],[77.579335,28.312518],[77.579342,28.312749]]]},"properties":{"objectid":9476,"uniqueplotid":"PLNGRESIDENTIAL9476","plotmap_id":"SECTOR-18_348_3D_RESI","plotidentificationnumber":"348","plotno":"348","industrysector":"SECTOR-18","block":"3D","plotsize":"300 SQMT","plotsize_at_the_time_of_allotme":"300 SQMT","landuse_type":"RESIDENTIAL","landuse_subcategory":"RESIDENTIAL","scheme_cod":"RES01","investment":0,"employment":0,"plotstatus":"Allotted","landallotementstatus":"SOLD","landallotementtype":"ALLOTTED","allotmentid":"YEA018277","lease_deed":"Y","lease_deed_date":1695148200000,"village_name":"Achheja Bujurg","khasra_no":"957,956,953,926","longitude":77.57927738,"latitude":28.31263517,"authority":"YEIDA","category":"residential","execution_stage":"lease-recorded"}},{"type":"Feature","geometry":{"type":"Polygon","coordinates":[[[77.579212,28.312521],[77.57922,28.312752],[77.579097,28.312755],[77.57909,28.312525],[77.579212,28.312521]]]},"properties":{"objectid":9477,"uniqueplotid":"PLNGRESIDENTIAL9477","plotmap_id":"SECTOR-18_349_3D_RESI","plotidentificationnumber":"349","plotno":"349","industrysector":"SECTOR-18","block":"3D","plotsize":"300 SQMT","plotsize_at_the_time_of_allotme":"300 SQMT","landuse_type":"RESIDENTIAL","landuse_subcategory":"RESIDENTIAL","scheme_cod":"RES01","investment":0,"employment":0,"plotstatus":"Allotted","landallotementstatus":"SOLD","landallotementtype":"ALLOTTED","allotmentid":"YEA011028","lease_deed":"Y","lease_deed_date":1698431400000,"village_name":"Achheja Bujurg","khasra_no":"926","longitude":77.57915485,"latitude":28.31263814,"authority":"YEIDA","category":"residential","execution_stage":"lease-recorded"}},{"type":"Feature","geometry":{"type":"Polygon","coordinates":[[[77.57909,28.312525],[77.579097,28.312755],[77.578975,28.312758],[77.578967,28.312528],[77.57909,28.312525]]]},"properties":{"objectid":9478,"uniqueplotid":"PLNGRESIDENTIAL9478","plotmap_id":"SECTOR-18_350_3D_RESI","plotidentificationnumber":"350","plotno":"350","industrysector":"SECTOR-18","block":"3D","plotsize":"300 SQMT","plotsize_at_the_time_of_allotme":"300 SQMT","landuse_type":"RESIDENTIAL","landuse_subcategory":"RESIDENTIAL","scheme_cod":"RES01","investment":0,"employment":0,"plotstatus":"Allotted","landallotementstatus":"SOLD","landallotementtype":"ALLOTTED","allotmentid":"YEA006527","lease_deed":"Y","lease_deed_date":1650565800000,"village_name":"Achheja Bujurg","khasra_no":"926","longitude":77.57903234,"latitude":28.3126411,"authority":"YEIDA","category":"residential","execution_stage":"lease-recorded"}},{"type":"Feature","geometry":{"type":"Polygon","coordinates":[[[77.579946,28.312503],[77.579953,28.312735],[77.579832,28.312738],[77.579825,28.312506],[77.579946,28.312503]]]},"properties":{"objectid":9484,"uniqueplotid":"PLNGRESIDENTIAL9484","plotmap_id":"SECTOR-18_343_3D_RESI","plotidentificationnumber":"343","plotno":"343","industrysector":"SECTOR-18","block":"3D","plotsize":"300 SQMT","plotsize_at_the_time_of_allotme":"300 SQMT","landuse_type":"RESIDENTIAL","landuse_subcategory":"RESIDENTIAL","scheme_cod":"RES01","investment":0,"employment":0,"plotstatus":"Allotted","landallotementstatus":"SOLD","landallotementtype":"ALLOTTED","allotmentid":"YEA015018","village_name":"Achheja Bujurg","khasra_no":"956,955","longitude":77.57988906,"latitude":28.31262037,"authority":"YEIDA","category":"residential","execution_stage":"allotted"}},{"type":"Feature","geometry":{"type":"Polygon","coordinates":[[[77.579825,28.312506],[77.579832,28.312738],[77.57971,28.312741],[77.579702,28.312509],[77.579825,28.312506]]]},"properties":{"objectid":9485,"uniqueplotid":"PLNGRESIDENTIAL9485","plotmap_id":"SECTOR-18_344_3D_RESI","plotidentificationnumber":"344","plotno":"344","industrysector":"SECTOR-18","block":"3D","plotsize":"300 SQMT","plotsize_at_the_time_of_allotme":"300 SQMT","landuse_type":"RESIDENTIAL","landuse_subcategory":"RESIDENTIAL","scheme_cod":"RES01","investment":0,"employment":0,"plotstatus":"Allotted","landallotementstatus":"SOLD","landallotementtype":"ALLOTTED","allotmentid":"YEA018694","lease_deed":"Y","lease_deed_date":1656959400000,"village_name":"Achheja Bujurg","khasra_no":"956","longitude":77.57976707,"latitude":28.31262326,"authority":"YEIDA","category":"residential","execution_stage":"lease-recorded"}},{"type":"Feature","geometry":{"type":"Polygon","coordinates":[[[77.579702,28.312509],[77.57971,28.312741],[77.579587,28.312744],[77.57958,28.312512],[77.579702,28.312509]]]},"properties":{"objectid":9486,"uniqueplotid":"PLNGRESIDENTIAL9486","plotmap_id":"SECTOR-18_345_3D_RESI","plotidentificationnumber":"345","plotno":"345","industrysector":"SECTOR-18","block":"3D","plotsize":"300 SQMT","plotsize_at_the_time_of_allotme":"300 SQMT","landuse_type":"RESIDENTIAL","landuse_subcategory":"RESIDENTIAL","scheme_cod":"RES01","investment":0,"employment":0,"plotstatus":"Allotted","landallotementstatus":"SOLD","landallotementtype":"ALLOTTED","allotmentid":"YEA010528","village_name":"Achheja Bujurg","khasra_no":"956","longitude":77.57964476,"latitude":28.31262635,"authority":"YEIDA","category":"residential","execution_stage":"allotted"}},{"type":"Feature","geometry":{"type":"Polygon","coordinates":[[[77.57974,28.313928],[77.579487,28.313934],[77.579484,28.313826],[77.579737,28.313819],[77.57974,28.313928]]]},"properties":{"objectid":9487,"uniqueplotid":"PLNGRESIDENTIAL9487","plotmap_id":"SECTOR-18_326_3D_RESI","plotidentificationnumber":"326","plotno":"326","industrysector":"SECTOR-18","block":"3D","plotsize":"300 SQMT","plotsize_at_the_time_of_allotme":"300 SQMT","landuse_type":"RESIDENTIAL","landuse_subcategory":"RESIDENTIAL","scheme_cod":"RES01","investment":0,"employment":0,"plotstatus":"Allotted","landallotementstatus":"SOLD","landallotementtype":"ALLOTTED","allotmentid":"YEA008006","village_name":"Achheja Bujurg","khasra_no":"929,930","longitude":77.57961213,"latitude":28.31387672,"authority":"YEIDA","category":"residential","execution_stage":"allotted"}},{"type":"Feature","geometry":{"type":"Polygon","coordinates":[[[77.579993,28.313921],[77.57974,28.313928],[77.579737,28.313819],[77.57999,28.313813],[77.579993,28.313921]]]},"properties":{"objectid":9488,"uniqueplotid":"PLNGRESIDENTIAL9488","plotmap_id":"SECTOR-18_333_3D_RESI","plotidentificationnumber":"333","plotno":"333","industrysector":"SECTOR-18","block":"3D","plotsize":"300 SQMT","plotsize_at_the_time_of_allotme":"300 SQMT","landuse_type":"RESIDENTIAL","landuse_subcategory":"RESIDENTIAL","scheme_cod":"RES01","investment":0,"employment":0,"plotstatus":"Allotted","landallotementstatus":"SOLD","landallotementtype":"ALLOTTED","allotmentid":"YEA014565","village_name":"Achheja Bujurg","khasra_no":"929,930","longitude":77.57986492,"latitude":28.31387025,"authority":"YEIDA","category":"residential","execution_stage":"allotted"}},{"type":"Feature","geometry":{"type":"Polygon","coordinates":[[[77.579737,28.313819],[77.579484,28.313826],[77.579481,28.313718],[77.579733,28.313711],[77.579737,28.313819]]]},"properties":{"objectid":9489,"uniqueplotid":"PLNGRESIDENTIAL9489","plotmap_id":"SECTOR-18_325_3D_RESI","plotidentificationnumber":"325","plotno":"325","industrysector":"SECTOR-18","block":"3D","plotsize":"300 SQMT","plotsize_at_the_time_of_allotme":"300 SQMT","landuse_type":"RESIDENTIAL","landuse_subcategory":"RESIDENTIAL","scheme_cod":"RES01","investment":0,"employment":0,"plotstatus":"Allotted","landallotementstatus":"SOLD","landallotementtype":"ALLOTTED","allotmentid":"YEA006014","village_name":"Achheja Bujurg","khasra_no":"928,929","longitude":77.57960867999999,"latitude":28.31376848,"authority":"YEIDA","category":"residential","execution_stage":"allotted"}},{"type":"Feature","geometry":{"type":"Polygon","coordinates":[[[77.57999,28.313813],[77.579737,28.313819],[77.579733,28.313711],[77.579986,28.313705],[77.57999,28.313813]]]},"properties":{"objectid":9490,"uniqueplotid":"PLNGRESIDENTIAL9490","plotmap_id":"SECTOR-18_334_3D_RESI","plotidentificationnumber":"334","plotno":"334","industrysector":"SECTOR-18","block":"3D","plotsize":"300 SQMT","plotsize_at_the_time_of_allotme":"300 SQMT","landuse_type":"RESIDENTIAL","landuse_subcategory":"RESIDENTIAL","scheme_cod":"RES01","investment":0,"employment":0,"plotstatus":"Allotted","landallotementstatus":"SOLD","landallotementtype":"ALLOTTED","allotmentid":"YEA013009","village_name":"Achheja Bujurg","khasra_no":"929,930","longitude":77.57986147000001,"latitude":28.31376201,"authority":"YEIDA","category":"residential","execution_stage":"allotted"}},{"type":"Feature","geometry":{"type":"Polygon","coordinates":[[[77.579733,28.313711],[77.579481,28.313718],[77.579477,28.313609],[77.57973,28.313603],[77.579733,28.313711]]]},"properties":{"objectid":9491,"uniqueplotid":"PLNGRESIDENTIAL9491","plotmap_id":"SECTOR-18_324_3D_RESI","plotidentificationnumber":"324","plotno":"324","industrysector":"SECTOR-18","block":"3D","plotsize":"300 SQMT","plotsize_at_the_time_of_allotme":"300 SQMT","landuse_type":"RESIDENTIAL","landuse_subcategory":"RESIDENTIAL","scheme_cod":"RES01","investment":0,"employment":0,"plotstatus":"Allotted","landallotementstatus":"SOLD","landallotementtype":"ALLOTTED","allotmentid":"YEA013431","village_name":"Achheja Bujurg","khasra_no":"927,928,929","longitude":77.57960523,"latitude":28.31366023,"authority":"YEIDA","category":"residential","execution_stage":"allotted"}},{"type":"Feature","geometry":{"type":"Polygon","coordinates":[[[77.579986,28.313705],[77.579733,28.313711],[77.57973,28.313603],[77.579983,28.313596],[77.579986,28.313705]]]},"properties":{"objectid":9492,"uniqueplotid":"PLNGRESIDENTIAL9492","plotmap_id":"SECTOR-18_335_3D_RESI","plotidentificationnumber":"335","plotno":"335","industrysector":"SECTOR-18","block":"3D","plotsize":"300 SQMT","plotsize_at_the_time_of_allotme":"300 SQMT","landuse_type":"RESIDENTIAL","landuse_subcategory":"RESIDENTIAL","scheme_cod":"RES01","investment":0,"employment":0,"plotstatus":"Allotted","landallotementstatus":"SOLD","landallotementtype":"ALLOTTED","allotmentid":"YEA006900","village_name":"Achheja Bujurg","khasra_no":"928,929","longitude":77.57985802,"latitude":28.313653770000002,"authority":"YEIDA","category":"residential","execution_stage":"allotted"}},{"type":"Feature","geometry":{"type":"Polygon","coordinates":[[[77.57973,28.313603],[77.579477,28.313609],[77.579474,28.313501],[77.579726,28.313495],[77.57973,28.313603]]]},"properties":{"objectid":9493,"uniqueplotid":"PLNGRESIDENTIAL9493","plotmap_id":"SECTOR-18_323_3D_RESI","plotidentificationnumber":"323","plotno":"323","industrysector":"SECTOR-18","block":"3D","plotsize":"300 SQMT","plotsize_at_the_time_of_allotme":"300 SQMT","landuse_type":"RESIDENTIAL","landuse_subcategory":"RESIDENTIAL","scheme_cod":"RES01","investment":0,"employment":0,"plotstatus":"Allotted","landallotementstatus":"SOLD","landallotementtype":"ALLOTTED","allotmentid":"YEA007782","village_name":"Achheja Bujurg","khasra_no":"927,928","longitude":77.57960178,"latitude":28.31355199,"authority":"YEIDA","category":"residential","execution_stage":"allotted"}},{"type":"Feature","geometry":{"type":"Polygon","coordinates":[[[77.579983,28.313596],[77.57973,28.313603],[77.579726,28.313495],[77.579979,28.313488],[77.579983,28.313596]]]},"properties":{"objectid":9494,"uniqueplotid":"PLNGRESIDENTIAL9494","plotmap_id":"SECTOR-18_336_3D_RESI","plotidentificationnumber":"336","plotno":"336","industrysector":"SECTOR-18","block":"3D","plotsize":"300 SQMT","plotsize_at_the_time_of_allotme":"300 SQMT","landuse_type":"RESIDENTIAL","landuse_subcategory":"RESIDENTIAL","scheme_cod":"RES01","investment":0,"employment":0,"plotstatus":"Allotted","landallotementstatus":"SOLD","landallotementtype":"ALLOTTED","allotmentid":"YEA011125","village_name":"Achheja Bujurg","khasra_no":"928,929","longitude":77.57985457000001,"latitude":28.313545530000003,"authority":"YEIDA","category":"residential","execution_stage":"allotted"}},{"type":"Feature","geometry":{"type":"Polygon","coordinates":[[[77.579726,28.313495],[77.579474,28.313501],[77.57947,28.313393],[77.579723,28.313386],[77.579726,28.313495]]]},"properties":{"objectid":9495,"uniqueplotid":"PLNGRESIDENTIAL9495","plotmap_id":"SECTOR-18_322_3D_RESI","plotidentificationnumber":"322","plotno":"322","industrysector":"SECTOR-18","block":"3D","plotsize":"300 SQMT","plotsize_at_the_time_of_allotme":"300 SQMT","landuse_type":"RESIDENTIAL","landuse_subcategory":"RESIDENTIAL","scheme_cod":"RES01","investment":0,"employment":0,"plotstatus":"Allotted","landallotementstatus":"SOLD","landallotementtype":"ALLOTTED","allotmentid":"YEA004227","village_name":"Achheja Bujurg","khasra_no":"927,928","longitude":77.57959833,"latitude":28.31344375,"authority":"YEIDA","category":"residential","execution_stage":"allotted"}},{"type":"Feature","geometry":{"type":"Polygon","coordinates":[[[77.579979,28.313488],[77.579726,28.313495],[77.579723,28.313386],[77.579976,28.31338],[77.579979,28.313488]]]},"properties":{"objectid":9496,"uniqueplotid":"PLNGRESIDENTIAL9496","plotmap_id":"SECTOR-18_337_3D_RESI","plotidentificationnumber":"337","plotno":"337","industrysector":"SECTOR-18","block":"3D","plotsize":"300 SQMT","plotsize_at_the_time_of_allotme":"300 SQMT","landuse_type":"RESIDENTIAL","landuse_subcategory":"RESIDENTIAL","scheme_cod":"RES01","investment":0,"employment":0,"plotstatus":"Allotted","landallotementstatus":"SOLD","landallotementtype":"ALLOTTED","allotmentid":"YEA013968","village_name":"Achheja Bujurg","khasra_no":"953,927,928","longitude":77.57985112,"latitude":28.313437280000002,"authority":"YEIDA","category":"residential","execution_stage":"allotted"}},{"type":"Feature","geometry":{"type":"Polygon","coordinates":[[[77.579723,28.313386],[77.57947,28.313393],[77.579467,28.313285],[77.57972,28.313279],[77.579723,28.313386]]]},"properties":{"objectid":9497,"uniqueplotid":"PLNGRESIDENTIAL9497","plotmap_id":"SECTOR-18_321_3D_RESI","plotidentificationnumber":"321","plotno":"321","industrysector":"SECTOR-18","block":"3D","plotsize":"300 SQMT","plotsize_at_the_time_of_allotme":"300 SQMT","landuse_type":"RESIDENTIAL","landuse_subcategory":"RESIDENTIAL","scheme_cod":"RES01","investment":0,"employment":0,"plotstatus":"Allotted","landallotementstatus":"SOLD","landallotementtype":"ALLOTTED","allotmentid":"YEA015031","village_name":"Achheja Bujurg","khasra_no":"926,927","longitude":77.57959482,"latitude":28.313335770000002,"authority":"YEIDA","category":"residential","execution_stage":"allotted"}},{"type":"Feature","geometry":{"type":"Polygon","coordinates":[[[77.579976,28.31338],[77.579723,28.313386],[77.57972,28.313279],[77.579972,28.313273],[77.579976,28.31338]]]},"properties":{"objectid":9498,"uniqueplotid":"PLNGRESIDENTIAL9498","plotmap_id":"SECTOR-18_338_3D_RESI","plotidentificationnumber":"338","plotno":"338","industrysector":"SECTOR-18","block":"3D","plotsize":"300 SQMT","plotsize_at_the_time_of_allotme":"300 SQMT","landuse_type":"RESIDENTIAL","landuse_subcategory":"RESIDENTIAL","scheme_cod":"RES01","investment":0,"employment":0,"plotstatus":"Allotted","landallotementstatus":"SOLD","landallotementtype":"ALLOTTED","allotmentid":"YEA011071","village_name":"Achheja Bujurg","khasra_no":"953,927,928,952","longitude":77.57984762000001,"latitude":28.31332965,"authority":"YEIDA","category":"residential","execution_stage":"allotted"}},{"type":"Feature","geometry":{"type":"Polygon","coordinates":[[[77.579716,28.31317],[77.57972,28.313279],[77.579467,28.313285],[77.579463,28.313176],[77.579716,28.31317]]]},"properties":{"objectid":9499,"uniqueplotid":"PLNGRESIDENTIAL9499","plotmap_id":"SECTOR-18_320_3D_RESI","plotidentificationnumber":"320","plotno":"320","industrysector":"SECTOR-18","block":"3D","plotsize":"300 SQMT","plotsize_at_the_time_of_allotme":"300 SQMT","landuse_type":"RESIDENTIAL","landuse_subcategory":"RESIDENTIAL","scheme_cod":"RES01","investment":0,"employment":0,"plotstatus":"Allotted","landallotementstatus":"SOLD","landallotementtype":"ALLOTTED","allotmentid":"YEA020580","lease_deed":"Y","lease_deed_date":1565029800000,"village_name":"Achheja Bujurg","khasra_no":"926,927","longitude":77.57959151,"latitude":28.31322735,"authority":"YEIDA","category":"residential","execution_stage":"lease-recorded"}},{"type":"Feature","geometry":{"type":"Polygon","coordinates":[[[77.579969,28.313163],[77.579972,28.313273],[77.57972,28.313279],[77.579716,28.31317],[77.579969,28.313163]]]},"properties":{"objectid":9500,"uniqueplotid":"PLNGRESIDENTIAL9500","plotmap_id":"SECTOR-18_339_3D_RESI","plotidentificationnumber":"339","plotno":"339","industrysector":"SECTOR-18","block":"3D","plotsize":"300 SQMT","plotsize_at_the_time_of_allotme":"300 SQMT","landuse_type":"RESIDENTIAL","landuse_subcategory":"RESIDENTIAL","scheme_cod":"RES01","investment":0,"employment":0,"plotstatus":"Allotted","landallotementstatus":"SOLD","landallotementtype":"ALLOTTED","allotmentid":"YEA016026","village_name":"Achheja Bujurg","khasra_no":"953,926,927,952","longitude":77.57984431000001,"latitude":28.31322123,"authority":"YEIDA","category":"residential","execution_stage":"allotted"}},{"type":"Feature","geometry":{"type":"Polygon","coordinates":[[[77.579716,28.31317],[77.579463,28.313176],[77.57946,28.313068],[77.579713,28.313062],[77.579716,28.31317]]]},"properties":{"objectid":9501,"uniqueplotid":"PLNGRESIDENTIAL9501","plotmap_id":"SECTOR-18_319_3D_RESI","plotidentificationnumber":"319","plotno":"319","industrysector":"SECTOR-18","block":"3D","plotsize":"300 SQMT","plotsize_at_the_time_of_allotme":"300 SQMT","landuse_type":"RESIDENTIAL","landuse_subcategory":"RESIDENTIAL","scheme_cod":"RES01","investment":0,"employment":0,"plotstatus":"Allotted","landallotementstatus":"SOLD","landallotementtype":"ALLOTTED","allotmentid":"YEA016252","lease_deed":"Y","lease_deed_date":1713378600000,"village_name":"Achheja Bujurg","khasra_no":"953,926","longitude":77.57958799,"latitude":28.31311902,"authority":"YEIDA","category":"residential","execution_stage":"lease-recorded"}},{"type":"Feature","geometry":{"type":"Polygon","coordinates":[[[77.579969,28.313163],[77.579716,28.31317],[77.579713,28.313062],[77.579965,28.313055],[77.579969,28.313163]]]},"properties":{"objectid":9502,"uniqueplotid":"PLNGRESIDENTIAL9502","plotmap_id":"SECTOR-18_340_3D_RESI","plotidentificationnumber":"340","plotno":"340","industrysector":"SECTOR-18","block":"3D","plotsize":"300 SQMT","plotsize_at_the_time_of_allotme":"300 SQMT","landuse_type":"RESIDENTIAL","landuse_subcategory":"RESIDENTIAL","scheme_cod":"RES01","investment":0,"employment":0,"plotstatus":"Allotted","landallotementstatus":"SOLD","landallotementtype":"ALLOTTED","allotmentid":"YEA018327","village_name":"Achheja Bujurg","khasra_no":"953,926,952,954","longitude":77.57984077,"latitude":28.313112559999997,"authority":"YEIDA","category":"residential","execution_stage":"allotted"}},{"type":"Feature","geometry":{"type":"Polygon","coordinates":[[[77.579713,28.313062],[77.57946,28.313068],[77.579456,28.31296],[77.579709,28.312953],[77.579713,28.313062]]]},"properties":{"objectid":9503,"uniqueplotid":"PLNGRESIDENTIAL9503","plotmap_id":"SECTOR-18_318_3D_RESI","plotidentificationnumber":"318","plotno":"318","industrysector":"SECTOR-18","block":"3D","plotsize":"300 SQMT","plotsize_at_the_time_of_allotme":"300 SQMT","landuse_type":"RESIDENTIAL","landuse_subcategory":"RESIDENTIAL","scheme_cod":"RES01","investment":0,"employment":0,"plotstatus":"Allotted","landallotementstatus":"SOLD","landallotementtype":"ALLOTTED","allotmentid":"YEA004743","lease_deed":"Y","lease_deed_date":1701109800000,"village_name":"Achheja Bujurg","khasra_no":"953,926,955","longitude":77.57958454,"latitude":28.31301078,"authority":"YEIDA","category":"residential","execution_stage":"lease-recorded"}},{"type":"Feature","geometry":{"type":"Polygon","coordinates":[[[77.579965,28.313055],[77.579713,28.313062],[77.579709,28.312953],[77.579962,28.312947],[77.579965,28.313055]]]},"properties":{"objectid":9504,"uniqueplotid":"PLNGRESIDENTIAL9504","plotmap_id":"SECTOR-18_341_3D_RESI","plotidentificationnumber":"341","plotno":"341","industrysector":"SECTOR-18","block":"3D","plotsize":"300 SQMT","plotsize_at_the_time_of_allotme":"300 SQMT","landuse_type":"RESIDENTIAL","landuse_subcategory":"RESIDENTIAL","scheme_cod":"RES01","investment":0,"employment":0,"plotstatus":"Allotted","landallotementstatus":"SOLD","landallotementtype":"ALLOTTED","allotmentid":"YEA020703","village_name":"Achheja Bujurg","khasra_no":"953,955,954","longitude":77.57983732000001,"latitude":28.31300431,"authority":"YEIDA","category":"residential","execution_stage":"allotted"}},{"type":"Feature","geometry":{"type":"Polygon","coordinates":[[[77.579709,28.312953],[77.579456,28.31296],[77.579453,28.31285],[77.579706,28.312844],[77.579709,28.312953]]]},"properties":{"objectid":9505,"uniqueplotid":"PLNGRESIDENTIAL9505","plotmap_id":"SECTOR-18_317_3D_RESI","plotidentificationnumber":"317","plotno":"317","industrysector":"SECTOR-18","block":"3D","plotsize":"300 SQMT","plotsize_at_the_time_of_allotme":"300 SQMT","landuse_type":"RESIDENTIAL","landuse_subcategory":"RESIDENTIAL","scheme_cod":"RES01","investment":0,"employment":0,"plotstatus":"Allotted","landallotementstatus":"SOLD","landallotementtype":"ALLOTTED","allotmentid":"YEA014266","village_name":"Achheja Bujurg","khasra_no":"956,953,926,955","longitude":77.57958099999999,"latitude":28.3129021,"authority":"YEIDA","category":"residential","execution_stage":"allotted"}},{"type":"Feature","geometry":{"type":"Polygon","coordinates":[[[77.579962,28.312947],[77.579709,28.312953],[77.579706,28.312844],[77.579959,28.312839],[77.579962,28.312947]]]},"properties":{"objectid":9506,"uniqueplotid":"PLNGRESIDENTIAL9506","plotmap_id":"SECTOR-18_342_3D_RESI","plotidentificationnumber":"342","plotno":"342","industrysector":"SECTOR-18","block":"3D","plotsize":"300 SQMT","plotsize_at_the_time_of_allotme":"300 SQMT","landuse_type":"RESIDENTIAL","landuse_subcategory":"RESIDENTIAL","scheme_cod":"RES01","investment":0,"employment":0,"plotstatus":"Allotted","landallotementstatus":"SOLD","landallotementtype":"ALLOTTED","allotmentid":"YEA004401","village_name":"Achheja Bujurg","khasra_no":"956,955,954","longitude":77.5798338,"latitude":28.312895989999998,"authority":"YEIDA","category":"residential","execution_stage":"allotted"}},{"type":"Feature","geometry":{"type":"Polygon","coordinates":[[[77.579347,28.313475],[77.579225,28.313478],[77.579217,28.313255],[77.57934,28.313252],[77.579347,28.313475]]]},"properties":{"objectid":9517,"uniqueplotid":"PLNGRESIDENTIAL9517","plotmap_id":"SECTOR-18_304_3D_RESI","plotidentificationnumber":"304","plotno":"304","industrysector":"SECTOR-18","block":"3D","plotsize":"300 SQMT","plotsize_at_the_time_of_allotme":"300 SQMT","landuse_type":"RESIDENTIAL","landuse_subcategory":"RESIDENTIAL","scheme_cod":"RES01","investment":0,"employment":0,"plotstatus":"Allotted","landallotementstatus":"SOLD","landallotementtype":"ALLOTTED","allotmentid":"YEA010310","village_name":"Achheja Bujurg","khasra_no":"926,927","longitude":77.57928205,"latitude":28.31336487,"authority":"YEIDA","category":"residential","execution_stage":"allotted"}},{"type":"Feature","geometry":{"type":"Polygon","coordinates":[[[77.579225,28.313478],[77.579103,28.313481],[77.579095,28.313257],[77.579217,28.313255],[77.579225,28.313478]]]},"properties":{"objectid":9518,"uniqueplotid":"PLNGRESIDENTIAL9518","plotmap_id":"SECTOR-18_305_3D_RESI","plotidentificationnumber":"305","plotno":"305","industrysector":"SECTOR-18","block":"3D","plotsize":"300 SQMT","plotsize_at_the_time_of_allotme":"300 SQMT","landuse_type":"RESIDENTIAL","landuse_subcategory":"RESIDENTIAL","scheme_cod":"RES01","investment":0,"employment":0,"plotstatus":"Allotted","landallotementstatus":"SOLD","landallotementtype":"ALLOTTED","allotmentid":"YEA009946","lease_deed":"Y","lease_deed_date":1721068200000,"village_name":"Achheja Bujurg","khasra_no":"926","longitude":77.57915994,"latitude":28.313367900000003,"authority":"YEIDA","category":"residential","execution_stage":"lease-recorded"}},{"type":"Feature","geometry":{"type":"Polygon","coordinates":[[[77.579103,28.313481],[77.57898,28.313484],[77.578972,28.31326],[77.579095,28.313257],[77.579103,28.313481]]]},"properties":{"objectid":9519,"uniqueplotid":"PLNGRESIDENTIAL9519","plotmap_id":"SECTOR-18_306_3D_RESI","plotidentificationnumber":"306","plotno":"306","industrysector":"SECTOR-18","block":"3D","plotsize":"300 SQMT","plotsize_at_the_time_of_allotme":"300 SQMT","landuse_type":"RESIDENTIAL","landuse_subcategory":"RESIDENTIAL","scheme_cod":"RES01","investment":0,"employment":0,"plotstatus":"Allotted","landallotementstatus":"SOLD","landallotementtype":"ALLOTTED","allotmentid":"YEA005851","lease_deed":"Y","lease_deed_date":1653244200000,"village_name":"Achheja Bujurg","khasra_no":"934,926,931","longitude":77.57903739,"latitude":28.313370850000002,"authority":"YEIDA","category":"residential","execution_stage":"lease-recorded"}},{"type":"Feature","geometry":{"type":"Polygon","coordinates":[[[77.579347,28.313475],[77.579354,28.313707],[77.579233,28.31371],[77.579225,28.313478],[77.579347,28.313475]]]},"properties":{"objectid":9530,"uniqueplotid":"PLNGRESIDENTIAL9530","plotmap_id":"SECTOR-18_303_3D_RESI","plotidentificationnumber":"303","plotno":"303","industrysector":"SECTOR-18","block":"3D","plotsize":"300 SQMT","plotsize_at_the_time_of_allotme":"300 SQMT","landuse_type":"RESIDENTIAL","landuse_subcategory":"RESIDENTIAL","scheme_cod":"RES01","investment":0,"employment":0,"plotstatus":"Allotted","landallotementstatus":"SOLD","landallotementtype":"ALLOTTED","allotmentid":"YEA007659","village_name":"Achheja Bujurg","khasra_no":"926,927","longitude":77.57928972,"latitude":28.31359247,"authority":"YEIDA","category":"residential","execution_stage":"allotted"}},{"type":"Feature","geometry":{"type":"Polygon","coordinates":[[[77.579225,28.313478],[77.579233,28.31371],[77.579111,28.313713],[77.579103,28.313481],[77.579225,28.313478]]]},"properties":{"objectid":9531,"uniqueplotid":"PLNGRESIDENTIAL9531","plotmap_id":"SECTOR-18_302_3D_RESI","plotidentificationnumber":"302","plotno":"302","industrysector":"SECTOR-18","block":"3D","plotsize":"300 SQMT","plotsize_at_the_time_of_allotme":"300 SQMT","landuse_type":"RESIDENTIAL","landuse_subcategory":"RESIDENTIAL","scheme_cod":"RES01","investment":0,"employment":0,"plotstatus":"Allotted","landallotementstatus":"SOLD","landallotementtype":"ALLOTTED","allotmentid":"YEA009666","village_name":"Achheja Bujurg","khasra_no":"933,926,927,931","longitude":77.57916797,"latitude":28.31359548,"authority":"YEIDA","category":"residential","execution_stage":"allotted"}},{"type":"Feature","geometry":{"type":"Polygon","coordinates":[[[77.579103,28.313481],[77.579111,28.313713],[77.578988,28.313715],[77.57898,28.313484],[77.579103,28.313481]]]},"properties":{"objectid":9532,"uniqueplotid":"PLNGRESIDENTIAL9532","plotmap_id":"SECTOR-18_301_3D_RESI","plotidentificationnumber":"301","plotno":"301","industrysector":"SECTOR-18","block":"3D","plotsize":"300 SQMT","plotsize_at_the_time_of_allotme":"300 SQMT","landuse_type":"RESIDENTIAL","landuse_subcategory":"RESIDENTIAL","scheme_cod":"RES01","investment":0,"employment":0,"plotstatus":"Allotted","landallotementstatus":"SOLD","landallotementtype":"ALLOTTED","allotmentid":"YEA018956","village_name":"Achheja Bujurg","khasra_no":"934,933,926,931","longitude":77.57904547,"latitude":28.31359845,"authority":"YEIDA","category":"residential","execution_stage":"allotted"}},{"type":"Feature","geometry":{"type":"Polygon","coordinates":[[[77.579,28.314046],[77.579008,28.314275],[77.578886,28.314277],[77.578878,28.314049],[77.579,28.314046]]]},"properties":{"objectid":9708,"uniqueplotid":"PLNGRESIDENTIAL9708","plotmap_id":"SECTOR-18_274_3D_RESI","plotidentificationnumber":"274","plotno":"274","industrysector":"SECTOR-18","block":"3D","plotsize":"300 SQMT","plotsize_at_the_time_of_allotme":"300 SQMT","landuse_type":"RESIDENTIAL","landuse_subcategory":"RESIDENTIAL","scheme_cod":"RES01","investment":0,"employment":0,"plotstatus":"Allotted","landallotementstatus":"SOLD","landallotementtype":"ALLOTTED","allotmentid":"YEA004658","lease_deed":"Y","lease_deed_date":1656959400000,"village_name":"Achheja Bujurg","khasra_no":"933","longitude":77.57894303,"latitude":28.31416177,"authority":"YEIDA","category":"residential","execution_stage":"lease-recorded"}},{"type":"Feature","geometry":{"type":"Polygon","coordinates":[[[77.582203,28.314193],[77.582081,28.314196],[77.582072,28.313965],[77.582196,28.313962],[77.582203,28.314193]]]},"properties":{"objectid":9711,"uniqueplotid":"PLNGRESIDENTIAL9711","plotmap_id":"SECTOR-18_196_3C_RESI","plotidentificationnumber":"196","plotno":"196","industrysector":"SECTOR-18","block":"3C","plotsize":"300 SQMT","plotsize_at_the_time_of_allotme":"300 SQMT","landuse_type":"RESIDENTIAL","landuse_subcategory":"RESIDENTIAL","scheme_cod":"RES01","investment":0,"employment":0,"plotstatus":"Allotted","landallotementstatus":"SOLD","landallotementtype":"ALLOTTED","allotmentid":"YEA016117","lease_deed":"Y","lease_deed_date":1697740200000,"village_name":"Achheja Bujurg","khasra_no":"949,948","longitude":77.58213787999999,"latitude":28.31407901,"authority":"YEIDA","category":"residential","execution_stage":"lease-recorded"}},{"type":"Feature","geometry":{"type":"Polygon","coordinates":[[[77.580052,28.315486],[77.579796,28.315492],[77.579792,28.315384],[77.580049,28.315378],[77.580052,28.315486]]]},"properties":{"objectid":9727,"uniqueplotid":"PLNGRESIDENTIAL9727","plotmap_id":"SECTOR-18_147_5D_RESI","plotidentificationnumber":"147","plotno":"147","industrysector":"SECTOR-18","block":"5D","plotsize":"300 SQMT","plotsize_at_the_time_of_allotme":"300 SQMT","landuse_type":"RESIDENTIAL","landuse_subcategory":"RESIDENTIAL","scheme_cod":"RES01","investment":0,"employment":0,"plotstatus":"Allotted","landallotementstatus":"SOLD","landallotementtype":"ALLOTTED","allotmentid":"YEA013294","lease_deed":"Y","lease_deed_date":1740076200000,"village_name":"Achheja Bujurg","khasra_no":"946,945","longitude":77.579922,"latitude":28.31543521,"authority":"YEIDA","category":"residential","execution_stage":"lease-recorded"}},{"type":"Feature","geometry":{"type":"Polygon","coordinates":[[[77.581338,28.313984],[77.581216,28.313987],[77.581209,28.31376],[77.581331,28.313758],[77.581338,28.313984]]]},"properties":{"objectid":9732,"uniqueplotid":"PLNGRESIDENTIAL9732","plotmap_id":"SECTOR-18_182_3C_RESI","plotidentificationnumber":"182","plotno":"182","industrysector":"SECTOR-18","block":"3C","plotsize":"300 SQMT","plotsize_at_the_time_of_allotme":"300 SQMT","landuse_type":"RESIDENTIAL","landuse_subcategory":"RESIDENTIAL","scheme_cod":"RES01","investment":0,"employment":0,"plotstatus":"Allotted","landallotementstatus":"SOLD","landallotementtype":"ALLOTTED","allotmentid":"YEA009694","village_name":"Achheja Bujurg","khasra_no":"951","longitude":77.58127348,"latitude":28.31387221,"authority":"YEIDA","category":"residential","execution_stage":"allotted"}},{"type":"Feature","geometry":{"type":"Polygon","coordinates":[[[77.581461,28.313981],[77.581338,28.313984],[77.581331,28.313758],[77.581454,28.313755],[77.581461,28.313981]]]},"properties":{"objectid":9733,"uniqueplotid":"PLNGRESIDENTIAL9733","plotmap_id":"SECTOR-18_181_3C_RESI","plotidentificationnumber":"181","plotno":"181","industrysector":"SECTOR-18","block":"3C","plotsize":"300 SQMT","plotsize_at_the_time_of_allotme":"300 SQMT","landuse_type":"RESIDENTIAL","landuse_subcategory":"RESIDENTIAL","scheme_cod":"RES01","investment":0,"employment":0,"plotstatus":"Allotted","landallotementstatus":"SOLD","landallotementtype":"ALLOTTED","allotmentid":"YEA010664","village_name":"Achheja Bujurg","khasra_no":"951","longitude":77.58139593,"latitude":28.31386924,"authority":"YEIDA","category":"residential","execution_stage":"allotted"}},{"type":"Feature","geometry":{"type":"Polygon","coordinates":[[[77.581582,28.313978],[77.581461,28.313981],[77.581454,28.313755],[77.581574,28.313752],[77.581582,28.313978]]]},"properties":{"objectid":9734,"uniqueplotid":"PLNGRESIDENTIAL9734","plotmap_id":"SECTOR-18_180_3C_RESI","plotidentificationnumber":"180","plotno":"180","industrysector":"SECTOR-18","block":"3C","plotsize":"300 SQMT","plotsize_at_the_time_of_allotme":"300 SQMT","landuse_type":"RESIDENTIAL","landuse_subcategory":"RESIDENTIAL","scheme_cod":"RES01","investment":0,"employment":0,"plotstatus":"Allotted","landallotementstatus":"SOLD","landallotementtype":"ALLOTTED","allotmentid":"YEA015563","village_name":"Achheja Bujurg","khasra_no":"951,950","longitude":77.58151788,"latitude":28.313866360000002,"authority":"YEIDA","category":"residential","execution_stage":"allotted"}},{"type":"Feature","geometry":{"type":"Polygon","coordinates":[[[77.581706,28.313974],[77.581582,28.313978],[77.581574,28.313752],[77.581699,28.313749],[77.581706,28.313974]]]},"properties":{"objectid":9735,"uniqueplotid":"PLNGRESIDENTIAL9735","plotmap_id":"SECTOR-18_179_3C_RESI","plotidentificationnumber":"179","plotno":"179","industrysector":"SECTOR-18","block":"3C","plotsize":"300 SQMT","plotsize_at_the_time_of_allotme":"300 SQMT","landuse_type":"RESIDENTIAL","landuse_subcategory":"RESIDENTIAL","scheme_cod":"RES01","investment":0,"employment":0,"plotstatus":"Allotted","landallotementstatus":"SOLD","landallotementtype":"ALLOTTED","allotmentid":"YEA016356","lease_deed":"Y","lease_deed_date":1657477800000,"village_name":"Achheja Bujurg","khasra_no":"951,949,950","longitude":77.58164024,"latitude":28.31386327,"authority":"YEIDA","category":"residential","execution_stage":"lease-recorded"}},{"type":"Feature","geometry":{"type":"Polygon","coordinates":[[[77.581827,28.313971],[77.581706,28.313974],[77.581699,28.313749],[77.581819,28.313746],[77.581827,28.313971]]]},"properties":{"objectid":9736,"uniqueplotid":"PLNGRESIDENTIAL9736","plotmap_id":"SECTOR-18_178_3C_RESI","plotidentificationnumber":"178","plotno":"178","industrysector":"SECTOR-18","block":"3C","plotsize":"300 SQMT","plotsize_at_the_time_of_allotme":"300 SQMT","landuse_type":"RESIDENTIAL","landuse_subcategory":"RESIDENTIAL","scheme_cod":"RES01","investment":0,"employment":0,"plotstatus":"Allotted","landallotementstatus":"SOLD","landallotementtype":"ALLOTTED","allotmentid":"YEA015217","village_name":"Achheja Bujurg","khasra_no":"951,949,950","longitude":77.58176295,"latitude":28.313860430000002,"authority":"YEIDA","category":"residential","execution_stage":"allotted"}},{"type":"Feature","geometry":{"type":"Polygon","coordinates":[[[77.58195,28.313968],[77.581827,28.313971],[77.581819,28.313746],[77.581942,28.313744],[77.58195,28.313968]]]},"properties":{"objectid":9737,"uniqueplotid":"PLNGRESIDENTIAL9737","plotmap_id":"SECTOR-18_177_3C_RESI","plotidentificationnumber":"177","plotno":"177","industrysector":"SECTOR-18","block":"3C","plotsize":"300 SQMT","plotsize_at_the_time_of_allotme":"300 SQMT","landuse_type":"RESIDENTIAL","landuse_subcategory":"RESIDENTIAL","scheme_cod":"RES01","investment":0,"employment":0,"plotstatus":"Allotted","landallotementstatus":"SOLD","landallotementtype":"ALLOTTED","allotmentid":"YEA019009","lease_deed":"Y","lease_deed_date":1674585000000,"village_name":"Achheja Bujurg","khasra_no":"951,949,950","longitude":77.58188469,"latitude":28.31385742,"authority":"YEIDA","category":"residential","execution_stage":"lease-recorded"}},{"type":"Feature","geometry":{"type":"Polygon","coordinates":[[[77.582072,28.313965],[77.58195,28.313968],[77.581942,28.313744],[77.582064,28.313741],[77.582072,28.313965]]]},"properties":{"objectid":9738,"uniqueplotid":"PLNGRESIDENTIAL9738","plotmap_id":"SECTOR-18_176_3C_RESI","plotidentificationnumber":"176","plotno":"176","industrysector":"SECTOR-18","block":"3C","plotsize":"300 SQMT","plotsize_at_the_time_of_allotme":"300 SQMT","landuse_type":"RESIDENTIAL","landuse_subcategory":"RESIDENTIAL","scheme_cod":"RES01","investment":0,"employment":0,"plotstatus":"Allotted","landallotementstatus":"SOLD","landallotementtype":"ALLOTTED","allotmentid":"YEA011380","village_name":"Achheja Bujurg","khasra_no":"949","longitude":77.58200719999999,"latitude":28.31385445,"authority":"YEIDA","category":"residential","execution_stage":"allotted"}},{"type":"Feature","geometry":{"type":"Polygon","coordinates":[[[77.582196,28.313962],[77.582072,28.313965],[77.582064,28.313741],[77.582189,28.313738],[77.582196,28.313962]]]},"properties":{"objectid":9739,"uniqueplotid":"PLNGRESIDENTIAL9739","plotmap_id":"SECTOR-18_175_3C_RESI","plotidentificationnumber":"175","plotno":"175","industrysector":"SECTOR-18","block":"3C","plotsize":"300 SQMT","plotsize_at_the_time_of_allotme":"300 SQMT","landuse_type":"RESIDENTIAL","landuse_subcategory":"RESIDENTIAL","scheme_cod":"RES01","investment":0,"employment":0,"plotstatus":"Allotted","landallotementstatus":"SOLD","landallotementtype":"ALLOTTED","allotmentid":"YEA017065","lease_deed":"Y","lease_deed_date":1569263400000,"village_name":"Achheja Bujurg","khasra_no":"949,948","longitude":77.5821302,"latitude":28.31385141,"authority":"YEIDA","category":"residential","execution_stage":"lease-recorded"}},{"type":"Feature","geometry":{"type":"Polygon","coordinates":[[[77.582318,28.313959],[77.582196,28.313962],[77.582189,28.313738],[77.582311,28.313735],[77.582318,28.313959]]]},"properties":{"objectid":9740,"uniqueplotid":"PLNGRESIDENTIAL9740","plotmap_id":"SECTOR-18_174_3C_RESI","plotidentificationnumber":"174","plotno":"174","industrysector":"SECTOR-18","block":"3C","plotsize":"300 SQMT","plotsize_at_the_time_of_allotme":"300 SQMT","landuse_type":"RESIDENTIAL","landuse_subcategory":"RESIDENTIAL","scheme_cod":"RES01","investment":0,"employment":0,"plotstatus":"Allotted","landallotementstatus":"SOLD","landallotementtype":"ALLOTTED","allotmentid":"YEA005394","village_name":"Achheja Bujurg","khasra_no":"949,948","longitude":77.58225341,"latitude":28.3138485,"authority":"YEIDA","category":"residential","execution_stage":"allotted"}},{"type":"Feature","geometry":{"type":"Polygon","coordinates":[[[77.580971,28.313993],[77.580848,28.313996],[77.580841,28.313769],[77.580964,28.313766],[77.580971,28.313993]]]},"properties":{"objectid":9742,"uniqueplotid":"PLNGRESIDENTIAL9742","plotmap_id":"SECTOR-18_185_3C_RESI","plotidentificationnumber":"185","plotno":"185","industrysector":"SECTOR-18","block":"3C","plotsize":"300 SQMT","plotsize_at_the_time_of_allotme":"300 SQMT","landuse_type":"RESIDENTIAL","landuse_subcategory":"RESIDENTIAL","scheme_cod":"RES01","investment":0,"employment":0,"plotstatus":"Allotted","landallotementstatus":"SOLD","landallotementtype":"ALLOTTED","allotmentid":"YEA013377","village_name":"Achheja Bujurg","khasra_no":"952,951","longitude":77.5809059,"latitude":28.3138811,"authority":"YEIDA","category":"residential","execution_stage":"allotted"}},{"type":"Feature","geometry":{"type":"Polygon","coordinates":[[[77.581093,28.31399],[77.580971,28.313993],[77.580964,28.313766],[77.581086,28.313763],[77.581093,28.31399]]]},"properties":{"objectid":9743,"uniqueplotid":"PLNGRESIDENTIAL9743","plotmap_id":"SECTOR-18_184_3C_RESI","plotidentificationnumber":"184","plotno":"184","industrysector":"SECTOR-18","block":"3C","plotsize":"300 SQMT","plotsize_at_the_time_of_allotme":"300 SQMT","landuse_type":"RESIDENTIAL","landuse_subcategory":"RESIDENTIAL","scheme_cod":"RES01","investment":0,"employment":0,"plotstatus":"Allotted","landallotementstatus":"SOLD","landallotementtype":"ALLOTTED","allotmentid":"YEA012846","village_name":"Achheja Bujurg","khasra_no":"952,951","longitude":77.58102847,"latitude":28.31387813,"authority":"YEIDA","category":"residential","execution_stage":"allotted"}},{"type":"Feature","geometry":{"type":"Polygon","coordinates":[[[77.581216,28.313987],[77.581093,28.31399],[77.581086,28.313763],[77.581209,28.31376],[77.581216,28.313987]]]},"properties":{"objectid":9744,"uniqueplotid":"PLNGRESIDENTIAL9744","plotmap_id":"SECTOR-18_183_3C_RESI","plotidentificationnumber":"183","plotno":"183","industrysector":"SECTOR-18","block":"3C","plotsize":"300 SQMT","plotsize_at_the_time_of_allotme":"300 SQMT","landuse_type":"RESIDENTIAL","landuse_subcategory":"RESIDENTIAL","scheme_cod":"RES01","investment":0,"employment":0,"plotstatus":"Allotted","landallotementstatus":"SOLD","landallotementtype":"ALLOTTED","allotmentid":"YEA014860","village_name":"Achheja Bujurg","khasra_no":"951","longitude":77.58115098,"latitude":28.31387517,"authority":"YEIDA","category":"residential","execution_stage":"allotted"}},{"type":"Feature","geometry":{"type":"Polygon","coordinates":[[[77.581346,28.314213],[77.581223,28.314216],[77.581216,28.313987],[77.581338,28.313984],[77.581346,28.314213]]]},"properties":{"objectid":9745,"uniqueplotid":"PLNGRESIDENTIAL9745","plotmap_id":"SECTOR-18_189_3C_RESI","plotidentificationnumber":"189","plotno":"189","industrysector":"SECTOR-18","block":"3C","plotsize":"300 SQMT","plotsize_at_the_time_of_allotme":"300 SQMT","landuse_type":"RESIDENTIAL","landuse_subcategory":"RESIDENTIAL","scheme_cod":"RES01","investment":0,"employment":0,"plotstatus":"Allotted","landallotementstatus":"SOLD","landallotementtype":"ALLOTTED","allotmentid":"YEA020814","village_name":"Achheja Bujurg","khasra_no":"952,951,950","longitude":77.58128076,"latitude":28.31409981,"authority":"YEIDA","category":"residential","execution_stage":"allotted"}},{"type":"Feature","geometry":{"type":"Polygon","coordinates":[[[77.581468,28.31421],[77.581346,28.314213],[77.581338,28.313984],[77.581461,28.313981],[77.581468,28.31421]]]},"properties":{"objectid":9746,"uniqueplotid":"PLNGRESIDENTIAL9746","plotmap_id":"SECTOR-18_190_3C_RESI","plotidentificationnumber":"190","plotno":"190","industrysector":"SECTOR-18","block":"3C","plotsize":"300 SQMT","plotsize_at_the_time_of_allotme":"300 SQMT","landuse_type":"RESIDENTIAL","landuse_subcategory":"RESIDENTIAL","scheme_cod":"RES01","investment":0,"employment":0,"plotstatus":"Allotted","landallotementstatus":"SOLD","landallotementtype":"ALLOTTED","allotmentid":"YEA007396","lease_deed":"Y","lease_deed_date":1576434600000,"village_name":"Achheja Bujurg","khasra_no":"951,949,950","longitude":77.5814032,"latitude":28.31409685,"authority":"YEIDA","category":"residential","execution_stage":"lease-recorded"}},{"type":"Feature","geometry":{"type":"Polygon","coordinates":[[[77.581591,28.314207],[77.581468,28.31421],[77.581461,28.313981],[77.581582,28.313978],[77.581591,28.314207]]]},"properties":{"objectid":9747,"uniqueplotid":"PLNGRESIDENTIAL9747","plotmap_id":"SECTOR-18_191_3C_RESI","plotidentificationnumber":"191","plotno":"191","industrysector":"SECTOR-18","block":"3C","plotsize":"300 SQMT","plotsize_at_the_time_of_allotme":"300 SQMT","landuse_type":"RESIDENTIAL","landuse_subcategory":"RESIDENTIAL","scheme_cod":"RES01","investment":0,"employment":0,"plotstatus":"Allotted","landallotementstatus":"SOLD","landallotementtype":"ALLOTTED","allotmentid":"YEA011757","lease_deed":"Y","lease_deed_date":1575570600000,"village_name":"Achheja Bujurg","khasra_no":"951,949,950","longitude":77.58152555000001,"latitude":28.31409396,"authority":"YEIDA","category":"residential","execution_stage":"lease-recorded"}},{"type":"Feature","geometry":{"type":"Polygon","coordinates":[[[77.581706,28.313974],[77.581713,28.314205],[77.581591,28.314207],[77.581582,28.313978],[77.581706,28.313974]]]},"properties":{"objectid":9748,"uniqueplotid":"PLNGRESIDENTIAL9748","plotmap_id":"SECTOR-18_192_3C_RESI","plotidentificationnumber":"192","plotno":"192","industrysector":"SECTOR-18","block":"3C","plotsize":"300 SQMT","plotsize_at_the_time_of_allotme":"300 SQMT","landuse_type":"RESIDENTIAL","landuse_subcategory":"RESIDENTIAL","scheme_cod":"RES01","investment":0,"employment":0,"plotstatus":"Allotted","landallotementstatus":"SOLD","landallotementtype":"ALLOTTED","allotmentid":"YEA017472","lease_deed":"Y","lease_deed_date":1573669800000,"village_name":"Achheja Bujurg","khasra_no":"949,950","longitude":77.58164791,"latitude":28.31409086,"authority":"YEIDA","category":"residential","execution_stage":"lease-recorded"}},{"type":"Feature","geometry":{"type":"Polygon","coordinates":[[[77.581836,28.314202],[77.581713,28.314205],[77.581706,28.313974],[77.581827,28.313971],[77.581836,28.314202]]]},"properties":{"objectid":9749,"uniqueplotid":"PLNGRESIDENTIAL9749","plotmap_id":"SECTOR-18_193_3C_RESI","plotidentificationnumber":"193","plotno":"193","industrysector":"SECTOR-18","block":"3C","plotsize":"300 SQMT","plotsize_at_the_time_of_allotme":"300 SQMT","landuse_type":"RESIDENTIAL","landuse_subcategory":"RESIDENTIAL","scheme_cod":"RES01","investment":0,"employment":0,"plotstatus":"Allotted","landallotementstatus":"SOLD","landallotementtype":"ALLOTTED","allotmentid":"YEA011461","lease_deed":"Y","lease_deed_date":1602613800000,"village_name":"Achheja Bujurg","khasra_no":"949,948","longitude":77.58177063,"latitude":28.31408803,"authority":"YEIDA","category":"residential","execution_stage":"lease-recorded"}},{"type":"Feature","geometry":{"type":"Polygon","coordinates":[[[77.581958,28.314199],[77.581836,28.314202],[77.581827,28.313971],[77.58195,28.313968],[77.581958,28.314199]]]},"properties":{"objectid":9750,"uniqueplotid":"PLNGRESIDENTIAL9750","plotmap_id":"SECTOR-18_194_3C_RESI","plotidentificationnumber":"194","plotno":"194","industrysector":"SECTOR-18","block":"3C","plotsize":"300 SQMT","plotsize_at_the_time_of_allotme":"300 SQMT","landuse_type":"RESIDENTIAL","landuse_subcategory":"RESIDENTIAL","scheme_cod":"RES01","investment":0,"employment":0,"plotstatus":"Allotted","landallotementstatus":"SOLD","landallotementtype":"ALLOTTED","allotmentid":"YEA015449","lease_deed":"Y","lease_deed_date":1718303400000,"village_name":"Achheja Bujurg","khasra_no":"949,948","longitude":77.58189277,"latitude":28.31408501,"authority":"YEIDA","category":"residential","execution_stage":"lease-recorded"}},{"type":"Feature","geometry":{"type":"Polygon","coordinates":[[[77.582081,28.314196],[77.581958,28.314199],[77.58195,28.313968],[77.582072,28.313965],[77.582081,28.314196]]]},"properties":{"objectid":9751,"uniqueplotid":"PLNGRESIDENTIAL9751","plotmap_id":"SECTOR-18_195_3C_RESI","plotidentificationnumber":"195","plotno":"195","industrysector":"SECTOR-18","block":"3C","plotsize":"300 SQMT","plotsize_at_the_time_of_allotme":"300 SQMT","landuse_type":"RESIDENTIAL","landuse_subcategory":"RESIDENTIAL","scheme_cod":"RES01","investment":0,"employment":0,"plotstatus":"Allotted","landallotementstatus":"SOLD","landallotementtype":"ALLOTTED","allotmentid":"YEA019901","lease_deed":"Y","lease_deed_date":1601231400000,"village_name":"Achheja Bujurg","khasra_no":"949,948","longitude":77.58201528,"latitude":28.31408204,"authority":"YEIDA","category":"residential","execution_stage":"lease-recorded"}},{"type":"Feature","geometry":{"type":"Polygon","coordinates":[[[77.582326,28.314191],[77.582203,28.314193],[77.582196,28.313962],[77.582318,28.313959],[77.582326,28.314191]]]},"properties":{"objectid":9752,"uniqueplotid":"PLNGRESIDENTIAL9752","plotmap_id":"SECTOR-18_197_3C_RESI","plotidentificationnumber":"197","plotno":"197","industrysector":"SECTOR-18","block":"3C","plotsize":"300 SQMT","plotsize_at_the_time_of_allotme":"300 SQMT","landuse_type":"RESIDENTIAL","landuse_subcategory":"RESIDENTIAL","scheme_cod":"RES01","investment":0,"employment":0,"plotstatus":"Allotted","landallotementstatus":"SOLD","landallotementtype":"ALLOTTED","allotmentid":"YEA015418","lease_deed":"Y","lease_deed_date":1648578600000,"village_name":"Achheja Bujurg","khasra_no":"948","longitude":77.58226068,"latitude":28.31407611,"authority":"YEIDA","category":"residential","execution_stage":"lease-recorded"}},{"type":"Feature","geometry":{"type":"Polygon","coordinates":[[[77.580978,28.314221],[77.580855,28.314224],[77.580848,28.313996],[77.580971,28.313993],[77.580978,28.314221]]]},"properties":{"objectid":9754,"uniqueplotid":"PLNGRESIDENTIAL9754","plotmap_id":"SECTOR-18_186_3C_RESI","plotidentificationnumber":"186","plotno":"186","industrysector":"SECTOR-18","block":"3C","plotsize":"300 SQMT","plotsize_at_the_time_of_allotme":"300 SQMT","landuse_type":"RESIDENTIAL","landuse_subcategory":"RESIDENTIAL","scheme_cod":"RES01","investment":0,"employment":0,"plotstatus":"Allotted","landallotementstatus":"SOLD","landallotementtype":"ALLOTTED","allotmentid":"YEA020302","village_name":"Achheja Bujurg","khasra_no":"952","longitude":77.58091318,"latitude":28.31410871,"authority":"YEIDA","category":"residential","execution_stage":"allotted"}},{"type":"Feature","geometry":{"type":"Polygon","coordinates":[[[77.581216,28.313987],[77.581223,28.314216],[77.581101,28.314218],[77.581093,28.31399],[77.581216,28.313987]]]},"properties":{"objectid":9755,"uniqueplotid":"PLNGRESIDENTIAL9755","plotmap_id":"SECTOR-18_188_3C_RESI","plotidentificationnumber":"188","plotno":"188","industrysector":"SECTOR-18","block":"3C","plotsize":"300 SQMT","plotsize_at_the_time_of_allotme":"300 SQMT","landuse_type":"RESIDENTIAL","landuse_subcategory":"RESIDENTIAL","scheme_cod":"RES01","investment":0,"employment":0,"plotstatus":"Allotted","landallotementstatus":"SOLD","landallotementtype":"ALLOTTED","allotmentid":"YEA008085","village_name":"Achheja Bujurg","khasra_no":"952,951","longitude":77.58115825,"latitude":28.31410278,"authority":"YEIDA","category":"residential","execution_stage":"allotted"}},{"type":"Feature","geometry":{"type":"Polygon","coordinates":[[[77.581093,28.31399],[77.581101,28.314218],[77.580978,28.314221],[77.580971,28.313993],[77.581093,28.31399]]]},"properties":{"objectid":9756,"uniqueplotid":"PLNGRESIDENTIAL9756","plotmap_id":"SECTOR-18_187_3C_RESI","plotidentificationnumber":"187","plotno":"187","industrysector":"SECTOR-18","block":"3C","plotsize":"300 SQMT","plotsize_at_the_time_of_allotme":"300 SQMT","landuse_type":"RESIDENTIAL","landuse_subcategory":"RESIDENTIAL","scheme_cod":"RES01","investment":0,"employment":0,"plotstatus":"Allotted","landallotementstatus":"SOLD","landallotementtype":"ALLOTTED","allotmentid":"YEA014618","village_name":"Achheja Bujurg","khasra_no":"952,951","longitude":77.58103574,"latitude":28.31410574,"authority":"YEIDA","category":"residential","execution_stage":"allotted"}},{"type":"Feature","geometry":{"type":"Polygon","coordinates":[[[77.580728,28.314229],[77.580478,28.314234],[77.580474,28.314126],[77.580725,28.314119],[77.580728,28.314229]]]},"properties":{"objectid":9757,"uniqueplotid":"PLNGRESIDENTIAL9757","plotmap_id":"SECTOR-18_134_3C_RESI","plotidentificationnumber":"134","plotno":"134","industrysector":"SECTOR-18","block":"3C","plotsize":"300 SQMT","plotsize_at_the_time_of_allotme":"300 SQMT","landuse_type":"RESIDENTIAL","landuse_subcategory":"RESIDENTIAL","scheme_cod":"RES01","investment":0,"employment":0,"plotstatus":"Allotted","landallotementstatus":"SOLD","landallotementtype":"ALLOTTED","allotmentid":"YEA005798","village_name":"Achheja Bujurg","khasra_no":"953,930,952","longitude":77.58060121,"latitude":28.31417684,"authority":"YEIDA","category":"residential","execution_stage":"allotted"}},{"type":"Feature","geometry":{"type":"Polygon","coordinates":[[[77.580474,28.314126],[77.580478,28.314234],[77.580223,28.31424],[77.580219,28.314132],[77.580474,28.314126]]]},"properties":{"objectid":9758,"uniqueplotid":"PLNGRESIDENTIAL9758","plotmap_id":"SECTOR-18_133_3C_RESI","plotidentificationnumber":"133","plotno":"133","industrysector":"SECTOR-18","block":"3C","plotsize":"300 SQMT","plotsize_at_the_time_of_allotme":"300 SQMT","landuse_type":"RESIDENTIAL","landuse_subcategory":"RESIDENTIAL","scheme_cod":"RES01","investment":0,"employment":0,"plotstatus":"Allotted","landallotementstatus":"SOLD","landallotementtype":"ALLOTTED","allotmentid":"YEA010156","lease_deed":"Y","lease_deed_date":1638988200000,"village_name":"Achheja Bujurg","khasra_no":"930","longitude":77.58034857999999,"latitude":28.31418297,"authority":"YEIDA","category":"residential","execution_stage":"lease-recorded"}},{"type":"Feature","geometry":{"type":"Polygon","coordinates":[[[77.580725,28.314119],[77.580474,28.314126],[77.58047,28.314017],[77.580721,28.314011],[77.580725,28.314119]]]},"properties":{"objectid":9759,"uniqueplotid":"PLNGRESIDENTIAL9759","plotmap_id":"SECTOR-18_135_3C_RESI","plotidentificationnumber":"135","plotno":"135","industrysector":"SECTOR-18","block":"3C","plotsize":"300 SQMT","plotsize_at_the_time_of_allotme":"300 SQMT","landuse_type":"RESIDENTIAL","landuse_subcategory":"RESIDENTIAL","scheme_cod":"RES01","investment":0,"employment":0,"plotstatus":"Allotted","landallotementstatus":"SOLD","landallotementtype":"ALLOTTED","allotmentid":"YEA007015","lease_deed":"Y","lease_deed_date":1707071400000,"village_name":"Achheja Bujurg","khasra_no":"953,930,952","longitude":77.58059748,"latitude":28.31406817,"authority":"YEIDA","category":"residential","execution_stage":"lease-recorded"}},{"type":"Feature","geometry":{"type":"Polygon","coordinates":[[[77.580474,28.314126],[77.580219,28.314132],[77.580216,28.314024],[77.58047,28.314017],[77.580474,28.314126]]]},"properties":{"objectid":9760,"uniqueplotid":"PLNGRESIDENTIAL9760","plotmap_id":"SECTOR-18_132_3C_RESI","plotidentificationnumber":"132","plotno":"132","industrysector":"SECTOR-18","block":"3C","plotsize":"300 SQMT","plotsize_at_the_time_of_allotme":"300 SQMT","landuse_type":"RESIDENTIAL","landuse_subcategory":"RESIDENTIAL","scheme_cod":"RES01","investment":0,"employment":0,"plotstatus":"Allotted","landallotementstatus":"SOLD","landallotementtype":"ALLOTTED","allotmentid":"YEA013837","lease_deed":"Y","lease_deed_date":1648492200000,"village_name":"Achheja Bujurg","khasra_no":"930","longitude":77.58034484999999,"latitude":28.31407465,"authority":"YEIDA","category":"residential","execution_stage":"lease-recorded"}},{"type":"Feature","geometry":{"type":"Polygon","coordinates":[[[77.580721,28.314011],[77.58047,28.314017],[77.580466,28.313909],[77.580718,28.313903],[77.580721,28.314011]]]},"properties":{"objectid":9761,"uniqueplotid":"PLNGRESIDENTIAL9761","plotmap_id":"SECTOR-18_136_3C_RESI","plotidentificationnumber":"136","plotno":"136","industrysector":"SECTOR-18","block":"3C","plotsize":"300 SQMT","plotsize_at_the_time_of_allotme":"300 SQMT","landuse_type":"RESIDENTIAL","landuse_subcategory":"RESIDENTIAL","scheme_cod":"RES01","investment":0,"employment":0,"plotstatus":"Allotted","landallotementstatus":"SOLD","landallotementtype":"ALLOTTED","allotmentid":"YEA015576","lease_deed":"Y","lease_deed_date":1674498600000,"village_name":"Achheja Bujurg","khasra_no":"953,930,952","longitude":77.58059384,"latitude":28.31395993,"authority":"YEIDA","category":"residential","execution_stage":"lease-recorded"}},{"type":"Feature","geometry":{"type":"Polygon","coordinates":[[[77.58047,28.314017],[77.580216,28.314024],[77.580212,28.313916],[77.580466,28.313909],[77.58047,28.314017]]]},"properties":{"objectid":9762,"uniqueplotid":"PLNGRESIDENTIAL9762","plotmap_id":"SECTOR-18_131_3C_RESI","plotidentificationnumber":"131","plotno":"131","industrysector":"SECTOR-18","block":"3C","plotsize":"300 SQMT","plotsize_at_the_time_of_allotme":"300 SQMT","landuse_type":"RESIDENTIAL","landuse_subcategory":"RESIDENTIAL","scheme_cod":"RES01","investment":0,"employment":0,"plotstatus":"Allotted","landallotementstatus":"SOLD","landallotementtype":"ALLOTTED","allotmentid":"YEA012124","lease_deed":"Y","lease_deed_date":1577385000000,"village_name":"Achheja Bujurg","khasra_no":"953,930","longitude":77.58034121,"latitude":28.31396641,"authority":"YEIDA","category":"residential","execution_stage":"lease-recorded"}},{"type":"Feature","geometry":{"type":"Polygon","coordinates":[[[77.579,28.314046],[77.578878,28.314049],[77.578871,28.313822],[77.578992,28.313819],[77.579,28.314046]]]},"properties":{"objectid":9795,"uniqueplotid":"PLNGRESIDENTIAL9795","plotmap_id":"SECTOR-18_281_3D_RESI","plotidentificationnumber":"281","plotno":"281","industrysector":"SECTOR-18","block":"3D","plotsize":"300 SQMT","plotsize_at_the_time_of_allotme":"300 SQMT","landuse_type":"RESIDENTIAL","landuse_subcategory":"RESIDENTIAL","scheme_cod":"RES01","investment":0,"employment":0,"plotstatus":"Allotted","landallotementstatus":"SOLD","landallotementtype":"ALLOTTED","allotmentid":"YEA017060","village_name":"Achheja Bujurg","khasra_no":"933","longitude":77.57893536,"latitude":28.31393417,"authority":"YEIDA","category":"residential","execution_stage":"allotted"}},{"type":"Feature","geometry":{"type":"Polygon","coordinates":[[[77.579367,28.314036],[77.579245,28.31404],[77.579237,28.313814],[77.579359,28.313811],[77.579367,28.314036]]]},"properties":{"objectid":9805,"uniqueplotid":"PLNGRESIDENTIAL9805","plotmap_id":"SECTOR-18_278_3D_RESI","plotidentificationnumber":"278","plotno":"278","industrysector":"SECTOR-18","block":"3D","plotsize":"300 SQMT","plotsize_at_the_time_of_allotme":"300 SQMT","landuse_type":"RESIDENTIAL","landuse_subcategory":"RESIDENTIAL","scheme_cod":"RES01","investment":0,"employment":0,"plotstatus":"Allotted","landallotementstatus":"SOLD","landallotementtype":"ALLOTTED","allotmentid":"YEA011498","village_name":"Achheja Bujurg","khasra_no":"933,931,928","longitude":77.57930188,"latitude":28.31392517,"authority":"YEIDA","category":"residential","execution_stage":"allotted"}},{"type":"Feature","geometry":{"type":"Polygon","coordinates":[[[77.579245,28.31404],[77.579122,28.314043],[77.579114,28.313817],[77.579237,28.313814],[77.579245,28.31404]]]},"properties":{"objectid":9806,"uniqueplotid":"PLNGRESIDENTIAL9806","plotmap_id":"SECTOR-18_279_3D_RESI","plotidentificationnumber":"279","plotno":"279","industrysector":"SECTOR-18","block":"3D","plotsize":"300 SQMT","plotsize_at_the_time_of_allotme":"300 SQMT","landuse_type":"RESIDENTIAL","landuse_subcategory":"RESIDENTIAL","scheme_cod":"RES01","investment":0,"employment":0,"plotstatus":"Allotted","landallotementstatus":"SOLD","landallotementtype":"ALLOTTED","allotmentid":"YEA012590","lease_deed":"Y","lease_deed_date":1662661800000,"village_name":"Achheja Bujurg","khasra_no":"933","longitude":77.57917972999999,"latitude":28.31392819,"authority":"YEIDA","category":"residential","execution_stage":"lease-recorded"}},{"type":"Feature","geometry":{"type":"Polygon","coordinates":[[[77.579122,28.314043],[77.579,28.314046],[77.578992,28.313819],[77.579114,28.313817],[77.579122,28.314043]]]},"properties":{"objectid":9807,"uniqueplotid":"PLNGRESIDENTIAL9807","plotmap_id":"SECTOR-18_280_3D_RESI","plotidentificationnumber":"280","plotno":"280","industrysector":"SECTOR-18","block":"3D","plotsize":"300 SQMT","plotsize_at_the_time_of_allotme":"300 SQMT","landuse_type":"RESIDENTIAL","landuse_subcategory":"RESIDENTIAL","scheme_cod":"RES01","investment":0,"employment":0,"plotstatus":"Allotted","landallotementstatus":"SOLD","landallotementtype":"ALLOTTED","allotmentid":"YEA013904","lease_deed":"Y","lease_deed_date":1646677800000,"village_name":"Achheja Bujurg","khasra_no":"933","longitude":77.57905715999999,"latitude":28.313931150000002,"authority":"YEIDA","category":"residential","execution_stage":"lease-recorded"}},{"type":"Feature","geometry":{"type":"Polygon","coordinates":[[[77.579374,28.314266],[77.579253,28.314269],[77.579245,28.31404],[77.579367,28.314036],[77.579374,28.314266]]]},"properties":{"objectid":9817,"uniqueplotid":"PLNGRESIDENTIAL9817","plotmap_id":"SECTOR-18_277_3D_RESI","plotidentificationnumber":"277","plotno":"277","industrysector":"SECTOR-18","block":"3D","plotsize":"300 SQMT","plotsize_at_the_time_of_allotme":"300 SQMT","landuse_type":"RESIDENTIAL","landuse_subcategory":"RESIDENTIAL","scheme_cod":"RES01","investment":0,"employment":0,"plotstatus":"Allotted","landallotementstatus":"SOLD","landallotementtype":"ALLOTTED","allotmentid":"YEA012427","village_name":"Achheja Bujurg","khasra_no":"933,932","longitude":77.57930955,"latitude":28.31415276,"authority":"YEIDA","category":"residential","execution_stage":"allotted"}},{"type":"Feature","geometry":{"type":"Polygon","coordinates":[[[77.579245,28.31404],[77.579253,28.314269],[77.579131,28.314272],[77.579122,28.314043],[77.579245,28.31404]]]},"properties":{"objectid":9818,"uniqueplotid":"PLNGRESIDENTIAL9818","plotmap_id":"SECTOR-18_276_3D_RESI","plotidentificationnumber":"276","plotno":"276","industrysector":"SECTOR-18","block":"3D","plotsize":"300 SQMT","plotsize_at_the_time_of_allotme":"300 SQMT","landuse_type":"RESIDENTIAL","landuse_subcategory":"RESIDENTIAL","scheme_cod":"RES01","investment":0,"employment":0,"plotstatus":"Allotted","landallotementstatus":"SOLD","landallotementtype":"ALLOTTED","allotmentid":"YEA004538","lease_deed":"Y","lease_deed_date":1672770600000,"village_name":"Achheja Bujurg","khasra_no":"933,932","longitude":77.57918781,"latitude":28.31415578,"authority":"YEIDA","category":"residential","execution_stage":"lease-recorded"}},{"type":"Feature","geometry":{"type":"Polygon","coordinates":[[[77.579122,28.314043],[77.579131,28.314272],[77.579008,28.314275],[77.579,28.314046],[77.579122,28.314043]]]},"properties":{"objectid":9819,"uniqueplotid":"PLNGRESIDENTIAL9819","plotmap_id":"SECTOR-18_275_3D_RESI","plotidentificationnumber":"275","plotno":"275","industrysector":"SECTOR-18","block":"3D","plotsize":"300 SQMT","plotsize_at_the_time_of_allotme":"300 SQMT","landuse_type":"RESIDENTIAL","landuse_subcategory":"RESIDENTIAL","scheme_cod":"RES01","investment":0,"employment":0,"plotstatus":"Allotted","landallotementstatus":"SOLD","landallotementtype":"ALLOTTED","allotmentid":"YEA007669","lease_deed":"Y","lease_deed_date":1675103400000,"village_name":"Achheja Bujurg","khasra_no":"933","longitude":77.57906523999999,"latitude":28.31415874,"authority":"YEIDA","category":"residential","execution_stage":"lease-recorded"}},{"type":"Feature","geometry":{"type":"Polygon","coordinates":[[[77.579747,28.314144],[77.579751,28.314253],[77.579498,28.314259],[77.579494,28.314151],[77.579747,28.314144]]]},"properties":{"objectid":9820,"uniqueplotid":"PLNGRESIDENTIAL9820","plotmap_id":"SECTOR-18_329_3D_RESI","plotidentificationnumber":"329","plotno":"329","industrysector":"SECTOR-18","block":"3D","plotsize":"300 SQMT","plotsize_at_the_time_of_allotme":"300 SQMT","landuse_type":"RESIDENTIAL","landuse_subcategory":"RESIDENTIAL","scheme_cod":"RES01","investment":0,"employment":0,"plotstatus":"Allotted","landallotementstatus":"SOLD","landallotementtype":"ALLOTTED","allotmentid":"YEA012141","village_name":"Achheja Bujurg","khasra_no":"932,931,930","longitude":77.57962256,"latitude":28.31420153,"authority":"YEIDA","category":"residential","execution_stage":"allotted"}},{"type":"Feature","geometry":{"type":"Polygon","coordinates":[[[77.580003,28.314246],[77.579751,28.314253],[77.579747,28.314144],[77.58,28.314138],[77.580003,28.314246]]]},"properties":{"objectid":9821,"uniqueplotid":"PLNGRESIDENTIAL9821","plotmap_id":"SECTOR-18_330_3D_RESI","plotidentificationnumber":"330","plotno":"330","industrysector":"SECTOR-18","block":"3D","plotsize":"300 SQMT","plotsize_at_the_time_of_allotme":"300 SQMT","landuse_type":"RESIDENTIAL","landuse_subcategory":"RESIDENTIAL","scheme_cod":"RES01","investment":0,"employment":0,"plotstatus":"Allotted","landallotementstatus":"SOLD","landallotementtype":"ALLOTTED","allotmentid":"YEA011474","village_name":"Achheja Bujurg","khasra_no":"930","longitude":77.57987536,"latitude":28.31419541,"authority":"YEIDA","category":"residential","execution_stage":"allotted"}},{"type":"Feature","geometry":{"type":"Polygon","coordinates":[[[77.579747,28.314144],[77.579494,28.314151],[77.579491,28.314042],[77.579744,28.314036],[77.579747,28.314144]]]},"properties":{"objectid":9822,"uniqueplotid":"PLNGRESIDENTIAL9822","plotmap_id":"SECTOR-18_328_3D_RESI","plotidentificationnumber":"328","plotno":"328","industrysector":"SECTOR-18","block":"3D","plotsize":"300 SQMT","plotsize_at_the_time_of_allotme":"300 SQMT","landuse_type":"RESIDENTIAL","landuse_subcategory":"RESIDENTIAL","scheme_cod":"RES01","investment":0,"employment":0,"plotstatus":"Allotted","landallotementstatus":"SOLD","landallotementtype":"ALLOTTED","allotmentid":"YEA020737","lease_deed":"Y","lease_deed_date":1695753000000,"village_name":"Achheja Bujurg","khasra_no":"933,932,931,930","longitude":77.57961903,"latitude":28.3140932,"authority":"YEIDA","category":"residential","execution_stage":"lease-recorded"}},{"type":"Feature","geometry":{"type":"Polygon","coordinates":[[[77.58,28.314138],[77.579747,28.314144],[77.579744,28.314036],[77.579996,28.314029],[77.58,28.314138]]]},"properties":{"objectid":9823,"uniqueplotid":"PLNGRESIDENTIAL9823","plotmap_id":"SECTOR-18_331_3D_RESI","plotidentificationnumber":"331","plotno":"331","industrysector":"SECTOR-18","block":"3D","plotsize":"300 SQMT","plotsize_at_the_time_of_allotme":"300 SQMT","landuse_type":"RESIDENTIAL","landuse_subcategory":"RESIDENTIAL","scheme_cod":"RES01","investment":0,"employment":0,"plotstatus":"Allotted","landallotementstatus":"SOLD","landallotementtype":"ALLOTTED","allotmentid":"YEA008514","village_name":"Achheja Bujurg","khasra_no":"930","longitude":77.57987182000001,"latitude":28.31408674,"authority":"YEIDA","category":"residential","execution_stage":"allotted"}},{"type":"Feature","geometry":{"type":"Polygon","coordinates":[[[77.579744,28.314036],[77.579491,28.314042],[77.579487,28.313934],[77.57974,28.313928],[77.579744,28.314036]]]},"properties":{"objectid":9824,"uniqueplotid":"PLNGRESIDENTIAL9824","plotmap_id":"SECTOR-18_327_3D_RESI","plotidentificationnumber":"327","plotno":"327","industrysector":"SECTOR-18","block":"3D","plotsize":"300 SQMT","plotsize_at_the_time_of_allotme":"300 SQMT","landuse_type":"RESIDENTIAL","landuse_subcategory":"RESIDENTIAL","scheme_cod":"RES01","investment":0,"employment":0,"plotstatus":"Allotted","landallotementstatus":"SOLD","landallotementtype":"ALLOTTED","allotmentid":"YEA005305","village_name":"Achheja Bujurg","khasra_no":"931,929,930","longitude":77.57961558,"latitude":28.31398496,"authority":"YEIDA","category":"residential","execution_stage":"allotted"}},{"type":"Feature","geometry":{"type":"Polygon","coordinates":[[[77.579996,28.314029],[77.579744,28.314036],[77.57974,28.313928],[77.579993,28.313921],[77.579996,28.314029]]]},"properties":{"objectid":9825,"uniqueplotid":"PLNGRESIDENTIAL9825","plotmap_id":"SECTOR-18_332_3D_RESI","plotidentificationnumber":"332","plotno":"332","industrysector":"SECTOR-18","block":"3D","plotsize":"300 SQMT","plotsize_at_the_time_of_allotme":"300 SQMT","landuse_type":"RESIDENTIAL","landuse_subcategory":"RESIDENTIAL","scheme_cod":"RES01","investment":0,"employment":0,"plotstatus":"Allotted","landallotementstatus":"SOLD","landallotementtype":"ALLOTTED","allotmentid":"YEA015677","village_name":"Achheja Bujurg","khasra_no":"930","longitude":77.57986837,"latitude":28.3139785,"authority":"YEIDA","category":"residential","execution_stage":"allotted"}},{"type":"Feature","geometry":{"type":"Polygon","coordinates":[[[77.579044,28.315302],[77.578921,28.315305],[77.578913,28.315079],[77.579037,28.315077],[77.579044,28.315302]]]},"properties":{"objectid":9899,"uniqueplotid":"PLNGRESIDENTIAL9899","plotmap_id":"SECTOR-18_30_5D_RESI","plotidentificationnumber":"30","plotno":"30","industrysector":"SECTOR-18","block":"5D","plotsize":"300 SQMT","plotsize_at_the_time_of_allotme":"300 SQMT","landuse_type":"RESIDENTIAL","landuse_subcategory":"RESIDENTIAL","scheme_cod":"RES01","investment":0,"employment":0,"plotstatus":"Allotted","landallotementstatus":"SOLD","landallotementtype":"ALLOTTED","allotmentid":"YEA020722","village_name":"Achheja Bujurg","khasra_no":"937,936,932","longitude":77.57897854000001,"latitude":28.31519058,"authority":"YEIDA","category":"residential","execution_stage":"allotted"}},{"type":"Feature","geometry":{"type":"Polygon","coordinates":[[[77.579166,28.315299],[77.579044,28.315302],[77.579037,28.315077],[77.579159,28.315074],[77.579166,28.315299]]]},"properties":{"objectid":9900,"uniqueplotid":"PLNGRESIDENTIAL9900","plotmap_id":"SECTOR-18_29_5D_RESI","plotidentificationnumber":"29","plotno":"29","industrysector":"SECTOR-18","block":"5D","plotsize":"300 SQMT","plotsize_at_the_time_of_allotme":"300 SQMT","landuse_type":"RESIDENTIAL","landuse_subcategory":"RESIDENTIAL","scheme_cod":"RES01","investment":0,"employment":0,"plotstatus":"Allotted","landallotementstatus":"SOLD","landallotementtype":"ALLOTTED","allotmentid":"YEA015063","village_name":"Achheja Bujurg","khasra_no":"937,936,932","longitude":77.5791014,"latitude":28.31518772,"authority":"YEIDA","category":"residential","execution_stage":"allotted"}},{"type":"Feature","geometry":{"type":"Polygon","coordinates":[[[77.579288,28.315296],[77.579166,28.315299],[77.579159,28.315074],[77.579281,28.315071],[77.579288,28.315296]]]},"properties":{"objectid":9901,"uniqueplotid":"PLNGRESIDENTIAL9901","plotmap_id":"SECTOR-18_28_5D_RESI","plotidentificationnumber":"28","plotno":"28","industrysector":"SECTOR-18","block":"5D","plotsize":"300 SQMT","plotsize_at_the_time_of_allotme":"300 SQMT","landuse_type":"RESIDENTIAL","landuse_subcategory":"RESIDENTIAL","scheme_cod":"RES01","investment":0,"employment":0,"plotstatus":"Allotted","landallotementstatus":"SOLD","landallotementtype":"ALLOTTED","allotmentid":"YEA016627","village_name":"Achheja Bujurg","khasra_no":"945,932,942","longitude":77.57922366,"latitude":28.31518488,"authority":"YEIDA","category":"residential","execution_stage":"allotted"}},{"type":"Feature","geometry":{"type":"Polygon","coordinates":[[[77.57941,28.315293],[77.579288,28.315296],[77.579281,28.315071],[77.579403,28.315068],[77.57941,28.315293]]]},"properties":{"objectid":9902,"uniqueplotid":"PLNGRESIDENTIAL9902","plotmap_id":"SECTOR-18_27_5D_RESI","plotidentificationnumber":"27","plotno":"27","industrysector":"SECTOR-18","block":"5D","plotsize":"300 SQMT","plotsize_at_the_time_of_allotme":"300 SQMT","landuse_type":"RESIDENTIAL","landuse_subcategory":"RESIDENTIAL","scheme_cod":"RES01","investment":0,"employment":0,"plotstatus":"Allotted","landallotementstatus":"SOLD","landallotementtype":"ALLOTTED","allotmentid":"YEA008748","village_name":"Achheja Bujurg","khasra_no":"945,932,942","longitude":77.57934567000001,"latitude":28.31518195,"authority":"YEIDA","category":"residential","execution_stage":"allotted"}},{"type":"Feature","geometry":{"type":"Polygon","coordinates":[[[77.579785,28.315167],[77.579532,28.315174],[77.579528,28.315065],[77.579781,28.315059],[77.579785,28.315167]]]},"properties":{"objectid":9914,"uniqueplotid":"PLNGRESIDENTIAL9914","plotmap_id":"SECTOR-18_143_5D_RESI","plotidentificationnumber":"143","plotno":"143","industrysector":"SECTOR-18","block":"5D","plotsize":"300 SQMT","plotsize_at_the_time_of_allotme":"300 SQMT","landuse_type":"RESIDENTIAL","landuse_subcategory":"RESIDENTIAL","scheme_cod":"RES01","investment":0,"employment":0,"plotstatus":"Allotted","landallotementstatus":"SOLD","landallotementtype":"ALLOTTED","allotmentid":"YEA019557","village_name":"Achheja Bujurg","khasra_no":"945,932,942","longitude":77.57965638,"latitude":28.31511614,"authority":"YEIDA","category":"residential","execution_stage":"allotted"}},{"type":"Feature","geometry":{"type":"Polygon","coordinates":[[[77.580042,28.315161],[77.579785,28.315167],[77.579781,28.315059],[77.580039,28.315053],[77.580042,28.315161]]]},"properties":{"objectid":9915,"uniqueplotid":"PLNGRESIDENTIAL9915","plotmap_id":"SECTOR-18_144_5D_RESI","plotidentificationnumber":"144","plotno":"144","industrysector":"SECTOR-18","block":"5D","plotsize":"300 SQMT","plotsize_at_the_time_of_allotme":"300 SQMT","landuse_type":"RESIDENTIAL","landuse_subcategory":"RESIDENTIAL","scheme_cod":"RES01","investment":0,"employment":0,"plotstatus":"Allotted","landallotementstatus":"SOLD","landallotementtype":"ALLOTTED","allotmentid":"YEA019960","village_name":"Achheja Bujurg","khasra_no":"945","longitude":77.57991168,"latitude":28.31511013,"authority":"YEIDA","category":"residential","execution_stage":"allotted"}},{"type":"Feature","geometry":{"type":"Polygon","coordinates":[[[77.579788,28.315276],[77.579785,28.315167],[77.580042,28.315161],[77.580046,28.315269],[77.579788,28.315276]]]},"properties":{"objectid":9916,"uniqueplotid":"PLNGRESIDENTIAL9916","plotmap_id":"SECTOR-18_145_5D_RESI","plotidentificationnumber":"145","plotno":"145","industrysector":"SECTOR-18","block":"5D","plotsize":"300 SQMT","plotsize_at_the_time_of_allotme":"300 SQMT","landuse_type":"RESIDENTIAL","landuse_subcategory":"RESIDENTIAL","scheme_cod":"RES01","investment":0,"employment":0,"plotstatus":"Allotted","landallotementstatus":"SOLD","landallotementtype":"ALLOTTED","allotmentid":"YEA012638","lease_deed":"Y","lease_deed_date":1739385000000,"village_name":"Achheja Bujurg","khasra_no":"945","longitude":77.57991516,"latitude":28.31521838,"authority":"YEIDA","category":"residential","execution_stage":"lease-recorded"}},{"type":"Feature","geometry":{"type":"Polygon","coordinates":[[[77.579788,28.315276],[77.579535,28.315282],[77.579532,28.315174],[77.579785,28.315167],[77.579788,28.315276]]]},"properties":{"objectid":9917,"uniqueplotid":"PLNGRESIDENTIAL9917","plotmap_id":"SECTOR-18_142_5D_RESI","plotidentificationnumber":"142","plotno":"142","industrysector":"SECTOR-18","block":"5D","plotsize":"300 SQMT","plotsize_at_the_time_of_allotme":"300 SQMT","landuse_type":"RESIDENTIAL","landuse_subcategory":"RESIDENTIAL","scheme_cod":"RES01","investment":0,"employment":0,"plotstatus":"Allotted","landallotementstatus":"SOLD","landallotementtype":"ALLOTTED","allotmentid":"YEA016856","village_name":"Achheja Bujurg","khasra_no":"945","longitude":77.57965997,"latitude":28.3152246,"authority":"YEIDA","category":"residential","execution_stage":"allotted"}},{"type":"Feature","geometry":{"type":"Polygon","coordinates":[[[77.579788,28.315276],[77.579792,28.315384],[77.579539,28.31539],[77.579535,28.315282],[77.579788,28.315276]]]},"properties":{"objectid":9918,"uniqueplotid":"PLNGRESIDENTIAL9918","plotmap_id":"SECTOR-18_141_5D_RESI","plotidentificationnumber":"141","plotno":"141","industrysector":"SECTOR-18","block":"5D","plotsize":"300 SQMT","plotsize_at_the_time_of_allotme":"300 SQMT","landuse_type":"RESIDENTIAL","landuse_subcategory":"RESIDENTIAL","scheme_cod":"RES01","investment":0,"employment":0,"plotstatus":"Allotted","landallotementstatus":"SOLD","landallotementtype":"ALLOTTED","allotmentid":"YEA017800","village_name":"Achheja Bujurg","khasra_no":"945","longitude":77.57966354999999,"latitude":28.31533288,"authority":"YEIDA","category":"residential","execution_stage":"allotted"}},{"type":"Feature","geometry":{"type":"Polygon","coordinates":[[[77.580049,28.315378],[77.579792,28.315384],[77.579788,28.315276],[77.580046,28.315269],[77.580049,28.315378]]]},"properties":{"objectid":9919,"uniqueplotid":"PLNGRESIDENTIAL9919","plotmap_id":"SECTOR-18_146_5D_RESI","plotidentificationnumber":"146","plotno":"146","industrysector":"SECTOR-18","block":"5D","plotsize":"300 SQMT","plotsize_at_the_time_of_allotme":"300 SQMT","landuse_type":"RESIDENTIAL","landuse_subcategory":"RESIDENTIAL","scheme_cod":"RES01","investment":0,"employment":0,"plotstatus":"Allotted","landallotementstatus":"SOLD","landallotementtype":"ALLOTTED","allotmentid":"YEA020454","village_name":"Achheja Bujurg","khasra_no":"945","longitude":77.57991863,"latitude":28.31532688,"authority":"YEIDA","category":"residential","execution_stage":"allotted"}},{"type":"Feature","geometry":{"type":"Polygon","coordinates":[[[77.579796,28.315492],[77.579542,28.315498],[77.579539,28.31539],[77.579792,28.315384],[77.579796,28.315492]]]},"properties":{"objectid":9920,"uniqueplotid":"PLNGRESIDENTIAL9920","plotmap_id":"SECTOR-18_140_5D_RESI","plotidentificationnumber":"140","plotno":"140","industrysector":"SECTOR-18","block":"5D","plotsize":"300 SQMT","plotsize_at_the_time_of_allotme":"300 SQMT","landuse_type":"RESIDENTIAL","landuse_subcategory":"RESIDENTIAL","scheme_cod":"RES01","investment":0,"employment":0,"plotstatus":"Allotted","landallotementstatus":"SOLD","landallotementtype":"ALLOTTED","allotmentid":"YEA012002","village_name":"Achheja Bujurg","khasra_no":"945","longitude":77.57966702,"latitude":28.31544121,"authority":"YEIDA","category":"residential","execution_stage":"allotted"}},{"type":"Feature","geometry":{"type":"Polygon","coordinates":[[[77.579044,28.315302],[77.579051,28.31553],[77.578929,28.315533],[77.578921,28.315305],[77.579044,28.315302]]]},"properties":{"objectid":9939,"uniqueplotid":"PLNGRESIDENTIAL9939","plotmap_id":"SECTOR-18_75_5D_RESI","plotidentificationnumber":"75","plotno":"75","industrysector":"SECTOR-18","block":"5D","plotsize":"300 SQMT","plotsize_at_the_time_of_allotme":"300 SQMT","landuse_type":"RESIDENTIAL","landuse_subcategory":"RESIDENTIAL","scheme_cod":"RES01","investment":0,"employment":0,"plotstatus":"Allotted","landallotementstatus":"SOLD","landallotementtype":"ALLOTTED","allotmentid":"YEA008584","lease_deed":"Y","lease_deed_date":1740421800000,"village_name":"Achheja Bujurg","khasra_no":"937,945,942","longitude":77.57898597,"latitude":28.31541712,"authority":"YEIDA","category":"residential","execution_stage":"lease-recorded"}},{"type":"Feature","geometry":{"type":"Polygon","coordinates":[[[77.579166,28.315299],[77.579174,28.315527],[77.579051,28.31553],[77.579044,28.315302],[77.579166,28.315299]]]},"properties":{"objectid":9940,"uniqueplotid":"PLNGRESIDENTIAL9940","plotmap_id":"SECTOR-18_76_5D_RESI","plotidentificationnumber":"76","plotno":"76","industrysector":"SECTOR-18","block":"5D","plotsize":"300 SQMT","plotsize_at_the_time_of_allotme":"300 SQMT","landuse_type":"RESIDENTIAL","landuse_subcategory":"RESIDENTIAL","scheme_cod":"RES01","investment":0,"employment":0,"plotstatus":"Allotted","landallotementstatus":"SOLD","landallotementtype":"ALLOTTED","allotmentid":"YEA007792","village_name":"Achheja Bujurg","khasra_no":"937,936,945,932,942","longitude":77.57910863,"latitude":28.31541427,"authority":"YEIDA","category":"residential","execution_stage":"allotted"}},{"type":"Feature","geometry":{"type":"Polygon","coordinates":[[[77.579288,28.315296],[77.579296,28.315524],[77.579174,28.315527],[77.579166,28.315299],[77.579288,28.315296]]]},"properties":{"objectid":9941,"uniqueplotid":"PLNGRESIDENTIAL9941","plotmap_id":"SECTOR-18_77_5D_RESI","plotidentificationnumber":"77","plotno":"77","industrysector":"SECTOR-18","block":"5D","plotsize":"300 SQMT","plotsize_at_the_time_of_allotme":"300 SQMT","landuse_type":"RESIDENTIAL","landuse_subcategory":"RESIDENTIAL","scheme_cod":"RES01","investment":0,"employment":0,"plotstatus":"Allotted","landallotementstatus":"SOLD","landallotementtype":"ALLOTTED","allotmentid":"YEA006769","lease_deed":"Y","lease_deed_date":1741113000000,"village_name":"Achheja Bujurg","khasra_no":"945,932,942","longitude":77.57923109,"latitude":28.31541143,"authority":"YEIDA","category":"residential","execution_stage":"lease-recorded"}},{"type":"Feature","geometry":{"type":"Polygon","coordinates":[[[77.57941,28.315293],[77.579418,28.315522],[77.579296,28.315524],[77.579288,28.315296],[77.57941,28.315293]]]},"properties":{"objectid":9942,"uniqueplotid":"PLNGRESIDENTIAL9942","plotmap_id":"SECTOR-18_78_5D_RESI","plotidentificationnumber":"78","plotno":"78","industrysector":"SECTOR-18","block":"5D","plotsize":"300 SQMT","plotsize_at_the_time_of_allotme":"300 SQMT","landuse_type":"RESIDENTIAL","landuse_subcategory":"RESIDENTIAL","scheme_cod":"RES01","investment":0,"employment":0,"plotstatus":"Allotted","landallotementstatus":"SOLD","landallotementtype":"ALLOTTED","allotmentid":"YEA016043","village_name":"Achheja Bujurg","khasra_no":"945","longitude":77.5793531,"latitude":28.31540849,"authority":"YEIDA","category":"residential","execution_stage":"allotted"}},{"type":"Feature","geometry":{"type":"Polygon","coordinates":[[[77.580768,28.315254],[77.580771,28.315363],[77.580517,28.315369],[77.580514,28.31526],[77.580768,28.315254]]]},"properties":{"objectid":9983,"uniqueplotid":"PLNGRESIDENTIAL9983","plotmap_id":"SECTOR-18_24_5C_RESI","plotidentificationnumber":"24","plotno":"24","industrysector":"SECTOR-18","block":"5C","plotsize":"300 SQMT","plotsize_at_the_time_of_allotme":"300 SQMT","landuse_type":"RESIDENTIAL","landuse_subcategory":"RESIDENTIAL","scheme_cod":"RES01","investment":0,"employment":0,"plotstatus":"Allotted","landallotementstatus":"SOLD","landallotementtype":"ALLOTTED","allotmentid":"YEA014819","village_name":"Achheja Bujurg","khasra_no":"946","longitude":77.58064279,"latitude":28.315311440000002,"authority":"YEIDA","category":"residential","execution_stage":"allotted"}},{"type":"Feature","geometry":{"type":"Polygon","coordinates":[[[77.580514,28.31526],[77.580517,28.315369],[77.580263,28.315375],[77.58026,28.315266],[77.580514,28.31526]]]},"properties":{"objectid":9984,"uniqueplotid":"PLNGRESIDENTIAL9984","plotmap_id":"SECTOR-18_3_5C_RESI","plotidentificationnumber":"3","plotno":"3","industrysector":"SECTOR-18","block":"5C","plotsize":"300 SQMT","plotsize_at_the_time_of_allotme":"300 SQMT","landuse_type":"RESIDENTIAL","landuse_subcategory":"RESIDENTIAL","scheme_cod":"RES01","investment":0,"employment":0,"plotstatus":"Allotted","landallotementstatus":"SOLD","landallotementtype":"ALLOTTED","allotmentid":"YEA020566","village_name":"Achheja Bujurg","khasra_no":"946,945","longitude":77.5803888,"latitude":28.315317410000002,"authority":"YEIDA","category":"residential","execution_stage":"allotted"}},{"type":"Feature","geometry":{"type":"Polygon","coordinates":[[[77.580521,28.315477],[77.580267,28.315483],[77.580263,28.315375],[77.580517,28.315369],[77.580521,28.315477]]]},"properties":{"objectid":9985,"uniqueplotid":"PLNGRESIDENTIAL9985","plotmap_id":"SECTOR-18_4_5C_RESI","plotidentificationnumber":"4","plotno":"4","industrysector":"SECTOR-18","block":"5C","plotsize":"300 SQMT","plotsize_at_the_time_of_allotme":"300 SQMT","landuse_type":"RESIDENTIAL","landuse_subcategory":"RESIDENTIAL","scheme_cod":"RES01","investment":0,"employment":0,"plotstatus":"Allotted","landallotementstatus":"SOLD","landallotementtype":"ALLOTTED","allotmentid":"YEA019643","village_name":"Achheja Bujurg","khasra_no":"946","longitude":77.58039217999999,"latitude":28.315425740000002,"authority":"YEIDA","category":"residential","execution_stage":"allotted"}},{"type":"Feature","geometry":{"type":"Polygon","coordinates":[[[77.581504,28.315244],[77.581511,28.315472],[77.581389,28.315474],[77.581382,28.315247],[77.581504,28.315244]]]},"properties":{"objectid":10060,"uniqueplotid":"PLNGRESIDENTIAL10060","plotmap_id":"SECTOR-18_74_5C_RESI","plotidentificationnumber":"74","plotno":"74","industrysector":"SECTOR-18","block":"5C","plotsize":"300 SQMT","plotsize_at_the_time_of_allotme":"300 SQMT","landuse_type":"RESIDENTIAL","landuse_subcategory":"RESIDENTIAL","scheme_cod":"RES01","investment":0,"employment":0,"plotstatus":"Allotted","landallotementstatus":"SOLD","landallotementtype":"ALLOTTED","allotmentid":"YEA019961","village_name":"Achheja Bujurg,Usmanpur","khasra_no":"946,947,679,589","longitude":77.58144638,"latitude":28.31535932,"authority":"YEIDA","category":"residential","execution_stage":"allotted"}},{"type":"Feature","geometry":{"type":"Polygon","coordinates":[[[77.581872,28.315235],[77.581879,28.315463],[77.581756,28.315466],[77.581749,28.315238],[77.581872,28.315235]]]},"properties":{"objectid":10061,"uniqueplotid":"PLNGRESIDENTIAL10061","plotmap_id":"SECTOR-18_71_5C_RESI","plotidentificationnumber":"71","plotno":"71","industrysector":"SECTOR-18","block":"5C","plotsize":"300 SQMT","plotsize_at_the_time_of_allotme":"300 SQMT","landuse_type":"RESIDENTIAL","landuse_subcategory":"RESIDENTIAL","scheme_cod":"RES01","investment":0,"employment":0,"plotstatus":"Allotted","landallotementstatus":"SOLD","landallotementtype":"ALLOTTED","allotmentid":"YEA018872","village_name":"Usmanpur","khasra_no":"679,604,603,665,589","longitude":77.58181396,"latitude":28.31535065,"authority":"YEIDA","category":"residential","execution_stage":"allotted"}},{"type":"Feature","geometry":{"type":"Polygon","coordinates":[[[77.581626,28.315241],[77.581634,28.315469],[77.581511,28.315472],[77.581504,28.315244],[77.581626,28.315241]]]},"properties":{"objectid":10062,"uniqueplotid":"PLNGRESIDENTIAL10062","plotmap_id":"SECTOR-18_73_5C_RESI","plotidentificationnumber":"73","plotno":"73","industrysector":"SECTOR-18","block":"5C","plotsize":"300 SQMT","plotsize_at_the_time_of_allotme":"300 SQMT","landuse_type":"RESIDENTIAL","landuse_subcategory":"RESIDENTIAL","scheme_cod":"RES01","investment":0,"employment":0,"plotstatus":"Allotted","landallotementstatus":"SOLD","landallotementtype":"ALLOTTED","allotmentid":"YEA017433","village_name":"Achheja Bujurg,Usmanpur","khasra_no":"946,947,953,679,589","longitude":77.58156874000001,"latitude":28.31535641,"authority":"YEIDA","category":"residential","execution_stage":"allotted"}},{"type":"Feature","geometry":{"type":"Polygon","coordinates":[[[77.581749,28.315238],[77.581756,28.315466],[77.581634,28.315469],[77.581626,28.315241],[77.581749,28.315238]]]},"properties":{"objectid":10063,"uniqueplotid":"PLNGRESIDENTIAL10063","plotmap_id":"SECTOR-18_72_5C_RESI","plotidentificationnumber":"72","plotno":"72","industrysector":"SECTOR-18","block":"5C","plotsize":"300 SQMT","plotsize_at_the_time_of_allotme":"300 SQMT","landuse_type":"RESIDENTIAL","landuse_subcategory":"RESIDENTIAL","scheme_cod":"RES01","investment":0,"employment":0,"plotstatus":"Allotted","landallotementstatus":"SOLD","landallotementtype":"ALLOTTED","allotmentid":"YEA016154","village_name":"Achheja Bujurg,Usmanpur","khasra_no":"947,953,679,604,603,665,589","longitude":77.58169129999999,"latitude":28.3153535,"authority":"YEIDA","category":"residential","execution_stage":"allotted"}},{"type":"Feature","geometry":{"type":"Polygon","coordinates":[[[77.581994,28.315232],[77.582001,28.31546],[77.581879,28.315463],[77.581872,28.315235],[77.581994,28.315232]]]},"properties":{"objectid":10064,"uniqueplotid":"PLNGRESIDENTIAL10064","plotmap_id":"SECTOR-18_70_5C_RESI","plotidentificationnumber":"70","plotno":"70","industrysector":"SECTOR-18","block":"5C","plotsize":"300 SQMT","plotsize_at_the_time_of_allotme":"300 SQMT","landuse_type":"RESIDENTIAL","landuse_subcategory":"RESIDENTIAL","scheme_cod":"RES01","investment":0,"employment":0,"plotstatus":"Allotted","landallotementstatus":"SOLD","landallotementtype":"ALLOTTED","allotmentid":"YEA006223","village_name":"Usmanpur","khasra_no":"604,603,665","longitude":77.58193647,"latitude":28.31534777,"authority":"YEIDA","category":"residential","execution_stage":"allotted"}},{"type":"Feature","geometry":{"type":"Polygon","coordinates":[[[77.582116,28.315229],[77.582124,28.315458],[77.582001,28.31546],[77.581994,28.315232],[77.582116,28.315229]]]},"properties":{"objectid":10065,"uniqueplotid":"PLNGRESIDENTIAL10065","plotmap_id":"SECTOR-18_69_5C_RESI","plotidentificationnumber":"69","plotno":"69","industrysector":"SECTOR-18","block":"5C","plotsize":"300 SQMT","plotsize_at_the_time_of_allotme":"300 SQMT","landuse_type":"RESIDENTIAL","landuse_subcategory":"RESIDENTIAL","scheme_cod":"RES01","investment":0,"employment":0,"plotstatus":"Allotted","landallotementstatus":"SOLD","landallotementtype":"ALLOTTED","allotmentid":"YEA007515","village_name":"Usmanpur","khasra_no":"665","longitude":77.58205892999999,"latitude":28.315344930000002,"authority":"YEIDA","category":"residential","execution_stage":"allotted"}},{"type":"Feature","geometry":{"type":"Polygon","coordinates":[[[77.582362,28.315223],[77.582369,28.315452],[77.582246,28.315455],[77.582239,28.315226],[77.582362,28.315223]]]},"properties":{"objectid":10066,"uniqueplotid":"PLNGRESIDENTIAL10066","plotmap_id":"SECTOR-18_67_5C_RESI","plotidentificationnumber":"67","plotno":"67","industrysector":"SECTOR-18","block":"5C","plotsize":"300 SQMT","plotsize_at_the_time_of_allotme":"300 SQMT","landuse_type":"RESIDENTIAL","landuse_subcategory":"RESIDENTIAL","scheme_cod":"RES01","investment":0,"employment":0,"plotstatus":"Allotted","landallotementstatus":"SOLD","landallotementtype":"ALLOTTED","allotmentid":"YEA010347","village_name":"Usmanpur","khasra_no":"666,665","longitude":77.58230400000001,"latitude":28.31533913,"authority":"YEIDA","category":"residential","execution_stage":"allotted"}},{"type":"Feature","geometry":{"type":"Polygon","coordinates":[[[77.582239,28.315226],[77.582246,28.315455],[77.582124,28.315458],[77.582116,28.315229],[77.582239,28.315226]]]},"properties":{"objectid":10067,"uniqueplotid":"PLNGRESIDENTIAL10067","plotmap_id":"SECTOR-18_68_5C_RESI","plotidentificationnumber":"68","plotno":"68","industrysector":"SECTOR-18","block":"5C","plotsize":"300 SQMT","plotsize_at_the_time_of_allotme":"300 SQMT","landuse_type":"RESIDENTIAL","landuse_subcategory":"RESIDENTIAL","scheme_cod":"RRPS01","investment":0,"employment":0,"plotstatus":"Allotted","landallotementstatus":"SOLD","landallotementtype":"ALLOTTED","allotmentid":"RRPS012737","village_name":"Usmanpur","khasra_no":"665","longitude":77.58218133999999,"latitude":28.31534198,"authority":"YEIDA","category":"residential","execution_stage":"allotted"}},{"type":"Feature","geometry":{"type":"Polygon","coordinates":[[[77.581021,28.315483],[77.580899,28.315486],[77.580892,28.315259],[77.581014,28.315256],[77.581021,28.315483]]]},"properties":{"objectid":10069,"uniqueplotid":"PLNGRESIDENTIAL10069","plotmap_id":"SECTOR-18_78_5C_RESI","plotidentificationnumber":"78","plotno":"78","industrysector":"SECTOR-18","block":"5C","plotsize":"300 SQMT","plotsize_at_the_time_of_allotme":"300 SQMT","landuse_type":"RESIDENTIAL","landuse_subcategory":"RESIDENTIAL","scheme_cod":"RES01","investment":0,"employment":0,"plotstatus":"Allotted","landallotementstatus":"SOLD","landallotementtype":"ALLOTTED","allotmentid":"YEA016869","village_name":"Achheja Bujurg","khasra_no":"946","longitude":77.5809564,"latitude":28.31537081,"authority":"YEIDA","category":"residential","execution_stage":"allotted"}},{"type":"Feature","geometry":{"type":"Polygon","coordinates":[[[77.581144,28.31548],[77.581021,28.315483],[77.581014,28.315256],[77.581136,28.315253],[77.581144,28.31548]]]},"properties":{"objectid":10070,"uniqueplotid":"PLNGRESIDENTIAL10070","plotmap_id":"SECTOR-18_77_5C_RESI","plotidentificationnumber":"77","plotno":"77","industrysector":"SECTOR-18","block":"5C","plotsize":"300 SQMT","plotsize_at_the_time_of_allotme":"300 SQMT","landuse_type":"RESIDENTIAL","landuse_subcategory":"RESIDENTIAL","scheme_cod":"RES01","investment":0,"employment":0,"plotstatus":"Allotted","landallotementstatus":"SOLD","landallotementtype":"ALLOTTED","allotmentid":"YEA020162","village_name":"Achheja Bujurg","khasra_no":"946","longitude":77.58107886,"latitude":28.31536796,"authority":"YEIDA","category":"residential","execution_stage":"allotted"}},{"type":"Feature","geometry":{"type":"Polygon","coordinates":[[[77.581259,28.31525],[77.581266,28.315477],[77.581144,28.31548],[77.581136,28.315253],[77.581259,28.31525]]]},"properties":{"objectid":10071,"uniqueplotid":"PLNGRESIDENTIAL10071","plotmap_id":"SECTOR-18_76_5C_RESI","plotidentificationnumber":"76","plotno":"76","industrysector":"SECTOR-18","block":"5C","plotsize":"300 SQMT","plotsize_at_the_time_of_allotme":"300 SQMT","landuse_type":"RESIDENTIAL","landuse_subcategory":"RESIDENTIAL","scheme_cod":"RES01","investment":0,"employment":0,"plotstatus":"Allotted","landallotementstatus":"SOLD","landallotementtype":"ALLOTTED","allotmentid":"YEA005495","village_name":"Achheja Bujurg","khasra_no":"946,947","longitude":77.58120126,"latitude":28.31536502,"authority":"YEIDA","category":"residential","execution_stage":"allotted"}},{"type":"Feature","geometry":{"type":"Polygon","coordinates":[[[77.581382,28.315247],[77.581259,28.31525],[77.581252,28.315024],[77.581374,28.315021],[77.581382,28.315247]]]},"properties":{"objectid":10072,"uniqueplotid":"PLNGRESIDENTIAL10072","plotmap_id":"SECTOR-18_30_5C_RESI","plotidentificationnumber":"30","plotno":"30","industrysector":"SECTOR-18","block":"5C","plotsize":"300 SQMT","plotsize_at_the_time_of_allotme":"300 SQMT","landuse_type":"RESIDENTIAL","landuse_subcategory":"RESIDENTIAL","scheme_cod":"RES01","investment":0,"employment":0,"plotstatus":"Allotted","landallotementstatus":"SOLD","landallotementtype":"ALLOTTED","allotmentid":"YEA012108","village_name":"Achheja Bujurg","khasra_no":"946","longitude":77.58131669,"latitude":28.31513562,"authority":"YEIDA","category":"residential","execution_stage":"allotted"}},{"type":"Feature","geometry":{"type":"Polygon","coordinates":[[[77.581504,28.315244],[77.581382,28.315247],[77.581374,28.315021],[77.581496,28.315018],[77.581504,28.315244]]]},"properties":{"objectid":10073,"uniqueplotid":"PLNGRESIDENTIAL10073","plotmap_id":"SECTOR-18_31_5C_RESI","plotidentificationnumber":"31","plotno":"31","industrysector":"SECTOR-18","block":"5C","plotsize":"300 SQMT","plotsize_at_the_time_of_allotme":"300 SQMT","landuse_type":"RESIDENTIAL","landuse_subcategory":"RESIDENTIAL","scheme_cod":"RES01","investment":0,"employment":0,"plotstatus":"Allotted","landallotementstatus":"SOLD","landallotementtype":"ALLOTTED","allotmentid":"YEA005419","village_name":"Achheja Bujurg","khasra_no":"946,953,948","longitude":77.58143895,"latitude":28.315132780000003,"authority":"YEIDA","category":"residential","execution_stage":"allotted"}},{"type":"Feature","geometry":{"type":"Polygon","coordinates":[[[77.581626,28.315241],[77.581504,28.315244],[77.581496,28.315018],[77.581619,28.315016],[77.581626,28.315241]]]},"properties":{"objectid":10074,"uniqueplotid":"PLNGRESIDENTIAL10074","plotmap_id":"SECTOR-18_32_5C_RESI","plotidentificationnumber":"32","plotno":"32","industrysector":"SECTOR-18","block":"5C","plotsize":"300 SQMT","plotsize_at_the_time_of_allotme":"300 SQMT","landuse_type":"RESIDENTIAL","landuse_subcategory":"RESIDENTIAL","scheme_cod":"RES01","investment":0,"employment":0,"plotstatus":"Allotted","landallotementstatus":"SOLD","landallotementtype":"ALLOTTED","allotmentid":"YEA018739","village_name":"Achheja Bujurg","khasra_no":"946,953,948","longitude":77.58156111000001,"latitude":28.31512987,"authority":"YEIDA","category":"residential","execution_stage":"allotted"}},{"type":"Feature","geometry":{"type":"Polygon","coordinates":[[[77.581749,28.315238],[77.581626,28.315241],[77.581619,28.315016],[77.581742,28.315013],[77.581749,28.315238]]]},"properties":{"objectid":10075,"uniqueplotid":"PLNGRESIDENTIAL10075","plotmap_id":"SECTOR-18_33_5C_RESI","plotidentificationnumber":"33","plotno":"33","industrysector":"SECTOR-18","block":"5C","plotsize":"300 SQMT","plotsize_at_the_time_of_allotme":"300 SQMT","landuse_type":"RESIDENTIAL","landuse_subcategory":"RESIDENTIAL","scheme_cod":"RES01","investment":0,"employment":0,"plotstatus":"Allotted","landallotementstatus":"SOLD","landallotementtype":"ALLOTTED","allotmentid":"YEA018426","village_name":"Achheja Bujurg,Usmanpur","khasra_no":"947,953,948,679","longitude":77.58168386999999,"latitude":28.31512695,"authority":"YEIDA","category":"residential","execution_stage":"allotted"}},{"type":"Feature","geometry":{"type":"Polygon","coordinates":[[[77.581872,28.315235],[77.581749,28.315238],[77.581742,28.315013],[77.581864,28.31501],[77.581872,28.315235]]]},"properties":{"objectid":10076,"uniqueplotid":"PLNGRESIDENTIAL10076","plotmap_id":"SECTOR-18_34_5C_RESI","plotidentificationnumber":"34","plotno":"34","industrysector":"SECTOR-18","block":"5C","plotsize":"300 SQMT","plotsize_at_the_time_of_allotme":"300 SQMT","landuse_type":"RESIDENTIAL","landuse_subcategory":"RESIDENTIAL","scheme_cod":"RES01","investment":0,"employment":0,"plotstatus":"Allotted","landallotementstatus":"SOLD","landallotementtype":"ALLOTTED","allotmentid":"YEA006533","village_name":"Achheja Bujurg,Usmanpur","khasra_no":"947,948,679,665","longitude":77.58180673,"latitude":28.315124100000002,"authority":"YEIDA","category":"residential","execution_stage":"allotted"}},{"type":"Feature","geometry":{"type":"Polygon","coordinates":[[[77.581994,28.315232],[77.581872,28.315235],[77.581864,28.31501],[77.581987,28.315007],[77.581994,28.315232]]]},"properties":{"objectid":10077,"uniqueplotid":"PLNGRESIDENTIAL10077","plotmap_id":"SECTOR-18_35_5C_RESI","plotidentificationnumber":"35","plotno":"35","industrysector":"SECTOR-18","block":"5C","plotsize":"300 SQMT","plotsize_at_the_time_of_allotme":"300 SQMT","landuse_type":"RESIDENTIAL","landuse_subcategory":"RESIDENTIAL","scheme_cod":"RES01","investment":0,"employment":0,"plotstatus":"Allotted","landallotementstatus":"SOLD","landallotementtype":"ALLOTTED","allotmentid":"YEA006412","village_name":"Achheja Bujurg,Usmanpur","khasra_no":"947,948,679,665","longitude":77.58192924000001,"latitude":28.31512122,"authority":"YEIDA","category":"residential","execution_stage":"allotted"}},{"type":"Feature","geometry":{"type":"Polygon","coordinates":[[[77.582116,28.315229],[77.581994,28.315232],[77.581987,28.315007],[77.582109,28.315004],[77.582116,28.315229]]]},"properties":{"objectid":10078,"uniqueplotid":"PLNGRESIDENTIAL10078","plotmap_id":"SECTOR-18_36_5C_RESI","plotidentificationnumber":"36","plotno":"36","industrysector":"SECTOR-18","block":"5C","plotsize":"300 SQMT","plotsize_at_the_time_of_allotme":"300 SQMT","landuse_type":"RESIDENTIAL","landuse_subcategory":"RESIDENTIAL","scheme_cod":"RES01","investment":0,"employment":0,"plotstatus":"Allotted","landallotementstatus":"SOLD","landallotementtype":"ALLOTTED","allotmentid":"YEA016885","village_name":"Usmanpur","khasra_no":"679,665","longitude":77.58205149999999,"latitude":28.31511838,"authority":"YEIDA","category":"residential","execution_stage":"allotted"}},{"type":"Feature","geometry":{"type":"Polygon","coordinates":[[[77.582239,28.315226],[77.582116,28.315229],[77.582109,28.315004],[77.582232,28.315002],[77.582239,28.315226]]]},"properties":{"objectid":10079,"uniqueplotid":"PLNGRESIDENTIAL10079","plotmap_id":"SECTOR-18_37_5C_RESI","plotidentificationnumber":"37","plotno":"37","industrysector":"SECTOR-18","block":"5C","plotsize":"300 SQMT","plotsize_at_the_time_of_allotme":"300 SQMT","landuse_type":"RESIDENTIAL","landuse_subcategory":"RESIDENTIAL","scheme_cod":"RES01","investment":0,"employment":0,"plotstatus":"Allotted","landallotementstatus":"SOLD","landallotementtype":"ALLOTTED","allotmentid":"YEA007616","village_name":"Usmanpur","khasra_no":"666,665","longitude":77.58217391,"latitude":28.315115430000002,"authority":"YEIDA","category":"residential","execution_stage":"allotted"}},{"type":"Feature","geometry":{"type":"Polygon","coordinates":[[[77.582362,28.315223],[77.582239,28.315226],[77.582232,28.315002],[77.582354,28.314999],[77.582362,28.315223]]]},"properties":{"objectid":10080,"uniqueplotid":"PLNGRESIDENTIAL10080","plotmap_id":"SECTOR-18_38_5C_RESI","plotidentificationnumber":"38","plotno":"38","industrysector":"SECTOR-18","block":"5C","plotsize":"300 SQMT","plotsize_at_the_time_of_allotme":"300 SQMT","landuse_type":"RESIDENTIAL","landuse_subcategory":"RESIDENTIAL","scheme_cod":"RES01","investment":0,"employment":0,"plotstatus":"Allotted","landallotementstatus":"SOLD","landallotementtype":"ALLOTTED","allotmentid":"YEA007212","village_name":"Usmanpur","khasra_no":"666,665","longitude":77.58229676,"latitude":28.31511258,"authority":"YEIDA","category":"residential","execution_stage":"allotted"}},{"type":"Feature","geometry":{"type":"Polygon","coordinates":[[[77.581014,28.315256],[77.580892,28.315259],[77.580884,28.315032],[77.581007,28.31503],[77.581014,28.315256]]]},"properties":{"objectid":10082,"uniqueplotid":"PLNGRESIDENTIAL10082","plotmap_id":"SECTOR-18_27_5C_RESI","plotidentificationnumber":"27","plotno":"27","industrysector":"SECTOR-18","block":"5C","plotsize":"300 SQMT","plotsize_at_the_time_of_allotme":"300 SQMT","landuse_type":"RESIDENTIAL","landuse_subcategory":"RESIDENTIAL","scheme_cod":"RES01","investment":0,"employment":0,"plotstatus":"Allotted","landallotementstatus":"SOLD","landallotementtype":"ALLOTTED","allotmentid":"YEA013658","village_name":"Achheja Bujurg","khasra_no":"946","longitude":77.58094917,"latitude":28.31514425,"authority":"YEIDA","category":"residential","execution_stage":"allotted"}},{"type":"Feature","geometry":{"type":"Polygon","coordinates":[[[77.581136,28.315253],[77.581014,28.315256],[77.581007,28.31503],[77.581129,28.315027],[77.581136,28.315253]]]},"properties":{"objectid":10083,"uniqueplotid":"PLNGRESIDENTIAL10083","plotmap_id":"SECTOR-18_28_5C_RESI","plotidentificationnumber":"28","plotno":"28","industrysector":"SECTOR-18","block":"5C","plotsize":"300 SQMT","plotsize_at_the_time_of_allotme":"300 SQMT","landuse_type":"RESIDENTIAL","landuse_subcategory":"RESIDENTIAL","scheme_cod":"RES01","investment":0,"employment":0,"plotstatus":"Allotted","landallotementstatus":"SOLD","landallotementtype":"ALLOTTED","allotmentid":"YEA005169","village_name":"Achheja Bujurg","khasra_no":"946","longitude":77.58107143000001,"latitude":28.315141410000003,"authority":"YEIDA","category":"residential","execution_stage":"allotted"}},{"type":"Feature","geometry":{"type":"Polygon","coordinates":[[[77.581259,28.31525],[77.581136,28.315253],[77.581129,28.315027],[77.581252,28.315024],[77.581259,28.31525]]]},"properties":{"objectid":10084,"uniqueplotid":"PLNGRESIDENTIAL10084","plotmap_id":"SECTOR-18_29_5C_RESI","plotidentificationnumber":"29","plotno":"29","industrysector":"SECTOR-18","block":"5C","plotsize":"300 SQMT","plotsize_at_the_time_of_allotme":"300 SQMT","landuse_type":"RESIDENTIAL","landuse_subcategory":"RESIDENTIAL","scheme_cod":"RES01","investment":0,"employment":0,"plotstatus":"Allotted","landallotementstatus":"SOLD","landallotementtype":"ALLOTTED","allotmentid":"YEA013115","village_name":"Achheja Bujurg","khasra_no":"946","longitude":77.58119383,"latitude":28.31513847,"authority":"YEIDA","category":"residential","execution_stage":"allotted"}},{"type":"Feature","geometry":{"type":"Polygon","coordinates":[[[77.580511,28.315152],[77.580257,28.315158],[77.580253,28.315049],[77.580507,28.315043],[77.580511,28.315152]]]},"properties":{"objectid":10085,"uniqueplotid":"PLNGRESIDENTIAL10085","plotmap_id":"SECTOR-18_1_5C_RESI","plotidentificationnumber":"1","plotno":"1","industrysector":"SECTOR-18","block":"5C","plotsize":"300 SQMT","plotsize_at_the_time_of_allotme":"300 SQMT","landuse_type":"RESIDENTIAL","landuse_subcategory":"RESIDENTIAL","scheme_cod":"RES01","investment":0,"employment":0,"plotstatus":"Allotted","landallotementstatus":"SOLD","landallotementtype":"ALLOTTED","allotmentid":"YEA005822","village_name":"Achheja Bujurg","khasra_no":"946,945","longitude":77.58038182,"latitude":28.31510067,"authority":"YEIDA","category":"residential","execution_stage":"allotted"}},{"type":"Feature","geometry":{"type":"Polygon","coordinates":[[[77.580765,28.315146],[77.580511,28.315152],[77.580507,28.315043],[77.580761,28.315038],[77.580765,28.315146]]]},"properties":{"objectid":10086,"uniqueplotid":"PLNGRESIDENTIAL10086","plotmap_id":"SECTOR-18_26_5C_RESI","plotidentificationnumber":"26","plotno":"26","industrysector":"SECTOR-18","block":"5C","plotsize":"300 SQMT","plotsize_at_the_time_of_allotme":"300 SQMT","landuse_type":"RESIDENTIAL","landuse_subcategory":"RESIDENTIAL","scheme_cod":"RES01","investment":0,"employment":0,"plotstatus":"Allotted","landallotementstatus":"SOLD","landallotementtype":"ALLOTTED","allotmentid":"YEA010112","village_name":"Achheja Bujurg","khasra_no":"946,945","longitude":77.58063581,"latitude":28.3150947,"authority":"YEIDA","category":"residential","execution_stage":"allotted"}},{"type":"Feature","geometry":{"type":"Polygon","coordinates":[[[77.580768,28.315254],[77.580514,28.31526],[77.580511,28.315152],[77.580765,28.315146],[77.580768,28.315254]]]},"properties":{"objectid":10087,"uniqueplotid":"PLNGRESIDENTIAL10087","plotmap_id":"SECTOR-18_25_5C_RESI","plotidentificationnumber":"25","plotno":"25","industrysector":"SECTOR-18","block":"5C","plotsize":"300 SQMT","plotsize_at_the_time_of_allotme":"300 SQMT","landuse_type":"RESIDENTIAL","landuse_subcategory":"RESIDENTIAL","scheme_cod":"RES01","investment":0,"employment":0,"plotstatus":"Allotted","landallotementstatus":"SOLD","landallotementtype":"ALLOTTED","allotmentid":"YEA019103","village_name":"Achheja Bujurg","khasra_no":"946","longitude":77.5806393,"latitude":28.315202980000002,"authority":"YEIDA","category":"residential","execution_stage":"allotted"}},{"type":"Feature","geometry":{"type":"Polygon","coordinates":[[[77.580514,28.31526],[77.58026,28.315266],[77.580257,28.315158],[77.580511,28.315152],[77.580514,28.31526]]]},"properties":{"objectid":10088,"uniqueplotid":"PLNGRESIDENTIAL10088","plotmap_id":"SECTOR-18_2_5C_RESI","plotidentificationnumber":"2","plotno":"2","industrysector":"SECTOR-18","block":"5C","plotsize":"300 SQMT","plotsize_at_the_time_of_allotme":"300 SQMT","landuse_type":"RESIDENTIAL","landuse_subcategory":"RESIDENTIAL","scheme_cod":"RES01","investment":0,"employment":0,"plotstatus":"Allotted","landallotementstatus":"SOLD","landallotementtype":"ALLOTTED","allotmentid":"YEA004618","village_name":"Achheja Bujurg","khasra_no":"946,945","longitude":77.58038531999999,"latitude":28.315209120000002,"authority":"YEIDA","category":"residential","execution_stage":"allotted"}},{"type":"Feature","geometry":{"type":"Polygon","coordinates":[[[77.580775,28.315471],[77.580521,28.315477],[77.580517,28.315369],[77.580771,28.315363],[77.580775,28.315471]]]},"properties":{"objectid":10089,"uniqueplotid":"PLNGRESIDENTIAL10089","plotmap_id":"SECTOR-18_23_5C_RESI","plotidentificationnumber":"23","plotno":"23","industrysector":"SECTOR-18","block":"5C","plotsize":"300 SQMT","plotsize_at_the_time_of_allotme":"300 SQMT","landuse_type":"RESIDENTIAL","landuse_subcategory":"RESIDENTIAL","scheme_cod":"RES01","investment":0,"employment":0,"plotstatus":"Allotted","landallotementstatus":"SOLD","landallotementtype":"ALLOTTED","allotmentid":"YEA014671","village_name":"Achheja Bujurg","khasra_no":"946","longitude":77.58064617000001,"latitude":28.315419770000002,"authority":"YEIDA","category":"residential","execution_stage":"allotted"}},{"type":"Feature","geometry":{"type":"Polygon","coordinates":[[[77.581382,28.315247],[77.581389,28.315474],[77.581266,28.315477],[77.581259,28.31525],[77.581382,28.315247]]]},"properties":{"objectid":10116,"uniqueplotid":"PLNGRESIDENTIAL10116","plotmap_id":"SECTOR-18_75_5C_RESI","plotidentificationnumber":"75","plotno":"75","industrysector":"SECTOR-18","block":"5C","plotsize":"300 SQMT","plotsize_at_the_time_of_allotme":"300 SQMT","landuse_type":"RESIDENTIAL","landuse_subcategory":"RESIDENTIAL","scheme_cod":"RES01","investment":0,"employment":0,"plotstatus":"Allotted","landallotementstatus":"SOLD","landallotementtype":"ALLOTTED","allotmentid":"YEA015685","village_name":"Achheja Bujurg","khasra_no":"946,947","longitude":77.58132392,"latitude":28.31536217,"authority":"YEIDA","category":"residential","execution_stage":"allotted"}},{"type":"Feature","geometry":{"type":"Polygon","coordinates":[[[77.580524,28.315585],[77.58027,28.315591],[77.580267,28.315483],[77.580521,28.315477],[77.580524,28.315585]]]},"properties":{"objectid":10362,"uniqueplotid":"PLNGRESIDENTIAL10362","plotmap_id":"SECTOR-18_5_5C_RESI","plotidentificationnumber":"5","plotno":"5","industrysector":"SECTOR-18","block":"5C","plotsize":"300 SQMT","plotsize_at_the_time_of_allotme":"300 SQMT","landuse_type":"RESIDENTIAL","landuse_subcategory":"RESIDENTIAL","scheme_cod":"RES01","investment":0,"employment":0,"plotstatus":"Allotted","landallotementstatus":"SOLD","landallotementtype":"ALLOTTED","allotmentid":"YEA006031","village_name":"Achheja Bujurg","khasra_no":"946","longitude":77.58039566999999,"latitude":28.31553385,"authority":"YEIDA","category":"residential","execution_stage":"allotted"}},{"type":"Feature","geometry":{"type":"Polygon","coordinates":[[[77.580778,28.315579],[77.580524,28.315585],[77.580521,28.315477],[77.580775,28.315471],[77.580778,28.315579]]]},"properties":{"objectid":10528,"uniqueplotid":"PLNGRESIDENTIAL10528","plotmap_id":"SECTOR-18_22_5C_RESI","plotidentificationnumber":"22","plotno":"22","industrysector":"SECTOR-18","block":"5C","plotsize":"300 SQMT","plotsize_at_the_time_of_allotme":"300 SQMT","landuse_type":"RESIDENTIAL","landuse_subcategory":"RESIDENTIAL","scheme_cod":"RES01","investment":0,"employment":0,"plotstatus":"Allotted","landallotementstatus":"SOLD","landallotementtype":"ALLOTTED","allotmentid":"YEA012023","village_name":"Achheja Bujurg","khasra_no":"946","longitude":77.58064965,"latitude":28.3155277,"authority":"YEIDA","category":"residential","execution_stage":"allotted"}}]}
