{"type":"FeatureCollection","features":[{"type":"Feature","geometry":{"type":"Polygon","coordinates":[[[77.592015,28.295227],[77.591896,28.295257],[77.591827,28.295039],[77.591945,28.295009],[77.592015,28.295227]]]},"properties":{"objectid":20953,"uniqueplotid":"PLNGRESIDENTIAL20953","plotmap_id":"SECTOR-20_509_K_RESI","plotidentificationnumber":"509","plotno":"509","industrysector":"SECTOR-20","block":"K","plotsize":"300 SQMT","plotsize_at_the_time_of_allotme":"300 SQMT","landuse_type":"RESIDENTIAL","landuse_subcategory":"RESIDENTIAL","scheme_cod":"RES01","investment":0,"employment":0,"plotstatus":"Allotted","landallotementstatus":"SOLD","landallotementtype":"ALLOTTED","allotmentid":"YEA004910","village_name":"Acchepur,Mirzapur","khasra_no":"560,10,11","longitude":77.59192062,"latitude":28.295132770000002,"authority":"YEIDA","category":"residential","execution_stage":"allotted"}},{"type":"Feature","geometry":{"type":"Polygon","coordinates":[[[77.592133,28.295197],[77.592015,28.295227],[77.591945,28.295009],[77.592064,28.294979],[77.592133,28.295197]]]},"properties":{"objectid":20954,"uniqueplotid":"PLNGRESIDENTIAL20954","plotmap_id":"SECTOR-20_N.A_K_RESI","plotidentificationnumber":"N.A","plotno":"N.A","industrysector":"SECTOR-20","block":"K","plotsize":"300 SQMT","landuse_type":"RESIDENTIAL","landuse_subcategory":"RESIDENTIAL","investment":0,"employment":0,"landallotementstatus":"VACANT","landallotementtype":"VACANT","village_name":"Acchepur,Mirzapur","khasra_no":"560,10,11","longitude":77.59203893,"latitude":28.29510277,"authority":"YEIDA","category":"residential","execution_stage":"vacant"}},{"type":"Feature","geometry":{"type":"Polygon","coordinates":[[[77.592084,28.295445],[77.591966,28.295475],[77.591896,28.295257],[77.592015,28.295227],[77.592084,28.295445]]]},"properties":{"objectid":20955,"uniqueplotid":"PLNGRESIDENTIAL20955","plotmap_id":"SECTOR-20_538_K_RESI","plotidentificationnumber":"538","plotno":"538","industrysector":"SECTOR-20","block":"K","plotsize":"300 SQMT","plotsize_at_the_time_of_allotme":"300 SQMT","landuse_type":"RESIDENTIAL","landuse_subcategory":"RESIDENTIAL","scheme_cod":"RES01","investment":0,"employment":0,"plotstatus":"Allotted","landallotementstatus":"SOLD","landallotementtype":"ALLOTTED","allotmentid":"YEA012036","village_name":"Mirzapur","khasra_no":"560","longitude":77.59200572,"latitude":28.295366780000002,"authority":"YEIDA","category":"residential","execution_stage":"allotted"}},{"type":"Feature","geometry":{"type":"Polygon","coordinates":[[[77.591073,28.297454],[77.590823,28.297517],[77.590782,28.297386],[77.591029,28.297324],[77.591073,28.297454]]]},"properties":{"objectid":20965,"uniqueplotid":"PLNGRESIDENTIAL20965","plotmap_id":"SECTOR-20_640_K_RESI","plotidentificationnumber":"640","plotno":"640","industrysector":"SECTOR-20","block":"K","plotsize":"300 SQMT","plotsize_at_the_time_of_allotme":"300 SQMT","landuse_type":"RESIDENTIAL","landuse_subcategory":"RESIDENTIAL","scheme_cod":"RES01","investment":0,"employment":0,"plotstatus":"Allotted","landallotementstatus":"SOLD","landallotementtype":"ALLOTTED","allotmentid":"YEA004249","village_name":"Mirzapur","khasra_no":"565","longitude":77.59092708,"latitude":28.29742034,"authority":"YEIDA","category":"residential","execution_stage":"allotted"}},{"type":"Feature","geometry":{"type":"Polygon","coordinates":[[[77.590662,28.296171],[77.590415,28.296234],[77.590382,28.296129],[77.590629,28.296067],[77.590662,28.296171]]]},"properties":{"objectid":20966,"uniqueplotid":"PLNGRESIDENTIAL20966","plotmap_id":"SECTOR-20_628_K_RESI","plotidentificationnumber":"628","plotno":"628","industrysector":"SECTOR-20","block":"K","plotsize":"300 SQMT","plotsize_at_the_time_of_allotme":"300 SQMT","landuse_type":"RESIDENTIAL","landuse_subcategory":"RESIDENTIAL","scheme_cod":"RES01","investment":0,"employment":0,"plotstatus":"Allotted","landallotementstatus":"SOLD","landallotementtype":"ALLOTTED","allotmentid":"YEA006773","village_name":"Mirzapur","khasra_no":"565,564","longitude":77.590522,"latitude":28.29615015,"authority":"YEIDA","category":"residential","execution_stage":"allotted"}},{"type":"Feature","geometry":{"type":"Polygon","coordinates":[[[77.590909,28.296109],[77.590662,28.296171],[77.590629,28.296067],[77.590876,28.296005],[77.590909,28.296109]]]},"properties":{"objectid":20967,"uniqueplotid":"PLNGRESIDENTIAL20967","plotmap_id":"SECTOR-20_625_K_RESI","plotidentificationnumber":"625","plotno":"625","industrysector":"SECTOR-20","block":"K","plotsize":"300 SQMT","plotsize_at_the_time_of_allotme":"300 SQMT","landuse_type":"RESIDENTIAL","landuse_subcategory":"RESIDENTIAL","scheme_cod":"RES01","investment":0,"employment":0,"plotstatus":"Allotted","landallotementstatus":"SOLD","landallotementtype":"ALLOTTED","allotmentid":"YEA018180","village_name":"Mirzapur","khasra_no":"564","longitude":77.59076883,"latitude":28.296088,"authority":"YEIDA","category":"residential","execution_stage":"allotted"}},{"type":"Feature","geometry":{"type":"Polygon","coordinates":[[[77.590581,28.295937],[77.590834,28.295873],[77.590876,28.296005],[77.59063,28.296066],[77.590581,28.295937]]]},"properties":{"objectid":20968,"uniqueplotid":"PLNGRESIDENTIAL20968","plotmap_id":"SECTOR-20_626_K_RESI","plotidentificationnumber":"626","plotno":"626","industrysector":"SECTOR-20","block":"K","plotsize":"300 SQMT","plotsize_at_the_time_of_allotme":"300 SQMT","landuse_type":"RESIDENTIAL","landuse_subcategory":"RESIDENTIAL","scheme_cod":"RES01","investment":0,"employment":0,"plotstatus":"Allotted","landallotementstatus":"SOLD","landallotementtype":"ALLOTTED","allotmentid":"YEA020633","village_name":"Mirzapur","khasra_no":"562,564","longitude":77.59072948,"latitude":28.29597001,"authority":"YEIDA","category":"residential","execution_stage":"allotted"}},{"type":"Feature","geometry":{"type":"Polygon","coordinates":[[[77.591614,28.295913],[77.591496,28.295942],[77.591426,28.295724],[77.591545,28.295694],[77.591614,28.295913]]]},"properties":{"objectid":25708,"uniqueplotid":"PLNGRESIDENTIAL25708","plotmap_id":"SECTOR-20_543_K_RESI","plotidentificationnumber":"543","plotno":"543","industrysector":"SECTOR-20","block":"K","plotsize":"300 SQMT","plotsize_at_the_time_of_allotme":"300 SQMT","landuse_type":"RESIDENTIAL","landuse_subcategory":"RESIDENTIAL","scheme_cod":"RES01","investment":0,"employment":0,"plotstatus":"Allotted","landallotementstatus":"SOLD","landallotementtype":"ALLOTTED","allotmentid":"YEA015002","village_name":"Mirzapur","khasra_no":"560,561","longitude":77.59152019,"latitude":28.29581835,"authority":"YEIDA","category":"residential","execution_stage":"allotted"}},{"type":"Feature","geometry":{"type":"Polygon","coordinates":[[[77.591733,28.295883],[77.591614,28.295913],[77.591545,28.295694],[77.591663,28.295664],[77.591733,28.295883]]]},"properties":{"objectid":25709,"uniqueplotid":"PLNGRESIDENTIAL25709","plotmap_id":"SECTOR-20_544_K_RESI","plotidentificationnumber":"544","plotno":"544","industrysector":"SECTOR-20","block":"K","plotsize":"300 SQMT","plotsize_at_the_time_of_allotme":"300 SQMT","landuse_type":"RESIDENTIAL","landuse_subcategory":"RESIDENTIAL","scheme_cod":"RES01","investment":0,"employment":0,"plotstatus":"Allotted","landallotementstatus":"SOLD","landallotementtype":"ALLOTTED","allotmentid":"YEA004614","village_name":"Mirzapur","khasra_no":"560","longitude":77.59163867,"latitude":28.29578852,"authority":"YEIDA","category":"residential","execution_stage":"allotted"}},{"type":"Feature","geometry":{"type":"Polygon","coordinates":[[[77.591684,28.296131],[77.591565,28.296161],[77.591496,28.295942],[77.591614,28.295913],[77.591684,28.296131]]]},"properties":{"objectid":25710,"uniqueplotid":"PLNGRESIDENTIAL25710","plotmap_id":"SECTOR-20_564_K_RESI","plotidentificationnumber":"564","plotno":"564","industrysector":"SECTOR-20","block":"K","plotsize":"300 SQMT","plotsize_at_the_time_of_allotme":"300 SQMT","landuse_type":"RESIDENTIAL","landuse_subcategory":"RESIDENTIAL","scheme_cod":"RES01","investment":0,"employment":0,"plotstatus":"Allotted","landallotementstatus":"SOLD","landallotementtype":"ALLOTTED","allotmentid":"YEA017181","village_name":"Mirzapur","khasra_no":"560","longitude":77.59158963,"latitude":28.29603666,"authority":"YEIDA","category":"residential","execution_stage":"allotted"}},{"type":"Feature","geometry":{"type":"Polygon","coordinates":[[[77.591565,28.296161],[77.591447,28.296191],[77.591377,28.295972],[77.591496,28.295942],[77.591565,28.296161]]]},"properties":{"objectid":25711,"uniqueplotid":"PLNGRESIDENTIAL25711","plotmap_id":"SECTOR-20_565_K_RESI","plotidentificationnumber":"565","plotno":"565","industrysector":"SECTOR-20","block":"K","plotsize":"300 SQMT","plotsize_at_the_time_of_allotme":"300 SQMT","landuse_type":"RESIDENTIAL","landuse_subcategory":"RESIDENTIAL","scheme_cod":"RES01","investment":0,"employment":0,"plotstatus":"Allotted","landallotementstatus":"SOLD","landallotementtype":"ALLOTTED","allotmentid":"YEA019151","village_name":"Mirzapur","khasra_no":"560,564","longitude":77.59147114999999,"latitude":28.296066489999998,"authority":"YEIDA","category":"residential","execution_stage":"allotted"}},{"type":"Feature","geometry":{"type":"Polygon","coordinates":[[[77.591447,28.296191],[77.591328,28.29622],[77.591259,28.296002],[77.591377,28.295972],[77.591447,28.296191]]]},"properties":{"objectid":25712,"uniqueplotid":"PLNGRESIDENTIAL25712","plotmap_id":"SECTOR-20_566_K_RESI","plotidentificationnumber":"566","plotno":"566","industrysector":"SECTOR-20","block":"K","plotsize":"300 SQMT","plotsize_at_the_time_of_allotme":"300 SQMT","landuse_type":"RESIDENTIAL","landuse_subcategory":"RESIDENTIAL","scheme_cod":"RES01","investment":0,"employment":0,"plotstatus":"Allotted","landallotementstatus":"SOLD","landallotementtype":"ALLOTTED","allotmentid":"YEA015062","village_name":"Mirzapur","khasra_no":"564","longitude":77.59135267,"latitude":28.29609632,"authority":"YEIDA","category":"residential","execution_stage":"allotted"}},{"type":"Feature","geometry":{"type":"Polygon","coordinates":[[[77.592405,28.296657],[77.592159,28.296719],[77.592126,28.296614],[77.592372,28.296552],[77.592405,28.296657]]]},"properties":{"objectid":26234,"uniqueplotid":"PLNGRESIDENTIAL26234","plotmap_id":"SECTOR-20_573_K_RESI","plotidentificationnumber":"573","plotno":"573","industrysector":"SECTOR-20","block":"K","plotsize":"300 SQMT","plotsize_at_the_time_of_allotme":"300 SQMT","landuse_type":"RESIDENTIAL","landuse_subcategory":"RESIDENTIAL","scheme_cod":"RES01","investment":0,"employment":0,"plotstatus":"Allotted","landallotementstatus":"SOLD","landallotementtype":"ALLOTTED","allotmentid":"YEA017359","village_name":"Acchepur,Mirzapur","khasra_no":"559,4,5","longitude":77.59226556,"latitude":28.29663529,"authority":"YEIDA","category":"residential","execution_stage":"allotted"}},{"type":"Feature","geometry":{"type":"Polygon","coordinates":[[[77.592439,28.296761],[77.592192,28.296823],[77.592159,28.296719],[77.592405,28.296657],[77.592439,28.296761]]]},"properties":{"objectid":26235,"uniqueplotid":"PLNGRESIDENTIAL26235","plotmap_id":"SECTOR-20_574_K_RESI","plotidentificationnumber":"574","plotno":"574","industrysector":"SECTOR-20","block":"K","plotsize":"300 SQMT","plotsize_at_the_time_of_allotme":"300 SQMT","landuse_type":"RESIDENTIAL","landuse_subcategory":"RESIDENTIAL","scheme_cod":"RES01","investment":0,"employment":0,"plotstatus":"Allotted","landallotementstatus":"SOLD","landallotementtype":"ALLOTTED","allotmentid":"YEA006778","village_name":"Acchepur,Mirzapur","khasra_no":"559,4,5","longitude":77.59229884000001,"latitude":28.29674006,"authority":"YEIDA","category":"residential","execution_stage":"allotted"}},{"type":"Feature","geometry":{"type":"Polygon","coordinates":[[[77.592472,28.296866],[77.592226,28.296928],[77.592192,28.296823],[77.592439,28.296761],[77.592472,28.296866]]]},"properties":{"objectid":26236,"uniqueplotid":"PLNGRESIDENTIAL26236","plotmap_id":"SECTOR-20_575_K_RESI","plotidentificationnumber":"575","plotno":"575","industrysector":"SECTOR-20","block":"K","plotsize":"300 SQMT","plotsize_at_the_time_of_allotme":"300 SQMT","landuse_type":"RESIDENTIAL","landuse_subcategory":"RESIDENTIAL","scheme_cod":"RES01","investment":0,"employment":0,"plotstatus":"Allotted","landallotementstatus":"SOLD","landallotementtype":"ALLOTTED","allotmentid":"YEA013569","village_name":"Acchepur,Mirzapur","khasra_no":"559,4,5","longitude":77.59233212999999,"latitude":28.29684483,"authority":"YEIDA","category":"residential","execution_stage":"allotted"}},{"type":"Feature","geometry":{"type":"Polygon","coordinates":[[[77.592505,28.296971],[77.592259,28.297033],[77.592226,28.296928],[77.592472,28.296866],[77.592505,28.296971]]]},"properties":{"objectid":26237,"uniqueplotid":"PLNGRESIDENTIAL26237","plotmap_id":"SECTOR-20_576_K_RESI","plotidentificationnumber":"576","plotno":"576","industrysector":"SECTOR-20","block":"K","plotsize":"300 SQMT","plotsize_at_the_time_of_allotme":"300 SQMT","landuse_type":"RESIDENTIAL","landuse_subcategory":"RESIDENTIAL","scheme_cod":"RES01","investment":0,"employment":0,"plotstatus":"Allotted","landallotementstatus":"SOLD","landallotementtype":"ALLOTTED","allotmentid":"YEA018124","village_name":"Acchepur,Mirzapur","khasra_no":"559,4,5","longitude":77.59236541,"latitude":28.2969496,"authority":"YEIDA","category":"residential","execution_stage":"allotted"}},{"type":"Feature","geometry":{"type":"Polygon","coordinates":[[[77.592539,28.297076],[77.592292,28.297138],[77.592259,28.297033],[77.592505,28.296971],[77.592539,28.297076]]]},"properties":{"objectid":26238,"uniqueplotid":"PLNGRESIDENTIAL26238","plotmap_id":"SECTOR-20_577_K_RESI","plotidentificationnumber":"577","plotno":"577","industrysector":"SECTOR-20","block":"K","plotsize":"300 SQMT","plotsize_at_the_time_of_allotme":"300 SQMT","landuse_type":"RESIDENTIAL","landuse_subcategory":"RESIDENTIAL","scheme_cod":"RES01","investment":0,"employment":0,"plotstatus":"Allotted","landallotementstatus":"SOLD","landallotementtype":"ALLOTTED","allotmentid":"YEA011064","village_name":"Acchepur,Mirzapur","khasra_no":"558,559,4,5","longitude":77.59239869999999,"latitude":28.29705437,"authority":"YEIDA","category":"residential","execution_stage":"allotted"}},{"type":"Feature","geometry":{"type":"Polygon","coordinates":[[[77.592292,28.297138],[77.592045,28.2972],[77.592012,28.297095],[77.592259,28.297033],[77.592292,28.297138]]]},"properties":{"objectid":26239,"uniqueplotid":"PLNGRESIDENTIAL26239","plotmap_id":"SECTOR-20_582_K_RESI","plotidentificationnumber":"582","plotno":"582","industrysector":"SECTOR-20","block":"K","plotsize":"300 SQMT","plotsize_at_the_time_of_allotme":"300 SQMT","landuse_type":"RESIDENTIAL","landuse_subcategory":"RESIDENTIAL","scheme_cod":"RES01","investment":0,"employment":0,"plotstatus":"Allotted","landallotementstatus":"SOLD","landallotementtype":"ALLOTTED","allotmentid":"YEA005097","village_name":"Mirzapur","khasra_no":"558,559","longitude":77.59215185000001,"latitude":28.29711651,"authority":"YEIDA","category":"residential","execution_stage":"allotted"}},{"type":"Feature","geometry":{"type":"Polygon","coordinates":[[[77.592259,28.297033],[77.592012,28.297095],[77.591978,28.29699],[77.592226,28.296928],[77.592259,28.297033]]]},"properties":{"objectid":26240,"uniqueplotid":"PLNGRESIDENTIAL26240","plotmap_id":"SECTOR-20_583_K_RESI","plotidentificationnumber":"583","plotno":"583","industrysector":"SECTOR-20","block":"K","plotsize":"300 SQMT","plotsize_at_the_time_of_allotme":"300 SQMT","landuse_type":"RESIDENTIAL","landuse_subcategory":"RESIDENTIAL","scheme_cod":"RES01","investment":0,"employment":0,"plotstatus":"Allotted","landallotementstatus":"SOLD","landallotementtype":"ALLOTTED","allotmentid":"YEA010071","village_name":"Mirzapur","khasra_no":"559","longitude":77.59211856,"latitude":28.297011740000002,"authority":"YEIDA","category":"residential","execution_stage":"allotted"}},{"type":"Feature","geometry":{"type":"Polygon","coordinates":[[[77.592226,28.296928],[77.591978,28.29699],[77.591945,28.296886],[77.592192,28.296823],[77.592226,28.296928]]]},"properties":{"objectid":26241,"uniqueplotid":"PLNGRESIDENTIAL26241","plotmap_id":"SECTOR-20_584_K_RESI","plotidentificationnumber":"584","plotno":"584","industrysector":"SECTOR-20","block":"K","plotsize":"300 SQMT","plotsize_at_the_time_of_allotme":"300 SQMT","landuse_type":"RESIDENTIAL","landuse_subcategory":"RESIDENTIAL","scheme_cod":"RES01","investment":0,"employment":0,"plotstatus":"Allotted","landallotementstatus":"SOLD","landallotementtype":"ALLOTTED","allotmentid":"YEA020210","village_name":"Mirzapur","khasra_no":"559","longitude":77.59208527999999,"latitude":28.296906970000002,"authority":"YEIDA","category":"residential","execution_stage":"allotted"}},{"type":"Feature","geometry":{"type":"Polygon","coordinates":[[[77.592192,28.296823],[77.591945,28.296886],[77.591912,28.296781],[77.592159,28.296719],[77.592192,28.296823]]]},"properties":{"objectid":26242,"uniqueplotid":"PLNGRESIDENTIAL26242","plotmap_id":"SECTOR-20_585_K_RESI","plotidentificationnumber":"585","plotno":"585","industrysector":"SECTOR-20","block":"K","plotsize":"300 SQMT","plotsize_at_the_time_of_allotme":"300 SQMT","landuse_type":"RESIDENTIAL","landuse_subcategory":"RESIDENTIAL","scheme_cod":"RES01","investment":0,"employment":0,"plotstatus":"Allotted","landallotementstatus":"SOLD","landallotementtype":"ALLOTTED","allotmentid":"YEA018475","village_name":"Mirzapur","khasra_no":"559","longitude":77.59205199,"latitude":28.296802200000002,"authority":"YEIDA","category":"residential","execution_stage":"allotted"}},{"type":"Feature","geometry":{"type":"Polygon","coordinates":[[[77.592159,28.296719],[77.591912,28.296781],[77.591878,28.296676],[77.592126,28.296614],[77.592159,28.296719]]]},"properties":{"objectid":26243,"uniqueplotid":"PLNGRESIDENTIAL26243","plotmap_id":"SECTOR-20_586_K_RESI","plotidentificationnumber":"586","plotno":"586","industrysector":"SECTOR-20","block":"K","plotsize":"300 SQMT","plotsize_at_the_time_of_allotme":"300 SQMT","landuse_type":"RESIDENTIAL","landuse_subcategory":"RESIDENTIAL","scheme_cod":"RES01","investment":0,"employment":0,"plotstatus":"Allotted","landallotementstatus":"SOLD","landallotementtype":"ALLOTTED","allotmentid":"YEA004724","village_name":"Acchepur,Mirzapur","khasra_no":"560,559,564,5","longitude":77.59201871,"latitude":28.296697430000002,"authority":"YEIDA","category":"residential","execution_stage":"allotted"}},{"type":"Feature","geometry":{"type":"Polygon","coordinates":[[[77.59168,28.297292],[77.591433,28.297354],[77.591399,28.297249],[77.591646,28.297187],[77.59168,28.297292]]]},"properties":{"objectid":26244,"uniqueplotid":"PLNGRESIDENTIAL26244","plotmap_id":"SECTOR-20_604_K_RESI","plotidentificationnumber":"604","plotno":"604","industrysector":"SECTOR-20","block":"K","plotsize":"300 SQMT","plotsize_at_the_time_of_allotme":"300 SQMT","landuse_type":"RESIDENTIAL","landuse_subcategory":"RESIDENTIAL","scheme_cod":"RES01","investment":0,"employment":0,"plotstatus":"Allotted","landallotementstatus":"SOLD","landallotementtype":"ALLOTTED","allotmentid":"YEA018443","village_name":"Mirzapur","khasra_no":"559","longitude":77.59153959,"latitude":28.29727052,"authority":"YEIDA","category":"residential","execution_stage":"allotted"}},{"type":"Feature","geometry":{"type":"Polygon","coordinates":[[[77.591646,28.297187],[77.591399,28.297249],[77.591366,28.297144],[77.591613,28.297082],[77.591646,28.297187]]]},"properties":{"objectid":26245,"uniqueplotid":"PLNGRESIDENTIAL26245","plotmap_id":"SECTOR-20_605_K_RESI","plotidentificationnumber":"605","plotno":"605","industrysector":"SECTOR-20","block":"K","plotsize":"300 SQMT","plotsize_at_the_time_of_allotme":"300 SQMT","landuse_type":"RESIDENTIAL","landuse_subcategory":"RESIDENTIAL","scheme_cod":"RES01","investment":0,"employment":0,"plotstatus":"Allotted","landallotementstatus":"SOLD","landallotementtype":"ALLOTTED","allotmentid":"YEA011290","village_name":"Mirzapur","khasra_no":"559","longitude":77.59150626,"latitude":28.29716576,"authority":"YEIDA","category":"residential","execution_stage":"allotted"}},{"type":"Feature","geometry":{"type":"Polygon","coordinates":[[[77.591613,28.297082],[77.591366,28.297144],[77.591333,28.29704],[77.59158,28.296978],[77.591613,28.297082]]]},"properties":{"objectid":26246,"uniqueplotid":"PLNGRESIDENTIAL26246","plotmap_id":"SECTOR-20_606_K_RESI","plotidentificationnumber":"606","plotno":"606","industrysector":"SECTOR-20","block":"K","plotsize":"300 SQMT","plotsize_at_the_time_of_allotme":"300 SQMT","landuse_type":"RESIDENTIAL","landuse_subcategory":"RESIDENTIAL","scheme_cod":"RES01","investment":0,"employment":0,"plotstatus":"Allotted","landallotementstatus":"SOLD","landallotementtype":"ALLOTTED","allotmentid":"YEA005952","village_name":"Mirzapur","khasra_no":"565,559,564","longitude":77.59147293999999,"latitude":28.297061,"authority":"YEIDA","category":"residential","execution_stage":"allotted"}},{"type":"Feature","geometry":{"type":"Polygon","coordinates":[[[77.59158,28.296978],[77.591333,28.29704],[77.591299,28.296935],[77.591546,28.296873],[77.59158,28.296978]]]},"properties":{"objectid":26247,"uniqueplotid":"PLNGRESIDENTIAL26247","plotmap_id":"SECTOR-20_607_K_RESI","plotidentificationnumber":"607","plotno":"607","industrysector":"SECTOR-20","block":"K","plotsize":"300 SQMT","plotsize_at_the_time_of_allotme":"300 SQMT","landuse_type":"RESIDENTIAL","landuse_subcategory":"RESIDENTIAL","scheme_cod":"RES01","investment":0,"employment":0,"plotstatus":"Allotted","landallotementstatus":"SOLD","landallotementtype":"ALLOTTED","allotmentid":"YEA010444","village_name":"Mirzapur","khasra_no":"565,559,564","longitude":77.59143961,"latitude":28.29695624,"authority":"YEIDA","category":"residential","execution_stage":"allotted"}},{"type":"Feature","geometry":{"type":"Polygon","coordinates":[[[77.591546,28.296873],[77.591299,28.296935],[77.591266,28.29683],[77.591513,28.296768],[77.591546,28.296873]]]},"properties":{"objectid":26248,"uniqueplotid":"PLNGRESIDENTIAL26248","plotmap_id":"SECTOR-20_608_K_RESI","plotidentificationnumber":"608","plotno":"608","industrysector":"SECTOR-20","block":"K","plotsize":"300 SQMT","plotsize_at_the_time_of_allotme":"300 SQMT","landuse_type":"RESIDENTIAL","landuse_subcategory":"RESIDENTIAL","scheme_cod":"RES01","investment":0,"employment":0,"plotstatus":"Allotted","landallotementstatus":"SOLD","landallotementtype":"ALLOTTED","allotmentid":"YEA007195","village_name":"Mirzapur","khasra_no":"565,564","longitude":77.59140629,"latitude":28.29685148,"authority":"YEIDA","category":"residential","execution_stage":"allotted"}},{"type":"Feature","geometry":{"type":"Polygon","coordinates":[[[77.591275,28.297262],[77.591029,28.297324],[77.590995,28.297219],[77.591242,28.297157],[77.591275,28.297262]]]},"properties":{"objectid":26249,"uniqueplotid":"PLNGRESIDENTIAL26249","plotmap_id":"SECTOR-20_614_K_RESI","plotidentificationnumber":"614","plotno":"614","industrysector":"SECTOR-20","block":"K","plotsize":"300 SQMT","plotsize_at_the_time_of_allotme":"300 SQMT","landuse_type":"RESIDENTIAL","landuse_subcategory":"RESIDENTIAL","scheme_cod":"RES01","investment":0,"employment":0,"plotstatus":"Allotted","landallotementstatus":"SOLD","landallotementtype":"ALLOTTED","allotmentid":"YEA015219","village_name":"Mirzapur","khasra_no":"565","longitude":77.59113540999999,"latitude":28.29724038,"authority":"YEIDA","category":"residential","execution_stage":"allotted"}},{"type":"Feature","geometry":{"type":"Polygon","coordinates":[[[77.591242,28.297157],[77.590995,28.297219],[77.590962,28.297114],[77.591209,28.297052],[77.591242,28.297157]]]},"properties":{"objectid":26250,"uniqueplotid":"PLNGRESIDENTIAL26250","plotmap_id":"SECTOR-20_615_K_RESI","plotidentificationnumber":"615","plotno":"615","industrysector":"SECTOR-20","block":"K","plotsize":"300 SQMT","plotsize_at_the_time_of_allotme":"300 SQMT","landuse_type":"RESIDENTIAL","landuse_subcategory":"RESIDENTIAL","scheme_cod":"RES01","investment":0,"employment":0,"plotstatus":"Allotted","landallotementstatus":"SOLD","landallotementtype":"ALLOTTED","allotmentid":"YEA004632","village_name":"Mirzapur","khasra_no":"565","longitude":77.59110208,"latitude":28.29713562,"authority":"YEIDA","category":"residential","execution_stage":"allotted"}},{"type":"Feature","geometry":{"type":"Polygon","coordinates":[[[77.591209,28.297052],[77.590962,28.297114],[77.590929,28.29701],[77.591176,28.296947],[77.591209,28.297052]]]},"properties":{"objectid":26251,"uniqueplotid":"PLNGRESIDENTIAL26251","plotmap_id":"SECTOR-20_616_K_RESI","plotidentificationnumber":"616","plotno":"616","industrysector":"SECTOR-20","block":"K","plotsize":"300 SQMT","plotsize_at_the_time_of_allotme":"300 SQMT","landuse_type":"RESIDENTIAL","landuse_subcategory":"RESIDENTIAL","scheme_cod":"RES01","investment":0,"employment":0,"plotstatus":"Allotted","landallotementstatus":"SOLD","landallotementtype":"ALLOTTED","allotmentid":"YEA016402","village_name":"Mirzapur","khasra_no":"565","longitude":77.59106876,"latitude":28.29703086,"authority":"YEIDA","category":"residential","execution_stage":"allotted"}},{"type":"Feature","geometry":{"type":"Polygon","coordinates":[[[77.591176,28.296947],[77.590929,28.29701],[77.590895,28.296905],[77.591142,28.296843],[77.591176,28.296947]]]},"properties":{"objectid":26252,"uniqueplotid":"PLNGRESIDENTIAL26252","plotmap_id":"SECTOR-20_617_K_RESI","plotidentificationnumber":"617","plotno":"617","industrysector":"SECTOR-20","block":"K","plotsize":"300 SQMT","plotsize_at_the_time_of_allotme":"300 SQMT","landuse_type":"RESIDENTIAL","landuse_subcategory":"RESIDENTIAL","scheme_cod":"RES01","investment":0,"employment":0,"plotstatus":"Allotted","landallotementstatus":"SOLD","landallotementtype":"ALLOTTED","allotmentid":"YEA017147","village_name":"Mirzapur","khasra_no":"565","longitude":77.59103542999999,"latitude":28.2969261,"authority":"YEIDA","category":"residential","execution_stage":"allotted"}},{"type":"Feature","geometry":{"type":"Polygon","coordinates":[[[77.590895,28.296905],[77.590649,28.296967],[77.590615,28.296862],[77.590862,28.2968],[77.590895,28.296905]]]},"properties":{"objectid":26253,"uniqueplotid":"PLNGRESIDENTIAL26253","plotmap_id":"SECTOR-20_635_K_RESI","plotidentificationnumber":"635","plotno":"635","industrysector":"SECTOR-20","block":"K","plotsize":"300 SQMT","plotsize_at_the_time_of_allotme":"300 SQMT","landuse_type":"RESIDENTIAL","landuse_subcategory":"RESIDENTIAL","scheme_cod":"RES01","investment":0,"employment":0,"plotstatus":"Allotted","landallotementstatus":"SOLD","landallotementtype":"ALLOTTED","allotmentid":"YEA013803","village_name":"Mirzapur","khasra_no":"565","longitude":77.59075527,"latitude":28.29688348,"authority":"YEIDA","category":"residential","execution_stage":"allotted"}},{"type":"Feature","geometry":{"type":"Polygon","coordinates":[[[77.590929,28.29701],[77.590682,28.297072],[77.590649,28.296967],[77.590895,28.296905],[77.590929,28.29701]]]},"properties":{"objectid":26254,"uniqueplotid":"PLNGRESIDENTIAL26254","plotmap_id":"SECTOR-20_636_K_RESI","plotidentificationnumber":"636","plotno":"636","industrysector":"SECTOR-20","block":"K","plotsize":"300 SQMT","plotsize_at_the_time_of_allotme":"300 SQMT","landuse_type":"RESIDENTIAL","landuse_subcategory":"RESIDENTIAL","scheme_cod":"RES01","investment":0,"employment":0,"plotstatus":"Allotted","landallotementstatus":"SOLD","landallotementtype":"ALLOTTED","allotmentid":"YEA004914","village_name":"Mirzapur","khasra_no":"565","longitude":77.5907886,"latitude":28.29698824,"authority":"YEIDA","category":"residential","execution_stage":"allotted"}},{"type":"Feature","geometry":{"type":"Polygon","coordinates":[[[77.590962,28.297114],[77.590715,28.297176],[77.590682,28.297072],[77.590929,28.29701],[77.590962,28.297114]]]},"properties":{"objectid":26255,"uniqueplotid":"PLNGRESIDENTIAL26255","plotmap_id":"SECTOR-20_637_K_RESI","plotidentificationnumber":"637","plotno":"637","industrysector":"SECTOR-20","block":"K","plotsize":"300 SQMT","plotsize_at_the_time_of_allotme":"300 SQMT","landuse_type":"RESIDENTIAL","landuse_subcategory":"RESIDENTIAL","scheme_cod":"RES01","investment":0,"employment":0,"plotstatus":"Allotted","landallotementstatus":"SOLD","landallotementtype":"ALLOTTED","allotmentid":"YEA006286","village_name":"Mirzapur","khasra_no":"565","longitude":77.59082192,"latitude":28.29709301,"authority":"YEIDA","category":"residential","execution_stage":"allotted"}},{"type":"Feature","geometry":{"type":"Polygon","coordinates":[[[77.590995,28.297219],[77.590748,28.297281],[77.590715,28.297176],[77.590962,28.297114],[77.590995,28.297219]]]},"properties":{"objectid":26256,"uniqueplotid":"PLNGRESIDENTIAL26256","plotmap_id":"SECTOR-20_638_K_RESI","plotidentificationnumber":"638","plotno":"638","industrysector":"SECTOR-20","block":"K","plotsize":"300 SQMT","plotsize_at_the_time_of_allotme":"300 SQMT","landuse_type":"RESIDENTIAL","landuse_subcategory":"RESIDENTIAL","scheme_cod":"RES01","investment":0,"employment":0,"plotstatus":"Allotted","landallotementstatus":"SOLD","landallotementtype":"ALLOTTED","allotmentid":"YEA018580","village_name":"Mirzapur","khasra_no":"565","longitude":77.59085525,"latitude":28.29719777,"authority":"YEIDA","category":"residential","execution_stage":"allotted"}},{"type":"Feature","geometry":{"type":"Polygon","coordinates":[[[77.590335,28.29514],[77.590089,28.2952],[77.590057,28.295096],[77.590302,28.295035],[77.590335,28.29514]]]},"properties":{"objectid":26300,"uniqueplotid":"PLNGRESIDENTIAL26300","plotmap_id":"SECTOR-20_1_M_RESI","plotidentificationnumber":"1","plotno":"1","industrysector":"SECTOR-20","block":"M","plotsize":"300 SQMT","plotsize_at_the_time_of_allotme":"300 SQMT","landuse_type":"RESIDENTIAL","landuse_subcategory":"RESIDENTIAL","scheme_cod":"RES01","investment":0,"employment":0,"plotstatus":"Allotted","landallotementstatus":"SOLD","landallotementtype":"ALLOTTED","allotmentid":"YEA010330","village_name":"Mirzapur","khasra_no":"562","longitude":77.59019566,"latitude":28.295117840000003,"authority":"YEIDA","category":"residential","execution_stage":"allotted"}},{"type":"Feature","geometry":{"type":"Polygon","coordinates":[[[77.59058,28.295079],[77.590335,28.29514],[77.590302,28.295035],[77.590547,28.294975],[77.59058,28.295079]]]},"properties":{"objectid":26301,"uniqueplotid":"PLNGRESIDENTIAL26301","plotmap_id":"SECTOR-20_40_M_RESI","plotidentificationnumber":"40","plotno":"40","industrysector":"SECTOR-20","block":"M","plotsize":"300 SQMT","plotsize_at_the_time_of_allotme":"300 SQMT","landuse_type":"RESIDENTIAL","landuse_subcategory":"RESIDENTIAL","scheme_cod":"RES01","investment":0,"employment":0,"plotstatus":"Allotted","landallotementstatus":"SOLD","landallotementtype":"ALLOTTED","allotmentid":"YEA019111","village_name":"Mirzapur","khasra_no":"560,562","longitude":77.59044093,"latitude":28.295057210000003,"authority":"YEIDA","category":"residential","execution_stage":"allotted"}},{"type":"Feature","geometry":{"type":"Polygon","coordinates":[[[77.590815,28.295021],[77.590698,28.29505],[77.59063,28.294833],[77.590748,28.294804],[77.590815,28.295021]]]},"properties":{"objectid":26305,"uniqueplotid":"PLNGRESIDENTIAL26305","plotmap_id":"SECTOR-20_41_M_RESI","plotidentificationnumber":"41","plotno":"41","industrysector":"SECTOR-20","block":"M","plotsize":"300 SQMT","plotsize_at_the_time_of_allotme":"300 SQMT","landuse_type":"RESIDENTIAL","landuse_subcategory":"RESIDENTIAL","scheme_cod":"RES01","investment":0,"employment":0,"plotstatus":"Allotted","landallotementstatus":"SOLD","landallotementtype":"ALLOTTED","allotmentid":"YEA019711","village_name":"Mirzapur","khasra_no":"560","longitude":77.59072725,"latitude":28.29493161,"authority":"YEIDA","category":"residential","execution_stage":"allotted"}},{"type":"Feature","geometry":{"type":"Polygon","coordinates":[[[77.590356,28.295645],[77.590237,28.295674],[77.590168,28.295456],[77.590286,28.295426],[77.590356,28.295645]]]},"properties":{"objectid":26346,"uniqueplotid":"PLNGRESIDENTIAL26346","plotmap_id":"SECTOR-20_523_K_RESI","plotidentificationnumber":"523","plotno":"523","industrysector":"SECTOR-20","block":"K","plotsize":"300 SQMT","plotsize_at_the_time_of_allotme":"300 SQMT","landuse_type":"RESIDENTIAL","landuse_subcategory":"RESIDENTIAL","scheme_cod":"RES01","investment":0,"employment":0,"plotstatus":"Allotted","landallotementstatus":"SOLD","landallotementtype":"ALLOTTED","allotmentid":"YEA012694","village_name":"Mirzapur","khasra_no":"562","longitude":77.59024624999999,"latitude":28.2955347,"authority":"YEIDA","category":"residential","execution_stage":"allotted"}},{"type":"Feature","geometry":{"type":"Polygon","coordinates":[[[77.590425,28.295863],[77.590307,28.295893],[77.590237,28.295674],[77.590356,28.295645],[77.590425,28.295863]]]},"properties":{"objectid":26347,"uniqueplotid":"PLNGRESIDENTIAL26347","plotmap_id":"SECTOR-20_524_K_RESI","plotidentificationnumber":"524","plotno":"524","industrysector":"SECTOR-20","block":"K","plotsize":"300 SQMT","plotsize_at_the_time_of_allotme":"300 SQMT","landuse_type":"RESIDENTIAL","landuse_subcategory":"RESIDENTIAL","scheme_cod":"RES01","investment":0,"employment":0,"plotstatus":"Allotted","landallotementstatus":"SOLD","landallotementtype":"ALLOTTED","allotmentid":"YEA013105","village_name":"Mirzapur","khasra_no":"562,564","longitude":77.59033136,"latitude":28.29576872,"authority":"YEIDA","category":"residential","execution_stage":"allotted"}},{"type":"Feature","geometry":{"type":"Polygon","coordinates":[[[77.592252,28.295167],[77.592133,28.295197],[77.592064,28.294979],[77.592182,28.294949],[77.592252,28.295167]]]},"properties":{"objectid":26348,"uniqueplotid":"PLNGRESIDENTIAL26348","plotmap_id":"SECTOR-20_508_K_RESI","plotidentificationnumber":"508","plotno":"508","industrysector":"SECTOR-20","block":"K","plotsize":"300 SQMT","plotsize_at_the_time_of_allotme":"300 SQMT","landuse_type":"RESIDENTIAL","landuse_subcategory":"RESIDENTIAL","scheme_cod":"RES01","investment":0,"employment":0,"plotstatus":"Allotted","landallotementstatus":"SOLD","landallotementtype":"ALLOTTED","allotmentid":"YEA007421","village_name":"Acchepur","khasra_no":"10,11","longitude":77.59214193,"latitude":28.295057410000002,"authority":"YEIDA","category":"residential","execution_stage":"allotted"}},{"type":"Feature","geometry":{"type":"Polygon","coordinates":[[[77.592321,28.295386],[77.592202,28.295415],[77.592133,28.295197],[77.592252,28.295167],[77.592321,28.295386]]]},"properties":{"objectid":26349,"uniqueplotid":"PLNGRESIDENTIAL26349","plotmap_id":"SECTOR-20_479_K_RESI","plotidentificationnumber":"479","plotno":"479","industrysector":"SECTOR-20","block":"K","plotsize":"300 SQMT","plotsize_at_the_time_of_allotme":"300 SQMT","landuse_type":"RESIDENTIAL","landuse_subcategory":"RESIDENTIAL","scheme_cod":"RES01","investment":0,"employment":0,"plotstatus":"Allotted","landallotementstatus":"SOLD","landallotementtype":"ALLOTTED","allotmentid":"YEA011210","village_name":"Acchepur","khasra_no":"9,10","longitude":77.59223179,"latitude":28.295296190000002,"authority":"YEIDA","category":"residential","execution_stage":"allotted"}},{"type":"Feature","geometry":{"type":"Polygon","coordinates":[[[77.59114,28.296032],[77.591022,28.296062],[77.590952,28.295843],[77.591071,28.295814],[77.59114,28.296032]]]},"properties":{"objectid":26350,"uniqueplotid":"PLNGRESIDENTIAL26350","plotmap_id":"SECTOR-20_539_K_RESI","plotidentificationnumber":"539","plotno":"539","industrysector":"SECTOR-20","block":"K","plotsize":"300 SQMT","plotsize_at_the_time_of_allotme":"300 SQMT","landuse_type":"RESIDENTIAL","landuse_subcategory":"RESIDENTIAL","scheme_cod":"RES01","investment":0,"employment":0,"plotstatus":"Allotted","landallotementstatus":"SOLD","landallotementtype":"ALLOTTED","allotmentid":"YEA018087","village_name":"Mirzapur","khasra_no":"564","longitude":77.59104626999999,"latitude":28.295937679999998,"authority":"YEIDA","category":"residential","execution_stage":"allotted"}},{"type":"Feature","geometry":{"type":"Polygon","coordinates":[[[77.59121,28.29625],[77.591091,28.29628],[77.591022,28.296062],[77.59114,28.296032],[77.59121,28.29625]]]},"properties":{"objectid":26351,"uniqueplotid":"PLNGRESIDENTIAL26351","plotmap_id":"SECTOR-20_568_K_RESI","plotidentificationnumber":"568","plotno":"568","industrysector":"SECTOR-20","block":"K","plotsize":"300 SQMT","plotsize_at_the_time_of_allotme":"300 SQMT","landuse_type":"RESIDENTIAL","landuse_subcategory":"RESIDENTIAL","scheme_cod":"RES01","investment":0,"employment":0,"plotstatus":"Allotted","landallotementstatus":"SOLD","landallotementtype":"ALLOTTED","allotmentid":"YEA014179","village_name":"Mirzapur","khasra_no":"564","longitude":77.59111571,"latitude":28.296155979999998,"authority":"YEIDA","category":"residential","execution_stage":"allotted"}},{"type":"Feature","geometry":{"type":"Polygon","coordinates":[[[77.590302,28.295035],[77.590057,28.295096],[77.590024,28.294992],[77.59027,28.294931],[77.590302,28.295035]]]},"properties":{"objectid":26523,"uniqueplotid":"PLNGRESIDENTIAL26523","plotmap_id":"SECTOR-20_2_M_RESI","plotidentificationnumber":"2","plotno":"2","industrysector":"SECTOR-20","block":"M","plotsize":"300 SQMT","plotsize_at_the_time_of_allotme":"300 SQMT","landuse_type":"RESIDENTIAL","landuse_subcategory":"RESIDENTIAL","scheme_cod":"RES01","investment":0,"employment":0,"plotstatus":"Allotted","landallotementstatus":"SOLD","landallotementtype":"ALLOTTED","allotmentid":"YEA007453","lease_deed":"Y","lease_deed_date":1597343400000,"village_name":"Mirzapur","khasra_no":"560,562","longitude":77.59016316,"latitude":28.29501372,"authority":"YEIDA","category":"residential","execution_stage":"lease-recorded"}},{"type":"Feature","geometry":{"type":"Polygon","coordinates":[[[77.59027,28.294931],[77.590024,28.294992],[77.589992,28.294888],[77.590237,28.294827],[77.59027,28.294931]]]},"properties":{"objectid":26524,"uniqueplotid":"PLNGRESIDENTIAL26524","plotmap_id":"SECTOR-20_3_M_RESI","plotidentificationnumber":"3","plotno":"3","industrysector":"SECTOR-20","block":"M","plotsize":"300 SQMT","plotsize_at_the_time_of_allotme":"300 SQMT","landuse_type":"RESIDENTIAL","landuse_subcategory":"RESIDENTIAL","scheme_cod":"RES01","investment":0,"employment":0,"plotstatus":"Allotted","landallotementstatus":"SOLD","landallotementtype":"ALLOTTED","allotmentid":"YEA010517","lease_deed":"Y","lease_deed_date":1570559400000,"village_name":"Mirzapur","khasra_no":"560,562","longitude":77.59013065,"latitude":28.29490959,"authority":"YEIDA","category":"residential","execution_stage":"lease-recorded"}},{"type":"Feature","geometry":{"type":"Polygon","coordinates":[[[77.590547,28.294975],[77.590302,28.295035],[77.59027,28.294931],[77.590515,28.294871],[77.590547,28.294975]]]},"properties":{"objectid":26541,"uniqueplotid":"PLNGRESIDENTIAL26541","plotmap_id":"SECTOR-20_39_M_RESI","plotidentificationnumber":"39","plotno":"39","industrysector":"SECTOR-20","block":"M","plotsize":"300 SQMT","plotsize_at_the_time_of_allotme":"300 SQMT","landuse_type":"RESIDENTIAL","landuse_subcategory":"RESIDENTIAL","scheme_cod":"RES01","investment":0,"employment":0,"plotstatus":"Allotted","landallotementstatus":"SOLD","landallotementtype":"ALLOTTED","allotmentid":"YEA016675","lease_deed":"Y","lease_deed_date":1632076200000,"village_name":"Mirzapur","khasra_no":"560,562","longitude":77.59040842,"latitude":28.29495309,"authority":"YEIDA","category":"residential","execution_stage":"lease-recorded"}},{"type":"Feature","geometry":{"type":"Polygon","coordinates":[[[77.590933,28.294992],[77.590815,28.295021],[77.590748,28.294804],[77.590865,28.294775],[77.590933,28.294992]]]},"properties":{"objectid":26542,"uniqueplotid":"PLNGRESIDENTIAL26542","plotmap_id":"SECTOR-20_42_M_RESI","plotidentificationnumber":"42","plotno":"42","industrysector":"SECTOR-20","block":"M","plotsize":"300 SQMT","plotsize_at_the_time_of_allotme":"300 SQMT","landuse_type":"RESIDENTIAL","landuse_subcategory":"RESIDENTIAL","scheme_cod":"RES01","investment":0,"employment":0,"plotstatus":"Allotted","landallotementstatus":"SOLD","landallotementtype":"ALLOTTED","allotmentid":"YEA014356","lease_deed":"Y","lease_deed_date":1640457000000,"village_name":"Mirzapur","khasra_no":"560,561","longitude":77.59084028,"latitude":28.294897749999997,"authority":"YEIDA","category":"residential","execution_stage":"lease-recorded"}},{"type":"Feature","geometry":{"type":"Polygon","coordinates":[[[77.592439,28.295356],[77.592321,28.295386],[77.592252,28.295167],[77.59237,28.295138],[77.592439,28.295356]]]},"properties":{"objectid":26633,"uniqueplotid":"PLNGRESIDENTIAL26633","plotmap_id":"SECTOR-20_480_K_RESI","plotidentificationnumber":"480","plotno":"480","industrysector":"SECTOR-20","block":"K","plotsize":"300 SQMT","plotsize_at_the_time_of_allotme":"300 SQMT","landuse_type":"RESIDENTIAL","landuse_subcategory":"RESIDENTIAL","scheme_cod":"RES01","investment":0,"employment":0,"plotstatus":"Allotted","landallotementstatus":"SOLD","landallotementtype":"ALLOTTED","allotmentid":"YEA004509","village_name":"Acchepur","khasra_no":"9,10","longitude":77.5923455,"latitude":28.295261580000002,"authority":"YEIDA","category":"residential","execution_stage":"allotted"}},{"type":"Feature","geometry":{"type":"Polygon","coordinates":[[[77.592488,28.295108],[77.59237,28.295138],[77.592301,28.294919],[77.592419,28.294889],[77.592488,28.295108]]]},"properties":{"objectid":26646,"uniqueplotid":"PLNGRESIDENTIAL26646","plotmap_id":"SECTOR-20_506_K_RESI","plotidentificationnumber":"506","plotno":"506","industrysector":"SECTOR-20","block":"K","plotsize":"300 SQMT","plotsize_at_the_time_of_allotme":"300 SQMT","landuse_type":"RESIDENTIAL","landuse_subcategory":"RESIDENTIAL","scheme_cod":"RES01","investment":0,"employment":0,"plotstatus":"Allotted","landallotementstatus":"SOLD","landallotementtype":"ALLOTTED","allotmentid":"YEA019605","village_name":"Acchepur","khasra_no":"9,10","longitude":77.59239452999999,"latitude":28.29501344,"authority":"YEIDA","category":"residential","execution_stage":"allotted"}},{"type":"Feature","geometry":{"type":"Polygon","coordinates":[[[77.59237,28.295138],[77.592252,28.295167],[77.592182,28.294949],[77.592301,28.294919],[77.59237,28.295138]]]},"properties":{"objectid":26647,"uniqueplotid":"PLNGRESIDENTIAL26647","plotmap_id":"SECTOR-20_507_K_RESI","plotidentificationnumber":"507","plotno":"507","industrysector":"SECTOR-20","block":"K","plotsize":"300 SQMT","plotsize_at_the_time_of_allotme":"300 SQMT","landuse_type":"RESIDENTIAL","landuse_subcategory":"RESIDENTIAL","scheme_cod":"RES01","investment":0,"employment":0,"plotstatus":"Allotted","landallotementstatus":"SOLD","landallotementtype":"ALLOTTED","allotmentid":"YEA020568","lease_deed":"Y","lease_deed_date":1635705000000,"village_name":"Acchepur","khasra_no":"10,11","longitude":77.59227606,"latitude":28.29504327,"authority":"YEIDA","category":"residential","execution_stage":"lease-recorded"}},{"type":"Feature","geometry":{"type":"Polygon","coordinates":[[[77.591896,28.295257],[77.591778,28.295287],[77.591708,28.295068],[77.591827,28.295039],[77.591896,28.295257]]]},"properties":{"objectid":26648,"uniqueplotid":"PLNGRESIDENTIAL26648","plotmap_id":"SECTOR-20_510_K_RESI","plotidentificationnumber":"510","plotno":"510","industrysector":"SECTOR-20","block":"K","plotsize":"300 SQMT","plotsize_at_the_time_of_allotme":"300 SQMT","landuse_type":"RESIDENTIAL","landuse_subcategory":"RESIDENTIAL","scheme_cod":"RES01","investment":0,"employment":0,"plotstatus":"Allotted","landallotementstatus":"SOLD","landallotementtype":"ALLOTTED","allotmentid":"YEA019672","village_name":"Acchepur,Mirzapur","khasra_no":"560,11","longitude":77.5918049,"latitude":28.295165370000003,"authority":"YEIDA","category":"residential","execution_stage":"allotted"}},{"type":"Feature","geometry":{"type":"Polygon","coordinates":[[[77.591778,28.295287],[77.591659,28.295316],[77.59159,28.295098],[77.591708,28.295068],[77.591778,28.295287]]]},"properties":{"objectid":26649,"uniqueplotid":"PLNGRESIDENTIAL26649","plotmap_id":"SECTOR-20_511_K_RESI","plotidentificationnumber":"511","plotno":"511","industrysector":"SECTOR-20","block":"K","plotsize":"300 SQMT","plotsize_at_the_time_of_allotme":"300 SQMT","landuse_type":"RESIDENTIAL","landuse_subcategory":"RESIDENTIAL","scheme_cod":"RES01","investment":0,"employment":0,"plotstatus":"Allotted","landallotementstatus":"SOLD","landallotementtype":"ALLOTTED","allotmentid":"YEA011133","village_name":"Mirzapur","khasra_no":"560","longitude":77.59168683,"latitude":28.29519561,"authority":"YEIDA","category":"residential","execution_stage":"allotted"}},{"type":"Feature","geometry":{"type":"Polygon","coordinates":[[[77.591659,28.295316],[77.591541,28.295346],[77.591471,28.295128],[77.59159,28.295098],[77.591659,28.295316]]]},"properties":{"objectid":26650,"uniqueplotid":"PLNGRESIDENTIAL26650","plotmap_id":"SECTOR-20_512_K_RESI","plotidentificationnumber":"512","plotno":"512","industrysector":"SECTOR-20","block":"K","plotsize":"300 SQMT","plotsize_at_the_time_of_allotme":"300 SQMT","landuse_type":"RESIDENTIAL","landuse_subcategory":"RESIDENTIAL","scheme_cod":"RES01","investment":0,"employment":0,"plotstatus":"Allotted","landallotementstatus":"SOLD","landallotementtype":"ALLOTTED","allotmentid":"YEA006908","village_name":"Mirzapur","khasra_no":"560","longitude":77.59156793999999,"latitude":28.29522503,"authority":"YEIDA","category":"residential","execution_stage":"allotted"}},{"type":"Feature","geometry":{"type":"Polygon","coordinates":[[[77.591541,28.295346],[77.591422,28.295376],[77.591353,28.295158],[77.591471,28.295128],[77.591541,28.295346]]]},"properties":{"objectid":26651,"uniqueplotid":"PLNGRESIDENTIAL26651","plotmap_id":"SECTOR-20_513_K_RESI","plotidentificationnumber":"513","plotno":"513","industrysector":"SECTOR-20","block":"K","plotsize":"300 SQMT","plotsize_at_the_time_of_allotme":"300 SQMT","landuse_type":"RESIDENTIAL","landuse_subcategory":"RESIDENTIAL","scheme_cod":"RES01","investment":0,"employment":0,"plotstatus":"Allotted","landallotementstatus":"SOLD","landallotementtype":"ALLOTTED","allotmentid":"YEA010213","village_name":"Mirzapur","khasra_no":"560,561","longitude":77.59144986999999,"latitude":28.295255270000002,"authority":"YEIDA","category":"residential","execution_stage":"allotted"}},{"type":"Feature","geometry":{"type":"Polygon","coordinates":[[[77.591422,28.295376],[77.591304,28.295406],[77.591234,28.295188],[77.591353,28.295158],[77.591422,28.295376]]]},"properties":{"objectid":26652,"uniqueplotid":"PLNGRESIDENTIAL26652","plotmap_id":"SECTOR-20_514_K_RESI","plotidentificationnumber":"514","plotno":"514","industrysector":"SECTOR-20","block":"K","plotsize":"300 SQMT","plotsize_at_the_time_of_allotme":"300 SQMT","landuse_type":"RESIDENTIAL","landuse_subcategory":"RESIDENTIAL","scheme_cod":"RES01","investment":0,"employment":0,"plotstatus":"Allotted","landallotementstatus":"SOLD","landallotementtype":"ALLOTTED","allotmentid":"YEA007053","village_name":"Mirzapur","khasra_no":"560,561","longitude":77.59132822000001,"latitude":28.29528192,"authority":"YEIDA","category":"residential","execution_stage":"allotted"}},{"type":"Feature","geometry":{"type":"Polygon","coordinates":[[[77.591304,28.295406],[77.591185,28.295436],[77.591116,28.295218],[77.591234,28.295188],[77.591304,28.295406]]]},"properties":{"objectid":26653,"uniqueplotid":"PLNGRESIDENTIAL26653","plotmap_id":"SECTOR-20_515_K_RESI","plotidentificationnumber":"515","plotno":"515","industrysector":"SECTOR-20","block":"K","plotsize":"300 SQMT","plotsize_at_the_time_of_allotme":"300 SQMT","landuse_type":"RESIDENTIAL","landuse_subcategory":"RESIDENTIAL","scheme_cod":"RES01","investment":0,"employment":0,"plotstatus":"Allotted","landallotementstatus":"SOLD","landallotementtype":"ALLOTTED","allotmentid":"YEA010190","village_name":"Mirzapur","khasra_no":"561","longitude":77.59120975,"latitude":28.29531176,"authority":"YEIDA","category":"residential","execution_stage":"allotted"}},{"type":"Feature","geometry":{"type":"Polygon","coordinates":[[[77.591185,28.295436],[77.591067,28.295466],[77.590997,28.295247],[77.591116,28.295218],[77.591185,28.295436]]]},"properties":{"objectid":26654,"uniqueplotid":"PLNGRESIDENTIAL26654","plotmap_id":"SECTOR-20_516_K_RESI","plotidentificationnumber":"516","plotno":"516","industrysector":"SECTOR-20","block":"K","plotsize":"300 SQMT","plotsize_at_the_time_of_allotme":"300 SQMT","landuse_type":"RESIDENTIAL","landuse_subcategory":"RESIDENTIAL","scheme_cod":"RES01","investment":0,"employment":0,"plotstatus":"Allotted","landallotementstatus":"SOLD","landallotementtype":"ALLOTTED","allotmentid":"YEA010969","village_name":"Mirzapur","khasra_no":"561","longitude":77.59109126999999,"latitude":28.29534159,"authority":"YEIDA","category":"residential","execution_stage":"allotted"}},{"type":"Feature","geometry":{"type":"Polygon","coordinates":[[[77.591067,28.295466],[77.590948,28.295495],[77.590879,28.295277],[77.590997,28.295247],[77.591067,28.295466]]]},"properties":{"objectid":26655,"uniqueplotid":"PLNGRESIDENTIAL26655","plotmap_id":"SECTOR-20_517_K_RESI","plotidentificationnumber":"517","plotno":"517","industrysector":"SECTOR-20","block":"K","plotsize":"300 SQMT","plotsize_at_the_time_of_allotme":"300 SQMT","landuse_type":"RESIDENTIAL","landuse_subcategory":"RESIDENTIAL","scheme_cod":"RES01","investment":0,"employment":0,"plotstatus":"Allotted","landallotementstatus":"SOLD","landallotementtype":"ALLOTTED","allotmentid":"YEA004681","village_name":"Mirzapur","khasra_no":"561,562","longitude":77.59097279000001,"latitude":28.295371420000002,"authority":"YEIDA","category":"residential","execution_stage":"allotted"}},{"type":"Feature","geometry":{"type":"Polygon","coordinates":[[[77.590948,28.295495],[77.59083,28.295525],[77.59076,28.295307],[77.590879,28.295277],[77.590948,28.295495]]]},"properties":{"objectid":26656,"uniqueplotid":"PLNGRESIDENTIAL26656","plotmap_id":"SECTOR-20_518_K_RESI","plotidentificationnumber":"518","plotno":"518","industrysector":"SECTOR-20","block":"K","plotsize":"300 SQMT","plotsize_at_the_time_of_allotme":"300 SQMT","landuse_type":"RESIDENTIAL","landuse_subcategory":"RESIDENTIAL","scheme_cod":"RES01","investment":0,"employment":0,"plotstatus":"Allotted","landallotementstatus":"SOLD","landallotementtype":"ALLOTTED","allotmentid":"YEA013927","village_name":"Mirzapur","khasra_no":"561,562","longitude":77.59085431,"latitude":28.29540125,"authority":"YEIDA","category":"residential","execution_stage":"allotted"}},{"type":"Feature","geometry":{"type":"Polygon","coordinates":[[[77.59083,28.295525],[77.590711,28.295555],[77.590642,28.295337],[77.59076,28.295307],[77.59083,28.295525]]]},"properties":{"objectid":26657,"uniqueplotid":"PLNGRESIDENTIAL26657","plotmap_id":"SECTOR-20_519_K_RESI","plotidentificationnumber":"519","plotno":"519","industrysector":"SECTOR-20","block":"K","plotsize":"300 SQMT","plotsize_at_the_time_of_allotme":"300 SQMT","landuse_type":"RESIDENTIAL","landuse_subcategory":"RESIDENTIAL","scheme_cod":"RES01","investment":0,"employment":0,"plotstatus":"Allotted","landallotementstatus":"SOLD","landallotementtype":"ALLOTTED","allotmentid":"YEA019391","village_name":"Mirzapur","khasra_no":"562","longitude":77.59073583,"latitude":28.29543108,"authority":"YEIDA","category":"residential","execution_stage":"allotted"}},{"type":"Feature","geometry":{"type":"Polygon","coordinates":[[[77.590711,28.295555],[77.590593,28.295585],[77.590523,28.295367],[77.590642,28.295337],[77.590711,28.295555]]]},"properties":{"objectid":26658,"uniqueplotid":"PLNGRESIDENTIAL26658","plotmap_id":"SECTOR-20_520_K_RESI","plotidentificationnumber":"520","plotno":"520","industrysector":"SECTOR-20","block":"K","plotsize":"300 SQMT","plotsize_at_the_time_of_allotme":"300 SQMT","landuse_type":"RESIDENTIAL","landuse_subcategory":"RESIDENTIAL","scheme_cod":"RES01","investment":0,"employment":0,"plotstatus":"Allotted","landallotementstatus":"SOLD","landallotementtype":"ALLOTTED","allotmentid":"YEA006663","village_name":"Mirzapur","khasra_no":"562","longitude":77.59061734999999,"latitude":28.29546092,"authority":"YEIDA","category":"residential","execution_stage":"allotted"}},{"type":"Feature","geometry":{"type":"Polygon","coordinates":[[[77.590593,28.295585],[77.590474,28.295615],[77.590405,28.295397],[77.590523,28.295367],[77.590593,28.295585]]]},"properties":{"objectid":26659,"uniqueplotid":"PLNGRESIDENTIAL26659","plotmap_id":"SECTOR-20_521_K_RESI","plotidentificationnumber":"521","plotno":"521","industrysector":"SECTOR-20","block":"K","plotsize":"300 SQMT","plotsize_at_the_time_of_allotme":"300 SQMT","landuse_type":"RESIDENTIAL","landuse_subcategory":"RESIDENTIAL","scheme_cod":"RES01","investment":0,"employment":0,"plotstatus":"Allotted","landallotementstatus":"SOLD","landallotementtype":"ALLOTTED","allotmentid":"YEA009935","village_name":"Mirzapur","khasra_no":"562","longitude":77.59049887,"latitude":28.29549075,"authority":"YEIDA","category":"residential","execution_stage":"allotted"}},{"type":"Feature","geometry":{"type":"Polygon","coordinates":[[[77.590474,28.295615],[77.590356,28.295645],[77.590286,28.295426],[77.590405,28.295397],[77.590474,28.295615]]]},"properties":{"objectid":26660,"uniqueplotid":"PLNGRESIDENTIAL26660","plotmap_id":"SECTOR-20_522_K_RESI","plotidentificationnumber":"522","plotno":"522","industrysector":"SECTOR-20","block":"K","plotsize":"300 SQMT","plotsize_at_the_time_of_allotme":"300 SQMT","landuse_type":"RESIDENTIAL","landuse_subcategory":"RESIDENTIAL","scheme_cod":"RES01","investment":0,"employment":0,"plotstatus":"Allotted","landallotementstatus":"SOLD","landallotementtype":"ALLOTTED","allotmentid":"YEA010594","village_name":"Mirzapur","khasra_no":"562","longitude":77.59038038999999,"latitude":28.29552058,"authority":"YEIDA","category":"residential","execution_stage":"allotted"}},{"type":"Feature","geometry":{"type":"Polygon","coordinates":[[[77.590544,28.295833],[77.590425,28.295863],[77.590356,28.295645],[77.590474,28.295615],[77.590544,28.295833]]]},"properties":{"objectid":26661,"uniqueplotid":"PLNGRESIDENTIAL26661","plotmap_id":"SECTOR-20_525_K_RESI","plotidentificationnumber":"525","plotno":"525","industrysector":"SECTOR-20","block":"K","plotsize":"300 SQMT","plotsize_at_the_time_of_allotme":"300 SQMT","landuse_type":"RESIDENTIAL","landuse_subcategory":"RESIDENTIAL","scheme_cod":"RES01","investment":0,"employment":0,"plotstatus":"Allotted","landallotementstatus":"SOLD","landallotementtype":"ALLOTTED","allotmentid":"YEA018772","village_name":"Mirzapur","khasra_no":"562,564","longitude":77.59044983,"latitude":28.295738880000002,"authority":"YEIDA","category":"residential","execution_stage":"allotted"}},{"type":"Feature","geometry":{"type":"Polygon","coordinates":[[[77.590781,28.295773],[77.590662,28.295803],[77.590593,28.295585],[77.590711,28.295555],[77.590781,28.295773]]]},"properties":{"objectid":26662,"uniqueplotid":"PLNGRESIDENTIAL26662","plotmap_id":"SECTOR-20_527_K_RESI","plotidentificationnumber":"527","plotno":"527","industrysector":"SECTOR-20","block":"K","plotsize":"300 SQMT","plotsize_at_the_time_of_allotme":"300 SQMT","landuse_type":"RESIDENTIAL","landuse_subcategory":"RESIDENTIAL","scheme_cod":"RES01","investment":0,"employment":0,"plotstatus":"Allotted","landallotementstatus":"SOLD","landallotementtype":"ALLOTTED","allotmentid":"YEA005014","village_name":"Mirzapur","khasra_no":"562","longitude":77.59068678999999,"latitude":28.29567922,"authority":"YEIDA","category":"residential","execution_stage":"allotted"}},{"type":"Feature","geometry":{"type":"Polygon","coordinates":[[[77.590899,28.295744],[77.590781,28.295773],[77.590711,28.295555],[77.59083,28.295525],[77.590899,28.295744]]]},"properties":{"objectid":26663,"uniqueplotid":"PLNGRESIDENTIAL26663","plotmap_id":"SECTOR-20_528_K_RESI","plotidentificationnumber":"528","plotno":"528","industrysector":"SECTOR-20","block":"K","plotsize":"300 SQMT","plotsize_at_the_time_of_allotme":"300 SQMT","landuse_type":"RESIDENTIAL","landuse_subcategory":"RESIDENTIAL","scheme_cod":"RES01","investment":0,"employment":0,"plotstatus":"Allotted","landallotementstatus":"SOLD","landallotementtype":"ALLOTTED","allotmentid":"YEA010800","village_name":"Mirzapur","khasra_no":"562","longitude":77.59080527,"latitude":28.29564939,"authority":"YEIDA","category":"residential","execution_stage":"allotted"}},{"type":"Feature","geometry":{"type":"Polygon","coordinates":[[[77.591018,28.295714],[77.590899,28.295744],[77.59083,28.295525],[77.590948,28.295495],[77.591018,28.295714]]]},"properties":{"objectid":26664,"uniqueplotid":"PLNGRESIDENTIAL26664","plotmap_id":"SECTOR-20_529_K_RESI","plotidentificationnumber":"529","plotno":"529","industrysector":"SECTOR-20","block":"K","plotsize":"300 SQMT","plotsize_at_the_time_of_allotme":"300 SQMT","landuse_type":"RESIDENTIAL","landuse_subcategory":"RESIDENTIAL","scheme_cod":"RES01","investment":0,"employment":0,"plotstatus":"Allotted","landallotementstatus":"SOLD","landallotementtype":"ALLOTTED","allotmentid":"YEA016124","village_name":"Mirzapur","khasra_no":"562","longitude":77.59092375,"latitude":28.29561956,"authority":"YEIDA","category":"residential","execution_stage":"allotted"}},{"type":"Feature","geometry":{"type":"Polygon","coordinates":[[[77.591136,28.295684],[77.591018,28.295714],[77.590948,28.295495],[77.591067,28.295466],[77.591136,28.295684]]]},"properties":{"objectid":26665,"uniqueplotid":"PLNGRESIDENTIAL26665","plotmap_id":"SECTOR-20_530_K_RESI","plotidentificationnumber":"530","plotno":"530","industrysector":"SECTOR-20","block":"K","plotsize":"300 SQMT","plotsize_at_the_time_of_allotme":"300 SQMT","landuse_type":"RESIDENTIAL","landuse_subcategory":"RESIDENTIAL","scheme_cod":"RES01","investment":0,"employment":0,"plotstatus":"Allotted","landallotementstatus":"SOLD","landallotementtype":"ALLOTTED","allotmentid":"YEA018829","village_name":"Mirzapur","khasra_no":"561,562","longitude":77.59104223,"latitude":28.29558973,"authority":"YEIDA","category":"residential","execution_stage":"allotted"}},{"type":"Feature","geometry":{"type":"Polygon","coordinates":[[[77.591255,28.295654],[77.591136,28.295684],[77.591067,28.295466],[77.591185,28.295436],[77.591255,28.295654]]]},"properties":{"objectid":26666,"uniqueplotid":"PLNGRESIDENTIAL26666","plotmap_id":"SECTOR-20_531_K_RESI","plotidentificationnumber":"531","plotno":"531","industrysector":"SECTOR-20","block":"K","plotsize":"300 SQMT","plotsize_at_the_time_of_allotme":"300 SQMT","landuse_type":"RESIDENTIAL","landuse_subcategory":"RESIDENTIAL","scheme_cod":"RES01","investment":0,"employment":0,"plotstatus":"Allotted","landallotementstatus":"SOLD","landallotementtype":"ALLOTTED","allotmentid":"YEA015700","village_name":"Mirzapur","khasra_no":"561","longitude":77.59116071,"latitude":28.29555989,"authority":"YEIDA","category":"residential","execution_stage":"allotted"}},{"type":"Feature","geometry":{"type":"Polygon","coordinates":[[[77.591373,28.295624],[77.591255,28.295654],[77.591185,28.295436],[77.591304,28.295406],[77.591373,28.295624]]]},"properties":{"objectid":26667,"uniqueplotid":"PLNGRESIDENTIAL26667","plotmap_id":"SECTOR-20_532_K_RESI","plotidentificationnumber":"532","plotno":"532","industrysector":"SECTOR-20","block":"K","plotsize":"300 SQMT","plotsize_at_the_time_of_allotme":"300 SQMT","landuse_type":"RESIDENTIAL","landuse_subcategory":"RESIDENTIAL","scheme_cod":"RES01","investment":0,"employment":0,"plotstatus":"Allotted","landallotementstatus":"SOLD","landallotementtype":"ALLOTTED","allotmentid":"YEA016230","village_name":"Mirzapur","khasra_no":"561","longitude":77.59127919,"latitude":28.29553006,"authority":"YEIDA","category":"residential","execution_stage":"allotted"}},{"type":"Feature","geometry":{"type":"Polygon","coordinates":[[[77.591492,28.295594],[77.591373,28.295624],[77.591304,28.295406],[77.591422,28.295376],[77.591492,28.295594]]]},"properties":{"objectid":26668,"uniqueplotid":"PLNGRESIDENTIAL26668","plotmap_id":"SECTOR-20_533_K_RESI","plotidentificationnumber":"533","plotno":"533","industrysector":"SECTOR-20","block":"K","plotsize":"300 SQMT","plotsize_at_the_time_of_allotme":"300 SQMT","landuse_type":"RESIDENTIAL","landuse_subcategory":"RESIDENTIAL","scheme_cod":"RES01","investment":0,"employment":0,"plotstatus":"Allotted","landallotementstatus":"SOLD","landallotementtype":"ALLOTTED","allotmentid":"YEA004540","village_name":"Mirzapur","khasra_no":"561","longitude":77.59139767,"latitude":28.295500230000002,"authority":"YEIDA","category":"residential","execution_stage":"allotted"}},{"type":"Feature","geometry":{"type":"Polygon","coordinates":[[[77.59161,28.295565],[77.591492,28.295594],[77.591422,28.295376],[77.591541,28.295346],[77.59161,28.295565]]]},"properties":{"objectid":26669,"uniqueplotid":"PLNGRESIDENTIAL26669","plotmap_id":"SECTOR-20_534_K_RESI","plotidentificationnumber":"534","plotno":"534","industrysector":"SECTOR-20","block":"K","plotsize":"300 SQMT","plotsize_at_the_time_of_allotme":"300 SQMT","landuse_type":"RESIDENTIAL","landuse_subcategory":"RESIDENTIAL","scheme_cod":"RES01","investment":0,"employment":0,"plotstatus":"Allotted","landallotementstatus":"SOLD","landallotementtype":"ALLOTTED","allotmentid":"YEA010708","village_name":"Mirzapur","khasra_no":"560,561","longitude":77.59151339,"latitude":28.29546763,"authority":"YEIDA","category":"residential","execution_stage":"allotted"}},{"type":"Feature","geometry":{"type":"Polygon","coordinates":[[[77.591729,28.295535],[77.59161,28.295565],[77.591541,28.295346],[77.591659,28.295316],[77.591729,28.295535]]]},"properties":{"objectid":26670,"uniqueplotid":"PLNGRESIDENTIAL26670","plotmap_id":"SECTOR-20_535_K_RESI","plotidentificationnumber":"535","plotno":"535","industrysector":"SECTOR-20","block":"K","plotsize":"300 SQMT","plotsize_at_the_time_of_allotme":"300 SQMT","landuse_type":"RESIDENTIAL","landuse_subcategory":"RESIDENTIAL","scheme_cod":"RES01","investment":0,"employment":0,"plotstatus":"Allotted","landallotementstatus":"SOLD","landallotementtype":"ALLOTTED","allotmentid":"YEA010289","village_name":"Mirzapur","khasra_no":"560","longitude":77.59163146,"latitude":28.29543739,"authority":"YEIDA","category":"residential","execution_stage":"allotted"}},{"type":"Feature","geometry":{"type":"Polygon","coordinates":[[[77.591847,28.295505],[77.591729,28.295535],[77.591659,28.295316],[77.591778,28.295287],[77.591847,28.295505]]]},"properties":{"objectid":26671,"uniqueplotid":"PLNGRESIDENTIAL26671","plotmap_id":"SECTOR-20_536_K_RESI","plotidentificationnumber":"536","plotno":"536","industrysector":"SECTOR-20","block":"K","plotsize":"300 SQMT","plotsize_at_the_time_of_allotme":"300 SQMT","landuse_type":"RESIDENTIAL","landuse_subcategory":"RESIDENTIAL","scheme_cod":"RES01","investment":0,"employment":0,"plotstatus":"Allotted","landallotementstatus":"SOLD","landallotementtype":"ALLOTTED","allotmentid":"YEA019438","village_name":"Mirzapur","khasra_no":"560","longitude":77.59175034,"latitude":28.29540797,"authority":"YEIDA","category":"residential","execution_stage":"allotted"}},{"type":"Feature","geometry":{"type":"Polygon","coordinates":[[[77.591966,28.295475],[77.591847,28.295505],[77.591778,28.295287],[77.591896,28.295257],[77.591966,28.295475]]]},"properties":{"objectid":26672,"uniqueplotid":"PLNGRESIDENTIAL26672","plotmap_id":"SECTOR-20_537_K_RESI","plotidentificationnumber":"537","plotno":"537","industrysector":"SECTOR-20","block":"K","plotsize":"300 SQMT","plotsize_at_the_time_of_allotme":"300 SQMT","landuse_type":"RESIDENTIAL","landuse_subcategory":"RESIDENTIAL","scheme_cod":"RES01","investment":0,"employment":0,"plotstatus":"Allotted","landallotementstatus":"SOLD","landallotementtype":"ALLOTTED","allotmentid":"YEA009508","village_name":"Mirzapur","khasra_no":"560","longitude":77.59186841,"latitude":28.295377730000002,"authority":"YEIDA","category":"residential","execution_stage":"allotted"}},{"type":"Feature","geometry":{"type":"Polygon","coordinates":[[[77.591259,28.296002],[77.59114,28.296032],[77.591071,28.295814],[77.591189,28.295784],[77.591259,28.296002]]]},"properties":{"objectid":26673,"uniqueplotid":"PLNGRESIDENTIAL26673","plotmap_id":"SECTOR-20_540_K_RESI","plotidentificationnumber":"540","plotno":"540","industrysector":"SECTOR-20","block":"K","plotsize":"300 SQMT","plotsize_at_the_time_of_allotme":"300 SQMT","landuse_type":"RESIDENTIAL","landuse_subcategory":"RESIDENTIAL","scheme_cod":"RES01","investment":0,"employment":0,"plotstatus":"Allotted","landallotementstatus":"SOLD","landallotementtype":"ALLOTTED","allotmentid":"YEA014628","village_name":"Mirzapur","khasra_no":"561,564","longitude":77.59116475,"latitude":28.29590785,"authority":"YEIDA","category":"residential","execution_stage":"allotted"}},{"type":"Feature","geometry":{"type":"Polygon","coordinates":[[[77.591377,28.295972],[77.591259,28.296002],[77.591189,28.295784],[77.591308,28.295754],[77.591377,28.295972]]]},"properties":{"objectid":26674,"uniqueplotid":"PLNGRESIDENTIAL26674","plotmap_id":"SECTOR-20_541_K_RESI","plotidentificationnumber":"541","plotno":"541","industrysector":"SECTOR-20","block":"K","plotsize":"300 SQMT","plotsize_at_the_time_of_allotme":"300 SQMT","landuse_type":"RESIDENTIAL","landuse_subcategory":"RESIDENTIAL","scheme_cod":"RES01","investment":0,"employment":0,"plotstatus":"Allotted","landallotementstatus":"SOLD","landallotementtype":"ALLOTTED","allotmentid":"YEA016299","village_name":"Mirzapur","khasra_no":"560,561,564","longitude":77.59128323,"latitude":28.29587801,"authority":"YEIDA","category":"residential","execution_stage":"allotted"}},{"type":"Feature","geometry":{"type":"Polygon","coordinates":[[[77.591496,28.295942],[77.591377,28.295972],[77.591308,28.295754],[77.591426,28.295724],[77.591496,28.295942]]]},"properties":{"objectid":26675,"uniqueplotid":"PLNGRESIDENTIAL26675","plotmap_id":"SECTOR-20_542_K_RESI","plotidentificationnumber":"542","plotno":"542","industrysector":"SECTOR-20","block":"K","plotsize":"300 SQMT","plotsize_at_the_time_of_allotme":"300 SQMT","landuse_type":"RESIDENTIAL","landuse_subcategory":"RESIDENTIAL","scheme_cod":"RES01","investment":0,"employment":0,"plotstatus":"Allotted","landallotementstatus":"SOLD","landallotementtype":"ALLOTTED","allotmentid":"YEA005746","village_name":"Mirzapur","khasra_no":"560,561,564","longitude":77.59140171,"latitude":28.29584818,"authority":"YEIDA","category":"residential","execution_stage":"allotted"}},{"type":"Feature","geometry":{"type":"Polygon","coordinates":[[[77.591851,28.295853],[77.591733,28.295883],[77.591663,28.295664],[77.591782,28.295635],[77.591851,28.295853]]]},"properties":{"objectid":26676,"uniqueplotid":"PLNGRESIDENTIAL26676","plotmap_id":"SECTOR-20_545_K_RESI","plotidentificationnumber":"545","plotno":"545","industrysector":"SECTOR-20","block":"K","plotsize":"300 SQMT","plotsize_at_the_time_of_allotme":"300 SQMT","landuse_type":"RESIDENTIAL","landuse_subcategory":"RESIDENTIAL","scheme_cod":"RES01","investment":0,"employment":0,"plotstatus":"Allotted","landallotementstatus":"SOLD","landallotementtype":"ALLOTTED","allotmentid":"YEA014460","village_name":"Mirzapur","khasra_no":"560","longitude":77.59175714,"latitude":28.29575869,"authority":"YEIDA","category":"residential","execution_stage":"allotted"}},{"type":"Feature","geometry":{"type":"Polygon","coordinates":[[[77.59197,28.295823],[77.591851,28.295853],[77.591782,28.295635],[77.5919,28.295605],[77.59197,28.295823]]]},"properties":{"objectid":26677,"uniqueplotid":"PLNGRESIDENTIAL26677","plotmap_id":"SECTOR-20_546_K_RESI","plotidentificationnumber":"546","plotno":"546","industrysector":"SECTOR-20","block":"K","plotsize":"300 SQMT","plotsize_at_the_time_of_allotme":"300 SQMT","landuse_type":"RESIDENTIAL","landuse_subcategory":"RESIDENTIAL","scheme_cod":"RES01","investment":0,"employment":0,"plotstatus":"Allotted","landallotementstatus":"SOLD","landallotementtype":"ALLOTTED","allotmentid":"YEA013125","village_name":"Mirzapur","khasra_no":"560","longitude":77.59187562000001,"latitude":28.29572886,"authority":"YEIDA","category":"residential","execution_stage":"allotted"}},{"type":"Feature","geometry":{"type":"Polygon","coordinates":[[[77.592088,28.295793],[77.59197,28.295823],[77.5919,28.295605],[77.592019,28.295575],[77.592088,28.295793]]]},"properties":{"objectid":26678,"uniqueplotid":"PLNGRESIDENTIAL26678","plotmap_id":"SECTOR-20_547_K_RESI","plotidentificationnumber":"547","plotno":"547","industrysector":"SECTOR-20","block":"K","plotsize":"300 SQMT","plotsize_at_the_time_of_allotme":"300 SQMT","landuse_type":"RESIDENTIAL","landuse_subcategory":"RESIDENTIAL","scheme_cod":"RES01","investment":0,"employment":0,"plotstatus":"Allotted","landallotementstatus":"SOLD","landallotementtype":"ALLOTTED","allotmentid":"YEA004264","village_name":"Mirzapur","khasra_no":"560","longitude":77.5919941,"latitude":28.29569903,"authority":"YEIDA","category":"residential","execution_stage":"allotted"}},{"type":"Feature","geometry":{"type":"Polygon","coordinates":[[[77.592207,28.295763],[77.592088,28.295793],[77.592019,28.295575],[77.592137,28.295545],[77.592207,28.295763]]]},"properties":{"objectid":26679,"uniqueplotid":"PLNGRESIDENTIAL26679","plotmap_id":"SECTOR-20_548_K_RESI","plotidentificationnumber":"548","plotno":"548","industrysector":"SECTOR-20","block":"K","plotsize":"300 SQMT","plotsize_at_the_time_of_allotme":"300 SQMT","landuse_type":"RESIDENTIAL","landuse_subcategory":"RESIDENTIAL","scheme_cod":"RES01","investment":0,"employment":0,"plotstatus":"Allotted","landallotementstatus":"SOLD","landallotementtype":"ALLOTTED","allotmentid":"YEA010650","village_name":"Mirzapur","khasra_no":"560","longitude":77.59211258,"latitude":28.29566919,"authority":"YEIDA","category":"residential","execution_stage":"allotted"}},{"type":"Feature","geometry":{"type":"Polygon","coordinates":[[[77.592325,28.295734],[77.592207,28.295763],[77.592137,28.295545],[77.592256,28.295515],[77.592325,28.295734]]]},"properties":{"objectid":26680,"uniqueplotid":"PLNGRESIDENTIAL26680","plotmap_id":"SECTOR-20_549_K_RESI","plotidentificationnumber":"549","plotno":"549","industrysector":"SECTOR-20","block":"K","plotsize":"300 SQMT","plotsize_at_the_time_of_allotme":"300 SQMT","landuse_type":"RESIDENTIAL","landuse_subcategory":"RESIDENTIAL","scheme_cod":"RES01","investment":0,"employment":0,"plotstatus":"Allotted","landallotementstatus":"SOLD","landallotementtype":"ALLOTTED","allotmentid":"YEA008049","village_name":"Acchepur,Mirzapur","khasra_no":"560,8,9","longitude":77.59223106,"latitude":28.29563936,"authority":"YEIDA","category":"residential","execution_stage":"allotted"}},{"type":"Feature","geometry":{"type":"Polygon","coordinates":[[[77.592443,28.295704],[77.592325,28.295734],[77.592256,28.295515],[77.592374,28.295485],[77.592443,28.295704]]]},"properties":{"objectid":26681,"uniqueplotid":"PLNGRESIDENTIAL26681","plotmap_id":"SECTOR-20_550_K_RESI","plotidentificationnumber":"550","plotno":"550","industrysector":"SECTOR-20","block":"K","plotsize":"300 SQMT","plotsize_at_the_time_of_allotme":"300 SQMT","landuse_type":"RESIDENTIAL","landuse_subcategory":"RESIDENTIAL","scheme_cod":"RES01","investment":0,"employment":0,"plotstatus":"Allotted","landallotementstatus":"SOLD","landallotementtype":"ALLOTTED","allotmentid":"YEA004196","village_name":"Acchepur","khasra_no":"8,9","longitude":77.59234954,"latitude":28.29560953,"authority":"YEIDA","category":"residential","execution_stage":"allotted"}},{"type":"Feature","geometry":{"type":"Polygon","coordinates":[[[77.592513,28.295922],[77.592394,28.295952],[77.592325,28.295734],[77.592443,28.295704],[77.592513,28.295922]]]},"properties":{"objectid":26686,"uniqueplotid":"PLNGRESIDENTIAL26686","plotmap_id":"SECTOR-20_557_K_RESI","plotidentificationnumber":"557","plotno":"557","industrysector":"SECTOR-20","block":"K","plotsize":"300 SQMT","plotsize_at_the_time_of_allotme":"300 SQMT","landuse_type":"RESIDENTIAL","landuse_subcategory":"RESIDENTIAL","scheme_cod":"RRPS01","investment":0,"employment":0,"plotstatus":"Allotted","landallotementstatus":"SOLD","landallotementtype":"ALLOTTED","allotmentid":"RRPS012866","village_name":"Acchepur","khasra_no":"8,7","longitude":77.59241897999999,"latitude":28.29582783,"authority":"YEIDA","category":"residential","execution_stage":"allotted"}},{"type":"Feature","geometry":{"type":"Polygon","coordinates":[[[77.591328,28.29622],[77.59121,28.29625],[77.59114,28.296032],[77.591259,28.296002],[77.591328,28.29622]]]},"properties":{"objectid":26687,"uniqueplotid":"PLNGRESIDENTIAL26687","plotmap_id":"SECTOR-20_567_K_RESI","plotidentificationnumber":"567","plotno":"567","industrysector":"SECTOR-20","block":"K","plotsize":"300 SQMT","plotsize_at_the_time_of_allotme":"300 SQMT","landuse_type":"RESIDENTIAL","landuse_subcategory":"RESIDENTIAL","scheme_cod":"RES01","investment":0,"employment":0,"plotstatus":"Allotted","landallotementstatus":"SOLD","landallotementtype":"ALLOTTED","allotmentid":"YEA020035","village_name":"Mirzapur","khasra_no":"564","longitude":77.59123419,"latitude":28.29612615,"authority":"YEIDA","category":"residential","execution_stage":"allotted"}},{"type":"Feature","geometry":{"type":"Polygon","coordinates":[[[77.590976,28.296319],[77.590729,28.296381],[77.590695,28.296276],[77.590942,28.296214],[77.590976,28.296319]]]},"properties":{"objectid":26713,"uniqueplotid":"PLNGRESIDENTIAL26713","plotmap_id":"SECTOR-20_623_K_RESI","plotidentificationnumber":"623","plotno":"623","industrysector":"SECTOR-20","block":"K","plotsize":"300 SQMT","plotsize_at_the_time_of_allotme":"300 SQMT","landuse_type":"RESIDENTIAL","landuse_subcategory":"RESIDENTIAL","scheme_cod":"RES01","investment":0,"employment":0,"plotstatus":"Allotted","landallotementstatus":"SOLD","landallotementtype":"ALLOTTED","allotmentid":"YEA018331","village_name":"Mirzapur","khasra_no":"564","longitude":77.59083548,"latitude":28.29629752,"authority":"YEIDA","category":"residential","execution_stage":"allotted"}},{"type":"Feature","geometry":{"type":"Polygon","coordinates":[[[77.590942,28.296214],[77.590695,28.296276],[77.590662,28.296171],[77.590909,28.296109],[77.590942,28.296214]]]},"properties":{"objectid":26714,"uniqueplotid":"PLNGRESIDENTIAL26714","plotmap_id":"SECTOR-20_624_K_RESI","plotidentificationnumber":"624","plotno":"624","industrysector":"SECTOR-20","block":"K","plotsize":"300 SQMT","plotsize_at_the_time_of_allotme":"300 SQMT","landuse_type":"RESIDENTIAL","landuse_subcategory":"RESIDENTIAL","scheme_cod":"RES01","investment":0,"employment":0,"plotstatus":"Allotted","landallotementstatus":"SOLD","landallotementtype":"ALLOTTED","allotmentid":"YEA019987","village_name":"Mirzapur","khasra_no":"564","longitude":77.59080216,"latitude":28.29619276,"authority":"YEIDA","category":"residential","execution_stage":"allotted"}},{"type":"Feature","geometry":{"type":"Polygon","coordinates":[[[77.590695,28.296276],[77.590449,28.296338],[77.590415,28.296234],[77.590662,28.296171],[77.590695,28.296276]]]},"properties":{"objectid":26715,"uniqueplotid":"PLNGRESIDENTIAL26715","plotmap_id":"SECTOR-20_629_K_RESI","plotidentificationnumber":"629","plotno":"629","industrysector":"SECTOR-20","block":"K","plotsize":"300 SQMT","plotsize_at_the_time_of_allotme":"300 SQMT","landuse_type":"RESIDENTIAL","landuse_subcategory":"RESIDENTIAL","scheme_cod":"RES01","investment":0,"employment":0,"plotstatus":"Allotted","landallotementstatus":"SOLD","landallotementtype":"ALLOTTED","allotmentid":"YEA012678","village_name":"Mirzapur","khasra_no":"565,564","longitude":77.59055533,"latitude":28.29625491,"authority":"YEIDA","category":"residential","execution_stage":"allotted"}},{"type":"Feature","geometry":{"type":"Polygon","coordinates":[[[77.590729,28.296381],[77.590482,28.296443],[77.590449,28.296338],[77.590695,28.296276],[77.590729,28.296381]]]},"properties":{"objectid":26716,"uniqueplotid":"PLNGRESIDENTIAL26716","plotmap_id":"SECTOR-20_630_K_RESI","plotidentificationnumber":"630","plotno":"630","industrysector":"SECTOR-20","block":"K","plotsize":"300 SQMT","plotsize_at_the_time_of_allotme":"300 SQMT","landuse_type":"RESIDENTIAL","landuse_subcategory":"RESIDENTIAL","scheme_cod":"RES01","investment":0,"employment":0,"plotstatus":"Allotted","landallotementstatus":"SOLD","landallotementtype":"ALLOTTED","allotmentid":"YEA014568","village_name":"Mirzapur","khasra_no":"565,564","longitude":77.59058865,"latitude":28.296359669999998,"authority":"YEIDA","category":"residential","execution_stage":"allotted"}},{"type":"Feature","geometry":{"type":"Polygon","coordinates":[[[77.590762,28.296486],[77.590515,28.296548],[77.590482,28.296443],[77.590729,28.296381],[77.590762,28.296486]]]},"properties":{"objectid":26717,"uniqueplotid":"PLNGRESIDENTIAL26717","plotmap_id":"SECTOR-20_631_K_RESI","plotidentificationnumber":"631","plotno":"631","industrysector":"SECTOR-20","block":"K","plotsize":"300 SQMT","plotsize_at_the_time_of_allotme":"300 SQMT","landuse_type":"RESIDENTIAL","landuse_subcategory":"RESIDENTIAL","scheme_cod":"RES01","investment":0,"employment":0,"plotstatus":"Allotted","landallotementstatus":"SOLD","landallotementtype":"ALLOTTED","allotmentid":"YEA008716","village_name":"Mirzapur","khasra_no":"565,564","longitude":77.59062198,"latitude":28.296464439999998,"authority":"YEIDA","category":"residential","execution_stage":"allotted"}},{"type":"Feature","geometry":{"type":"Polygon","coordinates":[[[77.591029,28.297324],[77.590782,28.297386],[77.590748,28.297281],[77.590995,28.297219],[77.591029,28.297324]]]},"properties":{"objectid":26718,"uniqueplotid":"PLNGRESIDENTIAL26718","plotmap_id":"SECTOR-20_639_K_RESI","plotidentificationnumber":"639","plotno":"639","industrysector":"SECTOR-20","block":"K","plotsize":"300 SQMT","plotsize_at_the_time_of_allotme":"300 SQMT","landuse_type":"RESIDENTIAL","landuse_subcategory":"RESIDENTIAL","scheme_cod":"RES01","investment":0,"employment":0,"plotstatus":"Allotted","landallotementstatus":"SOLD","landallotementtype":"ALLOTTED","allotmentid":"YEA006707","village_name":"Mirzapur","khasra_no":"565","longitude":77.59088857,"latitude":28.29730253,"authority":"YEIDA","category":"residential","execution_stage":"allotted"}},{"type":"Feature","geometry":{"type":"Polygon","coordinates":[[[77.591757,28.297527],[77.591508,28.29759],[77.591466,28.297459],[77.591713,28.297397],[77.591757,28.297527]]]},"properties":{"objectid":26723,"uniqueplotid":"PLNGRESIDENTIAL26723","plotmap_id":"SECTOR-20_602_K_RESI","plotidentificationnumber":"602","plotno":"602","industrysector":"SECTOR-20","block":"K","plotsize":"300 SQMT","plotsize_at_the_time_of_allotme":"300 SQMT","landuse_type":"RESIDENTIAL","landuse_subcategory":"RESIDENTIAL","scheme_cod":"RES01","investment":0,"employment":0,"plotstatus":"Allotted","landallotementstatus":"SOLD","landallotementtype":"ALLOTTED","allotmentid":"YEA004654","village_name":"Mirzapur","khasra_no":"558,559","longitude":77.59160197,"latitude":28.29749626,"authority":"YEIDA","category":"residential","execution_stage":"allotted"}},{"type":"Feature","geometry":{"type":"Polygon","coordinates":[[[77.591413,28.296454],[77.591166,28.296516],[77.591125,28.296385],[77.591371,28.296323],[77.591413,28.296454]]]},"properties":{"objectid":26724,"uniqueplotid":"PLNGRESIDENTIAL26724","plotmap_id":"SECTOR-20_612_K_RESI","plotidentificationnumber":"612","plotno":"612","industrysector":"SECTOR-20","block":"K","plotsize":"300 SQMT","plotsize_at_the_time_of_allotme":"300 SQMT","landuse_type":"RESIDENTIAL","landuse_subcategory":"RESIDENTIAL","scheme_cod":"RES01","investment":0,"employment":0,"plotstatus":"Allotted","landallotementstatus":"SOLD","landallotementtype":"ALLOTTED","allotmentid":"YEA010127","village_name":"Mirzapur","khasra_no":"564","longitude":77.59126885,"latitude":28.29641933,"authority":"YEIDA","category":"residential","execution_stage":"allotted"}},{"type":"Feature","geometry":{"type":"Polygon","coordinates":[[[77.59166,28.296392],[77.591413,28.296454],[77.591371,28.296323],[77.591618,28.296261],[77.59166,28.296392]]]},"properties":{"objectid":26725,"uniqueplotid":"PLNGRESIDENTIAL26725","plotmap_id":"SECTOR-20_591_K_RESI","plotidentificationnumber":"591","plotno":"591","industrysector":"SECTOR-20","block":"K","plotsize":"300 SQMT","plotsize_at_the_time_of_allotme":"300 SQMT","landuse_type":"RESIDENTIAL","landuse_subcategory":"RESIDENTIAL","scheme_cod":"RES01","investment":0,"employment":0,"plotstatus":"Allotted","landallotementstatus":"SOLD","landallotementtype":"ALLOTTED","allotmentid":"YEA010783","village_name":"Mirzapur","khasra_no":"560,564","longitude":77.59151575,"latitude":28.29635724,"authority":"YEIDA","category":"residential","execution_stage":"allotted"}},{"type":"Feature","geometry":{"type":"Polygon","coordinates":[[[77.592367,28.297374],[77.59212,28.297436],[77.592078,28.297305],[77.592325,28.297243],[77.592367,28.297374]]]},"properties":{"objectid":26726,"uniqueplotid":"PLNGRESIDENTIAL26726","plotmap_id":"SECTOR-20_580_K_RESI","plotidentificationnumber":"580","plotno":"580","industrysector":"SECTOR-20","block":"K","plotsize":"300 SQMT","plotsize_at_the_time_of_allotme":"300 SQMT","landuse_type":"RESIDENTIAL","landuse_subcategory":"RESIDENTIAL","scheme_cod":"RES01","investment":0,"employment":0,"plotstatus":"Allotted","landallotementstatus":"SOLD","landallotementtype":"ALLOTTED","allotmentid":"YEA010613","village_name":"Mirzapur","khasra_no":"558","longitude":77.5922154,"latitude":28.29733745,"authority":"YEIDA","category":"residential","execution_stage":"allotted"}},{"type":"Feature","geometry":{"type":"Polygon","coordinates":[[[77.592026,28.2963],[77.591778,28.296362],[77.591737,28.296231],[77.591984,28.296168],[77.592026,28.2963]]]},"properties":{"objectid":26728,"uniqueplotid":"PLNGRESIDENTIAL26728","plotmap_id":"SECTOR-20_590_K_RESI","plotidentificationnumber":"590","plotno":"590","industrysector":"SECTOR-20","block":"K","plotsize":"300 SQMT","plotsize_at_the_time_of_allotme":"300 SQMT","landuse_type":"RESIDENTIAL","landuse_subcategory":"RESIDENTIAL","scheme_cod":"RES01","investment":0,"employment":0,"plotstatus":"Allotted","landallotementstatus":"SOLD","landallotementtype":"ALLOTTED","allotmentid":"YEA011959","village_name":"Acchepur,Mirzapur","khasra_no":"560,6","longitude":77.59185396000001,"latitude":28.29624903,"authority":"YEIDA","category":"residential","execution_stage":"allotted"}},{"type":"Feature","geometry":{"type":"Polygon","coordinates":[[[77.592272,28.296238],[77.592026,28.2963],[77.591984,28.296168],[77.59223,28.296106],[77.592272,28.296238]]]},"properties":{"objectid":26729,"uniqueplotid":"PLNGRESIDENTIAL26729","plotmap_id":"SECTOR-20_569_K_RESI","plotidentificationnumber":"569","plotno":"569","industrysector":"SECTOR-20","block":"K","plotsize":"300 SQMT","plotsize_at_the_time_of_allotme":"300 SQMT","landuse_type":"RESIDENTIAL","landuse_subcategory":"RESIDENTIAL","scheme_cod":"RES01","investment":0,"employment":0,"plotstatus":"Allotted","landallotementstatus":"SOLD","landallotementtype":"ALLOTTED","allotmentid":"YEA017231","village_name":"Acchepur,Mirzapur","khasra_no":"560,6,7","longitude":77.59213532,"latitude":28.29620469,"authority":"YEIDA","category":"residential","execution_stage":"allotted"}},{"type":"Feature","geometry":{"type":"Polygon","coordinates":[[[77.590662,28.295803],[77.590544,28.295833],[77.590474,28.295615],[77.590593,28.295585],[77.590662,28.295803]]]},"properties":{"objectid":27047,"uniqueplotid":"PLNGRESIDENTIAL27047","plotmap_id":"SECTOR-20_526_K_RESI","plotidentificationnumber":"526","plotno":"526","industrysector":"SECTOR-20","block":"K","plotsize":"300 SQMT","plotsize_at_the_time_of_allotme":"300 SQMT","landuse_type":"RESIDENTIAL","landuse_subcategory":"RESIDENTIAL","scheme_cod":"RES01","investment":0,"employment":0,"plotstatus":"Allotted","landallotementstatus":"SOLD","landallotementtype":"ALLOTTED","allotmentid":"YEA019332","village_name":"Mirzapur","khasra_no":"562","longitude":77.59056831000001,"latitude":28.29570905,"authority":"YEIDA","category":"residential","execution_stage":"allotted"}},{"type":"Feature","geometry":{"type":"Polygon","coordinates":[[[77.592394,28.295952],[77.592276,28.295982],[77.592207,28.295763],[77.592325,28.295734],[77.592394,28.295952]]]},"properties":{"objectid":27048,"uniqueplotid":"PLNGRESIDENTIAL27048","plotmap_id":"SECTOR-20_558_K_RESI","plotidentificationnumber":"558","plotno":"558","industrysector":"SECTOR-20","block":"K","plotsize":"300 SQMT","plotsize_at_the_time_of_allotme":"300 SQMT","landuse_type":"RESIDENTIAL","landuse_subcategory":"RESIDENTIAL","scheme_cod":"RES01","investment":0,"employment":0,"plotstatus":"Allotted","landallotementstatus":"SOLD","landallotementtype":"ALLOTTED","allotmentid":"YEA012856","village_name":"Acchepur,Mirzapur","khasra_no":"560,8,7","longitude":77.5923005,"latitude":28.29585767,"authority":"YEIDA","category":"residential","execution_stage":"allotted"}},{"type":"Feature","geometry":{"type":"Polygon","coordinates":[[[77.592276,28.295982],[77.592158,28.296012],[77.592088,28.295793],[77.592207,28.295763],[77.592276,28.295982]]]},"properties":{"objectid":27049,"uniqueplotid":"PLNGRESIDENTIAL27049","plotmap_id":"SECTOR-20_559_K_RESI","plotidentificationnumber":"559","plotno":"559","industrysector":"SECTOR-20","block":"K","plotsize":"300 SQMT","plotsize_at_the_time_of_allotme":"300 SQMT","landuse_type":"RESIDENTIAL","landuse_subcategory":"RESIDENTIAL","scheme_cod":"RES01","investment":0,"employment":0,"plotstatus":"Allotted","landallotementstatus":"SOLD","landallotementtype":"ALLOTTED","allotmentid":"YEA009956","village_name":"Acchepur,Mirzapur","khasra_no":"560,8,7","longitude":77.59218202,"latitude":28.2958875,"authority":"YEIDA","category":"residential","execution_stage":"allotted"}},{"type":"Feature","geometry":{"type":"Polygon","coordinates":[[[77.592158,28.296012],[77.592039,28.296041],[77.59197,28.295823],[77.592088,28.295793],[77.592158,28.296012]]]},"properties":{"objectid":27050,"uniqueplotid":"PLNGRESIDENTIAL27050","plotmap_id":"SECTOR-20_560_K_RESI","plotidentificationnumber":"560","plotno":"560","industrysector":"SECTOR-20","block":"K","plotsize":"300 SQMT","plotsize_at_the_time_of_allotme":"300 SQMT","landuse_type":"RESIDENTIAL","landuse_subcategory":"RESIDENTIAL","scheme_cod":"RES01","investment":0,"employment":0,"plotstatus":"Allotted","landallotementstatus":"SOLD","landallotementtype":"ALLOTTED","allotmentid":"YEA020316","village_name":"Mirzapur","khasra_no":"560","longitude":77.59206354999999,"latitude":28.295917329999998,"authority":"YEIDA","category":"residential","execution_stage":"allotted"}},{"type":"Feature","geometry":{"type":"Polygon","coordinates":[[[77.592039,28.296041],[77.591921,28.296071],[77.591851,28.295853],[77.59197,28.295823],[77.592039,28.296041]]]},"properties":{"objectid":27051,"uniqueplotid":"PLNGRESIDENTIAL27051","plotmap_id":"SECTOR-20_561_K_RESI","plotidentificationnumber":"561","plotno":"561","industrysector":"SECTOR-20","block":"K","plotsize":"300 SQMT","plotsize_at_the_time_of_allotme":"300 SQMT","landuse_type":"RESIDENTIAL","landuse_subcategory":"RESIDENTIAL","scheme_cod":"RES01","investment":0,"employment":0,"plotstatus":"Allotted","landallotementstatus":"SOLD","landallotementtype":"ALLOTTED","allotmentid":"YEA018235","village_name":"Mirzapur","khasra_no":"560","longitude":77.59194507,"latitude":28.29594716,"authority":"YEIDA","category":"residential","execution_stage":"allotted"}},{"type":"Feature","geometry":{"type":"Polygon","coordinates":[[[77.591921,28.296071],[77.591802,28.296101],[77.591733,28.295883],[77.591851,28.295853],[77.591921,28.296071]]]},"properties":{"objectid":27052,"uniqueplotid":"PLNGRESIDENTIAL27052","plotmap_id":"SECTOR-20_562_K_RESI","plotidentificationnumber":"562","plotno":"562","industrysector":"SECTOR-20","block":"K","plotsize":"300 SQMT","plotsize_at_the_time_of_allotme":"300 SQMT","landuse_type":"RESIDENTIAL","landuse_subcategory":"RESIDENTIAL","scheme_cod":"RES01","investment":0,"employment":0,"plotstatus":"Allotted","landallotementstatus":"SOLD","landallotementtype":"ALLOTTED","allotmentid":"YEA020143","village_name":"Mirzapur","khasra_no":"560","longitude":77.59182659000001,"latitude":28.29597699,"authority":"YEIDA","category":"residential","execution_stage":"allotted"}},{"type":"Feature","geometry":{"type":"Polygon","coordinates":[[[77.591802,28.296101],[77.591684,28.296131],[77.591614,28.295913],[77.591733,28.295883],[77.591802,28.296101]]]},"properties":{"objectid":27053,"uniqueplotid":"PLNGRESIDENTIAL27053","plotmap_id":"SECTOR-20_563_K_RESI","plotidentificationnumber":"563","plotno":"563","industrysector":"SECTOR-20","block":"K","plotsize":"300 SQMT","plotsize_at_the_time_of_allotme":"300 SQMT","landuse_type":"RESIDENTIAL","landuse_subcategory":"RESIDENTIAL","scheme_cod":"RES01","investment":0,"employment":0,"plotstatus":"Allotted","landallotementstatus":"SOLD","landallotementtype":"ALLOTTED","allotmentid":"YEA011825","village_name":"Mirzapur","khasra_no":"560","longitude":77.59170811,"latitude":28.29600683,"authority":"YEIDA","category":"residential","execution_stage":"allotted"}},{"type":"Feature","geometry":{"type":"Polygon","coordinates":[[[77.592305,28.296342],[77.592059,28.296404],[77.592026,28.2963],[77.592272,28.296238],[77.592305,28.296342]]]},"properties":{"objectid":27125,"uniqueplotid":"PLNGRESIDENTIAL27125","plotmap_id":"SECTOR-20_570_K_RESI","plotidentificationnumber":"570","plotno":"570","industrysector":"SECTOR-20","block":"K","plotsize":"300 SQMT","plotsize_at_the_time_of_allotme":"300 SQMT","landuse_type":"RESIDENTIAL","landuse_subcategory":"RESIDENTIAL","scheme_cod":"RES01","investment":0,"employment":0,"plotstatus":"Allotted","landallotementstatus":"SOLD","landallotementtype":"ALLOTTED","allotmentid":"YEA008473","village_name":"Acchepur","khasra_no":"6,4,12","longitude":77.5921657,"latitude":28.29632097,"authority":"YEIDA","category":"residential","execution_stage":"allotted"}},{"type":"Feature","geometry":{"type":"Polygon","coordinates":[[[77.592339,28.296447],[77.592093,28.296509],[77.592059,28.296404],[77.592305,28.296342],[77.592339,28.296447]]]},"properties":{"objectid":27126,"uniqueplotid":"PLNGRESIDENTIAL27126","plotmap_id":"SECTOR-20_571_K_RESI","plotidentificationnumber":"571","plotno":"571","industrysector":"SECTOR-20","block":"K","plotsize":"300 SQMT","plotsize_at_the_time_of_allotme":"300 SQMT","landuse_type":"RESIDENTIAL","landuse_subcategory":"RESIDENTIAL","scheme_cod":"RES01","investment":0,"employment":0,"plotstatus":"Allotted","landallotementstatus":"SOLD","landallotementtype":"ALLOTTED","allotmentid":"YEA016161","village_name":"Acchepur","khasra_no":"4","longitude":77.59219899,"latitude":28.29642574,"authority":"YEIDA","category":"residential","execution_stage":"allotted"}},{"type":"Feature","geometry":{"type":"Polygon","coordinates":[[[77.592372,28.296552],[77.592126,28.296614],[77.592093,28.296509],[77.592339,28.296447],[77.592372,28.296552]]]},"properties":{"objectid":27127,"uniqueplotid":"PLNGRESIDENTIAL27127","plotmap_id":"SECTOR-20_572_K_RESI","plotidentificationnumber":"572","plotno":"572","industrysector":"SECTOR-20","block":"K","plotsize":"300 SQMT","plotsize_at_the_time_of_allotme":"300 SQMT","landuse_type":"RESIDENTIAL","landuse_subcategory":"RESIDENTIAL","scheme_cod":"RES01","investment":0,"employment":0,"plotstatus":"Allotted","landallotementstatus":"SOLD","landallotementtype":"ALLOTTED","allotmentid":"YEA019674","village_name":"Acchepur","khasra_no":"4,5","longitude":77.59223227000001,"latitude":28.29653052,"authority":"YEIDA","category":"residential","execution_stage":"allotted"}},{"type":"Feature","geometry":{"type":"Polygon","coordinates":[[[77.592572,28.29718],[77.592325,28.297243],[77.592292,28.297138],[77.592539,28.297076],[77.592572,28.29718]]]},"properties":{"objectid":27128,"uniqueplotid":"PLNGRESIDENTIAL27128","plotmap_id":"SECTOR-20_578_K_RESI","plotidentificationnumber":"578","plotno":"578","industrysector":"SECTOR-20","block":"K","plotsize":"300 SQMT","plotsize_at_the_time_of_allotme":"300 SQMT","landuse_type":"RESIDENTIAL","landuse_subcategory":"RESIDENTIAL","scheme_cod":"RES01","investment":0,"employment":0,"plotstatus":"Allotted","landallotementstatus":"SOLD","landallotementtype":"ALLOTTED","allotmentid":"YEA008243","village_name":"Acchepur,Mirzapur","khasra_no":"558,4,5","longitude":77.59243199,"latitude":28.29715914,"authority":"YEIDA","category":"residential","execution_stage":"allotted"}},{"type":"Feature","geometry":{"type":"Polygon","coordinates":[[[77.592325,28.297243],[77.592078,28.297305],[77.592045,28.2972],[77.592292,28.297138],[77.592325,28.297243]]]},"properties":{"objectid":27129,"uniqueplotid":"PLNGRESIDENTIAL27129","plotmap_id":"SECTOR-20_581_K_RESI","plotidentificationnumber":"581","plotno":"581","industrysector":"SECTOR-20","block":"K","plotsize":"300 SQMT","plotsize_at_the_time_of_allotme":"300 SQMT","landuse_type":"RESIDENTIAL","landuse_subcategory":"RESIDENTIAL","scheme_cod":"RES01","investment":0,"employment":0,"plotstatus":"Allotted","landallotementstatus":"SOLD","landallotementtype":"ALLOTTED","allotmentid":"YEA012568","village_name":"Mirzapur","khasra_no":"558,559","longitude":77.59218514,"latitude":28.29722128,"authority":"YEIDA","category":"residential","execution_stage":"allotted"}},{"type":"Feature","geometry":{"type":"Polygon","coordinates":[[[77.592126,28.296614],[77.591878,28.296676],[77.591845,28.296571],[77.592093,28.296509],[77.592126,28.296614]]]},"properties":{"objectid":27130,"uniqueplotid":"PLNGRESIDENTIAL27130","plotmap_id":"SECTOR-20_587_K_RESI","plotidentificationnumber":"587","plotno":"587","industrysector":"SECTOR-20","block":"K","plotsize":"300 SQMT","plotsize_at_the_time_of_allotme":"300 SQMT","landuse_type":"RESIDENTIAL","landuse_subcategory":"RESIDENTIAL","scheme_cod":"RES01","investment":0,"employment":0,"plotstatus":"Allotted","landallotementstatus":"SOLD","landallotementtype":"ALLOTTED","allotmentid":"YEA004639","village_name":"Acchepur,Mirzapur","khasra_no":"560,559,564,4,5","longitude":77.59198542,"latitude":28.29659266,"authority":"YEIDA","category":"residential","execution_stage":"allotted"}},{"type":"Feature","geometry":{"type":"Polygon","coordinates":[[[77.592093,28.296509],[77.591845,28.296571],[77.591812,28.296467],[77.592059,28.296404],[77.592093,28.296509]]]},"properties":{"objectid":27131,"uniqueplotid":"PLNGRESIDENTIAL27131","plotmap_id":"SECTOR-20_588_K_RESI","plotidentificationnumber":"588","plotno":"588","industrysector":"SECTOR-20","block":"K","plotsize":"300 SQMT","plotsize_at_the_time_of_allotme":"300 SQMT","landuse_type":"RESIDENTIAL","landuse_subcategory":"RESIDENTIAL","scheme_cod":"RES01","investment":0,"employment":0,"plotstatus":"Allotted","landallotementstatus":"SOLD","landallotementtype":"ALLOTTED","allotmentid":"YEA015253","village_name":"Acchepur,Mirzapur","khasra_no":"560,4,5","longitude":77.59195213,"latitude":28.296487889999998,"authority":"YEIDA","category":"residential","execution_stage":"allotted"}},{"type":"Feature","geometry":{"type":"Polygon","coordinates":[[[77.592059,28.296404],[77.591812,28.296467],[77.591778,28.296362],[77.592026,28.2963],[77.592059,28.296404]]]},"properties":{"objectid":27132,"uniqueplotid":"PLNGRESIDENTIAL27132","plotmap_id":"SECTOR-20_589_K_RESI","plotidentificationnumber":"589","plotno":"589","industrysector":"SECTOR-20","block":"K","plotsize":"300 SQMT","plotsize_at_the_time_of_allotme":"300 SQMT","landuse_type":"RESIDENTIAL","landuse_subcategory":"RESIDENTIAL","scheme_cod":"RES01","investment":0,"employment":0,"plotstatus":"Allotted","landallotementstatus":"SOLD","landallotementtype":"ALLOTTED","allotmentid":"YEA015390","village_name":"Acchepur,Mirzapur","khasra_no":"560,6,4,12,5","longitude":77.59191885,"latitude":28.296383109999997,"authority":"YEIDA","category":"residential","execution_stage":"allotted"}},{"type":"Feature","geometry":{"type":"Polygon","coordinates":[[[77.591713,28.297397],[77.591466,28.297459],[77.591433,28.297354],[77.59168,28.297292],[77.591713,28.297397]]]},"properties":{"objectid":27133,"uniqueplotid":"PLNGRESIDENTIAL27133","plotmap_id":"SECTOR-20_603_K_RESI","plotidentificationnumber":"603","plotno":"603","industrysector":"SECTOR-20","block":"K","plotsize":"300 SQMT","plotsize_at_the_time_of_allotme":"300 SQMT","landuse_type":"RESIDENTIAL","landuse_subcategory":"RESIDENTIAL","scheme_cod":"RES01","investment":0,"employment":0,"plotstatus":"Allotted","landallotementstatus":"SOLD","landallotementtype":"ALLOTTED","allotmentid":"YEA018675","village_name":"Mirzapur","khasra_no":"559","longitude":77.59157291,"latitude":28.29737528,"authority":"YEIDA","category":"residential","execution_stage":"allotted"}},{"type":"Feature","geometry":{"type":"Polygon","coordinates":[[[77.591513,28.296768],[77.591266,28.29683],[77.591233,28.296725],[77.59148,28.296663],[77.591513,28.296768]]]},"properties":{"objectid":27134,"uniqueplotid":"PLNGRESIDENTIAL27134","plotmap_id":"SECTOR-20_609_K_RESI","plotidentificationnumber":"609","plotno":"609","industrysector":"SECTOR-20","block":"K","plotsize":"300 SQMT","plotsize_at_the_time_of_allotme":"300 SQMT","landuse_type":"RESIDENTIAL","landuse_subcategory":"RESIDENTIAL","scheme_cod":"RES01","investment":0,"employment":0,"plotstatus":"Allotted","landallotementstatus":"SOLD","landallotementtype":"ALLOTTED","allotmentid":"YEA004976","village_name":"Mirzapur","khasra_no":"565,564","longitude":77.59137297000001,"latitude":28.29674671,"authority":"YEIDA","category":"residential","execution_stage":"allotted"}},{"type":"Feature","geometry":{"type":"Polygon","coordinates":[[[77.59148,28.296663],[77.591233,28.296725],[77.5912,28.296621],[77.591446,28.296559],[77.59148,28.296663]]]},"properties":{"objectid":27135,"uniqueplotid":"PLNGRESIDENTIAL27135","plotmap_id":"SECTOR-20_610_K_RESI","plotidentificationnumber":"610","plotno":"610","industrysector":"SECTOR-20","block":"K","plotsize":"300 SQMT","plotsize_at_the_time_of_allotme":"300 SQMT","landuse_type":"RESIDENTIAL","landuse_subcategory":"RESIDENTIAL","scheme_cod":"RES01","investment":0,"employment":0,"plotstatus":"Allotted","landallotementstatus":"SOLD","landallotementtype":"ALLOTTED","allotmentid":"YEA013203","village_name":"Mirzapur","khasra_no":"565,564","longitude":77.59133964,"latitude":28.29664195,"authority":"YEIDA","category":"residential","execution_stage":"allotted"}},{"type":"Feature","geometry":{"type":"Polygon","coordinates":[[[77.591446,28.296559],[77.5912,28.296621],[77.591166,28.296516],[77.591413,28.296454],[77.591446,28.296559]]]},"properties":{"objectid":27136,"uniqueplotid":"PLNGRESIDENTIAL27136","plotmap_id":"SECTOR-20_611_K_RESI","plotidentificationnumber":"611","plotno":"611","industrysector":"SECTOR-20","block":"K","plotsize":"300 SQMT","plotsize_at_the_time_of_allotme":"300 SQMT","landuse_type":"RESIDENTIAL","landuse_subcategory":"RESIDENTIAL","scheme_cod":"RES01","investment":0,"employment":0,"plotstatus":"Allotted","landallotementstatus":"SOLD","landallotementtype":"ALLOTTED","allotmentid":"YEA010181","village_name":"Mirzapur","khasra_no":"565,564","longitude":77.59130632,"latitude":28.296537190000002,"authority":"YEIDA","category":"residential","execution_stage":"allotted"}},{"type":"Feature","geometry":{"type":"Polygon","coordinates":[[[77.591142,28.296843],[77.590895,28.296905],[77.590862,28.2968],[77.591109,28.296738],[77.591142,28.296843]]]},"properties":{"objectid":27137,"uniqueplotid":"PLNGRESIDENTIAL27137","plotmap_id":"SECTOR-20_618_K_RESI","plotidentificationnumber":"618","plotno":"618","industrysector":"SECTOR-20","block":"K","plotsize":"300 SQMT","plotsize_at_the_time_of_allotme":"300 SQMT","landuse_type":"RESIDENTIAL","landuse_subcategory":"RESIDENTIAL","scheme_cod":"RES01","investment":0,"employment":0,"plotstatus":"Allotted","landallotementstatus":"SOLD","landallotementtype":"ALLOTTED","allotmentid":"YEA020711","village_name":"Mirzapur","khasra_no":"565","longitude":77.59100210999999,"latitude":28.29682133,"authority":"YEIDA","category":"residential","execution_stage":"allotted"}},{"type":"Feature","geometry":{"type":"Polygon","coordinates":[[[77.591109,28.296738],[77.590862,28.2968],[77.590829,28.296695],[77.591076,28.296633],[77.591109,28.296738]]]},"properties":{"objectid":27138,"uniqueplotid":"PLNGRESIDENTIAL27138","plotmap_id":"SECTOR-20_619_K_RESI","plotidentificationnumber":"619","plotno":"619","industrysector":"SECTOR-20","block":"K","plotsize":"300 SQMT","plotsize_at_the_time_of_allotme":"300 SQMT","landuse_type":"RESIDENTIAL","landuse_subcategory":"RESIDENTIAL","scheme_cod":"RES01","investment":0,"employment":0,"plotstatus":"Allotted","landallotementstatus":"SOLD","landallotementtype":"ALLOTTED","allotmentid":"YEA011285","village_name":"Mirzapur","khasra_no":"565","longitude":77.59096878000001,"latitude":28.29671657,"authority":"YEIDA","category":"residential","execution_stage":"allotted"}},{"type":"Feature","geometry":{"type":"Polygon","coordinates":[[[77.591076,28.296633],[77.590829,28.296695],[77.590795,28.296591],[77.591042,28.296528],[77.591076,28.296633]]]},"properties":{"objectid":27139,"uniqueplotid":"PLNGRESIDENTIAL27139","plotmap_id":"SECTOR-20_620_K_RESI","plotidentificationnumber":"620","plotno":"620","industrysector":"SECTOR-20","block":"K","plotsize":"300 SQMT","plotsize_at_the_time_of_allotme":"300 SQMT","landuse_type":"RESIDENTIAL","landuse_subcategory":"RESIDENTIAL","scheme_cod":"RES01","investment":0,"employment":0,"plotstatus":"Allotted","landallotementstatus":"SOLD","landallotementtype":"ALLOTTED","allotmentid":"YEA018551","village_name":"Mirzapur","khasra_no":"565","longitude":77.59093546000001,"latitude":28.29661181,"authority":"YEIDA","category":"residential","execution_stage":"allotted"}},{"type":"Feature","geometry":{"type":"Polygon","coordinates":[[[77.591042,28.296528],[77.590795,28.296591],[77.590762,28.296486],[77.591009,28.296424],[77.591042,28.296528]]]},"properties":{"objectid":27140,"uniqueplotid":"PLNGRESIDENTIAL27140","plotmap_id":"SECTOR-20_621_K_RESI","plotidentificationnumber":"621","plotno":"621","industrysector":"SECTOR-20","block":"K","plotsize":"300 SQMT","plotsize_at_the_time_of_allotme":"300 SQMT","landuse_type":"RESIDENTIAL","landuse_subcategory":"RESIDENTIAL","scheme_cod":"RES01","investment":0,"employment":0,"plotstatus":"Allotted","landallotementstatus":"SOLD","landallotementtype":"ALLOTTED","allotmentid":"YEA015013","village_name":"Mirzapur","khasra_no":"565,564","longitude":77.59090213,"latitude":28.296507050000002,"authority":"YEIDA","category":"residential","execution_stage":"allotted"}},{"type":"Feature","geometry":{"type":"Polygon","coordinates":[[[77.591009,28.296424],[77.590762,28.296486],[77.590729,28.296381],[77.590976,28.296319],[77.591009,28.296424]]]},"properties":{"objectid":27141,"uniqueplotid":"PLNGRESIDENTIAL27141","plotmap_id":"SECTOR-20_622_K_RESI","plotidentificationnumber":"622","plotno":"622","industrysector":"SECTOR-20","block":"K","plotsize":"300 SQMT","plotsize_at_the_time_of_allotme":"300 SQMT","landuse_type":"RESIDENTIAL","landuse_subcategory":"RESIDENTIAL","scheme_cod":"RRPS01","investment":0,"employment":0,"plotstatus":"Allotted","landallotementstatus":"SOLD","landallotementtype":"ALLOTTED","allotmentid":"RRPS012664","village_name":"Mirzapur","khasra_no":"565,564","longitude":77.59086881,"latitude":28.29640229,"authority":"YEIDA","category":"residential","execution_stage":"allotted"}},{"type":"Feature","geometry":{"type":"Polygon","coordinates":[[[77.590795,28.296591],[77.590549,28.296653],[77.590515,28.296548],[77.590762,28.296486],[77.590795,28.296591]]]},"properties":{"objectid":27142,"uniqueplotid":"PLNGRESIDENTIAL27142","plotmap_id":"SECTOR-20_632_K_RESI","plotidentificationnumber":"632","plotno":"632","industrysector":"SECTOR-20","block":"K","plotsize":"300 SQMT","plotsize_at_the_time_of_allotme":"300 SQMT","landuse_type":"RESIDENTIAL","landuse_subcategory":"RESIDENTIAL","scheme_cod":"RES01","investment":0,"employment":0,"plotstatus":"Allotted","landallotementstatus":"SOLD","landallotementtype":"ALLOTTED","allotmentid":"YEA007436","village_name":"Mirzapur","khasra_no":"565,564","longitude":77.5906553,"latitude":28.2965692,"authority":"YEIDA","category":"residential","execution_stage":"allotted"}},{"type":"Feature","geometry":{"type":"Polygon","coordinates":[[[77.590829,28.296695],[77.590582,28.296757],[77.590549,28.296653],[77.590795,28.296591],[77.590829,28.296695]]]},"properties":{"objectid":27143,"uniqueplotid":"PLNGRESIDENTIAL27143","plotmap_id":"SECTOR-20_633_K_RESI","plotidentificationnumber":"633","plotno":"633","industrysector":"SECTOR-20","block":"K","plotsize":"300 SQMT","plotsize_at_the_time_of_allotme":"300 SQMT","landuse_type":"RESIDENTIAL","landuse_subcategory":"RESIDENTIAL","scheme_cod":"RES01","investment":0,"employment":0,"plotstatus":"Allotted","landallotementstatus":"SOLD","landallotementtype":"ALLOTTED","allotmentid":"YEA017874","village_name":"Mirzapur","khasra_no":"565","longitude":77.59068862999999,"latitude":28.296673960000003,"authority":"YEIDA","category":"residential","execution_stage":"allotted"}},{"type":"Feature","geometry":{"type":"Polygon","coordinates":[[[77.590862,28.2968],[77.590615,28.296862],[77.590582,28.296757],[77.590829,28.296695],[77.590862,28.2968]]]},"properties":{"objectid":27144,"uniqueplotid":"PLNGRESIDENTIAL27144","plotmap_id":"SECTOR-20_634_K_RESI","plotidentificationnumber":"634","plotno":"634","industrysector":"SECTOR-20","block":"K","plotsize":"300 SQMT","plotsize_at_the_time_of_allotme":"300 SQMT","landuse_type":"RESIDENTIAL","landuse_subcategory":"RESIDENTIAL","scheme_cod":"RES01","investment":0,"employment":0,"plotstatus":"Allotted","landallotementstatus":"SOLD","landallotementtype":"ALLOTTED","allotmentid":"YEA006335","village_name":"Mirzapur","khasra_no":"565","longitude":77.59072195,"latitude":28.296778720000002,"authority":"YEIDA","category":"residential","execution_stage":"allotted"}},{"type":"Feature","geometry":{"type":"Polygon","coordinates":[[[77.5894,28.298224],[77.589291,28.298273],[77.589175,28.298073],[77.589284,28.298024],[77.5894,28.298224]]]},"properties":{"objectid":27164,"uniqueplotid":"PLNGRESIDENTIAL27164","plotmap_id":"SECTOR-20_478A_F_RESI","plotidentificationnumber":"478A","plotno":"478A","industrysector":"SECTOR-20","block":"F","plotsize":"300 SQMT","landuse_type":"RESIDENTIAL","landuse_subcategory":"RESIDENTIAL","investment":0,"employment":0,"landallotementstatus":"VACANT","landallotementtype":"VACANT","village_name":"Mirzapur","khasra_no":"679","longitude":77.58928757000001,"latitude":28.298148620000003,"authority":"YEIDA","category":"residential","execution_stage":"vacant"}},{"type":"Feature","geometry":{"type":"Polygon","coordinates":[[[77.589291,28.298273],[77.589182,28.298323],[77.589067,28.298123],[77.589175,28.298073],[77.589291,28.298273]]]},"properties":{"objectid":27324,"uniqueplotid":"PLNGRESIDENTIAL27324","plotmap_id":"SECTOR-20_479_F_RESI","plotidentificationnumber":"479","plotno":"479","industrysector":"SECTOR-20","block":"F","plotsize":"300 SQMT","plotsize_at_the_time_of_allotme":"300 SQMT","landuse_type":"RESIDENTIAL","landuse_subcategory":"RESIDENTIAL","scheme_cod":"RES01","investment":0,"employment":0,"plotstatus":"Allotted","landallotementstatus":"SOLD","landallotementtype":"ALLOTTED","allotmentid":"YEA017210","village_name":"Mirzapur","khasra_no":"679","longitude":77.58917881,"latitude":28.298198120000002,"authority":"YEIDA","category":"residential","execution_stage":"allotted"}},{"type":"Feature","geometry":{"type":"Polygon","coordinates":[[[77.589182,28.298323],[77.589074,28.298372],[77.588958,28.298172],[77.589067,28.298123],[77.589182,28.298323]]]},"properties":{"objectid":27325,"uniqueplotid":"PLNGRESIDENTIAL27325","plotmap_id":"SECTOR-20_480_F_RESI","plotidentificationnumber":"480","plotno":"480","industrysector":"SECTOR-20","block":"F","plotsize":"300 SQMT","plotsize_at_the_time_of_allotme":"300 SQMT","landuse_type":"RESIDENTIAL","landuse_subcategory":"RESIDENTIAL","scheme_cod":"RES01","investment":0,"employment":0,"plotstatus":"Allotted","landallotementstatus":"SOLD","landallotementtype":"ALLOTTED","allotmentid":"YEA011103","village_name":"Mirzapur","khasra_no":"679","longitude":77.58907006,"latitude":28.29824762,"authority":"YEIDA","category":"residential","execution_stage":"allotted"}},{"type":"Feature","geometry":{"type":"Polygon","coordinates":[[[77.591966,28.297823],[77.591848,28.297853],[77.591778,28.297635],[77.591897,28.297605],[77.591966,28.297823]]]},"properties":{"objectid":27608,"uniqueplotid":"PLNGRESIDENTIAL27608","plotmap_id":"SECTOR-20_673_K_RESI","plotidentificationnumber":"673","plotno":"673","industrysector":"SECTOR-20","block":"K","plotsize":"300 SQMT","plotsize_at_the_time_of_allotme":"300 SQMT","landuse_type":"RESIDENTIAL","landuse_subcategory":"RESIDENTIAL","scheme_cod":"RES01","investment":0,"employment":0,"plotstatus":"Allotted","landallotementstatus":"SOLD","landallotementtype":"ALLOTTED","allotmentid":"YEA018284","village_name":"Mirzapur","khasra_no":"558","longitude":77.59187241000001,"latitude":28.29772915,"authority":"YEIDA","category":"residential","execution_stage":"allotted"}},{"type":"Feature","geometry":{"type":"Polygon","coordinates":[[[77.592085,28.297794],[77.591966,28.297823],[77.591897,28.297605],[77.592015,28.297575],[77.592085,28.297794]]]},"properties":{"objectid":27609,"uniqueplotid":"PLNGRESIDENTIAL27609","plotmap_id":"SECTOR-20_674_K_RESI","plotidentificationnumber":"674","plotno":"674","industrysector":"SECTOR-20","block":"K","plotsize":"300 SQMT","plotsize_at_the_time_of_allotme":"300 SQMT","landuse_type":"RESIDENTIAL","landuse_subcategory":"RESIDENTIAL","scheme_cod":"RES01","investment":0,"employment":0,"plotstatus":"Allotted","landallotementstatus":"SOLD","landallotementtype":"ALLOTTED","allotmentid":"YEA009238","village_name":"Mirzapur","khasra_no":"558","longitude":77.59199086,"latitude":28.29769932,"authority":"YEIDA","category":"residential","execution_stage":"allotted"}},{"type":"Feature","geometry":{"type":"Polygon","coordinates":[[[77.592391,28.297952],[77.592273,28.297982],[77.592203,28.297764],[77.592322,28.297734],[77.592391,28.297952]]]},"properties":{"objectid":27610,"uniqueplotid":"PLNGRESIDENTIAL27610","plotmap_id":"SECTOR-20_695_K_RESI","plotidentificationnumber":"695","plotno":"695","industrysector":"SECTOR-20","block":"K","plotsize":"300 SQMT","plotsize_at_the_time_of_allotme":"300 SQMT","landuse_type":"RESIDENTIAL","landuse_subcategory":"RESIDENTIAL","scheme_cod":"RES01","investment":0,"employment":0,"plotstatus":"Allotted","landallotementstatus":"SOLD","landallotementtype":"ALLOTTED","allotmentid":"YEA014016","village_name":"Mirzapur","khasra_no":"557,558","longitude":77.59229721000001,"latitude":28.29785798,"authority":"YEIDA","category":"residential","execution_stage":"allotted"}},{"type":"Feature","geometry":{"type":"Polygon","coordinates":[[[77.592273,28.297982],[77.592154,28.298012],[77.592085,28.297794],[77.592203,28.297764],[77.592273,28.297982]]]},"properties":{"objectid":27611,"uniqueplotid":"PLNGRESIDENTIAL27611","plotmap_id":"SECTOR-20_696_K_RESI","plotidentificationnumber":"696","plotno":"696","industrysector":"SECTOR-20","block":"K","plotsize":"300 SQMT","plotsize_at_the_time_of_allotme":"300 SQMT","landuse_type":"RESIDENTIAL","landuse_subcategory":"RESIDENTIAL","scheme_cod":"RES01","investment":0,"employment":0,"plotstatus":"Allotted","landallotementstatus":"SOLD","landallotementtype":"ALLOTTED","allotmentid":"YEA012927","village_name":"Mirzapur","khasra_no":"557,558","longitude":77.59217876,"latitude":28.297887799999998,"authority":"YEIDA","category":"residential","execution_stage":"allotted"}},{"type":"Feature","geometry":{"type":"Polygon","coordinates":[[[77.592154,28.298012],[77.592036,28.298042],[77.591966,28.297823],[77.592085,28.297794],[77.592154,28.298012]]]},"properties":{"objectid":27612,"uniqueplotid":"PLNGRESIDENTIAL27612","plotmap_id":"SECTOR-20_697_K_RESI","plotidentificationnumber":"697","plotno":"697","industrysector":"SECTOR-20","block":"K","plotsize":"300 SQMT","plotsize_at_the_time_of_allotme":"300 SQMT","landuse_type":"RESIDENTIAL","landuse_subcategory":"RESIDENTIAL","scheme_cod":"RES01","investment":0,"employment":0,"plotstatus":"Allotted","landallotementstatus":"SOLD","landallotementtype":"ALLOTTED","allotmentid":"YEA019936","village_name":"Mirzapur","khasra_no":"557,558","longitude":77.59206031,"latitude":28.29791762,"authority":"YEIDA","category":"residential","execution_stage":"allotted"}},{"type":"Feature","geometry":{"type":"Polygon","coordinates":[[[77.592036,28.298042],[77.591917,28.298072],[77.591848,28.297853],[77.591966,28.297823],[77.592036,28.298042]]]},"properties":{"objectid":27613,"uniqueplotid":"PLNGRESIDENTIAL27613","plotmap_id":"SECTOR-20_698_K_RESI","plotidentificationnumber":"698","plotno":"698","industrysector":"SECTOR-20","block":"K","plotsize":"300 SQMT","plotsize_at_the_time_of_allotme":"300 SQMT","landuse_type":"RESIDENTIAL","landuse_subcategory":"RESIDENTIAL","scheme_cod":"RES01","investment":0,"employment":0,"plotstatus":"Allotted","landallotementstatus":"SOLD","landallotementtype":"ALLOTTED","allotmentid":"YEA014203","village_name":"Mirzapur","khasra_no":"557,558","longitude":77.59194185,"latitude":28.29794745,"authority":"YEIDA","category":"residential","execution_stage":"allotted"}},{"type":"Feature","geometry":{"type":"Polygon","coordinates":[[[77.589247,28.297919],[77.58902,28.298023],[77.588964,28.297926],[77.589191,28.297823],[77.589247,28.297919]]]},"properties":{"objectid":27652,"uniqueplotid":"PLNGRESIDENTIAL27652","plotmap_id":"SECTOR-20_490_F_RESI","plotidentificationnumber":"490","plotno":"490","industrysector":"SECTOR-20","block":"F","plotsize":"300 SQMT","plotsize_at_the_time_of_allotme":"300 SQMT","landuse_type":"RESIDENTIAL","landuse_subcategory":"RESIDENTIAL","scheme_cod":"RES01","investment":0,"employment":0,"plotstatus":"Allotted","landallotementstatus":"SOLD","landallotementtype":"ALLOTTED","allotmentid":"YEA010462","village_name":"Mirzapur","khasra_no":"679,678","longitude":77.5891055,"latitude":28.297922909999997,"authority":"YEIDA","category":"residential","execution_stage":"allotted"}},{"type":"Feature","geometry":{"type":"Polygon","coordinates":[[[77.589509,28.298174],[77.5894,28.298224],[77.589284,28.298024],[77.589393,28.297974],[77.589509,28.298174]]]},"properties":{"objectid":27659,"uniqueplotid":"PLNGRESIDENTIAL27659","plotmap_id":"SECTOR-20_478_F_RESI","plotidentificationnumber":"478","plotno":"478","industrysector":"SECTOR-20","block":"F","plotsize":"300 SQMT","plotsize_at_the_time_of_allotme":"300 SQMT","landuse_type":"RESIDENTIAL","landuse_subcategory":"RESIDENTIAL","scheme_cod":"RES01","investment":0,"employment":0,"plotstatus":"Allotted","landallotementstatus":"SOLD","landallotementtype":"ALLOTTED","allotmentid":"YEA016386","village_name":"Mirzapur","khasra_no":"679,678","longitude":77.58939631999999,"latitude":28.29809912,"authority":"YEIDA","category":"residential","execution_stage":"allotted"}},{"type":"Feature","geometry":{"type":"Polygon","coordinates":[[[77.589624,28.298375],[77.589516,28.298424],[77.5894,28.298224],[77.589509,28.298174],[77.589624,28.298375]]]},"properties":{"objectid":27660,"uniqueplotid":"PLNGRESIDENTIAL27660","plotmap_id":"SECTOR-20_477_F_RESI","plotidentificationnumber":"477","plotno":"477","industrysector":"SECTOR-20","block":"F","plotsize":"300 SQMT","plotsize_at_the_time_of_allotme":"300 SQMT","landuse_type":"RESIDENTIAL","landuse_subcategory":"RESIDENTIAL","scheme_cod":"RES01","investment":0,"employment":0,"plotstatus":"Allotted","landallotementstatus":"SOLD","landallotementtype":"ALLOTTED","allotmentid":"YEA018850","village_name":"Mirzapur","khasra_no":"679,678","longitude":77.58951212,"latitude":28.29829936,"authority":"YEIDA","category":"residential","execution_stage":"allotted"}},{"type":"Feature","geometry":{"type":"Polygon","coordinates":[[[77.591729,28.297883],[77.591611,28.297913],[77.591541,28.297695],[77.59166,28.297665],[77.591729,28.297883]]]},"properties":{"objectid":28142,"uniqueplotid":"PLNGRESIDENTIAL28142","plotmap_id":"SECTOR-20_671_K_RESI","plotidentificationnumber":"671","plotno":"671","industrysector":"SECTOR-20","block":"K","plotsize":"300 SQMT","plotsize_at_the_time_of_allotme":"300 SQMT","landuse_type":"RESIDENTIAL","landuse_subcategory":"RESIDENTIAL","scheme_cod":"RES01","investment":0,"employment":0,"plotstatus":"Allotted","landallotementstatus":"SOLD","landallotementtype":"ALLOTTED","allotmentid":"YEA010966","village_name":"Mirzapur","khasra_no":"558","longitude":77.59163196,"latitude":28.29778549,"authority":"YEIDA","category":"residential","execution_stage":"allotted"}},{"type":"Feature","geometry":{"type":"Polygon","coordinates":[[[77.591799,28.298101],[77.59168,28.298131],[77.591611,28.297913],[77.591729,28.297883],[77.591799,28.298101]]]},"properties":{"objectid":28143,"uniqueplotid":"PLNGRESIDENTIAL28143","plotmap_id":"SECTOR-20_700_K_RESI","plotidentificationnumber":"700","plotno":"700","industrysector":"SECTOR-20","block":"K","plotsize":"300 SQMT","plotsize_at_the_time_of_allotme":"300 SQMT","landuse_type":"RESIDENTIAL","landuse_subcategory":"RESIDENTIAL","scheme_cod":"RES01","investment":0,"employment":0,"plotstatus":"Allotted","landallotementstatus":"SOLD","landallotementtype":"ALLOTTED","allotmentid":"YEA015088","village_name":"Mirzapur","khasra_no":"558","longitude":77.59170524,"latitude":28.298007629999997,"authority":"YEIDA","category":"residential","execution_stage":"allotted"}},{"type":"Feature","geometry":{"type":"Polygon","coordinates":[[[77.591137,28.297665],[77.590891,28.297727],[77.590857,28.297622],[77.591104,28.29756],[77.591137,28.297665]]]},"properties":{"objectid":28172,"uniqueplotid":"PLNGRESIDENTIAL28172","plotmap_id":"SECTOR-20_641_K_RESI","plotidentificationnumber":"641","plotno":"641","industrysector":"SECTOR-20","block":"K","plotsize":"300 SQMT","plotsize_at_the_time_of_allotme":"300 SQMT","landuse_type":"RESIDENTIAL","landuse_subcategory":"RESIDENTIAL","scheme_cod":"RES01","investment":0,"employment":0,"plotstatus":"Allotted","landallotementstatus":"SOLD","landallotementtype":"ALLOTTED","allotmentid":"YEA019954","village_name":"Mirzapur","khasra_no":"565","longitude":77.59097384,"latitude":28.29763958,"authority":"YEIDA","category":"residential","execution_stage":"allotted"}},{"type":"Feature","geometry":{"type":"Polygon","coordinates":[[[77.591384,28.297603],[77.591137,28.297665],[77.591104,28.29756],[77.59135,28.297497],[77.591384,28.297603]]]},"properties":{"objectid":28173,"uniqueplotid":"PLNGRESIDENTIAL28173","plotmap_id":"SECTOR-20_670_K_RESI","plotidentificationnumber":"670","plotno":"670","industrysector":"SECTOR-20","block":"K","plotsize":"300 SQMT","plotsize_at_the_time_of_allotme":"300 SQMT","landuse_type":"RESIDENTIAL","landuse_subcategory":"RESIDENTIAL","scheme_cod":"RES01","investment":0,"employment":0,"plotstatus":"Allotted","landallotementstatus":"SOLD","landallotementtype":"ALLOTTED","allotmentid":"YEA012403","village_name":"Mirzapur","khasra_no":"565","longitude":77.59125308,"latitude":28.29758247,"authority":"YEIDA","category":"residential","execution_stage":"allotted"}},{"type":"Feature","geometry":{"type":"Polygon","coordinates":[[[77.591848,28.297853],[77.591729,28.297883],[77.59166,28.297665],[77.591778,28.297635],[77.591848,28.297853]]]},"properties":{"objectid":28545,"uniqueplotid":"PLNGRESIDENTIAL28545","plotmap_id":"SECTOR-20_672_K_RESI","plotidentificationnumber":"672","plotno":"672","industrysector":"SECTOR-20","block":"K","plotsize":"300 SQMT","plotsize_at_the_time_of_allotme":"300 SQMT","landuse_type":"RESIDENTIAL","landuse_subcategory":"RESIDENTIAL","scheme_cod":"RRPS01","investment":0,"employment":0,"plotstatus":"Allotted","landallotementstatus":"SOLD","landallotementtype":"ALLOTTED","allotmentid":"RRPS012882","village_name":"Mirzapur","khasra_no":"558","longitude":77.59175396,"latitude":28.29775897,"authority":"YEIDA","category":"residential","execution_stage":"allotted"}},{"type":"Feature","geometry":{"type":"Polygon","coordinates":[[[77.592203,28.297764],[77.592085,28.297794],[77.592015,28.297575],[77.592134,28.297545],[77.592203,28.297764]]]},"properties":{"objectid":28546,"uniqueplotid":"PLNGRESIDENTIAL28546","plotmap_id":"SECTOR-20_675_K_RESI","plotidentificationnumber":"675","plotno":"675","industrysector":"SECTOR-20","block":"K","plotsize":"300 SQMT","plotsize_at_the_time_of_allotme":"300 SQMT","landuse_type":"RESIDENTIAL","landuse_subcategory":"RESIDENTIAL","scheme_cod":"RES01","investment":0,"employment":0,"plotstatus":"Allotted","landallotementstatus":"SOLD","landallotementtype":"ALLOTTED","allotmentid":"YEA006894","village_name":"Mirzapur","khasra_no":"558","longitude":77.59210932,"latitude":28.297669499999998,"authority":"YEIDA","category":"residential","execution_stage":"allotted"}},{"type":"Feature","geometry":{"type":"Polygon","coordinates":[[[77.592322,28.297734],[77.592203,28.297764],[77.592134,28.297545],[77.592252,28.297516],[77.592322,28.297734]]]},"properties":{"objectid":28547,"uniqueplotid":"PLNGRESIDENTIAL28547","plotmap_id":"SECTOR-20_676_K_RESI","plotidentificationnumber":"676","plotno":"676","industrysector":"SECTOR-20","block":"K","plotsize":"300 SQMT","plotsize_at_the_time_of_allotme":"300 SQMT","landuse_type":"RESIDENTIAL","landuse_subcategory":"RESIDENTIAL","scheme_cod":"RES01","investment":0,"employment":0,"plotstatus":"Allotted","landallotementstatus":"SOLD","landallotementtype":"ALLOTTED","allotmentid":"YEA013937","village_name":"Mirzapur","khasra_no":"558","longitude":77.59222777000001,"latitude":28.29763967,"authority":"YEIDA","category":"residential","execution_stage":"allotted"}},{"type":"Feature","geometry":{"type":"Polygon","coordinates":[[[77.59244,28.297704],[77.592322,28.297734],[77.592252,28.297516],[77.592371,28.297486],[77.59244,28.297704]]]},"properties":{"objectid":28548,"uniqueplotid":"PLNGRESIDENTIAL28548","plotmap_id":"SECTOR-20_677_K_RESI","plotidentificationnumber":"677","plotno":"677","industrysector":"SECTOR-20","block":"K","plotsize":"300 SQMT","plotsize_at_the_time_of_allotme":"300 SQMT","landuse_type":"RESIDENTIAL","landuse_subcategory":"RESIDENTIAL","scheme_cod":"RES01","investment":0,"employment":0,"plotstatus":"Allotted","landallotementstatus":"SOLD","landallotementtype":"ALLOTTED","allotmentid":"YEA006062","village_name":"Mirzapur","khasra_no":"558","longitude":77.59234622,"latitude":28.29760985,"authority":"YEIDA","category":"residential","execution_stage":"allotted"}},{"type":"Feature","geometry":{"type":"Polygon","coordinates":[[[77.59251,28.297922],[77.592391,28.297952],[77.592322,28.297734],[77.59244,28.297704],[77.59251,28.297922]]]},"properties":{"objectid":28560,"uniqueplotid":"PLNGRESIDENTIAL28560","plotmap_id":"SECTOR-20_694_K_RESI","plotidentificationnumber":"694","plotno":"694","industrysector":"SECTOR-20","block":"K","plotsize":"300 SQMT","plotsize_at_the_time_of_allotme":"300 SQMT","landuse_type":"RESIDENTIAL","landuse_subcategory":"RESIDENTIAL","scheme_cod":"RES01","investment":0,"employment":0,"plotstatus":"Allotted","landallotementstatus":"SOLD","landallotementtype":"ALLOTTED","allotmentid":"YEA018431","village_name":"Mirzapur","khasra_no":"557,558","longitude":77.59241566,"latitude":28.297828149999997,"authority":"YEIDA","category":"residential","execution_stage":"allotted"}},{"type":"Feature","geometry":{"type":"Polygon","coordinates":[[[77.591917,28.298072],[77.591799,28.298101],[77.591729,28.297883],[77.591848,28.297853],[77.591917,28.298072]]]},"properties":{"objectid":28561,"uniqueplotid":"PLNGRESIDENTIAL28561","plotmap_id":"SECTOR-20_699_K_RESI","plotidentificationnumber":"699","plotno":"699","industrysector":"SECTOR-20","block":"K","plotsize":"300 SQMT","plotsize_at_the_time_of_allotme":"300 SQMT","landuse_type":"RESIDENTIAL","landuse_subcategory":"RESIDENTIAL","scheme_cod":"RES01","investment":0,"employment":0,"plotstatus":"Allotted","landallotementstatus":"SOLD","landallotementtype":"ALLOTTED","allotmentid":"YEA011217","village_name":"Mirzapur","khasra_no":"557,558","longitude":77.59182340000001,"latitude":28.297977269999997,"authority":"YEIDA","category":"residential","execution_stage":"allotted"}},{"type":"Feature","geometry":{"type":"Polygon","coordinates":[[[77.591171,28.297769],[77.590924,28.297832],[77.590891,28.297727],[77.591137,28.297665],[77.591171,28.297769]]]},"properties":{"objectid":28562,"uniqueplotid":"PLNGRESIDENTIAL28562","plotmap_id":"SECTOR-20_642_K_RESI","plotidentificationnumber":"642","plotno":"642","industrysector":"SECTOR-20","block":"K","plotsize":"300 SQMT","plotsize_at_the_time_of_allotme":"300 SQMT","landuse_type":"RESIDENTIAL","landuse_subcategory":"RESIDENTIAL","scheme_cod":"RES01","investment":0,"employment":0,"plotstatus":"Allotted","landallotementstatus":"SOLD","landallotementtype":"ALLOTTED","allotmentid":"YEA005954","village_name":"Mirzapur","khasra_no":"565","longitude":77.59103055,"latitude":28.29774809,"authority":"YEIDA","category":"residential","execution_stage":"allotted"}},{"type":"Feature","geometry":{"type":"Polygon","coordinates":[[[77.591204,28.297874],[77.590957,28.297936],[77.590924,28.297832],[77.591171,28.297769],[77.591204,28.297874]]]},"properties":{"objectid":28563,"uniqueplotid":"PLNGRESIDENTIAL28563","plotmap_id":"SECTOR-20_643_K_RESI","plotidentificationnumber":"643","plotno":"643","industrysector":"SECTOR-20","block":"K","plotsize":"300 SQMT","plotsize_at_the_time_of_allotme":"300 SQMT","landuse_type":"RESIDENTIAL","landuse_subcategory":"RESIDENTIAL","scheme_cod":"RES01","investment":0,"employment":0,"plotstatus":"Allotted","landallotementstatus":"SOLD","landallotementtype":"ALLOTTED","allotmentid":"YEA013406","village_name":"Mirzapur","khasra_no":"565","longitude":77.59106387,"latitude":28.29785286,"authority":"YEIDA","category":"residential","execution_stage":"allotted"}},{"type":"Feature","geometry":{"type":"Polygon","coordinates":[[[77.591237,28.297979],[77.590991,28.298041],[77.590957,28.297936],[77.591204,28.297874],[77.591237,28.297979]]]},"properties":{"objectid":28564,"uniqueplotid":"PLNGRESIDENTIAL28564","plotmap_id":"SECTOR-20_644_K_RESI","plotidentificationnumber":"644","plotno":"644","industrysector":"SECTOR-20","block":"K","plotsize":"300 SQMT","plotsize_at_the_time_of_allotme":"300 SQMT","landuse_type":"RESIDENTIAL","landuse_subcategory":"RESIDENTIAL","scheme_cod":"RES01","investment":0,"employment":0,"plotstatus":"Allotted","landallotementstatus":"SOLD","landallotementtype":"ALLOTTED","allotmentid":"YEA014834","village_name":"Mirzapur","khasra_no":"565","longitude":77.59109719,"latitude":28.29795762,"authority":"YEIDA","category":"residential","execution_stage":"allotted"}},{"type":"Feature","geometry":{"type":"Polygon","coordinates":[[[77.59127,28.298084],[77.591024,28.298146],[77.590991,28.298041],[77.591237,28.297979],[77.59127,28.298084]]]},"properties":{"objectid":28565,"uniqueplotid":"PLNGRESIDENTIAL28565","plotmap_id":"SECTOR-20_645_K_RESI","plotidentificationnumber":"645","plotno":"645","industrysector":"SECTOR-20","block":"K","plotsize":"300 SQMT","plotsize_at_the_time_of_allotme":"300 SQMT","landuse_type":"RESIDENTIAL","landuse_subcategory":"RESIDENTIAL","scheme_cod":"RES01","investment":0,"employment":0,"plotstatus":"Allotted","landallotementstatus":"SOLD","landallotementtype":"ALLOTTED","allotmentid":"YEA015160","village_name":"Mirzapur","khasra_no":"565","longitude":77.59113051,"latitude":28.298062379999998,"authority":"YEIDA","category":"residential","execution_stage":"allotted"}},{"type":"Feature","geometry":{"type":"Polygon","coordinates":[[[77.591304,28.298188],[77.591057,28.298251],[77.591024,28.298146],[77.59127,28.298084],[77.591304,28.298188]]]},"properties":{"objectid":28566,"uniqueplotid":"PLNGRESIDENTIAL28566","plotmap_id":"SECTOR-20_646_K_RESI","plotidentificationnumber":"646","plotno":"646","industrysector":"SECTOR-20","block":"K","plotsize":"300 SQMT","plotsize_at_the_time_of_allotme":"300 SQMT","landuse_type":"RESIDENTIAL","landuse_subcategory":"RESIDENTIAL","scheme_cod":"RES01","investment":0,"employment":0,"plotstatus":"Allotted","landallotementstatus":"SOLD","landallotementtype":"ALLOTTED","allotmentid":"YEA004754","village_name":"Mirzapur","khasra_no":"565","longitude":77.59116383,"latitude":28.29816714,"authority":"YEIDA","category":"residential","execution_stage":"allotted"}},{"type":"Feature","geometry":{"type":"Polygon","coordinates":[[[77.591337,28.298293],[77.591091,28.298355],[77.591057,28.298251],[77.591304,28.298188],[77.591337,28.298293]]]},"properties":{"objectid":28567,"uniqueplotid":"PLNGRESIDENTIAL28567","plotmap_id":"SECTOR-20_647_K_RESI","plotidentificationnumber":"647","plotno":"647","industrysector":"SECTOR-20","block":"K","plotsize":"300 SQMT","plotsize_at_the_time_of_allotme":"300 SQMT","landuse_type":"RESIDENTIAL","landuse_subcategory":"RESIDENTIAL","scheme_cod":"RES01","investment":0,"employment":0,"plotstatus":"Allotted","landallotementstatus":"SOLD","landallotementtype":"ALLOTTED","allotmentid":"YEA014674","village_name":"Mirzapur","khasra_no":"565","longitude":77.59119715,"latitude":28.2982719,"authority":"YEIDA","category":"residential","execution_stage":"allotted"}},{"type":"Feature","geometry":{"type":"Polygon","coordinates":[[[77.591617,28.298336],[77.59137,28.298398],[77.591337,28.298293],[77.591584,28.298231],[77.591617,28.298336]]]},"properties":{"objectid":28576,"uniqueplotid":"PLNGRESIDENTIAL28576","plotmap_id":"SECTOR-20_663_K_RESI","plotidentificationnumber":"663","plotno":"663","industrysector":"SECTOR-20","block":"K","plotsize":"300 SQMT","plotsize_at_the_time_of_allotme":"300 SQMT","landuse_type":"RESIDENTIAL","landuse_subcategory":"RESIDENTIAL","scheme_cod":"RES01","investment":0,"employment":0,"plotstatus":"Allotted","landallotementstatus":"SOLD","landallotementtype":"ALLOTTED","allotmentid":"YEA013290","village_name":"Mirzapur","khasra_no":"557,558,565,556","longitude":77.59147714999999,"latitude":28.29831456,"authority":"YEIDA","category":"residential","execution_stage":"allotted"}},{"type":"Feature","geometry":{"type":"Polygon","coordinates":[[[77.591584,28.298231],[77.591337,28.298293],[77.591304,28.298188],[77.591551,28.298126],[77.591584,28.298231]]]},"properties":{"objectid":28577,"uniqueplotid":"PLNGRESIDENTIAL28577","plotmap_id":"SECTOR-20_664_K_RESI","plotidentificationnumber":"664","plotno":"664","industrysector":"SECTOR-20","block":"K","plotsize":"300 SQMT","plotsize_at_the_time_of_allotme":"300 SQMT","landuse_type":"RESIDENTIAL","landuse_subcategory":"RESIDENTIAL","scheme_cod":"RES01","investment":0,"employment":0,"plotstatus":"Allotted","landallotementstatus":"SOLD","landallotementtype":"ALLOTTED","allotmentid":"YEA008702","village_name":"Mirzapur","khasra_no":"558,565","longitude":77.59144382999999,"latitude":28.298209800000002,"authority":"YEIDA","category":"residential","execution_stage":"allotted"}},{"type":"Feature","geometry":{"type":"Polygon","coordinates":[[[77.591551,28.298126],[77.591304,28.298188],[77.59127,28.298084],[77.591517,28.298022],[77.591551,28.298126]]]},"properties":{"objectid":28578,"uniqueplotid":"PLNGRESIDENTIAL28578","plotmap_id":"SECTOR-20_665_K_RESI","plotidentificationnumber":"665","plotno":"665","industrysector":"SECTOR-20","block":"K","plotsize":"300 SQMT","plotsize_at_the_time_of_allotme":"300 SQMT","landuse_type":"RESIDENTIAL","landuse_subcategory":"RESIDENTIAL","scheme_cod":"RES01","investment":0,"employment":0,"plotstatus":"Allotted","landallotementstatus":"SOLD","landallotementtype":"ALLOTTED","allotmentid":"YEA011746","village_name":"Mirzapur","khasra_no":"558,565","longitude":77.59141050999999,"latitude":28.298105030000002,"authority":"YEIDA","category":"residential","execution_stage":"allotted"}},{"type":"Feature","geometry":{"type":"Polygon","coordinates":[[[77.591517,28.298022],[77.59127,28.298084],[77.591237,28.297979],[77.591484,28.297917],[77.591517,28.298022]]]},"properties":{"objectid":28579,"uniqueplotid":"PLNGRESIDENTIAL28579","plotmap_id":"SECTOR-20_666_K_RESI","plotidentificationnumber":"666","plotno":"666","industrysector":"SECTOR-20","block":"K","plotsize":"300 SQMT","plotsize_at_the_time_of_allotme":"300 SQMT","landuse_type":"RESIDENTIAL","landuse_subcategory":"RESIDENTIAL","scheme_cod":"RES01","investment":0,"employment":0,"plotstatus":"Allotted","landallotementstatus":"SOLD","landallotementtype":"ALLOTTED","allotmentid":"YEA017086","village_name":"Mirzapur","khasra_no":"558,565","longitude":77.59137719,"latitude":28.29800027,"authority":"YEIDA","category":"residential","execution_stage":"allotted"}},{"type":"Feature","geometry":{"type":"Polygon","coordinates":[[[77.591484,28.297917],[77.591237,28.297979],[77.591204,28.297874],[77.591451,28.297812],[77.591484,28.297917]]]},"properties":{"objectid":28580,"uniqueplotid":"PLNGRESIDENTIAL28580","plotmap_id":"SECTOR-20_667_K_RESI","plotidentificationnumber":"667","plotno":"667","industrysector":"SECTOR-20","block":"K","plotsize":"300 SQMT","plotsize_at_the_time_of_allotme":"300 SQMT","landuse_type":"RESIDENTIAL","landuse_subcategory":"RESIDENTIAL","scheme_cod":"RES01","investment":0,"employment":0,"plotstatus":"Allotted","landallotementstatus":"SOLD","landallotementtype":"ALLOTTED","allotmentid":"YEA015094","village_name":"Mirzapur","khasra_no":"558,565","longitude":77.59134387,"latitude":28.29789551,"authority":"YEIDA","category":"residential","execution_stage":"allotted"}},{"type":"Feature","geometry":{"type":"Polygon","coordinates":[[[77.591451,28.297812],[77.591204,28.297874],[77.591171,28.297769],[77.591417,28.297707],[77.591451,28.297812]]]},"properties":{"objectid":28581,"uniqueplotid":"PLNGRESIDENTIAL28581","plotmap_id":"SECTOR-20_668_K_RESI","plotidentificationnumber":"668","plotno":"668","industrysector":"SECTOR-20","block":"K","plotsize":"300 SQMT","plotsize_at_the_time_of_allotme":"300 SQMT","landuse_type":"RESIDENTIAL","landuse_subcategory":"RESIDENTIAL","scheme_cod":"RES01","investment":0,"employment":0,"plotstatus":"Allotted","landallotementstatus":"SOLD","landallotementtype":"ALLOTTED","allotmentid":"YEA008880","village_name":"Mirzapur","khasra_no":"558,565","longitude":77.59131055,"latitude":28.297790749999997,"authority":"YEIDA","category":"residential","execution_stage":"allotted"}},{"type":"Feature","geometry":{"type":"Polygon","coordinates":[[[77.591417,28.297707],[77.591171,28.297769],[77.591137,28.297665],[77.591384,28.297603],[77.591417,28.297707]]]},"properties":{"objectid":28582,"uniqueplotid":"PLNGRESIDENTIAL28582","plotmap_id":"SECTOR-20_669_K_RESI","plotidentificationnumber":"669","plotno":"669","industrysector":"SECTOR-20","block":"K","plotsize":"300 SQMT","plotsize_at_the_time_of_allotme":"300 SQMT","landuse_type":"RESIDENTIAL","landuse_subcategory":"RESIDENTIAL","scheme_cod":"RES01","investment":0,"employment":0,"plotstatus":"Allotted","landallotementstatus":"SOLD","landallotementtype":"ALLOTTED","allotmentid":"YEA019836","village_name":"Mirzapur","khasra_no":"558,565","longitude":77.59127723,"latitude":28.297685989999998,"authority":"YEIDA","category":"residential","execution_stage":"allotted"}},{"type":"Feature","geometry":{"type":"Polygon","coordinates":[[[77.589295,28.29727],[77.589338,28.297352],[77.589114,28.297453],[77.589068,28.297373],[77.589295,28.29727]]]},"properties":{"objectid":29531,"uniqueplotid":"PLNGRESIDENTIAL29531","plotmap_id":"SECTOR-20_393_F_RESI","plotidentificationnumber":"393","plotno":"393","industrysector":"SECTOR-20","block":"F","plotsize":"300 SQMT","plotsize_at_the_time_of_allotme":"300 SQMT","landuse_type":"RESIDENTIAL","landuse_subcategory":"RESIDENTIAL","scheme_cod":"RES01","investment":0,"employment":0,"plotstatus":"Allotted","landallotementstatus":"SOLD","landallotementtype":"ALLOTTED","allotmentid":"YEA007201","village_name":"Mirzapur","khasra_no":"678","longitude":77.58920525,"latitude":28.29736121,"authority":"YEIDA","category":"residential","execution_stage":"allotted"}},{"type":"Feature","geometry":{"type":"Polygon","coordinates":[[[77.589248,28.29719],[77.589022,28.297293],[77.588975,28.297213],[77.589202,28.29711],[77.589248,28.29719]]]},"properties":{"objectid":29590,"uniqueplotid":"PLNGRESIDENTIAL29590","plotmap_id":"SECTOR-20_391_F_RESI","plotidentificationnumber":"391","plotno":"391","industrysector":"SECTOR-20","block":"F","plotsize":"300 SQMT","plotsize_at_the_time_of_allotme":"300 SQMT","landuse_type":"RESIDENTIAL","landuse_subcategory":"RESIDENTIAL","scheme_cod":"RES01","investment":0,"employment":0,"plotstatus":"Allotted","landallotementstatus":"SOLD","landallotementtype":"ALLOTTED","allotmentid":"YEA013467","village_name":"Mirzapur","khasra_no":"678","longitude":77.58911194,"latitude":28.29720167,"authority":"YEIDA","category":"residential","execution_stage":"allotted"}},{"type":"Feature","geometry":{"type":"Polygon","coordinates":[[[77.589295,28.29727],[77.589068,28.297373],[77.589022,28.297293],[77.589248,28.29719],[77.589295,28.29727]]]},"properties":{"objectid":29591,"uniqueplotid":"PLNGRESIDENTIAL29591","plotmap_id":"SECTOR-20_392_F_RESI","plotidentificationnumber":"392","plotno":"392","industrysector":"SECTOR-20","block":"F","plotsize":"300 SQMT","landuse_type":"RESIDENTIAL","landuse_subcategory":"RESIDENTIAL","investment":0,"employment":0,"landallotementstatus":"VACANT","landallotementtype":"VACANT","village_name":"Mirzapur","khasra_no":"678","longitude":77.58915827,"latitude":28.29728176,"authority":"YEIDA","category":"residential","execution_stage":"vacant"}},{"type":"Feature","geometry":{"type":"Polygon","coordinates":[[[77.591029,28.297324],[77.591275,28.297262],[77.591317,28.297393],[77.591073,28.297454],[77.591029,28.297324]]]},"properties":{"objectid":30029,"uniqueplotid":"PLNGRESIDENTIAL30029","plotmap_id":"SECTOR-20_613_K_RESI","plotidentificationnumber":"613","plotno":"613","industrysector":"SECTOR-20","block":"K","plotsize":"300 SQMT","plotsize_at_the_time_of_allotme":"300 SQMT","landuse_type":"RESIDENTIAL","landuse_subcategory":"RESIDENTIAL","scheme_cod":"RES01","investment":0,"employment":0,"plotstatus":"Allotted","landallotementstatus":"SOLD","landallotementtype":"ALLOTTED","allotmentid":"YEA011281","village_name":"Mirzapur","khasra_no":"565","longitude":77.59117338,"latitude":28.29735793,"authority":"YEIDA","category":"residential","execution_stage":"allotted"}},{"type":"Feature","geometry":{"type":"Polygon","coordinates":[[[77.591713,28.297397],[77.59196,28.297335],[77.592002,28.297466],[77.591757,28.297527],[77.591713,28.297397]]]},"properties":{"objectid":30030,"uniqueplotid":"PLNGRESIDENTIAL30030","plotmap_id":"SECTOR-20_601_K_RESI","plotidentificationnumber":"601","plotno":"601","industrysector":"SECTOR-20","block":"K","plotsize":"300 SQMT","plotsize_at_the_time_of_allotme":"300 SQMT","landuse_type":"RESIDENTIAL","landuse_subcategory":"RESIDENTIAL","scheme_cod":"RES01","investment":0,"employment":0,"plotstatus":"Allotted","landallotementstatus":"SOLD","landallotementtype":"ALLOTTED","allotmentid":"YEA015145","village_name":"Mirzapur","khasra_no":"558,559","longitude":77.59188164000001,"latitude":28.29743664,"authority":"YEIDA","category":"residential","execution_stage":"allotted"}},{"type":"Feature","geometry":{"type":"Polygon","coordinates":[[[77.591693,28.296497],[77.591446,28.296559],[77.591413,28.296454],[77.59166,28.296392],[77.591693,28.296497]]]},"properties":{"objectid":30356,"uniqueplotid":"PLNGRESIDENTIAL30356","plotmap_id":"SECTOR-20_592_K_RESI","plotidentificationnumber":"592","plotno":"592","industrysector":"SECTOR-20","block":"K","plotsize":"300 SQMT","plotsize_at_the_time_of_allotme":"300 SQMT","landuse_type":"RESIDENTIAL","landuse_subcategory":"RESIDENTIAL","scheme_cod":"RES01","investment":0,"employment":0,"plotstatus":"Allotted","landallotementstatus":"SOLD","landallotementtype":"ALLOTTED","allotmentid":"YEA012752","village_name":"Mirzapur","khasra_no":"564","longitude":77.59155324,"latitude":28.296475169999997,"authority":"YEIDA","category":"residential","execution_stage":"allotted"}},{"type":"Feature","geometry":{"type":"Polygon","coordinates":[[[77.591727,28.296601],[77.59148,28.296663],[77.591446,28.296559],[77.591693,28.296497],[77.591727,28.296601]]]},"properties":{"objectid":30357,"uniqueplotid":"PLNGRESIDENTIAL30357","plotmap_id":"SECTOR-20_593_K_RESI","plotidentificationnumber":"593","plotno":"593","industrysector":"SECTOR-20","block":"K","plotsize":"300 SQMT","plotsize_at_the_time_of_allotme":"300 SQMT","landuse_type":"RESIDENTIAL","landuse_subcategory":"RESIDENTIAL","scheme_cod":"RES01","investment":0,"employment":0,"plotstatus":"Allotted","landallotementstatus":"SOLD","landallotementtype":"ALLOTTED","allotmentid":"YEA016626","village_name":"Mirzapur","khasra_no":"564","longitude":77.59158656999999,"latitude":28.29657993,"authority":"YEIDA","category":"residential","execution_stage":"allotted"}},{"type":"Feature","geometry":{"type":"Polygon","coordinates":[[[77.59176,28.296706],[77.591513,28.296768],[77.59148,28.296663],[77.591727,28.296601],[77.59176,28.296706]]]},"properties":{"objectid":30358,"uniqueplotid":"PLNGRESIDENTIAL30358","plotmap_id":"SECTOR-20_594_K_RESI","plotidentificationnumber":"594","plotno":"594","industrysector":"SECTOR-20","block":"K","plotsize":"300 SQMT","plotsize_at_the_time_of_allotme":"300 SQMT","landuse_type":"RESIDENTIAL","landuse_subcategory":"RESIDENTIAL","scheme_cod":"RES01","investment":0,"employment":0,"plotstatus":"Allotted","landallotementstatus":"SOLD","landallotementtype":"ALLOTTED","allotmentid":"YEA006142","village_name":"Mirzapur","khasra_no":"564","longitude":77.59161989,"latitude":28.2966847,"authority":"YEIDA","category":"residential","execution_stage":"allotted"}},{"type":"Feature","geometry":{"type":"Polygon","coordinates":[[[77.591793,28.296811],[77.591546,28.296873],[77.591513,28.296768],[77.59176,28.296706],[77.591793,28.296811]]]},"properties":{"objectid":30359,"uniqueplotid":"PLNGRESIDENTIAL30359","plotmap_id":"SECTOR-20_595_K_RESI","plotidentificationnumber":"595","plotno":"595","industrysector":"SECTOR-20","block":"K","plotsize":"300 SQMT","plotsize_at_the_time_of_allotme":"300 SQMT","landuse_type":"RESIDENTIAL","landuse_subcategory":"RESIDENTIAL","scheme_cod":"RES01","investment":0,"employment":0,"plotstatus":"Allotted","landallotementstatus":"SOLD","landallotementtype":"ALLOTTED","allotmentid":"YEA009501","village_name":"Mirzapur","khasra_no":"564","longitude":77.59165321,"latitude":28.29678944,"authority":"YEIDA","category":"residential","execution_stage":"allotted"}},{"type":"Feature","geometry":{"type":"Polygon","coordinates":[[[77.591827,28.296916],[77.59158,28.296978],[77.591546,28.296873],[77.591793,28.296811],[77.591827,28.296916]]]},"properties":{"objectid":30360,"uniqueplotid":"PLNGRESIDENTIAL30360","plotmap_id":"SECTOR-20_596_K_RESI","plotidentificationnumber":"596","plotno":"596","industrysector":"SECTOR-20","block":"K","plotsize":"300 SQMT","plotsize_at_the_time_of_allotme":"300 SQMT","landuse_type":"RESIDENTIAL","landuse_subcategory":"RESIDENTIAL","scheme_cod":"RES01","investment":0,"employment":0,"plotstatus":"Allotted","landallotementstatus":"SOLD","landallotementtype":"ALLOTTED","allotmentid":"YEA009703","village_name":"Mirzapur","khasra_no":"559,564","longitude":77.59168654,"latitude":28.29689421,"authority":"YEIDA","category":"residential","execution_stage":"allotted"}},{"type":"Feature","geometry":{"type":"Polygon","coordinates":[[[77.59186,28.297021],[77.591613,28.297082],[77.59158,28.296978],[77.591827,28.296916],[77.59186,28.297021]]]},"properties":{"objectid":30361,"uniqueplotid":"PLNGRESIDENTIAL30361","plotmap_id":"SECTOR-20_597_K_RESI","plotidentificationnumber":"597","plotno":"597","industrysector":"SECTOR-20","block":"K","plotsize":"300 SQMT","plotsize_at_the_time_of_allotme":"300 SQMT","landuse_type":"RESIDENTIAL","landuse_subcategory":"RESIDENTIAL","scheme_cod":"RES01","investment":0,"employment":0,"plotstatus":"Allotted","landallotementstatus":"SOLD","landallotementtype":"ALLOTTED","allotmentid":"YEA007717","village_name":"Mirzapur","khasra_no":"559","longitude":77.59171988,"latitude":28.29699897,"authority":"YEIDA","category":"residential","execution_stage":"allotted"}},{"type":"Feature","geometry":{"type":"Polygon","coordinates":[[[77.591893,28.297125],[77.591646,28.297187],[77.591613,28.297082],[77.59186,28.297021],[77.591893,28.297125]]]},"properties":{"objectid":30362,"uniqueplotid":"PLNGRESIDENTIAL30362","plotmap_id":"SECTOR-20_598_K_RESI","plotidentificationnumber":"598","plotno":"598","industrysector":"SECTOR-20","block":"K","plotsize":"300 SQMT","plotsize_at_the_time_of_allotme":"300 SQMT","landuse_type":"RESIDENTIAL","landuse_subcategory":"RESIDENTIAL","scheme_cod":"RES01","investment":0,"employment":0,"plotstatus":"Allotted","landallotementstatus":"SOLD","landallotementtype":"ALLOTTED","allotmentid":"YEA011475","village_name":"Mirzapur","khasra_no":"559","longitude":77.59175319,"latitude":28.29710378,"authority":"YEIDA","category":"residential","execution_stage":"allotted"}},{"type":"Feature","geometry":{"type":"Polygon","coordinates":[[[77.591927,28.29723],[77.59168,28.297292],[77.591646,28.297187],[77.591893,28.297125],[77.591927,28.29723]]]},"properties":{"objectid":30363,"uniqueplotid":"PLNGRESIDENTIAL30363","plotmap_id":"SECTOR-20_599_K_RESI","plotidentificationnumber":"599","plotno":"599","industrysector":"SECTOR-20","block":"K","plotsize":"300 SQMT","plotsize_at_the_time_of_allotme":"300 SQMT","landuse_type":"RESIDENTIAL","landuse_subcategory":"RESIDENTIAL","scheme_cod":"RES01","investment":0,"employment":0,"plotstatus":"Allotted","landallotementstatus":"SOLD","landallotementtype":"ALLOTTED","allotmentid":"YEA014492","village_name":"Mirzapur","khasra_no":"559","longitude":77.59178651,"latitude":28.2972085,"authority":"YEIDA","category":"residential","execution_stage":"allotted"}},{"type":"Feature","geometry":{"type":"Polygon","coordinates":[[[77.59196,28.297335],[77.591713,28.297397],[77.59168,28.297292],[77.591927,28.29723],[77.59196,28.297335]]]},"properties":{"objectid":30364,"uniqueplotid":"PLNGRESIDENTIAL30364","plotmap_id":"SECTOR-20_600_K_RESI","plotidentificationnumber":"600","plotno":"600","industrysector":"SECTOR-20","block":"K","plotsize":"300 SQMT","plotsize_at_the_time_of_allotme":"300 SQMT","landuse_type":"RESIDENTIAL","landuse_subcategory":"RESIDENTIAL","scheme_cod":"RES01","investment":0,"employment":0,"plotstatus":"Allotted","landallotementstatus":"SOLD","landallotementtype":"ALLOTTED","allotmentid":"YEA007667","village_name":"Mirzapur","khasra_no":"558,559","longitude":77.59181984,"latitude":28.29731326,"authority":"YEIDA","category":"residential","execution_stage":"allotted"}},{"type":"Feature","geometry":{"type":"Polygon","coordinates":[[[77.59063,28.296066],[77.590382,28.296129],[77.59034,28.295998],[77.590581,28.295937],[77.59063,28.296066]]]},"properties":{"objectid":30458,"uniqueplotid":"PLNGRESIDENTIAL30458","plotmap_id":"SECTOR-20_627_K_RESI","plotidentificationnumber":"627","plotno":"627","industrysector":"SECTOR-20","block":"K","plotsize":"300 SQMT","plotsize_at_the_time_of_allotme":"300 SQMT","landuse_type":"RESIDENTIAL","landuse_subcategory":"RESIDENTIAL","scheme_cod":"RES01","investment":0,"employment":0,"plotstatus":"Allotted","landallotementstatus":"SOLD","landallotementtype":"ALLOTTED","allotmentid":"YEA006242","village_name":"Mirzapur","khasra_no":"564","longitude":77.59050710000001,"latitude":28.29603292,"authority":"YEIDA","category":"residential","execution_stage":"allotted"}},{"type":"Feature","geometry":{"type":"Polygon","coordinates":[[[77.592133,28.295197],[77.592202,28.295415],[77.592084,28.295445],[77.592015,28.295227],[77.592133,28.295197]]]},"properties":{"objectid":30756,"uniqueplotid":"PLNGRESIDENTIAL30756","plotmap_id":"SECTOR-20_N.A_K_RESI","plotidentificationnumber":"N.A","plotno":"N.A","industrysector":"SECTOR-20","block":"K","plotsize":"300 SQMT","landuse_type":"RESIDENTIAL","landuse_subcategory":"RESIDENTIAL","investment":0,"employment":0,"landallotementstatus":"VACANT","landallotementtype":"VACANT","village_name":"Acchepur,Mirzapur","khasra_no":"560,9,10","longitude":77.59210859,"latitude":28.29532129,"authority":"YEIDA","category":"residential","execution_stage":"vacant"}}]}
