{"type":"FeatureCollection","features":[{"type":"Feature","geometry":{"type":"Polygon","coordinates":[[[77.610684,28.230637],[77.610681,28.229735],[77.611333,28.229733],[77.611336,28.230635],[77.610684,28.230637]]]},"properties":{"objectid":1252,"uniqueplotid":"PLNGINDUSTRIAL1252","plotmap_id":"SECTOR-33_106_GENERAL INDUSTRY_IND","plotidentificationnumber":"106","plotno":"106","industrysector":"SECTOR-33","block":"GENERAL INDUSTRY","plotsize":"APPROX 6400 SQMT","plotsize_at_the_time_of_allotme":"APPROX 6400 SQMT","landuse_type":"INDUSTRIAL","landuse_subcategory":"INDUSTRIAL","scheme_cod":"INDOPEN","investment":50,"employment":176,"plotstatus":"Allotted","landallotementstatus":"SOLD","landallotementtype":"ALLOTTED","nature_of_allottee":"PVT.LTD","allotmentid":"INDOPEN00040","allotment_date":1573065000000,"rate_of_allotment":6298.75,"lease_deed":"N","possession":"N","map_sanctioned_from_planning":"N","units_under_construction":"N","completion":"N","village_name":"Muradgarhi","khasra_no":"217,221,282,224,219,218,225,223","longitude":77.61100857000001,"latitude":28.23018528,"authority_recorded_allottee":"M/S K S ENTERPRISES","authority":"YEIDA","category":"industrial","execution_stage":"allotted"}},{"type":"Feature","geometry":{"type":"Polygon","coordinates":[[[77.611947,28.230634],[77.611336,28.230635],[77.611333,28.229733],[77.611944,28.229732],[77.611947,28.230634]]]},"properties":{"objectid":1253,"uniqueplotid":"PLNGINDUSTRIAL1253","plotmap_id":"SECTOR-33_107_GENERAL INDUSTRY_IND","plotidentificationnumber":"107","plotno":"107","industrysector":"SECTOR-33","block":"GENERAL INDUSTRY","plotsize":"APPROX 6000 SQMT","plotsize_at_the_time_of_allotme":"APPROX 6000 SQMT","landuse_type":"INDUSTRIAL","landuse_subcategory":"INDUSTRIAL","scheme_cod":"INDOPEN","investment":48,"employment":166,"plotstatus":"Allotted","landallotementstatus":"SOLD","landallotementtype":"ALLOTTED","nature_of_allottee":"LLP","allotmentid":"INDOPEN00045","allotment_date":1580322600000,"rate_of_allotment":6340,"lease_deed":"N","possession":"N","map_sanctioned_from_planning":"N","units_under_construction":"N","completion":"N","village_name":"Muradgarhi","khasra_no":"217,216,218,225,215,223,158,N/F","longitude":77.61163973,"latitude":28.23018359,"authority_recorded_allottee":"METALIC IMPRESSIONS INDIA PVT LTD","authority":"YEIDA","category":"industrial","execution_stage":"allotted"}},{"type":"Feature","geometry":{"type":"Polygon","coordinates":[[[77.612554,28.22973],[77.612558,28.230632],[77.611947,28.230634],[77.611944,28.229732],[77.612554,28.22973]]]},"properties":{"objectid":1254,"uniqueplotid":"PLNGINDUSTRIAL1254","plotmap_id":"SECTOR-33_108_GENERAL INDUSTRY_IND","plotidentificationnumber":"108","plotno":"108","industrysector":"SECTOR-33","block":"GENERAL INDUSTRY","plotsize":"APPROX 6000 SQMT","plotsize_at_the_time_of_allotme":"APPROX 6000 SQMT","landuse_type":"INDUSTRIAL","landuse_subcategory":"INDUSTRIAL","scheme_cod":"INDOPEN","investment":48,"employment":166,"plotstatus":"Allotted","landallotementstatus":"SOLD","landallotementtype":"ALLOTTED","nature_of_allottee":"PVT.LTD","allotmentid":"INDOPEN00047","allotment_date":1582137000000,"rate_of_allotment":6340,"lease_deed":"N","possession":"N","map_sanctioned_from_planning":"N","units_under_construction":"N","completion":"N","village_name":"Muradgarhi","khasra_no":"155,157,142,217,154,216,215,158","longitude":77.61225058000001,"latitude":28.23018197,"authority_recorded_allottee":"KAY SONS INDIA PVT LTD","authority":"YEIDA","category":"industrial","execution_stage":"allotted"}},{"type":"Feature","geometry":{"type":"Polygon","coordinates":[[[77.613165,28.229729],[77.613168,28.230631],[77.612558,28.230632],[77.612554,28.22973],[77.613165,28.229729]]]},"properties":{"objectid":1255,"uniqueplotid":"PLNGINDUSTRIAL1255","plotmap_id":"SECTOR-33_109_GENERAL INDUSTRY_IND","plotidentificationnumber":"109","plotno":"109","industrysector":"SECTOR-33","block":"GENERAL INDUSTRY","plotsize":"APPROX 5000 SQMT","plotsize_at_the_time_of_allotme":"APPROX 5000 SQMT","landuse_type":"INDUSTRIAL","landuse_subcategory":"INDUSTRIAL","scheme_cod":"INDOPEN","investment":40,"employment":142,"plotstatus":"Allotted","landallotementstatus":"SOLD","landallotementtype":"ALLOTTED","allotmentid":"INDOPEN00030","allotment_date":1572978600000,"rate_of_allotment":6472,"lease_deed":"N","possession":"N","map_sanctioned_from_planning":"N","units_under_construction":"N","completion":"N","village_name":"Muradgarhi","khasra_no":"155,157,156,154,158","longitude":77.61286147,"latitude":28.23018035,"authority":"YEIDA","category":"industrial","execution_stage":"allotted"}},{"type":"Feature","geometry":{"type":"Polygon","coordinates":[[[77.613776,28.229727],[77.613779,28.230629],[77.613168,28.230631],[77.613165,28.229729],[77.613776,28.229727]]]},"properties":{"objectid":1256,"uniqueplotid":"PLNGINDUSTRIAL1256","plotmap_id":"SECTOR-33_110_GENERAL INDUSTRY_IND","plotidentificationnumber":"110","plotno":"110","industrysector":"SECTOR-33","block":"GENERAL INDUSTRY","plotsize":"APPROX 5000 SQMT","plotsize_at_the_time_of_allotme":"APPROX 5000 SQMT","plot_size_as_per_lease_plan":5000,"landuse_type":"INDUSTRIAL","landuse_subcategory":"INDUSTRIAL","scheme_cod":"INDOPEN","investment":40,"employment":142,"plotstatus":"Allotted","landallotementstatus":"SOLD","landallotementtype":"ALLOTTED","nature_of_allottee":"PVT.LTD","allotmentid":"INDOPEN00039","allotment_date":1573065000000,"rate_of_allotment":6472,"lease_deed":"Y","lease_deed_date":1727721000000,"possession":"Y","possession_date":1730831400000,"map_sanctioned_from_planning":"N","units_under_construction":"N","completion":"N","village_name":"Muradgarhi","khasra_no":"155,156,154,153","longitude":77.61347232,"latitude":28.23017873,"authority":"YEIDA","category":"industrial","execution_stage":"possession-recorded"}},{"type":"Feature","geometry":{"type":"Polygon","coordinates":[[[77.613779,28.230629],[77.613776,28.229727],[77.614285,28.229726],[77.614288,28.230628],[77.613779,28.230629]]]},"properties":{"objectid":1257,"uniqueplotid":"PLNGINDUSTRIAL1257","plotmap_id":"SECTOR-33_111_GENERAL INDUSTRY_IND","plotidentificationnumber":"111","plotno":"111","industrysector":"SECTOR-33","block":"GENERAL INDUSTRY","plotsize":"APPROX 5000 SQMT","plotsize_at_the_time_of_allotme":"APPROX 5000 SQMT","plot_size_as_per_lease_plan":5000,"landuse_type":"INDUSTRIAL","landuse_subcategory":"INDUSTRIAL","scheme_cod":"INDOPEN","investment":40,"employment":142,"plotstatus":"Allotted","landallotementstatus":"SOLD","landallotementtype":"ALLOTTED","allotmentid":"INDOPEN00036","allotment_date":1573065000000,"rate_of_allotment":6472,"lease_deed":"Y","lease_deed_date":1714933800000,"possession":"Y","possession_date":1733509800000,"map_sanctioned_from_planning":"N","units_under_construction":"N","completion":"N","village_name":"Muradgarhi","khasra_no":"154,153","longitude":77.61403224,"latitude":28.23017724,"authority":"YEIDA","category":"industrial","execution_stage":"possession-recorded"}},{"type":"Feature","geometry":{"type":"Polygon","coordinates":[[[77.61445,28.230627],[77.614288,28.230628],[77.614285,28.229726],[77.614794,28.229724],[77.614797,28.230626],[77.61445,28.230627]]]},"properties":{"objectid":1258,"uniqueplotid":"PLNGINDUSTRIAL1258","plotmap_id":"SECTOR-33_113_GENERAL INDUSTRY_IND","plotidentificationnumber":"113","plotno":"113","industrysector":"SECTOR-33","block":"GENERAL INDUSTRY","plotsize":"APPROX 5000 SQMT","plotsize_at_the_time_of_allotme":"APPROX 5000 SQMT","plot_size_as_per_lease_plan":5000,"landuse_type":"INDUSTRIAL","landuse_subcategory":"INDUSTRIAL","scheme_cod":"INDOPEN","investment":40,"employment":142,"plotstatus":"Allotted","landallotementstatus":"SOLD","landallotementtype":"ALLOTTED","nature_of_allottee":"PVT.LTD","allotmentid":"INDOPEN00037","allotment_date":1573065000000,"rate_of_allotment":6472,"lease_deed":"Y","lease_deed_date":1725906600000,"possession":"Y","possession_date":1731263400000,"map_sanctioned_from_planning":"N","units_under_construction":"Y","completion":"N","village_name":"Muradgarhi","khasra_no":"163,152,153,164,161","longitude":77.61454125,"latitude":28.23017589,"authority_recorded_allottee":"M/S SKI TECHNOLOGIES PVT. LTD. FORMERLLY KNOWN AS M/S S K INTERNATIONAL","authority":"YEIDA","category":"industrial","execution_stage":"construction-or-map-approval"}},{"type":"Feature","geometry":{"type":"Polygon","coordinates":[[[77.615306,28.230625],[77.614797,28.230626],[77.614794,28.229724],[77.615303,28.229723],[77.615306,28.230625]]]},"properties":{"objectid":1259,"uniqueplotid":"PLNGINDUSTRIAL1259","plotmap_id":"SECTOR-33_114_GENERAL INDUSTRY_IND","plotidentificationnumber":"114","plotno":"114","industrysector":"SECTOR-33","block":"GENERAL INDUSTRY","plotsize":"APPROX 5000 SQMT","plotsize_at_the_time_of_allotme":"APPROX 5000 SQMT","plot_size_as_per_lease_plan":5000,"landuse_type":"INDUSTRIAL","landuse_subcategory":"INDUSTRIAL","scheme_cod":"INDOPEN","investment":40,"employment":142,"plotstatus":"Allotted","landallotementstatus":"SOLD","landallotementtype":"ALLOTTED","allotmentid":"INDOPEN00032","allotment_date":1573065000000,"rate_of_allotment":6472,"lease_deed":"Y","lease_deed_date":1714329000000,"possession":"Y","possession_date":1717007400000,"map_sanctioned_from_planning":"N","units_under_construction":"N","completion":"N","village_name":"Muradgarhi","khasra_no":"163,152,165,153,164,161","longitude":77.61505027,"latitude":28.23017454,"authority":"YEIDA","category":"industrial","execution_stage":"possession-recorded"}},{"type":"Feature","geometry":{"type":"Polygon","coordinates":[[[77.615518,28.230624],[77.615306,28.230625],[77.615303,28.229723],[77.615812,28.229722],[77.615815,28.230623],[77.615518,28.230624]]]},"properties":{"objectid":1260,"uniqueplotid":"PLNGINDUSTRIAL1260","plotmap_id":"SECTOR-33_115_GENERAL INDUSTRY_IND","plotidentificationnumber":"115","plotno":"115","industrysector":"SECTOR-33","block":"GENERAL INDUSTRY","plotsize":"APPROX 5000 SQMT","plotsize_at_the_time_of_allotme":"APPROX 5000 SQMT","plot_size_as_per_lease_plan":5000,"landuse_type":"INDUSTRIAL","landuse_subcategory":"INDUSTRIAL","scheme_cod":"INDOPEN","investment":40,"employment":142,"plotstatus":"Allotted","landallotementstatus":"SOLD","landallotementtype":"ALLOTTED","nature_of_allottee":"PVT.LTD","allotmentid":"INDOPEN00038","allotment_date":1573065000000,"rate_of_allotment":6472,"lease_deed":"Y","lease_deed_date":1722018600000,"possession":"Y","possession_date":1725561000000,"map_sanctioned_from_planning":"N","units_under_construction":"Y","completion":"N","village_name":"Muradgarhi","khasra_no":"152,165,120,164,N/F,161","longitude":77.61555928,"latitude":28.23017319,"authority_recorded_allottee":"ECOTONE SYSTEMS PVT. LTD.","authority":"YEIDA","category":"industrial","execution_stage":"construction-or-map-approval"}},{"type":"Feature","geometry":{"type":"Polygon","coordinates":[[[77.616324,28.230622],[77.615815,28.230623],[77.615812,28.229722],[77.616321,28.22972],[77.616324,28.230622]]]},"properties":{"objectid":1261,"uniqueplotid":"PLNGINDUSTRIAL1261","plotmap_id":"SECTOR-33_116_GENERAL INDUSTRY_IND","plotidentificationnumber":"116","plotno":"116","industrysector":"SECTOR-33","block":"GENERAL INDUSTRY","plotsize":"APPROX 5000 SQMT","plotsize_at_the_time_of_allotme":"APPROX 5000 SQMT","plot_size_as_per_lease_plan":5000,"landuse_type":"INDUSTRIAL","landuse_subcategory":"INDUSTRIAL","scheme_cod":"INDOPEN","investment":40,"employment":142,"plotstatus":"Allotted","landallotementstatus":"SOLD","landallotementtype":"ALLOTTED","allotmentid":"INDOPEN00064","allotment_date":1591900200000,"rate_of_allotment":6472,"lease_deed":"Y","lease_deed_date":1717093800000,"possession":"N","map_sanctioned_from_planning":"N","units_under_construction":"N","completion":"N","village_name":"Muradgarhi","khasra_no":"120,164,121,131,N/F,167,166,169","longitude":77.6160683,"latitude":28.23017184,"authority":"YEIDA","category":"industrial","execution_stage":"lease-recorded"}},{"type":"Feature","geometry":{"type":"Polygon","coordinates":[[[77.616587,28.230621],[77.616324,28.230622],[77.616321,28.22972],[77.61683,28.229719],[77.616833,28.230621],[77.616587,28.230621]]]},"properties":{"objectid":1262,"uniqueplotid":"PLNGINDUSTRIAL1262","plotmap_id":"SECTOR-33_117_GENERAL INDUSTRY_IND","plotidentificationnumber":"117","plotno":"117","industrysector":"SECTOR-33","block":"GENERAL INDUSTRY","plotsize":"APPROX 5000 SQMT","plotsize_at_the_time_of_allotme":"APPROX 5000 SQMT","landuse_type":"INDUSTRIAL","landuse_subcategory":"INDUSTRIAL","scheme_cod":"INDOPEN","investment":40,"employment":142,"plotstatus":"Allotted","landallotementstatus":"SOLD","landallotementtype":"ALLOTTED","allotmentid":"INDOPEN00057","allotment_date":1589481000000,"rate_of_allotment":6472,"lease_deed":"N","possession":"N","map_sanctioned_from_planning":"N","units_under_construction":"N","completion":"N","village_name":"Muradgarhi","khasra_no":"120,121,131,130,166","longitude":77.61657731,"latitude":28.23017048,"authority":"YEIDA","category":"industrial","execution_stage":"allotted"}},{"type":"Feature","geometry":{"type":"Polygon","coordinates":[[[77.617342,28.230619],[77.616833,28.230621],[77.61683,28.229719],[77.617339,28.229717],[77.617342,28.230619]]]},"properties":{"objectid":1263,"uniqueplotid":"PLNGINDUSTRIAL1263","plotmap_id":"SECTOR-33_118_GENERAL INDUSTRY_IND","plotidentificationnumber":"118","plotno":"118","industrysector":"SECTOR-33","block":"GENERAL INDUSTRY","plotsize":"APPROX 5000 SQMT","plotsize_at_the_time_of_allotme":"APPROX 5000 SQMT","plot_size_as_per_lease_plan":5000,"landuse_type":"INDUSTRIAL","landuse_subcategory":"INDUSTRIAL","scheme_cod":"INDOPEN","investment":40,"employment":142,"plotstatus":"Allotted","landallotementstatus":"SOLD","landallotementtype":"ALLOTTED","allotmentid":"INDOPEN00060","allotment_date":1590604200000,"rate_of_allotment":6472,"lease_deed":"Y","lease_deed_date":1706553000000,"possession":"N","map_sanctioned_from_planning":"N","units_under_construction":"N","completion":"N","village_name":"Muradgarhi","khasra_no":"129,131,130","longitude":77.61708633,"latitude":28.23016913,"authority":"YEIDA","category":"industrial","execution_stage":"lease-recorded"}},{"type":"Feature","geometry":{"type":"Polygon","coordinates":[[[77.617342,28.230619],[77.617339,28.229717],[77.617848,28.229716],[77.617851,28.230618],[77.617342,28.230619]]]},"properties":{"objectid":1264,"uniqueplotid":"PLNGINDUSTRIAL1264","plotmap_id":"SECTOR-33_119_GENERAL INDUSTRY_IND","plotidentificationnumber":"119","plotno":"119","industrysector":"SECTOR-33","block":"GENERAL INDUSTRY","plotsize":"APPROX 5000 SQMT","plotsize_at_the_time_of_allotme":"APPROX 5000 SQMT","plot_size_as_per_lease_plan":5000,"landuse_type":"INDUSTRIAL","landuse_subcategory":"INDUSTRIAL","scheme_cod":"INDOPEN","investment":40,"employment":142,"plotstatus":"Allotted","landallotementstatus":"SOLD","landallotementtype":"ALLOTTED","allotmentid":"INDOPEN00035","allotment_date":1573065000000,"rate_of_allotment":6472,"lease_deed":"Y","lease_deed_date":1719253800000,"possession":"N","map_sanctioned_from_planning":"N","units_under_construction":"N","completion":"N","village_name":"Muradgarhi","khasra_no":"129,131,130,133,132","longitude":77.61759534000001,"latitude":28.23016778,"authority":"YEIDA","category":"industrial","execution_stage":"lease-recorded"}},{"type":"Feature","geometry":{"type":"Polygon","coordinates":[[[77.61123,28.229517],[77.610681,28.229519],[77.610677,28.228617],[77.611227,28.228615],[77.61123,28.229517]]]},"properties":{"objectid":1265,"uniqueplotid":"PLNGINDUSTRIAL1265","plotmap_id":"SECTOR-33_133_GENERAL INDUSTRY_IND","plotidentificationnumber":"133","plotno":"133","industrysector":"SECTOR-33","block":"GENERAL INDUSTRY","plotsize":"APPROX 5400 SQMT","plotsize_at_the_time_of_allotme":"APPROX 5400 SQMT","landuse_type":"INDUSTRIAL","landuse_subcategory":"INDUSTRIAL","scheme_cod":"INDOPEN","investment":43,"employment":152,"plotstatus":"Allotted","landallotementstatus":"SOLD","landallotementtype":"ALLOTTED","nature_of_allottee":"PVT.LTD","allotmentid":"INDOPEN00041","allotment_date":1573065000000,"rate_of_allotment":6413.33,"lease_deed":"N","possession":"N","map_sanctioned_from_planning":"N","units_under_construction":"N","completion":"N","village_name":"Muradgarhi","khasra_no":"280,282,281,225,226","longitude":77.61095391,"latitude":28.229066969999998,"authority_recorded_allottee":"M/S SHIVKAMAL RUBBERS PVT. LTD.","authority":"YEIDA","category":"industrial","execution_stage":"allotted"}},{"type":"Feature","geometry":{"type":"Polygon","coordinates":[[[77.61123,28.229517],[77.611227,28.228615],[77.611736,28.228614],[77.611739,28.229516],[77.61123,28.229517]]]},"properties":{"objectid":1266,"uniqueplotid":"PLNGINDUSTRIAL1266","plotmap_id":"SECTOR-33_132_GENERAL INDUSTRY_IND","plotidentificationnumber":"132","plotno":"132","industrysector":"SECTOR-33","block":"GENERAL INDUSTRY","plotsize":"APPROX 5000 SQMT","plotsize_at_the_time_of_allotme":"APPROX 5000 SQMT","landuse_type":"INDUSTRIAL","landuse_subcategory":"INDUSTRIAL","scheme_cod":"INDOPEN","investment":40,"employment":142,"plotstatus":"Allotted","landallotementstatus":"SOLD","landallotementtype":"ALLOTTED","allotmentid":"INDOPEN00065","allotment_date":1586284200000,"rate_of_allotment":6472,"lease_deed":"N","possession":"N","map_sanctioned_from_planning":"N","units_under_construction":"N","completion":"N","village_name":"Muradgarhi","khasra_no":"214,282,281,225,226,213","longitude":77.6114833,"latitude":28.22906556,"authority":"YEIDA","category":"industrial","execution_stage":"allotted"}},{"type":"Feature","geometry":{"type":"Polygon","coordinates":[[[77.611739,28.229516],[77.611736,28.228614],[77.612245,28.228613],[77.612248,28.229515],[77.611739,28.229516]]]},"properties":{"objectid":1267,"uniqueplotid":"PLNGINDUSTRIAL1267","plotmap_id":"SECTOR-33_131_GENERAL INDUSTRY_IND","plotidentificationnumber":"131","plotno":"131","industrysector":"SECTOR-33","block":"GENERAL INDUSTRY","plotsize":"APPROX 5000 SQMT","plotsize_at_the_time_of_allotme":"APPROX 5000 SQMT","landuse_type":"INDUSTRIAL","landuse_subcategory":"INDUSTRIAL","scheme_cod":"INDOPEN","investment":40,"employment":142,"plotstatus":"Allotted","landallotementstatus":"SOLD","landallotementtype":"ALLOTTED","nature_of_allottee":"PVT.LTD","allotmentid":"INDOPEN00049","allotment_date":1582137000000,"rate_of_allotment":6472,"lease_deed":"N","possession":"N","map_sanctioned_from_planning":"N","units_under_construction":"N","completion":"N","village_name":"Muradgarhi","khasra_no":"211,212,214,225,213,215,N/F","longitude":77.61199231,"latitude":28.2290642,"authority_recorded_allottee":"M/S ACE INTEGRATED SOLUTIONS LTD.","authority":"YEIDA","category":"industrial","execution_stage":"allotted"}},{"type":"Feature","geometry":{"type":"Polygon","coordinates":[[[77.612757,28.229513],[77.612248,28.229515],[77.612245,28.228613],[77.612754,28.228611],[77.612757,28.229513]]]},"properties":{"objectid":1268,"uniqueplotid":"PLNGINDUSTRIAL1268","plotmap_id":"SECTOR-33_130_GENERAL INDUSTRY_IND","plotidentificationnumber":"130","plotno":"130","industrysector":"SECTOR-33","block":"GENERAL INDUSTRY","plotsize":"APPROX 5000 SQMT","plotsize_at_the_time_of_allotme":"APPROX 5000 SQMT","plot_size_as_per_lease_plan":5000,"landuse_type":"INDUSTRIAL","landuse_subcategory":"INDUSTRIAL","scheme_cod":"INDOPEN","investment":40,"employment":142,"plotstatus":"Allotted","landallotementstatus":"SOLD","landallotementtype":"ALLOTTED","nature_of_allottee":"PVT.LTD","allotmentid":"INDOPEN00043","allotment_date":1580322600000,"rate_of_allotment":6472,"lease_deed":"Y","lease_deed_date":1684434600000,"possession":"Y","possession_date":1728844200000,"map_sanctioned_from_planning":"N","units_under_construction":"Y","completion":"N","village_name":"Muradgarhi","khasra_no":"209,211,210,159,216,214,215,N/F","longitude":77.61250133,"latitude":28.22906285,"authority_recorded_allottee":"M/S KANCHAN METALS PVT. LTD.","authority":"YEIDA","category":"industrial","execution_stage":"construction-or-map-approval"}},{"type":"Feature","geometry":{"type":"Polygon","coordinates":[[[77.613266,28.229512],[77.612757,28.229513],[77.612754,28.228611],[77.613263,28.22861],[77.613266,28.229512]]]},"properties":{"objectid":1269,"uniqueplotid":"PLNGINDUSTRIAL1269","plotmap_id":"SECTOR-33_129_GENERAL INDUSTRY_IND","plotidentificationnumber":"129","plotno":"129","industrysector":"SECTOR-33","block":"GENERAL INDUSTRY","plotsize":"APPROX 5000 SQMT","plotsize_at_the_time_of_allotme":"APPROX 5000 SQMT","landuse_type":"INDUSTRIAL","landuse_subcategory":"INDUSTRIAL","scheme_cod":"INDOPEN","investment":40,"employment":142,"plotstatus":"Allotted","landallotementstatus":"SOLD","landallotementtype":"ALLOTTED","nature_of_allottee":"PVT.LTD","allotmentid":"INDOPEN00044","allotment_date":1580322600000,"rate_of_allotment":6472,"lease_deed":"N","possession":"N","map_sanctioned_from_planning":"N","units_under_construction":"N","completion":"N","village_name":"Muradgarhi","khasra_no":"209,156,159,216","longitude":77.61301034,"latitude":28.2290615,"authority_recorded_allottee":"EPITOME SYSTEMS PRIVATE LIMITED","authority":"YEIDA","category":"industrial","execution_stage":"allotted"}},{"type":"Feature","geometry":{"type":"Polygon","coordinates":[[[77.613775,28.22951],[77.613266,28.229512],[77.613263,28.22861],[77.613772,28.228608],[77.613775,28.22951]]]},"properties":{"objectid":1270,"uniqueplotid":"PLNGINDUSTRIAL1270","plotmap_id":"SECTOR-33_128_GENERAL INDUSTRY_IND","plotidentificationnumber":"128","plotno":"128","industrysector":"SECTOR-33","block":"GENERAL INDUSTRY","plotsize":"APPROX 5000 SQMT","plotsize_at_the_time_of_allotme":"APPROX 5000 SQMT","landuse_type":"INDUSTRIAL","landuse_subcategory":"INDUSTRIAL","scheme_cod":"INDOPEN","investment":40,"employment":142,"plotstatus":"Allotted","landallotementstatus":"SOLD","landallotementtype":"ALLOTTED","allotmentid":"INDOPEN00068","allotment_date":1598898600000,"rate_of_allotment":6472,"lease_deed":"N","possession":"N","map_sanctioned_from_planning":"N","units_under_construction":"N","completion":"N","village_name":"Muradgarhi","khasra_no":"155,207,209,156,159,216,206,162,160,161,208,N/F","longitude":77.61351936,"latitude":28.22906015,"authority":"YEIDA","category":"industrial","execution_stage":"allotted"}},{"type":"Feature","geometry":{"type":"Polygon","coordinates":[[[77.614284,28.229509],[77.613775,28.22951],[77.613772,28.228608],[77.614281,28.228607],[77.614284,28.229509]]]},"properties":{"objectid":1271,"uniqueplotid":"PLNGINDUSTRIAL1271","plotmap_id":"SECTOR-33_127_GENERAL INDUSTRY_IND","plotidentificationnumber":"127","plotno":"127","industrysector":"SECTOR-33","block":"GENERAL INDUSTRY","plotsize":"APPROX 5000 SQMT","plotsize_at_the_time_of_allotme":"APPROX 5000 SQMT","landuse_type":"INDUSTRIAL","landuse_subcategory":"INDUSTRIAL","scheme_cod":"INDOPEN","investment":40,"employment":142,"plotstatus":"Allotted","landallotementstatus":"SOLD","landallotementtype":"ALLOTTED","allotmentid":"INDOPEN00069","allotment_date":1598898600000,"rate_of_allotment":6472,"lease_deed":"N","possession":"N","map_sanctioned_from_planning":"N","units_under_construction":"N","completion":"N","village_name":"Muradgarhi","khasra_no":"163,155,207,156,162,153,161,N/F","longitude":77.61402837,"latitude":28.2290588,"authority":"YEIDA","category":"industrial","execution_stage":"allotted"}},{"type":"Feature","geometry":{"type":"Polygon","coordinates":[[[77.614793,28.229508],[77.614284,28.229509],[77.614281,28.228607],[77.61479,28.228606],[77.614793,28.229508]]]},"properties":{"objectid":1272,"uniqueplotid":"PLNGINDUSTRIAL1272","plotmap_id":"SECTOR-33_126_GENERAL INDUSTRY_IND","plotidentificationnumber":"126","plotno":"126","industrysector":"SECTOR-33","block":"GENERAL INDUSTRY","plotsize":"APPROX 5000 SQMT","plotsize_at_the_time_of_allotme":"APPROX 5000 SQMT","plot_size_as_per_lease_plan":5000,"landuse_type":"INDUSTRIAL","landuse_subcategory":"INDUSTRIAL","scheme_cod":"INDOPEN","investment":40,"employment":142,"plotstatus":"Allotted","landallotementstatus":"SOLD","landallotementtype":"ALLOTTED","allotmentid":"INDOPEN00059","allotment_date":1589481000000,"rate_of_allotment":6472,"lease_deed":"Y","lease_deed_date":1719513000000,"possession":"N","map_sanctioned_from_planning":"N","units_under_construction":"N","completion":"N","village_name":"Muradgarhi","khasra_no":"163,161","longitude":77.61453739000001,"latitude":28.22905745,"authority":"YEIDA","category":"industrial","execution_stage":"lease-recorded"}},{"type":"Feature","geometry":{"type":"Polygon","coordinates":[[[77.614793,28.229508],[77.61479,28.228606],[77.615299,28.228604],[77.615302,28.229506],[77.614793,28.229508]]]},"properties":{"objectid":1273,"uniqueplotid":"PLNGINDUSTRIAL1273","plotmap_id":"SECTOR-33_125_GENERAL INDUSTRY_IND","plotidentificationnumber":"125","plotno":"125","industrysector":"SECTOR-33","block":"GENERAL INDUSTRY","plotsize":"APPROX 5000 SQMT","plotsize_at_the_time_of_allotme":"APPROX 5000 SQMT","plot_size_as_per_lease_plan":5000,"landuse_type":"INDUSTRIAL","landuse_subcategory":"INDUSTRIAL","scheme_cod":"INDOPEN","investment":40,"employment":142,"plotstatus":"Allotted","landallotementstatus":"SOLD","landallotementtype":"ALLOTTED","allotmentid":"INDOPEN00058","allotment_date":1589481000000,"rate_of_allotment":6472,"lease_deed":"Y","lease_deed_date":1719513000000,"possession":"N","map_sanctioned_from_planning":"N","units_under_construction":"N","completion":"N","village_name":"Muradgarhi","khasra_no":"163,164,167,166","longitude":77.6150464,"latitude":28.22905609,"authority":"YEIDA","category":"industrial","execution_stage":"lease-recorded"}},{"type":"Feature","geometry":{"type":"Polygon","coordinates":[[[77.615811,28.229505],[77.615302,28.229506],[77.615299,28.228604],[77.615808,28.228603],[77.615811,28.229505]]]},"properties":{"objectid":1274,"uniqueplotid":"PLNGINDUSTRIAL1274","plotmap_id":"SECTOR-33_124_GENERAL INDUSTRY_IND","plotidentificationnumber":"124","plotno":"124","industrysector":"SECTOR-33","block":"GENERAL INDUSTRY","plotsize":"APPROX 5000 SQMT","plotsize_at_the_time_of_allotme":"APPROX 5000 SQMT","plot_size_as_per_lease_plan":5000,"landuse_type":"INDUSTRIAL","landuse_subcategory":"INDUSTRIAL","scheme_cod":"INDOPEN","investment":40,"employment":142,"plotstatus":"Allotted","landallotementstatus":"SOLD","landallotementtype":"ALLOTTED","allotmentid":"INDOPEN00052","allotment_date":1584469800000,"rate_of_allotment":6472,"lease_deed":"Y","lease_deed_date":1705602600000,"possession":"Y","possession_date":1706553000000,"map_sanctioned_from_planning":"N","units_under_construction":"Y","completion":"N","village_name":"Muradgarhi","khasra_no":"163,165,164,168,167,166","longitude":77.61555541999999,"latitude":28.22905474,"authority":"YEIDA","category":"industrial","execution_stage":"construction-or-map-approval"}},{"type":"Feature","geometry":{"type":"Polygon","coordinates":[[[77.616321,28.229504],[77.615811,28.229505],[77.615808,28.228603],[77.616317,28.228602],[77.616321,28.229504]]]},"properties":{"objectid":1275,"uniqueplotid":"PLNGINDUSTRIAL1275","plotmap_id":"SECTOR-33_123_GENERAL INDUSTRY_IND","plotidentificationnumber":"123","plotno":"123","industrysector":"SECTOR-33","block":"GENERAL INDUSTRY","plotsize":"APPROX 5000 SQMT","plotsize_at_the_time_of_allotme":"APPROX 5000 SQMT","plot_size_as_per_lease_plan":5000,"landuse_type":"INDUSTRIAL","landuse_subcategory":"INDUSTRIAL","scheme_cod":"INDOPEN","investment":40,"employment":142,"plotstatus":"Allotted","landallotementstatus":"SOLD","landallotementtype":"ALLOTTED","nature_of_allottee":"PVT.LTD","allotmentid":"INDOPEN00051","allotment_date":1584469800000,"rate_of_allotment":6472,"lease_deed":"Y","lease_deed_date":1714415400000,"possession":"Y","possession_date":1728153000000,"map_sanctioned_from_planning":"N","units_under_construction":"N","completion":"N","village_name":"Muradgarhi","khasra_no":"165,164,168,167,166","longitude":77.61606443,"latitude":28.22905339,"authority_recorded_allottee":"MATERIAL MOVELL INDIA P LTD","authority":"YEIDA","category":"industrial","execution_stage":"possession-recorded"}},{"type":"Feature","geometry":{"type":"Polygon","coordinates":[[[77.61683,28.229502],[77.616321,28.229504],[77.616317,28.228602],[77.616826,28.2286],[77.61683,28.229502]]]},"properties":{"objectid":1276,"uniqueplotid":"PLNGINDUSTRIAL1276","plotmap_id":"SECTOR-33_122_GENERAL INDUSTRY_IND","plotidentificationnumber":"122","plotno":"122","industrysector":"SECTOR-33","block":"GENERAL INDUSTRY","plotsize":"APPROX 5000 SQMT","plotsize_at_the_time_of_allotme":"APPROX 5000 SQMT","plot_size_as_per_lease_plan":5000,"landuse_type":"INDUSTRIAL","landuse_subcategory":"INDUSTRIAL","scheme_cod":"INDOPEN","investment":40,"employment":142,"plotstatus":"Allotted","landallotementstatus":"SOLD","landallotementtype":"ALLOTTED","allotmentid":"INDOPEN00042","allotment_date":1580322600000,"rate_of_allotment":6472,"lease_deed":"Y","lease_deed_date":1706553000000,"possession":"N","map_sanctioned_from_planning":"N","units_under_construction":"N","completion":"N","village_name":"Muradgarhi","khasra_no":"168,131,170,167,169","longitude":77.61657345,"latitude":28.22905204,"authority":"YEIDA","category":"industrial","execution_stage":"lease-recorded"}},{"type":"Feature","geometry":{"type":"Polygon","coordinates":[[[77.617339,28.229501],[77.61683,28.229502],[77.616826,28.2286],[77.617335,28.228599],[77.617339,28.229501]]]},"properties":{"objectid":1277,"uniqueplotid":"PLNGINDUSTRIAL1277","plotmap_id":"SECTOR-33_121_GENERAL INDUSTRY_IND","plotidentificationnumber":"121","plotno":"121","industrysector":"SECTOR-33","block":"GENERAL INDUSTRY","plotsize":"APPROX 5000 SQMT","plotsize_at_the_time_of_allotme":"APPROX 5000 SQMT","plot_size_as_per_lease_plan":5000,"landuse_type":"INDUSTRIAL","landuse_subcategory":"INDUSTRIAL","scheme_cod":"INDOPEN","investment":40,"employment":142,"plotstatus":"Allotted","landallotementstatus":"SOLD","landallotementtype":"ALLOTTED","allotmentid":"INDOPEN00055","allotment_date":1588789800000,"rate_of_allotment":6472,"lease_deed":"Y","lease_deed_date":1677436200000,"possession":"Y","possession_date":1685385000000,"map_sanctioned_from_planning":"N","units_under_construction":"N","completion":"N","village_name":"Muradgarhi","khasra_no":"168,131,133,170,132,169,134","longitude":77.61708246,"latitude":28.229050689999998,"authority":"YEIDA","category":"industrial","execution_stage":"possession-recorded"}},{"type":"Feature","geometry":{"type":"Polygon","coordinates":[[[77.617844,28.228598],[77.617848,28.2295],[77.617339,28.229501],[77.617335,28.228599],[77.617844,28.228598]]]},"properties":{"objectid":1278,"uniqueplotid":"PLNGINDUSTRIAL1278","plotmap_id":"SECTOR-33_120_GENERAL INDUSTRY_IND","plotidentificationnumber":"120","plotno":"120","industrysector":"SECTOR-33","block":"GENERAL INDUSTRY","plotsize":"APPROX 5000 SQMT","plotsize_at_the_time_of_allotme":"APPROX 5000 SQMT","landuse_type":"INDUSTRIAL","landuse_subcategory":"INDUSTRIAL","scheme_cod":"INDOPEN","investment":40,"employment":142,"plotstatus":"Allotted","landallotementstatus":"SOLD","landallotementtype":"ALLOTTED","allotmentid":"INDOPEN00056","allotment_date":1588789800000,"rate_of_allotment":6472,"lease_deed":"N","possession":"N","map_sanctioned_from_planning":"N","units_under_construction":"N","completion":"N","village_name":"Muradgarhi","khasra_no":"131,133,170,132,134","longitude":77.61759148,"latitude":28.22904933,"authority":"YEIDA","category":"industrial","execution_stage":"allotted"}},{"type":"Feature","geometry":{"type":"Polygon","coordinates":[[[77.61784,28.227281],[77.617844,28.228598],[77.617147,28.2286],[77.617143,28.227283],[77.61784,28.227281]]]},"properties":{"objectid":1279,"uniqueplotid":"PLNGINDUSTRIAL1279","plotmap_id":"SECTOR-33_141_GENERAL INDUSTRY_IND","plotidentificationnumber":"141","plotno":"141","industrysector":"SECTOR-33","block":"GENERAL INDUSTRY","plotsize":"APPROX 10000 SQMT","plotsize_at_the_time_of_allotme":"APPROX 10000 SQMT","plot_size_as_per_lease_plan":10000,"landuse_type":"INDUSTRIAL","landuse_subcategory":"INDUSTRIAL","scheme_cod":"INDOPEN","investment":74,"employment":258,"plotstatus":"Allotted","landallotementstatus":"SOLD","landallotementtype":"ALLOTTED","allotmentid":"INDOPEN00033","allotment_date":1572978600000,"rate_of_allotment":5902,"lease_deed":"Y","lease_deed_date":1719513000000,"possession":"N","map_sanctioned_from_planning":"N","units_under_construction":"N","completion":"N","longitude":77.61749351,"latitude":28.227940150000002,"authority":"YEIDA","category":"industrial","execution_stage":"lease-recorded"}},{"type":"Feature","geometry":{"type":"Polygon","coordinates":[[[77.617143,28.227283],[77.617147,28.2286],[77.61645,28.228601],[77.616445,28.227284],[77.617143,28.227283]]]},"properties":{"objectid":1280,"uniqueplotid":"PLNGINDUSTRIAL1280","plotmap_id":"SECTOR-33_140_GENERAL INDUSTRY_IND","plotidentificationnumber":"140","plotno":"140","industrysector":"SECTOR-33","block":"GENERAL INDUSTRY","plotsize":"APPROX 10000 SQMT","plotsize_at_the_time_of_allotme":"APPROX 10000 SQMT","plot_size_as_per_lease_plan":10000.54,"landuse_type":"INDUSTRIAL","landuse_subcategory":"INDUSTRIAL","scheme_cod":"INDOPEN","investment":74,"employment":258,"plotstatus":"Allotted","landallotementstatus":"SOLD","landallotementtype":"ALLOTTED","nature_of_allottee":"PVT.LTD","allotmentid":"INDOPEN00046","allotment_date":1580322600000,"rate_of_allotment":5902,"lease_deed":"Y","lease_deed_date":1710441000000,"possession":"N","map_sanctioned_from_planning":"N","units_under_construction":"N","completion":"N","village_name":"Muradgarhi","khasra_no":"173,178,168,170,172,177,169,171","longitude":77.61679625,"latitude":28.227942000000002,"authority_recorded_allottee":"M/S SUNPLAST ELECTRONICS PVT. LTD.","authority":"YEIDA","category":"industrial","execution_stage":"lease-recorded"}},{"type":"Feature","geometry":{"type":"Polygon","coordinates":[[[77.615808,28.228603],[77.615753,28.228603],[77.615748,28.227286],[77.616445,28.227284],[77.61645,28.228601],[77.615808,28.228603]]]},"properties":{"objectid":1281,"uniqueplotid":"PLNGINDUSTRIAL1281","plotmap_id":"SECTOR-33_139_GENERAL INDUSTRY_IND","plotidentificationnumber":"139","plotno":"139","industrysector":"SECTOR-33","block":"GENERAL INDUSTRY","plotsize":"APPROX 10000 SQMT","plotsize_at_the_time_of_allotme":"APPROX 10000 SQMT","plot_size_as_per_lease_plan":10000.54,"landuse_type":"INDUSTRIAL","landuse_subcategory":"INDUSTRIAL","scheme_cod":"YEA/IND-LOP(2022)-11","investment":162,"employment":567,"projects_cost_in_lacs":2006,"plotstatus":"Allotted","landallotementstatus":"SOLD","landallotementtype":"ALLOTTED","allotmentid":"YIND110002","allotment_date":1656354600000,"rate_of_allotment":18015.2,"lease_deed":"Y","lease_deed_date":1718821800000,"possession":"N","map_sanctioned_from_planning":"N","units_under_construction":"N","completion":"N","village_name":"Muradgarhi","khasra_no":"193,173,168,201,172,169,171","longitude":77.61609898,"latitude":28.227943850000003,"authority":"YEIDA","category":"industrial","execution_stage":"lease-recorded"}},{"type":"Feature","geometry":{"type":"Polygon","coordinates":[[[77.615749,28.227488],[77.615753,28.228603],[77.614916,28.228605],[77.614911,28.227289],[77.615748,28.227286],[77.615749,28.227488]]]},"properties":{"objectid":1282,"uniqueplotid":"PLNGINDUSTRIAL1282","plotmap_id":"SECTOR-33_138_GENERAL INDUSTRY_IND","plotidentificationnumber":"138","plotno":"138","industrysector":"SECTOR-33","block":"GENERAL INDUSTRY","plotsize":"APPROX 12000 SQMT","plotsize_at_the_time_of_allotme":"APPROX 12000 SQMT","landuse_type":"INDUSTRIAL","landuse_subcategory":"INDUSTRIAL","scheme_cod":"YEA/IND-LOP(2022)-11","investment":261,"employment":915,"projects_cost_in_lacs":4455,"plotstatus":"Allotted","landallotementstatus":"SOLD","landallotementtype":"ALLOTTED","allotmentid":"YIND110003","allotment_date":1656354600000,"rate_of_allotment":24209.3367,"lease_deed":"N","possession":"N","map_sanctioned_from_planning":"N","units_under_construction":"N","completion":"N","village_name":"Muradgarhi","khasra_no":"198,163,200,202,199,193,173,168,201,167,166,172","longitude":77.61533198000001,"latitude":28.22794589,"authority":"YEIDA","category":"industrial","execution_stage":"allotted"}},{"type":"Feature","geometry":{"type":"Polygon","coordinates":[[[77.614281,28.228607],[77.614079,28.228608],[77.614074,28.227213],[77.614438,28.22729],[77.614911,28.227289],[77.614916,28.228605],[77.614281,28.228607]]]},"properties":{"objectid":1283,"uniqueplotid":"PLNGINDUSTRIAL1283","plotmap_id":"SECTOR-33_137_GENERAL INDUSTRY_IND","plotidentificationnumber":"137","plotno":"137","industrysector":"SECTOR-33","block":"GENERAL INDUSTRY","plotsize":"APPROX 12150 SQMT","landuse_type":"INDUSTRIAL","landuse_subcategory":"INDUSTRIAL","investment":0,"employment":0,"landallotementstatus":"VACANT","landallotementtype":"VACANT","village_name":"Muradgarhi","khasra_no":"196,198,163,207,200,202,199,201,166,N/F","longitude":77.61449327,"latitude":28.2279248,"authority":"YEIDA","category":"industrial","execution_stage":"vacant"}},{"type":"Feature","geometry":{"type":"Polygon","coordinates":[[[77.613341,28.22861],[77.613335,28.227018],[77.614074,28.227213],[77.614079,28.228608],[77.613341,28.22861]]]},"properties":{"objectid":1284,"uniqueplotid":"PLNGINDUSTRIAL1284","plotmap_id":"SECTOR-33_136_GENERAL INDUSTRY_IND","plotidentificationnumber":"136","plotno":"136","industrysector":"SECTOR-33","block":"GENERAL INDUSTRY","plotsize":"APPROX 12000 SQMT","plotsize_at_the_time_of_allotme":"APPROX 12000 SQMT","plot_size_as_per_lease_plan":12000.6,"landuse_type":"INDUSTRIAL","landuse_subcategory":"INDUSTRIAL","scheme_cod":"INDOPEN","investment":86,"employment":300,"plotstatus":"Allotted","landallotementstatus":"SOLD","landallotementtype":"ALLOTTED","allotmentid":"INDOPEN00053","allotment_date":1584469800000,"rate_of_allotment":5720,"lease_deed":"Y","lease_deed_date":1719858600000,"possession":"Y","possession_date":1731522600000,"map_sanctioned_from_planning":"N","units_under_construction":"N","completion":"N","village_name":"Muradgarhi","khasra_no":"196,198,163,207,209,197,206,202,199,194,208,N/F","longitude":77.6137033,"latitude":28.227837209999997,"authority":"YEIDA","category":"industrial","execution_stage":"possession-recorded"}},{"type":"Feature","geometry":{"type":"Polygon","coordinates":[[[77.612754,28.228611],[77.612306,28.228612],[77.612299,28.226664],[77.612824,28.226857],[77.613335,28.227018],[77.613341,28.22861],[77.612754,28.228611]]]},"properties":{"objectid":1285,"uniqueplotid":"PLNGINDUSTRIAL1285","plotmap_id":"SECTOR-33_135_GENERAL INDUSTRY_IND","plotidentificationnumber":"135","plotno":"135","industrysector":"SECTOR-33","block":"GENERAL INDUSTRY","plotsize":"APPROX 19870 SQMT","plotsize_at_the_time_of_allotme":"APPROX 19870 SQMT","landuse_type":"INDUSTRIAL","landuse_subcategory":"INDUSTRIAL","scheme_cod":"INDOPEN","investment":133,"employment":466,"plotstatus":"Allotted","landallotementstatus":"SOLD","landallotementtype":"ALLOTTED","allotmentid":"INDOPEN00054","allotment_date":1584469800000,"rate_of_allotment":5359.58,"lease_deed":"N","possession":"N","map_sanctioned_from_planning":"N","units_under_construction":"N","completion":"N","village_name":"Muradgarhi","khasra_no":"196,195,209,211,197,205,203,210,206,202,194,212,N/F,204,208,N/F","longitude":77.61281158,"latitude":28.22768222,"authority":"YEIDA","category":"industrial","execution_stage":"allotted"}},{"type":"Feature","geometry":{"type":"Polygon","coordinates":[[[77.612303,28.22771],[77.612306,28.228612],[77.610677,28.228617],[77.610674,28.227715],[77.612303,28.22771]]]},"properties":{"objectid":1286,"uniqueplotid":"PLNGINDUSTRIAL1286","plotmap_id":"SECTOR-33_134_GENERAL INDUSTRY_IND","plotidentificationnumber":"134","plotno":"134","industrysector":"SECTOR-33","block":"GENERAL INDUSTRY","plotsize":"APPROX 16000 SQMT","plotsize_at_the_time_of_allotme":"APPROX 16000 SQMT","landuse_type":"INDUSTRIAL","landuse_subcategory":"INDUSTRIAL","scheme_cod":"INDOPEN","investment":110,"employment":384,"plotstatus":"Allotted","landallotementstatus":"SOLD","landallotementtype":"ALLOTTED","allotmentid":"INDOPEN000100","allotment_date":1607538600000,"rate_of_allotment":5492.5,"lease_deed":"N","possession":"N","map_sanctioned_from_planning":"N","units_under_construction":"N","completion":"N","village_name":"Muradgarhi","khasra_no":"211,210,212,277,280,278,279,269,281,226,213","longitude":77.61149027,"latitude":28.22816355,"authority":"YEIDA","category":"industrial","execution_stage":"allotted"}},{"type":"Feature","geometry":{"type":"Polygon","coordinates":[[[77.612303,28.22771],[77.610674,28.227715],[77.610669,28.22613],[77.610913,28.226129],[77.611535,28.226342],[77.612299,28.226664],[77.612303,28.22771]]]},"properties":{"objectid":1287,"uniqueplotid":"PLNGINDUSTRIAL1287","plotmap_id":"SECTOR-33_142_GENERAL INDUSTRY_IND","plotidentificationnumber":"142","plotno":"142","industrysector":"SECTOR-33","block":"GENERAL INDUSTRY","plotsize":"APPROX 24260 SQMT","plotsize_at_the_time_of_allotme":"APPROX 24260 SQMT","landuse_type":"INDUSTRIAL","landuse_subcategory":"INDUSTRIAL","scheme_cod":"INDOPEN","investment":167,"employment":583,"plotstatus":"Allotted","landallotementstatus":"SOLD","landallotementtype":"ALLOTTED","allotmentid":"INDOPEN00081","allotment_date":1605205800000,"rate_of_allotment":5492,"lease_deed":"N","possession":"N","map_sanctioned_from_planning":"N","units_under_construction":"N","completion":"N","village_name":"Muradgarhi","khasra_no":"195,272,267,275,202,276,229,231,268,270,212,277,278,269,N/F,266,204,226,230,N/F","longitude":77.61145709,"latitude":28.22697008,"authority":"YEIDA","category":"industrial","execution_stage":"allotted"}},{"type":"Feature","geometry":{"type":"Polygon","coordinates":[[[77.607923,28.223222],[77.607924,28.223763],[77.607313,28.223764],[77.607311,28.222953],[77.607922,28.222951],[77.607923,28.223222]]]},"properties":{"objectid":1642,"uniqueplotid":"PLNGINDUSTRIAL1642","plotmap_id":"SECTOR-32_40,41,42_GENERAL INDUSTRY_IND","plotidentificationnumber":"40,41,42","plotno":"40,41,42","industrysector":"SECTOR-32","block":"GENERAL INDUSTRY","plotsize":"5400 SQMT","plotsize_at_the_time_of_allotme":"5400 SQMT","plot_size_as_per_lease_plan":5400,"landuse_type":"INDUSTRIAL","landuse_subcategory":"INDUSTRIAL","scheme_cod":"INDOPEN","investment":43,"employment":152,"plotstatus":"Allotted","landallotementstatus":"SOLD","landallotementtype":"ALLOTTED","allotmentid":"INDOPEN00023","allotment_date":1565289000000,"rate_of_allotment":6413.33,"lease_deed":"Y","possession":"N","village_name":"Muradgarhi,Chakbirampur","khasra_no":"85,247,246","longitude":77.60761752,"latitude":28.22335773,"authority":"YEIDA","category":"industrial","execution_stage":"lease-recorded"}},{"type":"Feature","geometry":{"type":"Polygon","coordinates":[[[77.608761,28.217497],[77.608762,28.217723],[77.608639,28.217723],[77.608639,28.217498],[77.608761,28.217497]]]},"properties":{"objectid":1679,"uniqueplotid":"PLNGINDUSTRIAL1679","plotmap_id":"SECTOR-32_849_GENERAL INDUSTRY_IND","plotidentificationnumber":"849","plotno":"849","industrysector":"SECTOR-32","block":"GENERAL INDUSTRY","plotsize":"300 SQMT","plotsize_at_the_time_of_allotme":"300 SQMT","plot_size_as_per_lease_plan":300,"landuse_type":"INDUSTRIAL","landuse_subcategory":"INDUSTRIAL","scheme_cod":"IND06","investment":3,"employment":9,"plotstatus":"Allotted","landallotementstatus":"SOLD","landallotementtype":"ALLOTTED","allotmentid":"YIND061075","allotment_date":1574361000000,"rate_of_allotment":6670,"lease_deed":"Y","possession":"Y","possession_date":1679423400000,"map_sanctioned_from_planning":"Y","village_name":"Chakbirampur","khasra_no":"118,119","longitude":77.60870009,"latitude":28.2176102,"authority":"YEIDA","category":"industrial","execution_stage":"construction-or-map-approval"}},{"type":"Feature","geometry":{"type":"Polygon","coordinates":[[[77.610104,28.217269],[77.610105,28.217494],[77.609983,28.217494],[77.609982,28.217269],[77.610104,28.217269]]]},"properties":{"objectid":1687,"uniqueplotid":"PLNGINDUSTRIAL1687","plotmap_id":"SECTOR-32_865_GENERAL INDUSTRY_IND","plotidentificationnumber":"865","plotno":"865","industrysector":"SECTOR-32","block":"GENERAL INDUSTRY","plotsize":"300 SQMT","plotsize_at_the_time_of_allotme":"300 SQMT","landuse_type":"INDUSTRIAL","landuse_subcategory":"INDUSTRIAL","scheme_cod":"IND06","investment":3,"employment":9,"plotstatus":"Allotted","landallotementstatus":"SOLD","landallotementtype":"ALLOTTED","allotmentid":"YIND061122","allotment_date":1574361000000,"rate_of_allotment":6670,"lease_deed":"Y","possession":"N","village_name":"Chakbirampur","khasra_no":"101","longitude":77.61004366,"latitude":28.217381560000003,"authority":"YEIDA","category":"industrial","execution_stage":"lease-recorded"}},{"type":"Feature","geometry":{"type":"Polygon","coordinates":[[[77.60827,28.216831],[77.608271,28.217057],[77.608149,28.217057],[77.608148,28.216831],[77.60827,28.216831]]]},"properties":{"objectid":1700,"uniqueplotid":"PLNGINDUSTRIAL1700","plotmap_id":"SECTOR-32_981_GENERAL INDUSTRY_IND","plotidentificationnumber":"981","plotno":"981","industrysector":"SECTOR-32","block":"GENERAL INDUSTRY","plotsize":"300 SQMT","plotsize_at_the_time_of_allotme":"300 SQMT","plot_size_as_per_lease_plan":300,"landuse_type":"INDUSTRIAL","landuse_subcategory":"INDUSTRIAL","scheme_cod":"IND06","investment":3,"employment":9,"plotstatus":"Allotted","landallotementstatus":"SOLD","landallotementtype":"ALLOTTED","allotmentid":"YIND061048","allotment_date":1574361000000,"rate_of_allotment":6670,"lease_deed":"Y","lease_deed_date":1675103400000,"possession":"Y","possession_date":1672684200000,"map_sanctioned_from_planning":"Y","units_under_construction":"WORK COMPLETED","units_under_production":"Y","completion":"Y","completion_issue_date":1738089000000,"village_name":"Chakbirampur","khasra_no":"103,117","longitude":77.60820926,"latitude":28.2169439,"authority":"YEIDA","category":"industrial","execution_stage":"functional-evidence"}},{"type":"Feature","geometry":{"type":"Polygon","coordinates":[[[77.606859,28.216834],[77.60686,28.21706],[77.606738,28.21706],[77.606737,28.216835],[77.606859,28.216834]]]},"properties":{"objectid":1701,"uniqueplotid":"PLNGINDUSTRIAL1701","plotmap_id":"SECTOR-32_972_GENERAL INDUSTRY_IND","plotidentificationnumber":"972","plotno":"972","industrysector":"SECTOR-32","block":"GENERAL INDUSTRY","plotsize":"300 SQMT","plotsize_at_the_time_of_allotme":"300 SQMT","plot_size_as_per_lease_plan":300,"landuse_type":"INDUSTRIAL","landuse_subcategory":"INDUSTRIAL","scheme_cod":"IND06","investment":3,"employment":9,"plotstatus":"Allotted","landallotementstatus":"SOLD","landallotementtype":"ALLOTTED","allotmentid":"YIND061152","allotment_date":1574361000000,"rate_of_allotment":6670,"lease_deed":"Y","possession":"N","village_name":"Chakbirampur","khasra_no":"150","longitude":77.60679838,"latitude":28.21694676,"authority":"YEIDA","category":"industrial","execution_stage":"lease-recorded"}},{"type":"Feature","geometry":{"type":"Polygon","coordinates":[[[77.606737,28.216835],[77.606738,28.21706],[77.606616,28.21706],[77.606615,28.216835],[77.606737,28.216835]]]},"properties":{"objectid":1704,"uniqueplotid":"PLNGINDUSTRIAL1704","plotmap_id":"SECTOR-32_971_GENERAL INDUSTRY_IND","plotidentificationnumber":"971","plotno":"971","industrysector":"SECTOR-32","block":"GENERAL INDUSTRY","plotsize":"300 SQMT","plotsize_at_the_time_of_allotme":"300 SQMT","plot_size_as_per_lease_plan":300,"landuse_type":"INDUSTRIAL","landuse_subcategory":"INDUSTRIAL","scheme_cod":"IND06","investment":3,"employment":9,"plotstatus":"Allotted","landallotementstatus":"SOLD","landallotementtype":"ALLOTTED","allotmentid":"YIND061072","allotment_date":1574361000000,"rate_of_allotment":6670,"lease_deed":"Y","possession":"N","village_name":"Chakbirampur","khasra_no":"145,150","longitude":77.60667169,"latitude":28.21693883,"authority":"YEIDA","category":"industrial","execution_stage":"lease-recorded"}},{"type":"Feature","geometry":{"type":"Polygon","coordinates":[[[77.607416,28.217275],[77.607417,28.2175],[77.607294,28.217501],[77.607294,28.217275],[77.607416,28.217275]]]},"properties":{"objectid":1706,"uniqueplotid":"PLNGINDUSTRIAL1706","plotmap_id":"SECTOR-32_887_GENERAL INDUSTRY_IND","plotidentificationnumber":"887","plotno":"887","industrysector":"SECTOR-32","block":"GENERAL INDUSTRY","plotsize":"300 SQMT","plotsize_at_the_time_of_allotme":"300 SQMT","plot_size_as_per_lease_plan":300,"landuse_type":"INDUSTRIAL","landuse_subcategory":"INDUSTRIAL","scheme_cod":"IND02","investment":5,"employment":18,"plotstatus":"Allotted","landallotementstatus":"SOLD","landallotementtype":"ALLOTTED","allotmentid":"YIND021037","allotment_date":1442255400000,"rate_of_allotment":6100,"lease_deed":"Y","possession":"Y","possession_date":1698345000000,"village_name":"Chakbirampur","khasra_no":"117,126","longitude":77.60735516999999,"latitude":28.217387860000002,"authority":"YEIDA","category":"industrial","execution_stage":"possession-recorded"}},{"type":"Feature","geometry":{"type":"Polygon","coordinates":[[[77.610351,28.217936],[77.610352,28.218206],[77.610199,28.218206],[77.610198,28.217936],[77.610351,28.217936]]]},"properties":{"objectid":1712,"uniqueplotid":"PLNGINDUSTRIAL1712","plotmap_id":"SECTOR-32_741_GENERAL INDUSTRY_IND","plotidentificationnumber":"741","plotno":"741","industrysector":"SECTOR-32","block":"GENERAL INDUSTRY","plotsize":"450 SQMT","plotsize_at_the_time_of_allotme":"450 SQMT","plot_size_as_per_lease_plan":450,"landuse_type":"INDUSTRIAL","landuse_subcategory":"INDUSTRIAL","scheme_cod":"IND07","investment":3,"employment":10,"plotstatus":"Allotted","landallotementstatus":"SOLD","landallotementtype":"ALLOTTED","allotmentid":"YIND071172","allotment_date":1625077800000,"rate_of_allotment":7010,"lease_deed":"Y","possession":"N","village_name":"Chakbirampur","khasra_no":"97","longitude":77.61027486,"latitude":28.21807101,"authority":"YEIDA","category":"industrial","execution_stage":"lease-recorded"}},{"type":"Feature","geometry":{"type":"Polygon","coordinates":[[[77.60974,28.217937],[77.609741,28.218208],[77.609588,28.218208],[77.609587,28.217937],[77.60974,28.217937]]]},"properties":{"objectid":1713,"uniqueplotid":"PLNGINDUSTRIAL1713","plotmap_id":"SECTOR-32_745_GENERAL INDUSTRY_IND","plotidentificationnumber":"745","plotno":"745","industrysector":"SECTOR-32","block":"GENERAL INDUSTRY","plotsize":"450 SQMT","plotsize_at_the_time_of_allotme":"450 SQMT","plot_size_as_per_lease_plan":450,"landuse_type":"INDUSTRIAL","landuse_subcategory":"INDUSTRIAL","scheme_cod":"IND07","investment":3,"employment":10,"plotstatus":"Allotted","landallotementstatus":"SOLD","landallotementtype":"ALLOTTED","allotmentid":"YIND071118","allotment_date":1625164200000,"rate_of_allotment":7010,"lease_deed":"Y","possession":"Y","possession_date":1686767400000,"village_name":"Chakbirampur","khasra_no":"101,97","longitude":77.60966384,"latitude":28.21807244,"authority":"YEIDA","category":"industrial","execution_stage":"possession-recorded"}},{"type":"Feature","geometry":{"type":"Polygon","coordinates":[[[77.608212,28.217941],[77.608213,28.218211],[77.60806,28.218211],[77.60806,28.217941],[77.608212,28.217941]]]},"properties":{"objectid":1714,"uniqueplotid":"PLNGINDUSTRIAL1714","plotmap_id":"SECTOR-32_755_GENERAL INDUSTRY_IND","plotidentificationnumber":"755","plotno":"755","industrysector":"SECTOR-32","block":"GENERAL INDUSTRY","plotsize":"450 SQMT","plotsize_at_the_time_of_allotme":"450 SQMT","plot_size_as_per_lease_plan":450,"landuse_type":"INDUSTRIAL","landuse_subcategory":"INDUSTRIAL","scheme_cod":"YEA/IND-LOP(2021)-10","investment":3,"employment":10,"projects_cost_in_lacs":100,"plotstatus":"Allotted","landallotementstatus":"SOLD","landallotementtype":"ALLOTTED","allotmentid":"YIND100034","allotment_date":1650565800000,"rate_of_allotment":7010,"lease_deed":"Y","possession":"Y","possession_date":1694370600000,"village_name":"Chakbirampur","khasra_no":"122,123,124","longitude":77.60813628999999,"latitude":28.21807603,"authority":"YEIDA","category":"industrial","execution_stage":"possession-recorded"}},{"type":"Feature","geometry":{"type":"Polygon","coordinates":[[[77.609434,28.217938],[77.609435,28.218208],[77.609282,28.218209],[77.609282,28.217938],[77.609434,28.217938]]]},"properties":{"objectid":1716,"uniqueplotid":"PLNGINDUSTRIAL1716","plotmap_id":"SECTOR-32_747_GENERAL INDUSTRY_IND","plotidentificationnumber":"747","plotno":"747","industrysector":"SECTOR-32","block":"GENERAL INDUSTRY","plotsize":"450 SQMT","plotsize_at_the_time_of_allotme":"450 SQMT","plot_size_as_per_lease_plan":450,"landuse_type":"INDUSTRIAL","landuse_subcategory":"INDUSTRIAL","scheme_cod":"IND01","investment":3,"employment":12,"plotstatus":"Allotted","landallotementstatus":"SOLD","landallotementtype":"ALLOTTED","allotmentid":"YIND010547","allotment_date":1442255400000,"rate_of_allotment":6100,"lease_deed":"Y","possession":"Y","possession_date":1686249000000,"units_under_construction":"Y","village_name":"Chakbirampur","khasra_no":"101","longitude":77.60935833,"latitude":28.21807316,"authority":"YEIDA","category":"industrial","execution_stage":"construction-or-map-approval"}},{"type":"Feature","geometry":{"type":"Polygon","coordinates":[[[77.606007,28.217946],[77.606008,28.218216],[77.605855,28.218217],[77.605855,28.217946],[77.606007,28.217946]]]},"properties":{"objectid":1718,"uniqueplotid":"PLNGINDUSTRIAL1718","plotmap_id":"SECTOR-32_767_GENERAL INDUSTRY_IND","plotidentificationnumber":"767","plotno":"767","industrysector":"SECTOR-32","block":"GENERAL INDUSTRY","plotsize":"450 SQMT","plotsize_at_the_time_of_allotme":"450 SQMT","plot_size_as_per_lease_plan":450,"landuse_type":"INDUSTRIAL","landuse_subcategory":"INDUSTRIAL","scheme_cod":"IND07","investment":3,"employment":10,"plotstatus":"Allotted","landallotementstatus":"SOLD","landallotementtype":"ALLOTTED","allotmentid":"YIND071186","allotment_date":1625077800000,"rate_of_allotment":7010,"lease_deed":"Y","possession":"N","village_name":"Chakbirampur","khasra_no":"90,131","longitude":77.60593133,"latitude":28.2180812,"authority":"YEIDA","category":"industrial","execution_stage":"lease-recorded"}},{"type":"Feature","geometry":{"type":"Polygon","coordinates":[[[77.609435,28.218208],[77.609436,28.218479],[77.609283,28.218479],[77.609282,28.218209],[77.609435,28.218208]]]},"properties":{"objectid":1721,"uniqueplotid":"PLNGINDUSTRIAL1721","plotmap_id":"SECTOR-32_734_GENERAL INDUSTRY_IND","plotidentificationnumber":"734","plotno":"734","industrysector":"SECTOR-32","block":"GENERAL INDUSTRY","plotsize":"450 SQMT","plotsize_at_the_time_of_allotme":"450 SQMT","plot_size_as_per_lease_plan":450,"landuse_type":"INDUSTRIAL","landuse_subcategory":"INDUSTRIAL","scheme_cod":"IND12","investment":114,"employment":51,"plot_total_employment":"15","plotstatus":"Allotted","landallotementstatus":"SOLD","landallotementtype":"ALLOTTED","allotmentid":"YIND120033","allotment_date":1701109800000,"rate_of_allotment":13542,"lease_deed":"Y","village_name":"Chakbirampur","khasra_no":"96,101,95","longitude":77.60935915,"latitude":28.218343739999998,"authority":"YEIDA","category":"industrial","execution_stage":"lease-recorded"}},{"type":"Feature","geometry":{"type":"Polygon","coordinates":[[[77.608824,28.21821],[77.608825,28.21848],[77.608672,28.218481],[77.608671,28.21821],[77.608824,28.21821]]]},"properties":{"objectid":1722,"uniqueplotid":"PLNGINDUSTRIAL1722","plotmap_id":"SECTOR-32_730_GENERAL INDUSTRY_IND","plotidentificationnumber":"730","plotno":"730","industrysector":"SECTOR-32","block":"GENERAL INDUSTRY","plotsize":"450 SQMT","plotsize_at_the_time_of_allotme":"450 SQMT","plot_size_as_per_lease_plan":450,"landuse_type":"INDUSTRIAL","landuse_subcategory":"INDUSTRIAL","scheme_cod":"YEA/IND-LOP(2021)-10","investment":3,"employment":10,"projects_cost_in_lacs":256,"plotstatus":"Allotted","landallotementstatus":"SOLD","landallotementtype":"ALLOTTED","allotmentid":"YIND100029","allotment_date":1650565800000,"rate_of_allotment":7010,"lease_deed":"Y","possession":"N","village_name":"Chakbirampur","khasra_no":"122,95","longitude":77.60874813,"latitude":28.21834517,"authority":"YEIDA","category":"industrial","execution_stage":"lease-recorded"}},{"type":"Feature","geometry":{"type":"Polygon","coordinates":[[[77.606314,28.218216],[77.606314,28.218486],[77.606162,28.218487],[77.606161,28.218216],[77.606314,28.218216]]]},"properties":{"objectid":1730,"uniqueplotid":"PLNGINDUSTRIAL1730","plotmap_id":"SECTOR-32_716_GENERAL INDUSTRY_IND","plotidentificationnumber":"716","plotno":"716","industrysector":"SECTOR-32","block":"GENERAL INDUSTRY","plotsize":"450 SQMT","plotsize_at_the_time_of_allotme":"450 SQMT","plot_size_as_per_lease_plan":450,"landuse_type":"INDUSTRIAL","landuse_subcategory":"INDUSTRIAL","scheme_cod":"IND07","investment":3,"employment":10,"plotstatus":"Allotted","landallotementstatus":"SOLD","landallotementtype":"ALLOTTED","allotmentid":"YIND071235","allotment_date":1625077800000,"rate_of_allotment":7010,"lease_deed":"Y","possession":"Y","possession_date":1687372200000,"village_name":"Chakbirampur","khasra_no":"91,130","longitude":77.60623766,"latitude":28.21835107,"authority":"YEIDA","category":"industrial","execution_stage":"possession-recorded"}},{"type":"Feature","geometry":{"type":"Polygon","coordinates":[[[77.608215,28.218698],[77.608215,28.218969],[77.608063,28.218969],[77.608062,28.218699],[77.608215,28.218698]]]},"properties":{"objectid":1731,"uniqueplotid":"PLNGINDUSTRIAL1731","plotmap_id":"SECTOR-32_647_GENERAL INDUSTRY_IND","plotidentificationnumber":"647","plotno":"647","industrysector":"SECTOR-32","block":"GENERAL INDUSTRY","plotsize":"450 SQMT","plotsize_at_the_time_of_allotme":"450 SQMT","plot_size_as_per_lease_plan":450,"landuse_type":"INDUSTRIAL","landuse_subcategory":"INDUSTRIAL","scheme_cod":"IND01","investment":3,"employment":12,"plot_total_employment":"42278","plotstatus":"Allotted","landallotementstatus":"SOLD","landallotementtype":"ALLOTTED","allotmentid":"YIND010690","allotment_date":1442255400000,"rate_of_allotment":6100,"lease_deed":"Y","lease_deed_date":1745260200000,"possession":"N","village_name":"Chakbirampur","khasra_no":"95","longitude":77.60813857,"latitude":28.21883366,"authority":"YEIDA","category":"industrial","execution_stage":"lease-recorded"}},{"type":"Feature","geometry":{"type":"Polygon","coordinates":[[[77.606992,28.218485],[77.606773,28.218485],[77.606772,28.218215],[77.606991,28.218214],[77.606992,28.218485]]]},"properties":{"objectid":1734,"uniqueplotid":"PLNGINDUSTRIAL1734","plotmap_id":"SECTOR-32_720_GENERAL INDUSTRY_IND","plotidentificationnumber":"720","plotno":"720","industrysector":"SECTOR-32","block":"GENERAL INDUSTRY","plotsize":"450 SQMT","plotsize_at_the_time_of_allotme":"450 SQMT","landuse_type":"INDUSTRIAL","landuse_subcategory":"INDUSTRIAL","scheme_cod":"IND01","investment":3,"employment":12,"plotstatus":"Allotted","landallotementstatus":"SOLD","landallotementtype":"ALLOTTED","allotmentid":"YIND010699","allotment_date":1442255400000,"rate_of_allotment":6100,"lease_deed":"Y","possession":"N","village_name":"Chakbirampur","khasra_no":"93,127,128","longitude":77.60688373,"latitude":28.21835184,"authority":"YEIDA","category":"industrial","execution_stage":"lease-recorded"}},{"type":"Feature","geometry":{"type":"Polygon","coordinates":[[[77.608978,28.218696],[77.608979,28.218967],[77.608826,28.218967],[77.608826,28.218697],[77.608978,28.218696]]]},"properties":{"objectid":1738,"uniqueplotid":"PLNGINDUSTRIAL1738","plotmap_id":"SECTOR-32_642_GENERAL INDUSTRY_IND","plotidentificationnumber":"642","plotno":"642","industrysector":"SECTOR-32","block":"GENERAL INDUSTRY","plotsize":"450 SQMT","plotsize_at_the_time_of_allotme":"450 SQMT","plot_size_as_per_lease_plan":450,"landuse_type":"INDUSTRIAL","landuse_subcategory":"INDUSTRIAL","scheme_cod":"IND01","investment":3,"employment":12,"plotstatus":"Allotted","landallotementstatus":"SOLD","landallotementtype":"ALLOTTED","allotmentid":"YIND010559","allotment_date":1442255400000,"rate_of_allotment":6100,"lease_deed":"Y","possession":"Y","possession_date":1677868200000,"village_name":"Chakbirampur","khasra_no":"95","longitude":77.60890235000001,"latitude":28.21883186,"authority":"YEIDA","category":"industrial","execution_stage":"possession-recorded"}},{"type":"Feature","geometry":{"type":"Polygon","coordinates":[[[77.608826,28.218967],[77.608827,28.219238],[77.608674,28.219238],[77.608674,28.218968],[77.608826,28.218967]]]},"properties":{"objectid":1739,"uniqueplotid":"PLNGINDUSTRIAL1739","plotmap_id":"SECTOR-32_622_GENERAL INDUSTRY_IND","plotidentificationnumber":"622","plotno":"622","industrysector":"SECTOR-32","block":"GENERAL INDUSTRY","plotsize":"450 SQMT","plotsize_at_the_time_of_allotme":"450 SQMT","landuse_type":"INDUSTRIAL","landuse_subcategory":"INDUSTRIAL","scheme_cod":"IND01","investment":3,"employment":12,"plotstatus":"Allotted","landallotementstatus":"SOLD","landallotementtype":"ALLOTTED","allotmentid":"YIND010639","allotment_date":1442255400000,"rate_of_allotment":6100,"lease_deed":"Y","possession":"Y","possession_date":1729708200000,"village_name":"Chakbirampur","khasra_no":"95","longitude":77.60875041,"latitude":28.2191028,"authority":"YEIDA","category":"industrial","execution_stage":"possession-recorded"}},{"type":"Feature","geometry":{"type":"Polygon","coordinates":[[[77.608215,28.218969],[77.608216,28.219239],[77.608063,28.21924],[77.608063,28.218969],[77.608215,28.218969]]]},"properties":{"objectid":1740,"uniqueplotid":"PLNGINDUSTRIAL1740","plotmap_id":"SECTOR-32_618_GENERAL INDUSTRY_IND","plotidentificationnumber":"618","plotno":"618","industrysector":"SECTOR-32","block":"GENERAL INDUSTRY","plotsize":"450 SQMT","plotsize_at_the_time_of_allotme":"450 SQMT","landuse_type":"INDUSTRIAL","landuse_subcategory":"INDUSTRIAL","scheme_cod":"IND06","investment":4,"employment":13,"plotstatus":"Allotted","landallotementstatus":"SOLD","landallotementtype":"ALLOTTED","allotmentid":"YIND061280","allotment_date":1574361000000,"rate_of_allotment":6670,"lease_deed":"Y","possession":"Y","possession_date":1659378600000,"village_name":"Chakbirampur","khasra_no":"93,95","longitude":77.60813938999999,"latitude":28.21910424,"authority":"YEIDA","category":"industrial","execution_stage":"possession-recorded"}},{"type":"Feature","geometry":{"type":"Polygon","coordinates":[[[77.609285,28.218966],[77.609285,28.219237],[77.609133,28.219237],[77.609132,28.218967],[77.609285,28.218966]]]},"properties":{"objectid":1741,"uniqueplotid":"PLNGINDUSTRIAL1741","plotmap_id":"SECTOR-32_625_GENERAL INDUSTRY_IND","plotidentificationnumber":"625","plotno":"625","industrysector":"SECTOR-32","block":"GENERAL INDUSTRY","plotsize":"450 SQMT","plotsize_at_the_time_of_allotme":"450 SQMT","landuse_type":"INDUSTRIAL","landuse_subcategory":"INDUSTRIAL","scheme_cod":"IND06","investment":4,"employment":13,"plotstatus":"Allotted","landallotementstatus":"SOLD","landallotementtype":"ALLOTTED","allotmentid":"YIND061203","allotment_date":1574361000000,"rate_of_allotment":6670,"lease_deed":"Y","possession":"N","village_name":"Chakbirampur","khasra_no":"95","longitude":77.60920867,"latitude":28.219101730000002,"authority":"YEIDA","category":"industrial","execution_stage":"lease-recorded"}},{"type":"Feature","geometry":{"type":"Polygon","coordinates":[[[77.60959,28.218966],[77.609591,28.219236],[77.609438,28.219236],[77.609437,28.218966],[77.60959,28.218966]]]},"properties":{"objectid":1742,"uniqueplotid":"PLNGINDUSTRIAL1742","plotmap_id":"SECTOR-32_627_GENERAL INDUSTRY_IND","plotidentificationnumber":"627","plotno":"627","industrysector":"SECTOR-32","block":"GENERAL INDUSTRY","plotsize":"450 SQMT","plotsize_at_the_time_of_allotme":"450 SQMT","landuse_type":"INDUSTRIAL","landuse_subcategory":"INDUSTRIAL","scheme_cod":"IND06","investment":4,"employment":13,"plotstatus":"Allotted","landallotementstatus":"SOLD","landallotementtype":"ALLOTTED","allotmentid":"YIND061240","allotment_date":1574361000000,"rate_of_allotment":6670,"lease_deed":"N","possession":"N","village_name":"Chakbirampur","khasra_no":"95","longitude":77.60951417999999,"latitude":28.21910101,"authority":"YEIDA","category":"industrial","execution_stage":"allotted"}},{"type":"Feature","geometry":{"type":"Polygon","coordinates":[[[77.60791,28.218969],[77.607911,28.21924],[77.607758,28.21924],[77.607757,28.21897],[77.60791,28.218969]]]},"properties":{"objectid":1743,"uniqueplotid":"PLNGINDUSTRIAL1743","plotmap_id":"SECTOR-32_616_GENERAL INDUSTRY_IND","plotidentificationnumber":"616","plotno":"616","industrysector":"SECTOR-32","block":"GENERAL INDUSTRY","plotsize":"450 SQMT","plotsize_at_the_time_of_allotme":"450 SQMT","landuse_type":"INDUSTRIAL","landuse_subcategory":"INDUSTRIAL","scheme_cod":"IND01","investment":3,"employment":12,"plotstatus":"Allotted","landallotementstatus":"SOLD","landallotementtype":"ALLOTTED","allotmentid":"YIND010587","allotment_date":1442255400000,"rate_of_allotment":6100,"lease_deed":"Y","possession":"Y","possession_date":1709231400000,"map_sanctioned_from_planning":"Y","units_under_construction":"Y","village_name":"Chakbirampur","khasra_no":"93","longitude":77.60783388,"latitude":28.219104950000002,"authority":"YEIDA","category":"industrial","execution_stage":"construction-or-map-approval"}},{"type":"Feature","geometry":{"type":"Polygon","coordinates":[[[77.606469,28.218973],[77.606469,28.219243],[77.606317,28.219244],[77.606316,28.218973],[77.606469,28.218973]]]},"properties":{"objectid":1744,"uniqueplotid":"PLNGINDUSTRIAL1744","plotmap_id":"SECTOR-32_609_GENERAL INDUSTRY_IND","plotidentificationnumber":"609","plotno":"609","industrysector":"SECTOR-32","block":"GENERAL INDUSTRY","plotsize":"450 SQMT","plotsize_at_the_time_of_allotme":"450 SQMT","landuse_type":"INDUSTRIAL","landuse_subcategory":"INDUSTRIAL","scheme_cod":"IND01","investment":3,"employment":12,"plotstatus":"Allotted","landallotementstatus":"SOLD","landallotementtype":"ALLOTTED","allotmentid":"YIND010660","allotment_date":1442255400000,"rate_of_allotment":6100,"lease_deed":"N","possession":"N","village_name":"Chakbirampur","khasra_no":"91","longitude":77.60639269,"latitude":28.219108340000002,"authority":"YEIDA","category":"industrial","execution_stage":"allotted"}},{"type":"Feature","geometry":{"type":"Polygon","coordinates":[[[77.609897,28.219452],[77.609898,28.219722],[77.609745,28.219723],[77.609744,28.219452],[77.609897,28.219452]]]},"properties":{"objectid":1745,"uniqueplotid":"PLNGINDUSTRIAL1745","plotmap_id":"SECTOR-32_528_GENERAL INDUSTRY_IND","plotidentificationnumber":"528","plotno":"528","industrysector":"SECTOR-32","block":"GENERAL INDUSTRY","plotsize":"450 SQMT","plotsize_at_the_time_of_allotme":"450 SQMT","landuse_type":"INDUSTRIAL","landuse_subcategory":"INDUSTRIAL","scheme_cod":"IND06","investment":4,"employment":13,"plotstatus":"Allotted","landallotementstatus":"SOLD","landallotementtype":"ALLOTTED","allotmentid":"YIND061188","allotment_date":1574361000000,"rate_of_allotment":6670,"lease_deed":"Y","possession":"N","village_name":"Chakbirampur","khasra_no":"95","longitude":77.60982116000001,"latitude":28.21958734,"authority":"YEIDA","category":"industrial","execution_stage":"lease-recorded"}},{"type":"Feature","geometry":{"type":"Polygon","coordinates":[[[77.605859,28.219461],[77.60586,28.219732],[77.605707,28.219732],[77.605706,28.219462],[77.605859,28.219461]]]},"properties":{"objectid":1747,"uniqueplotid":"PLNGINDUSTRIAL1747","plotmap_id":"SECTOR-32_552_GENERAL INDUSTRY_IND","plotidentificationnumber":"552","plotno":"552","industrysector":"SECTOR-32","block":"GENERAL INDUSTRY","plotsize":"450 SQMT","plotsize_at_the_time_of_allotme":"450 SQMT","plot_size_as_per_lease_plan":450,"landuse_type":"INDUSTRIAL","landuse_subcategory":"INDUSTRIAL","scheme_cod":"IND01","investment":3,"employment":12,"plotstatus":"Allotted","landallotementstatus":"SOLD","landallotementtype":"ALLOTTED","allotmentid":"YIND010649","allotment_date":1442255400000,"rate_of_allotment":6100,"lease_deed":"Y","possession":"Y","possession_date":1687113000000,"village_name":"Chakbirampur","khasra_no":"89","longitude":77.60578314,"latitude":28.21959682,"authority":"YEIDA","category":"industrial","execution_stage":"possession-recorded"}},{"type":"Feature","geometry":{"type":"Polygon","coordinates":[[[77.607607,28.219728],[77.607607,28.219998],[77.607455,28.219999],[77.607454,28.219728],[77.607607,28.219728]]]},"properties":{"objectid":1748,"uniqueplotid":"PLNGINDUSTRIAL1748","plotmap_id":"SECTOR-32_506_GENERAL INDUSTRY_IND","plotidentificationnumber":"506","plotno":"506","industrysector":"SECTOR-32","block":"GENERAL INDUSTRY","plotsize":"450 SQMT","plotsize_at_the_time_of_allotme":"450 SQMT","plot_size_as_per_lease_plan":450,"landuse_type":"INDUSTRIAL","landuse_subcategory":"INDUSTRIAL","scheme_cod":"IND06","investment":4,"employment":13,"plotstatus":"Allotted","landallotementstatus":"SOLD","landallotementtype":"ALLOTTED","allotmentid":"YIND061192","allotment_date":1574361000000,"rate_of_allotment":6670,"lease_deed":"Y","possession":"Y","possession_date":1684693800000,"map_sanctioned_from_planning":"Y","units_under_construction":"Y","village_name":"Chakbirampur","khasra_no":"81","longitude":77.60753065,"latitude":28.21986329,"authority":"YEIDA","category":"industrial","execution_stage":"construction-or-map-approval"}},{"type":"Feature","geometry":{"type":"Polygon","coordinates":[[[77.606165,28.219461],[77.606165,28.219731],[77.606013,28.219732],[77.606012,28.219461],[77.606165,28.219461]]]},"properties":{"objectid":1749,"uniqueplotid":"PLNGINDUSTRIAL1749","plotmap_id":"SECTOR-32_550_GENERAL INDUSTRY_IND","plotidentificationnumber":"550","plotno":"550","industrysector":"SECTOR-32","block":"GENERAL INDUSTRY","plotsize":"450 SQMT","plotsize_at_the_time_of_allotme":"450 SQMT","landuse_type":"INDUSTRIAL","landuse_subcategory":"INDUSTRIAL","scheme_cod":"IND01","investment":3,"employment":12,"plotstatus":"Allotted","landallotementstatus":"SOLD","landallotementtype":"ALLOTTED","allotmentid":"YIND010657","allotment_date":1442255400000,"rate_of_allotment":6100,"lease_deed":"N","possession":"N","village_name":"Chakbirampur","khasra_no":"89","longitude":77.60608864999999,"latitude":28.2195961,"authority":"YEIDA","category":"industrial","execution_stage":"allotted"}},{"type":"Feature","geometry":{"type":"Polygon","coordinates":[[[77.60837,28.219726],[77.608371,28.219997],[77.608218,28.219997],[77.608218,28.219726],[77.60837,28.219726]]]},"properties":{"objectid":1750,"uniqueplotid":"PLNGINDUSTRIAL1750","plotmap_id":"SECTOR-32_511_GENERAL INDUSTRY_IND","plotidentificationnumber":"511","plotno":"511","industrysector":"SECTOR-32","block":"GENERAL INDUSTRY","plotsize":"450 SQMT","plotsize_at_the_time_of_allotme":"450 SQMT","landuse_type":"INDUSTRIAL","landuse_subcategory":"INDUSTRIAL","scheme_cod":"IND06","investment":4,"employment":13,"plotstatus":"Allotted","landallotementstatus":"SOLD","landallotementtype":"ALLOTTED","allotmentid":"YIND061224","allotment_date":1574361000000,"rate_of_allotment":6670,"lease_deed":"Y","possession":"N","village_name":"Chakbirampur","khasra_no":"80,94,82","longitude":77.60829442,"latitude":28.2198615,"authority":"YEIDA","category":"industrial","execution_stage":"lease-recorded"}},{"type":"Feature","geometry":{"type":"Polygon","coordinates":[[[77.607759,28.219727],[77.60776,28.219998],[77.607607,28.219998],[77.607607,28.219728],[77.607759,28.219727]]]},"properties":{"objectid":1753,"uniqueplotid":"PLNGINDUSTRIAL1753","plotmap_id":"SECTOR-32_507_GENERAL INDUSTRY_IND","plotidentificationnumber":"507","plotno":"507","industrysector":"SECTOR-32","block":"GENERAL INDUSTRY","plotsize":"450 SQMT","plotsize_at_the_time_of_allotme":"450 SQMT","plot_size_as_per_lease_plan":450,"landuse_type":"INDUSTRIAL","landuse_subcategory":"INDUSTRIAL","scheme_cod":"IND06","investment":4,"employment":13,"plotstatus":"Allotted","landallotementstatus":"SOLD","landallotementtype":"ALLOTTED","allotmentid":"YIND061278","allotment_date":1574361000000,"rate_of_allotment":6670,"lease_deed":"Y","possession":"Y","possession_date":1687804200000,"map_sanctioned_from_planning":"Y","units_under_construction":"Y","village_name":"Chakbirampur","khasra_no":"81","longitude":77.6076834,"latitude":28.219862929999998,"authority":"YEIDA","category":"industrial","execution_stage":"construction-or-map-approval"}},{"type":"Feature","geometry":{"type":"Polygon","coordinates":[[[77.606996,28.219729],[77.606776,28.21973],[77.606776,28.219459],[77.606995,28.219459],[77.606996,28.219729]]]},"properties":{"objectid":1754,"uniqueplotid":"PLNGINDUSTRIAL1754","plotmap_id":"SECTOR-32_545_GENERAL INDUSTRY_IND","plotidentificationnumber":"545","plotno":"545","industrysector":"SECTOR-32","block":"GENERAL INDUSTRY","plotsize":"450 SQMT","plotsize_at_the_time_of_allotme":"450 SQMT","plot_size_as_per_lease_plan":654,"landuse_type":"INDUSTRIAL","landuse_subcategory":"INDUSTRIAL","scheme_cod":"IND06","investment":4,"employment":13,"plotstatus":"Allotted","landallotementstatus":"SOLD","landallotementtype":"ALLOTTED","allotmentid":"YIND061225","allotment_date":1574361000000,"rate_of_allotment":6670,"lease_deed":"Y","possession":"Y","possession_date":1722191400000,"village_name":"Chakbirampur","khasra_no":"81","longitude":77.60688891000001,"latitude":28.21959827,"authority":"YEIDA","category":"industrial","execution_stage":"possession-recorded"}},{"type":"Feature","geometry":{"type":"Polygon","coordinates":[[[77.609838,28.22021],[77.609839,28.220525],[77.609666,28.220526],[77.609665,28.22021],[77.609838,28.22021]]]},"properties":{"objectid":1758,"uniqueplotid":"PLNGINDUSTRIAL1758","plotmap_id":"SECTOR-32_429_GENERAL INDUSTRY_IND","plotidentificationnumber":"429","plotno":"429","industrysector":"SECTOR-32","block":"GENERAL INDUSTRY","plotsize":"595 SQMT","plotsize_at_the_time_of_allotme":"595 SQMT","plot_size_as_per_lease_plan":595,"landuse_type":"INDUSTRIAL","landuse_subcategory":"INDUSTRIAL","scheme_cod":"IND06","investment":5,"employment":17,"plotstatus":"Allotted","landallotementstatus":"SOLD","landallotementtype":"ALLOTTED","allotmentid":"YIND061339","allotment_date":1574361000000,"rate_of_allotment":6670,"lease_deed":"Y","possession":"N","village_name":"Chakbirampur","khasra_no":"77,78","longitude":77.60975222,"latitude":28.22036767,"authority":"YEIDA","category":"industrial","execution_stage":"lease-recorded"}},{"type":"Feature","geometry":{"type":"Polygon","coordinates":[[[77.605893,28.220535],[77.605894,28.22085],[77.605721,28.220851],[77.60572,28.220535],[77.605893,28.220535]]]},"properties":{"objectid":1761,"uniqueplotid":"PLNGINDUSTRIAL1761","plotmap_id":"SECTOR-32_404_GENERAL INDUSTRY_IND","plotidentificationnumber":"404","plotno":"404","industrysector":"SECTOR-32","block":"GENERAL INDUSTRY","plotsize":"595 SQMT","plotsize_at_the_time_of_allotme":"595 SQMT","plot_size_as_per_lease_plan":595,"landuse_type":"INDUSTRIAL","landuse_subcategory":"INDUSTRIAL","scheme_cod":"IND02","investment":5,"employment":16,"plotstatus":"Allotted","landallotementstatus":"SOLD","landallotementtype":"ALLOTTED","allotmentid":"YIND021479","allotment_date":1442255400000,"rate_of_allotment":6100,"lease_deed":"Y","possession":"N","village_name":"Chakbirampur","khasra_no":"89","longitude":77.6058068,"latitude":28.22069261,"authority":"YEIDA","category":"industrial","execution_stage":"lease-recorded"}},{"type":"Feature","geometry":{"type":"Polygon","coordinates":[[[77.609839,28.220525],[77.60984,28.220841],[77.609667,28.220841],[77.609666,28.220526],[77.609839,28.220525]]]},"properties":{"objectid":1763,"uniqueplotid":"PLNGINDUSTRIAL1763","plotmap_id":"SECTOR-32_422_GENERAL INDUSTRY_IND","plotidentificationnumber":"422","plotno":"422","industrysector":"SECTOR-32","block":"GENERAL INDUSTRY","plotsize":"595 SQMT","plotsize_at_the_time_of_allotme":"595 SQMT","landuse_type":"INDUSTRIAL","landuse_subcategory":"INDUSTRIAL","scheme_cod":"IND06","investment":5,"employment":17,"plotstatus":"Allotted","landallotementstatus":"SOLD","landallotementtype":"ALLOTTED","allotmentid":"YIND061331","allotment_date":1574361000000,"rate_of_allotment":6670,"lease_deed":"Y","possession":"Y","possession_date":1710009000000,"village_name":"Chakbirampur","khasra_no":"77,78,71","longitude":77.60975317,"latitude":28.22068334,"authority":"YEIDA","category":"industrial","execution_stage":"possession-recorded"}},{"type":"Feature","geometry":{"type":"Polygon","coordinates":[[[77.608169,28.220529],[77.60817,28.220845],[77.607997,28.220845],[77.607996,28.22053],[77.608169,28.220529]]]},"properties":{"objectid":1764,"uniqueplotid":"PLNGINDUSTRIAL1764","plotmap_id":"SECTOR-32_415_GENERAL INDUSTRY_IND","plotidentificationnumber":"415","plotno":"415","industrysector":"SECTOR-32","block":"GENERAL INDUSTRY","plotsize":"595 SQMT","plotsize_at_the_time_of_allotme":"595 SQMT","plot_size_as_per_lease_plan":595,"landuse_type":"INDUSTRIAL","landuse_subcategory":"INDUSTRIAL","scheme_cod":"IND06","investment":5,"employment":17,"plotstatus":"Allotted","landallotementstatus":"SOLD","landallotementtype":"ALLOTTED","allotmentid":"YIND061326","allotment_date":1574361000000,"rate_of_allotment":6670,"lease_deed":"Y","possession":"Y","possession_date":1699381800000,"map_sanctioned_from_planning":"Y","units_under_construction":"Y","village_name":"Chakbirampur","khasra_no":"82","longitude":77.60808305,"latitude":28.220687260000002,"authority":"YEIDA","category":"industrial","execution_stage":"construction-or-map-approval"}},{"type":"Feature","geometry":{"type":"Polygon","coordinates":[[[77.606775,28.219243],[77.606622,28.219243],[77.606621,28.218973],[77.606774,28.218972],[77.606775,28.219243]]]},"properties":{"objectid":1772,"uniqueplotid":"PLNGINDUSTRIAL1772","plotmap_id":"SECTOR-32_611_GENERAL INDUSTRY_IND","plotidentificationnumber":"611","plotno":"611","industrysector":"SECTOR-32","block":"GENERAL INDUSTRY","plotsize":"450 SQMT","plotsize_at_the_time_of_allotme":"450 SQMT","landuse_type":"INDUSTRIAL","landuse_subcategory":"INDUSTRIAL","scheme_cod":"IND06","investment":4,"employment":13,"plotstatus":"Allotted","landallotementstatus":"SOLD","landallotementtype":"ALLOTTED","allotmentid":"YIND061217","allotment_date":1574361000000,"rate_of_allotment":6670,"lease_deed":"Y","possession":"Y","possession_date":1654453800000,"village_name":"Chakbirampur","khasra_no":"81,92,91","longitude":77.60669652,"latitude":28.21910466,"authority":"YEIDA","category":"industrial","execution_stage":"possession-recorded"}},{"type":"Feature","geometry":{"type":"Polygon","coordinates":[[[77.609282,28.217938],[77.609282,28.218209],[77.60913,28.218209],[77.609129,28.217938],[77.609282,28.217938]]]},"properties":{"objectid":1776,"uniqueplotid":"PLNGINDUSTRIAL1776","plotmap_id":"SECTOR-32_748_GENERAL INDUSTRY_IND","plotidentificationnumber":"748","plotno":"748","industrysector":"SECTOR-32","block":"GENERAL INDUSTRY","plotsize":"450 SQMT","plotsize_at_the_time_of_allotme":"450 SQMT","landuse_type":"INDUSTRIAL","landuse_subcategory":"INDUSTRIAL","scheme_cod":"IND01","investment":3,"employment":12,"plotstatus":"Allotted","landallotementstatus":"SOLD","landallotementtype":"ALLOTTED","allotmentid":"YIND010631","allotment_date":1442255400000,"rate_of_allotment":6100,"lease_deed":"N","possession":"N","village_name":"Chakbirampur","khasra_no":"96,101","longitude":77.60920558000001,"latitude":28.21807352,"authority":"YEIDA","category":"industrial","execution_stage":"allotted"}},{"type":"Feature","geometry":{"type":"Polygon","coordinates":[[[77.609738,28.217495],[77.609739,28.217721],[77.609617,28.217721],[77.609616,28.217495],[77.609738,28.217495]]]},"properties":{"objectid":1780,"uniqueplotid":"PLNGINDUSTRIAL1780","plotmap_id":"SECTOR-32_857_GENERAL INDUSTRY_IND","plotidentificationnumber":"857","plotno":"857","industrysector":"SECTOR-32","block":"GENERAL INDUSTRY","plotsize":"300 SQMT","plotsize_at_the_time_of_allotme":"300 SQMT","landuse_type":"INDUSTRIAL","landuse_subcategory":"INDUSTRIAL","scheme_cod":"IND02","investment":5,"employment":18,"plotstatus":"Allotted","landallotementstatus":"SOLD","landallotementtype":"ALLOTTED","allotmentid":"YIND021400","allotment_date":1442255400000,"rate_of_allotment":6100,"lease_deed":"Y","possession":"N","village_name":"Chakbirampur","khasra_no":"101","longitude":77.60967772,"latitude":28.2176079,"authority":"YEIDA","category":"industrial","execution_stage":"lease-recorded"}},{"type":"Feature","geometry":{"type":"Polygon","coordinates":[[[77.606873,28.22129],[77.606751,28.22129],[77.60675,28.221065],[77.606872,28.221064],[77.606873,28.22129]]]},"properties":{"objectid":1781,"uniqueplotid":"PLNGINDUSTRIAL1781","plotmap_id":"SECTOR-32_339_GENERAL INDUSTRY_IND","plotidentificationnumber":"339","plotno":"339","industrysector":"SECTOR-32","block":"GENERAL INDUSTRY","plotsize":"300 SQMT","plotsize_at_the_time_of_allotme":"300 SQMT","plot_size_as_per_lease_plan":300,"landuse_type":"INDUSTRIAL","landuse_subcategory":"INDUSTRIAL","scheme_cod":"IND04","investment":5,"employment":18,"plotstatus":"Allotted","landallotementstatus":"SOLD","landallotementtype":"ALLOTTED","allotmentid":"YIND041012","allotment_date":1546972200000,"rate_of_allotment":6405,"lease_deed":"Y","possession":"Y","possession_date":1674671400000,"units_under_construction":"Y","village_name":"Chakbirampur","khasra_no":"81,82","longitude":77.60681216,"latitude":28.22117876,"authority":"YEIDA","category":"industrial","execution_stage":"construction-or-map-approval"}},{"type":"Feature","geometry":{"type":"Polygon","coordinates":[[[77.611217,28.221428],[77.611218,28.221698],[77.610607,28.221699],[77.610606,28.221429],[77.611217,28.221428]]]},"properties":{"objectid":1788,"uniqueplotid":"PLNGINDUSTRIAL1788","plotmap_id":"SECTOR-32_1118_GENERAL INDUSTRY_IND","plotidentificationnumber":"1118","plotno":"1118","industrysector":"SECTOR-32","block":"GENERAL INDUSTRY","plotsize":"1800 SQMT","plotsize_at_the_time_of_allotme":"1800 SQMT","plot_size_as_per_lease_plan":1800,"landuse_type":"INDUSTRIAL","landuse_subcategory":"INDUSTRIAL","scheme_cod":"IND01","investment":14,"employment":48,"plotstatus":"Allotted","landallotementstatus":"SOLD","landallotementtype":"ALLOTTED","allotmentid":"YIND010450","allotment_date":1388601000000,"rate_of_allotment":6050,"lease_deed":"Y","possession":"Y","possession_date":1718130600000,"village_name":"Chakbirampur","khasra_no":"40,74","longitude":77.61088802,"latitude":28.2215562,"authority":"YEIDA","category":"industrial","execution_stage":"possession-recorded"}},{"type":"Feature","geometry":{"type":"Polygon","coordinates":[[[77.610045,28.217936],[77.610046,28.218207],[77.609893,28.218207],[77.609893,28.217937],[77.610045,28.217936]]]},"properties":{"objectid":1794,"uniqueplotid":"PLNGINDUSTRIAL1794","plotmap_id":"SECTOR-32_743_GENERAL INDUSTRY_IND","plotidentificationnumber":"743","plotno":"743","industrysector":"SECTOR-32","block":"GENERAL INDUSTRY","plotsize":"450 SQMT","plotsize_at_the_time_of_allotme":"450 SQMT","plot_size_as_per_lease_plan":595,"landuse_type":"INDUSTRIAL","landuse_subcategory":"INDUSTRIAL","scheme_cod":"IND07","investment":3,"employment":10,"plotstatus":"Allotted","landallotementstatus":"SOLD","landallotementtype":"ALLOTTED","allotmentid":"YIND071156","allotment_date":1625164200000,"rate_of_allotment":7010,"lease_deed":"Y","possession":"Y","possession_date":1692210600000,"village_name":"Chakbirampur","khasra_no":"101,97","longitude":77.60996935,"latitude":28.21807173,"authority":"YEIDA","category":"industrial","execution_stage":"possession-recorded"}},{"type":"Feature","geometry":{"type":"Polygon","coordinates":[[[77.609592,28.219453],[77.609592,28.219723],[77.60944,28.219724],[77.609439,28.219453],[77.609592,28.219453]]]},"properties":{"objectid":1798,"uniqueplotid":"PLNGINDUSTRIAL1798","plotmap_id":"SECTOR-32_530_GENERAL INDUSTRY_IND","plotidentificationnumber":"530","plotno":"530","industrysector":"SECTOR-32","block":"GENERAL INDUSTRY","plotsize":"450 SQMT","plotsize_at_the_time_of_allotme":"450 SQMT","plot_size_as_per_lease_plan":450,"landuse_type":"INDUSTRIAL","landuse_subcategory":"INDUSTRIAL","scheme_cod":"IND06","investment":4,"employment":13,"plotstatus":"Allotted","landallotementstatus":"SOLD","landallotementtype":"ALLOTTED","allotmentid":"YIND061197","allotment_date":1574361000000,"rate_of_allotment":6670,"lease_deed":"Y","possession":"Y","possession_date":1674498600000,"village_name":"Chakbirampur","khasra_no":"95","longitude":77.60951564999999,"latitude":28.21958805,"authority":"YEIDA","category":"industrial","execution_stage":"possession-recorded"}},{"type":"Feature","geometry":{"type":"Polygon","coordinates":[[[77.607916,28.221062],[77.607917,28.221287],[77.607795,28.221288],[77.607794,28.221062],[77.607916,28.221062]]]},"properties":{"objectid":1799,"uniqueplotid":"PLNGINDUSTRIAL1799","plotmap_id":"SECTOR-32_333_GENERAL INDUSTRY_IND","plotidentificationnumber":"333","plotno":"333","industrysector":"SECTOR-32","block":"GENERAL INDUSTRY","plotsize":"300 SQMT","plotsize_at_the_time_of_allotme":"300 SQMT","landuse_type":"INDUSTRIAL","landuse_subcategory":"INDUSTRIAL","scheme_cod":"IND06","investment":3,"employment":9,"plotstatus":"Allotted","landallotementstatus":"SOLD","landallotementtype":"ALLOTTED","allotmentid":"YIND061019","allotment_date":1574361000000,"rate_of_allotment":6670,"lease_deed":"Y","possession":"Y","possession_date":1634754600000,"map_sanctioned_from_planning":"Y","village_name":"Chakbirampur","khasra_no":"82","longitude":77.60785538,"latitude":28.22117484,"authority":"YEIDA","category":"industrial","execution_stage":"construction-or-map-approval"}},{"type":"Feature","geometry":{"type":"Polygon","coordinates":[[[77.608772,28.221285],[77.608773,28.221511],[77.608651,28.221511],[77.60865,28.221286],[77.608772,28.221285]]]},"properties":{"objectid":1803,"uniqueplotid":"PLNGINDUSTRIAL1803","plotmap_id":"SECTOR-32_299_GENERAL INDUSTRY_IND","plotidentificationnumber":"299","plotno":"299","industrysector":"SECTOR-32","block":"GENERAL INDUSTRY","plotsize":"300 SQMT","plotsize_at_the_time_of_allotme":"300 SQMT","plot_size_as_per_lease_plan":300,"landuse_type":"INDUSTRIAL","landuse_subcategory":"INDUSTRIAL","scheme_cod":"IND02","investment":5,"employment":18,"plotstatus":"Allotted","landallotementstatus":"SOLD","landallotementtype":"ALLOTTED","allotmentid":"YIND021308","allotment_date":1442255400000,"rate_of_allotment":6100,"lease_deed":"Y","possession":"N","village_name":"Chakbirampur","khasra_no":"83","longitude":77.60871149,"latitude":28.221398309999998,"authority":"YEIDA","category":"industrial","execution_stage":"lease-recorded"}},{"type":"Feature","geometry":{"type":"Polygon","coordinates":[[[77.606017,28.221066],[77.606017,28.221292],[77.605895,28.221292],[77.605894,28.221067],[77.606017,28.221066]]]},"properties":{"objectid":1804,"uniqueplotid":"PLNGINDUSTRIAL1804","plotmap_id":"SECTOR-32_346_GENERAL INDUSTRY_IND","plotidentificationnumber":"346","plotno":"346","industrysector":"SECTOR-32","block":"GENERAL INDUSTRY","plotsize":"300 SQMT","plotsize_at_the_time_of_allotme":"300 SQMT","landuse_type":"INDUSTRIAL","landuse_subcategory":"INDUSTRIAL","scheme_cod":"IND02","investment":5,"employment":18,"plotstatus":"Allotted","landallotementstatus":"SOLD","landallotementtype":"ALLOTTED","allotmentid":"YIND021036","allotment_date":1442255400000,"rate_of_allotment":6100,"lease_deed":"N","possession":"N","village_name":"Chakbirampur","khasra_no":"85,81,87","longitude":77.60595593000001,"latitude":28.2211793,"authority":"YEIDA","category":"industrial","execution_stage":"allotted"}},{"type":"Feature","geometry":{"type":"Polygon","coordinates":[[[77.610361,28.221282],[77.610362,28.221507],[77.610239,28.221507],[77.610239,28.221282],[77.610361,28.221282]]]},"properties":{"objectid":1806,"uniqueplotid":"PLNGINDUSTRIAL1806","plotmap_id":"SECTOR-32_312_GENERAL INDUSTRY_IND","plotidentificationnumber":"312","plotno":"312","industrysector":"SECTOR-32","block":"GENERAL INDUSTRY","plotsize":"300 SQMT","plotsize_at_the_time_of_allotme":"300 SQMT","plot_size_as_per_lease_plan":300,"landuse_type":"INDUSTRIAL","landuse_subcategory":"INDUSTRIAL","scheme_cod":"IND04","investment":5,"employment":18,"plotstatus":"Allotted","landallotementstatus":"SOLD","landallotementtype":"ALLOTTED","allotmentid":"YIND041107","allotment_date":1546972200000,"rate_of_allotment":6405,"lease_deed":"Y","possession":"N","village_name":"Chakbirampur","khasra_no":"71","longitude":77.61030013999999,"latitude":28.22139458,"authority":"YEIDA","category":"industrial","execution_stage":"lease-recorded"}},{"type":"Feature","geometry":{"type":"Polygon","coordinates":[[[77.610116,28.221282],[77.610117,28.221508],[77.609995,28.221508],[77.609994,28.221283],[77.610116,28.221282]]]},"properties":{"objectid":1807,"uniqueplotid":"PLNGINDUSTRIAL1807","plotmap_id":"SECTOR-32_310_GENERAL INDUSTRY_IND","plotidentificationnumber":"310","plotno":"310","industrysector":"SECTOR-32","block":"GENERAL INDUSTRY","plotsize":"300 SQMT","plotsize_at_the_time_of_allotme":"300 SQMT","landuse_type":"INDUSTRIAL","landuse_subcategory":"INDUSTRIAL","scheme_cod":"IND02","investment":5,"employment":18,"plotstatus":"Allotted","landallotementstatus":"SOLD","landallotementtype":"ALLOTTED","allotmentid":"YIND021305","allotment_date":1442255400000,"rate_of_allotment":6100,"lease_deed":"Y","possession":"Y","possession_date":1726597800000,"village_name":"Chakbirampur","khasra_no":"75,71","longitude":77.61005573,"latitude":28.22139515,"authority":"YEIDA","category":"industrial","execution_stage":"possession-recorded"}},{"type":"Feature","geometry":{"type":"Polygon","coordinates":[[[77.605895,28.221292],[77.605896,28.221518],[77.605774,28.221518],[77.605773,28.221292],[77.605895,28.221292]]]},"properties":{"objectid":1808,"uniqueplotid":"PLNGINDUSTRIAL1808","plotmap_id":"SECTOR-32_278_GENERAL INDUSTRY_IND","plotidentificationnumber":"278","plotno":"278","industrysector":"SECTOR-32","block":"GENERAL INDUSTRY","plotsize":"300 SQMT","plotsize_at_the_time_of_allotme":"300 SQMT","plot_size_as_per_lease_plan":300,"landuse_type":"INDUSTRIAL","landuse_subcategory":"INDUSTRIAL","scheme_cod":"IND02","investment":5,"employment":18,"plotstatus":"Allotted","landallotementstatus":"SOLD","landallotementtype":"ALLOTTED","allotmentid":"YIND021371","allotment_date":1442255400000,"rate_of_allotment":6100,"lease_deed":"Y","possession":"Y","possession_date":1673202600000,"map_sanctioned_from_planning":"Y","units_under_construction":"Y","village_name":"Chakbirampur","khasra_no":"85","longitude":77.6058344,"latitude":28.22140506,"authority":"YEIDA","category":"industrial","execution_stage":"construction-or-map-approval"}},{"type":"Feature","geometry":{"type":"Polygon","coordinates":[[[77.609994,28.221283],[77.609995,28.221508],[77.609873,28.221508],[77.609872,28.221283],[77.609994,28.221283]]]},"properties":{"objectid":1809,"uniqueplotid":"PLNGINDUSTRIAL1809","plotmap_id":"SECTOR-32_309_GENERAL INDUSTRY_IND","plotidentificationnumber":"309","plotno":"309","industrysector":"SECTOR-32","block":"GENERAL INDUSTRY","plotsize":"300 SQMT","plotsize_at_the_time_of_allotme":"300 SQMT","landuse_type":"INDUSTRIAL","landuse_subcategory":"INDUSTRIAL","scheme_cod":"IND02","investment":5,"employment":18,"plotstatus":"Allotted","landallotementstatus":"SOLD","landallotementtype":"ALLOTTED","allotmentid":"YIND021084","allotment_date":1442255400000,"rate_of_allotment":6100,"lease_deed":"Y","possession":"Y","possession_date":1654713000000,"map_sanctioned_from_planning":"Y","units_under_construction":"Y","village_name":"Chakbirampur","khasra_no":"75,71","longitude":77.60993352999999,"latitude":28.22139544,"authority":"YEIDA","category":"industrial","execution_stage":"construction-or-map-approval"}},{"type":"Feature","geometry":{"type":"Polygon","coordinates":[[[77.607796,28.22173],[77.607797,28.221955],[77.607674,28.221955],[77.607674,28.22173],[77.607796,28.22173]]]},"properties":{"objectid":1811,"uniqueplotid":"PLNGINDUSTRIAL1811","plotmap_id":"SECTOR-32_198_GENERAL INDUSTRY_IND","plotidentificationnumber":"198","plotno":"198","industrysector":"SECTOR-32","block":"GENERAL INDUSTRY","plotsize":"300 SQMT","plotsize_at_the_time_of_allotme":"300 SQMT","landuse_type":"INDUSTRIAL","landuse_subcategory":"INDUSTRIAL","scheme_cod":"IND02","investment":5,"employment":18,"plotstatus":"Allotted","landallotementstatus":"SOLD","landallotementtype":"ALLOTTED","allotmentid":"YIND021369","allotment_date":1442255400000,"rate_of_allotment":6100,"lease_deed":"Y","possession":"N","village_name":"Chakbirampur","khasra_no":"82,83","longitude":77.60773519,"latitude":28.22184254,"authority":"YEIDA","category":"industrial","execution_stage":"lease-recorded"}},{"type":"Feature","geometry":{"type":"Polygon","coordinates":[[[77.60914,28.221727],[77.609141,28.221952],[77.609019,28.221952],[77.609018,28.221727],[77.60914,28.221727]]]},"properties":{"objectid":1814,"uniqueplotid":"PLNGINDUSTRIAL1814","plotmap_id":"SECTOR-32_187_GENERAL INDUSTRY_IND","plotidentificationnumber":"187","plotno":"187","industrysector":"SECTOR-32","block":"GENERAL INDUSTRY","plotsize":"300 SQMT","plotsize_at_the_time_of_allotme":"300 SQMT","plot_size_as_per_lease_plan":300,"landuse_type":"INDUSTRIAL","landuse_subcategory":"INDUSTRIAL","scheme_cod":"IND02","investment":5,"employment":18,"plotstatus":"Allotted","landallotementstatus":"SOLD","landallotementtype":"ALLOTTED","allotmentid":"YIND021261","allotment_date":1442255400000,"rate_of_allotment":6100,"lease_deed":"Y","possession":"Y","possession_date":-1421386200000,"map_sanctioned_from_planning":"Y","village_name":"Muradgarhi","khasra_no":"241","longitude":77.60907943,"latitude":28.221839390000003,"authority":"YEIDA","category":"industrial","execution_stage":"construction-or-map-approval"}},{"type":"Feature","geometry":{"type":"Polygon","coordinates":[[[77.609873,28.221725],[77.609874,28.22195],[77.609752,28.221951],[77.609751,28.221725],[77.609873,28.221725]]]},"properties":{"objectid":1815,"uniqueplotid":"PLNGINDUSTRIAL1815","plotmap_id":"SECTOR-32_181_GENERAL INDUSTRY_IND","plotidentificationnumber":"181","plotno":"181","industrysector":"SECTOR-32","block":"GENERAL INDUSTRY","plotsize":"300 SQMT","plotsize_at_the_time_of_allotme":"300 SQMT","plot_size_as_per_lease_plan":300,"landuse_type":"INDUSTRIAL","landuse_subcategory":"INDUSTRIAL","scheme_cod":"IND06","investment":3,"employment":9,"plotstatus":"Allotted","landallotementstatus":"SOLD","landallotementtype":"ALLOTTED","allotmentid":"YIND061119","allotment_date":1574361000000,"rate_of_allotment":6670,"lease_deed":"Y","possession":"Y","possession_date":1662402600000,"village_name":"Chakbirampur","khasra_no":"75","longitude":77.60981265000001,"latitude":28.221837670000003,"authority":"YEIDA","category":"industrial","execution_stage":"possession-recorded"}},{"type":"Feature","geometry":{"type":"Polygon","coordinates":[[[77.60553,28.221735],[77.605531,28.22196],[77.605408,28.221961],[77.605408,28.221735],[77.60553,28.221735]]]},"properties":{"objectid":1816,"uniqueplotid":"PLNGINDUSTRIAL1816","plotmap_id":"SECTOR-32_214_GENERAL INDUSTRY_IND","plotidentificationnumber":"214","plotno":"214","industrysector":"SECTOR-32","block":"GENERAL INDUSTRY","plotsize":"300 SQMT","plotsize_at_the_time_of_allotme":"300 SQMT","plot_size_as_per_lease_plan":300,"landuse_type":"INDUSTRIAL","landuse_subcategory":"INDUSTRIAL","scheme_cod":"IND02","investment":5,"employment":18,"plotstatus":"Allotted","landallotementstatus":"SOLD","landallotementtype":"ALLOTTED","allotmentid":"YIND021078","allotment_date":1442255400000,"rate_of_allotment":6100,"lease_deed":"Y","possession":"Y","possession_date":1689618600000,"village_name":"Chakbirampur","khasra_no":"85","longitude":77.60546912000001,"latitude":28.22184786,"authority":"YEIDA","category":"industrial","execution_stage":"possession-recorded"}},{"type":"Feature","geometry":{"type":"Polygon","coordinates":[[[77.606752,28.221732],[77.606753,28.221958],[77.60663,28.221958],[77.60663,28.221732],[77.606752,28.221732]]]},"properties":{"objectid":1817,"uniqueplotid":"PLNGINDUSTRIAL1817","plotmap_id":"SECTOR-32_204_GENERAL INDUSTRY_IND","plotidentificationnumber":"204","plotno":"204","industrysector":"SECTOR-32","block":"GENERAL INDUSTRY","plotsize":"300 SQMT","plotsize_at_the_time_of_allotme":"300 SQMT","plot_size_as_per_lease_plan":300,"landuse_type":"INDUSTRIAL","landuse_subcategory":"INDUSTRIAL","scheme_cod":"IND02","investment":5,"employment":18,"plotstatus":"Allotted","landallotementstatus":"SOLD","landallotementtype":"ALLOTTED","allotmentid":"YIND021391","allotment_date":1442255400000,"rate_of_allotment":6100,"lease_deed":"Y","lease_deed_date":1748543400000,"possession":"N","village_name":"Chakbirampur","khasra_no":"85,84,82","longitude":77.60669116,"latitude":28.22184499,"authority":"YEIDA","category":"industrial","execution_stage":"lease-recorded"}},{"type":"Feature","geometry":{"type":"Polygon","coordinates":[[[77.608408,28.221954],[77.608408,28.222179],[77.608286,28.222179],[77.608285,28.221954],[77.608408,28.221954]]]},"properties":{"objectid":1821,"uniqueplotid":"PLNGINDUSTRIAL1821","plotmap_id":"SECTOR-32_160_GENERAL INDUSTRY_IND","plotidentificationnumber":"160","plotno":"160","industrysector":"SECTOR-32","block":"GENERAL INDUSTRY","plotsize":"300 SQMT","plotsize_at_the_time_of_allotme":"300 SQMT","plot_size_as_per_lease_plan":300,"landuse_type":"INDUSTRIAL","landuse_subcategory":"INDUSTRIAL","scheme_cod":"IND02","investment":5,"employment":18,"plotstatus":"Allotted","landallotementstatus":"SOLD","landallotementtype":"ALLOTTED","allotmentid":"YIND021347","allotment_date":1442255400000,"rate_of_allotment":6100,"lease_deed":"Y","possession":"Y","possession_date":1668623400000,"map_sanctioned_from_planning":"Y","units_under_production":"Y","village_name":"Chakbirampur","khasra_no":"83","longitude":77.60834688,"latitude":28.22206658,"authority":"YEIDA","category":"industrial","execution_stage":"functional-evidence"}},{"type":"Feature","geometry":{"type":"Polygon","coordinates":[[[77.609874,28.22195],[77.609875,28.222176],[77.609753,28.222176],[77.609752,28.221951],[77.609874,28.22195]]]},"properties":{"objectid":1822,"uniqueplotid":"PLNGINDUSTRIAL1822","plotmap_id":"SECTOR-32_172_GENERAL INDUSTRY_IND","plotidentificationnumber":"172","plotno":"172","industrysector":"SECTOR-32","block":"GENERAL INDUSTRY","plotsize":"300 SQMT","plotsize_at_the_time_of_allotme":"300 SQMT","landuse_type":"INDUSTRIAL","landuse_subcategory":"INDUSTRIAL","scheme_cod":"IND06","investment":3,"employment":9,"plotstatus":"Allotted","landallotementstatus":"SOLD","landallotementtype":"ALLOTTED","allotmentid":"YIND061103","allotment_date":1574361000000,"rate_of_allotment":6670,"lease_deed":"Y","possession":"Y","possession_date":1664735400000,"village_name":"Muradgarhi,Chakbirampur","khasra_no":"75,241,240,239","longitude":77.60981333000001,"latitude":28.222063140000003,"authority":"YEIDA","category":"industrial","execution_stage":"possession-recorded"}},{"type":"Feature","geometry":{"type":"Polygon","coordinates":[[[77.609141,28.221952],[77.609142,28.222177],[77.609019,28.222178],[77.609019,28.221952],[77.609141,28.221952]]]},"properties":{"objectid":1823,"uniqueplotid":"PLNGINDUSTRIAL1823","plotmap_id":"SECTOR-32_166_GENERAL INDUSTRY_IND","plotidentificationnumber":"166","plotno":"166","industrysector":"SECTOR-32","block":"GENERAL INDUSTRY","plotsize":"300 SQMT","plotsize_at_the_time_of_allotme":"300 SQMT","plot_size_as_per_lease_plan":300,"landuse_type":"INDUSTRIAL","landuse_subcategory":"INDUSTRIAL","scheme_cod":"IND02","investment":5,"employment":18,"plotstatus":"Allotted","landallotementstatus":"SOLD","landallotementtype":"ALLOTTED","allotmentid":"YIND021297","allotment_date":1442255400000,"rate_of_allotment":6100,"lease_deed":"Y","possession":"N","village_name":"Muradgarhi","khasra_no":"241","longitude":77.60908011,"latitude":28.22206486,"authority":"YEIDA","category":"industrial","execution_stage":"lease-recorded"}},{"type":"Feature","geometry":{"type":"Polygon","coordinates":[[[77.609385,28.221951],[77.609386,28.222177],[77.609264,28.222177],[77.609263,28.221952],[77.609385,28.221951]]]},"properties":{"objectid":1825,"uniqueplotid":"PLNGINDUSTRIAL1825","plotmap_id":"SECTOR-32_168_GENERAL INDUSTRY_IND","plotidentificationnumber":"168","plotno":"168","industrysector":"SECTOR-32","block":"GENERAL INDUSTRY","plotsize":"300 SQMT","plotsize_at_the_time_of_allotme":"300 SQMT","plot_size_as_per_lease_plan":300,"landuse_type":"INDUSTRIAL","landuse_subcategory":"INDUSTRIAL","scheme_cod":"IND02","investment":5,"employment":18,"plotstatus":"Allotted","landallotementstatus":"SOLD","landallotementtype":"ALLOTTED","allotmentid":"YIND021336","allotment_date":1442255400000,"rate_of_allotment":6100,"lease_deed":"Y","possession":"Y","possession_date":1716229800000,"village_name":"Muradgarhi","khasra_no":"241","longitude":77.60932452,"latitude":28.222064290000002,"authority":"YEIDA","category":"industrial","execution_stage":"possession-recorded"}},{"type":"Feature","geometry":{"type":"Polygon","coordinates":[[[77.611218,28.221968],[77.611219,28.222239],[77.610608,28.222241],[77.610607,28.22197],[77.611218,28.221968]]]},"properties":{"objectid":1828,"uniqueplotid":"PLNGINDUSTRIAL1828","plotmap_id":"SECTOR-32_1120_GENERAL INDUSTRY_IND","plotidentificationnumber":"1120","plotno":"1120","industrysector":"SECTOR-32","block":"GENERAL INDUSTRY","plotsize":"1800 SQMT","plotsize_at_the_time_of_allotme":"1800 SQMT","landuse_type":"INDUSTRIAL","landuse_subcategory":"INDUSTRIAL","scheme_cod":"IND06","investment":15,"employment":53,"plotstatus":"Allotted","landallotementstatus":"SOLD","landallotementtype":"ALLOTTED","allotmentid":"YIND061476","allotment_date":1574361000000,"rate_of_allotment":6670,"lease_deed":"N","possession":"N","village_name":"Muradgarhi,Chakbirampur","khasra_no":"39,40,36,239","longitude":77.61096339,"latitude":28.22208217,"authority":"YEIDA","category":"industrial","execution_stage":"allotted"}},{"type":"Feature","geometry":{"type":"Polygon","coordinates":[[[77.607005,28.222953],[77.607006,28.223224],[77.606395,28.223225],[77.606394,28.222955],[77.607005,28.222953]]]},"properties":{"objectid":1831,"uniqueplotid":"PLNGINDUSTRIAL1831","plotmap_id":"SECTOR-32_33_GENERAL INDUSTRY_IND","plotidentificationnumber":"33","plotno":"33","industrysector":"SECTOR-32","block":"GENERAL INDUSTRY","plotsize":"1800 SQMT","plotsize_at_the_time_of_allotme":"1800 SQMT","landuse_type":"INDUSTRIAL","landuse_subcategory":"INDUSTRIAL","scheme_cod":"IND02","investment":14,"employment":48,"plotstatus":"Allotted","landallotementstatus":"SOLD","landallotementtype":"ALLOTTED","allotmentid":"YIND021504","allotment_date":1442255400000,"rate_of_allotment":6100,"lease_deed":"N","possession":"N","village_name":"Chakbirampur","khasra_no":"85","longitude":77.60670017000001,"latitude":28.223089299999998,"authority":"YEIDA","category":"industrial","execution_stage":"allotted"}},{"type":"Feature","geometry":{"type":"Polygon","coordinates":[[[77.606753,28.221958],[77.606753,28.222183],[77.606631,28.222183],[77.60663,28.221958],[77.606753,28.221958]]]},"properties":{"objectid":1834,"uniqueplotid":"PLNGINDUSTRIAL1834","plotmap_id":"SECTOR-32_149_GENERAL INDUSTRY_IND","plotidentificationnumber":"149","plotno":"149","industrysector":"SECTOR-32","block":"GENERAL INDUSTRY","plotsize":"300 SQMT","plotsize_at_the_time_of_allotme":"300 SQMT","landuse_type":"INDUSTRIAL","landuse_subcategory":"INDUSTRIAL","scheme_cod":"IND02","investment":5,"employment":18,"plotstatus":"Allotted","landallotementstatus":"SOLD","landallotementtype":"ALLOTTED","allotmentid":"YIND021337","allotment_date":1442255400000,"rate_of_allotment":6100,"lease_deed":"Y","possession":"Y","possession_date":1653935400000,"village_name":"Chakbirampur","khasra_no":"85","longitude":77.60669184,"latitude":28.222070470000002,"authority":"YEIDA","category":"industrial","execution_stage":"possession-recorded"}},{"type":"Feature","geometry":{"type":"Polygon","coordinates":[[[77.606012,28.219461],[77.606013,28.219732],[77.60586,28.219732],[77.605859,28.219461],[77.606012,28.219461]]]},"properties":{"objectid":1844,"uniqueplotid":"PLNGINDUSTRIAL1844","plotmap_id":"SECTOR-32_551_GENERAL INDUSTRY_IND","plotidentificationnumber":"551","plotno":"551","industrysector":"SECTOR-32","block":"GENERAL INDUSTRY","plotsize":"450 SQMT","plotsize_at_the_time_of_allotme":"450 SQMT","landuse_type":"INDUSTRIAL","landuse_subcategory":"INDUSTRIAL","scheme_cod":"IND03","investment":4,"employment":13,"plotstatus":"Allotted","landallotementstatus":"SOLD","landallotementtype":"ALLOTTED","allotmentid":"YIND031026","allotment_date":1483381800000,"rate_of_allotment":6405,"lease_deed":"Y","possession":"Y","possession_date":1648146600000,"village_name":"Chakbirampur","khasra_no":"89","longitude":77.60593589000001,"latitude":28.21959646,"authority":"YEIDA","category":"industrial","execution_stage":"possession-recorded"}},{"type":"Feature","geometry":{"type":"Polygon","coordinates":[[[77.607908,28.218212],[77.607908,28.218482],[77.607756,28.218483],[77.607755,28.218212],[77.607908,28.218212]]]},"properties":{"objectid":1853,"uniqueplotid":"PLNGINDUSTRIAL1853","plotmap_id":"SECTOR-32_724_GENERAL INDUSTRY_IND","plotidentificationnumber":"724","plotno":"724","industrysector":"SECTOR-32","block":"GENERAL INDUSTRY","plotsize":"450 SQMT","plotsize_at_the_time_of_allotme":"450 SQMT","landuse_type":"INDUSTRIAL","landuse_subcategory":"INDUSTRIAL","scheme_cod":"IND04","investment":4,"employment":13,"plotstatus":"Allotted","landallotementstatus":"SOLD","landallotementtype":"ALLOTTED","allotmentid":"YIND041073","allotment_date":1546972200000,"rate_of_allotment":6405,"lease_deed":"Y","possession":"N","village_name":"Chakbirampur","khasra_no":"123,124,127","longitude":77.6078316,"latitude":28.21834732,"authority":"YEIDA","category":"industrial","execution_stage":"lease-recorded"}},{"type":"Feature","geometry":{"type":"Polygon","coordinates":[[[77.607002,28.221957],[77.607003,28.222182],[77.606875,28.222183],[77.606875,28.221957],[77.607002,28.221957]]]},"properties":{"objectid":1855,"uniqueplotid":"PLNGINDUSTRIAL1855","plotmap_id":"SECTOR-32_151_GENERAL INDUSTRY_IND","plotidentificationnumber":"151","plotno":"151","industrysector":"SECTOR-32","block":"GENERAL INDUSTRY","plotsize":"300 SQMT","plotsize_at_the_time_of_allotme":"300 SQMT","landuse_type":"INDUSTRIAL","landuse_subcategory":"INDUSTRIAL","scheme_cod":"IND02","investment":5,"employment":18,"plotstatus":"Allotted","landallotementstatus":"SOLD","landallotementtype":"ALLOTTED","allotmentid":"YIND021360","allotment_date":1442255400000,"rate_of_allotment":6100,"lease_deed":"N","possession":"N","village_name":"Chakbirampur","khasra_no":"85,84,82","longitude":77.60693789999999,"latitude":28.222068150000002,"authority":"YEIDA","category":"industrial","execution_stage":"allotted"}},{"type":"Feature","geometry":{"type":"Polygon","coordinates":[[[77.610347,28.216826],[77.610348,28.217052],[77.610226,28.217052],[77.610225,28.216826],[77.610347,28.216826]]]},"properties":{"objectid":1859,"uniqueplotid":"PLNGINDUSTRIAL1859","plotmap_id":"SECTOR-32_998_GENERAL INDUSTRY_IND","plotidentificationnumber":"998","plotno":"998","industrysector":"SECTOR-32","block":"GENERAL INDUSTRY","plotsize":"300 SQMT","plotsize_at_the_time_of_allotme":"300 SQMT","plot_size_as_per_lease_plan":300,"landuse_type":"INDUSTRIAL","landuse_subcategory":"INDUSTRIAL","scheme_cod":"IND06","investment":3,"employment":9,"plotstatus":"Allotted","landallotementstatus":"SOLD","landallotementtype":"ALLOTTED","allotmentid":"YIND061113","allotment_date":1574361000000,"rate_of_allotment":6670,"lease_deed":"Y","possession":"Y","possession_date":1733855400000,"village_name":"Chakbirampur","khasra_no":"104,101,105,100","longitude":77.61028673000001,"latitude":28.21693903,"authority":"YEIDA","category":"industrial","execution_stage":"possession-recorded"}},{"type":"Feature","geometry":{"type":"Polygon","coordinates":[[[77.607911,28.219457],[77.607912,28.219727],[77.607759,28.219727],[77.607759,28.219457],[77.607911,28.219457]]]},"properties":{"objectid":1861,"uniqueplotid":"PLNGINDUSTRIAL1861","plotmap_id":"SECTOR-32_541_GENERAL INDUSTRY_IND","plotidentificationnumber":"541","plotno":"541","industrysector":"SECTOR-32","block":"GENERAL INDUSTRY","plotsize":"450 SQMT","plotsize_at_the_time_of_allotme":"450 SQMT","plot_size_as_per_lease_plan":450,"landuse_type":"INDUSTRIAL","landuse_subcategory":"INDUSTRIAL","scheme_cod":"IND06","investment":4,"employment":13,"plotstatus":"Allotted","landallotementstatus":"SOLD","landallotementtype":"ALLOTTED","allotmentid":"YIND061235","allotment_date":1574361000000,"rate_of_allotment":6670,"lease_deed":"Y","possession":"Y","possession_date":1690309800000,"map_sanctioned_from_planning":"Y","village_name":"Chakbirampur","khasra_no":"93,81,80","longitude":77.60783534,"latitude":28.219592,"authority":"YEIDA","category":"industrial","execution_stage":"construction-or-map-approval"}},{"type":"Feature","geometry":{"type":"Polygon","coordinates":[[[77.609439,28.219453],[77.60944,28.219724],[77.609287,28.219724],[77.609286,28.219453],[77.609439,28.219453]]]},"properties":{"objectid":1864,"uniqueplotid":"PLNGINDUSTRIAL1864","plotmap_id":"SECTOR-32_531_GENERAL INDUSTRY_IND","plotidentificationnumber":"531","plotno":"531","industrysector":"SECTOR-32","block":"GENERAL INDUSTRY","plotsize":"450 SQMT","plotsize_at_the_time_of_allotme":"450 SQMT","plot_size_as_per_lease_plan":450,"landuse_type":"INDUSTRIAL","landuse_subcategory":"INDUSTRIAL","scheme_cod":"IND06","investment":4,"employment":13,"plotstatus":"Allotted","landallotementstatus":"SOLD","landallotementtype":"ALLOTTED","allotmentid":"YIND061231","allotment_date":1574361000000,"rate_of_allotment":6670,"lease_deed":"Y","possession":"Y","possession_date":1694975400000,"map_sanctioned_from_planning":"Y","units_under_production":"Y","village_name":"Chakbirampur","khasra_no":"95","longitude":77.60936289,"latitude":28.21958841,"authority":"YEIDA","category":"industrial","execution_stage":"functional-evidence"}},{"type":"Feature","geometry":{"type":"Polygon","coordinates":[[[77.610051,28.219722],[77.610052,28.219993],[77.609899,28.219993],[77.609898,28.219722],[77.610051,28.219722]]]},"properties":{"objectid":1866,"uniqueplotid":"PLNGINDUSTRIAL1866","plotmap_id":"SECTOR-32_522_GENERAL INDUSTRY_IND","plotidentificationnumber":"522","plotno":"522","industrysector":"SECTOR-32","block":"GENERAL INDUSTRY","plotsize":"450 SQMT","plotsize_at_the_time_of_allotme":"450 SQMT","plot_size_as_per_lease_plan":450,"landuse_type":"INDUSTRIAL","landuse_subcategory":"INDUSTRIAL","scheme_cod":"IND06","investment":4,"employment":13,"plotstatus":"Allotted","landallotementstatus":"SOLD","landallotementtype":"ALLOTTED","allotmentid":"YIND061230","allotment_date":1574361000000,"rate_of_allotment":6670,"lease_deed":"Y","possession":"Y","possession_date":1708972200000,"map_sanctioned_from_planning":"Y","units_under_construction":"Y","village_name":"Chakbirampur","khasra_no":"96,79,78,95","longitude":77.60997472999999,"latitude":28.219857559999998,"authority":"YEIDA","category":"industrial","execution_stage":"construction-or-map-approval"}},{"type":"Feature","geometry":{"type":"Polygon","coordinates":[[[77.60852,28.218697],[77.608521,28.218968],[77.608368,28.218968],[77.608367,28.218698],[77.60852,28.218697]]]},"properties":{"objectid":1870,"uniqueplotid":"PLNGINDUSTRIAL1870","plotmap_id":"SECTOR-32_645_GENERAL INDUSTRY_IND","plotidentificationnumber":"645","plotno":"645","industrysector":"SECTOR-32","block":"GENERAL INDUSTRY","plotsize":"450 SQMT","plotsize_at_the_time_of_allotme":"450 SQMT","landuse_type":"INDUSTRIAL","landuse_subcategory":"INDUSTRIAL","scheme_cod":"IND04","investment":4,"employment":13,"plotstatus":"Allotted","landallotementstatus":"SOLD","landallotementtype":"ALLOTTED","allotmentid":"YIND041064","allotment_date":1546972200000,"rate_of_allotment":6405,"lease_deed":"Y","possession":"Y","possession_date":1648751400000,"village_name":"Chakbirampur","khasra_no":"95","longitude":77.60844408,"latitude":28.218832940000002,"authority":"YEIDA","category":"industrial","execution_stage":"possession-recorded"}},{"type":"Feature","geometry":{"type":"Polygon","coordinates":[[[77.60675,28.221065],[77.606751,28.22129],[77.606628,28.22129],[77.606628,28.221065],[77.60675,28.221065]]]},"properties":{"objectid":1875,"uniqueplotid":"PLNGINDUSTRIAL1875","plotmap_id":"SECTOR-32_340_GENERAL INDUSTRY_IND","plotidentificationnumber":"340","plotno":"340","industrysector":"SECTOR-32","block":"GENERAL INDUSTRY","plotsize":"300 SQMT","plotsize_at_the_time_of_allotme":"300 SQMT","landuse_type":"INDUSTRIAL","landuse_subcategory":"INDUSTRIAL","scheme_cod":"IND02","investment":5,"employment":18,"plotstatus":"Allotted","landallotementstatus":"SOLD","landallotementtype":"ALLOTTED","allotmentid":"YIND021296","allotment_date":1442255400000,"rate_of_allotment":6100,"lease_deed":"Y","possession":"N","village_name":"Chakbirampur","khasra_no":"81","longitude":77.60668916,"latitude":28.22117758,"authority":"YEIDA","category":"industrial","execution_stage":"lease-recorded"}},{"type":"Feature","geometry":{"type":"Polygon","coordinates":[[[77.610116,28.221057],[77.610116,28.221282],[77.609994,28.221283],[77.609994,28.221057],[77.610116,28.221057]]]},"properties":{"objectid":1877,"uniqueplotid":"PLNGINDUSTRIAL1877","plotmap_id":"SECTOR-32_315_GENERAL INDUSTRY_IND","plotidentificationnumber":"315","plotno":"315","industrysector":"SECTOR-32","block":"GENERAL INDUSTRY","plotsize":"300 SQMT","landuse_type":"INDUSTRIAL","landuse_subcategory":"INDUSTRIAL","investment":0,"employment":0,"landallotementstatus":"VACANT","landallotementtype":"VACANT","village_name":"Chakbirampur","khasra_no":"71","longitude":77.61005505,"latitude":28.22116968,"authority":"YEIDA","category":"industrial","execution_stage":"vacant"}},{"type":"Feature","geometry":{"type":"Polygon","coordinates":[[[77.61024,28.221724],[77.610241,28.221949],[77.610119,28.22195],[77.610118,28.221724],[77.61024,28.221724]]]},"properties":{"objectid":1882,"uniqueplotid":"PLNGINDUSTRIAL1882","plotmap_id":"SECTOR-32_178_GENERAL INDUSTRY_IND","plotidentificationnumber":"178","plotno":"178","industrysector":"SECTOR-32","block":"GENERAL INDUSTRY","plotsize":"300 SQMT","plotsize_at_the_time_of_allotme":"300 SQMT","plot_size_as_per_lease_plan":300,"landuse_type":"INDUSTRIAL","landuse_subcategory":"INDUSTRIAL","scheme_cod":"IND06","investment":3,"employment":9,"plotstatus":"Allotted","landallotementstatus":"SOLD","landallotementtype":"ALLOTTED","allotmentid":"YIND061088","allotment_date":1574361000000,"rate_of_allotment":6670,"lease_deed":"Y","possession":"Y","possession_date":1677090600000,"village_name":"Muradgarhi,Chakbirampur","khasra_no":"75,74,239","longitude":77.61017927,"latitude":28.221836810000003,"authority":"YEIDA","category":"industrial","execution_stage":"possession-recorded"}},{"type":"Feature","geometry":{"type":"Polygon","coordinates":[[[77.608823,28.217939],[77.608824,28.21821],[77.608671,28.21821],[77.608671,28.217939],[77.608823,28.217939]]]},"properties":{"objectid":1883,"uniqueplotid":"PLNGINDUSTRIAL1883","plotmap_id":"SECTOR-32_751_GENERAL INDUSTRY_IND","plotidentificationnumber":"751","plotno":"751","industrysector":"SECTOR-32","block":"GENERAL INDUSTRY","plotsize":"450 SQMT","plotsize_at_the_time_of_allotme":"450 SQMT","plot_size_as_per_lease_plan":450,"landuse_type":"INDUSTRIAL","landuse_subcategory":"INDUSTRIAL","scheme_cod":"IND07","investment":3,"employment":10,"plotstatus":"Allotted","landallotementstatus":"SOLD","landallotementtype":"ALLOTTED","allotmentid":"YIND071208","allotment_date":1625077800000,"rate_of_allotment":7010,"lease_deed":"Y","possession":"y","possession_date":-1421299800000,"village_name":"Chakbirampur","khasra_no":"122,101","longitude":77.60874731,"latitude":28.21807459,"authority":"YEIDA","category":"industrial","execution_stage":"possession-recorded"}},{"type":"Feature","geometry":{"type":"Polygon","coordinates":[[[77.606065,28.220218],[77.606066,28.220534],[77.605893,28.220535],[77.605892,28.220219],[77.606065,28.220218]]]},"properties":{"objectid":1885,"uniqueplotid":"PLNGINDUSTRIAL1885","plotmap_id":"SECTOR-32_446_GENERAL INDUSTRY_IND","plotidentificationnumber":"446","plotno":"446","industrysector":"SECTOR-32","block":"GENERAL INDUSTRY","plotsize":"595 SQMT","plotsize_at_the_time_of_allotme":"595 SQMT","plot_size_as_per_lease_plan":595,"landuse_type":"INDUSTRIAL","landuse_subcategory":"INDUSTRIAL","scheme_cod":"IND02","investment":5,"employment":16,"plotstatus":"Allotted","landallotementstatus":"SOLD","landallotementtype":"ALLOTTED","allotmentid":"YIND021420","allotment_date":1442255400000,"rate_of_allotment":6100,"lease_deed":"Y","possession":"Y","possession_date":1682361000000,"village_name":"Chakbirampur","khasra_no":"89","longitude":77.60597897000001,"latitude":28.220376530000003,"authority":"YEIDA","category":"industrial","execution_stage":"possession-recorded"}},{"type":"Feature","geometry":{"type":"Polygon","coordinates":[[[77.605552,28.218975],[77.605553,28.219246],[77.6054,28.219246],[77.605399,28.218975],[77.605552,28.218975]]]},"properties":{"objectid":1892,"uniqueplotid":"PLNGINDUSTRIAL1892","plotmap_id":"SECTOR-32_603_GENERAL INDUSTRY_IND","plotidentificationnumber":"603","plotno":"603","industrysector":"SECTOR-32","block":"GENERAL INDUSTRY","plotsize":"450 SQMT","plotsize_at_the_time_of_allotme":"450 SQMT","plot_size_as_per_lease_plan":450,"landuse_type":"INDUSTRIAL","landuse_subcategory":"INDUSTRIAL","scheme_cod":"IND06","investment":4,"employment":13,"plotstatus":"Allotted","landallotementstatus":"SOLD","landallotementtype":"ALLOTTED","allotmentid":"YIND061260","allotment_date":1574361000000,"rate_of_allotment":6670,"lease_deed":"Y","possession":"N","village_name":"Chakbirampur","khasra_no":"90,89","longitude":77.60547616000001,"latitude":28.219110490000002,"authority":"YEIDA","category":"industrial","execution_stage":"lease-recorded"}},{"type":"Feature","geometry":{"type":"Polygon","coordinates":[[[77.606993,28.218972],[77.606774,28.218972],[77.606773,28.218702],[77.606993,28.218701],[77.606993,28.218972]]]},"properties":{"objectid":1895,"uniqueplotid":"PLNGINDUSTRIAL1895","plotmap_id":"SECTOR-32_653_GENERAL INDUSTRY_IND","plotidentificationnumber":"653","plotno":"653","industrysector":"SECTOR-32","block":"GENERAL INDUSTRY","plotsize":"450 SQMT","plotsize_at_the_time_of_allotme":"450 SQMT","landuse_type":"INDUSTRIAL","landuse_subcategory":"INDUSTRIAL","scheme_cod":"IND06","investment":4,"employment":13,"plotstatus":"Allotted","landallotementstatus":"SOLD","landallotementtype":"ALLOTTED","allotmentid":"YIND061284","allotment_date":1574361000000,"rate_of_allotment":6670,"lease_deed":"N","possession":"N","village_name":"Chakbirampur","khasra_no":"93,81,92,80,91","longitude":77.60688663,"latitude":28.218840640000003,"authority":"YEIDA","category":"industrial","execution_stage":"allotted"}},{"type":"Feature","geometry":{"type":"Polygon","coordinates":[[[77.606261,28.221066],[77.606262,28.221291],[77.60614,28.221292],[77.606139,28.221066],[77.606261,28.221066]]]},"properties":{"objectid":1896,"uniqueplotid":"PLNGINDUSTRIAL1896","plotmap_id":"SECTOR-32_344_GENERAL INDUSTRY_IND","plotidentificationnumber":"344","plotno":"344","industrysector":"SECTOR-32","block":"GENERAL INDUSTRY","plotsize":"300 SQMT","plotsize_at_the_time_of_allotme":"300 SQMT","landuse_type":"INDUSTRIAL","landuse_subcategory":"INDUSTRIAL","scheme_cod":"IND02","investment":5,"employment":18,"plotstatus":"Allotted","landallotementstatus":"SOLD","landallotementtype":"ALLOTTED","allotmentid":"YIND021165","allotment_date":1442255400000,"rate_of_allotment":6100,"lease_deed":"Y","possession":"N","village_name":"Chakbirampur","khasra_no":"81","longitude":77.60620034,"latitude":28.22117872,"authority":"YEIDA","category":"industrial","execution_stage":"lease-recorded"}},{"type":"Feature","geometry":{"type":"Polygon","coordinates":[[[77.609492,28.216828],[77.609493,28.217054],[77.609371,28.217054],[77.60937,28.216828],[77.609492,28.216828]]]},"properties":{"objectid":1898,"uniqueplotid":"PLNGINDUSTRIAL1898","plotmap_id":"SECTOR-32_991_GENERAL INDUSTRY_IND","plotidentificationnumber":"991","plotno":"991","industrysector":"SECTOR-32","block":"GENERAL INDUSTRY","plotsize":"300 SQMT","plotsize_at_the_time_of_allotme":"300 SQMT","plot_size_as_per_lease_plan":300,"landuse_type":"INDUSTRIAL","landuse_subcategory":"INDUSTRIAL","scheme_cod":"IND06","investment":3,"employment":9,"plotstatus":"Allotted","landallotementstatus":"SOLD","landallotementtype":"ALLOTTED","allotmentid":"YIND061098","allotment_date":1574361000000,"rate_of_allotment":6670,"lease_deed":"Y","possession":"Y","possession_date":1681842600000,"village_name":"Chakbirampur","khasra_no":"102","longitude":77.6094313,"latitude":28.21694104,"authority":"YEIDA","category":"industrial","execution_stage":"possession-recorded"}},{"type":"Feature","geometry":{"type":"Polygon","coordinates":[[[77.606126,28.216836],[77.606127,28.217062],[77.606005,28.217062],[77.606004,28.216836],[77.606126,28.216836]]]},"properties":{"objectid":1900,"uniqueplotid":"PLNGINDUSTRIAL1900","plotmap_id":"SECTOR-32_966_GENERAL INDUSTRY_IND","plotidentificationnumber":"966","plotno":"966","industrysector":"SECTOR-32","block":"GENERAL INDUSTRY","plotsize":"300 SQMT","plotsize_at_the_time_of_allotme":"300 SQMT","plot_size_as_per_lease_plan":300,"landuse_type":"INDUSTRIAL","landuse_subcategory":"INDUSTRIAL","scheme_cod":"IND03","investment":5,"employment":18,"plotstatus":"Allotted","landallotementstatus":"SOLD","landallotementtype":"ALLOTTED","allotmentid":"YIND031010","allotment_date":1483381800000,"rate_of_allotment":6405,"lease_deed":"Y","possession":"N","village_name":"Chakbirampur","khasra_no":"145,147","longitude":77.60606539999999,"latitude":28.216948929999997,"authority":"YEIDA","category":"industrial","execution_stage":"lease-recorded"}},{"type":"Feature","geometry":{"type":"Polygon","coordinates":[[[77.608894,28.221285],[77.608895,28.221511],[77.608773,28.221511],[77.608772,28.221285],[77.608894,28.221285]]]},"properties":{"objectid":1907,"uniqueplotid":"PLNGINDUSTRIAL1907","plotmap_id":"SECTOR-32_300_GENERAL INDUSTRY_IND","plotidentificationnumber":"300","plotno":"300","industrysector":"SECTOR-32","block":"GENERAL INDUSTRY","plotsize":"300 SQMT","plotsize_at_the_time_of_allotme":"300 SQMT","plot_size_as_per_lease_plan":300,"landuse_type":"INDUSTRIAL","landuse_subcategory":"INDUSTRIAL","scheme_cod":"IND02","investment":5,"employment":18,"plotstatus":"Allotted","landallotementstatus":"SOLD","landallotementtype":"ALLOTTED","allotmentid":"YIND021398","allotment_date":1442255400000,"rate_of_allotment":6100,"lease_deed":"Y","possession":"Y","possession_date":1685903400000,"village_name":"Chakbirampur","khasra_no":"83","longitude":77.60883369,"latitude":28.22139802,"authority":"YEIDA","category":"industrial","execution_stage":"possession-recorded"}},{"type":"Feature","geometry":{"type":"Polygon","coordinates":[[[77.609261,28.221284],[77.609262,28.22151],[77.60914,28.22151],[77.609139,28.221285],[77.609261,28.221284]]]},"properties":{"objectid":1909,"uniqueplotid":"PLNGINDUSTRIAL1909","plotmap_id":"SECTOR-32_303_GENERAL INDUSTRY_IND","plotidentificationnumber":"303","plotno":"303","industrysector":"SECTOR-32","block":"GENERAL INDUSTRY","plotsize":"300 SQMT","plotsize_at_the_time_of_allotme":"300 SQMT","plot_size_as_per_lease_plan":300,"landuse_type":"INDUSTRIAL","landuse_subcategory":"INDUSTRIAL","scheme_cod":"IND06","investment":3,"employment":9,"plotstatus":"Allotted","landallotementstatus":"SOLD","landallotementtype":"ALLOTTED","allotmentid":"YIND061167","allotment_date":1574361000000,"rate_of_allotment":6670,"lease_deed":"Y","possession":"Y","possession_date":1689791400000,"village_name":"Chakbirampur","khasra_no":"75,83","longitude":77.6092003,"latitude":28.22139716,"authority":"YEIDA","category":"industrial","execution_stage":"possession-recorded"}},{"type":"Feature","geometry":{"type":"Polygon","coordinates":[[[77.608518,28.21794],[77.608519,28.21821],[77.608366,28.218211],[77.608365,28.21794],[77.608518,28.21794]]]},"properties":{"objectid":1910,"uniqueplotid":"PLNGINDUSTRIAL1910","plotmap_id":"SECTOR-32_753_GENERAL INDUSTRY_IND","plotidentificationnumber":"753","plotno":"753","industrysector":"SECTOR-32","block":"GENERAL INDUSTRY","plotsize":"450 SQMT","plotsize_at_the_time_of_allotme":"450 SQMT","landuse_type":"INDUSTRIAL","landuse_subcategory":"INDUSTRIAL","scheme_cod":"YEA/IND-LOP(2021)-10","investment":3,"employment":10,"plotstatus":"Allotted","landallotementstatus":"SOLD","landallotementtype":"ALLOTTED","allotmentid":"YIND100030","allotment_date":1650565800000,"rate_of_allotment":7010,"lease_deed":"N","possession":"Y","possession_date":1725820200000,"village_name":"Chakbirampur","khasra_no":"122,121","longitude":77.60844180000001,"latitude":28.21807531,"authority":"YEIDA","category":"industrial","execution_stage":"possession-recorded"}},{"type":"Feature","geometry":{"type":"Polygon","coordinates":[[[77.610238,28.221057],[77.610239,28.221282],[77.610116,28.221282],[77.610116,28.221057],[77.610238,28.221057]]]},"properties":{"objectid":1914,"uniqueplotid":"PLNGINDUSTRIAL1914","plotmap_id":"SECTOR-32_314_GENERAL INDUSTRY_IND","plotidentificationnumber":"314","plotno":"314","industrysector":"SECTOR-32","block":"GENERAL INDUSTRY","plotsize":"300 SQMT","landuse_type":"INDUSTRIAL","landuse_subcategory":"INDUSTRIAL","investment":0,"employment":0,"landallotementstatus":"VACANT","landallotementtype":"VACANT","village_name":"Chakbirampur","khasra_no":"71","longitude":77.61017726,"latitude":28.22116939,"authority":"YEIDA","category":"industrial","execution_stage":"vacant"}},{"type":"Feature","geometry":{"type":"Polygon","coordinates":[[[77.606996,28.22],[77.606777,28.22],[77.606776,28.21973],[77.606996,28.219729],[77.606996,28.22]]]},"properties":{"objectid":1924,"uniqueplotid":"PLNGINDUSTRIAL1924","plotmap_id":"SECTOR-32_504_GENERAL INDUSTRY_IND","plotidentificationnumber":"504","plotno":"504","industrysector":"SECTOR-32","block":"GENERAL INDUSTRY","plotsize":"450 SQMT","plotsize_at_the_time_of_allotme":"450 SQMT","plot_size_as_per_lease_plan":654,"landuse_type":"INDUSTRIAL","landuse_subcategory":"INDUSTRIAL","scheme_cod":"IND06","investment":4,"employment":13,"plotstatus":"Allotted","landallotementstatus":"SOLD","landallotementtype":"ALLOTTED","allotmentid":"YIND061302","allotment_date":1574361000000,"rate_of_allotment":6670,"lease_deed":"Y","possession":"Y","possession_date":1728930600000,"village_name":"Chakbirampur","khasra_no":"89,81,92","longitude":77.60688829,"latitude":28.21986709,"authority":"YEIDA","category":"industrial","execution_stage":"possession-recorded"}},{"type":"Feature","geometry":{"type":"Polygon","coordinates":[[[77.609982,28.217269],[77.609983,28.217494],[77.609861,28.217495],[77.60986,28.217269],[77.609982,28.217269]]]},"properties":{"objectid":1932,"uniqueplotid":"PLNGINDUSTRIAL1932","plotmap_id":"SECTOR-32_866_GENERAL INDUSTRY_IND","plotidentificationnumber":"866","plotno":"866","industrysector":"SECTOR-32","block":"GENERAL INDUSTRY","plotsize":"300 SQMT","plotsize_at_the_time_of_allotme":"300 SQMT","landuse_type":"INDUSTRIAL","landuse_subcategory":"INDUSTRIAL","scheme_cod":"IND06","investment":3,"employment":9,"plotstatus":"Allotted","landallotementstatus":"SOLD","landallotementtype":"ALLOTTED","allotmentid":"YIND061086","allotment_date":1574361000000,"rate_of_allotment":6670,"lease_deed":"Y","possession":"N","village_name":"Chakbirampur","khasra_no":"101","longitude":77.60992145,"latitude":28.21738184,"authority":"YEIDA","category":"industrial","execution_stage":"lease-recorded"}},{"type":"Feature","geometry":{"type":"Polygon","coordinates":[[[77.610349,28.217268],[77.61035,28.217494],[77.610227,28.217494],[77.610227,28.217268],[77.610349,28.217268]]]},"properties":{"objectid":1936,"uniqueplotid":"PLNGINDUSTRIAL1936","plotmap_id":"SECTOR-32_863_GENERAL INDUSTRY_IND","plotidentificationnumber":"863","plotno":"863","industrysector":"SECTOR-32","block":"GENERAL INDUSTRY","plotsize":"300 SQMT","plotsize_at_the_time_of_allotme":"300 SQMT","plot_size_as_per_lease_plan":300,"landuse_type":"INDUSTRIAL","landuse_subcategory":"INDUSTRIAL","scheme_cod":"IND06","investment":3,"employment":9,"plotstatus":"Allotted","landallotementstatus":"SOLD","landallotementtype":"ALLOTTED","allotmentid":"YIND061102","allotment_date":1574361000000,"rate_of_allotment":6670,"lease_deed":"Y","possession":"Y","possession_date":1694370600000,"village_name":"Chakbirampur","khasra_no":"101","longitude":77.61028806,"latitude":28.21738098,"authority":"YEIDA","category":"industrial","execution_stage":"possession-recorded"}},{"type":"Feature","geometry":{"type":"Polygon","coordinates":[[[77.607759,28.219457],[77.607759,28.219727],[77.607607,28.219728],[77.607606,28.219457],[77.607759,28.219457]]]},"properties":{"objectid":1938,"uniqueplotid":"PLNGINDUSTRIAL1938","plotmap_id":"SECTOR-32_542_GENERAL INDUSTRY_IND","plotidentificationnumber":"542","plotno":"542","industrysector":"SECTOR-32","block":"GENERAL INDUSTRY","plotsize":"450 SQMT","plotsize_at_the_time_of_allotme":"450 SQMT","landuse_type":"INDUSTRIAL","landuse_subcategory":"INDUSTRIAL","scheme_cod":"IND06","investment":4,"employment":13,"plotstatus":"Allotted","landallotementstatus":"SOLD","landallotementtype":"ALLOTTED","allotmentid":"YIND061193","allotment_date":1574361000000,"rate_of_allotment":6670,"lease_deed":"Y","possession":"Y","possession_date":1721759400000,"map_sanctioned_from_planning":"Y","village_name":"Chakbirampur","khasra_no":"93,81,80","longitude":77.60768259000001,"latitude":28.21959235,"authority":"YEIDA","category":"industrial","execution_stage":"construction-or-map-approval"}},{"type":"Feature","geometry":{"type":"Polygon","coordinates":[[[77.60937,28.216828],[77.609371,28.217054],[77.609248,28.217054],[77.609248,28.216829],[77.60937,28.216828]]]},"properties":{"objectid":1942,"uniqueplotid":"PLNGINDUSTRIAL1942","plotmap_id":"SECTOR-32_990_GENERAL INDUSTRY_IND","plotidentificationnumber":"990","plotno":"990","industrysector":"SECTOR-32","block":"GENERAL INDUSTRY","plotsize":"300 SQMT","plotsize_at_the_time_of_allotme":"300 SQMT","landuse_type":"INDUSTRIAL","landuse_subcategory":"INDUSTRIAL","scheme_cod":"IND02","investment":5,"employment":18,"plotstatus":"Allotted","landallotementstatus":"SOLD","landallotementtype":"ALLOTTED","allotmentid":"YIND021076","allotment_date":1442255400000,"rate_of_allotment":6100,"lease_deed":"N","possession":"N","village_name":"Chakbirampur","khasra_no":"102","longitude":77.6093091,"latitude":28.21694132,"authority":"YEIDA","category":"industrial","execution_stage":"allotted"}},{"type":"Feature","geometry":{"type":"Polygon","coordinates":[[[77.609208,28.220527],[77.609209,28.220842],[77.609036,28.220843],[77.609035,28.220527],[77.609208,28.220527]]]},"properties":{"objectid":1945,"uniqueplotid":"PLNGINDUSTRIAL1945","plotmap_id":"SECTOR-32_421_GENERAL INDUSTRY_IND","plotidentificationnumber":"421","plotno":"421","industrysector":"SECTOR-32","block":"GENERAL INDUSTRY","plotsize":"595 SQMT","plotsize_at_the_time_of_allotme":"595 SQMT","landuse_type":"INDUSTRIAL","landuse_subcategory":"INDUSTRIAL","scheme_cod":"IND06","investment":5,"employment":17,"plotstatus":"Allotted","landallotementstatus":"SOLD","landallotementtype":"ALLOTTED","allotmentid":"YIND061359","allotment_date":1574361000000,"rate_of_allotment":6670,"lease_deed":"N","possession":"N","village_name":"Chakbirampur","khasra_no":"80,75,79,94,78","longitude":77.60912178,"latitude":28.22068483,"authority":"YEIDA","category":"industrial","execution_stage":"allotted"}},{"type":"Feature","geometry":{"type":"Polygon","coordinates":[[[77.6179,28.222588],[77.617902,28.222859],[77.617292,28.222861],[77.61729,28.22259],[77.6179,28.222588]]]},"properties":{"objectid":1948,"uniqueplotid":"PLNGINDUSTRIAL1948","plotmap_id":"SECTOR-32_1132_GENERAL INDUSTRY_IND","plotidentificationnumber":"1132","plotno":"1132","industrysector":"SECTOR-32","block":"GENERAL INDUSTRY","plotsize":"1800 SQMT","plotsize_at_the_time_of_allotme":"1800 SQMT","plot_size_as_per_lease_plan":595,"landuse_type":"INDUSTRIAL","landuse_subcategory":"INDUSTRIAL","scheme_cod":"IND07","investment":11,"employment":40,"plotstatus":"Allotted","landallotementstatus":"SOLD","landallotementtype":"ALLOTTED","allotmentid":"YIND071341","allotment_date":1625077800000,"rate_of_allotment":7010,"lease_deed":"Y","possession":"Y","possession_date":1714588200000,"village_name":"Birampur","khasra_no":"4,24,25","longitude":77.61760006,"latitude":28.22272642,"authority":"YEIDA","category":"industrial","execution_stage":"possession-recorded"}},{"type":"Feature","geometry":{"type":"Polygon","coordinates":[[[77.609493,28.21727],[77.609494,28.217496],[77.609372,28.217496],[77.609371,28.21727],[77.609493,28.21727]]]},"properties":{"objectid":1951,"uniqueplotid":"PLNGINDUSTRIAL1951","plotmap_id":"SECTOR-32_870_GENERAL INDUSTRY_IND","plotidentificationnumber":"870","plotno":"870","industrysector":"SECTOR-32","block":"GENERAL INDUSTRY","plotsize":"300 SQMT","plotsize_at_the_time_of_allotme":"300 SQMT","plot_size_as_per_lease_plan":300,"landuse_type":"INDUSTRIAL","landuse_subcategory":"INDUSTRIAL","scheme_cod":"IND02","investment":5,"employment":18,"plotstatus":"Allotted","landallotementstatus":"SOLD","landallotementtype":"ALLOTTED","allotmentid":"YIND021370","allotment_date":1442255400000,"rate_of_allotment":6100,"lease_deed":"Y","possession":"Y","possession_date":1690309800000,"village_name":"Chakbirampur","khasra_no":"101","longitude":77.60943264,"latitude":28.21738299,"authority":"YEIDA","category":"industrial","execution_stage":"possession-recorded"}},{"type":"Feature","geometry":{"type":"Polygon","coordinates":[[[77.607674,28.22173],[77.607674,28.221955],[77.607552,28.221956],[77.607552,28.22173],[77.607674,28.22173]]]},"properties":{"objectid":1952,"uniqueplotid":"PLNGINDUSTRIAL1952","plotmap_id":"SECTOR-32_199_GENERAL INDUSTRY_IND","plotidentificationnumber":"199","plotno":"199","industrysector":"SECTOR-32","block":"GENERAL INDUSTRY","plotsize":"300 SQMT","plotsize_at_the_time_of_allotme":"300 SQMT","plot_size_as_per_lease_plan":300,"landuse_type":"INDUSTRIAL","landuse_subcategory":"INDUSTRIAL","scheme_cod":"IND02","investment":5,"employment":18,"plotstatus":"Allotted","landallotementstatus":"SOLD","landallotementtype":"ALLOTTED","allotmentid":"YIND021123","allotment_date":1442255400000,"rate_of_allotment":6100,"lease_deed":"Y","possession":"Y","possession_date":1679423400000,"village_name":"Chakbirampur","khasra_no":"82,83","longitude":77.60761298,"latitude":28.221842830000003,"authority":"YEIDA","category":"industrial","execution_stage":"possession-recorded"}},{"type":"Feature","geometry":{"type":"Polygon","coordinates":[[[77.608637,28.21683],[77.608637,28.217056],[77.608515,28.217056],[77.608514,28.21683],[77.608637,28.21683]]]},"properties":{"objectid":1954,"uniqueplotid":"PLNGINDUSTRIAL1954","plotmap_id":"SECTOR-32_984_GENERAL INDUSTRY_IND","plotidentificationnumber":"984","plotno":"984","industrysector":"SECTOR-32","block":"GENERAL INDUSTRY","plotsize":"300 SQMT","plotsize_at_the_time_of_allotme":"300 SQMT","plot_size_as_per_lease_plan":300,"landuse_type":"INDUSTRIAL","landuse_subcategory":"INDUSTRIAL","scheme_cod":"IND06","investment":3,"employment":9,"plotstatus":"Allotted","landallotementstatus":"SOLD","landallotementtype":"ALLOTTED","allotmentid":"YIND061116","allotment_date":1574361000000,"rate_of_allotment":6670,"lease_deed":"Y","possession":"N","village_name":"Chakbirampur","khasra_no":"118,103","longitude":77.60857588,"latitude":28.21694304,"authority":"YEIDA","category":"industrial","execution_stage":"lease-recorded"}},{"type":"Feature","geometry":{"type":"Polygon","coordinates":[[[77.606239,28.220534],[77.60624,28.220849],[77.606067,28.22085],[77.606066,28.220534],[77.606239,28.220534]]]},"properties":{"objectid":1955,"uniqueplotid":"PLNGINDUSTRIAL1955","plotmap_id":"SECTOR-32_406_GENERAL INDUSTRY_IND","plotidentificationnumber":"406","plotno":"406","industrysector":"SECTOR-32","block":"GENERAL INDUSTRY","plotsize":"595 SQMT","plotsize_at_the_time_of_allotme":"595 SQMT","landuse_type":"INDUSTRIAL","landuse_subcategory":"INDUSTRIAL","scheme_cod":"IND02","investment":5,"employment":16,"plotstatus":"Allotted","landallotementstatus":"SOLD","landallotementtype":"ALLOTTED","allotmentid":"YIND021426","allotment_date":1442255400000,"rate_of_allotment":6100,"lease_deed":"N","possession":"N","village_name":"Chakbirampur","khasra_no":"89,81,92","longitude":77.60615305,"latitude":28.22069179,"authority":"YEIDA","category":"industrial","execution_stage":"allotted"}},{"type":"Feature","geometry":{"type":"Polygon","coordinates":[[[77.608772,28.22106],[77.608772,28.221285],[77.60865,28.221286],[77.608649,28.22106],[77.608772,28.22106]]]},"properties":{"objectid":1956,"uniqueplotid":"PLNGINDUSTRIAL1956","plotmap_id":"SECTOR-32_326_GENERAL INDUSTRY_IND","plotidentificationnumber":"326","plotno":"326","industrysector":"SECTOR-32","block":"GENERAL INDUSTRY","plotsize":"300 SQMT","plotsize_at_the_time_of_allotme":"300 SQMT","landuse_type":"INDUSTRIAL","landuse_subcategory":"INDUSTRIAL","scheme_cod":"IND02","investment":5,"employment":18,"plotstatus":"Allotted","landallotementstatus":"SOLD","landallotementtype":"ALLOTTED","allotmentid":"YIND021041","allotment_date":1442255400000,"rate_of_allotment":6100,"lease_deed":"Y","possession":"N","village_name":"Chakbirampur","khasra_no":"83","longitude":77.60871081,"latitude":28.22117283,"authority":"YEIDA","category":"industrial","execution_stage":"lease-recorded"}},{"type":"Feature","geometry":{"type":"Polygon","coordinates":[[[77.609284,28.218696],[77.609285,28.218966],[77.609132,28.218967],[77.609131,28.218696],[77.609284,28.218696]]]},"properties":{"objectid":1961,"uniqueplotid":"PLNGINDUSTRIAL1961","plotmap_id":"SECTOR-32_640_GENERAL INDUSTRY_IND","plotidentificationnumber":"640","plotno":"640","industrysector":"SECTOR-32","block":"GENERAL INDUSTRY","plotsize":"450 SQMT","plotsize_at_the_time_of_allotme":"450 SQMT","landuse_type":"INDUSTRIAL","landuse_subcategory":"INDUSTRIAL","scheme_cod":"IND06","investment":4,"employment":13,"plotstatus":"Allotted","landallotementstatus":"SOLD","landallotementtype":"ALLOTTED","allotmentid":"YIND061237","allotment_date":1574361000000,"rate_of_allotment":6670,"lease_deed":"Y","possession":"Y","possession_date":1650825000000,"map_sanctioned_from_planning":"Y","units_under_construction":"Y","village_name":"Chakbirampur","khasra_no":"95","longitude":77.60920786,"latitude":28.218831150000003,"authority":"YEIDA","category":"industrial","execution_stage":"construction-or-map-approval"}},{"type":"Feature","geometry":{"type":"Polygon","coordinates":[[[77.605639,28.217279],[77.605639,28.217505],[77.605517,28.217505],[77.605516,28.217279],[77.605639,28.217279]]]},"properties":{"objectid":1968,"uniqueplotid":"PLNGINDUSTRIAL1968","plotmap_id":"SECTOR-32_899_GENERAL INDUSTRY_IND","plotidentificationnumber":"899","plotno":"899","industrysector":"SECTOR-32","block":"GENERAL INDUSTRY","plotsize":"300 SQMT","plotsize_at_the_time_of_allotme":"300 SQMT","plot_size_as_per_lease_plan":300,"landuse_type":"INDUSTRIAL","landuse_subcategory":"INDUSTRIAL","scheme_cod":"IND02","investment":5,"employment":18,"plotstatus":"Allotted","landallotementstatus":"SOLD","landallotementtype":"ALLOTTED","allotmentid":"YIND021310","allotment_date":1442255400000,"rate_of_allotment":6100,"lease_deed":"Y","possession":"Y","possession_date":1701196200000,"village_name":"Chakbirampur","khasra_no":"145,146,134","longitude":77.60557792,"latitude":28.21739204,"authority":"YEIDA","category":"industrial","execution_stage":"possession-recorded"}},{"type":"Feature","geometry":{"type":"Polygon","coordinates":[[[77.609371,28.21727],[77.609372,28.217496],[77.60925,28.217496],[77.609249,28.217271],[77.609371,28.21727]]]},"properties":{"objectid":1970,"uniqueplotid":"PLNGINDUSTRIAL1970","plotmap_id":"SECTOR-32_871_GENERAL INDUSTRY_IND","plotidentificationnumber":"871","plotno":"871","industrysector":"SECTOR-32","block":"GENERAL INDUSTRY","plotsize":"300 SQMT","plotsize_at_the_time_of_allotme":"300 SQMT","landuse_type":"INDUSTRIAL","landuse_subcategory":"INDUSTRIAL","scheme_cod":"IND02","investment":5,"employment":18,"plotstatus":"Allotted","landallotementstatus":"SOLD","landallotementtype":"ALLOTTED","allotmentid":"YIND021042","allotment_date":1442255400000,"rate_of_allotment":6100,"lease_deed":"N","possession":"N","village_name":"Chakbirampur","khasra_no":"102,101","longitude":77.60931043000001,"latitude":28.21738328,"authority":"YEIDA","category":"industrial","execution_stage":"allotted"}},{"type":"Feature","geometry":{"type":"Polygon","coordinates":[[[77.608271,28.217273],[77.608272,28.217498],[77.60815,28.217499],[77.608149,28.217273],[77.608271,28.217273]]]},"properties":{"objectid":1976,"uniqueplotid":"PLNGINDUSTRIAL1976","plotmap_id":"SECTOR-32_880_GENERAL INDUSTRY_IND","plotidentificationnumber":"880","plotno":"880","industrysector":"SECTOR-32","block":"GENERAL INDUSTRY","plotsize":"300 SQMT","plotsize_at_the_time_of_allotme":"300 SQMT","landuse_type":"INDUSTRIAL","landuse_subcategory":"INDUSTRIAL","scheme_cod":"IND06","investment":3,"employment":9,"plotstatus":"Allotted","landallotementstatus":"SOLD","landallotementtype":"ALLOTTED","allotmentid":"YIND061087","allotment_date":1574361000000,"rate_of_allotment":6670,"lease_deed":"Y","possession":"N","village_name":"Chakbirampur","khasra_no":"125,119,117","longitude":77.60821059,"latitude":28.21738586,"authority":"YEIDA","category":"industrial","execution_stage":"lease-recorded"}},{"type":"Feature","geometry":{"type":"Polygon","coordinates":[[[77.609005,28.217497],[77.609006,28.217722],[77.608884,28.217723],[77.608883,28.217497],[77.609005,28.217497]]]},"properties":{"objectid":1977,"uniqueplotid":"PLNGINDUSTRIAL1977","plotmap_id":"SECTOR-32_851_GENERAL INDUSTRY_IND","plotidentificationnumber":"851","plotno":"851","industrysector":"SECTOR-32","block":"GENERAL INDUSTRY","plotsize":"300 SQMT","plotsize_at_the_time_of_allotme":"300 SQMT","landuse_type":"INDUSTRIAL","landuse_subcategory":"INDUSTRIAL","scheme_cod":"IND02","investment":5,"employment":18,"plotstatus":"Allotted","landallotementstatus":"SOLD","landallotementtype":"ALLOTTED","allotmentid":"YIND021248","allotment_date":1442255400000,"rate_of_allotment":6100,"lease_deed":"N","possession":"N","village_name":"Chakbirampur","khasra_no":"118,101,120","longitude":77.6089445,"latitude":28.21760962,"authority":"YEIDA","category":"industrial","execution_stage":"allotted"}},{"type":"Feature","geometry":{"type":"Polygon","coordinates":[[[77.605772,28.221067],[77.605773,28.221292],[77.605651,28.221293],[77.60565,28.221067],[77.605772,28.221067]]]},"properties":{"objectid":1983,"uniqueplotid":"PLNGINDUSTRIAL1983","plotmap_id":"SECTOR-32_348_GENERAL INDUSTRY_IND","plotidentificationnumber":"348","plotno":"348","industrysector":"SECTOR-32","block":"GENERAL INDUSTRY","plotsize":"300 SQMT","plotsize_at_the_time_of_allotme":"300 SQMT","plot_size_as_per_lease_plan":300,"landuse_type":"INDUSTRIAL","landuse_subcategory":"INDUSTRIAL","scheme_cod":"IND02","investment":5,"employment":18,"plotstatus":"Allotted","landallotementstatus":"SOLD","landallotementtype":"ALLOTTED","allotmentid":"YIND021216","allotment_date":1442255400000,"rate_of_allotment":6100,"lease_deed":"Y","possession":"Y","possession_date":1686853800000,"village_name":"Chakbirampur","khasra_no":"85,87","longitude":77.60571152,"latitude":28.22117987,"authority":"YEIDA","category":"industrial","execution_stage":"possession-recorded"}},{"type":"Feature","geometry":{"type":"Polygon","coordinates":[[[77.609893,28.217937],[77.609893,28.218207],[77.609741,28.218208],[77.60974,28.217937],[77.609893,28.217937]]]},"properties":{"objectid":1984,"uniqueplotid":"PLNGINDUSTRIAL1984","plotmap_id":"SECTOR-32_744_GENERAL INDUSTRY_IND","plotidentificationnumber":"744","plotno":"744","industrysector":"SECTOR-32","block":"GENERAL INDUSTRY","plotsize":"450 SQMT","plotsize_at_the_time_of_allotme":"450 SQMT","plot_size_as_per_lease_plan":595,"landuse_type":"INDUSTRIAL","landuse_subcategory":"INDUSTRIAL","scheme_cod":"IND07","investment":3,"employment":10,"plotstatus":"Allotted","landallotementstatus":"SOLD","landallotementtype":"ALLOTTED","allotmentid":"YIND071150","allotment_date":1625077800000,"rate_of_allotment":7010,"lease_deed":"N","possession":"N","village_name":"Chakbirampur","khasra_no":"101,97","longitude":77.6098166,"latitude":28.21807208,"authority":"YEIDA","category":"industrial","execution_stage":"allotted"}},{"type":"Feature","geometry":{"type":"Polygon","coordinates":[[[77.606005,28.217278],[77.606006,28.217504],[77.605884,28.217504],[77.605883,28.217279],[77.606005,28.217278]]]},"properties":{"objectid":1986,"uniqueplotid":"PLNGINDUSTRIAL1986","plotmap_id":"SECTOR-32_896_GENERAL INDUSTRY_IND","plotidentificationnumber":"896","plotno":"896","industrysector":"SECTOR-32","block":"GENERAL INDUSTRY","plotsize":"300 SQMT","plotsize_at_the_time_of_allotme":"300 SQMT","plot_size_as_per_lease_plan":300,"landuse_type":"INDUSTRIAL","landuse_subcategory":"INDUSTRIAL","scheme_cod":"IND02","investment":5,"employment":18,"plotstatus":"Allotted","landallotementstatus":"SOLD","landallotementtype":"ALLOTTED","allotmentid":"YIND021056","allotment_date":1442255400000,"rate_of_allotment":6100,"lease_deed":"Y","possession":"Y","possession_date":1723314600000,"village_name":"Chakbirampur","khasra_no":"145,147","longitude":77.60594453,"latitude":28.21739118,"authority":"YEIDA","category":"industrial","execution_stage":"possession-recorded"}},{"type":"Feature","geometry":{"type":"Polygon","coordinates":[[[77.610012,28.220525],[77.610013,28.220841],[77.60984,28.220841],[77.609839,28.220525],[77.610012,28.220525]]]},"properties":{"objectid":1989,"uniqueplotid":"PLNGINDUSTRIAL1989","plotmap_id":"SECTOR-32_423_GENERAL INDUSTRY_IND","plotidentificationnumber":"423","plotno":"423","industrysector":"SECTOR-32","block":"GENERAL INDUSTRY","plotsize":"595 SQMT","plotsize_at_the_time_of_allotme":"595 SQMT","plot_size_as_per_lease_plan":595,"landuse_type":"INDUSTRIAL","landuse_subcategory":"INDUSTRIAL","scheme_cod":"IND06","investment":5,"employment":17,"plotstatus":"Allotted","landallotementstatus":"SOLD","landallotementtype":"ALLOTTED","allotmentid":"YIND061319","allotment_date":1574361000000,"rate_of_allotment":6670,"lease_deed":"Y","possession":"Y","possession_date":1684953000000,"village_name":"Chakbirampur","khasra_no":"78,71","longitude":77.60992628999999,"latitude":28.22068294,"authority":"YEIDA","category":"industrial","execution_stage":"possession-recorded"}},{"type":"Feature","geometry":{"type":"Polygon","coordinates":[[[77.606371,28.216835],[77.606371,28.217061],[77.606249,28.217061],[77.606248,28.216836],[77.606371,28.216835]]]},"properties":{"objectid":1991,"uniqueplotid":"PLNGINDUSTRIAL1991","plotmap_id":"SECTOR-32_968_GENERAL INDUSTRY_IND","plotidentificationnumber":"968","plotno":"968","industrysector":"SECTOR-32","block":"GENERAL INDUSTRY","plotsize":"300 SQMT","plotsize_at_the_time_of_allotme":"300 SQMT","plot_size_as_per_lease_plan":300,"landuse_type":"INDUSTRIAL","landuse_subcategory":"INDUSTRIAL","scheme_cod":"IND05","investment":5,"employment":18,"plotstatus":"Allotted","landallotementstatus":"SOLD","landallotementtype":"ALLOTTED","allotmentid":"YIND051012","allotment_date":1542565800000,"rate_of_allotment":6405,"lease_deed":"Y","possession":"Y","possession_date":1690223400000,"village_name":"Chakbirampur","khasra_no":"145,147","longitude":77.60630981,"latitude":28.21694836,"authority":"YEIDA","category":"industrial","execution_stage":"possession-recorded"}},{"type":"Feature","geometry":{"type":"Polygon","coordinates":[[[77.607925,28.224033],[77.607926,28.224304],[77.607315,28.224305],[77.607314,28.224035],[77.607925,28.224033]]]},"properties":{"objectid":1998,"uniqueplotid":"PLNGINDUSTRIAL1998","plotmap_id":"SECTOR-32_38_GENERAL INDUSTRY_IND","plotidentificationnumber":"38","plotno":"38","industrysector":"SECTOR-32","block":"GENERAL INDUSTRY","plotsize":"1800 SQMT","plotsize_at_the_time_of_allotme":"1800 SQMT","landuse_type":"INDUSTRIAL","landuse_subcategory":"INDUSTRIAL","scheme_cod":"IND02","investment":14,"employment":48,"plotstatus":"Allotted","landallotementstatus":"SOLD","landallotementtype":"ALLOTTED","allotmentid":"YIND021498","allotment_date":1442255400000,"rate_of_allotment":6100,"lease_deed":"N","possession":"N","village_name":"Muradgarhi","khasra_no":"247,248","longitude":77.60762390000001,"latitude":28.22417685,"authority":"YEIDA","category":"industrial","execution_stage":"allotted"}},{"type":"Feature","geometry":{"type":"Polygon","coordinates":[[[77.60625,28.217503],[77.606251,28.217729],[77.606129,28.217729],[77.606128,28.217503],[77.60625,28.217503]]]},"properties":{"objectid":1999,"uniqueplotid":"PLNGINDUSTRIAL1999","plotmap_id":"SECTOR-32_831_GENERAL INDUSTRY_IND","plotidentificationnumber":"831","plotno":"831","industrysector":"SECTOR-32","block":"GENERAL INDUSTRY","plotsize":"300 SQMT","plotsize_at_the_time_of_allotme":"300 SQMT","plot_size_as_per_lease_plan":304.2,"landuse_type":"INDUSTRIAL","landuse_subcategory":"INDUSTRIAL","scheme_cod":"IND06","investment":3,"employment":9,"plotstatus":"Allotted","landallotementstatus":"SOLD","landallotementtype":"ALLOTTED","allotmentid":"YIND061044","allotment_date":1574361000000,"rate_of_allotment":6670,"lease_deed":"Y","possession":"Y","possession_date":1697999400000,"village_name":"Chakbirampur","khasra_no":"147,129","longitude":77.60618962,"latitude":28.21761609,"authority":"YEIDA","category":"industrial","execution_stage":"possession-recorded"}},{"type":"Feature","geometry":{"type":"Polygon","coordinates":[[[77.608041,28.221955],[77.608042,28.22218],[77.60792,28.22218],[77.607919,28.221955],[77.608041,28.221955]]]},"properties":{"objectid":2002,"uniqueplotid":"PLNGINDUSTRIAL2002","plotmap_id":"SECTOR-32_157_GENERAL INDUSTRY_IND","plotidentificationnumber":"157","plotno":"157","industrysector":"SECTOR-32","block":"GENERAL INDUSTRY","plotsize":"300 SQMT","plotsize_at_the_time_of_allotme":"300 SQMT","landuse_type":"INDUSTRIAL","landuse_subcategory":"INDUSTRIAL","scheme_cod":"IND04","investment":5,"employment":18,"plotstatus":"Allotted","landallotementstatus":"SOLD","landallotementtype":"ALLOTTED","allotmentid":"YIND041026","allotment_date":1546972200000,"rate_of_allotment":6405,"lease_deed":"N","possession":"N","village_name":"Chakbirampur","khasra_no":"83","longitude":77.60798027,"latitude":28.22206744,"authority":"YEIDA","category":"industrial","execution_stage":"allotted"}},{"type":"Feature","geometry":{"type":"Polygon","coordinates":[[[77.606617,28.217502],[77.606618,28.217728],[77.606495,28.217728],[77.606495,28.217503],[77.606617,28.217502]]]},"properties":{"objectid":2005,"uniqueplotid":"PLNGINDUSTRIAL2005","plotmap_id":"SECTOR-32_834_GENERAL INDUSTRY_IND","plotidentificationnumber":"834","plotno":"834","industrysector":"SECTOR-32","block":"GENERAL INDUSTRY","plotsize":"300 SQMT","plotsize_at_the_time_of_allotme":"300 SQMT","plot_size_as_per_lease_plan":304.8,"landuse_type":"INDUSTRIAL","landuse_subcategory":"INDUSTRIAL","scheme_cod":"IND06","investment":3,"employment":9,"plotstatus":"Allotted","landallotementstatus":"SOLD","landallotementtype":"ALLOTTED","allotmentid":"YIND061139","allotment_date":1574361000000,"rate_of_allotment":6670,"lease_deed":"Y","possession":"Y","possession_date":1732559400000,"village_name":"Chakbirampur","khasra_no":"129","longitude":77.60655623,"latitude":28.21761523,"authority":"YEIDA","category":"industrial","execution_stage":"possession-recorded"}},{"type":"Feature","geometry":{"type":"Polygon","coordinates":[[[77.608689,28.220528],[77.608689,28.220844],[77.608516,28.220844],[77.608515,28.220528],[77.608689,28.220528]]]},"properties":{"objectid":2007,"uniqueplotid":"PLNGINDUSTRIAL2007","plotmap_id":"SECTOR-32_418_GENERAL INDUSTRY_IND","plotidentificationnumber":"418","plotno":"418","industrysector":"SECTOR-32","block":"GENERAL INDUSTRY","plotsize":"595 SQMT","plotsize_at_the_time_of_allotme":"595 SQMT","plot_size_as_per_lease_plan":595,"landuse_type":"INDUSTRIAL","landuse_subcategory":"INDUSTRIAL","scheme_cod":"IND06","investment":5,"employment":17,"plotstatus":"Allotted","landallotementstatus":"SOLD","landallotementtype":"ALLOTTED","allotmentid":"YIND061307","allotment_date":1574361000000,"rate_of_allotment":6670,"lease_deed":"Y","possession":"N","village_name":"Chakbirampur","khasra_no":"82","longitude":77.60860242,"latitude":28.22068604,"authority":"YEIDA","category":"industrial","execution_stage":"lease-recorded"}},{"type":"Feature","geometry":{"type":"Polygon","coordinates":[[[77.608028,28.217499],[77.608028,28.217725],[77.607906,28.217725],[77.607905,28.217499],[77.608028,28.217499]]]},"properties":{"objectid":2011,"uniqueplotid":"PLNGINDUSTRIAL2011","plotmap_id":"SECTOR-32_843_GENERAL INDUSTRY_IND","plotidentificationnumber":"843","plotno":"843","industrysector":"SECTOR-32","block":"GENERAL INDUSTRY","plotsize":"300 SQMT","plotsize_at_the_time_of_allotme":"300 SQMT","landuse_type":"INDUSTRIAL","landuse_subcategory":"INDUSTRIAL","scheme_cod":"IND02","investment":5,"employment":18,"plotstatus":"Allotted","landallotementstatus":"SOLD","landallotementtype":"ALLOTTED","allotmentid":"YIND021327","allotment_date":1442255400000,"rate_of_allotment":6100,"lease_deed":"N","possession":"N","village_name":"Chakbirampur","khasra_no":"125,121","longitude":77.60796686,"latitude":28.21761192,"authority":"YEIDA","category":"industrial","execution_stage":"allotted"}},{"type":"Feature","geometry":{"type":"Polygon","coordinates":[[[77.607604,28.21897],[77.607605,28.219241],[77.607452,28.219241],[77.607452,28.218971],[77.607604,28.21897]]]},"properties":{"objectid":2015,"uniqueplotid":"PLNGINDUSTRIAL2015","plotmap_id":"SECTOR-32_614_GENERAL INDUSTRY_IND","plotidentificationnumber":"614","plotno":"614","industrysector":"SECTOR-32","block":"GENERAL INDUSTRY","plotsize":"450 SQMT","plotsize_at_the_time_of_allotme":"450 SQMT","landuse_type":"INDUSTRIAL","landuse_subcategory":"INDUSTRIAL","scheme_cod":"IND04","investment":4,"employment":13,"plotstatus":"Allotted","landallotementstatus":"SOLD","landallotementtype":"ALLOTTED","allotmentid":"YIND041055","allotment_date":1546972200000,"rate_of_allotment":6405,"lease_deed":"Y","possession":"Y","possession_date":1691605800000,"village_name":"Chakbirampur","khasra_no":"93","longitude":77.60752837,"latitude":28.21910567,"authority":"YEIDA","category":"industrial","execution_stage":"possession-recorded"}},{"type":"Feature","geometry":{"type":"Polygon","coordinates":[[[77.607996,28.22053],[77.607997,28.220845],[77.607824,28.220846],[77.607823,28.22053],[77.607996,28.22053]]]},"properties":{"objectid":2019,"uniqueplotid":"PLNGINDUSTRIAL2019","plotmap_id":"SECTOR-32_414_GENERAL INDUSTRY_IND","plotidentificationnumber":"414","plotno":"414","industrysector":"SECTOR-32","block":"GENERAL INDUSTRY","plotsize":"595 SQMT","plotsize_at_the_time_of_allotme":"595 SQMT","landuse_type":"INDUSTRIAL","landuse_subcategory":"INDUSTRIAL","scheme_cod":"IND06","investment":5,"employment":17,"plotstatus":"Allotted","landallotementstatus":"SOLD","landallotementtype":"ALLOTTED","allotmentid":"YIND061351","allotment_date":1574361000000,"rate_of_allotment":6670,"lease_deed":"N","possession":"N","village_name":"Chakbirampur","khasra_no":"82","longitude":77.60790993,"latitude":28.22068767,"authority":"YEIDA","category":"industrial","execution_stage":"allotted"}},{"type":"Feature","geometry":{"type":"Polygon","coordinates":[[[77.607756,28.218699],[77.607757,28.21897],[77.607604,28.21897],[77.607604,28.2187],[77.607756,28.218699]]]},"properties":{"objectid":2020,"uniqueplotid":"PLNGINDUSTRIAL2020","plotmap_id":"SECTOR-32_650_GENERAL INDUSTRY_IND","plotidentificationnumber":"650","plotno":"650","industrysector":"SECTOR-32","block":"GENERAL INDUSTRY","plotsize":"450 SQMT","plotsize_at_the_time_of_allotme":"450 SQMT","landuse_type":"INDUSTRIAL","landuse_subcategory":"INDUSTRIAL","scheme_cod":"IND04","investment":4,"employment":13,"plotstatus":"Allotted","landallotementstatus":"SOLD","landallotementtype":"ALLOTTED","allotmentid":"YIND041070","allotment_date":1546972200000,"rate_of_allotment":6405,"lease_deed":"Y","possession":"Y","possession_date":1670956200000,"map_sanctioned_from_planning":"Y","units_under_construction":"Y","village_name":"Chakbirampur","khasra_no":"123,93","longitude":77.60768031,"latitude":28.21883473,"authority":"YEIDA","category":"industrial","execution_stage":"construction-or-map-approval"}},{"type":"Feature","geometry":{"type":"Polygon","coordinates":[[[77.609003,28.216829],[77.609004,28.217055],[77.608882,28.217055],[77.608881,28.21683],[77.609003,28.216829]]]},"properties":{"objectid":2023,"uniqueplotid":"PLNGINDUSTRIAL2023","plotmap_id":"SECTOR-32_987_GENERAL INDUSTRY_IND","plotidentificationnumber":"987","plotno":"987","industrysector":"SECTOR-32","block":"GENERAL INDUSTRY","plotsize":"300 SQMT","plotsize_at_the_time_of_allotme":"300 SQMT","plot_size_as_per_lease_plan":300,"landuse_type":"INDUSTRIAL","landuse_subcategory":"INDUSTRIAL","scheme_cod":"IND06","investment":3,"employment":9,"plotstatus":"Allotted","landallotementstatus":"SOLD","landallotementtype":"ALLOTTED","allotmentid":"YIND061105","allotment_date":1574361000000,"rate_of_allotment":6670,"lease_deed":"Y","possession":"Y","possession_date":1681151400000,"village_name":"Chakbirampur","khasra_no":"103,102","longitude":77.60894249,"latitude":28.21694218,"authority":"YEIDA","category":"industrial","execution_stage":"possession-recorded"}},{"type":"Feature","geometry":{"type":"Polygon","coordinates":[[[77.609895,28.218694],[77.609896,28.218965],[77.609743,28.218965],[77.609742,28.218695],[77.609895,28.218694]]]},"properties":{"objectid":2028,"uniqueplotid":"PLNGINDUSTRIAL2028","plotmap_id":"SECTOR-32_636_GENERAL INDUSTRY_IND","plotidentificationnumber":"636","plotno":"636","industrysector":"SECTOR-32","block":"GENERAL INDUSTRY","plotsize":"450 SQMT","plotsize_at_the_time_of_allotme":"450 SQMT","plot_size_as_per_lease_plan":450,"landuse_type":"INDUSTRIAL","landuse_subcategory":"INDUSTRIAL","scheme_cod":"IND06","investment":4,"employment":13,"plotstatus":"Allotted","landallotementstatus":"SOLD","landallotementtype":"ALLOTTED","allotmentid":"YIND061222","allotment_date":1574361000000,"rate_of_allotment":6670,"lease_deed":"Y","possession":"Y","possession_date":1679250600000,"units_under_construction":"Y","village_name":"Chakbirampur","khasra_no":"95","longitude":77.60981888,"latitude":28.21882971,"authority":"YEIDA","category":"industrial","execution_stage":"construction-or-map-approval"}},{"type":"Feature","geometry":{"type":"Polygon","coordinates":[[[77.605855,28.217946],[77.605855,28.218217],[77.605703,28.218217],[77.605702,28.217946],[77.605855,28.217946]]]},"properties":{"objectid":2034,"uniqueplotid":"PLNGINDUSTRIAL2034","plotmap_id":"SECTOR-32_768_GENERAL INDUSTRY_IND","plotidentificationnumber":"768","plotno":"768","industrysector":"SECTOR-32","block":"GENERAL INDUSTRY","plotsize":"450 SQMT","plotsize_at_the_time_of_allotme":"450 SQMT","plot_size_as_per_lease_plan":450,"landuse_type":"INDUSTRIAL","landuse_subcategory":"INDUSTRIAL","scheme_cod":"IND07","investment":3,"employment":10,"plotstatus":"Allotted","landallotementstatus":"SOLD","landallotementtype":"ALLOTTED","allotmentid":"YIND071135","allotment_date":1625077800000,"rate_of_allotment":7010,"lease_deed":"Y","possession":"N","village_name":"Chakbirampur","khasra_no":"90,132","longitude":77.60577857999999,"latitude":28.21808156,"authority":"YEIDA","category":"industrial","execution_stage":"lease-recorded"}},{"type":"Feature","geometry":{"type":"Polygon","coordinates":[[[77.605546,28.22022],[77.605547,28.220535],[77.605374,28.220536],[77.605373,28.22022],[77.605546,28.22022]]]},"properties":{"objectid":2035,"uniqueplotid":"PLNGINDUSTRIAL2035","plotmap_id":"SECTOR-32_449_GENERAL INDUSTRY_IND","plotidentificationnumber":"449","plotno":"449","industrysector":"SECTOR-32","block":"GENERAL INDUSTRY","plotsize":"595 SQMT","plotsize_at_the_time_of_allotme":"595 SQMT","plot_size_as_per_lease_plan":595,"landuse_type":"INDUSTRIAL","landuse_subcategory":"INDUSTRIAL","scheme_cod":"IND02","investment":5,"employment":16,"plotstatus":"Allotted","landallotementstatus":"SOLD","landallotementtype":"ALLOTTED","allotmentid":"YIND021468","allotment_date":1442255400000,"rate_of_allotment":6100,"lease_deed":"Y","possession":"N","village_name":"Chakbirampur","khasra_no":"89","longitude":77.60545961,"latitude":28.22037775,"authority":"YEIDA","category":"industrial","execution_stage":"lease-recorded"}},{"type":"Feature","geometry":{"type":"Polygon","coordinates":[[[77.607538,28.217275],[77.607539,28.2175],[77.607417,28.2175],[77.607416,28.217275],[77.607538,28.217275]]]},"properties":{"objectid":2042,"uniqueplotid":"PLNGINDUSTRIAL2042","plotmap_id":"SECTOR-32_886_GENERAL INDUSTRY_IND","plotidentificationnumber":"886","plotno":"886","industrysector":"SECTOR-32","block":"GENERAL INDUSTRY","plotsize":"300 SQMT","plotsize_at_the_time_of_allotme":"300 SQMT","plot_size_as_per_lease_plan":300,"landuse_type":"INDUSTRIAL","landuse_subcategory":"INDUSTRIAL","scheme_cod":"IND02","investment":5,"employment":18,"plotstatus":"Allotted","landallotementstatus":"SOLD","landallotementtype":"ALLOTTED","allotmentid":"YIND021003","allotment_date":1442255400000,"rate_of_allotment":6100,"lease_deed":"Y","possession":"Y","possession_date":1710181800000,"village_name":"Chakbirampur","khasra_no":"117,126","longitude":77.60747737,"latitude":28.21738758,"authority":"YEIDA","category":"industrial","execution_stage":"possession-recorded"}},{"type":"Feature","geometry":{"type":"Polygon","coordinates":[[[77.606758,28.220217],[77.606758,28.220533],[77.606585,28.220533],[77.606584,28.220217],[77.606758,28.220217]]]},"properties":{"objectid":2045,"uniqueplotid":"PLNGINDUSTRIAL2045","plotmap_id":"SECTOR-32_442_GENERAL INDUSTRY_IND","plotidentificationnumber":"442","plotno":"442","industrysector":"SECTOR-32","block":"GENERAL INDUSTRY","plotsize":"595 SQMT","plotsize_at_the_time_of_allotme":"595 SQMT","landuse_type":"INDUSTRIAL","landuse_subcategory":"INDUSTRIAL","scheme_cod":"IND06","investment":5,"employment":17,"plotstatus":"Allotted","landallotementstatus":"SOLD","landallotementtype":"ALLOTTED","allotmentid":"YIND061316","allotment_date":1574361000000,"rate_of_allotment":6670,"lease_deed":"Y","possession":"Y","possession_date":1715365800000,"village_name":"Chakbirampur","khasra_no":"89,81,92","longitude":77.60666889,"latitude":28.220370250000002,"authority":"YEIDA","category":"industrial","execution_stage":"possession-recorded"}},{"type":"Feature","geometry":{"type":"Polygon","coordinates":[[[77.609627,28.221058],[77.609628,28.221283],[77.609505,28.221284],[77.609505,28.221058],[77.609627,28.221058]]]},"properties":{"objectid":2050,"uniqueplotid":"PLNGINDUSTRIAL2050","plotmap_id":"SECTOR-32_319_GENERAL INDUSTRY_IND","plotidentificationnumber":"319","plotno":"319","industrysector":"SECTOR-32","block":"GENERAL INDUSTRY","plotsize":"300 SQMT","plotsize_at_the_time_of_allotme":"300 SQMT","plot_size_as_per_lease_plan":300,"landuse_type":"INDUSTRIAL","landuse_subcategory":"INDUSTRIAL","scheme_cod":"IND02","investment":5,"employment":18,"plotstatus":"Allotted","landallotementstatus":"SOLD","landallotementtype":"ALLOTTED","allotmentid":"YIND021008","allotment_date":1442255400000,"rate_of_allotment":6100,"lease_deed":"Y","possession":"Y","possession_date":1688322600000,"village_name":"Chakbirampur","khasra_no":"75,71","longitude":77.60956623999999,"latitude":28.22117082,"authority":"YEIDA","category":"industrial","execution_stage":"possession-recorded"}},{"type":"Feature","geometry":{"type":"Polygon","coordinates":[[[77.608039,28.221287],[77.60804,28.221513],[77.607918,28.221513],[77.607917,28.221287],[77.608039,28.221287]]]},"properties":{"objectid":2056,"uniqueplotid":"PLNGINDUSTRIAL2056","plotmap_id":"SECTOR-32_293_GENERAL INDUSTRY_IND","plotidentificationnumber":"293","plotno":"293","industrysector":"SECTOR-32","block":"GENERAL INDUSTRY","plotsize":"300 SQMT","plotsize_at_the_time_of_allotme":"300 SQMT","landuse_type":"INDUSTRIAL","landuse_subcategory":"INDUSTRIAL","scheme_cod":"IND06","investment":3,"employment":9,"plotstatus":"Allotted","landallotementstatus":"SOLD","landallotementtype":"ALLOTTED","allotmentid":"YIND061027","allotment_date":1574361000000,"rate_of_allotment":6670,"lease_deed":"Y","possession":"Y","possession_date":1648492200000,"map_sanctioned_from_planning":"Y","village_name":"Chakbirampur","khasra_no":"82","longitude":77.60797826,"latitude":28.221400029999998,"authority":"YEIDA","category":"industrial","execution_stage":"construction-or-map-approval"}},{"type":"Feature","geometry":{"type":"Polygon","coordinates":[[[77.607606,28.219457],[77.607607,28.219728],[77.607454,28.219728],[77.607453,28.219458],[77.607606,28.219457]]]},"properties":{"objectid":2057,"uniqueplotid":"PLNGINDUSTRIAL2057","plotmap_id":"SECTOR-32_543_GENERAL INDUSTRY_IND","plotidentificationnumber":"543","plotno":"543","industrysector":"SECTOR-32","block":"GENERAL INDUSTRY","plotsize":"450 SQMT","plotsize_at_the_time_of_allotme":"450 SQMT","landuse_type":"INDUSTRIAL","landuse_subcategory":"INDUSTRIAL","scheme_cod":"IND06","investment":4,"employment":13,"plotstatus":"Allotted","landallotementstatus":"SOLD","landallotementtype":"ALLOTTED","allotmentid":"YIND061195","allotment_date":1574361000000,"rate_of_allotment":6670,"lease_deed":"N","possession":"N","village_name":"Chakbirampur","khasra_no":"81,80","longitude":77.60752983,"latitude":28.21959271,"authority":"YEIDA","category":"industrial","execution_stage":"allotted"}},{"type":"Feature","geometry":{"type":"Polygon","coordinates":[[[77.60766,28.217274],[77.607661,28.2175],[77.607539,28.2175],[77.607538,28.217275],[77.60766,28.217274]]]},"properties":{"objectid":2060,"uniqueplotid":"PLNGINDUSTRIAL2060","plotmap_id":"SECTOR-32_885_GENERAL INDUSTRY_IND","plotidentificationnumber":"885","plotno":"885","industrysector":"SECTOR-32","block":"GENERAL INDUSTRY","plotsize":"300 SQMT","plotsize_at_the_time_of_allotme":"300 SQMT","plot_size_as_per_lease_plan":300,"landuse_type":"INDUSTRIAL","landuse_subcategory":"INDUSTRIAL","scheme_cod":"IND02","investment":5,"employment":18,"plotstatus":"Allotted","landallotementstatus":"SOLD","landallotementtype":"ALLOTTED","allotmentid":"YIND021265","allotment_date":1442255400000,"rate_of_allotment":6100,"lease_deed":"Y","possession":"Y","possession_date":1677954600000,"village_name":"Chakbirampur","khasra_no":"125,117","longitude":77.60759957,"latitude":28.21738729,"authority":"YEIDA","category":"industrial","execution_stage":"possession-recorded"}},{"type":"Feature","geometry":{"type":"Polygon","coordinates":[[[77.610352,28.218206],[77.610352,28.218477],[77.6102,28.218477],[77.610199,28.218206],[77.610352,28.218206]]]},"properties":{"objectid":2062,"uniqueplotid":"PLNGINDUSTRIAL2062","plotmap_id":"SECTOR-32_740_GENERAL INDUSTRY_IND","plotidentificationnumber":"740","plotno":"740","industrysector":"SECTOR-32","block":"GENERAL INDUSTRY","plotsize":"450 SQMT","plotsize_at_the_time_of_allotme":"450 SQMT","landuse_type":"INDUSTRIAL","landuse_subcategory":"INDUSTRIAL","scheme_cod":"IND07","investment":3,"employment":10,"plotstatus":"Allotted","landallotementstatus":"SOLD","landallotementtype":"ALLOTTED","allotmentid":"YIND071223","allotment_date":1625164200000,"rate_of_allotment":7010,"lease_deed":"N","possession":"N","village_name":"Chakbirampur","khasra_no":"97","longitude":77.61027568,"latitude":28.218341589999998,"authority":"YEIDA","category":"industrial","execution_stage":"allotted"}},{"type":"Feature","geometry":{"type":"Polygon","coordinates":[[[77.608829,28.219725],[77.608829,28.219996],[77.608677,28.219996],[77.608676,28.219725],[77.608829,28.219725]]]},"properties":{"objectid":2065,"uniqueplotid":"PLNGINDUSTRIAL2065","plotmap_id":"SECTOR-32_514_GENERAL INDUSTRY_IND","plotidentificationnumber":"514","plotno":"514","industrysector":"SECTOR-32","block":"GENERAL INDUSTRY","plotsize":"450 SQMT","plotsize_at_the_time_of_allotme":"450 SQMT","plot_size_as_per_lease_plan":450,"landuse_type":"INDUSTRIAL","landuse_subcategory":"INDUSTRIAL","scheme_cod":"IND06","investment":4,"employment":13,"plot_total_employment":"20","plotstatus":"Allotted","landallotementstatus":"SOLD","landallotementtype":"ALLOTTED","allotmentid":"YIND061289","allotment_date":1574361000000,"rate_of_allotment":6670,"lease_deed":"Y","lease_deed_date":1749407400000,"possession":"N","village_name":"Chakbirampur","khasra_no":"94","longitude":77.60875269,"latitude":28.21986042,"authority":"YEIDA","category":"industrial","execution_stage":"lease-recorded"}},{"type":"Feature","geometry":{"type":"Polygon","coordinates":[[[77.609616,28.217495],[77.609617,28.217721],[77.609495,28.217721],[77.609494,28.217496],[77.609616,28.217495]]]},"properties":{"objectid":2070,"uniqueplotid":"PLNGINDUSTRIAL2070","plotmap_id":"SECTOR-32_856_GENERAL INDUSTRY_IND","plotidentificationnumber":"856","plotno":"856","industrysector":"SECTOR-32","block":"GENERAL INDUSTRY","plotsize":"300 SQMT","plotsize_at_the_time_of_allotme":"300 SQMT","plot_size_as_per_lease_plan":300,"landuse_type":"INDUSTRIAL","landuse_subcategory":"INDUSTRIAL","scheme_cod":"IND02","investment":5,"employment":18,"plotstatus":"Allotted","landallotementstatus":"SOLD","landallotementtype":"ALLOTTED","allotmentid":"YIND021361","allotment_date":1442255400000,"rate_of_allotment":6100,"lease_deed":"Y","possession":"Y","possession_date":1686767400000,"village_name":"Chakbirampur","khasra_no":"101","longitude":77.60955552,"latitude":28.21760819,"authority":"YEIDA","category":"industrial","execution_stage":"possession-recorded"}},{"type":"Feature","geometry":{"type":"Polygon","coordinates":[[[77.605761,28.217279],[77.605762,28.217504],[77.605639,28.217505],[77.605639,28.217279],[77.605761,28.217279]]]},"properties":{"objectid":2073,"uniqueplotid":"PLNGINDUSTRIAL2073","plotmap_id":"SECTOR-32_898_GENERAL INDUSTRY_IND","plotidentificationnumber":"898","plotno":"898","industrysector":"SECTOR-32","block":"GENERAL INDUSTRY","plotsize":"300 SQMT","plotsize_at_the_time_of_allotme":"300 SQMT","plot_size_as_per_lease_plan":300,"landuse_type":"INDUSTRIAL","landuse_subcategory":"INDUSTRIAL","scheme_cod":"IND02","investment":5,"employment":18,"plotstatus":"Allotted","landallotementstatus":"SOLD","landallotementtype":"ALLOTTED","allotmentid":"YIND021328","allotment_date":1442255400000,"rate_of_allotment":6100,"lease_deed":"Y","possession":"Y","possession_date":1684953000000,"village_name":"Chakbirampur","khasra_no":"145,146,147","longitude":77.60570012,"latitude":28.21739175,"authority":"YEIDA","category":"industrial","execution_stage":"possession-recorded"}},{"type":"Feature","geometry":{"type":"Polygon","coordinates":[[[77.608515,28.220528],[77.608516,28.220844],[77.608343,28.220844],[77.608342,28.220529],[77.608515,28.220528]]]},"properties":{"objectid":2075,"uniqueplotid":"PLNGINDUSTRIAL2075","plotmap_id":"SECTOR-32_417_GENERAL INDUSTRY_IND","plotidentificationnumber":"417","plotno":"417","industrysector":"SECTOR-32","block":"GENERAL INDUSTRY","plotsize":"595 SQMT","plotsize_at_the_time_of_allotme":"595 SQMT","landuse_type":"INDUSTRIAL","landuse_subcategory":"INDUSTRIAL","scheme_cod":"IND06","investment":5,"employment":17,"plotstatus":"Allotted","landallotementstatus":"SOLD","landallotementtype":"ALLOTTED","allotmentid":"YIND061343","allotment_date":1574361000000,"rate_of_allotment":6670,"lease_deed":"Y","possession":"Y","possession_date":1641234600000,"village_name":"Chakbirampur","khasra_no":"82","longitude":77.60842929,"latitude":28.220686450000002,"authority":"YEIDA","category":"industrial","execution_stage":"possession-recorded"}},{"type":"Feature","geometry":{"type":"Polygon","coordinates":[[[77.607905,28.217499],[77.607906,28.217725],[77.607784,28.217725],[77.607783,28.2175],[77.607905,28.217499]]]},"properties":{"objectid":2081,"uniqueplotid":"PLNGINDUSTRIAL2081","plotmap_id":"SECTOR-32_842_GENERAL INDUSTRY_IND","plotidentificationnumber":"842","plotno":"842","industrysector":"SECTOR-32","block":"GENERAL INDUSTRY","plotsize":"300 SQMT","plotsize_at_the_time_of_allotme":"300 SQMT","plot_size_as_per_lease_plan":300,"landuse_type":"INDUSTRIAL","landuse_subcategory":"INDUSTRIAL","scheme_cod":"IND02","investment":5,"employment":18,"plotstatus":"Allotted","landallotementstatus":"SOLD","landallotementtype":"ALLOTTED","allotmentid":"YIND021164","allotment_date":1442255400000,"rate_of_allotment":6100,"lease_deed":"Y","possession":"Y","possession_date":1696357800000,"village_name":"Chakbirampur","khasra_no":"125,121","longitude":77.60784466,"latitude":28.2176122,"authority":"YEIDA","category":"industrial","execution_stage":"possession-recorded"}},{"type":"Feature","geometry":{"type":"Polygon","coordinates":[[[77.60555,28.218217],[77.605551,28.218488],[77.605398,28.218488],[77.605397,28.218218],[77.60555,28.218217]]]},"properties":{"objectid":2085,"uniqueplotid":"PLNGINDUSTRIAL2085","plotmap_id":"SECTOR-32_711_GENERAL INDUSTRY_IND","plotidentificationnumber":"711","plotno":"711","industrysector":"SECTOR-32","block":"GENERAL INDUSTRY","plotsize":"450 SQMT","plotsize_at_the_time_of_allotme":"450 SQMT","plot_size_as_per_lease_plan":595,"landuse_type":"INDUSTRIAL","landuse_subcategory":"INDUSTRIAL","scheme_cod":"IND07","investment":3,"employment":10,"plotstatus":"Allotted","landallotementstatus":"SOLD","landallotementtype":"ALLOTTED","allotmentid":"YIND071165","allotment_date":1625077800000,"rate_of_allotment":7010,"lease_deed":"Y","possession":"N","village_name":"Chakbirampur","khasra_no":"90","longitude":77.60547388,"latitude":28.21835286,"authority":"YEIDA","category":"industrial","execution_stage":"lease-recorded"}},{"type":"Feature","geometry":{"type":"Polygon","coordinates":[[[77.607009,28.224036],[77.607009,28.224306],[77.606398,28.224308],[77.606398,28.224037],[77.607009,28.224036]]]},"properties":{"objectid":2087,"uniqueplotid":"PLNGINDUSTRIAL2087","plotmap_id":"SECTOR-32_37_GENERAL INDUSTRY_IND","plotidentificationnumber":"37","plotno":"37","industrysector":"SECTOR-32","block":"GENERAL INDUSTRY","plotsize":"1800 SQMT","landuse_type":"INDUSTRIAL","landuse_subcategory":"INDUSTRIAL","investment":0,"employment":0,"landallotementstatus":"VACANT","landallotementtype":"VACANT","village_name":"Muradgarhi,Chakbirampur","khasra_no":"85,248","longitude":77.60675421,"latitude":28.22419392,"authority":"YEIDA","category":"industrial","execution_stage":"vacant"}},{"type":"Feature","geometry":{"type":"Polygon","coordinates":[[[77.606994,28.219242],[77.606775,28.219243],[77.606774,28.218972],[77.606993,28.218972],[77.606994,28.219242]]]},"properties":{"objectid":2090,"uniqueplotid":"PLNGINDUSTRIAL2090","plotmap_id":"SECTOR-32_612_GENERAL INDUSTRY_IND","plotidentificationnumber":"612","plotno":"612","industrysector":"SECTOR-32","block":"GENERAL INDUSTRY","plotsize":"450 SQMT","plotsize_at_the_time_of_allotme":"450 SQMT","plot_size_as_per_lease_plan":654,"landuse_type":"INDUSTRIAL","landuse_subcategory":"INDUSTRIAL","scheme_cod":"IND06","investment":4,"employment":13,"plotstatus":"Allotted","landallotementstatus":"SOLD","landallotementtype":"ALLOTTED","allotmentid":"YIND061212","allotment_date":1574361000000,"rate_of_allotment":6670,"lease_deed":"Y","possession":"Y","possession_date":1710268200000,"village_name":"Chakbirampur","khasra_no":"81","longitude":77.60688241000001,"latitude":28.21910505,"authority":"YEIDA","category":"industrial","execution_stage":"possession-recorded"}},{"type":"Feature","geometry":{"type":"Polygon","coordinates":[[[77.609383,28.221059],[77.609383,28.221284],[77.609261,28.221284],[77.60926,28.221059],[77.609383,28.221059]]]},"properties":{"objectid":2094,"uniqueplotid":"PLNGINDUSTRIAL2094","plotmap_id":"SECTOR-32_321_GENERAL INDUSTRY_IND","plotidentificationnumber":"321","plotno":"321","industrysector":"SECTOR-32","block":"GENERAL INDUSTRY","plotsize":"300 SQMT","plotsize_at_the_time_of_allotme":"300 SQMT","plot_size_as_per_lease_plan":300,"landuse_type":"INDUSTRIAL","landuse_subcategory":"INDUSTRIAL","scheme_cod":"IND02","investment":5,"employment":18,"plotstatus":"Allotted","landallotementstatus":"SOLD","landallotementtype":"ALLOTTED","allotmentid":"YIND021108","allotment_date":1442255400000,"rate_of_allotment":6100,"lease_deed":"Y","possession":"N","village_name":"Chakbirampur","khasra_no":"75,83","longitude":77.60932183,"latitude":28.2211714,"authority":"YEIDA","category":"industrial","execution_stage":"lease-recorded"}},{"type":"Feature","geometry":{"type":"Polygon","coordinates":[[[77.606987,28.216834],[77.606988,28.21706],[77.60686,28.21706],[77.606859,28.216834],[77.606987,28.216834]]]},"properties":{"objectid":2095,"uniqueplotid":"PLNGINDUSTRIAL2095","plotmap_id":"SECTOR-32_973_GENERAL INDUSTRY_IND","plotidentificationnumber":"973","plotno":"973","industrysector":"SECTOR-32","block":"GENERAL INDUSTRY","plotsize":"300 SQMT","plotsize_at_the_time_of_allotme":"300 SQMT","landuse_type":"INDUSTRIAL","landuse_subcategory":"INDUSTRIAL","scheme_cod":"IND06","investment":3,"employment":9,"plotstatus":"Allotted","landallotementstatus":"SOLD","landallotementtype":"ALLOTTED","allotmentid":"YIND061115","allotment_date":1574361000000,"rate_of_allotment":6670,"lease_deed":"N","possession":"N","village_name":"Chakbirampur","khasra_no":"150","longitude":77.60692347999999,"latitude":28.216946919999998,"authority":"YEIDA","category":"industrial","execution_stage":"allotted"}},{"type":"Feature","geometry":{"type":"Polygon","coordinates":[[[77.606739,28.217502],[77.60674,28.217728],[77.606618,28.217728],[77.606617,28.217502],[77.606739,28.217502]]]},"properties":{"objectid":2098,"uniqueplotid":"PLNGINDUSTRIAL2098","plotmap_id":"SECTOR-32_835_GENERAL INDUSTRY_IND","plotidentificationnumber":"835","plotno":"835","industrysector":"SECTOR-32","block":"GENERAL INDUSTRY","plotsize":"300 SQMT","plotsize_at_the_time_of_allotme":"300 SQMT","landuse_type":"INDUSTRIAL","landuse_subcategory":"INDUSTRIAL","scheme_cod":"IND06","investment":3,"employment":9,"plotstatus":"Allotted","landallotementstatus":"SOLD","landallotementtype":"ALLOTTED","allotmentid":"YIND061084","allotment_date":1574361000000,"rate_of_allotment":6670,"lease_deed":"N","possession":"N","village_name":"Chakbirampur","khasra_no":"129","longitude":77.60667843,"latitude":28.21761495,"authority":"YEIDA","category":"industrial","execution_stage":"allotted"}},{"type":"Feature","geometry":{"type":"Polygon","coordinates":[[[77.608213,28.218211],[77.608214,28.218482],[77.608061,28.218482],[77.60806,28.218211],[77.608213,28.218211]]]},"properties":{"objectid":2103,"uniqueplotid":"PLNGINDUSTRIAL2103","plotmap_id":"SECTOR-32_726_GENERAL INDUSTRY_IND","plotidentificationnumber":"726","plotno":"726","industrysector":"SECTOR-32","block":"GENERAL INDUSTRY","plotsize":"450 SQMT","plotsize_at_the_time_of_allotme":"450 SQMT","plot_size_as_per_lease_plan":450,"landuse_type":"INDUSTRIAL","landuse_subcategory":"INDUSTRIAL","scheme_cod":"IND07","investment":3,"employment":10,"plotstatus":"Allotted","landallotementstatus":"SOLD","landallotementtype":"ALLOTTED","allotmentid":"YIND071133","allotment_date":1625164200000,"rate_of_allotment":7010,"lease_deed":"Y","possession":"Y","possession_date":1685903400000,"village_name":"Chakbirampur","khasra_no":"123,95","longitude":77.60813710999999,"latitude":28.218346609999998,"authority":"YEIDA","category":"industrial","execution_stage":"possession-recorded"}},{"type":"Feature","geometry":{"type":"Polygon","coordinates":[[[77.608527,28.221061],[77.608528,28.221286],[77.608406,28.221286],[77.608405,28.221061],[77.608527,28.221061]]]},"properties":{"objectid":2104,"uniqueplotid":"PLNGINDUSTRIAL2104","plotmap_id":"SECTOR-32_328_GENERAL INDUSTRY_IND","plotidentificationnumber":"328","plotno":"328","industrysector":"SECTOR-32","block":"GENERAL INDUSTRY","plotsize":"300 SQMT","plotsize_at_the_time_of_allotme":"300 SQMT","landuse_type":"INDUSTRIAL","landuse_subcategory":"INDUSTRIAL","scheme_cod":"IND02","investment":5,"employment":18,"plotstatus":"Allotted","landallotementstatus":"SOLD","landallotementtype":"ALLOTTED","allotmentid":"YIND021079","allotment_date":1442255400000,"rate_of_allotment":6100,"lease_deed":"N","possession":"N","village_name":"Chakbirampur","khasra_no":"82,83","longitude":77.6084664,"latitude":28.2211734,"authority":"YEIDA","category":"industrial","execution_stage":"allotted"}},{"type":"Feature","geometry":{"type":"Polygon","coordinates":[[[77.610011,28.220209],[77.610012,28.220525],[77.609839,28.220525],[77.609838,28.22021],[77.610011,28.220209]]]},"properties":{"objectid":2105,"uniqueplotid":"PLNGINDUSTRIAL2105","plotmap_id":"SECTOR-32_428_GENERAL INDUSTRY_IND","plotidentificationnumber":"428","plotno":"428","industrysector":"SECTOR-32","block":"GENERAL INDUSTRY","plotsize":"595 SQMT","plotsize_at_the_time_of_allotme":"595 SQMT","plot_size_as_per_lease_plan":595,"landuse_type":"INDUSTRIAL","landuse_subcategory":"INDUSTRIAL","scheme_cod":"IND06","investment":5,"employment":17,"plotstatus":"Allotted","landallotementstatus":"SOLD","landallotementtype":"ALLOTTED","allotmentid":"YIND061332","allotment_date":1574361000000,"rate_of_allotment":6670,"lease_deed":"Y","possession":"Y","possession_date":1694457000000,"village_name":"Chakbirampur","khasra_no":"78","longitude":77.60992533999999,"latitude":28.22036727,"authority":"YEIDA","category":"industrial","execution_stage":"possession-recorded"}},{"type":"Feature","geometry":{"type":"Polygon","coordinates":[[[77.606373,28.217503],[77.606373,28.217728],[77.606251,28.217729],[77.60625,28.217503],[77.606373,28.217503]]]},"properties":{"objectid":2108,"uniqueplotid":"PLNGINDUSTRIAL2108","plotmap_id":"SECTOR-32_832_GENERAL INDUSTRY_IND","plotidentificationnumber":"832","plotno":"832","industrysector":"SECTOR-32","block":"GENERAL INDUSTRY","plotsize":"300 SQMT","plotsize_at_the_time_of_allotme":"300 SQMT","plot_size_as_per_lease_plan":304.8,"landuse_type":"INDUSTRIAL","landuse_subcategory":"INDUSTRIAL","scheme_cod":"IND06","investment":3,"employment":9,"plotstatus":"Allotted","landallotementstatus":"SOLD","landallotementtype":"ALLOTTED","allotmentid":"YIND061012","allotment_date":1574361000000,"rate_of_allotment":6670,"lease_deed":"Y","possession":"Y","possession_date":1694370600000,"village_name":"Chakbirampur","khasra_no":"147,129","longitude":77.60631182,"latitude":28.2176158,"authority":"YEIDA","category":"industrial","execution_stage":"possession-recorded"}},{"type":"Feature","geometry":{"type":"Polygon","coordinates":[[[77.607995,28.220214],[77.607996,28.22053],[77.607823,28.22053],[77.607822,28.220214],[77.607995,28.220214]]]},"properties":{"objectid":2111,"uniqueplotid":"PLNGINDUSTRIAL2111","plotmap_id":"SECTOR-32_437_GENERAL INDUSTRY_IND","plotidentificationnumber":"437","plotno":"437","industrysector":"SECTOR-32","block":"GENERAL INDUSTRY","plotsize":"595 SQMT","plotsize_at_the_time_of_allotme":"595 SQMT","landuse_type":"INDUSTRIAL","landuse_subcategory":"INDUSTRIAL","scheme_cod":"IND06","investment":5,"employment":17,"plotstatus":"Allotted","landallotementstatus":"SOLD","landallotementtype":"ALLOTTED","allotmentid":"YIND061322","allotment_date":1574361000000,"rate_of_allotment":6670,"lease_deed":"Y","possession":"Y","possession_date":1726511400000,"village_name":"Chakbirampur","khasra_no":"81,82","longitude":77.60790898,"latitude":28.220372,"authority":"YEIDA","category":"industrial","execution_stage":"possession-recorded"}},{"type":"Feature","geometry":{"type":"Polygon","coordinates":[[[77.607918,28.221729],[77.607919,28.221955],[77.607797,28.221955],[77.607796,28.22173],[77.607918,28.221729]]]},"properties":{"objectid":2113,"uniqueplotid":"PLNGINDUSTRIAL2113","plotmap_id":"SECTOR-32_197_GENERAL INDUSTRY_IND","plotidentificationnumber":"197","plotno":"197","industrysector":"SECTOR-32","block":"GENERAL INDUSTRY","plotsize":"300 SQMT","plotsize_at_the_time_of_allotme":"300 SQMT","plot_size_as_per_lease_plan":300,"landuse_type":"INDUSTRIAL","landuse_subcategory":"INDUSTRIAL","scheme_cod":"IND02","investment":5,"employment":18,"plotstatus":"Allotted","landallotementstatus":"SOLD","landallotementtype":"ALLOTTED","allotmentid":"YIND021020","allotment_date":1442255400000,"rate_of_allotment":6100,"lease_deed":"Y","possession":"Y","possession_date":1682015400000,"units_under_construction":"Y","village_name":"Chakbirampur","khasra_no":"82,83","longitude":77.60785738999999,"latitude":28.22184225,"authority":"YEIDA","category":"industrial","execution_stage":"construction-or-map-approval"}},{"type":"Feature","geometry":{"type":"Polygon","coordinates":[[[77.605707,28.219732],[77.605708,28.220003],[77.605555,28.220003],[77.605554,28.219733],[77.605707,28.219732]]]},"properties":{"objectid":2116,"uniqueplotid":"PLNGINDUSTRIAL2116","plotmap_id":"SECTOR-32_496_GENERAL INDUSTRY_IND","plotidentificationnumber":"496","plotno":"496","industrysector":"SECTOR-32","block":"GENERAL INDUSTRY","plotsize":"450 SQMT","plotsize_at_the_time_of_allotme":"450 SQMT","plot_size_as_per_lease_plan":450,"landuse_type":"INDUSTRIAL","landuse_subcategory":"INDUSTRIAL","scheme_cod":"IND04","investment":4,"employment":13,"plotstatus":"Allotted","landallotementstatus":"SOLD","landallotementtype":"ALLOTTED","allotmentid":"YIND041045","allotment_date":1546972200000,"rate_of_allotment":6405,"lease_deed":"Y","possession":"Y","possession_date":1675881000000,"village_name":"Chakbirampur","khasra_no":"89","longitude":77.60563119999999,"latitude":28.21986775,"authority":"YEIDA","category":"industrial","execution_stage":"possession-recorded"}},{"type":"Feature","geometry":{"type":"Polygon","coordinates":[[[77.60765,28.22053],[77.607651,28.220846],[77.607478,28.220847],[77.607477,28.220531],[77.60765,28.22053]]]},"properties":{"objectid":2121,"uniqueplotid":"PLNGINDUSTRIAL2121","plotmap_id":"SECTOR-32_412_GENERAL INDUSTRY_IND","plotidentificationnumber":"412","plotno":"412","industrysector":"SECTOR-32","block":"GENERAL INDUSTRY","plotsize":"595 SQMT","plotsize_at_the_time_of_allotme":"595 SQMT","landuse_type":"INDUSTRIAL","landuse_subcategory":"INDUSTRIAL","scheme_cod":"IND06","investment":5,"employment":17,"plotstatus":"Allotted","landallotementstatus":"SOLD","landallotementtype":"ALLOTTED","allotmentid":"YIND061368","allotment_date":1574361000000,"rate_of_allotment":6670,"lease_deed":"Y","possession":"Y","possession_date":1732041000000,"village_name":"Chakbirampur","khasra_no":"81,82","longitude":77.60756368,"latitude":28.22068848,"authority":"YEIDA","category":"industrial","execution_stage":"possession-recorded"}},{"type":"Feature","geometry":{"type":"Polygon","coordinates":[[[77.606619,28.218215],[77.60662,28.218485],[77.606467,28.218486],[77.606466,28.218215],[77.606619,28.218215]]]},"properties":{"objectid":2122,"uniqueplotid":"PLNGINDUSTRIAL2122","plotmap_id":"SECTOR-32_718_GENERAL INDUSTRY_IND","plotidentificationnumber":"718","plotno":"718","industrysector":"SECTOR-32","block":"GENERAL INDUSTRY","plotsize":"450 SQMT","plotsize_at_the_time_of_allotme":"450 SQMT","landuse_type":"INDUSTRIAL","landuse_subcategory":"INDUSTRIAL","scheme_cod":"IND04","investment":4,"employment":13,"plotstatus":"Allotted","landallotementstatus":"SOLD","landallotementtype":"ALLOTTED","allotmentid":"YIND041051","allotment_date":1546972200000,"rate_of_allotment":6405,"lease_deed":"N","possession":"N","village_name":"Chakbirampur","khasra_no":"93,91","longitude":77.60654317,"latitude":28.218350349999998,"authority":"YEIDA","category":"industrial","execution_stage":"allotted"}},{"type":"Feature","geometry":{"type":"Polygon","coordinates":[[[77.606139,28.221066],[77.60614,28.221292],[77.606017,28.221292],[77.606017,28.221066],[77.606139,28.221066]]]},"properties":{"objectid":2123,"uniqueplotid":"PLNGINDUSTRIAL2123","plotmap_id":"SECTOR-32_345_GENERAL INDUSTRY_IND","plotidentificationnumber":"345","plotno":"345","industrysector":"SECTOR-32","block":"GENERAL INDUSTRY","plotsize":"300 SQMT","plotsize_at_the_time_of_allotme":"300 SQMT","plot_size_as_per_lease_plan":300,"landuse_type":"INDUSTRIAL","landuse_subcategory":"INDUSTRIAL","scheme_cod":"IND02","investment":5,"employment":18,"plotstatus":"Allotted","landallotementstatus":"SOLD","landallotementtype":"ALLOTTED","allotmentid":"YIND021103","allotment_date":1442255400000,"rate_of_allotment":6100,"lease_deed":"Y","possession":"Y","possession_date":1684780200000,"village_name":"Chakbirampur","khasra_no":"81,87","longitude":77.60607813,"latitude":28.22117901,"authority":"YEIDA","category":"industrial","execution_stage":"possession-recorded"}},{"type":"Feature","geometry":{"type":"Polygon","coordinates":[[[77.605554,28.219733],[77.605555,28.220003],[77.605402,28.220004],[77.605402,28.219733],[77.605554,28.219733]]]},"properties":{"objectid":2127,"uniqueplotid":"PLNGINDUSTRIAL2127","plotmap_id":"SECTOR-32_495_GENERAL INDUSTRY_IND","plotidentificationnumber":"495","plotno":"495","industrysector":"SECTOR-32","block":"GENERAL INDUSTRY","plotsize":"450 SQMT","plotsize_at_the_time_of_allotme":"450 SQMT","plot_size_as_per_lease_plan":450,"landuse_type":"INDUSTRIAL","landuse_subcategory":"INDUSTRIAL","scheme_cod":"IND01","investment":3,"employment":12,"plotstatus":"Allotted","landallotementstatus":"SOLD","landallotementtype":"ALLOTTED","allotmentid":"YIND010588","allotment_date":1442255400000,"rate_of_allotment":6100,"lease_deed":"Y","possession":"Y","possession_date":-1421472600000,"village_name":"Chakbirampur","khasra_no":"89","longitude":77.60547844,"latitude":28.21986811,"authority":"YEIDA","category":"industrial","execution_stage":"possession-recorded"}},{"type":"Feature","geometry":{"type":"Polygon","coordinates":[[[77.609898,28.219722],[77.609899,28.219993],[77.609746,28.219993],[77.609745,28.219723],[77.609898,28.219722]]]},"properties":{"objectid":2128,"uniqueplotid":"PLNGINDUSTRIAL2128","plotmap_id":"SECTOR-32_521_GENERAL INDUSTRY_IND","plotidentificationnumber":"521","plotno":"521","industrysector":"SECTOR-32","block":"GENERAL INDUSTRY","plotsize":"450 SQMT","plotsize_at_the_time_of_allotme":"450 SQMT","plot_size_as_per_lease_plan":450,"landuse_type":"INDUSTRIAL","landuse_subcategory":"INDUSTRIAL","scheme_cod":"IND06","investment":4,"employment":13,"plotstatus":"Allotted","landallotementstatus":"SOLD","landallotementtype":"ALLOTTED","allotmentid":"YIND061304","allotment_date":1574361000000,"rate_of_allotment":6670,"lease_deed":"Y","possession":"Y","possession_date":1681842600000,"village_name":"Chakbirampur","khasra_no":"79,78,95","longitude":77.60982197000001,"latitude":28.21985792,"authority":"YEIDA","category":"industrial","execution_stage":"possession-recorded"}},{"type":"Feature","geometry":{"type":"Polygon","coordinates":[[[77.608649,28.22106],[77.60865,28.221286],[77.608528,28.221286],[77.608527,28.221061],[77.608649,28.22106]]]},"properties":{"objectid":2129,"uniqueplotid":"PLNGINDUSTRIAL2129","plotmap_id":"SECTOR-32_327_GENERAL INDUSTRY_IND","plotidentificationnumber":"327","plotno":"327","industrysector":"SECTOR-32","block":"GENERAL INDUSTRY","plotsize":"300 SQMT","plotsize_at_the_time_of_allotme":"300 SQMT","landuse_type":"INDUSTRIAL","landuse_subcategory":"INDUSTRIAL","scheme_cod":"IND02","investment":5,"employment":18,"plotstatus":"Allotted","landallotementstatus":"SOLD","landallotementtype":"ALLOTTED","allotmentid":"YIND021385","allotment_date":1442255400000,"rate_of_allotment":6100,"lease_deed":"Y","possession":"Y","possession_date":1720377000000,"village_name":"Chakbirampur","khasra_no":"83","longitude":77.60858861000001,"latitude":28.22117312,"authority":"YEIDA","category":"industrial","execution_stage":"possession-recorded"}},{"type":"Feature","geometry":{"type":"Polygon","coordinates":[[[77.605528,28.221068],[77.605529,28.221293],[77.605406,28.221293],[77.605406,28.221068],[77.605528,28.221068]]]},"properties":{"objectid":2132,"uniqueplotid":"PLNGINDUSTRIAL2132","plotmap_id":"SECTOR-32_350_GENERAL INDUSTRY_IND","plotidentificationnumber":"350","plotno":"350","industrysector":"SECTOR-32","block":"GENERAL INDUSTRY","plotsize":"300 SQMT","plotsize_at_the_time_of_allotme":"300 SQMT","plot_size_as_per_lease_plan":300,"landuse_type":"INDUSTRIAL","landuse_subcategory":"INDUSTRIAL","scheme_cod":"IND02","investment":5,"employment":18,"plotstatus":"Allotted","landallotementstatus":"SOLD","landallotementtype":"ALLOTTED","allotmentid":"YIND021131","allotment_date":1442255400000,"rate_of_allotment":6100,"lease_deed":"Y","possession":"Y","possession_date":1687890600000,"village_name":"Chakbirampur","khasra_no":"85","longitude":77.60546711,"latitude":28.22118044,"authority":"YEIDA","category":"industrial","execution_stage":"possession-recorded"}},{"type":"Feature","geometry":{"type":"Polygon","coordinates":[[[77.608283,28.221061],[77.608283,28.221287],[77.608161,28.221287],[77.608161,28.221061],[77.608283,28.221061]]]},"properties":{"objectid":2136,"uniqueplotid":"PLNGINDUSTRIAL2136","plotmap_id":"SECTOR-32_330_GENERAL INDUSTRY_IND","plotidentificationnumber":"330","plotno":"330","industrysector":"SECTOR-32","block":"GENERAL INDUSTRY","plotsize":"300 SQMT","plotsize_at_the_time_of_allotme":"300 SQMT","plot_size_as_per_lease_plan":300,"landuse_type":"INDUSTRIAL","landuse_subcategory":"INDUSTRIAL","scheme_cod":"IND06","investment":3,"employment":9,"plotstatus":"Allotted","landallotementstatus":"SOLD","landallotementtype":"ALLOTTED","allotmentid":"YIND061108","allotment_date":1574361000000,"rate_of_allotment":6670,"lease_deed":"Y","possession":"N","village_name":"Chakbirampur","khasra_no":"82,83","longitude":77.60822198999999,"latitude":28.22117398,"authority":"YEIDA","category":"industrial","execution_stage":"lease-recorded"}},{"type":"Feature","geometry":{"type":"Polygon","coordinates":[[[77.605719,28.220219],[77.60572,28.220535],[77.605547,28.220535],[77.605546,28.22022],[77.605719,28.220219]]]},"properties":{"objectid":2139,"uniqueplotid":"PLNGINDUSTRIAL2139","plotmap_id":"SECTOR-32_448_GENERAL INDUSTRY_IND","plotidentificationnumber":"448","plotno":"448","industrysector":"SECTOR-32","block":"GENERAL INDUSTRY","plotsize":"595 SQMT","plotsize_at_the_time_of_allotme":"595 SQMT","landuse_type":"INDUSTRIAL","landuse_subcategory":"INDUSTRIAL","scheme_cod":"IND02","investment":5,"employment":16,"plotstatus":"Allotted","landallotementstatus":"SOLD","landallotementtype":"ALLOTTED","allotmentid":"YIND021417","allotment_date":1442255400000,"rate_of_allotment":6100,"lease_deed":"N","possession":"N","village_name":"Chakbirampur","khasra_no":"89","longitude":77.60563273,"latitude":28.220377340000002,"authority":"YEIDA","category":"industrial","execution_stage":"allotted"}},{"type":"Feature","geometry":{"type":"Polygon","coordinates":[[[77.607476,28.220215],[77.607477,28.220531],[77.607304,28.220531],[77.607303,28.220216],[77.607476,28.220215]]]},"properties":{"objectid":2143,"uniqueplotid":"PLNGINDUSTRIAL2143","plotmap_id":"SECTOR-32_440_GENERAL INDUSTRY_IND","plotidentificationnumber":"440","plotno":"440","industrysector":"SECTOR-32","block":"GENERAL INDUSTRY","plotsize":"595 SQMT","plotsize_at_the_time_of_allotme":"595 SQMT","plot_size_as_per_lease_plan":595,"landuse_type":"INDUSTRIAL","landuse_subcategory":"INDUSTRIAL","scheme_cod":"IND06","investment":5,"employment":17,"plotstatus":"Allotted","landallotementstatus":"SOLD","landallotementtype":"ALLOTTED","allotmentid":"YIND061333","allotment_date":1574361000000,"rate_of_allotment":6670,"lease_deed":"Y","possession":"Y","possession_date":1721759400000,"village_name":"Chakbirampur","khasra_no":"81","longitude":77.60738961,"latitude":28.22037321,"authority":"YEIDA","category":"industrial","execution_stage":"possession-recorded"}},{"type":"Feature","geometry":{"type":"Polygon","coordinates":[[[77.609138,28.221059],[77.609139,28.221285],[77.609017,28.221285],[77.609016,28.221059],[77.609138,28.221059]]]},"properties":{"objectid":2145,"uniqueplotid":"PLNGINDUSTRIAL2145","plotmap_id":"SECTOR-32_323_GENERAL INDUSTRY_IND","plotidentificationnumber":"323","plotno":"323","industrysector":"SECTOR-32","block":"GENERAL INDUSTRY","plotsize":"300 SQMT","plotsize_at_the_time_of_allotme":"300 SQMT","landuse_type":"INDUSTRIAL","landuse_subcategory":"INDUSTRIAL","scheme_cod":"IND02","investment":5,"employment":18,"plotstatus":"Allotted","landallotementstatus":"SOLD","landallotementtype":"ALLOTTED","allotmentid":"YIND021140","allotment_date":1442255400000,"rate_of_allotment":6100,"lease_deed":"Y","possession":"N","village_name":"Chakbirampur","khasra_no":"75,83","longitude":77.60907741999999,"latitude":28.22117197,"authority":"YEIDA","category":"industrial","execution_stage":"lease-recorded"}},{"type":"Feature","geometry":{"type":"Polygon","coordinates":[[[77.606471,28.21973],[77.606472,28.220001],[77.606319,28.220001],[77.606318,28.219731],[77.606471,28.21973]]]},"properties":{"objectid":2149,"uniqueplotid":"PLNGINDUSTRIAL2149","plotmap_id":"SECTOR-32_501_GENERAL INDUSTRY_IND","plotidentificationnumber":"501","plotno":"501","industrysector":"SECTOR-32","block":"GENERAL INDUSTRY","plotsize":"450 SQMT","plotsize_at_the_time_of_allotme":"450 SQMT","plot_size_as_per_lease_plan":450,"landuse_type":"INDUSTRIAL","landuse_subcategory":"INDUSTRIAL","scheme_cod":"IND01","investment":3,"employment":12,"plotstatus":"Allotted","landallotementstatus":"SOLD","landallotementtype":"ALLOTTED","allotmentid":"YIND010531","allotment_date":1442255400000,"rate_of_allotment":6100,"lease_deed":"Y","possession":"Y","possession_date":1729103400000,"village_name":"Chakbirampur","khasra_no":"89","longitude":77.60639497000001,"latitude":28.21986596,"authority":"YEIDA","category":"industrial","execution_stage":"possession-recorded"}},{"type":"Feature","geometry":{"type":"Polygon","coordinates":[[[77.607754,28.217942],[77.607755,28.218212],[77.607602,28.218213],[77.607601,28.217942],[77.607754,28.217942]]]},"properties":{"objectid":2150,"uniqueplotid":"PLNGINDUSTRIAL2150","plotmap_id":"SECTOR-32_758_GENERAL INDUSTRY_IND","plotidentificationnumber":"758","plotno":"758","industrysector":"SECTOR-32","block":"GENERAL INDUSTRY","plotsize":"450 SQMT","plotsize_at_the_time_of_allotme":"450 SQMT","plot_size_as_per_lease_plan":450,"landuse_type":"INDUSTRIAL","landuse_subcategory":"INDUSTRIAL","scheme_cod":"IND01","investment":3,"employment":12,"plotstatus":"Allotted","landallotementstatus":"SOLD","landallotementtype":"ALLOTTED","allotmentid":"YIND010543","allotment_date":1442255400000,"rate_of_allotment":6100,"lease_deed":"Y","possession":"Y","possession_date":1688322600000,"village_name":"Chakbirampur","khasra_no":"124,127","longitude":77.60767803,"latitude":28.2180771,"authority":"YEIDA","category":"industrial","execution_stage":"possession-recorded"}},{"type":"Feature","geometry":{"type":"Polygon","coordinates":[[[77.609507,28.221726],[77.609507,28.221951],[77.609385,28.221951],[77.609385,28.221726],[77.609507,28.221726]]]},"properties":{"objectid":2155,"uniqueplotid":"PLNGINDUSTRIAL2155","plotmap_id":"SECTOR-32_184_GENERAL INDUSTRY_IND","plotidentificationnumber":"184","plotno":"184","industrysector":"SECTOR-32","block":"GENERAL INDUSTRY","plotsize":"300 SQMT","plotsize_at_the_time_of_allotme":"300 SQMT","landuse_type":"INDUSTRIAL","landuse_subcategory":"INDUSTRIAL","scheme_cod":"IND03","investment":5,"employment":18,"plotstatus":"Allotted","landallotementstatus":"SOLD","landallotementtype":"ALLOTTED","allotmentid":"YIND031006","allotment_date":1483381800000,"rate_of_allotment":6405,"lease_deed":"Y","possession":"Y","possession_date":1658946600000,"village_name":"Muradgarhi,Chakbirampur","khasra_no":"75,241","longitude":77.60944604,"latitude":28.221838530000003,"authority":"YEIDA","category":"industrial","execution_stage":"possession-recorded"}},{"type":"Feature","geometry":{"type":"Polygon","coordinates":[[[77.610364,28.223456],[77.609138,28.223463],[77.609143,28.222935],[77.610363,28.222932],[77.610364,28.223456]]]},"properties":{"objectid":2158,"uniqueplotid":"PLNGINDUSTRIAL2158","plotmap_id":"SECTOR-32_54/A_GENERAL INDUSTRY_IND","plotidentificationnumber":"54/A","plotno":"54/A","industrysector":"SECTOR-32","block":"GENERAL INDUSTRY","plotsize":"7000 SQMT","plotsize_at_the_time_of_allotme":"7000 SQMT","landuse_type":"INDUSTRIAL","landuse_subcategory":"INDUSTRIAL","scheme_cod":"INDOPEN","investment":46,"employment":160,"plotstatus":"Allotted","landallotementstatus":"SOLD","landallotementtype":"ALLOTTED","allotmentid":"INDOPEN0003","allotment_date":1413138600000,"rate_of_allotment":5234,"lease_deed":"N","possession":"N","village_name":"Muradgarhi","khasra_no":"237,238,234,240,243,235","longitude":77.60971137,"latitude":28.22318326,"authority":"YEIDA","category":"industrial","execution_stage":"allotted"}},{"type":"Feature","geometry":{"type":"Polygon","coordinates":[[[77.607755,28.218212],[77.607756,28.218483],[77.607603,28.218483],[77.607602,28.218213],[77.607755,28.218212]]]},"properties":{"objectid":2159,"uniqueplotid":"PLNGINDUSTRIAL2159","plotmap_id":"SECTOR-32_723_GENERAL INDUSTRY_IND","plotidentificationnumber":"723","plotno":"723","industrysector":"SECTOR-32","block":"GENERAL INDUSTRY","plotsize":"450 SQMT","plotsize_at_the_time_of_allotme":"450 SQMT","landuse_type":"INDUSTRIAL","landuse_subcategory":"INDUSTRIAL","scheme_cod":"IND01","investment":3,"employment":12,"plotstatus":"Allotted","landallotementstatus":"SOLD","landallotementtype":"ALLOTTED","allotmentid":"YIND010620","allotment_date":1442255400000,"rate_of_allotment":6100,"lease_deed":"Y","possession":"Y","possession_date":1710786600000,"village_name":"Chakbirampur","khasra_no":"124,127","longitude":77.60767884,"latitude":28.21834768,"authority":"YEIDA","category":"industrial","execution_stage":"possession-recorded"}},{"type":"Feature","geometry":{"type":"Polygon","coordinates":[[[77.607602,28.218213],[77.607603,28.218483],[77.60745,28.218484],[77.607449,28.218213],[77.607602,28.218213]]]},"properties":{"objectid":2160,"uniqueplotid":"PLNGINDUSTRIAL2160","plotmap_id":"SECTOR-32_722_GENERAL INDUSTRY_IND","plotidentificationnumber":"722","plotno":"722","industrysector":"SECTOR-32","block":"GENERAL INDUSTRY","plotsize":"450 SQMT","plotsize_at_the_time_of_allotme":"450 SQMT","plot_size_as_per_lease_plan":450,"landuse_type":"INDUSTRIAL","landuse_subcategory":"INDUSTRIAL","scheme_cod":"IND04","investment":4,"employment":13,"plotstatus":"Allotted","landallotementstatus":"SOLD","landallotementtype":"ALLOTTED","allotmentid":"YIND041040","allotment_date":1546972200000,"rate_of_allotment":6405,"lease_deed":"Y","possession":"N","village_name":"Chakbirampur","khasra_no":"127","longitude":77.60752609000001,"latitude":28.21834804,"authority":"YEIDA","category":"industrial","execution_stage":"lease-recorded"}},{"type":"Feature","geometry":{"type":"Polygon","coordinates":[[[77.605703,28.218217],[77.605703,28.218488],[77.605551,28.218488],[77.60555,28.218217],[77.605703,28.218217]]]},"properties":{"objectid":2161,"uniqueplotid":"PLNGINDUSTRIAL2161","plotmap_id":"SECTOR-32_712_GENERAL INDUSTRY_IND","plotidentificationnumber":"712","plotno":"712","industrysector":"SECTOR-32","block":"GENERAL INDUSTRY","plotsize":"450 SQMT","plotsize_at_the_time_of_allotme":"450 SQMT","landuse_type":"INDUSTRIAL","landuse_subcategory":"INDUSTRIAL","scheme_cod":"IND07","investment":3,"employment":10,"plotstatus":"Allotted","landallotementstatus":"SOLD","landallotementtype":"ALLOTTED","allotmentid":"YIND071177","allotment_date":1625164200000,"rate_of_allotment":7010,"lease_deed":"N","possession":"N","village_name":"Chakbirampur","khasra_no":"90","longitude":77.60562664,"latitude":28.218352499999998,"authority":"YEIDA","category":"industrial","execution_stage":"allotted"}},{"type":"Feature","geometry":{"type":"Polygon","coordinates":[[[77.607922,28.222938],[77.609143,28.222935],[77.609129,28.224309],[77.607926,28.224304],[77.607922,28.222938]]]},"properties":{"objectid":2163,"uniqueplotid":"PLNGINDUSTRIAL2163","plotmap_id":"SECTOR-32_53_GENERAL INDUSTRY_IND","plotidentificationnumber":"53","plotno":"53","industrysector":"SECTOR-32","block":"GENERAL INDUSTRY","plotsize":"18000 SQMT","plotsize_at_the_time_of_allotme":"18000 SQMT","plot_size_as_per_lease_plan":18212,"landuse_type":"INDUSTRIAL","landuse_subcategory":"INDUSTRIAL","scheme_cod":"INDOPEN","investment":117,"employment":410,"plotstatus":"Allotted","landallotementstatus":"SOLD","landallotementtype":"ALLOTTED","allotmentid":"INDOPEN0004","allotment_date":1523989800000,"rate_of_allotment":5204,"lease_deed":"Y","possession":"Y","possession_date":1681151400000,"village_name":"Muradgarhi","khasra_no":"250,237,244,238,242,247,243,246,252,249,245","longitude":77.60856121,"latitude":28.22355882,"authority":"YEIDA","category":"industrial","execution_stage":"possession-recorded"}},{"type":"Feature","geometry":{"type":"Polygon","coordinates":[[[77.607783,28.2175],[77.607784,28.217725],[77.607662,28.217725],[77.607661,28.2175],[77.607783,28.2175]]]},"properties":{"objectid":2165,"uniqueplotid":"PLNGINDUSTRIAL2165","plotmap_id":"SECTOR-32_841_GENERAL INDUSTRY_IND","plotidentificationnumber":"841","plotno":"841","industrysector":"SECTOR-32","block":"GENERAL INDUSTRY","plotsize":"300 SQMT","plotsize_at_the_time_of_allotme":"300 SQMT","plot_size_as_per_lease_plan":300,"landuse_type":"INDUSTRIAL","landuse_subcategory":"INDUSTRIAL","scheme_cod":"IND02","investment":5,"employment":18,"plotstatus":"Allotted","landallotementstatus":"SOLD","landallotementtype":"ALLOTTED","allotmentid":"YIND021350","allotment_date":1442255400000,"rate_of_allotment":6100,"lease_deed":"Y","possession":"Y","possession_date":1687458600000,"village_name":"Chakbirampur","khasra_no":"125,124","longitude":77.60772245999999,"latitude":28.21761249,"authority":"YEIDA","category":"industrial","execution_stage":"possession-recorded"}},{"type":"Feature","geometry":{"type":"Polygon","coordinates":[[[77.609383,28.221284],[77.609384,28.221509],[77.609262,28.22151],[77.609261,28.221284],[77.609383,28.221284]]]},"properties":{"objectid":2167,"uniqueplotid":"PLNGINDUSTRIAL2167","plotmap_id":"SECTOR-32_304_GENERAL INDUSTRY_IND","plotidentificationnumber":"304","plotno":"304","industrysector":"SECTOR-32","block":"GENERAL INDUSTRY","plotsize":"300 SQMT","plotsize_at_the_time_of_allotme":"300 SQMT","plot_size_as_per_lease_plan":300,"landuse_type":"INDUSTRIAL","landuse_subcategory":"INDUSTRIAL","scheme_cod":"IND02","investment":5,"employment":18,"plotstatus":"Allotted","landallotementstatus":"SOLD","landallotementtype":"ALLOTTED","allotmentid":"YIND021268","allotment_date":1442255400000,"rate_of_allotment":6100,"lease_deed":"Y","possession":"Y","possession_date":1724092200000,"village_name":"Chakbirampur","khasra_no":"75,83","longitude":77.60932251,"latitude":28.22139687,"authority":"YEIDA","category":"industrial","execution_stage":"possession-recorded"}},{"type":"Feature","geometry":{"type":"Polygon","coordinates":[[[77.606412,28.220533],[77.606413,28.220849],[77.60624,28.220849],[77.606239,28.220534],[77.606412,28.220533]]]},"properties":{"objectid":2168,"uniqueplotid":"PLNGINDUSTRIAL2168","plotmap_id":"SECTOR-32_407_GENERAL INDUSTRY_IND","plotidentificationnumber":"407","plotno":"407","industrysector":"SECTOR-32","block":"GENERAL INDUSTRY","plotsize":"595 SQMT","plotsize_at_the_time_of_allotme":"595 SQMT","landuse_type":"INDUSTRIAL","landuse_subcategory":"INDUSTRIAL","scheme_cod":"IND04","investment":5,"employment":17,"plotstatus":"Allotted","landallotementstatus":"SOLD","landallotementtype":"ALLOTTED","allotmentid":"YIND041080","allotment_date":1546972200000,"rate_of_allotment":6405,"lease_deed":"N","possession":"N","village_name":"Chakbirampur","khasra_no":"89,81,92","longitude":77.60632617,"latitude":28.220691390000002,"authority":"YEIDA","category":"industrial","execution_stage":"allotted"}},{"type":"Feature","geometry":{"type":"Polygon","coordinates":[[[77.611214,28.220616],[77.611215,28.220887],[77.610604,28.220888],[77.610603,28.220617],[77.611214,28.220616]]]},"properties":{"objectid":2170,"uniqueplotid":"PLNGINDUSTRIAL2170","plotmap_id":"SECTOR-32_1115_GENERAL INDUSTRY_IND","plotidentificationnumber":"1115","plotno":"1115","industrysector":"SECTOR-32","block":"GENERAL INDUSTRY","plotsize":"1800 SQMT","plotsize_at_the_time_of_allotme":"1800 SQMT","landuse_type":"INDUSTRIAL","landuse_subcategory":"INDUSTRIAL","scheme_cod":"IND01","investment":14,"employment":48,"plotstatus":"Allotted","landallotementstatus":"SOLD","landallotementtype":"ALLOTTED","allotmentid":"YIND010444","allotment_date":1388601000000,"rate_of_allotment":6050,"lease_deed":"N","possession":"N","village_name":"Chakbirampur","khasra_no":"73,40,41,72,71","longitude":77.61090025,"latitude":28.220730550000003,"authority":"YEIDA","category":"industrial","execution_stage":"allotted"}},{"type":"Feature","geometry":{"type":"Polygon","coordinates":[[[77.607905,28.217274],[77.607905,28.217499],[77.607783,28.2175],[77.607783,28.217274],[77.607905,28.217274]]]},"properties":{"objectid":2177,"uniqueplotid":"PLNGINDUSTRIAL2177","plotmap_id":"SECTOR-32_883_GENERAL INDUSTRY_IND","plotidentificationnumber":"883","plotno":"883","industrysector":"SECTOR-32","block":"GENERAL INDUSTRY","plotsize":"300 SQMT","plotsize_at_the_time_of_allotme":"300 SQMT","plot_size_as_per_lease_plan":300,"landuse_type":"INDUSTRIAL","landuse_subcategory":"INDUSTRIAL","scheme_cod":"IND02","investment":5,"employment":18,"plotstatus":"Allotted","landallotementstatus":"SOLD","landallotementtype":"ALLOTTED","allotmentid":"YIND021245","allotment_date":1442255400000,"rate_of_allotment":6100,"lease_deed":"Y","possession":"N","village_name":"Chakbirampur","khasra_no":"125,117","longitude":77.60784398,"latitude":28.21738672,"authority":"YEIDA","category":"industrial","execution_stage":"lease-recorded"}},{"type":"Feature","geometry":{"type":"Polygon","coordinates":[[[77.609385,28.221726],[77.609385,28.221951],[77.609263,28.221952],[77.609262,28.221726],[77.609385,28.221726]]]},"properties":{"objectid":2178,"uniqueplotid":"PLNGINDUSTRIAL2178","plotmap_id":"SECTOR-32_185_GENERAL INDUSTRY_IND","plotidentificationnumber":"185","plotno":"185","industrysector":"SECTOR-32","block":"GENERAL INDUSTRY","plotsize":"300 SQMT","plotsize_at_the_time_of_allotme":"300 SQMT","plot_size_as_per_lease_plan":300,"landuse_type":"INDUSTRIAL","landuse_subcategory":"INDUSTRIAL","scheme_cod":"IND02","investment":5,"employment":18,"plotstatus":"Allotted","landallotementstatus":"SOLD","landallotementtype":"ALLOTTED","allotmentid":"YIND021198","allotment_date":1442255400000,"rate_of_allotment":6100,"lease_deed":"Y","possession":"Y","possession_date":1704911400000,"map_sanctioned_from_planning":"Y","units_under_construction":"Y","village_name":"Muradgarhi,Chakbirampur","khasra_no":"75,241","longitude":77.60932384,"latitude":28.22183881,"authority":"YEIDA","category":"industrial","execution_stage":"construction-or-map-approval"}},{"type":"Feature","geometry":{"type":"Polygon","coordinates":[[[77.609017,28.221285],[77.609017,28.22151],[77.608895,28.221511],[77.608894,28.221285],[77.609017,28.221285]]]},"properties":{"objectid":2189,"uniqueplotid":"PLNGINDUSTRIAL2189","plotmap_id":"SECTOR-32_301_GENERAL INDUSTRY_IND","plotidentificationnumber":"301","plotno":"301","industrysector":"SECTOR-32","block":"GENERAL INDUSTRY","plotsize":"300 SQMT","plotsize_at_the_time_of_allotme":"300 SQMT","landuse_type":"INDUSTRIAL","landuse_subcategory":"INDUSTRIAL","scheme_cod":"IND02","investment":5,"employment":18,"plotstatus":"Allotted","landallotementstatus":"SOLD","landallotementtype":"ALLOTTED","allotmentid":"YIND021016","allotment_date":1442255400000,"rate_of_allotment":6100,"lease_deed":"N","possession":"N","village_name":"Chakbirampur","khasra_no":"83","longitude":77.60895590000001,"latitude":28.22139774,"authority":"YEIDA","category":"industrial","execution_stage":"allotted"}},{"type":"Feature","geometry":{"type":"Polygon","coordinates":[[[77.607004,28.222399],[77.607004,28.222683],[77.606393,28.222684],[77.606393,28.2224],[77.607004,28.222399]]]},"properties":{"objectid":2193,"uniqueplotid":"PLNGINDUSTRIAL2193","plotmap_id":"SECTOR-32_31_GENERAL INDUSTRY_IND","plotidentificationnumber":"31","plotno":"31","industrysector":"SECTOR-32","block":"GENERAL INDUSTRY","plotsize":"1800 SQMT","plotsize_at_the_time_of_allotme":"1800 SQMT","landuse_type":"INDUSTRIAL","landuse_subcategory":"INDUSTRIAL","scheme_cod":"IND01","investment":14,"employment":48,"plotstatus":"Allotted","landallotementstatus":"SOLD","landallotementtype":"ALLOTTED","allotmentid":"YIND010425","allotment_date":1388601000000,"rate_of_allotment":6050,"lease_deed":"N","possession":"N","village_name":"Chakbirampur","khasra_no":"85","longitude":77.60669852,"latitude":28.22254155,"authority":"YEIDA","category":"industrial","execution_stage":"allotted"}},{"type":"Feature","geometry":{"type":"Polygon","coordinates":[[[77.608523,28.219726],[77.608524,28.219996],[77.608371,28.219997],[77.60837,28.219726],[77.608523,28.219726]]]},"properties":{"objectid":2195,"uniqueplotid":"PLNGINDUSTRIAL2195","plotmap_id":"SECTOR-32_512_GENERAL INDUSTRY_IND","plotidentificationnumber":"512","plotno":"512","industrysector":"SECTOR-32","block":"GENERAL INDUSTRY","plotsize":"450 SQMT","plotsize_at_the_time_of_allotme":"450 SQMT","landuse_type":"INDUSTRIAL","landuse_subcategory":"INDUSTRIAL","scheme_cod":"IND06","investment":4,"employment":13,"plotstatus":"Allotted","landallotementstatus":"SOLD","landallotementtype":"ALLOTTED","allotmentid":"YIND061218","allotment_date":1574361000000,"rate_of_allotment":6670,"lease_deed":"Y","possession":"Y","possession_date":1650825000000,"village_name":"Chakbirampur","khasra_no":"94","longitude":77.60844718,"latitude":28.21986114,"authority":"YEIDA","category":"industrial","execution_stage":"possession-recorded"}},{"type":"Feature","geometry":{"type":"Polygon","coordinates":[[[77.609589,28.218695],[77.60959,28.218966],[77.609437,28.218966],[77.609437,28.218695],[77.609589,28.218695]]]},"properties":{"objectid":2197,"uniqueplotid":"PLNGINDUSTRIAL2197","plotmap_id":"SECTOR-32_638_GENERAL INDUSTRY_IND","plotidentificationnumber":"638","plotno":"638","industrysector":"SECTOR-32","block":"GENERAL INDUSTRY","plotsize":"450 SQMT","plotsize_at_the_time_of_allotme":"450 SQMT","plot_size_as_per_lease_plan":450,"landuse_type":"INDUSTRIAL","landuse_subcategory":"INDUSTRIAL","scheme_cod":"IND06","investment":4,"employment":13,"plotstatus":"Allotted","landallotementstatus":"SOLD","landallotementtype":"ALLOTTED","allotmentid":"YIND061182","allotment_date":1574361000000,"rate_of_allotment":6670,"lease_deed":"Y","possession":"Y","possession_date":1681756200000,"map_sanctioned_from_planning":"Y","units_under_construction":"Y","village_name":"Chakbirampur","khasra_no":"95","longitude":77.60951337,"latitude":28.21883043,"authority":"YEIDA","category":"industrial","execution_stage":"construction-or-map-approval"}},{"type":"Feature","geometry":{"type":"Polygon","coordinates":[[[77.610199,28.218206],[77.6102,28.218477],[77.610047,28.218477],[77.610046,28.218207],[77.610199,28.218206]]]},"properties":{"objectid":2198,"uniqueplotid":"PLNGINDUSTRIAL2198","plotmap_id":"SECTOR-32_739_GENERAL INDUSTRY_IND","plotidentificationnumber":"739","plotno":"739","industrysector":"SECTOR-32","block":"GENERAL INDUSTRY","plotsize":"450 SQMT","plotsize_at_the_time_of_allotme":"450 SQMT","plot_size_as_per_lease_plan":450,"landuse_type":"INDUSTRIAL","landuse_subcategory":"INDUSTRIAL","scheme_cod":"IND07","investment":3,"employment":10,"plotstatus":"Allotted","landallotementstatus":"SOLD","landallotementtype":"ALLOTTED","allotmentid":"YIND071198","allotment_date":1625077800000,"rate_of_allotment":7010,"lease_deed":"Y","possession":"Y","possession_date":1701628200000,"village_name":"Chakbirampur","khasra_no":"97","longitude":77.61012292000001,"latitude":28.21834195,"authority":"YEIDA","category":"industrial","execution_stage":"possession-recorded"}},{"type":"Feature","geometry":{"type":"Polygon","coordinates":[[[77.606493,28.216835],[77.606493,28.217061],[77.606371,28.217061],[77.606371,28.216835],[77.606493,28.216835]]]},"properties":{"objectid":2202,"uniqueplotid":"PLNGINDUSTRIAL2202","plotmap_id":"SECTOR-32_969_GENERAL INDUSTRY_IND","plotidentificationnumber":"969","plotno":"969","industrysector":"SECTOR-32","block":"GENERAL INDUSTRY","plotsize":"300 SQMT","plotsize_at_the_time_of_allotme":"300 SQMT","plot_size_as_per_lease_plan":300,"landuse_type":"INDUSTRIAL","landuse_subcategory":"INDUSTRIAL","scheme_cod":"IND06","investment":3,"employment":9,"plotstatus":"Allotted","landallotementstatus":"SOLD","landallotementtype":"ALLOTTED","allotmentid":"YIND061057","allotment_date":1574361000000,"rate_of_allotment":6670,"lease_deed":"Y","possession":"Y","possession_date":1729189800000,"village_name":"Chakbirampur","khasra_no":"145,147","longitude":77.60643829,"latitude":28.21693938,"authority":"YEIDA","category":"industrial","execution_stage":"possession-recorded"}},{"type":"Feature","geometry":{"type":"Polygon","coordinates":[[[77.617907,28.223941],[77.617908,28.224212],[77.617298,28.224214],[77.617296,28.223943],[77.617907,28.223941]]]},"properties":{"objectid":2203,"uniqueplotid":"PLNGINDUSTRIAL2203","plotmap_id":"SECTOR-32_1127_GENERAL INDUSTRY_IND","plotidentificationnumber":"1127","plotno":"1127","industrysector":"SECTOR-32","block":"GENERAL INDUSTRY","plotsize":"1800 SQMT","plotsize_at_the_time_of_allotme":"1800 SQMT","landuse_type":"INDUSTRIAL","landuse_subcategory":"INDUSTRIAL","scheme_cod":"IND06","investment":15,"employment":53,"plotstatus":"Allotted","landallotementstatus":"SOLD","landallotementtype":"ALLOTTED","allotmentid":"YIND061455","allotment_date":1574361000000,"rate_of_allotment":6670,"lease_deed":"N","possession":"N","village_name":"Birampur","khasra_no":"1,2,4","longitude":77.61760799,"latitude":28.22407995,"authority":"YEIDA","category":"industrial","execution_stage":"allotted"}},{"type":"Feature","geometry":{"type":"Polygon","coordinates":[[[77.606751,28.22129],[77.606751,28.221516],[77.606629,28.221516],[77.606628,28.22129],[77.606751,28.22129]]]},"properties":{"objectid":2206,"uniqueplotid":"PLNGINDUSTRIAL2206","plotmap_id":"SECTOR-32_285_GENERAL INDUSTRY_IND","plotidentificationnumber":"285","plotno":"285","industrysector":"SECTOR-32","block":"GENERAL INDUSTRY","plotsize":"300 SQMT","plotsize_at_the_time_of_allotme":"300 SQMT","plot_size_as_per_lease_plan":300,"landuse_type":"INDUSTRIAL","landuse_subcategory":"INDUSTRIAL","scheme_cod":"IND02","investment":5,"employment":18,"plotstatus":"Allotted","landallotementstatus":"SOLD","landallotementtype":"ALLOTTED","allotmentid":"YIND021404","allotment_date":1442255400000,"rate_of_allotment":6100,"lease_deed":"Y","possession":"Y","possession_date":1719340200000,"village_name":"Chakbirampur","khasra_no":"81,82","longitude":77.60668983,"latitude":28.22140306,"authority":"YEIDA","category":"industrial","execution_stage":"possession-recorded"}},{"type":"Feature","geometry":{"type":"Polygon","coordinates":[[[77.607757,28.21897],[77.607758,28.21924],[77.607605,28.219241],[77.607604,28.21897],[77.607757,28.21897]]]},"properties":{"objectid":2207,"uniqueplotid":"PLNGINDUSTRIAL2207","plotmap_id":"SECTOR-32_615_GENERAL INDUSTRY_IND","plotidentificationnumber":"615","plotno":"615","industrysector":"SECTOR-32","block":"GENERAL INDUSTRY","plotsize":"450 SQMT","plotsize_at_the_time_of_allotme":"450 SQMT","landuse_type":"INDUSTRIAL","landuse_subcategory":"INDUSTRIAL","scheme_cod":"IND01","investment":3,"employment":12,"plotstatus":"Allotted","landallotementstatus":"SOLD","landallotementtype":"ALLOTTED","allotmentid":"YIND010659","allotment_date":1442255400000,"rate_of_allotment":6100,"lease_deed":"N","possession":"N","village_name":"Chakbirampur","khasra_no":"93","longitude":77.60768112000001,"latitude":28.21910531,"authority":"YEIDA","category":"industrial","execution_stage":"allotted"}},{"type":"Feature","geometry":{"type":"Polygon","coordinates":[[[77.60926,28.221059],[77.609261,28.221284],[77.609139,28.221285],[77.609138,28.221059],[77.60926,28.221059]]]},"properties":{"objectid":2209,"uniqueplotid":"PLNGINDUSTRIAL2209","plotmap_id":"SECTOR-32_322_GENERAL INDUSTRY_IND","plotidentificationnumber":"322","plotno":"322","industrysector":"SECTOR-32","block":"GENERAL INDUSTRY","plotsize":"300 SQMT","plotsize_at_the_time_of_allotme":"300 SQMT","plot_size_as_per_lease_plan":300,"landuse_type":"INDUSTRIAL","landuse_subcategory":"INDUSTRIAL","scheme_cod":"IND02","investment":5,"employment":18,"plotstatus":"Allotted","landallotementstatus":"SOLD","landallotementtype":"ALLOTTED","allotmentid":"YIND021292","allotment_date":1442255400000,"rate_of_allotment":6100,"lease_deed":"Y","possession":"Y","possession_date":1685039400000,"village_name":"Chakbirampur","khasra_no":"75,83","longitude":77.60919962999999,"latitude":28.22117168,"authority":"YEIDA","category":"industrial","execution_stage":"possession-recorded"}},{"type":"Feature","geometry":{"type":"Polygon","coordinates":[[[77.609616,28.21727],[77.609616,28.217495],[77.609494,28.217496],[77.609493,28.21727],[77.609616,28.21727]]]},"properties":{"objectid":2211,"uniqueplotid":"PLNGINDUSTRIAL2211","plotmap_id":"SECTOR-32_869_GENERAL INDUSTRY_IND","plotidentificationnumber":"869","plotno":"869","industrysector":"SECTOR-32","block":"GENERAL INDUSTRY","plotsize":"300 SQMT","plotsize_at_the_time_of_allotme":"300 SQMT","plot_size_as_per_lease_plan":300,"landuse_type":"INDUSTRIAL","landuse_subcategory":"INDUSTRIAL","scheme_cod":"IND06","investment":3,"employment":9,"plotstatus":"Allotted","landallotementstatus":"SOLD","landallotementtype":"ALLOTTED","allotmentid":"YIND061140","allotment_date":1574361000000,"rate_of_allotment":6670,"lease_deed":"Y","possession":"Y","possession_date":1702924200000,"map_sanctioned_from_planning":"Y","village_name":"Chakbirampur","khasra_no":"101","longitude":77.60955484,"latitude":28.2173827,"authority":"YEIDA","category":"industrial","execution_stage":"construction-or-map-approval"}},{"type":"Feature","geometry":{"type":"Polygon","coordinates":[[[77.609994,28.221057],[77.609994,28.221283],[77.609872,28.221283],[77.609871,28.221057],[77.609994,28.221057]]]},"properties":{"objectid":2216,"uniqueplotid":"PLNGINDUSTRIAL2216","plotmap_id":"SECTOR-32_316_GENERAL INDUSTRY_IND","plotidentificationnumber":"316","plotno":"316","industrysector":"SECTOR-32","block":"GENERAL INDUSTRY","plotsize":"300 SQMT","plotsize_at_the_time_of_allotme":"300 SQMT","landuse_type":"INDUSTRIAL","landuse_subcategory":"INDUSTRIAL","scheme_cod":"IND02","investment":5,"employment":18,"plotstatus":"Allotted","landallotementstatus":"SOLD","landallotementtype":"ALLOTTED","allotmentid":"YIND021120","allotment_date":1442255400000,"rate_of_allotment":6100,"lease_deed":"Y","possession":"N","village_name":"Chakbirampur","khasra_no":"71","longitude":77.60993284999999,"latitude":28.22116996,"authority":"YEIDA","category":"industrial","execution_stage":"lease-recorded"}},{"type":"Feature","geometry":{"type":"Polygon","coordinates":[[[77.608652,28.221953],[77.608653,28.222179],[77.608531,28.222179],[77.60853,28.221953],[77.608652,28.221953]]]},"properties":{"objectid":2218,"uniqueplotid":"PLNGINDUSTRIAL2218","plotmap_id":"SECTOR-32_162_GENERAL INDUSTRY_IND","plotidentificationnumber":"162","plotno":"162","industrysector":"SECTOR-32","block":"GENERAL INDUSTRY","plotsize":"300 SQMT","plotsize_at_the_time_of_allotme":"300 SQMT","plot_size_as_per_lease_plan":300,"landuse_type":"INDUSTRIAL","landuse_subcategory":"INDUSTRIAL","scheme_cod":"IND04","investment":5,"employment":18,"plotstatus":"Allotted","landallotementstatus":"SOLD","landallotementtype":"ALLOTTED","allotmentid":"YIND041001","allotment_date":1546972200000,"rate_of_allotment":6405,"lease_deed":"Y","possession":"Y","possession_date":1697394600000,"village_name":"Muradgarhi,Chakbirampur","khasra_no":"83,241","longitude":77.60859129,"latitude":28.222066010000002,"authority":"YEIDA","category":"industrial","execution_stage":"possession-recorded"}},{"type":"Feature","geometry":{"type":"Polygon","coordinates":[[[77.607672,28.221288],[77.607673,28.221513],[77.607551,28.221514],[77.60755,28.221288],[77.607672,28.221288]]]},"properties":{"objectid":2219,"uniqueplotid":"PLNGINDUSTRIAL2219","plotmap_id":"SECTOR-32_290_GENERAL INDUSTRY_IND","plotidentificationnumber":"290","plotno":"290","industrysector":"SECTOR-32","block":"GENERAL INDUSTRY","plotsize":"300 SQMT","plotsize_at_the_time_of_allotme":"300 SQMT","landuse_type":"INDUSTRIAL","landuse_subcategory":"INDUSTRIAL","scheme_cod":"IND02","investment":5,"employment":18,"plotstatus":"Allotted","landallotementstatus":"SOLD","landallotementtype":"ALLOTTED","allotmentid":"YIND021224","allotment_date":1442255400000,"rate_of_allotment":6100,"lease_deed":"N","possession":"N","village_name":"Chakbirampur","khasra_no":"82","longitude":77.60761165000001,"latitude":28.221400889999998,"authority":"YEIDA","category":"industrial","execution_stage":"allotted"}},{"type":"Feature","geometry":{"type":"Polygon","coordinates":[[[77.606621,28.218702],[77.606621,28.218973],[77.606469,28.218973],[77.606468,28.218702],[77.606621,28.218702]]]},"properties":{"objectid":2224,"uniqueplotid":"PLNGINDUSTRIAL2224","plotmap_id":"SECTOR-32_655_GENERAL INDUSTRY_IND","plotidentificationnumber":"655","plotno":"655","industrysector":"SECTOR-32","block":"GENERAL INDUSTRY","plotsize":"450 SQMT","plotsize_at_the_time_of_allotme":"450 SQMT","landuse_type":"INDUSTRIAL","landuse_subcategory":"INDUSTRIAL","scheme_cod":"IND06","investment":4,"employment":13,"plotstatus":"Allotted","landallotementstatus":"SOLD","landallotementtype":"ALLOTTED","allotmentid":"YIND061293","allotment_date":1574361000000,"rate_of_allotment":6670,"lease_deed":"N","possession":"N","village_name":"Chakbirampur","khasra_no":"91","longitude":77.60654463,"latitude":28.2188374,"authority":"YEIDA","category":"industrial","execution_stage":"allotted"}},{"type":"Feature","geometry":{"type":"Polygon","coordinates":[[[77.606623,28.21946],[77.606624,28.21973],[77.606471,28.21973],[77.60647,28.21946],[77.606623,28.21946]]]},"properties":{"objectid":2226,"uniqueplotid":"PLNGINDUSTRIAL2226","plotmap_id":"SECTOR-32_547_GENERAL INDUSTRY_IND","plotidentificationnumber":"547","plotno":"547","industrysector":"SECTOR-32","block":"GENERAL INDUSTRY","plotsize":"450 SQMT","plotsize_at_the_time_of_allotme":"450 SQMT","plot_size_as_per_lease_plan":450,"landuse_type":"INDUSTRIAL","landuse_subcategory":"INDUSTRIAL","scheme_cod":"IND06","investment":4,"employment":13,"plotstatus":"Allotted","landallotementstatus":"SOLD","landallotementtype":"ALLOTTED","allotmentid":"YIND061271","allotment_date":1574361000000,"rate_of_allotment":6670,"lease_deed":"Y","possession":"Y","possession_date":1687113000000,"village_name":"Chakbirampur","khasra_no":"89,81,92","longitude":77.60654690999999,"latitude":28.21959502,"authority":"YEIDA","category":"industrial","execution_stage":"possession-recorded"}},{"type":"Feature","geometry":{"type":"Polygon","coordinates":[[[77.609628,28.221283],[77.609628,28.221509],[77.609506,28.221509],[77.609505,28.221284],[77.609628,28.221283]]]},"properties":{"objectid":2228,"uniqueplotid":"PLNGINDUSTRIAL2228","plotmap_id":"SECTOR-32_306_GENERAL INDUSTRY_IND","plotidentificationnumber":"306","plotno":"306","industrysector":"SECTOR-32","block":"GENERAL INDUSTRY","plotsize":"300 SQMT","plotsize_at_the_time_of_allotme":"300 SQMT","landuse_type":"INDUSTRIAL","landuse_subcategory":"INDUSTRIAL","scheme_cod":"IND03","investment":5,"employment":18,"plotstatus":"Allotted","landallotementstatus":"SOLD","landallotementtype":"ALLOTTED","allotmentid":"YIND031007","allotment_date":1483381800000,"rate_of_allotment":6405,"lease_deed":"Y","possession":"Y","possession_date":1650479400000,"village_name":"Chakbirampur","khasra_no":"75","longitude":77.60956691999999,"latitude":28.2213963,"authority":"YEIDA","category":"industrial","execution_stage":"possession-recorded"}},{"type":"Feature","geometry":{"type":"Polygon","coordinates":[[[77.607,28.22129],[77.606873,28.22129],[77.606872,28.221064],[77.607,28.221064],[77.607,28.22129]]]},"properties":{"objectid":2233,"uniqueplotid":"PLNGINDUSTRIAL2233","plotmap_id":"SECTOR-32_338_GENERAL INDUSTRY_IND","plotidentificationnumber":"338","plotno":"338","industrysector":"SECTOR-32","block":"GENERAL INDUSTRY","plotsize":"300 SQMT","plotsize_at_the_time_of_allotme":"300 SQMT","plot_size_as_per_lease_plan":300,"landuse_type":"INDUSTRIAL","landuse_subcategory":"INDUSTRIAL","scheme_cod":"IND03","investment":5,"employment":18,"plotstatus":"Allotted","landallotementstatus":"SOLD","landallotementtype":"ALLOTTED","allotmentid":"YIND031004","allotment_date":1483381800000,"rate_of_allotment":6405,"lease_deed":"Y","possession":"Y","possession_date":1677695400000,"map_sanctioned_from_planning":"Y","units_under_production":"Y","completion":"Y","completion_issue_date":1733769000000,"village_name":"Chakbirampur","khasra_no":"81,82","longitude":77.60693839,"latitude":28.22118083,"authority":"YEIDA","category":"industrial","execution_stage":"functional-evidence"}},{"type":"Feature","geometry":{"type":"Polygon","coordinates":[[[77.607002,28.221957],[77.606875,28.221957],[77.606874,28.221732],[77.607002,28.221732],[77.607002,28.221957]]]},"properties":{"objectid":2237,"uniqueplotid":"PLNGINDUSTRIAL2237","plotmap_id":"SECTOR-32_202_GENERAL INDUSTRY_IND","plotidentificationnumber":"202","plotno":"202","industrysector":"SECTOR-32","block":"GENERAL INDUSTRY","plotsize":"300 SQMT","plotsize_at_the_time_of_allotme":"300 SQMT","landuse_type":"INDUSTRIAL","landuse_subcategory":"INDUSTRIAL","scheme_cod":"IND02","investment":5,"employment":18,"plotstatus":"Allotted","landallotementstatus":"SOLD","landallotementtype":"ALLOTTED","allotmentid":"YIND021128","allotment_date":1442255400000,"rate_of_allotment":6100,"lease_deed":"N","possession":"N","village_name":"Chakbirampur","khasra_no":"84,82","longitude":77.6069404,"latitude":28.22184825,"authority":"YEIDA","category":"industrial","execution_stage":"allotted"}},{"type":"Feature","geometry":{"type":"Polygon","coordinates":[[[77.609262,28.221726],[77.609263,28.221952],[77.609141,28.221952],[77.60914,28.221727],[77.609262,28.221726]]]},"properties":{"objectid":2238,"uniqueplotid":"PLNGINDUSTRIAL2238","plotmap_id":"SECTOR-32_186_GENERAL INDUSTRY_IND","plotidentificationnumber":"186","plotno":"186","industrysector":"SECTOR-32","block":"GENERAL INDUSTRY","plotsize":"300 SQMT","plotsize_at_the_time_of_allotme":"300 SQMT","landuse_type":"INDUSTRIAL","landuse_subcategory":"INDUSTRIAL","scheme_cod":"IND02","investment":5,"employment":18,"plotstatus":"Allotted","landallotementstatus":"SOLD","landallotementtype":"ALLOTTED","allotmentid":"YIND021384","allotment_date":1442255400000,"rate_of_allotment":6100,"lease_deed":"Y","possession":"Y","possession_date":1728498600000,"village_name":"Muradgarhi","khasra_no":"241","longitude":77.60920163,"latitude":28.2218391,"authority":"YEIDA","category":"industrial","execution_stage":"possession-recorded"}},{"type":"Feature","geometry":{"type":"Polygon","coordinates":[[[77.608405,28.221061],[77.608406,28.221286],[77.608283,28.221287],[77.608283,28.221061],[77.608405,28.221061]]]},"properties":{"objectid":2241,"uniqueplotid":"PLNGINDUSTRIAL2241","plotmap_id":"SECTOR-32_329_GENERAL INDUSTRY_IND","plotidentificationnumber":"329","plotno":"329","industrysector":"SECTOR-32","block":"GENERAL INDUSTRY","plotsize":"300 SQMT","plotsize_at_the_time_of_allotme":"300 SQMT","plot_size_as_per_lease_plan":300,"landuse_type":"INDUSTRIAL","landuse_subcategory":"INDUSTRIAL","scheme_cod":"IND06","investment":3,"employment":9,"plotstatus":"Allotted","landallotementstatus":"SOLD","landallotementtype":"ALLOTTED","allotmentid":"YIND061049","allotment_date":1574361000000,"rate_of_allotment":6670,"lease_deed":"Y","possession":"Y","possession_date":1728239400000,"map_sanctioned_from_planning":"Y","village_name":"Chakbirampur","khasra_no":"82,83","longitude":77.6083442,"latitude":28.22117369,"authority":"YEIDA","category":"industrial","execution_stage":"construction-or-map-approval"}},{"type":"Feature","geometry":{"type":"Polygon","coordinates":[[[77.609282,28.218209],[77.609283,28.218479],[77.60913,28.21848],[77.60913,28.218209],[77.609282,28.218209]]]},"properties":{"objectid":2242,"uniqueplotid":"PLNGINDUSTRIAL2242","plotmap_id":"SECTOR-32_733_GENERAL INDUSTRY_IND","plotidentificationnumber":"733","plotno":"733","industrysector":"SECTOR-32","block":"GENERAL INDUSTRY","plotsize":"450 SQMT","plotsize_at_the_time_of_allotme":"450 SQMT","plot_size_as_per_lease_plan":450,"landuse_type":"INDUSTRIAL","landuse_subcategory":"INDUSTRIAL","scheme_cod":"IND01","investment":3,"employment":12,"plotstatus":"Allotted","landallotementstatus":"SOLD","landallotementtype":"ALLOTTED","allotmentid":"YIND010643","allotment_date":1442255400000,"rate_of_allotment":6100,"lease_deed":"Y","possession":"Y","possession_date":1688668200000,"village_name":"Chakbirampur","khasra_no":"96,101,95","longitude":77.60920639,"latitude":28.2183441,"authority":"YEIDA","category":"industrial","execution_stage":"possession-recorded"}},{"type":"Feature","geometry":{"type":"Polygon","coordinates":[[[77.609448,28.222393],[77.609449,28.222934],[77.609144,28.222935],[77.609142,28.222394],[77.609448,28.222393]]]},"properties":{"objectid":2245,"uniqueplotid":"PLNGINDUSTRIAL2245","plotmap_id":"SECTOR-32_49_GENERAL INDUSTRY_IND","plotidentificationnumber":"49","plotno":"49","industrysector":"SECTOR-32","block":"GENERAL INDUSTRY","plotsize":"1800 SQMT","plotsize_at_the_time_of_allotme":"1800 SQMT","landuse_type":"INDUSTRIAL","landuse_subcategory":"INDUSTRIAL","scheme_cod":"IND06","investment":15,"employment":53,"plotstatus":"Allotted","landallotementstatus":"SOLD","landallotementtype":"ALLOTTED","allotmentid":"YIND061459","allotment_date":1574361000000,"rate_of_allotment":6670,"lease_deed":"Y","lease_deed_date":1630089000000,"possession":"Y","possession_date":1620585000000,"map_sanctioned_from_planning":"Y","units_under_construction":"WORK COMPLETED","units_under_production":"Y","village_name":"Muradgarhi","khasra_no":"241,240,243","longitude":77.60929577,"latitude":28.22266413,"authority":"YEIDA","category":"industrial","execution_stage":"functional-evidence"}},{"type":"Feature","geometry":{"type":"Polygon","coordinates":[[[77.609263,28.221952],[77.609264,28.222177],[77.609142,28.222177],[77.609141,28.221952],[77.609263,28.221952]]]},"properties":{"objectid":2249,"uniqueplotid":"PLNGINDUSTRIAL2249","plotmap_id":"SECTOR-32_167_GENERAL INDUSTRY_IND","plotidentificationnumber":"167","plotno":"167","industrysector":"SECTOR-32","block":"GENERAL INDUSTRY","plotsize":"300 SQMT","plotsize_at_the_time_of_allotme":"300 SQMT","plot_size_as_per_lease_plan":300,"landuse_type":"INDUSTRIAL","landuse_subcategory":"INDUSTRIAL","scheme_cod":"IND02","investment":5,"employment":18,"plotstatus":"Allotted","landallotementstatus":"SOLD","landallotementtype":"ALLOTTED","allotmentid":"YIND021403","allotment_date":1442255400000,"rate_of_allotment":6100,"lease_deed":"Y","possession":"N","village_name":"Muradgarhi","khasra_no":"241","longitude":77.60920231,"latitude":28.22206458,"authority":"YEIDA","category":"industrial","execution_stage":"lease-recorded"}},{"type":"Feature","geometry":{"type":"Polygon","coordinates":[[[77.605894,28.221067],[77.605895,28.221292],[77.605773,28.221292],[77.605772,28.221067],[77.605894,28.221067]]]},"properties":{"objectid":2254,"uniqueplotid":"PLNGINDUSTRIAL2254","plotmap_id":"SECTOR-32_347_GENERAL INDUSTRY_IND","plotidentificationnumber":"347","plotno":"347","industrysector":"SECTOR-32","block":"GENERAL INDUSTRY","plotsize":"300 SQMT","plotsize_at_the_time_of_allotme":"300 SQMT","landuse_type":"INDUSTRIAL","landuse_subcategory":"INDUSTRIAL","scheme_cod":"IND02","investment":5,"employment":18,"plotstatus":"Allotted","landallotementstatus":"SOLD","landallotementtype":"ALLOTTED","allotmentid":"YIND021269","allotment_date":1442255400000,"rate_of_allotment":6100,"lease_deed":"Y","possession":"N","village_name":"Chakbirampur","khasra_no":"85,81,87","longitude":77.60583373,"latitude":28.22117959,"authority":"YEIDA","category":"industrial","execution_stage":"lease-recorded"}},{"type":"Feature","geometry":{"type":"Polygon","coordinates":[[[77.60913,28.218209],[77.60913,28.21848],[77.608978,28.21848],[77.608977,28.218209],[77.60913,28.218209]]]},"properties":{"objectid":2257,"uniqueplotid":"PLNGINDUSTRIAL2257","plotmap_id":"SECTOR-32_732_GENERAL INDUSTRY_IND","plotidentificationnumber":"732","plotno":"732","industrysector":"SECTOR-32","block":"GENERAL INDUSTRY","plotsize":"450 SQMT","plotsize_at_the_time_of_allotme":"450 SQMT","plot_size_as_per_lease_plan":450,"landuse_type":"INDUSTRIAL","landuse_subcategory":"INDUSTRIAL","scheme_cod":"IND04","investment":4,"employment":13,"plotstatus":"Allotted","landallotementstatus":"SOLD","landallotementtype":"ALLOTTED","allotmentid":"YIND041062","allotment_date":1546972200000,"rate_of_allotment":6405,"lease_deed":"Y","possession":"N","village_name":"Chakbirampur","khasra_no":"96,101,95","longitude":77.60905364,"latitude":28.21834446,"authority":"YEIDA","category":"industrial","execution_stage":"lease-recorded"}},{"type":"Feature","geometry":{"type":"Polygon","coordinates":[[[77.606584,28.220217],[77.606585,28.220533],[77.606412,28.220533],[77.606411,28.220218],[77.606584,28.220217]]]},"properties":{"objectid":2258,"uniqueplotid":"PLNGINDUSTRIAL2258","plotmap_id":"SECTOR-32_443_GENERAL INDUSTRY_IND","plotidentificationnumber":"443","plotno":"443","industrysector":"SECTOR-32","block":"GENERAL INDUSTRY","plotsize":"595 SQMT","plotsize_at_the_time_of_allotme":"595 SQMT","landuse_type":"INDUSTRIAL","landuse_subcategory":"INDUSTRIAL","scheme_cod":"IND06","investment":5,"employment":17,"plotstatus":"Allotted","landallotementstatus":"SOLD","landallotementtype":"ALLOTTED","allotmentid":"YIND061358","allotment_date":1574361000000,"rate_of_allotment":6670,"lease_deed":"N","possession":"N","village_name":"Chakbirampur","khasra_no":"89,81,92","longitude":77.60649833999999,"latitude":28.22037531,"authority":"YEIDA","category":"industrial","execution_stage":"allotted"}},{"type":"Feature","geometry":{"type":"Polygon","coordinates":[[[77.608392,28.216831],[77.608393,28.217056],[77.608271,28.217057],[77.60827,28.216831],[77.608392,28.216831]]]},"properties":{"objectid":2265,"uniqueplotid":"PLNGINDUSTRIAL2265","plotmap_id":"SECTOR-32_982_GENERAL INDUSTRY_IND","plotidentificationnumber":"982","plotno":"982","industrysector":"SECTOR-32","block":"GENERAL INDUSTRY","plotsize":"300 SQMT","plotsize_at_the_time_of_allotme":"300 SQMT","plot_size_as_per_lease_plan":300,"landuse_type":"INDUSTRIAL","landuse_subcategory":"INDUSTRIAL","scheme_cod":"IND06","investment":3,"employment":9,"plotstatus":"Allotted","landallotementstatus":"SOLD","landallotementtype":"ALLOTTED","allotmentid":"YIND061010","allotment_date":1574361000000,"rate_of_allotment":6670,"lease_deed":"Y","possession":"N","village_name":"Chakbirampur","khasra_no":"103,117","longitude":77.60833147,"latitude":28.21694362,"authority":"YEIDA","category":"industrial","execution_stage":"lease-recorded"}},{"type":"Feature","geometry":{"type":"Polygon","coordinates":[[[77.608774,28.221953],[77.608775,28.222178],[77.608653,28.222179],[77.608652,28.221953],[77.608774,28.221953]]]},"properties":{"objectid":2269,"uniqueplotid":"PLNGINDUSTRIAL2269","plotmap_id":"SECTOR-32_163_GENERAL INDUSTRY_IND","plotidentificationnumber":"163","plotno":"163","industrysector":"SECTOR-32","block":"GENERAL INDUSTRY","plotsize":"300 SQMT","plotsize_at_the_time_of_allotme":"300 SQMT","landuse_type":"INDUSTRIAL","landuse_subcategory":"INDUSTRIAL","scheme_cod":"IND04","investment":5,"employment":18,"plotstatus":"Allotted","landallotementstatus":"SOLD","landallotementtype":"ALLOTTED","allotmentid":"YIND041015","allotment_date":1546972200000,"rate_of_allotment":6405,"lease_deed":"N","possession":"N","village_name":"Muradgarhi,Chakbirampur","khasra_no":"83,241","longitude":77.6087135,"latitude":28.22206572,"authority":"YEIDA","category":"industrial","execution_stage":"allotted"}},{"type":"Feature","geometry":{"type":"Polygon","coordinates":[[[77.606006,28.217504],[77.606007,28.217729],[77.605884,28.21773],[77.605884,28.217504],[77.606006,28.217504]]]},"properties":{"objectid":2277,"uniqueplotid":"PLNGINDUSTRIAL2277","plotmap_id":"SECTOR-32_829_GENERAL INDUSTRY_IND","plotidentificationnumber":"829","plotno":"829","industrysector":"SECTOR-32","block":"GENERAL INDUSTRY","plotsize":"300 SQMT","plotsize_at_the_time_of_allotme":"300 SQMT","landuse_type":"INDUSTRIAL","landuse_subcategory":"INDUSTRIAL","scheme_cod":"IND02","investment":5,"employment":18,"plotstatus":"Allotted","landallotementstatus":"SOLD","landallotementtype":"ALLOTTED","allotmentid":"YIND021367","allotment_date":1442255400000,"rate_of_allotment":6100,"lease_deed":"N","possession":"N","village_name":"Chakbirampur","khasra_no":"133,147,131","longitude":77.60594521,"latitude":28.21761666,"authority":"YEIDA","category":"industrial","execution_stage":"allotted"}},{"type":"Feature","geometry":{"type":"Polygon","coordinates":[[[77.61035,28.217494],[77.61035,28.217719],[77.610228,28.217719],[77.610227,28.217494],[77.61035,28.217494]]]},"properties":{"objectid":2285,"uniqueplotid":"PLNGINDUSTRIAL2285","plotmap_id":"SECTOR-32_862_GENERAL INDUSTRY_IND","plotidentificationnumber":"862","plotno":"862","industrysector":"SECTOR-32","block":"GENERAL INDUSTRY","plotsize":"300 SQMT","plotsize_at_the_time_of_allotme":"300 SQMT","plot_size_as_per_lease_plan":300,"landuse_type":"INDUSTRIAL","landuse_subcategory":"INDUSTRIAL","scheme_cod":"IND06","investment":3,"employment":9,"plotstatus":"Allotted","landallotementstatus":"SOLD","landallotementtype":"ALLOTTED","allotmentid":"YIND061069","allotment_date":1574361000000,"rate_of_allotment":6670,"lease_deed":"Y","possession":"Y","possession_date":1697653800000,"village_name":"Chakbirampur","khasra_no":"101,98","longitude":77.61028874,"latitude":28.21760647,"authority":"YEIDA","category":"industrial","execution_stage":"possession-recorded"}},{"type":"Feature","geometry":{"type":"Polygon","coordinates":[[[77.606127,28.217278],[77.606128,28.217503],[77.606006,28.217504],[77.606005,28.217278],[77.606127,28.217278]]]},"properties":{"objectid":2286,"uniqueplotid":"PLNGINDUSTRIAL2286","plotmap_id":"SECTOR-32_895_GENERAL INDUSTRY_IND","plotidentificationnumber":"895","plotno":"895","industrysector":"SECTOR-32","block":"GENERAL INDUSTRY","plotsize":"300 SQMT","plotsize_at_the_time_of_allotme":"300 SQMT","plot_size_as_per_lease_plan":300,"landuse_type":"INDUSTRIAL","landuse_subcategory":"INDUSTRIAL","scheme_cod":"IND04","investment":5,"employment":18,"plotstatus":"Allotted","landallotementstatus":"SOLD","landallotementtype":"ALLOTTED","allotmentid":"YIND041030","allotment_date":1546972200000,"rate_of_allotment":6405,"lease_deed":"Y","possession":"Y","possession_date":1688409000000,"village_name":"Chakbirampur","khasra_no":"147","longitude":77.60606673999999,"latitude":28.21739089,"authority":"YEIDA","category":"industrial","execution_stage":"possession-recorded"}},{"type":"Feature","geometry":{"type":"Polygon","coordinates":[[[77.617895,28.221506],[77.617896,28.221777],[77.617287,28.221779],[77.617286,28.221508],[77.617895,28.221506]]]},"properties":{"objectid":2294,"uniqueplotid":"PLNGINDUSTRIAL2294","plotmap_id":"SECTOR-32_1136_GENERAL INDUSTRY_IND","plotidentificationnumber":"1136","plotno":"1136","industrysector":"SECTOR-32","block":"GENERAL INDUSTRY","plotsize":"1800 SQMT","plotsize_at_the_time_of_allotme":"1800 SQMT","landuse_type":"INDUSTRIAL","landuse_subcategory":"INDUSTRIAL","scheme_cod":"YEA/IND-LOP(2021)-10","investment":11,"employment":40,"plot_total_employment":"CHANDER NAGAR","projects_cost_in_lacs":574,"plotstatus":"Allotted","landallotementstatus":"SOLD","landallotementtype":"ALLOTTED","allotmentid":"YIND100067","allotment_date":1650565800000,"rate_of_allotment":7010,"lease_deed":"N","possession":"N","village_name":"Birampur","khasra_no":"21,22,7,20","longitude":77.61759912000001,"latitude":28.22164596,"authority":"YEIDA","category":"industrial","execution_stage":"allotted"}},{"type":"Feature","geometry":{"type":"Polygon","coordinates":[[[77.6102,28.218694],[77.610201,28.218964],[77.610048,28.218964],[77.610048,28.218694],[77.6102,28.218694]]]},"properties":{"objectid":2301,"uniqueplotid":"PLNGINDUSTRIAL2301","plotmap_id":"SECTOR-32_634_GENERAL INDUSTRY_IND","plotidentificationnumber":"634","plotno":"634","industrysector":"SECTOR-32","block":"GENERAL INDUSTRY","plotsize":"450 SQMT","plotsize_at_the_time_of_allotme":"450 SQMT","plot_size_as_per_lease_plan":450,"landuse_type":"INDUSTRIAL","landuse_subcategory":"INDUSTRIAL","scheme_cod":"IND06","investment":4,"employment":13,"plotstatus":"Allotted","landallotementstatus":"SOLD","landallotementtype":"ALLOTTED","allotmentid":"YIND061281","allotment_date":1574361000000,"rate_of_allotment":6670,"lease_deed":"Y","possession":"Y","possession_date":1681324200000,"village_name":"Chakbirampur","khasra_no":"96,97,95","longitude":77.61012439,"latitude":28.218829000000003,"authority":"YEIDA","category":"industrial","execution_stage":"possession-recorded"}},{"type":"Feature","geometry":{"type":"Polygon","coordinates":[[[77.607781,28.216832],[77.607782,28.217058],[77.60766,28.217058],[77.607659,28.216832],[77.607781,28.216832]]]},"properties":{"objectid":2310,"uniqueplotid":"PLNGINDUSTRIAL2310","plotmap_id":"SECTOR-32_977_GENERAL INDUSTRY_IND","plotidentificationnumber":"977","plotno":"977","industrysector":"SECTOR-32","block":"GENERAL INDUSTRY","plotsize":"300 SQMT","plotsize_at_the_time_of_allotme":"300 SQMT","plot_size_as_per_lease_plan":300,"landuse_type":"INDUSTRIAL","landuse_subcategory":"INDUSTRIAL","scheme_cod":"IND02","investment":5,"employment":18,"plotstatus":"Allotted","landallotementstatus":"SOLD","landallotementtype":"ALLOTTED","allotmentid":"YIND021204","allotment_date":1442255400000,"rate_of_allotment":6100,"lease_deed":"Y","possession":"Y","possession_date":1679423400000,"village_name":"Chakbirampur","khasra_no":"117","longitude":77.60772044999999,"latitude":28.21694505,"authority":"YEIDA","category":"industrial","execution_stage":"possession-recorded"}},{"type":"Feature","geometry":{"type":"Polygon","coordinates":[[[77.610203,28.219722],[77.610204,28.219992],[77.610052,28.219993],[77.610051,28.219722],[77.610203,28.219722]]]},"properties":{"objectid":2317,"uniqueplotid":"PLNGINDUSTRIAL2317","plotmap_id":"SECTOR-32_523_GENERAL INDUSTRY_IND","plotidentificationnumber":"523","plotno":"523","industrysector":"SECTOR-32","block":"GENERAL INDUSTRY","plotsize":"450 SQMT","plotsize_at_the_time_of_allotme":"450 SQMT","plot_size_as_per_lease_plan":450,"landuse_type":"INDUSTRIAL","landuse_subcategory":"INDUSTRIAL","scheme_cod":"IND06","investment":4,"employment":13,"plotstatus":"Allotted","landallotementstatus":"SOLD","landallotementtype":"ALLOTTED","allotmentid":"YIND061219","allotment_date":1574361000000,"rate_of_allotment":6670,"lease_deed":"Y","possession":"Y","possession_date":1676485800000,"village_name":"Chakbirampur","khasra_no":"96,78,95","longitude":77.61012748,"latitude":28.2198572,"authority":"YEIDA","category":"industrial","execution_stage":"possession-recorded"}},{"type":"Feature","geometry":{"type":"Polygon","coordinates":[[[77.606386,28.221958],[77.606387,28.222184],[77.606264,28.222184],[77.606264,28.221959],[77.606386,28.221958]]]},"properties":{"objectid":2326,"uniqueplotid":"PLNGINDUSTRIAL2326","plotmap_id":"SECTOR-32_146_GENERAL INDUSTRY_IND","plotidentificationnumber":"146","plotno":"146","industrysector":"SECTOR-32","block":"GENERAL INDUSTRY","plotsize":"300 SQMT","plotsize_at_the_time_of_allotme":"300 SQMT","landuse_type":"INDUSTRIAL","landuse_subcategory":"INDUSTRIAL","scheme_cod":"IND03","investment":5,"employment":18,"plotstatus":"Allotted","landallotementstatus":"SOLD","landallotementtype":"ALLOTTED","allotmentid":"YIND031012","allotment_date":1483381800000,"rate_of_allotment":6405,"lease_deed":"Y","possession":"N","village_name":"Chakbirampur","khasra_no":"85","longitude":77.60632523000001,"latitude":28.222071330000002,"authority":"YEIDA","category":"industrial","execution_stage":"lease-recorded"}},{"type":"Feature","geometry":{"type":"Polygon","coordinates":[[[77.605882,28.216837],[77.605882,28.217062],[77.60576,28.217062],[77.60576,28.216837],[77.605882,28.216837]]]},"properties":{"objectid":2332,"uniqueplotid":"PLNGINDUSTRIAL2332","plotmap_id":"SECTOR-32_964_GENERAL INDUSTRY_IND","plotidentificationnumber":"964","plotno":"964","industrysector":"SECTOR-32","block":"GENERAL INDUSTRY","plotsize":"300 SQMT","plotsize_at_the_time_of_allotme":"300 SQMT","landuse_type":"INDUSTRIAL","landuse_subcategory":"INDUSTRIAL","scheme_cod":"IND03","investment":5,"employment":18,"plotstatus":"Allotted","landallotementstatus":"SOLD","landallotementtype":"ALLOTTED","allotmentid":"YIND031015","allotment_date":1483381800000,"rate_of_allotment":6405,"lease_deed":"Y","possession":"N","village_name":"Chakbirampur","khasra_no":"145,146","longitude":77.60582056,"latitude":28.21694871,"authority":"YEIDA","category":"industrial","execution_stage":"lease-recorded"}},{"type":"Feature","geometry":{"type":"Polygon","coordinates":[[[77.608217,28.219456],[77.608218,28.219726],[77.608065,28.219727],[77.608064,28.219456],[77.608217,28.219456]]]},"properties":{"objectid":2334,"uniqueplotid":"PLNGINDUSTRIAL2334","plotmap_id":"SECTOR-32_539_GENERAL INDUSTRY_IND","plotidentificationnumber":"539","plotno":"539","industrysector":"SECTOR-32","block":"GENERAL INDUSTRY","plotsize":"450 SQMT","plotsize_at_the_time_of_allotme":"450 SQMT","landuse_type":"INDUSTRIAL","landuse_subcategory":"INDUSTRIAL","scheme_cod":"IND06","investment":4,"employment":13,"plotstatus":"Allotted","landallotementstatus":"SOLD","landallotementtype":"ALLOTTED","allotmentid":"YIND061286","allotment_date":1574361000000,"rate_of_allotment":6670,"lease_deed":"Y","possession":"Y","possession_date":1642617000000,"map_sanctioned_from_planning":"Y","units_under_construction":"Y","village_name":"Chakbirampur","khasra_no":"93,94","longitude":77.60814085,"latitude":28.21959128,"authority":"YEIDA","category":"industrial","execution_stage":"construction-or-map-approval"}},{"type":"Feature","geometry":{"type":"Polygon","coordinates":[[[77.609744,28.219452],[77.609745,28.219723],[77.609592,28.219723],[77.609592,28.219453],[77.609744,28.219452]]]},"properties":{"objectid":2335,"uniqueplotid":"PLNGINDUSTRIAL2335","plotmap_id":"SECTOR-32_529_GENERAL INDUSTRY_IND","plotidentificationnumber":"529","plotno":"529","industrysector":"SECTOR-32","block":"GENERAL INDUSTRY","plotsize":"450 SQMT","plotsize_at_the_time_of_allotme":"450 SQMT","plot_size_as_per_lease_plan":450,"landuse_type":"INDUSTRIAL","landuse_subcategory":"INDUSTRIAL","scheme_cod":"IND06","investment":4,"employment":13,"plotstatus":"Allotted","landallotementstatus":"SOLD","landallotementtype":"ALLOTTED","allotmentid":"YIND061206","allotment_date":1574361000000,"rate_of_allotment":6670,"lease_deed":"Y","possession":"Y","possession_date":1659033000000,"map_sanctioned_from_planning":"Y","units_under_production":"Y","village_name":"Chakbirampur","khasra_no":"95","longitude":77.6096684,"latitude":28.2195877,"authority":"YEIDA","category":"industrial","execution_stage":"functional-evidence"}},{"type":"Feature","geometry":{"type":"Polygon","coordinates":[[[77.609132,28.218967],[77.609133,28.219237],[77.60898,28.219238],[77.608979,28.218967],[77.609132,28.218967]]]},"properties":{"objectid":2336,"uniqueplotid":"PLNGINDUSTRIAL2336","plotmap_id":"SECTOR-32_624_GENERAL INDUSTRY_IND","plotidentificationnumber":"624","plotno":"624","industrysector":"SECTOR-32","block":"GENERAL INDUSTRY","plotsize":"450 SQMT","plotsize_at_the_time_of_allotme":"450 SQMT","landuse_type":"INDUSTRIAL","landuse_subcategory":"INDUSTRIAL","scheme_cod":"IND06","investment":4,"employment":13,"plotstatus":"Allotted","landallotementstatus":"SOLD","landallotementtype":"ALLOTTED","allotmentid":"YIND061261","allotment_date":1574361000000,"rate_of_allotment":6670,"lease_deed":"N","possession":"N","village_name":"Chakbirampur","khasra_no":"95","longitude":77.60905591999999,"latitude":28.21910209,"authority":"YEIDA","category":"industrial","execution_stage":"allotted"}},{"type":"Feature","geometry":{"type":"Polygon","coordinates":[[[77.605883,28.217279],[77.605884,28.217504],[77.605762,28.217504],[77.605761,28.217279],[77.605883,28.217279]]]},"properties":{"objectid":2337,"uniqueplotid":"PLNGINDUSTRIAL2337","plotmap_id":"SECTOR-32_897_GENERAL INDUSTRY_IND","plotidentificationnumber":"897","plotno":"897","industrysector":"SECTOR-32","block":"GENERAL INDUSTRY","plotsize":"300 SQMT","plotsize_at_the_time_of_allotme":"300 SQMT","landuse_type":"INDUSTRIAL","landuse_subcategory":"INDUSTRIAL","scheme_cod":"IND02","investment":5,"employment":18,"plotstatus":"Allotted","landallotementstatus":"SOLD","landallotementtype":"ALLOTTED","allotmentid":"YIND021348","allotment_date":1442255400000,"rate_of_allotment":6100,"lease_deed":"N","possession":"N","village_name":"Chakbirampur","khasra_no":"145,147","longitude":77.60582233,"latitude":28.217391470000003,"authority":"YEIDA","category":"industrial","execution_stage":"allotted"}},{"type":"Feature","geometry":{"type":"Polygon","coordinates":[[[77.617911,28.224753],[77.617912,28.225023],[77.617301,28.225026],[77.6173,28.224755],[77.617911,28.224753]]]},"properties":{"objectid":2342,"uniqueplotid":"PLNGINDUSTRIAL2342","plotmap_id":"SECTOR-32_1124_GENERAL INDUSTRY_IND","plotidentificationnumber":"1124","plotno":"1124","industrysector":"SECTOR-32","block":"GENERAL INDUSTRY","plotsize":"1800 SQMT","plotsize_at_the_time_of_allotme":"1800 SQMT","plot_size_as_per_lease_plan":1800,"landuse_type":"INDUSTRIAL","landuse_subcategory":"INDUSTRIAL","scheme_cod":"IND06","investment":15,"employment":53,"plotstatus":"Allotted","landallotementstatus":"SOLD","landallotementtype":"ALLOTTED","allotmentid":"YIND061451","allotment_date":1574361000000,"rate_of_allotment":6670,"lease_deed":"Y","possession":"Y","possession_date":1715797800000,"village_name":"Muradgarhi","khasra_no":"183","longitude":77.61760787,"latitude":28.224889909999998,"authority":"YEIDA","category":"industrial","execution_stage":"possession-recorded"}},{"type":"Feature","geometry":{"type":"Polygon","coordinates":[[[77.610198,28.217936],[77.610199,28.218206],[77.610046,28.218207],[77.610045,28.217936],[77.610198,28.217936]]]},"properties":{"objectid":2343,"uniqueplotid":"PLNGINDUSTRIAL2343","plotmap_id":"SECTOR-32_742_GENERAL INDUSTRY_IND","plotidentificationnumber":"742","plotno":"742","industrysector":"SECTOR-32","block":"GENERAL INDUSTRY","plotsize":"450 SQMT","plotsize_at_the_time_of_allotme":"450 SQMT","plot_size_as_per_lease_plan":450,"landuse_type":"INDUSTRIAL","landuse_subcategory":"INDUSTRIAL","scheme_cod":"IND07","investment":3,"employment":10,"plotstatus":"Allotted","landallotementstatus":"SOLD","landallotementtype":"ALLOTTED","allotmentid":"YIND071211","allotment_date":1625077800000,"rate_of_allotment":7010,"lease_deed":"Y","possession":"N","village_name":"Chakbirampur","khasra_no":"97","longitude":77.61012211,"latitude":28.21807137,"authority":"YEIDA","category":"industrial","execution_stage":"lease-recorded"}},{"type":"Feature","geometry":{"type":"Polygon","coordinates":[[[77.609981,28.216827],[77.609982,28.217052],[77.609859,28.217053],[77.609859,28.216827],[77.609981,28.216827]]]},"properties":{"objectid":2347,"uniqueplotid":"PLNGINDUSTRIAL2347","plotmap_id":"SECTOR-32_995_GENERAL INDUSTRY_IND","plotidentificationnumber":"995","plotno":"995","industrysector":"SECTOR-32","block":"GENERAL INDUSTRY","plotsize":"300 SQMT","plotsize_at_the_time_of_allotme":"300 SQMT","landuse_type":"INDUSTRIAL","landuse_subcategory":"INDUSTRIAL","scheme_cod":"IND06","investment":3,"employment":9,"plotstatus":"Allotted","landallotementstatus":"SOLD","landallotementtype":"ALLOTTED","allotmentid":"YIND061112","allotment_date":1574361000000,"rate_of_allotment":6670,"lease_deed":"Y","possession":"N","village_name":"Chakbirampur","khasra_no":"101","longitude":77.60992012,"latitude":28.21693989,"authority":"YEIDA","category":"industrial","execution_stage":"lease-recorded"}},{"type":"Feature","geometry":{"type":"Polygon","coordinates":[[[77.608272,28.217498],[77.608273,28.217724],[77.608151,28.217724],[77.60815,28.217499],[77.608272,28.217498]]]},"properties":{"objectid":2357,"uniqueplotid":"PLNGINDUSTRIAL2357","plotmap_id":"SECTOR-32_845_GENERAL INDUSTRY_IND","plotidentificationnumber":"845","plotno":"845","industrysector":"SECTOR-32","block":"GENERAL INDUSTRY","plotsize":"300 SQMT","plotsize_at_the_time_of_allotme":"300 SQMT","plot_size_as_per_lease_plan":300,"landuse_type":"INDUSTRIAL","landuse_subcategory":"INDUSTRIAL","scheme_cod":"IND02","investment":5,"employment":18,"plotstatus":"Allotted","landallotementstatus":"SOLD","landallotementtype":"ALLOTTED","allotmentid":"YIND021411","allotment_date":1442255400000,"rate_of_allotment":6100,"lease_deed":"Y","possession":"Y","possession_date":1698345000000,"village_name":"Chakbirampur","khasra_no":"125,119,121","longitude":77.60821127,"latitude":28.21761134,"authority":"YEIDA","category":"industrial","execution_stage":"possession-recorded"}},{"type":"Feature","geometry":{"type":"Polygon","coordinates":[[[77.605234,28.222944],[77.606394,28.222942],[77.606398,28.224308],[77.605038,28.224311],[77.605031,28.222945],[77.605234,28.222944]]]},"properties":{"objectid":2359,"uniqueplotid":"PLNGINDUSTRIAL2359","plotmap_id":"SECTOR-32_5_GENERAL INDUSTRY_IND","plotidentificationnumber":"5","plotno":"5","industrysector":"SECTOR-32","block":"GENERAL INDUSTRY","plotsize":"APPROX 5 ACRE","plotsize_at_the_time_of_allotme":"APPROX 5 ACRE","plot_size_as_per_lease_plan":20877,"landuse_type":"INDUSTRIAL","landuse_subcategory":"INDUSTRIAL","scheme_cod":"INDOPEN","investment":129,"employment":450,"plotstatus":"Allotted","landallotementstatus":"SOLD","landallotementtype":"ALLOTTED","allotmentid":"INDOPEN00018","allotment_date":1551033000000,"rate_of_allotment":5145,"lease_deed":"Y","possession":"Y","possession_date":1710181800000,"village_name":"Muradgarhi,Chakbirampur","khasra_no":"85,486,489,488,487","longitude":77.60572684,"latitude":28.223671760000002,"authority":"YEIDA","category":"industrial","execution_stage":"possession-recorded"}},{"type":"Feature","geometry":{"type":"Polygon","coordinates":[[[77.60806,28.218211],[77.608061,28.218482],[77.607908,28.218482],[77.607908,28.218212],[77.60806,28.218211]]]},"properties":{"objectid":2365,"uniqueplotid":"PLNGINDUSTRIAL2365","plotmap_id":"SECTOR-32_725_GENERAL INDUSTRY_IND","plotidentificationnumber":"725","plotno":"725","industrysector":"SECTOR-32","block":"GENERAL INDUSTRY","plotsize":"450 SQMT","plotsize_at_the_time_of_allotme":"450 SQMT","plot_size_as_per_lease_plan":450,"landuse_type":"INDUSTRIAL","landuse_subcategory":"INDUSTRIAL","scheme_cod":"IND03","investment":4,"employment":13,"plotstatus":"Allotted","landallotementstatus":"SOLD","landallotementtype":"ALLOTTED","allotmentid":"YIND031037","allotment_date":1483381800000,"rate_of_allotment":6405,"lease_deed":"Y","possession":"Y","possession_date":1679337000000,"map_sanctioned_from_planning":"Y","units_under_construction":"Y","village_name":"Chakbirampur","khasra_no":"123,124","longitude":77.60798435,"latitude":28.21834697,"authority":"YEIDA","category":"industrial","execution_stage":"construction-or-map-approval"}},{"type":"Feature","geometry":{"type":"Polygon","coordinates":[[[77.609749,28.221058],[77.60975,28.221283],[77.609628,28.221283],[77.609627,28.221058],[77.609749,28.221058]]]},"properties":{"objectid":2369,"uniqueplotid":"PLNGINDUSTRIAL2369","plotmap_id":"SECTOR-32_318_GENERAL INDUSTRY_IND","plotidentificationnumber":"318","plotno":"318","industrysector":"SECTOR-32","block":"GENERAL INDUSTRY","plotsize":"300 SQMT","plotsize_at_the_time_of_allotme":"300 SQMT","plot_size_as_per_lease_plan":300,"landuse_type":"INDUSTRIAL","landuse_subcategory":"INDUSTRIAL","scheme_cod":"IND02","investment":5,"employment":18,"plotstatus":"Allotted","landallotementstatus":"SOLD","landallotementtype":"ALLOTTED","allotmentid":"YIND021138","allotment_date":1442255400000,"rate_of_allotment":6100,"lease_deed":"Y","possession":"Y","possession_date":1698777000000,"village_name":"Chakbirampur","khasra_no":"75,71","longitude":77.60968844,"latitude":28.22117054,"authority":"YEIDA","category":"industrial","execution_stage":"possession-recorded"}},{"type":"Feature","geometry":{"type":"Polygon","coordinates":[[[77.607797,28.221955],[77.607797,28.222181],[77.607675,28.222181],[77.607674,28.221955],[77.607797,28.221955]]]},"properties":{"objectid":2374,"uniqueplotid":"PLNGINDUSTRIAL2374","plotmap_id":"SECTOR-32_155_GENERAL INDUSTRY_IND","plotidentificationnumber":"155","plotno":"155","industrysector":"SECTOR-32","block":"GENERAL INDUSTRY","plotsize":"300 SQMT","plotsize_at_the_time_of_allotme":"300 SQMT","landuse_type":"INDUSTRIAL","landuse_subcategory":"INDUSTRIAL","scheme_cod":"IND04","investment":5,"employment":18,"plotstatus":"Allotted","landallotementstatus":"SOLD","landallotementtype":"ALLOTTED","allotmentid":"YIND041029","allotment_date":1546972200000,"rate_of_allotment":6405,"lease_deed":"N","possession":"N","village_name":"Chakbirampur","khasra_no":"83","longitude":77.60773585999999,"latitude":28.222068020000002,"authority":"YEIDA","category":"industrial","execution_stage":"allotted"}},{"type":"Feature","geometry":{"type":"Polygon","coordinates":[[[77.607674,28.221955],[77.607675,28.222181],[77.607553,28.222181],[77.607552,28.221956],[77.607674,28.221955]]]},"properties":{"objectid":2386,"uniqueplotid":"PLNGINDUSTRIAL2386","plotmap_id":"SECTOR-32_154_GENERAL INDUSTRY_IND","plotidentificationnumber":"154","plotno":"154","industrysector":"SECTOR-32","block":"GENERAL INDUSTRY","plotsize":"300 SQMT","plotsize_at_the_time_of_allotme":"300 SQMT","landuse_type":"INDUSTRIAL","landuse_subcategory":"INDUSTRIAL","scheme_cod":"IND02","investment":5,"employment":18,"plotstatus":"Allotted","landallotementstatus":"SOLD","landallotementtype":"ALLOTTED","allotmentid":"YIND021050","allotment_date":1442255400000,"rate_of_allotment":6100,"lease_deed":"Y","possession":"Y","possession_date":1712169000000,"village_name":"Chakbirampur","khasra_no":"82,83","longitude":77.60761366,"latitude":28.2220683,"authority":"YEIDA","category":"industrial","execution_stage":"possession-recorded"}},{"type":"Feature","geometry":{"type":"Polygon","coordinates":[[[77.609896,28.218965],[77.609896,28.219235],[77.609744,28.219236],[77.609743,28.218965],[77.609896,28.218965]]]},"properties":{"objectid":2387,"uniqueplotid":"PLNGINDUSTRIAL2387","plotmap_id":"SECTOR-32_629_GENERAL INDUSTRY_IND","plotidentificationnumber":"629","plotno":"629","industrysector":"SECTOR-32","block":"GENERAL INDUSTRY","plotsize":"450 SQMT","plotsize_at_the_time_of_allotme":"450 SQMT","plot_size_as_per_lease_plan":450,"landuse_type":"INDUSTRIAL","landuse_subcategory":"INDUSTRIAL","scheme_cod":"IND06","investment":4,"employment":13,"plotstatus":"Allotted","landallotementstatus":"SOLD","landallotementtype":"ALLOTTED","allotmentid":"YIND061276","allotment_date":1574361000000,"rate_of_allotment":6670,"lease_deed":"Y","possession":"N","village_name":"Chakbirampur","khasra_no":"95","longitude":77.60981969000001,"latitude":28.21910029,"authority":"YEIDA","category":"industrial","execution_stage":"lease-recorded"}},{"type":"Feature","geometry":{"type":"Polygon","coordinates":[[[77.606739,28.217277],[77.606739,28.217502],[77.606617,28.217502],[77.606616,28.217277],[77.606739,28.217277]]]},"properties":{"objectid":2392,"uniqueplotid":"PLNGINDUSTRIAL2392","plotmap_id":"SECTOR-32_890_GENERAL INDUSTRY_IND","plotidentificationnumber":"890","plotno":"890","industrysector":"SECTOR-32","block":"GENERAL INDUSTRY","plotsize":"300 SQMT","plotsize_at_the_time_of_allotme":"300 SQMT","plot_size_as_per_lease_plan":300,"landuse_type":"INDUSTRIAL","landuse_subcategory":"INDUSTRIAL","scheme_cod":"IND06","investment":3,"employment":9,"plotstatus":"Allotted","landallotementstatus":"SOLD","landallotementtype":"ALLOTTED","allotmentid":"YIND061002","allotment_date":1574361000000,"rate_of_allotment":6670,"lease_deed":"Y","possession":"N","village_name":"Chakbirampur","khasra_no":"148,129","longitude":77.60667776,"latitude":28.217389460000003,"authority":"YEIDA","category":"industrial","execution_stage":"lease-recorded"}},{"type":"Feature","geometry":{"type":"Polygon","coordinates":[[[77.608673,28.218697],[77.608674,28.218968],[77.608521,28.218968],[77.60852,28.218697],[77.608673,28.218697]]]},"properties":{"objectid":2395,"uniqueplotid":"PLNGINDUSTRIAL2395","plotmap_id":"SECTOR-32_644_GENERAL INDUSTRY_IND","plotidentificationnumber":"644","plotno":"644","industrysector":"SECTOR-32","block":"GENERAL INDUSTRY","plotsize":"450 SQMT","plotsize_at_the_time_of_allotme":"450 SQMT","landuse_type":"INDUSTRIAL","landuse_subcategory":"INDUSTRIAL","scheme_cod":"IND01","investment":3,"employment":12,"plotstatus":"Allotted","landallotementstatus":"SOLD","landallotementtype":"ALLOTTED","allotmentid":"YIND010570","allotment_date":1442255400000,"rate_of_allotment":6100,"lease_deed":"Y","possession":"Y","possession_date":1639938600000,"map_sanctioned_from_planning":"Y","village_name":"Chakbirampur","khasra_no":"95","longitude":77.60859684,"latitude":28.21883258,"authority":"YEIDA","category":"industrial","execution_stage":"construction-or-map-approval"}},{"type":"Feature","geometry":{"type":"Polygon","coordinates":[[[77.609745,28.219723],[77.609746,28.219993],[77.609593,28.219994],[77.609592,28.219723],[77.609745,28.219723]]]},"properties":{"objectid":2398,"uniqueplotid":"PLNGINDUSTRIAL2398","plotmap_id":"SECTOR-32_520_GENERAL INDUSTRY_IND","plotidentificationnumber":"520","plotno":"520","industrysector":"SECTOR-32","block":"GENERAL INDUSTRY","plotsize":"450 SQMT","plotsize_at_the_time_of_allotme":"450 SQMT","landuse_type":"INDUSTRIAL","landuse_subcategory":"INDUSTRIAL","scheme_cod":"IND06","investment":4,"employment":13,"plotstatus":"Allotted","landallotementstatus":"SOLD","landallotementtype":"ALLOTTED","allotmentid":"YIND061216","allotment_date":1574361000000,"rate_of_allotment":6670,"lease_deed":"Y","possession":"Y","possession_date":1664476200000,"village_name":"Chakbirampur","khasra_no":"95","longitude":77.60966922,"latitude":28.21985828,"authority":"YEIDA","category":"industrial","execution_stage":"possession-recorded"}},{"type":"Feature","geometry":{"type":"Polygon","coordinates":[[[77.610105,28.217494],[77.610106,28.21772],[77.609984,28.21772],[77.609983,28.217494],[77.610105,28.217494]]]},"properties":{"objectid":2402,"uniqueplotid":"PLNGINDUSTRIAL2402","plotmap_id":"SECTOR-32_860_GENERAL INDUSTRY_IND","plotidentificationnumber":"860","plotno":"860","industrysector":"SECTOR-32","block":"GENERAL INDUSTRY","plotsize":"300 SQMT","plotsize_at_the_time_of_allotme":"300 SQMT","plot_size_as_per_lease_plan":300,"landuse_type":"INDUSTRIAL","landuse_subcategory":"INDUSTRIAL","scheme_cod":"IND06","investment":3,"employment":9,"plotstatus":"Allotted","landallotementstatus":"SOLD","landallotementtype":"ALLOTTED","allotmentid":"YIND061096","allotment_date":1574361000000,"rate_of_allotment":6670,"lease_deed":"Y","possession":"N","village_name":"Chakbirampur","khasra_no":"101","longitude":77.61004433,"latitude":28.21760704,"authority":"YEIDA","category":"industrial","execution_stage":"lease-recorded"}},{"type":"Feature","geometry":{"type":"Polygon","coordinates":[[[77.610225,28.216826],[77.610226,28.217052],[77.610104,28.217052],[77.610103,28.216827],[77.610225,28.216826]]]},"properties":{"objectid":2403,"uniqueplotid":"PLNGINDUSTRIAL2403","plotmap_id":"SECTOR-32_997_GENERAL INDUSTRY_IND","plotidentificationnumber":"997","plotno":"997","industrysector":"SECTOR-32","block":"GENERAL INDUSTRY","plotsize":"300 SQMT","plotsize_at_the_time_of_allotme":"300 SQMT","plot_size_as_per_lease_plan":300,"landuse_type":"INDUSTRIAL","landuse_subcategory":"INDUSTRIAL","scheme_cod":"IND06","investment":3,"employment":9,"plotstatus":"Allotted","landallotementstatus":"SOLD","landallotementtype":"ALLOTTED","allotmentid":"YIND061144","allotment_date":1574361000000,"rate_of_allotment":6670,"lease_deed":"Y","possession":"Y","possession_date":1733855400000,"village_name":"Chakbirampur","khasra_no":"104,101,105,100","longitude":77.61016453,"latitude":28.216939319999998,"authority":"YEIDA","category":"industrial","execution_stage":"possession-recorded"}},{"type":"Feature","geometry":{"type":"Polygon","coordinates":[[[77.606393,28.222684],[77.606394,28.222942],[77.606151,28.222942],[77.606149,28.222401],[77.606393,28.2224],[77.606393,28.222684]]]},"properties":{"objectid":2406,"uniqueplotid":"PLNGINDUSTRIAL2406","plotmap_id":"SECTOR-32_30_GENERAL INDUSTRY_IND","plotidentificationnumber":"30","plotno":"30","industrysector":"SECTOR-32","block":"GENERAL INDUSTRY","plotsize":"1800 SQMT","plotsize_at_the_time_of_allotme":"1800 SQMT","landuse_type":"INDUSTRIAL","landuse_subcategory":"INDUSTRIAL","scheme_cod":"IND01","investment":14,"employment":48,"plotstatus":"Allotted","landallotementstatus":"SOLD","landallotementtype":"ALLOTTED","allotmentid":"YIND010415","allotment_date":1388601000000,"rate_of_allotment":6050,"lease_deed":"N","possession":"N","village_name":"Chakbirampur","khasra_no":"85","longitude":77.60627172,"latitude":28.22267123,"authority":"YEIDA","category":"industrial","execution_stage":"allotted"}},{"type":"Feature","geometry":{"type":"Polygon","coordinates":[[[77.608218,28.219726],[77.608218,28.219997],[77.608066,28.219997],[77.608065,28.219727],[77.608218,28.219726]]]},"properties":{"objectid":2407,"uniqueplotid":"PLNGINDUSTRIAL2407","plotmap_id":"SECTOR-32_510_GENERAL INDUSTRY_IND","plotidentificationnumber":"510","plotno":"510","industrysector":"SECTOR-32","block":"GENERAL INDUSTRY","plotsize":"450 SQMT","plotsize_at_the_time_of_allotme":"450 SQMT","landuse_type":"INDUSTRIAL","landuse_subcategory":"INDUSTRIAL","scheme_cod":"IND06","investment":4,"employment":13,"plotstatus":"Allotted","landallotementstatus":"SOLD","landallotementtype":"ALLOTTED","allotmentid":"YIND061186","allotment_date":1574361000000,"rate_of_allotment":6670,"lease_deed":"Y","possession":"Y","possession_date":1727202600000,"village_name":"Chakbirampur","khasra_no":"81,80,94,82","longitude":77.60814167,"latitude":28.219861859999998,"authority":"YEIDA","category":"industrial","execution_stage":"possession-recorded"}},{"type":"Feature","geometry":{"type":"Polygon","coordinates":[[[77.609742,28.218695],[77.609743,28.218965],[77.60959,28.218966],[77.609589,28.218695],[77.609742,28.218695]]]},"properties":{"objectid":2411,"uniqueplotid":"PLNGINDUSTRIAL2411","plotmap_id":"SECTOR-32_637_GENERAL INDUSTRY_IND","plotidentificationnumber":"637","plotno":"637","industrysector":"SECTOR-32","block":"GENERAL INDUSTRY","plotsize":"450 SQMT","plotsize_at_the_time_of_allotme":"450 SQMT","landuse_type":"INDUSTRIAL","landuse_subcategory":"INDUSTRIAL","scheme_cod":"IND06","investment":4,"employment":13,"plotstatus":"Allotted","landallotementstatus":"SOLD","landallotementtype":"ALLOTTED","allotmentid":"YIND061296","allotment_date":1574361000000,"rate_of_allotment":6670,"lease_deed":"N","possession":"N","village_name":"Chakbirampur","khasra_no":"95","longitude":77.60966612,"latitude":28.218830070000003,"authority":"YEIDA","category":"industrial","execution_stage":"allotted"}},{"type":"Feature","geometry":{"type":"Polygon","coordinates":[[[77.60986,28.217269],[77.609861,28.217495],[77.609738,28.217495],[77.609738,28.21727],[77.60986,28.217269]]]},"properties":{"objectid":2413,"uniqueplotid":"PLNGINDUSTRIAL2413","plotmap_id":"SECTOR-32_867_GENERAL INDUSTRY_IND","plotidentificationnumber":"867","plotno":"867","industrysector":"SECTOR-32","block":"GENERAL INDUSTRY","plotsize":"300 SQMT","plotsize_at_the_time_of_allotme":"300 SQMT","plot_size_as_per_lease_plan":300,"landuse_type":"INDUSTRIAL","landuse_subcategory":"INDUSTRIAL","scheme_cod":"IND06","investment":3,"employment":9,"plotstatus":"Allotted","landallotementstatus":"SOLD","landallotementtype":"ALLOTTED","allotmentid":"YIND061074","allotment_date":1574361000000,"rate_of_allotment":6670,"lease_deed":"Y","possession":"Y","possession_date":-1436419800000,"village_name":"Chakbirampur","khasra_no":"101","longitude":77.60979925000001,"latitude":28.21738213,"authority":"YEIDA","category":"industrial","execution_stage":"possession-recorded"}},{"type":"Feature","geometry":{"type":"Polygon","coordinates":[[[77.606384,28.221291],[77.606385,28.221517],[77.606262,28.221517],[77.606262,28.221291],[77.606384,28.221291]]]},"properties":{"objectid":2414,"uniqueplotid":"PLNGINDUSTRIAL2414","plotmap_id":"SECTOR-32_282_GENERAL INDUSTRY_IND","plotidentificationnumber":"282","plotno":"282","industrysector":"SECTOR-32","block":"GENERAL INDUSTRY","plotsize":"300 SQMT","plotsize_at_the_time_of_allotme":"300 SQMT","landuse_type":"INDUSTRIAL","landuse_subcategory":"INDUSTRIAL","scheme_cod":"IND02","investment":5,"employment":18,"plotstatus":"Allotted","landallotementstatus":"SOLD","landallotementtype":"ALLOTTED","allotmentid":"YIND021222","allotment_date":1442255400000,"rate_of_allotment":6100,"lease_deed":"Y","possession":"Y","possession_date":1722364200000,"village_name":"Chakbirampur","khasra_no":"85,81,87","longitude":77.60632322000001,"latitude":28.22140392,"authority":"YEIDA","category":"industrial","execution_stage":"possession-recorded"}},{"type":"Feature","geometry":{"type":"Polygon","coordinates":[[[77.606508,28.221958],[77.606509,28.222184],[77.606387,28.222184],[77.606386,28.221958],[77.606508,28.221958]]]},"properties":{"objectid":2418,"uniqueplotid":"PLNGINDUSTRIAL2418","plotmap_id":"SECTOR-32_147_GENERAL INDUSTRY_IND","plotidentificationnumber":"147","plotno":"147","industrysector":"SECTOR-32","block":"GENERAL INDUSTRY","plotsize":"300 SQMT","plotsize_at_the_time_of_allotme":"300 SQMT","landuse_type":"INDUSTRIAL","landuse_subcategory":"INDUSTRIAL","scheme_cod":"IND02","investment":5,"employment":18,"plotstatus":"Allotted","landallotementstatus":"SOLD","landallotementtype":"ALLOTTED","allotmentid":"YIND021339","allotment_date":1442255400000,"rate_of_allotment":6100,"lease_deed":"Y","possession":"Y","possession_date":1653935400000,"village_name":"Chakbirampur","khasra_no":"85","longitude":77.60644742999999,"latitude":28.222071040000003,"authority":"YEIDA","category":"industrial","execution_stage":"possession-recorded"}},{"type":"Feature","geometry":{"type":"Polygon","coordinates":[[[77.607661,28.2175],[77.607662,28.217725],[77.607539,28.217726],[77.607539,28.2175],[77.607661,28.2175]]]},"properties":{"objectid":2422,"uniqueplotid":"PLNGINDUSTRIAL2422","plotmap_id":"SECTOR-32_840_GENERAL INDUSTRY_IND","plotidentificationnumber":"840","plotno":"840","industrysector":"SECTOR-32","block":"GENERAL INDUSTRY","plotsize":"300 SQMT","plotsize_at_the_time_of_allotme":"300 SQMT","plot_size_as_per_lease_plan":300,"landuse_type":"INDUSTRIAL","landuse_subcategory":"INDUSTRIAL","scheme_cod":"IND02","investment":5,"employment":18,"plotstatus":"Allotted","landallotementstatus":"SOLD","landallotementtype":"ALLOTTED","allotmentid":"YIND021191","allotment_date":1442255400000,"rate_of_allotment":6100,"lease_deed":"Y","possession":"Y","possession_date":1716834600000,"village_name":"Chakbirampur","khasra_no":"125,124,117,126","longitude":77.60760025,"latitude":28.21761278,"authority":"YEIDA","category":"industrial","execution_stage":"possession-recorded"}},{"type":"Feature","geometry":{"type":"Polygon","coordinates":[[[77.617908,28.224212],[77.61791,28.224482],[77.617299,28.224484],[77.617298,28.224214],[77.617908,28.224212]]]},"properties":{"objectid":2426,"uniqueplotid":"PLNGINDUSTRIAL2426","plotmap_id":"SECTOR-32_1126_GENERAL INDUSTRY_IND","plotidentificationnumber":"1126","plotno":"1126","industrysector":"SECTOR-32","block":"GENERAL INDUSTRY","plotsize":"1800 SQMT","plotsize_at_the_time_of_allotme":"1800 SQMT","landuse_type":"INDUSTRIAL","landuse_subcategory":"INDUSTRIAL","scheme_cod":"IND06","investment":15,"employment":53,"plotstatus":"Allotted","landallotementstatus":"SOLD","landallotementtype":"ALLOTTED","allotmentid":"YIND061456","allotment_date":1574361000000,"rate_of_allotment":6670,"lease_deed":"N","possession":"N","village_name":"Muradgarhi,Birampur","khasra_no":"1,2,4,183,187,186,188","longitude":77.61760482,"latitude":28.22434856,"authority":"YEIDA","category":"industrial","execution_stage":"allotted"}},{"type":"Feature","geometry":{"type":"Polygon","coordinates":[[[77.606013,28.219732],[77.606013,28.220002],[77.605861,28.220002],[77.60586,28.219732],[77.606013,28.219732]]]},"properties":{"objectid":2428,"uniqueplotid":"PLNGINDUSTRIAL2428","plotmap_id":"SECTOR-32_498_GENERAL INDUSTRY_IND","plotidentificationnumber":"498","plotno":"498","industrysector":"SECTOR-32","block":"GENERAL INDUSTRY","plotsize":"450 SQMT","plotsize_at_the_time_of_allotme":"450 SQMT","landuse_type":"INDUSTRIAL","landuse_subcategory":"INDUSTRIAL","scheme_cod":"IND01","investment":3,"employment":12,"plotstatus":"Allotted","landallotementstatus":"SOLD","landallotementtype":"ALLOTTED","allotmentid":"YIND010506","allotment_date":1442255400000,"rate_of_allotment":6100,"lease_deed":"Y","possession":"Y","possession_date":1647973800000,"village_name":"Chakbirampur","khasra_no":"89","longitude":77.60593671000001,"latitude":28.21986703,"authority":"YEIDA","category":"industrial","execution_stage":"possession-recorded"}},{"type":"Feature","geometry":{"type":"Polygon","coordinates":[[[77.611216,28.221157],[77.611217,28.221428],[77.610606,28.221429],[77.610605,28.221158],[77.611216,28.221157]]]},"properties":{"objectid":2432,"uniqueplotid":"PLNGINDUSTRIAL2432","plotmap_id":"SECTOR-32_1117_GENERAL INDUSTRY_IND","plotidentificationnumber":"1117","plotno":"1117","industrysector":"SECTOR-32","block":"GENERAL INDUSTRY","plotsize":"1800 SQMT","plotsize_at_the_time_of_allotme":"1800 SQMT","plot_size_as_per_lease_plan":1800,"landuse_type":"INDUSTRIAL","landuse_subcategory":"INDUSTRIAL","scheme_cod":"IND06","investment":15,"employment":53,"plotstatus":"Allotted","landallotementstatus":"SOLD","landallotementtype":"ALLOTTED","allotmentid":"YIND061473","allotment_date":1574361000000,"rate_of_allotment":6670,"lease_deed":"Y","possession":"Y","possession_date":1706639400000,"village_name":"Chakbirampur","khasra_no":"73,40,41,71","longitude":77.61094289,"latitude":28.22127076,"authority":"YEIDA","category":"industrial","execution_stage":"possession-recorded"}},{"type":"Feature","geometry":{"type":"Polygon","coordinates":[[[77.605773,28.221292],[77.605774,28.221518],[77.605651,28.221518],[77.605651,28.221293],[77.605773,28.221292]]]},"properties":{"objectid":2436,"uniqueplotid":"PLNGINDUSTRIAL2436","plotmap_id":"SECTOR-32_277_GENERAL INDUSTRY_IND","plotidentificationnumber":"277","plotno":"277","industrysector":"SECTOR-32","block":"GENERAL INDUSTRY","plotsize":"300 SQMT","plotsize_at_the_time_of_allotme":"300 SQMT","landuse_type":"INDUSTRIAL","landuse_subcategory":"INDUSTRIAL","scheme_cod":"IND02","investment":5,"employment":18,"plotstatus":"Allotted","landallotementstatus":"SOLD","landallotementtype":"ALLOTTED","allotmentid":"YIND021105","allotment_date":1442255400000,"rate_of_allotment":6100,"lease_deed":"Y","possession":"N","village_name":"Chakbirampur","khasra_no":"85","longitude":77.6057122,"latitude":28.221405349999998,"authority":"YEIDA","category":"industrial","execution_stage":"lease-recorded"}},{"type":"Feature","geometry":{"type":"Polygon","coordinates":[[[77.608976,28.217939],[77.608977,28.218209],[77.608824,28.21821],[77.608823,28.217939],[77.608976,28.217939]]]},"properties":{"objectid":2437,"uniqueplotid":"PLNGINDUSTRIAL2437","plotmap_id":"SECTOR-32_750_GENERAL INDUSTRY_IND","plotidentificationnumber":"750","plotno":"750","industrysector":"SECTOR-32","block":"GENERAL INDUSTRY","plotsize":"450 SQMT","plotsize_at_the_time_of_allotme":"450 SQMT","plot_size_as_per_lease_plan":450,"landuse_type":"INDUSTRIAL","landuse_subcategory":"INDUSTRIAL","scheme_cod":"IND12","investment":181,"employment":82,"plot_total_employment":"80","plotstatus":"Allotted","landallotementstatus":"SOLD","landallotementtype":"ALLOTTED","allotmentid":"YIND120027","allotment_date":1701109800000,"rate_of_allotment":13542,"lease_deed":"Y","lease_deed_date":1748543400000,"village_name":"Chakbirampur","khasra_no":"96,122,101","longitude":77.60890007,"latitude":28.21807423,"authority":"YEIDA","category":"industrial","execution_stage":"lease-recorded"}},{"type":"Feature","geometry":{"type":"Polygon","coordinates":[[[77.61036,28.221056],[77.610361,28.221282],[77.610239,28.221282],[77.610238,28.221057],[77.61036,28.221056]]]},"properties":{"objectid":2439,"uniqueplotid":"PLNGINDUSTRIAL2439","plotmap_id":"SECTOR-32_313_GENERAL INDUSTRY_IND","plotidentificationnumber":"313","plotno":"313","industrysector":"SECTOR-32","block":"GENERAL INDUSTRY","plotsize":"300 SQMT","plotsize_at_the_time_of_allotme":"300 SQMT","landuse_type":"INDUSTRIAL","landuse_subcategory":"INDUSTRIAL","scheme_cod":"IND04","investment":5,"employment":18,"plotstatus":"Allotted","landallotementstatus":"SOLD","landallotementtype":"ALLOTTED","allotmentid":"YIND041036","allotment_date":1546972200000,"rate_of_allotment":6405,"lease_deed":"N","possession":"N","village_name":"Chakbirampur","khasra_no":"71","longitude":77.61029946000001,"latitude":28.2211691,"authority":"YEIDA","category":"industrial","execution_stage":"allotted"}},{"type":"Feature","geometry":{"type":"Polygon","coordinates":[[[77.609861,28.217495],[77.609861,28.21772],[77.609739,28.217721],[77.609738,28.217495],[77.609861,28.217495]]]},"properties":{"objectid":2440,"uniqueplotid":"PLNGINDUSTRIAL2440","plotmap_id":"SECTOR-32_858_GENERAL INDUSTRY_IND","plotidentificationnumber":"858","plotno":"858","industrysector":"SECTOR-32","block":"GENERAL INDUSTRY","plotsize":"300 SQMT","plotsize_at_the_time_of_allotme":"300 SQMT","plot_size_as_per_lease_plan":300,"landuse_type":"INDUSTRIAL","landuse_subcategory":"INDUSTRIAL","scheme_cod":"IND06","investment":3,"employment":9,"plotstatus":"Allotted","landallotementstatus":"SOLD","landallotementtype":"ALLOTTED","allotmentid":"YIND061151","allotment_date":1574361000000,"rate_of_allotment":6670,"lease_deed":"Y","possession":"Y","possession_date":1679596200000,"village_name":"Chakbirampur","khasra_no":"101","longitude":77.60979993000001,"latitude":28.217607620000003,"authority":"YEIDA","category":"industrial","execution_stage":"possession-recorded"}},{"type":"Feature","geometry":{"type":"Polygon","coordinates":[[[77.605547,28.220535],[77.605548,28.220851],[77.605374,28.220851],[77.605374,28.220536],[77.605547,28.220535]]]},"properties":{"objectid":2442,"uniqueplotid":"PLNGINDUSTRIAL2442","plotmap_id":"SECTOR-32_402_GENERAL INDUSTRY_IND","plotidentificationnumber":"402","plotno":"402","industrysector":"SECTOR-32","block":"GENERAL INDUSTRY","plotsize":"595 SQMT","plotsize_at_the_time_of_allotme":"595 SQMT","plot_size_as_per_lease_plan":595,"landuse_type":"INDUSTRIAL","landuse_subcategory":"INDUSTRIAL","scheme_cod":"IND04","investment":5,"employment":17,"plotstatus":"Allotted","landallotementstatus":"SOLD","landallotementtype":"ALLOTTED","allotmentid":"YIND041088","allotment_date":1546972200000,"rate_of_allotment":6405,"lease_deed":"Y","possession":"N","village_name":"Chakbirampur","khasra_no":"89,87,86","longitude":77.60546056,"latitude":28.22069342,"authority":"YEIDA","category":"industrial","execution_stage":"lease-recorded"}},{"type":"Feature","geometry":{"type":"Polygon","coordinates":[[[77.605515,28.216837],[77.605516,28.217063],[77.605394,28.217063],[77.605393,28.216838],[77.605515,28.216837]]]},"properties":{"objectid":2443,"uniqueplotid":"PLNGINDUSTRIAL2443","plotmap_id":"SECTOR-32_961_GENERAL INDUSTRY_IND","plotidentificationnumber":"961","plotno":"961","industrysector":"SECTOR-32","block":"GENERAL INDUSTRY","plotsize":"300 SQMT","plotsize_at_the_time_of_allotme":"300 SQMT","plot_size_as_per_lease_plan":300,"landuse_type":"INDUSTRIAL","landuse_subcategory":"INDUSTRIAL","scheme_cod":"IND02","investment":5,"employment":18,"plotstatus":"Allotted","landallotementstatus":"SOLD","landallotementtype":"ALLOTTED","allotmentid":"YIND021106","allotment_date":1442255400000,"rate_of_allotment":6100,"lease_deed":"Y","possession":"N","village_name":"Chakbirampur","khasra_no":"145,146","longitude":77.60545438,"latitude":28.21695037,"authority":"YEIDA","category":"industrial","execution_stage":"lease-recorded"}},{"type":"Feature","geometry":{"type":"Polygon","coordinates":[[[77.606238,28.220218],[77.606239,28.220534],[77.606066,28.220534],[77.606065,28.220218],[77.606238,28.220218]]]},"properties":{"objectid":2444,"uniqueplotid":"PLNGINDUSTRIAL2444","plotmap_id":"SECTOR-32_445_GENERAL INDUSTRY_IND","plotidentificationnumber":"445","plotno":"445","industrysector":"SECTOR-32","block":"GENERAL INDUSTRY","plotsize":"595 SQMT","plotsize_at_the_time_of_allotme":"595 SQMT","landuse_type":"INDUSTRIAL","landuse_subcategory":"INDUSTRIAL","scheme_cod":"IND02","investment":5,"employment":16,"plotstatus":"Allotted","landallotementstatus":"SOLD","landallotementtype":"ALLOTTED","allotmentid":"YIND021434","allotment_date":1442255400000,"rate_of_allotment":6100,"lease_deed":"N","possession":"N","village_name":"Chakbirampur","khasra_no":"89","longitude":77.6061521,"latitude":28.22037612,"authority":"YEIDA","category":"industrial","execution_stage":"allotted"}},{"type":"Feature","geometry":{"type":"Polygon","coordinates":[[[77.606162,28.218703],[77.606163,28.218974],[77.60601,28.218974],[77.60601,28.218703],[77.606162,28.218703]]]},"properties":{"objectid":2445,"uniqueplotid":"PLNGINDUSTRIAL2445","plotmap_id":"SECTOR-32_658_GENERAL INDUSTRY_IND","plotidentificationnumber":"658","plotno":"658","industrysector":"SECTOR-32","block":"GENERAL INDUSTRY","plotsize":"450 SQMT","plotsize_at_the_time_of_allotme":"450 SQMT","landuse_type":"INDUSTRIAL","landuse_subcategory":"INDUSTRIAL","scheme_cod":"IND03","investment":4,"employment":13,"plotstatus":"Allotted","landallotementstatus":"SOLD","landallotementtype":"ALLOTTED","allotmentid":"YIND031034","allotment_date":1483381800000,"rate_of_allotment":6405,"lease_deed":"N","possession":"N","village_name":"Chakbirampur","khasra_no":"89,91","longitude":77.60608637,"latitude":28.218838480000002,"authority":"YEIDA","category":"industrial","execution_stage":"allotted"}},{"type":"Feature","geometry":{"type":"Polygon","coordinates":[[[77.609752,28.221951],[77.609753,28.222176],[77.60963,28.222176],[77.60963,28.221951],[77.609752,28.221951]]]},"properties":{"objectid":2446,"uniqueplotid":"PLNGINDUSTRIAL2446","plotmap_id":"SECTOR-32_171_GENERAL INDUSTRY_IND","plotidentificationnumber":"171","plotno":"171","industrysector":"SECTOR-32","block":"GENERAL INDUSTRY","plotsize":"300 SQMT","plotsize_at_the_time_of_allotme":"300 SQMT","plot_size_as_per_lease_plan":300,"landuse_type":"INDUSTRIAL","landuse_subcategory":"INDUSTRIAL","scheme_cod":"IND06","investment":3,"employment":9,"plot_total_employment":"47","plotstatus":"Allotted","landallotementstatus":"SOLD","landallotementtype":"ALLOTTED","allotmentid":"YIND061174","allotment_date":1574361000000,"rate_of_allotment":6670,"lease_deed":"Y","lease_deed_date":1748543400000,"possession":"N","village_name":"Muradgarhi,Chakbirampur","khasra_no":"75,241,240,239","longitude":77.60969113,"latitude":28.222063430000002,"authority":"YEIDA","category":"industrial","execution_stage":"lease-recorded"}},{"type":"Feature","geometry":{"type":"Polygon","coordinates":[[[77.605857,28.218704],[77.605858,28.218974],[77.605705,28.218975],[77.605704,28.218704],[77.605857,28.218704]]]},"properties":{"objectid":2447,"uniqueplotid":"PLNGINDUSTRIAL2447","plotmap_id":"SECTOR-32_660_GENERAL INDUSTRY_IND","plotidentificationnumber":"660","plotno":"660","industrysector":"SECTOR-32","block":"GENERAL INDUSTRY","plotsize":"450 SQMT","plotsize_at_the_time_of_allotme":"450 SQMT","landuse_type":"INDUSTRIAL","landuse_subcategory":"INDUSTRIAL","scheme_cod":"IND06","investment":4,"employment":13,"plotstatus":"Allotted","landallotementstatus":"SOLD","landallotementtype":"ALLOTTED","allotmentid":"YIND061288","allotment_date":1574361000000,"rate_of_allotment":6670,"lease_deed":"Y","possession":"Y","possession_date":1712687400000,"village_name":"Chakbirampur","khasra_no":"90,89","longitude":77.60578086,"latitude":28.21883919,"authority":"YEIDA","category":"industrial","execution_stage":"possession-recorded"}},{"type":"Feature","geometry":{"type":"Polygon","coordinates":[[[77.605844,28.222402],[77.605845,28.222943],[77.60554,28.222944],[77.605538,28.222402],[77.605844,28.222402]]]},"properties":{"objectid":2450,"uniqueplotid":"PLNGINDUSTRIAL2450","plotmap_id":"SECTOR-32_28_GENERAL INDUSTRY_IND","plotidentificationnumber":"28","plotno":"28","industrysector":"SECTOR-32","block":"GENERAL INDUSTRY","plotsize":"1800 SQMT","plotsize_at_the_time_of_allotme":"1800 SQMT","landuse_type":"INDUSTRIAL","landuse_subcategory":"INDUSTRIAL","scheme_cod":"IND06","investment":15,"employment":53,"plotstatus":"Allotted","landallotementstatus":"SOLD","landallotementtype":"ALLOTTED","allotmentid":"YIND061462","allotment_date":1574361000000,"rate_of_allotment":6670,"lease_deed":"N","possession":"N","village_name":"Muradgarhi,Chakbirampur","khasra_no":"85,489,488","longitude":77.60569179,"latitude":28.22267259,"authority":"YEIDA","category":"industrial","execution_stage":"allotted"}},{"type":"Feature","geometry":{"type":"Polygon","coordinates":[[[77.60625,28.217278],[77.60625,28.217503],[77.606128,28.217503],[77.606127,28.217278],[77.60625,28.217278]]]},"properties":{"objectid":2451,"uniqueplotid":"PLNGINDUSTRIAL2451","plotmap_id":"SECTOR-32_894_GENERAL INDUSTRY_IND","plotidentificationnumber":"894","plotno":"894","industrysector":"SECTOR-32","block":"GENERAL INDUSTRY","plotsize":"300 SQMT","plotsize_at_the_time_of_allotme":"300 SQMT","plot_size_as_per_lease_plan":300,"landuse_type":"INDUSTRIAL","landuse_subcategory":"INDUSTRIAL","scheme_cod":"IND05","investment":5,"employment":18,"plotstatus":"Allotted","landallotementstatus":"SOLD","landallotementtype":"ALLOTTED","allotmentid":"YIND051003","allotment_date":1542565800000,"rate_of_allotment":6405,"lease_deed":"Y","possession":"Y","possession_date":1688581800000,"village_name":"Chakbirampur","khasra_no":"147","longitude":77.60618894,"latitude":28.217390610000002,"authority":"YEIDA","category":"industrial","execution_stage":"possession-recorded"}},{"type":"Feature","geometry":{"type":"Polygon","coordinates":[[[77.607659,28.216832],[77.60766,28.217058],[77.607537,28.217058],[77.607537,28.216833],[77.607659,28.216832]]]},"properties":{"objectid":2454,"uniqueplotid":"PLNGINDUSTRIAL2454","plotmap_id":"SECTOR-32_976_GENERAL INDUSTRY_IND","plotidentificationnumber":"976","plotno":"976","industrysector":"SECTOR-32","block":"GENERAL INDUSTRY","plotsize":"300 SQMT","plotsize_at_the_time_of_allotme":"300 SQMT","plot_size_as_per_lease_plan":300,"landuse_type":"INDUSTRIAL","landuse_subcategory":"INDUSTRIAL","scheme_cod":"IND02","investment":5,"employment":18,"plotstatus":"Allotted","landallotementstatus":"SOLD","landallotementtype":"ALLOTTED","allotmentid":"YIND021233","allotment_date":1442255400000,"rate_of_allotment":6100,"lease_deed":"Y","possession":"Y","possession_date":1714329000000,"village_name":"Chakbirampur","khasra_no":"117","longitude":77.60759824,"latitude":28.21694534,"authority":"YEIDA","category":"industrial","execution_stage":"possession-recorded"}},{"type":"Feature","geometry":{"type":"Polygon","coordinates":[[[77.607924,28.223763],[77.607925,28.224033],[77.607314,28.224035],[77.607313,28.223764],[77.607924,28.223763]]]},"properties":{"objectid":2462,"uniqueplotid":"PLNGINDUSTRIAL2462","plotmap_id":"SECTOR-32_39_GENERAL INDUSTRY_IND","plotidentificationnumber":"39","plotno":"39","industrysector":"SECTOR-32","block":"GENERAL INDUSTRY","plotsize":"1800 SQMT","plotsize_at_the_time_of_allotme":"1800 SQMT","landuse_type":"INDUSTRIAL","landuse_subcategory":"INDUSTRIAL","scheme_cod":"IND01","investment":14,"employment":48,"plotstatus":"Allotted","landallotementstatus":"SOLD","landallotementtype":"ALLOTTED","allotmentid":"YIND010426","allotment_date":1388601000000,"rate_of_allotment":6050,"lease_deed":"N","possession":"N","village_name":"Muradgarhi","khasra_no":"247,248","longitude":77.60761914000001,"latitude":28.22389887,"authority":"YEIDA","category":"industrial","execution_stage":"allotted"}},{"type":"Feature","geometry":{"type":"Polygon","coordinates":[[[77.610359,28.220524],[77.61036,28.22084],[77.610186,28.22084],[77.610186,28.220524],[77.610359,28.220524]]]},"properties":{"objectid":2465,"uniqueplotid":"PLNGINDUSTRIAL2465","plotmap_id":"SECTOR-32_425_GENERAL INDUSTRY_IND","plotidentificationnumber":"425","plotno":"425","industrysector":"SECTOR-32","block":"GENERAL INDUSTRY","plotsize":"595 SQMT","plotsize_at_the_time_of_allotme":"595 SQMT","plot_size_as_per_lease_plan":587.16,"landuse_type":"INDUSTRIAL","landuse_subcategory":"INDUSTRIAL","scheme_cod":"IND02","investment":5,"employment":16,"plotstatus":"Allotted","landallotementstatus":"SOLD","landallotementtype":"ALLOTTED","allotmentid":"YIND021427","allotment_date":1442255400000,"rate_of_allotment":6100,"lease_deed":"Y","possession":"N","village_name":"Chakbirampur","khasra_no":"72,71","longitude":77.61027254000001,"latitude":28.22068213,"authority":"YEIDA","category":"industrial","execution_stage":"lease-recorded"}},{"type":"Feature","geometry":{"type":"Polygon","coordinates":[[[77.605721,28.220851],[77.605548,28.220851],[77.605547,28.220535],[77.60572,28.220535],[77.605721,28.220851]]]},"properties":{"objectid":2467,"uniqueplotid":"PLNGINDUSTRIAL2467","plotmap_id":"SECTOR-32_403_GENERAL INDUSTRY_IND","plotidentificationnumber":"403","plotno":"403","industrysector":"SECTOR-32","block":"GENERAL INDUSTRY","plotsize":"595 SQMT","plotsize_at_the_time_of_allotme":"595 SQMT","plot_size_as_per_lease_plan":595,"landuse_type":"INDUSTRIAL","landuse_subcategory":"INDUSTRIAL","scheme_cod":"IND02","investment":5,"employment":16,"plotstatus":"Allotted","landallotementstatus":"SOLD","landallotementtype":"ALLOTTED","allotmentid":"YIND021471","allotment_date":1442255400000,"rate_of_allotment":6100,"lease_deed":"Y","possession":"N","village_name":"Chakbirampur","khasra_no":"89","longitude":77.60563368,"latitude":28.22069301,"authority":"YEIDA","category":"industrial","execution_stage":"lease-recorded"}},{"type":"Feature","geometry":{"type":"Polygon","coordinates":[[[77.60565,28.221067],[77.605651,28.221293],[77.605529,28.221293],[77.605528,28.221068],[77.60565,28.221067]]]},"properties":{"objectid":2468,"uniqueplotid":"PLNGINDUSTRIAL2468","plotmap_id":"SECTOR-32_349_GENERAL INDUSTRY_IND","plotidentificationnumber":"349","plotno":"349","industrysector":"SECTOR-32","block":"GENERAL INDUSTRY","plotsize":"300 SQMT","plotsize_at_the_time_of_allotme":"300 SQMT","plot_size_as_per_lease_plan":300,"landuse_type":"INDUSTRIAL","landuse_subcategory":"INDUSTRIAL","scheme_cod":"IND02","investment":5,"employment":18,"plotstatus":"Allotted","landallotementstatus":"SOLD","landallotementtype":"ALLOTTED","allotmentid":"YIND021238","allotment_date":1442255400000,"rate_of_allotment":6100,"lease_deed":"Y","possession":"Y","possession_date":1691951400000,"village_name":"Chakbirampur","khasra_no":"85","longitude":77.60558932,"latitude":28.22118016,"authority":"YEIDA","category":"industrial","execution_stage":"possession-recorded"}},{"type":"Feature","geometry":{"type":"Polygon","coordinates":[[[77.609005,28.217271],[77.609005,28.217497],[77.608883,28.217497],[77.608882,28.217272],[77.609005,28.217271]]]},"properties":{"objectid":2470,"uniqueplotid":"PLNGINDUSTRIAL2470","plotmap_id":"SECTOR-32_874_GENERAL INDUSTRY_IND","plotidentificationnumber":"874","plotno":"874","industrysector":"SECTOR-32","block":"GENERAL INDUSTRY","plotsize":"300 SQMT","plotsize_at_the_time_of_allotme":"300 SQMT","plot_size_as_per_lease_plan":300,"landuse_type":"INDUSTRIAL","landuse_subcategory":"INDUSTRIAL","scheme_cod":"IND06","investment":3,"employment":9,"plotstatus":"Allotted","landallotementstatus":"SOLD","landallotementtype":"ALLOTTED","allotmentid":"YIND061141","allotment_date":1574361000000,"rate_of_allotment":6670,"lease_deed":"Y","possession":"Y","possession_date":1717871400000,"village_name":"Chakbirampur","khasra_no":"118,102,120","longitude":77.60894382000001,"latitude":28.21738414,"authority":"YEIDA","category":"industrial","execution_stage":"possession-recorded"}},{"type":"Feature","geometry":{"type":"Polygon","coordinates":[[[77.609996,28.22195],[77.609997,28.222175],[77.609875,28.222176],[77.609874,28.22195],[77.609996,28.22195]]]},"properties":{"objectid":2474,"uniqueplotid":"PLNGINDUSTRIAL2474","plotmap_id":"SECTOR-32_173_GENERAL INDUSTRY_IND","plotidentificationnumber":"173","plotno":"173","industrysector":"SECTOR-32","block":"GENERAL INDUSTRY","plotsize":"300 SQMT","plotsize_at_the_time_of_allotme":"300 SQMT","landuse_type":"INDUSTRIAL","landuse_subcategory":"INDUSTRIAL","scheme_cod":"IND02","investment":5,"employment":18,"plotstatus":"Allotted","landallotementstatus":"SOLD","landallotementtype":"ALLOTTED","allotmentid":"YIND021409","allotment_date":1442255400000,"rate_of_allotment":6100,"lease_deed":"Y","possession":"Y","possession_date":1631039400000,"map_sanctioned_from_planning":"Y","units_under_construction":"Y","village_name":"Muradgarhi,Chakbirampur","khasra_no":"75,239","longitude":77.60993554,"latitude":28.22206286,"authority":"YEIDA","category":"industrial","execution_stage":"construction-or-map-approval"}},{"type":"Feature","geometry":{"type":"Polygon","coordinates":[[[77.608285,28.221729],[77.608285,28.221954],[77.608163,28.221954],[77.608163,28.221729],[77.608285,28.221729]]]},"properties":{"objectid":2475,"uniqueplotid":"PLNGINDUSTRIAL2475","plotmap_id":"SECTOR-32_194_GENERAL INDUSTRY_IND","plotidentificationnumber":"194","plotno":"194","industrysector":"SECTOR-32","block":"GENERAL INDUSTRY","plotsize":"300 SQMT","plotsize_at_the_time_of_allotme":"300 SQMT","plot_size_as_per_lease_plan":300,"landuse_type":"INDUSTRIAL","landuse_subcategory":"INDUSTRIAL","scheme_cod":"IND02","investment":5,"employment":18,"plotstatus":"Allotted","landallotementstatus":"SOLD","landallotementtype":"ALLOTTED","allotmentid":"YIND021026","allotment_date":1442255400000,"rate_of_allotment":6100,"lease_deed":"Y","possession":"N","village_name":"Chakbirampur","khasra_no":"83","longitude":77.60822399999999,"latitude":28.22184139,"authority":"YEIDA","category":"industrial","execution_stage":"lease-recorded"}},{"type":"Feature","geometry":{"type":"Polygon","coordinates":[[[77.610048,28.218694],[77.610048,28.218964],[77.609896,28.218965],[77.609895,28.218694],[77.610048,28.218694]]]},"properties":{"objectid":2477,"uniqueplotid":"PLNGINDUSTRIAL2477","plotmap_id":"SECTOR-32_635_GENERAL INDUSTRY_IND","plotidentificationnumber":"635","plotno":"635","industrysector":"SECTOR-32","block":"GENERAL INDUSTRY","plotsize":"450 SQMT","plotsize_at_the_time_of_allotme":"450 SQMT","landuse_type":"INDUSTRIAL","landuse_subcategory":"INDUSTRIAL","scheme_cod":"IND06","investment":4,"employment":13,"plotstatus":"Allotted","landallotementstatus":"SOLD","landallotementtype":"ALLOTTED","allotmentid":"YIND061232","allotment_date":1574361000000,"rate_of_allotment":6670,"lease_deed":"Y","possession":"Y","possession_date":1707071400000,"map_sanctioned_from_planning":"Y","village_name":"Chakbirampur","khasra_no":"96,95","longitude":77.60997162999999,"latitude":28.21882936,"authority":"YEIDA","category":"industrial","execution_stage":"construction-or-map-approval"}},{"type":"Feature","geometry":{"type":"Polygon","coordinates":[[[77.607783,28.217274],[77.607783,28.2175],[77.607661,28.2175],[77.60766,28.217274],[77.607783,28.217274]]]},"properties":{"objectid":2488,"uniqueplotid":"PLNGINDUSTRIAL2488","plotmap_id":"SECTOR-32_884_GENERAL INDUSTRY_IND","plotidentificationnumber":"884","plotno":"884","industrysector":"SECTOR-32","block":"GENERAL INDUSTRY","plotsize":"300 SQMT","plotsize_at_the_time_of_allotme":"300 SQMT","landuse_type":"INDUSTRIAL","landuse_subcategory":"INDUSTRIAL","scheme_cod":"IND05","investment":5,"employment":18,"plotstatus":"Allotted","landallotementstatus":"SOLD","landallotementtype":"ALLOTTED","allotmentid":"YIND051007","allotment_date":1542565800000,"rate_of_allotment":6405,"lease_deed":"Y","possession":"Y","possession_date":1693852200000,"village_name":"Chakbirampur","khasra_no":"125,117","longitude":77.60772177999999,"latitude":28.217387000000002,"authority":"YEIDA","category":"industrial","execution_stage":"possession-recorded"}},{"type":"Feature","geometry":{"type":"Polygon","coordinates":[[[77.611215,28.220887],[77.611216,28.221157],[77.610605,28.221158],[77.610604,28.220888],[77.611215,28.220887]]]},"properties":{"objectid":2495,"uniqueplotid":"PLNGINDUSTRIAL2495","plotmap_id":"SECTOR-32_1116_GENERAL INDUSTRY_IND","plotidentificationnumber":"1116","plotno":"1116","industrysector":"SECTOR-32","block":"GENERAL INDUSTRY","plotsize":"1800 SQMT","plotsize_at_the_time_of_allotme":"1800 SQMT","landuse_type":"INDUSTRIAL","landuse_subcategory":"INDUSTRIAL","scheme_cod":"IND03","investment":14,"employment":50,"plotstatus":"Allotted","landallotementstatus":"SOLD","landallotementtype":"ALLOTTED","allotmentid":"YIND031047","allotment_date":1483381800000,"rate_of_allotment":6405,"lease_deed":"N","possession":"N","village_name":"Chakbirampur","khasra_no":"73,40,41,71","longitude":77.61089429,"latitude":28.22100837,"authority":"YEIDA","category":"industrial","execution_stage":"allotted"}},{"type":"Feature","geometry":{"type":"Polygon","coordinates":[[[77.608514,28.220213],[77.608515,28.220528],[77.608342,28.220529],[77.608341,28.220213],[77.608514,28.220213]]]},"properties":{"objectid":2497,"uniqueplotid":"PLNGINDUSTRIAL2497","plotmap_id":"SECTOR-32_434_GENERAL INDUSTRY_IND","plotidentificationnumber":"434","plotno":"434","industrysector":"SECTOR-32","block":"GENERAL INDUSTRY","plotsize":"595 SQMT","plotsize_at_the_time_of_allotme":"595 SQMT","plot_size_as_per_lease_plan":595,"landuse_type":"INDUSTRIAL","landuse_subcategory":"INDUSTRIAL","scheme_cod":"IND06","investment":5,"employment":17,"plotstatus":"Allotted","landallotementstatus":"SOLD","landallotementtype":"ALLOTTED","allotmentid":"YIND061327","allotment_date":1574361000000,"rate_of_allotment":6670,"lease_deed":"Y","possession":"Y","possession_date":1727202600000,"village_name":"Chakbirampur","khasra_no":"82","longitude":77.60842834,"latitude":28.220370780000003,"authority":"YEIDA","category":"industrial","execution_stage":"possession-recorded"}},{"type":"Feature","geometry":{"type":"Polygon","coordinates":[[[77.608862,28.220528],[77.608863,28.220843],[77.608689,28.220844],[77.608689,28.220528],[77.608862,28.220528]]]},"properties":{"objectid":2498,"uniqueplotid":"PLNGINDUSTRIAL2498","plotmap_id":"SECTOR-32_419_GENERAL INDUSTRY_IND","plotidentificationnumber":"419","plotno":"419","industrysector":"SECTOR-32","block":"GENERAL INDUSTRY","plotsize":"595 SQMT","plotsize_at_the_time_of_allotme":"595 SQMT","plot_size_as_per_lease_plan":595,"landuse_type":"INDUSTRIAL","landuse_subcategory":"INDUSTRIAL","scheme_cod":"IND06","investment":5,"employment":17,"plotstatus":"Allotted","landallotementstatus":"SOLD","landallotementtype":"ALLOTTED","allotmentid":"YIND061309","allotment_date":1574361000000,"rate_of_allotment":6670,"lease_deed":"Y","possession":"Y","possession_date":1681842600000,"village_name":"Chakbirampur","khasra_no":"75,82,83","longitude":77.60877554,"latitude":28.220685640000003,"authority":"YEIDA","category":"industrial","execution_stage":"possession-recorded"}},{"type":"Feature","geometry":{"type":"Polygon","coordinates":[[[77.60963,28.221951],[77.60963,28.222176],[77.609508,28.222177],[77.609507,28.221951],[77.60963,28.221951]]]},"properties":{"objectid":2502,"uniqueplotid":"PLNGINDUSTRIAL2502","plotmap_id":"SECTOR-32_170_GENERAL INDUSTRY_IND","plotidentificationnumber":"170","plotno":"170","industrysector":"SECTOR-32","block":"GENERAL INDUSTRY","plotsize":"300 SQMT","plotsize_at_the_time_of_allotme":"300 SQMT","plot_size_as_per_lease_plan":300,"landuse_type":"INDUSTRIAL","landuse_subcategory":"INDUSTRIAL","scheme_cod":"IND06","investment":3,"employment":9,"plotstatus":"Allotted","landallotementstatus":"SOLD","landallotementtype":"ALLOTTED","allotmentid":"YIND061003","allotment_date":1574361000000,"rate_of_allotment":6670,"lease_deed":"Y","possession":"Y","possession_date":1684780200000,"map_sanctioned_from_planning":"Y","village_name":"Muradgarhi,Chakbirampur","khasra_no":"75,241","longitude":77.60956893,"latitude":28.22206372,"authority":"YEIDA","category":"industrial","execution_stage":"construction-or-map-approval"}},{"type":"Feature","geometry":{"type":"Polygon","coordinates":[[[77.608671,28.21821],[77.608672,28.218481],[77.608519,28.218481],[77.608519,28.21821],[77.608671,28.21821]]]},"properties":{"objectid":2503,"uniqueplotid":"PLNGINDUSTRIAL2503","plotmap_id":"SECTOR-32_729_GENERAL INDUSTRY_IND","plotidentificationnumber":"729","plotno":"729","industrysector":"SECTOR-32","block":"GENERAL INDUSTRY","plotsize":"450 SQMT","plotsize_at_the_time_of_allotme":"450 SQMT","landuse_type":"INDUSTRIAL","landuse_subcategory":"INDUSTRIAL","scheme_cod":"YEA/IND-LOP(2021)-10","investment":3,"employment":10,"plot_total_employment":"PRATAPGARH","projects_cost_in_lacs":138,"plotstatus":"Allotted","landallotementstatus":"SOLD","landallotementtype":"ALLOTTED","allotmentid":"YIND100027","allotment_date":1650565800000,"rate_of_allotment":7010,"lease_deed":"N","possession":"N","village_name":"Chakbirampur","khasra_no":"122,95","longitude":77.60859537,"latitude":28.21834553,"authority":"YEIDA","category":"industrial","execution_stage":"allotted"}},{"type":"Feature","geometry":{"type":"Polygon","coordinates":[[[77.610203,28.219451],[77.610203,28.219722],[77.610051,28.219722],[77.61005,28.219452],[77.610203,28.219451]]]},"properties":{"objectid":2504,"uniqueplotid":"PLNGINDUSTRIAL2504","plotmap_id":"SECTOR-32_526_GENERAL INDUSTRY_IND","plotidentificationnumber":"526","plotno":"526","industrysector":"SECTOR-32","block":"GENERAL INDUSTRY","plotsize":"450 SQMT","plotsize_at_the_time_of_allotme":"450 SQMT","plot_size_as_per_lease_plan":450,"landuse_type":"INDUSTRIAL","landuse_subcategory":"INDUSTRIAL","scheme_cod":"IND06","investment":4,"employment":13,"plotstatus":"Allotted","landallotementstatus":"SOLD","landallotementtype":"ALLOTTED","allotmentid":"YIND061247","allotment_date":1574361000000,"rate_of_allotment":6670,"lease_deed":"Y","possession":"Y","possession_date":1715711400000,"village_name":"Chakbirampur","khasra_no":"96,95","longitude":77.61012667,"latitude":28.21958662,"authority":"YEIDA","category":"industrial","execution_stage":"possession-recorded"}},{"type":"Feature","geometry":{"type":"Polygon","coordinates":[[[77.60853,28.221953],[77.608531,28.222179],[77.608408,28.222179],[77.608408,28.221954],[77.60853,28.221953]]]},"properties":{"objectid":2508,"uniqueplotid":"PLNGINDUSTRIAL2508","plotmap_id":"SECTOR-32_161_GENERAL INDUSTRY_IND","plotidentificationnumber":"161","plotno":"161","industrysector":"SECTOR-32","block":"GENERAL INDUSTRY","plotsize":"300 SQMT","plotsize_at_the_time_of_allotme":"300 SQMT","plot_size_as_per_lease_plan":300,"landuse_type":"INDUSTRIAL","landuse_subcategory":"INDUSTRIAL","scheme_cod":"IND05","investment":5,"employment":18,"plotstatus":"Allotted","landallotementstatus":"SOLD","landallotementtype":"ALLOTTED","allotmentid":"YIND051002","allotment_date":1542565800000,"rate_of_allotment":6405,"lease_deed":"Y","possession":"Y","possession_date":1677177000000,"village_name":"Muradgarhi,Chakbirampur","khasra_no":"83,241","longitude":77.60846909,"latitude":28.2220663,"authority":"YEIDA","category":"industrial","execution_stage":"possession-recorded"}},{"type":"Feature","geometry":{"type":"Polygon","coordinates":[[[77.60663,28.221958],[77.606631,28.222183],[77.606509,28.222184],[77.606508,28.221958],[77.60663,28.221958]]]},"properties":{"objectid":2512,"uniqueplotid":"PLNGINDUSTRIAL2512","plotmap_id":"SECTOR-32_148_GENERAL INDUSTRY_IND","plotidentificationnumber":"148","plotno":"148","industrysector":"SECTOR-32","block":"GENERAL INDUSTRY","plotsize":"300 SQMT","plotsize_at_the_time_of_allotme":"300 SQMT","plot_size_as_per_lease_plan":300,"landuse_type":"INDUSTRIAL","landuse_subcategory":"INDUSTRIAL","scheme_cod":"IND02","investment":5,"employment":18,"plotstatus":"Allotted","landallotementstatus":"SOLD","landallotementtype":"ALLOTTED","allotmentid":"YIND021335","allotment_date":1442255400000,"rate_of_allotment":6100,"lease_deed":"Y","possession":"N","village_name":"Chakbirampur","khasra_no":"85","longitude":77.60656964,"latitude":28.22207076,"authority":"YEIDA","category":"industrial","execution_stage":"lease-recorded"}},{"type":"Feature","geometry":{"type":"Polygon","coordinates":[[[77.611218,28.221698],[77.611218,28.221968],[77.610607,28.22197],[77.610607,28.221699],[77.611218,28.221698]]]},"properties":{"objectid":2514,"uniqueplotid":"PLNGINDUSTRIAL2514","plotmap_id":"SECTOR-32_1119_GENERAL INDUSTRY_IND","plotidentificationnumber":"1119","plotno":"1119","industrysector":"SECTOR-32","block":"GENERAL INDUSTRY","plotsize":"1800 SQMT","plotsize_at_the_time_of_allotme":"1800 SQMT","landuse_type":"INDUSTRIAL","landuse_subcategory":"INDUSTRIAL","scheme_cod":"IND06","investment":15,"employment":53,"plotstatus":"Allotted","landallotementstatus":"SOLD","landallotementtype":"ALLOTTED","allotmentid":"YIND061479","allotment_date":1574361000000,"rate_of_allotment":6670,"lease_deed":"N","possession":"N","village_name":"Chakbirampur","khasra_no":"39,40","longitude":77.61095805000001,"latitude":28.221804220000003,"authority":"YEIDA","category":"industrial","execution_stage":"allotted"}},{"type":"Feature","geometry":{"type":"Polygon","coordinates":[[[77.609859,28.216827],[77.609859,28.217053],[77.609737,28.217053],[77.609736,28.216828],[77.609859,28.216827]]]},"properties":{"objectid":2519,"uniqueplotid":"PLNGINDUSTRIAL2519","plotmap_id":"SECTOR-32_994_GENERAL INDUSTRY_IND","plotidentificationnumber":"994","plotno":"994","industrysector":"SECTOR-32","block":"GENERAL INDUSTRY","plotsize":"300 SQMT","plotsize_at_the_time_of_allotme":"300 SQMT","plot_size_as_per_lease_plan":300,"landuse_type":"INDUSTRIAL","landuse_subcategory":"INDUSTRIAL","scheme_cod":"IND06","investment":3,"employment":9,"plotstatus":"Allotted","landallotementstatus":"SOLD","landallotementtype":"ALLOTTED","allotmentid":"YIND061168","allotment_date":1574361000000,"rate_of_allotment":6670,"lease_deed":"Y","possession":"N","village_name":"Chakbirampur","khasra_no":"102,101","longitude":77.60979792,"latitude":28.216940179999998,"authority":"YEIDA","category":"industrial","execution_stage":"lease-recorded"}},{"type":"Feature","geometry":{"type":"Polygon","coordinates":[[[77.606313,28.217945],[77.606314,28.218216],[77.606161,28.218216],[77.60616,28.217945],[77.606313,28.217945]]]},"properties":{"objectid":2521,"uniqueplotid":"PLNGINDUSTRIAL2521","plotmap_id":"SECTOR-32_765_GENERAL INDUSTRY_IND","plotidentificationnumber":"765","plotno":"765","industrysector":"SECTOR-32","block":"GENERAL INDUSTRY","plotsize":"450 SQMT","plotsize_at_the_time_of_allotme":"450 SQMT","plot_size_as_per_lease_plan":450,"landuse_type":"INDUSTRIAL","landuse_subcategory":"INDUSTRIAL","scheme_cod":"IND07","investment":3,"employment":10,"plotstatus":"Allotted","landallotementstatus":"SOLD","landallotementtype":"ALLOTTED","allotmentid":"YIND071219","allotment_date":1625077800000,"rate_of_allotment":7010,"lease_deed":"Y","possession":"N","village_name":"Chakbirampur","khasra_no":"90,129,130","longitude":77.60623684000001,"latitude":28.21808049,"authority":"YEIDA","category":"industrial","execution_stage":"lease-recorded"}},{"type":"Feature","geometry":{"type":"Polygon","coordinates":[[[77.610239,28.221282],[77.610239,28.221507],[77.610117,28.221508],[77.610116,28.221282],[77.610239,28.221282]]]},"properties":{"objectid":2528,"uniqueplotid":"PLNGINDUSTRIAL2528","plotmap_id":"SECTOR-32_311_GENERAL INDUSTRY_IND","plotidentificationnumber":"311","plotno":"311","industrysector":"SECTOR-32","block":"GENERAL INDUSTRY","plotsize":"300 SQMT","plotsize_at_the_time_of_allotme":"300 SQMT","landuse_type":"INDUSTRIAL","landuse_subcategory":"INDUSTRIAL","scheme_cod":"IND03","investment":5,"employment":18,"plotstatus":"Allotted","landallotementstatus":"SOLD","landallotementtype":"ALLOTTED","allotmentid":"YIND031014","allotment_date":1483381800000,"rate_of_allotment":6405,"lease_deed":"Y","possession":"Y","possession_date":1654713000000,"village_name":"Chakbirampur","khasra_no":"75,71","longitude":77.61017794,"latitude":28.22139487,"authority":"YEIDA","category":"industrial","execution_stage":"possession-recorded"}},{"type":"Feature","geometry":{"type":"Polygon","coordinates":[[[77.608148,28.216831],[77.608149,28.217057],[77.608026,28.217057],[77.608026,28.216832],[77.608148,28.216831]]]},"properties":{"objectid":2529,"uniqueplotid":"PLNGINDUSTRIAL2529","plotmap_id":"SECTOR-32_980_GENERAL INDUSTRY_IND","plotidentificationnumber":"980","plotno":"980","industrysector":"SECTOR-32","block":"GENERAL INDUSTRY","plotsize":"300 SQMT","plotsize_at_the_time_of_allotme":"300 SQMT","plot_size_as_per_lease_plan":300,"landuse_type":"INDUSTRIAL","landuse_subcategory":"INDUSTRIAL","scheme_cod":"IND06","investment":3,"employment":9,"plotstatus":"Allotted","landallotementstatus":"SOLD","landallotementtype":"ALLOTTED","allotmentid":"YIND061083","allotment_date":1574361000000,"rate_of_allotment":6670,"lease_deed":"Y","possession":"Y","possession_date":1681929000000,"map_sanctioned_from_planning":"Y","village_name":"Chakbirampur","khasra_no":"103,117","longitude":77.60808706,"latitude":28.21694419,"authority":"YEIDA","category":"industrial","execution_stage":"construction-or-map-approval"}},{"type":"Feature","geometry":{"type":"Polygon","coordinates":[[[77.605704,28.218704],[77.605705,28.218975],[77.605552,28.218975],[77.605551,28.218704],[77.605704,28.218704]]]},"properties":{"objectid":2546,"uniqueplotid":"PLNGINDUSTRIAL2546","plotmap_id":"SECTOR-32_661_GENERAL INDUSTRY_IND","plotidentificationnumber":"661","plotno":"661","industrysector":"SECTOR-32","block":"GENERAL INDUSTRY","plotsize":"450 SQMT","plotsize_at_the_time_of_allotme":"450 SQMT","plot_size_as_per_lease_plan":450,"landuse_type":"INDUSTRIAL","landuse_subcategory":"INDUSTRIAL","scheme_cod":"IND06","investment":4,"employment":13,"plotstatus":"Allotted","landallotementstatus":"SOLD","landallotementtype":"ALLOTTED","allotmentid":"YIND061205","allotment_date":1574361000000,"rate_of_allotment":6670,"lease_deed":"Y","possession":"Y","possession_date":1684693800000,"village_name":"Chakbirampur","khasra_no":"90,89","longitude":77.60562809999999,"latitude":28.218839550000002,"authority":"YEIDA","category":"industrial","execution_stage":"possession-recorded"}},{"type":"Feature","geometry":{"type":"Polygon","coordinates":[[[77.617902,28.222859],[77.617903,28.223129],[77.617293,28.223132],[77.617292,28.222861],[77.617902,28.222859]]]},"properties":{"objectid":2550,"uniqueplotid":"PLNGINDUSTRIAL2550","plotmap_id":"SECTOR-32_1131_GENERAL INDUSTRY_IND","plotidentificationnumber":"1131","plotno":"1131","industrysector":"SECTOR-32","block":"GENERAL INDUSTRY","plotsize":"1800 SQMT","plotsize_at_the_time_of_allotme":"1800 SQMT","plot_size_as_per_lease_plan":1800,"landuse_type":"INDUSTRIAL","landuse_subcategory":"INDUSTRIAL","scheme_cod":"IND07","investment":11,"employment":40,"plotstatus":"Allotted","landallotementstatus":"SOLD","landallotementtype":"ALLOTTED","allotmentid":"YIND071339","allotment_date":1625077800000,"rate_of_allotment":7010,"lease_deed":"Y","possession":"N","village_name":"Birampur","khasra_no":"4","longitude":77.61759634,"latitude":28.22300575,"authority":"YEIDA","category":"industrial","execution_stage":"lease-recorded"}},{"type":"Feature","geometry":{"type":"Polygon","coordinates":[[[77.605517,28.217505],[77.605518,28.21773],[77.605396,28.217731],[77.605395,28.217505],[77.605517,28.217505]]]},"properties":{"objectid":2551,"uniqueplotid":"PLNGINDUSTRIAL2551","plotmap_id":"SECTOR-32_825_GENERAL INDUSTRY_IND","plotidentificationnumber":"825","plotno":"825","industrysector":"SECTOR-32","block":"GENERAL INDUSTRY","plotsize":"300 SQMT","plotsize_at_the_time_of_allotme":"300 SQMT","plot_size_as_per_lease_plan":303,"landuse_type":"INDUSTRIAL","landuse_subcategory":"INDUSTRIAL","scheme_cod":"IND06","investment":3,"employment":9,"plotstatus":"Allotted","landallotementstatus":"SOLD","landallotementtype":"ALLOTTED","allotmentid":"YIND061090","allotment_date":1574361000000,"rate_of_allotment":6670,"lease_deed":"Y","possession":"Y","possession_date":1717093800000,"village_name":"Chakbirampur","khasra_no":"134","longitude":77.60545639,"latitude":28.21761781,"authority":"YEIDA","category":"industrial","execution_stage":"possession-recorded"}},{"type":"Feature","geometry":{"type":"Polygon","coordinates":[[[77.606411,28.220218],[77.606412,28.220533],[77.606239,28.220534],[77.606238,28.220218],[77.606411,28.220218]]]},"properties":{"objectid":2554,"uniqueplotid":"PLNGINDUSTRIAL2554","plotmap_id":"SECTOR-32_444_GENERAL INDUSTRY_IND","plotidentificationnumber":"444","plotno":"444","industrysector":"SECTOR-32","block":"GENERAL INDUSTRY","plotsize":"595 SQMT","plotsize_at_the_time_of_allotme":"595 SQMT","plot_size_as_per_lease_plan":595,"landuse_type":"INDUSTRIAL","landuse_subcategory":"INDUSTRIAL","scheme_cod":"IND06","investment":5,"employment":17,"plotstatus":"Allotted","landallotementstatus":"SOLD","landallotementtype":"ALLOTTED","allotmentid":"YIND061348","allotment_date":1574361000000,"rate_of_allotment":6670,"lease_deed":"Y","possession":"N","village_name":"Chakbirampur","khasra_no":"89,81,92","longitude":77.60632522,"latitude":28.220375720000003,"authority":"YEIDA","category":"industrial","execution_stage":"lease-recorded"}},{"type":"Feature","geometry":{"type":"Polygon","coordinates":[[[77.607822,28.220214],[77.607823,28.22053],[77.60765,28.22053],[77.607649,28.220215],[77.607822,28.220214]]]},"properties":{"objectid":2556,"uniqueplotid":"PLNGINDUSTRIAL2556","plotmap_id":"SECTOR-32_438_GENERAL INDUSTRY_IND","plotidentificationnumber":"438","plotno":"438","industrysector":"SECTOR-32","block":"GENERAL INDUSTRY","plotsize":"595 SQMT","plotsize_at_the_time_of_allotme":"595 SQMT","landuse_type":"INDUSTRIAL","landuse_subcategory":"INDUSTRIAL","scheme_cod":"IND06","investment":5,"employment":17,"plotstatus":"Allotted","landallotementstatus":"SOLD","landallotementtype":"ALLOTTED","allotmentid":"YIND061341","allotment_date":1574361000000,"rate_of_allotment":6670,"lease_deed":"Y","possession":"Y","possession_date":1728498600000,"village_name":"Chakbirampur","khasra_no":"81,82","longitude":77.60773585,"latitude":28.220372400000002,"authority":"YEIDA","category":"industrial","execution_stage":"possession-recorded"}},{"type":"Feature","geometry":{"type":"Polygon","coordinates":[[[77.606506,28.221291],[77.606507,28.221516],[77.606385,28.221517],[77.606384,28.221291],[77.606506,28.221291]]]},"properties":{"objectid":2557,"uniqueplotid":"PLNGINDUSTRIAL2557","plotmap_id":"SECTOR-32_283_GENERAL INDUSTRY_IND","plotidentificationnumber":"283","plotno":"283","industrysector":"SECTOR-32","block":"GENERAL INDUSTRY","plotsize":"300 SQMT","plotsize_at_the_time_of_allotme":"300 SQMT","landuse_type":"INDUSTRIAL","landuse_subcategory":"INDUSTRIAL","scheme_cod":"IND02","investment":5,"employment":18,"plotstatus":"Allotted","landallotementstatus":"SOLD","landallotementtype":"ALLOTTED","allotmentid":"YIND021322","allotment_date":1442255400000,"rate_of_allotment":6100,"lease_deed":"N","possession":"N","village_name":"Chakbirampur","khasra_no":"81","longitude":77.60644543,"latitude":28.221403629999998,"authority":"YEIDA","category":"industrial","execution_stage":"allotted"}},{"type":"Feature","geometry":{"type":"Polygon","coordinates":[[[77.608367,28.218698],[77.608368,28.218968],[77.608215,28.218969],[77.608215,28.218698],[77.608367,28.218698]]]},"properties":{"objectid":2559,"uniqueplotid":"PLNGINDUSTRIAL2559","plotmap_id":"SECTOR-32_646_GENERAL INDUSTRY_IND","plotidentificationnumber":"646","plotno":"646","industrysector":"SECTOR-32","block":"GENERAL INDUSTRY","plotsize":"450 SQMT","plotsize_at_the_time_of_allotme":"450 SQMT","landuse_type":"INDUSTRIAL","landuse_subcategory":"INDUSTRIAL","scheme_cod":"IND01","investment":3,"employment":12,"plotstatus":"Allotted","landallotementstatus":"SOLD","landallotementtype":"ALLOTTED","allotmentid":"YIND010521","allotment_date":1442255400000,"rate_of_allotment":6100,"lease_deed":"N","possession":"N","village_name":"Chakbirampur","khasra_no":"95","longitude":77.60829133,"latitude":28.2188333,"authority":"YEIDA","category":"industrial","execution_stage":"allotted"}},{"type":"Feature","geometry":{"type":"Polygon","coordinates":[[[77.608531,28.222395],[77.608533,28.222936],[77.608227,28.222937],[77.608226,28.222396],[77.608531,28.222395]]]},"properties":{"objectid":2568,"uniqueplotid":"PLNGINDUSTRIAL2568","plotmap_id":"SECTOR-32_46_GENERAL INDUSTRY_IND","plotidentificationnumber":"46","plotno":"46","industrysector":"SECTOR-32","block":"GENERAL INDUSTRY","plotsize":"1800 SQMT","plotsize_at_the_time_of_allotme":"1800 SQMT","landuse_type":"INDUSTRIAL","landuse_subcategory":"INDUSTRIAL","scheme_cod":"IND01","investment":14,"employment":48,"plotstatus":"Allotted","landallotementstatus":"SOLD","landallotementtype":"ALLOTTED","allotmentid":"YIND010445","allotment_date":1388601000000,"rate_of_allotment":6050,"lease_deed":"Y","possession":"N","village_name":"Muradgarhi,Chakbirampur","khasra_no":"83,242,243","longitude":77.60837924,"latitude":28.22266628,"authority":"YEIDA","category":"industrial","execution_stage":"lease-recorded"}},{"type":"Feature","geometry":{"type":"Polygon","coordinates":[[[77.608522,28.219455],[77.608523,28.219726],[77.60837,28.219726],[77.60837,28.219455],[77.608522,28.219455]]]},"properties":{"objectid":2569,"uniqueplotid":"PLNGINDUSTRIAL2569","plotmap_id":"SECTOR-32_537_GENERAL INDUSTRY_IND","plotidentificationnumber":"537","plotno":"537","industrysector":"SECTOR-32","block":"GENERAL INDUSTRY","plotsize":"450 SQMT","plotsize_at_the_time_of_allotme":"450 SQMT","plot_size_as_per_lease_plan":450,"landuse_type":"INDUSTRIAL","landuse_subcategory":"INDUSTRIAL","scheme_cod":"IND06","investment":4,"employment":13,"plotstatus":"Allotted","landallotementstatus":"SOLD","landallotementtype":"ALLOTTED","allotmentid":"YIND061270","allotment_date":1574361000000,"rate_of_allotment":6670,"lease_deed":"Y","possession":"N","village_name":"Chakbirampur","khasra_no":"94","longitude":77.60844636,"latitude":28.21959056,"authority":"YEIDA","category":"industrial","execution_stage":"lease-recorded"}},{"type":"Feature","geometry":{"type":"Polygon","coordinates":[[[77.610048,28.218964],[77.610049,28.219235],[77.609896,28.219235],[77.609896,28.218965],[77.610048,28.218964]]]},"properties":{"objectid":2575,"uniqueplotid":"PLNGINDUSTRIAL2575","plotmap_id":"SECTOR-32_630_GENERAL INDUSTRY_IND","plotidentificationnumber":"630","plotno":"630","industrysector":"SECTOR-32","block":"GENERAL INDUSTRY","plotsize":"450 SQMT","plotsize_at_the_time_of_allotme":"450 SQMT","landuse_type":"INDUSTRIAL","landuse_subcategory":"INDUSTRIAL","scheme_cod":"IND06","investment":4,"employment":13,"plotstatus":"Allotted","landallotementstatus":"SOLD","landallotementtype":"ALLOTTED","allotmentid":"YIND061199","allotment_date":1574361000000,"rate_of_allotment":6670,"lease_deed":"Y","possession":"Y","possession_date":1659897000000,"village_name":"Chakbirampur","khasra_no":"95","longitude":77.60997245,"latitude":28.21909994,"authority":"YEIDA","category":"industrial","execution_stage":"possession-recorded"}},{"type":"Feature","geometry":{"type":"Polygon","coordinates":[[[77.608981,28.219454],[77.608981,28.219725],[77.608829,28.219725],[77.608828,28.219454],[77.608981,28.219454]]]},"properties":{"objectid":2580,"uniqueplotid":"PLNGINDUSTRIAL2580","plotmap_id":"SECTOR-32_534_GENERAL INDUSTRY_IND","plotidentificationnumber":"534","plotno":"534","industrysector":"SECTOR-32","block":"GENERAL INDUSTRY","plotsize":"450 SQMT","plotsize_at_the_time_of_allotme":"450 SQMT","landuse_type":"INDUSTRIAL","landuse_subcategory":"INDUSTRIAL","scheme_cod":"IND06","investment":4,"employment":13,"plotstatus":"Allotted","landallotementstatus":"SOLD","landallotementtype":"ALLOTTED","allotmentid":"YIND061269","allotment_date":1574361000000,"rate_of_allotment":6670,"lease_deed":"Y","possession":"Y","possession_date":1651170600000,"village_name":"Chakbirampur","khasra_no":"94,95","longitude":77.60890463000001,"latitude":28.21958949,"authority":"YEIDA","category":"industrial","execution_stage":"possession-recorded"}},{"type":"Feature","geometry":{"type":"Polygon","coordinates":[[[77.608894,28.22106],[77.608894,28.221285],[77.608772,28.221285],[77.608772,28.22106],[77.608894,28.22106]]]},"properties":{"objectid":2582,"uniqueplotid":"PLNGINDUSTRIAL2582","plotmap_id":"SECTOR-32_325_GENERAL INDUSTRY_IND","plotidentificationnumber":"325","plotno":"325","industrysector":"SECTOR-32","block":"GENERAL INDUSTRY","plotsize":"300 SQMT","plotsize_at_the_time_of_allotme":"300 SQMT","landuse_type":"INDUSTRIAL","landuse_subcategory":"INDUSTRIAL","scheme_cod":"IND02","investment":5,"employment":18,"plotstatus":"Allotted","landallotementstatus":"SOLD","landallotementtype":"ALLOTTED","allotmentid":"YIND021228","allotment_date":1442255400000,"rate_of_allotment":6100,"lease_deed":"N","possession":"N","village_name":"Chakbirampur","khasra_no":"83","longitude":77.60883301,"latitude":28.22117254,"authority":"YEIDA","category":"industrial","execution_stage":"allotted"}},{"type":"Feature","geometry":{"type":"Polygon","coordinates":[[[77.608063,28.218969],[77.608063,28.21924],[77.607911,28.21924],[77.60791,28.218969],[77.608063,28.218969]]]},"properties":{"objectid":2590,"uniqueplotid":"PLNGINDUSTRIAL2590","plotmap_id":"SECTOR-32_617_GENERAL INDUSTRY_IND","plotidentificationnumber":"617","plotno":"617","industrysector":"SECTOR-32","block":"GENERAL INDUSTRY","plotsize":"450 SQMT","plotsize_at_the_time_of_allotme":"450 SQMT","landuse_type":"INDUSTRIAL","landuse_subcategory":"INDUSTRIAL","scheme_cod":"IND06","investment":4,"employment":13,"plotstatus":"Allotted","landallotementstatus":"SOLD","landallotementtype":"ALLOTTED","allotmentid":"YIND061227","allotment_date":1574361000000,"rate_of_allotment":6670,"lease_deed":"Y","possession":"N","village_name":"Chakbirampur","khasra_no":"93,95","longitude":77.60798663,"latitude":28.21910459,"authority":"YEIDA","category":"industrial","execution_stage":"lease-recorded"}},{"type":"Feature","geometry":{"type":"Polygon","coordinates":[[[77.606149,28.222401],[77.606151,28.222942],[77.605845,28.222943],[77.605844,28.222402],[77.606149,28.222401]]]},"properties":{"objectid":2594,"uniqueplotid":"PLNGINDUSTRIAL2594","plotmap_id":"SECTOR-32_29_GENERAL INDUSTRY_IND","plotidentificationnumber":"29","plotno":"29","industrysector":"SECTOR-32","block":"GENERAL INDUSTRY","plotsize":"1800 SQMT","plotsize_at_the_time_of_allotme":"1800 SQMT","landuse_type":"INDUSTRIAL","landuse_subcategory":"INDUSTRIAL","scheme_cod":"IND01","investment":14,"employment":48,"plotstatus":"Allotted","landallotementstatus":"SOLD","landallotementtype":"ALLOTTED","allotmentid":"YIND010416","allotment_date":1388601000000,"rate_of_allotment":6050,"lease_deed":"N","possession":"N","village_name":"Chakbirampur","khasra_no":"85","longitude":77.6059973,"latitude":28.22267188,"authority":"YEIDA","category":"industrial","execution_stage":"allotted"}},{"type":"Feature","geometry":{"type":"Polygon","coordinates":[[[77.605775,28.22196],[77.605776,28.222185],[77.605653,28.222186],[77.605653,28.22196],[77.605775,28.22196]]]},"properties":{"objectid":2595,"uniqueplotid":"PLNGINDUSTRIAL2595","plotmap_id":"SECTOR-32_141_GENERAL INDUSTRY_IND","plotidentificationnumber":"141","plotno":"141","industrysector":"SECTOR-32","block":"GENERAL INDUSTRY","plotsize":"300 SQMT","plotsize_at_the_time_of_allotme":"300 SQMT","plot_size_as_per_lease_plan":300,"landuse_type":"INDUSTRIAL","landuse_subcategory":"INDUSTRIAL","scheme_cod":"IND04","investment":5,"employment":18,"plot_total_employment":"36","plotstatus":"Allotted","landallotementstatus":"SOLD","landallotementtype":"ALLOTTED","allotmentid":"YIND041028","allotment_date":1546972200000,"rate_of_allotment":6405,"lease_deed":"Y","lease_deed_date":1701714600000,"possession":"N","village_name":"Chakbirampur","khasra_no":"85","longitude":77.60571421,"latitude":28.22207276,"authority":"YEIDA","category":"industrial","execution_stage":"lease-recorded"}},{"type":"Feature","geometry":{"type":"Polygon","coordinates":[[[77.606772,28.218215],[77.606619,28.218215],[77.606618,28.217944],[77.606771,28.217944],[77.606772,28.218215]]]},"properties":{"objectid":2596,"uniqueplotid":"PLNGINDUSTRIAL2596","plotmap_id":"SECTOR-32_762_GENERAL INDUSTRY_IND","plotidentificationnumber":"762","plotno":"762","industrysector":"SECTOR-32","block":"GENERAL INDUSTRY","plotsize":"450 SQMT","plotsize_at_the_time_of_allotme":"450 SQMT","plot_size_as_per_lease_plan":450,"landuse_type":"INDUSTRIAL","landuse_subcategory":"INDUSTRIAL","scheme_cod":"IND01","investment":3,"employment":12,"plotstatus":"Allotted","landallotementstatus":"SOLD","landallotementtype":"ALLOTTED","allotmentid":"YIND010644","allotment_date":1442255400000,"rate_of_allotment":6100,"lease_deed":"Y","possession":"Y","possession_date":1691605800000,"village_name":"Chakbirampur","khasra_no":"93,128,129","longitude":77.6066961,"latitude":28.21808115,"authority":"YEIDA","category":"industrial","execution_stage":"possession-recorded"}},{"type":"Feature","geometry":{"type":"Polygon","coordinates":[[[77.608979,28.218967],[77.60898,28.219238],[77.608827,28.219238],[77.608826,28.218967],[77.608979,28.218967]]]},"properties":{"objectid":2597,"uniqueplotid":"PLNGINDUSTRIAL2597","plotmap_id":"SECTOR-32_623_GENERAL INDUSTRY_IND","plotidentificationnumber":"623","plotno":"623","industrysector":"SECTOR-32","block":"GENERAL INDUSTRY","plotsize":"450 SQMT","plotsize_at_the_time_of_allotme":"450 SQMT","landuse_type":"INDUSTRIAL","landuse_subcategory":"INDUSTRIAL","scheme_cod":"IND01","investment":3,"employment":12,"plotstatus":"Allotted","landallotementstatus":"SOLD","landallotementtype":"ALLOTTED","allotmentid":"YIND010650","allotment_date":1442255400000,"rate_of_allotment":6100,"lease_deed":"Y","possession":"N","village_name":"Chakbirampur","khasra_no":"95","longitude":77.60890316000001,"latitude":28.21910244,"authority":"YEIDA","category":"industrial","execution_stage":"lease-recorded"}},{"type":"Feature","geometry":{"type":"Polygon","coordinates":[[[77.607449,28.218213],[77.60745,28.218484],[77.607297,28.218484],[77.607297,28.218213],[77.607449,28.218213]]]},"properties":{"objectid":2603,"uniqueplotid":"PLNGINDUSTRIAL2603","plotmap_id":"SECTOR-32_721_GENERAL INDUSTRY_IND","plotidentificationnumber":"721","plotno":"721","industrysector":"SECTOR-32","block":"GENERAL INDUSTRY","plotsize":"450 SQMT","plotsize_at_the_time_of_allotme":"450 SQMT","landuse_type":"INDUSTRIAL","landuse_subcategory":"INDUSTRIAL","scheme_cod":"IND05","investment":4,"employment":13,"plotstatus":"Allotted","landallotementstatus":"SOLD","landallotementtype":"ALLOTTED","allotmentid":"YIND051039","allotment_date":1542565800000,"rate_of_allotment":6405,"lease_deed":"Y","possession":"N","village_name":"Chakbirampur","khasra_no":"127","longitude":77.60737333,"latitude":28.2183484,"authority":"YEIDA","category":"industrial","execution_stage":"lease-recorded"}},{"type":"Feature","geometry":{"type":"Polygon","coordinates":[[[77.609249,28.217271],[77.60925,28.217496],[77.609127,28.217496],[77.609127,28.217271],[77.609249,28.217271]]]},"properties":{"objectid":2607,"uniqueplotid":"PLNGINDUSTRIAL2607","plotmap_id":"SECTOR-32_872_GENERAL INDUSTRY_IND","plotidentificationnumber":"872","plotno":"872","industrysector":"SECTOR-32","block":"GENERAL INDUSTRY","plotsize":"300 SQMT","plotsize_at_the_time_of_allotme":"300 SQMT","plot_size_as_per_lease_plan":300,"landuse_type":"INDUSTRIAL","landuse_subcategory":"INDUSTRIAL","scheme_cod":"IND06","investment":3,"employment":9,"plotstatus":"Allotted","landallotementstatus":"SOLD","landallotementtype":"ALLOTTED","allotmentid":"YIND061125","allotment_date":1574361000000,"rate_of_allotment":6670,"lease_deed":"Y","possession":"Y","possession_date":1689532200000,"village_name":"Chakbirampur","khasra_no":"102,101,120","longitude":77.60918823,"latitude":28.217383560000002,"authority":"YEIDA","category":"industrial","execution_stage":"possession-recorded"}},{"type":"Feature","geometry":{"type":"Polygon","coordinates":[[[77.617891,28.220694],[77.617892,28.220965],[77.617283,28.220967],[77.617282,28.220696],[77.617891,28.220694]]]},"properties":{"objectid":2608,"uniqueplotid":"PLNGINDUSTRIAL2608","plotmap_id":"SECTOR-32_1139_GENERAL INDUSTRY_IND","plotidentificationnumber":"1139","plotno":"1139","industrysector":"SECTOR-32","block":"GENERAL INDUSTRY","plotsize":"1800 SQMT","plotsize_at_the_time_of_allotme":"1800 SQMT","landuse_type":"INDUSTRIAL","landuse_subcategory":"INDUSTRIAL","scheme_cod":"YEA/IND-LOP(2021)-10","investment":11,"employment":40,"plot_total_employment":"MINI BY PASS DELHI ROAD LAKRI FAZALPUR","projects_cost_in_lacs":2026,"plotstatus":"Allotted","landallotementstatus":"SOLD","landallotementtype":"ALLOTTED","allotmentid":"YIND100066","allotment_date":1650565800000,"rate_of_allotment":7010,"lease_deed":"N","possession":"N","village_name":"Birampur","khasra_no":"41,34,33","longitude":77.61753909000001,"latitude":28.22080952,"authority":"YEIDA","category":"industrial","execution_stage":"allotted"}},{"type":"Feature","geometry":{"type":"Polygon","coordinates":[[[77.607672,28.221063],[77.607672,28.221288],[77.60755,28.221288],[77.60755,28.221063],[77.607672,28.221063]]]},"properties":{"objectid":2611,"uniqueplotid":"PLNGINDUSTRIAL2611","plotmap_id":"SECTOR-32_335_GENERAL INDUSTRY_IND","plotidentificationnumber":"335","plotno":"335","industrysector":"SECTOR-32","block":"GENERAL INDUSTRY","plotsize":"300 SQMT","plotsize_at_the_time_of_allotme":"300 SQMT","plot_size_as_per_lease_plan":300,"landuse_type":"INDUSTRIAL","landuse_subcategory":"INDUSTRIAL","scheme_cod":"IND06","investment":3,"employment":9,"plotstatus":"Allotted","landallotementstatus":"SOLD","landallotementtype":"ALLOTTED","allotmentid":"YIND061123","allotment_date":1574361000000,"rate_of_allotment":6670,"lease_deed":"Y","possession":"Y","possession_date":1677609000000,"village_name":"Chakbirampur","khasra_no":"82","longitude":77.60761097000001,"latitude":28.22117541,"authority":"YEIDA","category":"industrial","execution_stage":"possession-recorded"}},{"type":"Feature","geometry":{"type":"Polygon","coordinates":[[[77.60614,28.221292],[77.60614,28.221517],[77.606018,28.221517],[77.606017,28.221292],[77.60614,28.221292]]]},"properties":{"objectid":2617,"uniqueplotid":"PLNGINDUSTRIAL2617","plotmap_id":"SECTOR-32_280_GENERAL INDUSTRY_IND","plotidentificationnumber":"280","plotno":"280","industrysector":"SECTOR-32","block":"GENERAL INDUSTRY","plotsize":"300 SQMT","plotsize_at_the_time_of_allotme":"300 SQMT","plot_size_as_per_lease_plan":300,"landuse_type":"INDUSTRIAL","landuse_subcategory":"INDUSTRIAL","scheme_cod":"IND04","investment":5,"employment":18,"plotstatus":"Allotted","landallotementstatus":"SOLD","landallotementtype":"ALLOTTED","allotmentid":"YIND041010","allotment_date":1546972200000,"rate_of_allotment":6405,"lease_deed":"Y","possession":"Y","possession_date":1682533800000,"village_name":"Chakbirampur","khasra_no":"85,81,87","longitude":77.60607881,"latitude":28.221404489999998,"authority":"YEIDA","category":"industrial","execution_stage":"possession-recorded"}},{"type":"Feature","geometry":{"type":"Polygon","coordinates":[[[77.606142,28.221959],[77.606142,28.222184],[77.60602,28.222185],[77.606019,28.221959],[77.606142,28.221959]]]},"properties":{"objectid":2622,"uniqueplotid":"PLNGINDUSTRIAL2622","plotmap_id":"SECTOR-32_144_GENERAL INDUSTRY_IND","plotidentificationnumber":"144","plotno":"144","industrysector":"SECTOR-32","block":"GENERAL INDUSTRY","plotsize":"300 SQMT","plotsize_at_the_time_of_allotme":"300 SQMT","landuse_type":"INDUSTRIAL","landuse_subcategory":"INDUSTRIAL","scheme_cod":"IND02","investment":5,"employment":18,"plotstatus":"Allotted","landallotementstatus":"SOLD","landallotementtype":"ALLOTTED","allotmentid":"YIND021155","allotment_date":1442255400000,"rate_of_allotment":6100,"lease_deed":"Y","lease_deed_date":1640802600000,"possession":"Y","map_sanctioned_from_planning":"Y","village_name":"Chakbirampur","khasra_no":"85","longitude":77.60608081999999,"latitude":28.2220719,"authority":"YEIDA","category":"industrial","execution_stage":"construction-or-map-approval"}},{"type":"Feature","geometry":{"type":"Polygon","coordinates":[[[77.610103,28.216827],[77.610104,28.217052],[77.609982,28.217052],[77.609981,28.216827],[77.610103,28.216827]]]},"properties":{"objectid":2624,"uniqueplotid":"PLNGINDUSTRIAL2624","plotmap_id":"SECTOR-32_996_GENERAL INDUSTRY_IND","plotidentificationnumber":"996","plotno":"996","industrysector":"SECTOR-32","block":"GENERAL INDUSTRY","plotsize":"300 SQMT","plotsize_at_the_time_of_allotme":"300 SQMT","landuse_type":"INDUSTRIAL","landuse_subcategory":"INDUSTRIAL","scheme_cod":"IND06","investment":3,"employment":9,"plotstatus":"Allotted","landallotementstatus":"SOLD","landallotementtype":"ALLOTTED","allotmentid":"YIND061156","allotment_date":1574361000000,"rate_of_allotment":6670,"lease_deed":"N","possession":"N","village_name":"Chakbirampur","khasra_no":"101","longitude":77.61004233,"latitude":28.2169396,"authority":"YEIDA","category":"industrial","execution_stage":"allotted"}},{"type":"Feature","geometry":{"type":"Polygon","coordinates":[[[77.608651,28.221728],[77.608652,28.221953],[77.60853,28.221953],[77.608529,28.221728],[77.608651,28.221728]]]},"properties":{"objectid":2626,"uniqueplotid":"PLNGINDUSTRIAL2626","plotmap_id":"SECTOR-32_191_GENERAL INDUSTRY_IND","plotidentificationnumber":"191","plotno":"191","industrysector":"SECTOR-32","block":"GENERAL INDUSTRY","plotsize":"300 SQMT","plotsize_at_the_time_of_allotme":"300 SQMT","plot_size_as_per_lease_plan":300,"landuse_type":"INDUSTRIAL","landuse_subcategory":"INDUSTRIAL","scheme_cod":"IND02","investment":5,"employment":18,"plot_total_employment":"27","plotstatus":"Allotted","landallotementstatus":"SOLD","landallotementtype":"ALLOTTED","allotmentid":"YIND021223","allotment_date":1442255400000,"rate_of_allotment":6100,"lease_deed":"Y","lease_deed_date":1748543400000,"possession":"N","village_name":"Chakbirampur","khasra_no":"83","longitude":77.60859061000001,"latitude":28.22184053,"authority":"YEIDA","category":"industrial","execution_stage":"lease-recorded"}},{"type":"Feature","geometry":{"type":"Polygon","coordinates":[[[77.610364,28.223456],[77.610365,28.224396],[77.609347,28.224311],[77.609129,28.224309],[77.609138,28.223463],[77.610364,28.223456]]]},"properties":{"objectid":2629,"uniqueplotid":"PLNGINDUSTRIAL2629","plotmap_id":"SECTOR-32_54_GENERAL INDUSTRY_IND","plotidentificationnumber":"54","plotno":"54","industrysector":"SECTOR-32","block":"GENERAL INDUSTRY","plotsize":"12000 SQMT","plotsize_at_the_time_of_allotme":"12000 SQMT","landuse_type":"INDUSTRIAL","landuse_subcategory":"INDUSTRIAL","scheme_cod":"INDOPEN","investment":79,"employment":275,"plotstatus":"Allotted","landallotementstatus":"SOLD","landallotementtype":"ALLOTTED","allotmentid":"INDOPEN0002","allotment_date":1413138600000,"rate_of_allotment":5234,"lease_deed":"N","possession":"N","village_name":"Muradgarhi","khasra_no":"250,237,244,238,243,235,245,236","longitude":77.60979052,"latitude":28.22391852,"authority":"YEIDA","category":"industrial","execution_stage":"allotted"}},{"type":"Feature","geometry":{"type":"Polygon","coordinates":[[[77.609127,28.217496],[77.609128,28.217722],[77.609006,28.217722],[77.609005,28.217497],[77.609127,28.217496]]]},"properties":{"objectid":2630,"uniqueplotid":"PLNGINDUSTRIAL2630","plotmap_id":"SECTOR-32_852_GENERAL INDUSTRY_IND","plotidentificationnumber":"852","plotno":"852","industrysector":"SECTOR-32","block":"GENERAL INDUSTRY","plotsize":"300 SQMT","plotsize_at_the_time_of_allotme":"300 SQMT","plot_size_as_per_lease_plan":300,"landuse_type":"INDUSTRIAL","landuse_subcategory":"INDUSTRIAL","scheme_cod":"IND02","investment":5,"employment":18,"plotstatus":"Allotted","landallotementstatus":"SOLD","landallotementtype":"ALLOTTED","allotmentid":"YIND021301","allotment_date":1442255400000,"rate_of_allotment":6100,"lease_deed":"Y","possession":"Y","possession_date":1681151400000,"village_name":"Chakbirampur","khasra_no":"101,120","longitude":77.6090667,"latitude":28.21760934,"authority":"YEIDA","category":"industrial","execution_stage":"possession-recorded"}},{"type":"Feature","geometry":{"type":"Polygon","coordinates":[[[77.606141,28.221734],[77.606142,28.221959],[77.606019,28.221959],[77.606019,28.221734],[77.606141,28.221734]]]},"properties":{"objectid":2634,"uniqueplotid":"PLNGINDUSTRIAL2634","plotmap_id":"SECTOR-32_209_GENERAL INDUSTRY_IND","plotidentificationnumber":"209","plotno":"209","industrysector":"SECTOR-32","block":"GENERAL INDUSTRY","plotsize":"300 SQMT","plotsize_at_the_time_of_allotme":"300 SQMT","landuse_type":"INDUSTRIAL","landuse_subcategory":"INDUSTRIAL","scheme_cod":"IND04","investment":5,"employment":18,"plotstatus":"Allotted","landallotementstatus":"SOLD","landallotementtype":"ALLOTTED","allotmentid":"YIND041037","allotment_date":1546972200000,"rate_of_allotment":6405,"lease_deed":"Y","possession":"N","village_name":"Chakbirampur","khasra_no":"85","longitude":77.60608013999999,"latitude":28.221846430000003,"authority":"YEIDA","category":"industrial","execution_stage":"lease-recorded"}},{"type":"Feature","geometry":{"type":"Polygon","coordinates":[[[77.609207,28.220211],[77.609208,28.220527],[77.609035,28.220527],[77.609034,28.220212],[77.609207,28.220211]]]},"properties":{"objectid":2636,"uniqueplotid":"PLNGINDUSTRIAL2636","plotmap_id":"SECTOR-32_430_GENERAL INDUSTRY_IND","plotidentificationnumber":"430","plotno":"430","industrysector":"SECTOR-32","block":"GENERAL INDUSTRY","plotsize":"595 SQMT","plotsize_at_the_time_of_allotme":"595 SQMT","landuse_type":"INDUSTRIAL","landuse_subcategory":"INDUSTRIAL","scheme_cod":"IND06","investment":5,"employment":17,"plotstatus":"Allotted","landallotementstatus":"SOLD","landallotementtype":"ALLOTTED","allotmentid":"YIND061336","allotment_date":1574361000000,"rate_of_allotment":6670,"lease_deed":"Y","possession":"Y","possession_date":1724092200000,"village_name":"Chakbirampur","khasra_no":"94","longitude":77.60912083,"latitude":28.220369150000003,"authority":"YEIDA","category":"industrial","execution_stage":"possession-recorded"}},{"type":"Feature","geometry":{"type":"Polygon","coordinates":[[[77.606875,28.222183],[77.606753,28.222183],[77.606753,28.221958],[77.606875,28.221957],[77.606875,28.222183]]]},"properties":{"objectid":2637,"uniqueplotid":"PLNGINDUSTRIAL2637","plotmap_id":"SECTOR-32_150_GENERAL INDUSTRY_IND","plotidentificationnumber":"150","plotno":"150","industrysector":"SECTOR-32","block":"GENERAL INDUSTRY","plotsize":"300 SQMT","plotsize_at_the_time_of_allotme":"300 SQMT","landuse_type":"INDUSTRIAL","landuse_subcategory":"INDUSTRIAL","scheme_cod":"IND02","investment":5,"employment":18,"plotstatus":"Allotted","landallotementstatus":"SOLD","landallotementtype":"ALLOTTED","allotmentid":"YIND021401","allotment_date":1442255400000,"rate_of_allotment":6100,"lease_deed":"N","possession":"N","village_name":"Chakbirampur","khasra_no":"85,84","longitude":77.60681271,"latitude":28.222067730000003,"authority":"YEIDA","category":"industrial","execution_stage":"allotted"}},{"type":"Feature","geometry":{"type":"Polygon","coordinates":[[[77.617892,28.220965],[77.617894,28.221235],[77.617284,28.221238],[77.617283,28.220967],[77.617892,28.220965]]]},"properties":{"objectid":2640,"uniqueplotid":"PLNGINDUSTRIAL2640","plotmap_id":"SECTOR-32_1138_GENERAL INDUSTRY_IND","plotidentificationnumber":"1138","plotno":"1138","industrysector":"SECTOR-32","block":"GENERAL INDUSTRY","plotsize":"1800 SQMT","plotsize_at_the_time_of_allotme":"1800 SQMT","landuse_type":"INDUSTRIAL","landuse_subcategory":"INDUSTRIAL","scheme_cod":"YEA/IND-LOP(2021)-10","investment":11,"employment":40,"plot_total_employment":"FIROZABAD","projects_cost_in_lacs":258,"plotstatus":"Allotted","landallotementstatus":"SOLD","landallotementtype":"ALLOTTED","allotmentid":"YIND100065","allotment_date":1650565800000,"rate_of_allotment":7010,"lease_deed":"N","possession":"N","village_name":"Birampur","khasra_no":"41,34,33,20","longitude":77.61760017,"latitude":28.22110639,"authority":"YEIDA","category":"industrial","execution_stage":"allotted"}},{"type":"Feature","geometry":{"type":"Polygon","coordinates":[[[77.605554,28.219462],[77.605554,28.219733],[77.605402,28.219733],[77.605401,28.219462],[77.605554,28.219462]]]},"properties":{"objectid":2643,"uniqueplotid":"PLNGINDUSTRIAL2643","plotmap_id":"SECTOR-32_554_GENERAL INDUSTRY_IND","plotidentificationnumber":"554","plotno":"554","industrysector":"SECTOR-32","block":"GENERAL INDUSTRY","plotsize":"450 SQMT","plotsize_at_the_time_of_allotme":"450 SQMT","landuse_type":"INDUSTRIAL","landuse_subcategory":"INDUSTRIAL","scheme_cod":"IND03","investment":4,"employment":13,"plotstatus":"Allotted","landallotementstatus":"SOLD","landallotementtype":"ALLOTTED","allotmentid":"YIND031025","allotment_date":1483381800000,"rate_of_allotment":6405,"lease_deed":"N","possession":"N","village_name":"Chakbirampur","khasra_no":"89","longitude":77.60547763000001,"latitude":28.21959753,"authority":"YEIDA","category":"industrial","execution_stage":"allotted"}},{"type":"Feature","geometry":{"type":"Polygon","coordinates":[[[77.606616,28.217277],[77.606617,28.217502],[77.606495,28.217503],[77.606494,28.217277],[77.606616,28.217277]]]},"properties":{"objectid":2644,"uniqueplotid":"PLNGINDUSTRIAL2644","plotmap_id":"SECTOR-32_891_GENERAL INDUSTRY_IND","plotidentificationnumber":"891","plotno":"891","industrysector":"SECTOR-32","block":"GENERAL INDUSTRY","plotsize":"300 SQMT","plotsize_at_the_time_of_allotme":"300 SQMT","landuse_type":"INDUSTRIAL","landuse_subcategory":"INDUSTRIAL","scheme_cod":"IND06","investment":3,"employment":9,"plotstatus":"Allotted","landallotementstatus":"SOLD","landallotementtype":"ALLOTTED","allotmentid":"YIND061051","allotment_date":1574361000000,"rate_of_allotment":6670,"lease_deed":"Y","possession":"Y","possession_date":1729189800000,"village_name":"Chakbirampur","khasra_no":"147,148,129","longitude":77.60655555,"latitude":28.217389750000002,"authority":"YEIDA","category":"industrial","execution_stage":"possession-recorded"}},{"type":"Feature","geometry":{"type":"Polygon","coordinates":[[[77.606989,28.217501],[77.606861,28.217502],[77.606861,28.217276],[77.606988,28.217276],[77.606989,28.217501]]]},"properties":{"objectid":2647,"uniqueplotid":"PLNGINDUSTRIAL2647","plotmap_id":"SECTOR-32_888_GENERAL INDUSTRY_IND","plotidentificationnumber":"888","plotno":"888","industrysector":"SECTOR-32","block":"GENERAL INDUSTRY","plotsize":"300 SQMT","plotsize_at_the_time_of_allotme":"300 SQMT","plot_size_as_per_lease_plan":311.25,"landuse_type":"INDUSTRIAL","landuse_subcategory":"INDUSTRIAL","scheme_cod":"IND06","investment":3,"employment":9,"plotstatus":"Allotted","landallotementstatus":"SOLD","landallotementtype":"ALLOTTED","allotmentid":"YIND061032","allotment_date":1574361000000,"rate_of_allotment":6670,"lease_deed":"Y","possession":"N","village_name":"Chakbirampur","khasra_no":"117,149,148,129","longitude":77.60692698999999,"latitude":28.217392710000002,"authority":"YEIDA","category":"industrial","execution_stage":"lease-recorded"}},{"type":"Feature","geometry":{"type":"Polygon","coordinates":[[[77.610358,28.220208],[77.610359,28.220524],[77.610186,28.220524],[77.610185,28.220209],[77.610358,28.220208]]]},"properties":{"objectid":2653,"uniqueplotid":"PLNGINDUSTRIAL2653","plotmap_id":"SECTOR-32_426_GENERAL INDUSTRY_IND","plotidentificationnumber":"426","plotno":"426","industrysector":"SECTOR-32","block":"GENERAL INDUSTRY","plotsize":"595 SQMT","plotsize_at_the_time_of_allotme":"595 SQMT","landuse_type":"INDUSTRIAL","landuse_subcategory":"INDUSTRIAL","scheme_cod":"IND06","investment":5,"employment":17,"plotstatus":"Allotted","landallotementstatus":"SOLD","landallotementtype":"ALLOTTED","allotmentid":"YIND061353","allotment_date":1574361000000,"rate_of_allotment":6670,"lease_deed":"N","possession":"N","village_name":"Chakbirampur","khasra_no":"78,71","longitude":77.61027159000001,"latitude":28.22036645,"authority":"YEIDA","category":"industrial","execution_stage":"allotted"}},{"type":"Feature","geometry":{"type":"Polygon","coordinates":[[[77.607601,28.217942],[77.607602,28.218213],[77.607449,28.218213],[77.607448,28.217942],[77.607601,28.217942]]]},"properties":{"objectid":2660,"uniqueplotid":"PLNGINDUSTRIAL2660","plotmap_id":"SECTOR-32_759_GENERAL INDUSTRY_IND","plotidentificationnumber":"759","plotno":"759","industrysector":"SECTOR-32","block":"GENERAL INDUSTRY","plotsize":"450 SQMT","plotsize_at_the_time_of_allotme":"450 SQMT","plot_size_as_per_lease_plan":450,"landuse_type":"INDUSTRIAL","landuse_subcategory":"INDUSTRIAL","scheme_cod":"IND01","investment":3,"employment":12,"plotstatus":"Allotted","landallotementstatus":"SOLD","landallotementtype":"ALLOTTED","allotmentid":"YIND010508","allotment_date":1442255400000,"rate_of_allotment":6100,"lease_deed":"Y","possession":"Y","possession_date":1732473000000,"village_name":"Chakbirampur","khasra_no":"124,127","longitude":77.60752527,"latitude":28.21807746,"authority":"YEIDA","category":"industrial","execution_stage":"possession-recorded"}},{"type":"Feature","geometry":{"type":"Polygon","coordinates":[[[77.605637,28.216837],[77.605638,28.217063],[77.605516,28.217063],[77.605515,28.216837],[77.605637,28.216837]]]},"properties":{"objectid":2661,"uniqueplotid":"PLNGINDUSTRIAL2661","plotmap_id":"SECTOR-32_962_GENERAL INDUSTRY_IND","plotidentificationnumber":"962","plotno":"962","industrysector":"SECTOR-32","block":"GENERAL INDUSTRY","plotsize":"300 SQMT","plotsize_at_the_time_of_allotme":"300 SQMT","landuse_type":"INDUSTRIAL","landuse_subcategory":"INDUSTRIAL","scheme_cod":"IND02","investment":5,"employment":18,"plotstatus":"Allotted","landallotementstatus":"SOLD","landallotementtype":"ALLOTTED","allotmentid":"YIND021075","allotment_date":1442255400000,"rate_of_allotment":6100,"lease_deed":"Y","possession":"Y","possession_date":1729794600000,"village_name":"Chakbirampur","khasra_no":"145,146","longitude":77.60557659000001,"latitude":28.21695008,"authority":"YEIDA","category":"industrial","execution_stage":"possession-recorded"}},{"type":"Feature","geometry":{"type":"Polygon","coordinates":[[[77.609505,28.221058],[77.609505,28.221284],[77.609383,28.221284],[77.609383,28.221059],[77.609505,28.221058]]]},"properties":{"objectid":2665,"uniqueplotid":"PLNGINDUSTRIAL2665","plotmap_id":"SECTOR-32_320_GENERAL INDUSTRY_IND","plotidentificationnumber":"320","plotno":"320","industrysector":"SECTOR-32","block":"GENERAL INDUSTRY","plotsize":"300 SQMT","plotsize_at_the_time_of_allotme":"300 SQMT","landuse_type":"INDUSTRIAL","landuse_subcategory":"INDUSTRIAL","scheme_cod":"IND02","investment":5,"employment":18,"plotstatus":"Allotted","landallotementstatus":"SOLD","landallotementtype":"ALLOTTED","allotmentid":"YIND021126","allotment_date":1442255400000,"rate_of_allotment":6100,"lease_deed":"Y","possession":"N","village_name":"Chakbirampur","khasra_no":"75","longitude":77.60944402999999,"latitude":28.22117111,"authority":"YEIDA","category":"industrial","execution_stage":"lease-recorded"}},{"type":"Feature","geometry":{"type":"Polygon","coordinates":[[[77.617903,28.223129],[77.617904,28.2234],[77.617294,28.223402],[77.617293,28.223132],[77.617903,28.223129]]]},"properties":{"objectid":2669,"uniqueplotid":"PLNGINDUSTRIAL2669","plotmap_id":"SECTOR-32_1130_GENERAL INDUSTRY_IND","plotidentificationnumber":"1130","plotno":"1130","industrysector":"SECTOR-32","block":"GENERAL INDUSTRY","plotsize":"1800 SQMT","plotsize_at_the_time_of_allotme":"1800 SQMT","landuse_type":"INDUSTRIAL","landuse_subcategory":"INDUSTRIAL","scheme_cod":"IND07","investment":11,"employment":40,"plotstatus":"Allotted","landallotementstatus":"SOLD","landallotementtype":"ALLOTTED","allotmentid":"YIND071343","allotment_date":1625077800000,"rate_of_allotment":7010,"lease_deed":"N","possession":"N","village_name":"Birampur","khasra_no":"4","longitude":77.61759713000001,"latitude":28.22326609,"authority":"YEIDA","category":"industrial","execution_stage":"allotted"}},{"type":"Feature","geometry":{"type":"Polygon","coordinates":[[[77.606628,28.22129],[77.606629,28.221516],[77.606507,28.221516],[77.606506,28.221291],[77.606628,28.22129]]]},"properties":{"objectid":2672,"uniqueplotid":"PLNGINDUSTRIAL2672","plotmap_id":"SECTOR-32_284_GENERAL INDUSTRY_IND","plotidentificationnumber":"284","plotno":"284","industrysector":"SECTOR-32","block":"GENERAL INDUSTRY","plotsize":"300 SQMT","plotsize_at_the_time_of_allotme":"300 SQMT","landuse_type":"INDUSTRIAL","landuse_subcategory":"INDUSTRIAL","scheme_cod":"IND04","investment":5,"employment":18,"plotstatus":"Allotted","landallotementstatus":"SOLD","landallotementtype":"ALLOTTED","allotmentid":"YIND041011","allotment_date":1546972200000,"rate_of_allotment":6405,"lease_deed":"Y","possession":"N","village_name":"Chakbirampur","khasra_no":"81,82","longitude":77.60656763,"latitude":28.22140334,"authority":"YEIDA","category":"industrial","execution_stage":"lease-recorded"}},{"type":"Feature","geometry":{"type":"Polygon","coordinates":[[[77.60601,28.218703],[77.60601,28.218974],[77.605858,28.218974],[77.605857,28.218704],[77.60601,28.218703]]]},"properties":{"objectid":2684,"uniqueplotid":"PLNGINDUSTRIAL2684","plotmap_id":"SECTOR-32_659_GENERAL INDUSTRY_IND","plotidentificationnumber":"659","plotno":"659","industrysector":"SECTOR-32","block":"GENERAL INDUSTRY","plotsize":"450 SQMT","plotsize_at_the_time_of_allotme":"450 SQMT","plot_size_as_per_lease_plan":450,"landuse_type":"INDUSTRIAL","landuse_subcategory":"INDUSTRIAL","scheme_cod":"IND01","investment":3,"employment":12,"plotstatus":"Allotted","landallotementstatus":"SOLD","landallotementtype":"ALLOTTED","allotmentid":"YIND010633","allotment_date":1442255400000,"rate_of_allotment":6100,"lease_deed":"Y","possession":"Y","possession_date":1722277800000,"map_sanctioned_from_planning":"Y","village_name":"Chakbirampur","khasra_no":"90,89","longitude":77.60593361000001,"latitude":28.218838830000003,"authority":"YEIDA","category":"industrial","execution_stage":"construction-or-map-approval"}},{"type":"Feature","geometry":{"type":"Polygon","coordinates":[[[77.606777,28.22],[77.606625,28.220001],[77.606624,28.21973],[77.606776,28.21973],[77.606777,28.22]]]},"properties":{"objectid":2692,"uniqueplotid":"PLNGINDUSTRIAL2692","plotmap_id":"SECTOR-32_503_GENERAL INDUSTRY_IND","plotidentificationnumber":"503","plotno":"503","industrysector":"SECTOR-32","block":"GENERAL INDUSTRY","plotsize":"450 SQMT","plotsize_at_the_time_of_allotme":"450 SQMT","landuse_type":"INDUSTRIAL","landuse_subcategory":"INDUSTRIAL","scheme_cod":"IND06","investment":4,"employment":13,"plotstatus":"Allotted","landallotementstatus":"SOLD","landallotementtype":"ALLOTTED","allotmentid":"YIND061234","allotment_date":1574361000000,"rate_of_allotment":6670,"lease_deed":"Y","possession":"N","village_name":"Chakbirampur","khasra_no":"89,81,92","longitude":77.60669622,"latitude":28.21985774,"authority":"YEIDA","category":"industrial","execution_stage":"lease-recorded"}},{"type":"Feature","geometry":{"type":"Polygon","coordinates":[[[77.608161,28.221061],[77.608161,28.221287],[77.608039,28.221287],[77.608038,28.221062],[77.608161,28.221061]]]},"properties":{"objectid":2695,"uniqueplotid":"PLNGINDUSTRIAL2695","plotmap_id":"SECTOR-32_331_GENERAL INDUSTRY_IND","plotidentificationnumber":"331","plotno":"331","industrysector":"SECTOR-32","block":"GENERAL INDUSTRY","plotsize":"300 SQMT","plotsize_at_the_time_of_allotme":"300 SQMT","landuse_type":"INDUSTRIAL","landuse_subcategory":"INDUSTRIAL","scheme_cod":"IND06","investment":3,"employment":9,"plotstatus":"Allotted","landallotementstatus":"SOLD","landallotementtype":"ALLOTTED","allotmentid":"YIND061082","allotment_date":1574361000000,"rate_of_allotment":6670,"lease_deed":"N","possession":"N","village_name":"Chakbirampur","khasra_no":"82","longitude":77.60809979,"latitude":28.22117426,"authority":"YEIDA","category":"industrial","execution_stage":"allotted"}},{"type":"Feature","geometry":{"type":"Polygon","coordinates":[[[77.608406,28.221286],[77.608406,28.221512],[77.608284,28.221512],[77.608283,28.221287],[77.608406,28.221286]]]},"properties":{"objectid":2705,"uniqueplotid":"PLNGINDUSTRIAL2705","plotmap_id":"SECTOR-32_296_GENERAL INDUSTRY_IND","plotidentificationnumber":"296","plotno":"296","industrysector":"SECTOR-32","block":"GENERAL INDUSTRY","plotsize":"300 SQMT","plotsize_at_the_time_of_allotme":"300 SQMT","landuse_type":"INDUSTRIAL","landuse_subcategory":"INDUSTRIAL","scheme_cod":"IND05","investment":5,"employment":18,"plotstatus":"Allotted","landallotementstatus":"SOLD","landallotementtype":"ALLOTTED","allotmentid":"YIND051011","allotment_date":1542565800000,"rate_of_allotment":6405,"lease_deed":"N","possession":"N","village_name":"Chakbirampur","khasra_no":"83","longitude":77.60834488,"latitude":28.221399169999998,"authority":"YEIDA","category":"industrial","execution_stage":"allotted"}},{"type":"Feature","geometry":{"type":"Polygon","coordinates":[[[77.607823,28.22053],[77.607824,28.220846],[77.607651,28.220846],[77.60765,28.22053],[77.607823,28.22053]]]},"properties":{"objectid":2709,"uniqueplotid":"PLNGINDUSTRIAL2709","plotmap_id":"SECTOR-32_413_GENERAL INDUSTRY_IND","plotidentificationnumber":"413","plotno":"413","industrysector":"SECTOR-32","block":"GENERAL INDUSTRY","plotsize":"595 SQMT","plotsize_at_the_time_of_allotme":"595 SQMT","landuse_type":"INDUSTRIAL","landuse_subcategory":"INDUSTRIAL","scheme_cod":"IND06","investment":5,"employment":17,"plotstatus":"Allotted","landallotementstatus":"SOLD","landallotementtype":"ALLOTTED","allotmentid":"YIND061312","allotment_date":1574361000000,"rate_of_allotment":6670,"lease_deed":"Y","possession":"Y","possession_date":1631557800000,"village_name":"Chakbirampur","khasra_no":"82","longitude":77.6077368,"latitude":28.22068807,"authority":"YEIDA","category":"industrial","execution_stage":"possession-recorded"}},{"type":"Feature","geometry":{"type":"Polygon","coordinates":[[[77.605892,28.220219],[77.605893,28.220535],[77.60572,28.220535],[77.605719,28.220219],[77.605892,28.220219]]]},"properties":{"objectid":2710,"uniqueplotid":"PLNGINDUSTRIAL2710","plotmap_id":"SECTOR-32_447_GENERAL INDUSTRY_IND","plotidentificationnumber":"447","plotno":"447","industrysector":"SECTOR-32","block":"GENERAL INDUSTRY","plotsize":"595 SQMT","plotsize_at_the_time_of_allotme":"595 SQMT","landuse_type":"INDUSTRIAL","landuse_subcategory":"INDUSTRIAL","scheme_cod":"IND02","investment":5,"employment":16,"plotstatus":"Allotted","landallotementstatus":"SOLD","landallotementtype":"ALLOTTED","allotmentid":"YIND021462","allotment_date":1442255400000,"rate_of_allotment":6100,"lease_deed":"N","possession":"N","village_name":"Chakbirampur","khasra_no":"89","longitude":77.60580585,"latitude":28.22037694,"authority":"YEIDA","category":"industrial","execution_stage":"allotted"}},{"type":"Feature","geometry":{"type":"Polygon","coordinates":[[[77.606495,28.217503],[77.606495,28.217728],[77.606373,28.217728],[77.606373,28.217503],[77.606495,28.217503]]]},"properties":{"objectid":2712,"uniqueplotid":"PLNGINDUSTRIAL2712","plotmap_id":"SECTOR-32_833_GENERAL INDUSTRY_IND","plotidentificationnumber":"833","plotno":"833","industrysector":"SECTOR-32","block":"GENERAL INDUSTRY","plotsize":"300 SQMT","plotsize_at_the_time_of_allotme":"300 SQMT","plot_size_as_per_lease_plan":304.8,"landuse_type":"INDUSTRIAL","landuse_subcategory":"INDUSTRIAL","scheme_cod":"IND06","investment":3,"employment":9,"plotstatus":"Allotted","landallotementstatus":"SOLD","landallotementtype":"ALLOTTED","allotmentid":"YIND061091","allotment_date":1574361000000,"rate_of_allotment":6670,"lease_deed":"Y","possession":"Y","possession_date":1715452200000,"village_name":"Chakbirampur","khasra_no":"147,129","longitude":77.60643402999999,"latitude":28.217615520000003,"authority":"YEIDA","category":"industrial","execution_stage":"possession-recorded"}},{"type":"Feature","geometry":{"type":"Polygon","coordinates":[[[77.607415,28.216833],[77.607415,28.217059],[77.607293,28.217059],[77.607292,28.216833],[77.607415,28.216833]]]},"properties":{"objectid":2718,"uniqueplotid":"PLNGINDUSTRIAL2718","plotmap_id":"SECTOR-32_974_GENERAL INDUSTRY_IND","plotidentificationnumber":"974","plotno":"974","industrysector":"SECTOR-32","block":"GENERAL INDUSTRY","plotsize":"300 SQMT","plotsize_at_the_time_of_allotme":"300 SQMT","plot_size_as_per_lease_plan":300,"landuse_type":"INDUSTRIAL","landuse_subcategory":"INDUSTRIAL","scheme_cod":"IND02","investment":5,"employment":18,"plotstatus":"Allotted","landallotementstatus":"SOLD","landallotementtype":"ALLOTTED","allotmentid":"YIND021334","allotment_date":1442255400000,"rate_of_allotment":6100,"lease_deed":"Y","possession":"Y","possession_date":1689013800000,"village_name":"Chakbirampur","khasra_no":"117","longitude":77.60735384,"latitude":28.21694591,"authority":"YEIDA","category":"industrial","execution_stage":"possession-recorded"}},{"type":"Feature","geometry":{"type":"Polygon","coordinates":[[[77.606165,28.219731],[77.606166,28.220002],[77.606013,28.220002],[77.606013,28.219732],[77.606165,28.219731]]]},"properties":{"objectid":2730,"uniqueplotid":"PLNGINDUSTRIAL2730","plotmap_id":"SECTOR-32_499_GENERAL INDUSTRY_IND","plotidentificationnumber":"499","plotno":"499","industrysector":"SECTOR-32","block":"GENERAL INDUSTRY","plotsize":"450 SQMT","plotsize_at_the_time_of_allotme":"450 SQMT","landuse_type":"INDUSTRIAL","landuse_subcategory":"INDUSTRIAL","scheme_cod":"IND04","investment":4,"employment":13,"plotstatus":"Allotted","landallotementstatus":"SOLD","landallotementtype":"ALLOTTED","allotmentid":"YIND041109","allotment_date":1546972200000,"rate_of_allotment":6405,"lease_deed":"N","possession":"N","village_name":"Chakbirampur","khasra_no":"89","longitude":77.60608945999999,"latitude":28.21986668,"authority":"YEIDA","category":"industrial","execution_stage":"allotted"}},{"type":"Feature","geometry":{"type":"Polygon","coordinates":[[[77.606873,28.221515],[77.606751,28.221516],[77.606751,28.22129],[77.606873,28.22129],[77.606873,28.221515]]]},"properties":{"objectid":2738,"uniqueplotid":"PLNGINDUSTRIAL2738","plotmap_id":"SECTOR-32_286_GENERAL INDUSTRY_IND","plotidentificationnumber":"286","plotno":"286","industrysector":"SECTOR-32","block":"GENERAL INDUSTRY","plotsize":"300 SQMT","plotsize_at_the_time_of_allotme":"300 SQMT","plot_size_as_per_lease_plan":300,"landuse_type":"INDUSTRIAL","landuse_subcategory":"INDUSTRIAL","scheme_cod":"IND03","investment":5,"employment":18,"plotstatus":"Allotted","landallotementstatus":"SOLD","landallotementtype":"ALLOTTED","allotmentid":"YIND031017","allotment_date":1483381800000,"rate_of_allotment":6405,"lease_deed":"Y","possession":"N","village_name":"Chakbirampur","khasra_no":"81,82","longitude":77.60681070000001,"latitude":28.22140031,"authority":"YEIDA","category":"industrial","execution_stage":"lease-recorded"}},{"type":"Feature","geometry":{"type":"Polygon","coordinates":[[[77.60804,28.221729],[77.608041,28.221955],[77.607919,28.221955],[77.607918,28.221729],[77.60804,28.221729]]]},"properties":{"objectid":2742,"uniqueplotid":"PLNGINDUSTRIAL2742","plotmap_id":"SECTOR-32_196_GENERAL INDUSTRY_IND","plotidentificationnumber":"196","plotno":"196","industrysector":"SECTOR-32","block":"GENERAL INDUSTRY","plotsize":"300 SQMT","plotsize_at_the_time_of_allotme":"300 SQMT","landuse_type":"INDUSTRIAL","landuse_subcategory":"INDUSTRIAL","scheme_cod":"IND02","investment":5,"employment":18,"plotstatus":"Allotted","landallotementstatus":"SOLD","landallotementtype":"ALLOTTED","allotmentid":"YIND021186","allotment_date":1442255400000,"rate_of_allotment":6100,"lease_deed":"N","possession":"N","village_name":"Chakbirampur","khasra_no":"83","longitude":77.60797959,"latitude":28.221841970000003,"authority":"YEIDA","category":"industrial","execution_stage":"allotted"}},{"type":"Feature","geometry":{"type":"Polygon","coordinates":[[[77.609751,28.221725],[77.609752,28.221951],[77.60963,28.221951],[77.609629,28.221725],[77.609751,28.221725]]]},"properties":{"objectid":2745,"uniqueplotid":"PLNGINDUSTRIAL2745","plotmap_id":"SECTOR-32_182_GENERAL INDUSTRY_IND","plotidentificationnumber":"182","plotno":"182","industrysector":"SECTOR-32","block":"GENERAL INDUSTRY","plotsize":"300 SQMT","plotsize_at_the_time_of_allotme":"300 SQMT","landuse_type":"INDUSTRIAL","landuse_subcategory":"INDUSTRIAL","scheme_cod":"IND02","investment":5,"employment":18,"plotstatus":"Allotted","landallotementstatus":"SOLD","landallotementtype":"ALLOTTED","allotmentid":"YIND021215","allotment_date":1442255400000,"rate_of_allotment":6100,"lease_deed":"Y","possession":"Y","possession_date":1662661800000,"village_name":"Chakbirampur","khasra_no":"75","longitude":77.60969045,"latitude":28.22183795,"authority":"YEIDA","category":"industrial","execution_stage":"possession-recorded"}},{"type":"Feature","geometry":{"type":"Polygon","coordinates":[[[77.610362,28.221724],[77.610363,28.221949],[77.610241,28.221949],[77.61024,28.221724],[77.610362,28.221724]]]},"properties":{"objectid":2750,"uniqueplotid":"PLNGINDUSTRIAL2750","plotmap_id":"SECTOR-32_177_GENERAL INDUSTRY_IND","plotidentificationnumber":"177","plotno":"177","industrysector":"SECTOR-32","block":"GENERAL INDUSTRY","plotsize":"300 SQMT","plotsize_at_the_time_of_allotme":"300 SQMT","plot_size_as_per_lease_plan":300,"landuse_type":"INDUSTRIAL","landuse_subcategory":"INDUSTRIAL","scheme_cod":"IND02","investment":5,"employment":18,"plotstatus":"Allotted","landallotementstatus":"SOLD","landallotementtype":"ALLOTTED","allotmentid":"YIND021375","allotment_date":1442255400000,"rate_of_allotment":6100,"lease_deed":"Y","possession":"N","village_name":"Muradgarhi,Chakbirampur","khasra_no":"74,239","longitude":77.61030147,"latitude":28.22183652,"authority":"YEIDA","category":"industrial","execution_stage":"lease-recorded"}},{"type":"Feature","geometry":{"type":"Polygon","coordinates":[[[77.610185,28.220209],[77.610186,28.220524],[77.610012,28.220525],[77.610011,28.220209],[77.610185,28.220209]]]},"properties":{"objectid":2754,"uniqueplotid":"PLNGINDUSTRIAL2754","plotmap_id":"SECTOR-32_427_GENERAL INDUSTRY_IND","plotidentificationnumber":"427","plotno":"427","industrysector":"SECTOR-32","block":"GENERAL INDUSTRY","plotsize":"595 SQMT","plotsize_at_the_time_of_allotme":"595 SQMT","landuse_type":"INDUSTRIAL","landuse_subcategory":"INDUSTRIAL","scheme_cod":"IND06","investment":5,"employment":17,"plotstatus":"Allotted","landallotementstatus":"SOLD","landallotementtype":"ALLOTTED","allotmentid":"YIND061310","allotment_date":1574361000000,"rate_of_allotment":6670,"lease_deed":"Y","possession":"Y","possession_date":1653330600000,"village_name":"Chakbirampur","khasra_no":"78,71","longitude":77.61009846,"latitude":28.220366860000002,"authority":"YEIDA","category":"industrial","execution_stage":"possession-recorded"}},{"type":"Feature","geometry":{"type":"Polygon","coordinates":[[[77.606316,28.218973],[77.606317,28.219244],[77.606164,28.219244],[77.606163,28.218974],[77.606316,28.218973]]]},"properties":{"objectid":2757,"uniqueplotid":"PLNGINDUSTRIAL2757","plotmap_id":"SECTOR-32_608_GENERAL INDUSTRY_IND","plotidentificationnumber":"608","plotno":"608","industrysector":"SECTOR-32","block":"GENERAL INDUSTRY","plotsize":"450 SQMT","plotsize_at_the_time_of_allotme":"450 SQMT","landuse_type":"INDUSTRIAL","landuse_subcategory":"INDUSTRIAL","scheme_cod":"IND01","investment":3,"employment":12,"plotstatus":"Allotted","landallotementstatus":"SOLD","landallotementtype":"ALLOTTED","allotmentid":"YIND010662","allotment_date":1442255400000,"rate_of_allotment":6100,"lease_deed":"Y","possession":"Y","possession_date":1730917800000,"village_name":"Chakbirampur","khasra_no":"89,91","longitude":77.60623994,"latitude":28.2191087,"authority":"YEIDA","category":"industrial","execution_stage":"possession-recorded"}},{"type":"Feature","geometry":{"type":"Polygon","coordinates":[[[77.607907,28.217941],[77.607908,28.218212],[77.607755,28.218212],[77.607754,28.217942],[77.607907,28.217941]]]},"properties":{"objectid":2758,"uniqueplotid":"PLNGINDUSTRIAL2758","plotmap_id":"SECTOR-32_757_GENERAL INDUSTRY_IND","plotidentificationnumber":"757","plotno":"757","industrysector":"SECTOR-32","block":"GENERAL INDUSTRY","plotsize":"450 SQMT","plotsize_at_the_time_of_allotme":"450 SQMT","plot_size_as_per_lease_plan":450,"landuse_type":"INDUSTRIAL","landuse_subcategory":"INDUSTRIAL","scheme_cod":"IND07","investment":3,"employment":10,"plotstatus":"Allotted","landallotementstatus":"SOLD","landallotementtype":"ALLOTTED","allotmentid":"YIND071225","allotment_date":1625077800000,"rate_of_allotment":7010,"lease_deed":"Y","possession":"N","village_name":"Chakbirampur","khasra_no":"124","longitude":77.60783078,"latitude":28.21807674,"authority":"YEIDA","category":"industrial","execution_stage":"lease-recorded"}},{"type":"Feature","geometry":{"type":"Polygon","coordinates":[[[77.608407,28.221728],[77.608408,28.221954],[77.608285,28.221954],[77.608285,28.221729],[77.608407,28.221728]]]},"properties":{"objectid":2760,"uniqueplotid":"PLNGINDUSTRIAL2760","plotmap_id":"SECTOR-32_193_GENERAL INDUSTRY_IND","plotidentificationnumber":"193","plotno":"193","industrysector":"SECTOR-32","block":"GENERAL INDUSTRY","plotsize":"300 SQMT","plotsize_at_the_time_of_allotme":"300 SQMT","landuse_type":"INDUSTRIAL","landuse_subcategory":"INDUSTRIAL","scheme_cod":"IND02","investment":5,"employment":18,"plotstatus":"Allotted","landallotementstatus":"SOLD","landallotementtype":"ALLOTTED","allotmentid":"YIND021199","allotment_date":1442255400000,"rate_of_allotment":6100,"lease_deed":"Y","possession":"Y","possession_date":1727375400000,"map_sanctioned_from_planning":"Y","village_name":"Chakbirampur","khasra_no":"83","longitude":77.60834621,"latitude":28.221841110000003,"authority":"YEIDA","category":"industrial","execution_stage":"construction-or-map-approval"}},{"type":"Feature","geometry":{"type":"Polygon","coordinates":[[[77.607537,28.216833],[77.607537,28.217058],[77.607415,28.217059],[77.607415,28.216833],[77.607537,28.216833]]]},"properties":{"objectid":2763,"uniqueplotid":"PLNGINDUSTRIAL2763","plotmap_id":"SECTOR-32_975_GENERAL INDUSTRY_IND","plotidentificationnumber":"975","plotno":"975","industrysector":"SECTOR-32","block":"GENERAL INDUSTRY","plotsize":"300 SQMT","plotsize_at_the_time_of_allotme":"300 SQMT","plot_size_as_per_lease_plan":300,"landuse_type":"INDUSTRIAL","landuse_subcategory":"INDUSTRIAL","scheme_cod":"IND02","investment":5,"employment":18,"plotstatus":"Allotted","landallotementstatus":"SOLD","landallotementtype":"ALLOTTED","allotmentid":"YIND021266","allotment_date":1442255400000,"rate_of_allotment":6100,"lease_deed":"Y","possession":"Y","possession_date":1694370600000,"village_name":"Chakbirampur","khasra_no":"117","longitude":77.60747604,"latitude":28.21694562,"authority":"YEIDA","category":"industrial","execution_stage":"possession-recorded"}},{"type":"Feature","geometry":{"type":"Polygon","coordinates":[[[77.609127,28.217271],[77.609127,28.217496],[77.609005,28.217497],[77.609005,28.217271],[77.609127,28.217271]]]},"properties":{"objectid":2764,"uniqueplotid":"PLNGINDUSTRIAL2764","plotmap_id":"SECTOR-32_873_GENERAL INDUSTRY_IND","plotidentificationnumber":"873","plotno":"873","industrysector":"SECTOR-32","block":"GENERAL INDUSTRY","plotsize":"300 SQMT","plotsize_at_the_time_of_allotme":"300 SQMT","landuse_type":"INDUSTRIAL","landuse_subcategory":"INDUSTRIAL","scheme_cod":"IND06","investment":3,"employment":9,"plotstatus":"Allotted","landallotementstatus":"SOLD","landallotementtype":"ALLOTTED","allotmentid":"YIND061005","allotment_date":1574361000000,"rate_of_allotment":6670,"lease_deed":"Y","possession":"N","village_name":"Chakbirampur","khasra_no":"118,102,120","longitude":77.60906602,"latitude":28.21738385,"authority":"YEIDA","category":"industrial","execution_stage":"lease-recorded"}},{"type":"Feature","geometry":{"type":"Polygon","coordinates":[[[77.608981,28.219725],[77.608982,28.219995],[77.608829,28.219996],[77.608829,28.219725],[77.608981,28.219725]]]},"properties":{"objectid":2775,"uniqueplotid":"PLNGINDUSTRIAL2775","plotmap_id":"SECTOR-32_515_GENERAL INDUSTRY_IND","plotidentificationnumber":"515","plotno":"515","industrysector":"SECTOR-32","block":"GENERAL INDUSTRY","plotsize":"450 SQMT","plotsize_at_the_time_of_allotme":"450 SQMT","plot_size_as_per_lease_plan":450,"landuse_type":"INDUSTRIAL","landuse_subcategory":"INDUSTRIAL","scheme_cod":"IND06","investment":4,"employment":13,"plotstatus":"Allotted","landallotementstatus":"SOLD","landallotementtype":"ALLOTTED","allotmentid":"YIND061191","allotment_date":1574361000000,"rate_of_allotment":6670,"lease_deed":"Y","possession":"Y","possession_date":1684693800000,"map_sanctioned_from_planning":"Y","village_name":"Chakbirampur","khasra_no":"94,95","longitude":77.60890544,"latitude":28.21986007,"authority":"YEIDA","category":"industrial","execution_stage":"construction-or-map-approval"}},{"type":"Feature","geometry":{"type":"Polygon","coordinates":[[[77.606317,28.21946],[77.606318,28.219731],[77.606165,28.219731],[77.606165,28.219461],[77.606317,28.21946]]]},"properties":{"objectid":2776,"uniqueplotid":"PLNGINDUSTRIAL2776","plotmap_id":"SECTOR-32_549_GENERAL INDUSTRY_IND","plotidentificationnumber":"549","plotno":"549","industrysector":"SECTOR-32","block":"GENERAL INDUSTRY","plotsize":"450 SQMT","plotsize_at_the_time_of_allotme":"450 SQMT","landuse_type":"INDUSTRIAL","landuse_subcategory":"INDUSTRIAL","scheme_cod":"IND01","investment":3,"employment":12,"plotstatus":"Allotted","landallotementstatus":"SOLD","landallotementtype":"ALLOTTED","allotmentid":"YIND010566","allotment_date":1442255400000,"rate_of_allotment":6100,"lease_deed":"Y","possession":"Y","possession_date":1701801000000,"village_name":"Chakbirampur","khasra_no":"89","longitude":77.6062414,"latitude":28.21959574,"authority":"YEIDA","category":"industrial","execution_stage":"possession-recorded"}},{"type":"Feature","geometry":{"type":"Polygon","coordinates":[[[77.610354,28.218964],[77.610355,28.219234],[77.610202,28.219235],[77.610201,28.218964],[77.610354,28.218964]]]},"properties":{"objectid":2780,"uniqueplotid":"PLNGINDUSTRIAL2780","plotmap_id":"SECTOR-32_632_GENERAL INDUSTRY_IND","plotidentificationnumber":"632","plotno":"632","industrysector":"SECTOR-32","block":"GENERAL INDUSTRY","plotsize":"450 SQMT","plotsize_at_the_time_of_allotme":"450 SQMT","plot_size_as_per_lease_plan":450,"landuse_type":"INDUSTRIAL","landuse_subcategory":"INDUSTRIAL","scheme_cod":"IND06","investment":4,"employment":13,"plotstatus":"Allotted","landallotementstatus":"SOLD","landallotementtype":"ALLOTTED","allotmentid":"YIND061297","allotment_date":1574361000000,"rate_of_allotment":6670,"lease_deed":"Y","possession":"N","village_name":"Chakbirampur","khasra_no":"95","longitude":77.61027796,"latitude":28.21909922,"authority":"YEIDA","category":"industrial","execution_stage":"lease-recorded"}},{"type":"Feature","geometry":{"type":"Polygon","coordinates":[[[77.609287,28.219724],[77.609288,28.219994],[77.609135,28.219995],[77.609134,28.219724],[77.609287,28.219724]]]},"properties":{"objectid":2786,"uniqueplotid":"PLNGINDUSTRIAL2786","plotmap_id":"SECTOR-32_517_GENERAL INDUSTRY_IND","plotidentificationnumber":"517","plotno":"517","industrysector":"SECTOR-32","block":"GENERAL INDUSTRY","plotsize":"450 SQMT","plotsize_at_the_time_of_allotme":"450 SQMT","landuse_type":"INDUSTRIAL","landuse_subcategory":"INDUSTRIAL","scheme_cod":"IND06","investment":4,"employment":13,"plotstatus":"Allotted","landallotementstatus":"SOLD","landallotementtype":"ALLOTTED","allotmentid":"YIND061298","allotment_date":1574361000000,"rate_of_allotment":6670,"lease_deed":"Y","possession":"N","village_name":"Chakbirampur","khasra_no":"94,95","longitude":77.60921095,"latitude":28.21985935,"authority":"YEIDA","category":"industrial","execution_stage":"lease-recorded"}},{"type":"Feature","geometry":{"type":"Polygon","coordinates":[[[77.605896,28.221734],[77.605897,28.22196],[77.605775,28.22196],[77.605774,28.221734],[77.605896,28.221734]]]},"properties":{"objectid":2788,"uniqueplotid":"PLNGINDUSTRIAL2788","plotmap_id":"SECTOR-32_211_GENERAL INDUSTRY_IND","plotidentificationnumber":"211","plotno":"211","industrysector":"SECTOR-32","block":"GENERAL INDUSTRY","plotsize":"300 SQMT","plotsize_at_the_time_of_allotme":"300 SQMT","plot_size_as_per_lease_plan":300,"landuse_type":"INDUSTRIAL","landuse_subcategory":"INDUSTRIAL","scheme_cod":"IND02","investment":5,"employment":18,"plotstatus":"Allotted","landallotementstatus":"SOLD","landallotementtype":"ALLOTTED","allotmentid":"YIND021162","allotment_date":1442255400000,"rate_of_allotment":6100,"lease_deed":"Y","possession":"Y","possession_date":1691260200000,"map_sanctioned_from_planning":"Y","units_under_production":"Y","completion":"Y","completion_issue_date":1737397800000,"village_name":"Chakbirampur","khasra_no":"85","longitude":77.60583574,"latitude":28.221847,"authority":"YEIDA","category":"industrial","execution_stage":"functional-evidence"}},{"type":"Feature","geometry":{"type":"Polygon","coordinates":[[[77.60576,28.216837],[77.60576,28.217062],[77.605638,28.217063],[77.605637,28.216837],[77.60576,28.216837]]]},"properties":{"objectid":2789,"uniqueplotid":"PLNGINDUSTRIAL2789","plotmap_id":"SECTOR-32_963_GENERAL INDUSTRY_IND","plotidentificationnumber":"963","plotno":"963","industrysector":"SECTOR-32","block":"GENERAL INDUSTRY","plotsize":"300 SQMT","plotsize_at_the_time_of_allotme":"300 SQMT","landuse_type":"INDUSTRIAL","landuse_subcategory":"INDUSTRIAL","scheme_cod":"IND02","investment":5,"employment":18,"plotstatus":"Allotted","landallotementstatus":"SOLD","landallotementtype":"ALLOTTED","allotmentid":"YIND021031","allotment_date":1442255400000,"rate_of_allotment":6100,"lease_deed":"N","possession":"N","village_name":"Chakbirampur","khasra_no":"145,146","longitude":77.60569878999999,"latitude":28.2169498,"authority":"YEIDA","category":"industrial","execution_stage":"allotted"}},{"type":"Feature","geometry":{"type":"Polygon","coordinates":[[[77.605897,28.22196],[77.605898,28.222185],[77.605776,28.222185],[77.605775,28.22196],[77.605897,28.22196]]]},"properties":{"objectid":2790,"uniqueplotid":"PLNGINDUSTRIAL2790","plotmap_id":"SECTOR-32_142_GENERAL INDUSTRY_IND","plotidentificationnumber":"142","plotno":"142","industrysector":"SECTOR-32","block":"GENERAL INDUSTRY","plotsize":"300 SQMT","plotsize_at_the_time_of_allotme":"300 SQMT","landuse_type":"INDUSTRIAL","landuse_subcategory":"INDUSTRIAL","scheme_cod":"IND02","investment":5,"employment":18,"plotstatus":"Allotted","landallotementstatus":"SOLD","landallotementtype":"ALLOTTED","allotmentid":"YIND021166","allotment_date":1442255400000,"rate_of_allotment":6100,"lease_deed":"Y","possession":"Y","possession_date":1698345000000,"village_name":"Chakbirampur","khasra_no":"85","longitude":77.60583641000001,"latitude":28.22207248,"authority":"YEIDA","category":"industrial","execution_stage":"possession-recorded"}},{"type":"Feature","geometry":{"type":"Polygon","coordinates":[[[77.607795,28.221288],[77.607795,28.221513],[77.607673,28.221513],[77.607672,28.221288],[77.607795,28.221288]]]},"properties":{"objectid":2793,"uniqueplotid":"PLNGINDUSTRIAL2793","plotmap_id":"SECTOR-32_291_GENERAL INDUSTRY_IND","plotidentificationnumber":"291","plotno":"291","industrysector":"SECTOR-32","block":"GENERAL INDUSTRY","plotsize":"300 SQMT","plotsize_at_the_time_of_allotme":"300 SQMT","plot_size_as_per_lease_plan":300,"landuse_type":"INDUSTRIAL","landuse_subcategory":"INDUSTRIAL","scheme_cod":"IND06","investment":3,"employment":9,"plotstatus":"Allotted","landallotementstatus":"SOLD","landallotementtype":"ALLOTTED","allotmentid":"YIND061177","allotment_date":1574361000000,"rate_of_allotment":6670,"lease_deed":"Y","possession":"N","village_name":"Chakbirampur","khasra_no":"82","longitude":77.60773386,"latitude":28.2214006,"authority":"YEIDA","category":"industrial","execution_stage":"lease-recorded"}},{"type":"Feature","geometry":{"type":"Polygon","coordinates":[[[77.606624,28.21973],[77.606625,28.220001],[77.606472,28.220001],[77.606471,28.21973],[77.606624,28.21973]]]},"properties":{"objectid":2796,"uniqueplotid":"PLNGINDUSTRIAL2796","plotmap_id":"SECTOR-32_502_GENERAL INDUSTRY_IND","plotidentificationnumber":"502","plotno":"502","industrysector":"SECTOR-32","block":"GENERAL INDUSTRY","plotsize":"450 SQMT","plotsize_at_the_time_of_allotme":"450 SQMT","landuse_type":"INDUSTRIAL","landuse_subcategory":"INDUSTRIAL","scheme_cod":"IND06","investment":4,"employment":13,"plotstatus":"Allotted","landallotementstatus":"SOLD","landallotementtype":"ALLOTTED","allotmentid":"YIND061300","allotment_date":1574361000000,"rate_of_allotment":6670,"lease_deed":"N","possession":"N","village_name":"Chakbirampur","khasra_no":"89","longitude":77.60654773,"latitude":28.2198656,"authority":"YEIDA","category":"industrial","execution_stage":"allotted"}},{"type":"Feature","geometry":{"type":"Polygon","coordinates":[[[77.608064,28.219456],[77.608065,28.219727],[77.607912,28.219727],[77.607911,28.219457],[77.608064,28.219456]]]},"properties":{"objectid":2797,"uniqueplotid":"PLNGINDUSTRIAL2797","plotmap_id":"SECTOR-32_540_GENERAL INDUSTRY_IND","plotidentificationnumber":"540","plotno":"540","industrysector":"SECTOR-32","block":"GENERAL INDUSTRY","plotsize":"450 SQMT","plotsize_at_the_time_of_allotme":"450 SQMT","plot_size_as_per_lease_plan":450,"landuse_type":"INDUSTRIAL","landuse_subcategory":"INDUSTRIAL","scheme_cod":"IND06","investment":4,"employment":13,"plotstatus":"Allotted","landallotementstatus":"SOLD","landallotementtype":"ALLOTTED","allotmentid":"YIND061190","allotment_date":1574361000000,"rate_of_allotment":6670,"lease_deed":"Y","lease_deed_date":1630348200000,"possession":"Y","possession_date":1684693800000,"map_sanctioned_from_planning":"Y","units_under_construction":"WORK COMPLETED","units_under_production":"Y","village_name":"Chakbirampur","khasra_no":"93,81,80,94","longitude":77.6079881,"latitude":28.21959164,"authority":"YEIDA","category":"industrial","execution_stage":"functional-evidence"}},{"type":"Feature","geometry":{"type":"Polygon","coordinates":[[[77.609614,28.216828],[77.609615,28.217053],[77.609493,28.217054],[77.609492,28.216828],[77.609614,28.216828]]]},"properties":{"objectid":2799,"uniqueplotid":"PLNGINDUSTRIAL2799","plotmap_id":"SECTOR-32_992_GENERAL INDUSTRY_IND","plotidentificationnumber":"992","plotno":"992","industrysector":"SECTOR-32","block":"GENERAL INDUSTRY","plotsize":"300 SQMT","plotsize_at_the_time_of_allotme":"300 SQMT","plot_size_as_per_lease_plan":300,"landuse_type":"INDUSTRIAL","landuse_subcategory":"INDUSTRIAL","scheme_cod":"IND06","investment":3,"employment":9,"plotstatus":"Allotted","landallotementstatus":"SOLD","landallotementtype":"ALLOTTED","allotmentid":"YIND061020","allotment_date":1574361000000,"rate_of_allotment":6670,"lease_deed":"Y","possession":"Y","possession_date":1686767400000,"village_name":"Chakbirampur","khasra_no":"102,101","longitude":77.60955351,"latitude":28.21694075,"authority":"YEIDA","category":"industrial","execution_stage":"possession-recorded"}},{"type":"Feature","geometry":{"type":"Polygon","coordinates":[[[77.605551,28.218704],[77.605552,28.218975],[77.605399,28.218975],[77.605399,28.218705],[77.605551,28.218704]]]},"properties":{"objectid":2801,"uniqueplotid":"PLNGINDUSTRIAL2801","plotmap_id":"SECTOR-32_662_GENERAL INDUSTRY_IND","plotidentificationnumber":"662","plotno":"662","industrysector":"SECTOR-32","block":"GENERAL INDUSTRY","plotsize":"450 SQMT","plotsize_at_the_time_of_allotme":"450 SQMT","plot_size_as_per_lease_plan":450,"landuse_type":"INDUSTRIAL","landuse_subcategory":"INDUSTRIAL","scheme_cod":"IND06","investment":4,"employment":13,"plotstatus":"Allotted","landallotementstatus":"SOLD","landallotementtype":"ALLOTTED","allotmentid":"YIND061295","allotment_date":1574361000000,"rate_of_allotment":6670,"lease_deed":"Y","possession":"Y","possession_date":1679423400000,"village_name":"Chakbirampur","khasra_no":"90","longitude":77.60547535,"latitude":28.218839910000003,"authority":"YEIDA","category":"industrial","execution_stage":"possession-recorded"}},{"type":"Feature","geometry":{"type":"Polygon","coordinates":[[[77.60806,28.217941],[77.60806,28.218211],[77.607908,28.218212],[77.607907,28.217941],[77.60806,28.217941]]]},"properties":{"objectid":2804,"uniqueplotid":"PLNGINDUSTRIAL2804","plotmap_id":"SECTOR-32_756_GENERAL INDUSTRY_IND","plotidentificationnumber":"756","plotno":"756","industrysector":"SECTOR-32","block":"GENERAL INDUSTRY","plotsize":"450 SQMT","plotsize_at_the_time_of_allotme":"450 SQMT","landuse_type":"INDUSTRIAL","landuse_subcategory":"INDUSTRIAL","scheme_cod":"YEA/IND-LOP(2021)-10","investment":3,"employment":10,"projects_cost_in_lacs":82,"plotstatus":"Allotted","landallotementstatus":"SOLD","landallotementtype":"ALLOTTED","allotmentid":"YIND100031","allotment_date":1650565800000,"rate_of_allotment":7010,"lease_deed":"Y","possession":"Y","possession_date":1705602600000,"village_name":"Chakbirampur","khasra_no":"122,123,124","longitude":77.60798354,"latitude":28.21807638,"authority":"YEIDA","category":"industrial","execution_stage":"possession-recorded"}},{"type":"Feature","geometry":{"type":"Polygon","coordinates":[[[77.608368,28.218968],[77.608369,28.219239],[77.608216,28.219239],[77.608215,28.218969],[77.608368,28.218968]]]},"properties":{"objectid":2805,"uniqueplotid":"PLNGINDUSTRIAL2805","plotmap_id":"SECTOR-32_619_GENERAL INDUSTRY_IND","plotidentificationnumber":"619","plotno":"619","industrysector":"SECTOR-32","block":"GENERAL INDUSTRY","plotsize":"450 SQMT","plotsize_at_the_time_of_allotme":"450 SQMT","plot_size_as_per_lease_plan":450,"landuse_type":"INDUSTRIAL","landuse_subcategory":"INDUSTRIAL","scheme_cod":"IND01","investment":3,"employment":12,"plotstatus":"Allotted","landallotementstatus":"SOLD","landallotementtype":"ALLOTTED","allotmentid":"YIND010569","allotment_date":1442255400000,"rate_of_allotment":6100,"lease_deed":"Y","possession":"Y","possession_date":1679941800000,"map_sanctioned_from_planning":"Y","village_name":"Chakbirampur","khasra_no":"93,95","longitude":77.60829214,"latitude":28.219103880000002,"authority":"YEIDA","category":"industrial","execution_stage":"construction-or-map-approval"}},{"type":"Feature","geometry":{"type":"Polygon","coordinates":[[[77.608365,28.21794],[77.608366,28.218211],[77.608213,28.218211],[77.608212,28.217941],[77.608365,28.21794]]]},"properties":{"objectid":2810,"uniqueplotid":"PLNGINDUSTRIAL2810","plotmap_id":"SECTOR-32_754_GENERAL INDUSTRY_IND","plotidentificationnumber":"754","plotno":"754","industrysector":"SECTOR-32","block":"GENERAL INDUSTRY","plotsize":"450 SQMT","plotsize_at_the_time_of_allotme":"450 SQMT","landuse_type":"INDUSTRIAL","landuse_subcategory":"INDUSTRIAL","scheme_cod":"YEA/IND-LOP(2021)-10","investment":3,"employment":10,"plotstatus":"Allotted","landallotementstatus":"SOLD","landallotementtype":"ALLOTTED","allotmentid":"YIND100035","allotment_date":1650565800000,"rate_of_allotment":7010,"lease_deed":"N","possession":"N","village_name":"Chakbirampur","khasra_no":"122,123,121","longitude":77.60828905,"latitude":28.21807567,"authority":"YEIDA","category":"industrial","execution_stage":"allotted"}},{"type":"Feature","geometry":{"type":"Polygon","coordinates":[[[77.608828,28.219454],[77.608829,28.219725],[77.608676,28.219725],[77.608675,28.219455],[77.608828,28.219454]]]},"properties":{"objectid":2812,"uniqueplotid":"PLNGINDUSTRIAL2812","plotmap_id":"SECTOR-32_535_GENERAL INDUSTRY_IND","plotidentificationnumber":"535","plotno":"535","industrysector":"SECTOR-32","block":"GENERAL INDUSTRY","plotsize":"450 SQMT","plotsize_at_the_time_of_allotme":"450 SQMT","plot_size_as_per_lease_plan":450,"landuse_type":"INDUSTRIAL","landuse_subcategory":"INDUSTRIAL","scheme_cod":"IND06","investment":4,"employment":13,"plotstatus":"Allotted","landallotementstatus":"SOLD","landallotementtype":"ALLOTTED","allotmentid":"YIND061279","allotment_date":1574361000000,"rate_of_allotment":6670,"lease_deed":"Y","possession":"N","village_name":"Chakbirampur","khasra_no":"94,95","longitude":77.60875186999999,"latitude":28.21958985,"authority":"YEIDA","category":"industrial","execution_stage":"lease-recorded"}},{"type":"Feature","geometry":{"type":"Polygon","coordinates":[[[77.617894,28.221235],[77.617895,28.221506],[77.617286,28.221508],[77.617284,28.221238],[77.617894,28.221235]]]},"properties":{"objectid":2813,"uniqueplotid":"PLNGINDUSTRIAL2813","plotmap_id":"SECTOR-32_1137_GENERAL INDUSTRY_IND","plotidentificationnumber":"1137","plotno":"1137","industrysector":"SECTOR-32","block":"GENERAL INDUSTRY","plotsize":"1800 SQMT","plotsize_at_the_time_of_allotme":"1800 SQMT","landuse_type":"INDUSTRIAL","landuse_subcategory":"INDUSTRIAL","scheme_cod":"YEA/IND-LOP(2021)-10","investment":11,"employment":40,"plot_total_employment":"SAHIBABAD INDUSTRIAL AREA","projects_cost_in_lacs":159,"plotstatus":"Allotted","landallotementstatus":"SOLD","landallotementtype":"ALLOTTED","allotmentid":"YIND100068","allotment_date":1650565800000,"rate_of_allotment":7010,"lease_deed":"N","possession":"N","village_name":"Birampur","khasra_no":"21,41,34,33,20","longitude":77.61759975000001,"latitude":28.22137622,"authority":"YEIDA","category":"industrial","execution_stage":"allotted"}},{"type":"Feature","geometry":{"type":"Polygon","coordinates":[[[77.609125,28.216829],[77.609126,28.217054],[77.609004,28.217055],[77.609003,28.216829],[77.609125,28.216829]]]},"properties":{"objectid":2814,"uniqueplotid":"PLNGINDUSTRIAL2814","plotmap_id":"SECTOR-32_988_GENERAL INDUSTRY_IND","plotidentificationnumber":"988","plotno":"988","industrysector":"SECTOR-32","block":"GENERAL INDUSTRY","plotsize":"300 SQMT","plotsize_at_the_time_of_allotme":"300 SQMT","plot_size_as_per_lease_plan":300,"landuse_type":"INDUSTRIAL","landuse_subcategory":"INDUSTRIAL","scheme_cod":"IND02","investment":5,"employment":18,"plotstatus":"Allotted","landallotementstatus":"SOLD","landallotementtype":"ALLOTTED","allotmentid":"YIND021273","allotment_date":1442255400000,"rate_of_allotment":6100,"lease_deed":"Y","possession":"Y","possession_date":1678818600000,"village_name":"Chakbirampur","khasra_no":"103,102","longitude":77.60906469,"latitude":28.2169419,"authority":"YEIDA","category":"industrial","execution_stage":"possession-recorded"}},{"type":"Feature","geometry":{"type":"Polygon","coordinates":[[[77.606248,28.216836],[77.606249,28.217061],[77.606127,28.217062],[77.606126,28.216836],[77.606248,28.216836]]]},"properties":{"objectid":2815,"uniqueplotid":"PLNGINDUSTRIAL2815","plotmap_id":"SECTOR-32_967_GENERAL INDUSTRY_IND","plotidentificationnumber":"967","plotno":"967","industrysector":"SECTOR-32","block":"GENERAL INDUSTRY","plotsize":"300 SQMT","plotsize_at_the_time_of_allotme":"300 SQMT","landuse_type":"INDUSTRIAL","landuse_subcategory":"INDUSTRIAL","scheme_cod":"IND02","investment":5,"employment":18,"plotstatus":"Allotted","landallotementstatus":"SOLD","landallotementtype":"ALLOTTED","allotmentid":"YIND021317","allotment_date":1442255400000,"rate_of_allotment":6100,"lease_deed":"Y","possession":"Y","possession_date":1651689000000,"village_name":"Chakbirampur","khasra_no":"145,147","longitude":77.60618760999999,"latitude":28.21694865,"authority":"YEIDA","category":"industrial","execution_stage":"possession-recorded"}},{"type":"Feature","geometry":{"type":"Polygon","coordinates":[[[77.608366,28.218211],[77.608367,28.218481],[77.608214,28.218482],[77.608213,28.218211],[77.608366,28.218211]]]},"properties":{"objectid":2819,"uniqueplotid":"PLNGINDUSTRIAL2819","plotmap_id":"SECTOR-32_727_GENERAL INDUSTRY_IND","plotidentificationnumber":"727","plotno":"727","industrysector":"SECTOR-32","block":"GENERAL INDUSTRY","plotsize":"450 SQMT","plotsize_at_the_time_of_allotme":"450 SQMT","plot_size_as_per_lease_plan":450,"landuse_type":"INDUSTRIAL","landuse_subcategory":"INDUSTRIAL","scheme_cod":"IND07","investment":3,"employment":10,"plotstatus":"Allotted","landallotementstatus":"SOLD","landallotementtype":"ALLOTTED","allotmentid":"YIND071149","allotment_date":1625077800000,"rate_of_allotment":7010,"lease_deed":"Y","possession":"Y","possession_date":1684866600000,"village_name":"Chakbirampur","khasra_no":"122,123,95","longitude":77.60828986,"latitude":28.21834625,"authority":"YEIDA","category":"industrial","execution_stage":"possession-recorded"}},{"type":"Feature","geometry":{"type":"Polygon","coordinates":[[[77.606385,28.221733],[77.606386,28.221958],[77.606264,28.221959],[77.606263,28.221733],[77.606385,28.221733]]]},"properties":{"objectid":2822,"uniqueplotid":"PLNGINDUSTRIAL2822","plotmap_id":"SECTOR-32_207_GENERAL INDUSTRY_IND","plotidentificationnumber":"207","plotno":"207","industrysector":"SECTOR-32","block":"GENERAL INDUSTRY","plotsize":"300 SQMT","plotsize_at_the_time_of_allotme":"300 SQMT","landuse_type":"INDUSTRIAL","landuse_subcategory":"INDUSTRIAL","scheme_cod":"IND02","investment":5,"employment":18,"plotstatus":"Allotted","landallotementstatus":"SOLD","landallotementtype":"ALLOTTED","allotmentid":"YIND021001","allotment_date":1442255400000,"rate_of_allotment":6100,"lease_deed":"Y","possession":"Y","possession_date":1631644200000,"village_name":"Chakbirampur","khasra_no":"85","longitude":77.60632455000001,"latitude":28.22184585,"authority":"YEIDA","category":"industrial","execution_stage":"possession-recorded"}},{"type":"Feature","geometry":{"type":"Polygon","coordinates":[[[77.610356,28.219721],[77.610357,28.219992],[77.610204,28.219992],[77.610203,28.219722],[77.610356,28.219721]]]},"properties":{"objectid":2840,"uniqueplotid":"PLNGINDUSTRIAL2840","plotmap_id":"SECTOR-32_524_GENERAL INDUSTRY_IND","plotidentificationnumber":"524","plotno":"524","industrysector":"SECTOR-32","block":"GENERAL INDUSTRY","plotsize":"450 SQMT","plotsize_at_the_time_of_allotme":"450 SQMT","landuse_type":"INDUSTRIAL","landuse_subcategory":"INDUSTRIAL","scheme_cod":"IND06","investment":4,"employment":13,"plotstatus":"Allotted","landallotementstatus":"SOLD","landallotementtype":"ALLOTTED","allotmentid":"YIND061256","allotment_date":1574361000000,"rate_of_allotment":6670,"lease_deed":"N","possession":"N","village_name":"Chakbirampur","khasra_no":"96,78","longitude":77.61028024000001,"latitude":28.21985684,"authority":"YEIDA","category":"industrial","execution_stage":"allotted"}},{"type":"Feature","geometry":{"type":"Polygon","coordinates":[[[77.606776,28.219459],[77.606776,28.21973],[77.606624,28.21973],[77.606623,28.21946],[77.606776,28.219459]]]},"properties":{"objectid":2841,"uniqueplotid":"PLNGINDUSTRIAL2841","plotmap_id":"SECTOR-32_546_GENERAL INDUSTRY_IND","plotidentificationnumber":"546","plotno":"546","industrysector":"SECTOR-32","block":"GENERAL INDUSTRY","plotsize":"450 SQMT","plotsize_at_the_time_of_allotme":"450 SQMT","plot_size_as_per_lease_plan":450,"landuse_type":"INDUSTRIAL","landuse_subcategory":"INDUSTRIAL","scheme_cod":"IND06","investment":4,"employment":13,"plotstatus":"Allotted","landallotementstatus":"SOLD","landallotementtype":"ALLOTTED","allotmentid":"YIND061262","allotment_date":1574361000000,"rate_of_allotment":6670,"lease_deed":"Y","possession":"Y","possession_date":1682533800000,"map_sanctioned_from_planning":"Y","units_under_construction":"Y","village_name":"Chakbirampur","khasra_no":"89,81,92","longitude":77.60670066,"latitude":28.2195964,"authority":"YEIDA","category":"industrial","execution_stage":"construction-or-map-approval"}},{"type":"Feature","geometry":{"type":"Polygon","coordinates":[[[77.607008,28.223765],[77.607009,28.224036],[77.606398,28.224037],[77.606397,28.223766],[77.607008,28.223765]]]},"properties":{"objectid":2847,"uniqueplotid":"PLNGINDUSTRIAL2847","plotmap_id":"SECTOR-32_36_GENERAL INDUSTRY_IND","plotidentificationnumber":"36","plotno":"36","industrysector":"SECTOR-32","block":"GENERAL INDUSTRY","plotsize":"1800 SQMT","plotsize_at_the_time_of_allotme":"1800 SQMT","plot_size_as_per_lease_plan":1800,"landuse_type":"INDUSTRIAL","landuse_subcategory":"INDUSTRIAL","scheme_cod":"IND01","investment":14,"employment":48,"plotstatus":"Allotted","landallotementstatus":"SOLD","landallotementtype":"ALLOTTED","allotmentid":"YIND010437","allotment_date":1388601000000,"rate_of_allotment":6050,"lease_deed":"Y","possession":"Y","possession_date":-1420263000000,"village_name":"Muradgarhi,Chakbirampur","khasra_no":"85,248","longitude":77.60670261,"latitude":28.22390101,"authority":"YEIDA","category":"industrial","execution_stage":"possession-recorded"}},{"type":"Feature","geometry":{"type":"Polygon","coordinates":[[[77.606998,28.220532],[77.606999,28.220848],[77.606759,28.220848],[77.606758,28.220533],[77.606998,28.220532]]]},"properties":{"objectid":2848,"uniqueplotid":"PLNGINDUSTRIAL2848","plotmap_id":"SECTOR-32_410_GENERAL INDUSTRY_IND","plotidentificationnumber":"410","plotno":"410","industrysector":"SECTOR-32","block":"GENERAL INDUSTRY","plotsize":"595 SQMT","plotsize_at_the_time_of_allotme":"595 SQMT","plot_size_as_per_lease_plan":822,"landuse_type":"INDUSTRIAL","landuse_subcategory":"INDUSTRIAL","scheme_cod":"IND06","investment":5,"employment":17,"plotstatus":"Allotted","landallotementstatus":"SOLD","landallotementtype":"ALLOTTED","allotmentid":"YIND061311","allotment_date":1574361000000,"rate_of_allotment":6670,"lease_deed":"Y","possession":"Y","possession_date":1699381800000,"village_name":"Chakbirampur","khasra_no":"81","longitude":77.60687516,"latitude":28.22068541,"authority":"YEIDA","category":"industrial","execution_stage":"possession-recorded"}},{"type":"Feature","geometry":{"type":"Polygon","coordinates":[[[77.607428,28.221289],[77.607429,28.221514],[77.607306,28.221514],[77.607306,28.221289],[77.607428,28.221289]]]},"properties":{"objectid":2850,"uniqueplotid":"PLNGINDUSTRIAL2850","plotmap_id":"SECTOR-32_288_GENERAL INDUSTRY_IND","plotidentificationnumber":"288","plotno":"288","industrysector":"SECTOR-32","block":"GENERAL INDUSTRY","plotsize":"300 SQMT","plotsize_at_the_time_of_allotme":"300 SQMT","landuse_type":"INDUSTRIAL","landuse_subcategory":"INDUSTRIAL","scheme_cod":"IND02","investment":5,"employment":18,"plotstatus":"Allotted","landallotementstatus":"SOLD","landallotementtype":"ALLOTTED","allotmentid":"YIND021061","allotment_date":1442255400000,"rate_of_allotment":6100,"lease_deed":"N","possession":"N","village_name":"Chakbirampur","khasra_no":"82","longitude":77.60736724,"latitude":28.22140146,"authority":"YEIDA","category":"industrial","execution_stage":"allotted"}},{"type":"Feature","geometry":{"type":"Polygon","coordinates":[[[77.608674,28.218968],[77.608674,28.219238],[77.608522,28.219239],[77.608521,28.218968],[77.608674,28.218968]]]},"properties":{"objectid":2853,"uniqueplotid":"PLNGINDUSTRIAL2853","plotmap_id":"SECTOR-32_621_GENERAL INDUSTRY_IND","plotidentificationnumber":"621","plotno":"621","industrysector":"SECTOR-32","block":"GENERAL INDUSTRY","plotsize":"450 SQMT","plotsize_at_the_time_of_allotme":"450 SQMT","landuse_type":"INDUSTRIAL","landuse_subcategory":"INDUSTRIAL","scheme_cod":"IND01","investment":3,"employment":12,"plotstatus":"Allotted","landallotementstatus":"SOLD","landallotementtype":"ALLOTTED","allotmentid":"YIND010563","allotment_date":1442255400000,"rate_of_allotment":6100,"lease_deed":"Y","possession":"N","village_name":"Chakbirampur","khasra_no":"95","longitude":77.60859765000001,"latitude":28.21910316,"authority":"YEIDA","category":"industrial","execution_stage":"lease-recorded"}},{"type":"Feature","geometry":{"type":"Polygon","coordinates":[[[77.605652,28.221735],[77.605653,28.22196],[77.605531,28.22196],[77.60553,28.221735],[77.605652,28.221735]]]},"properties":{"objectid":2861,"uniqueplotid":"PLNGINDUSTRIAL2861","plotmap_id":"SECTOR-32_213_GENERAL INDUSTRY_IND","plotidentificationnumber":"213","plotno":"213","industrysector":"SECTOR-32","block":"GENERAL INDUSTRY","plotsize":"300 SQMT","plotsize_at_the_time_of_allotme":"300 SQMT","landuse_type":"INDUSTRIAL","landuse_subcategory":"INDUSTRIAL","scheme_cod":"IND02","investment":5,"employment":18,"plotstatus":"Allotted","landallotementstatus":"SOLD","landallotementtype":"ALLOTTED","allotmentid":"YIND021096","allotment_date":1442255400000,"rate_of_allotment":6100,"lease_deed":"N","possession":"N","village_name":"Chakbirampur","khasra_no":"85","longitude":77.60559133000001,"latitude":28.22184757,"authority":"YEIDA","category":"industrial","execution_stage":"allotted"}},{"type":"Feature","geometry":{"type":"Polygon","coordinates":[[[77.610227,28.217494],[77.610228,28.217719],[77.610106,28.21772],[77.610105,28.217494],[77.610227,28.217494]]]},"properties":{"objectid":2866,"uniqueplotid":"PLNGINDUSTRIAL2866","plotmap_id":"SECTOR-32_861_GENERAL INDUSTRY_IND","plotidentificationnumber":"861","plotno":"861","industrysector":"SECTOR-32","block":"GENERAL INDUSTRY","plotsize":"300 SQMT","plotsize_at_the_time_of_allotme":"300 SQMT","landuse_type":"INDUSTRIAL","landuse_subcategory":"INDUSTRIAL","scheme_cod":"IND06","investment":3,"employment":9,"plotstatus":"Allotted","landallotementstatus":"SOLD","landallotementtype":"ALLOTTED","allotmentid":"YIND061159","allotment_date":1574361000000,"rate_of_allotment":6670,"lease_deed":"Y","possession":"N","village_name":"Chakbirampur","khasra_no":"101","longitude":77.61016654000001,"latitude":28.217606760000002,"authority":"YEIDA","category":"industrial","execution_stage":"lease-recorded"}},{"type":"Feature","geometry":{"type":"Polygon","coordinates":[[[77.607604,28.2187],[77.607604,28.21897],[77.607452,28.218971],[77.607451,28.2187],[77.607604,28.2187]]]},"properties":{"objectid":2868,"uniqueplotid":"PLNGINDUSTRIAL2868","plotmap_id":"SECTOR-32_651_GENERAL INDUSTRY_IND","plotidentificationnumber":"651","plotno":"651","industrysector":"SECTOR-32","block":"GENERAL INDUSTRY","plotsize":"450 SQMT","plotsize_at_the_time_of_allotme":"450 SQMT","landuse_type":"INDUSTRIAL","landuse_subcategory":"INDUSTRIAL","scheme_cod":"IND01","investment":3,"employment":12,"plotstatus":"Allotted","landallotementstatus":"SOLD","landallotementtype":"ALLOTTED","allotmentid":"YIND010515","allotment_date":1442255400000,"rate_of_allotment":6100,"lease_deed":"N","possession":"N","village_name":"Chakbirampur","khasra_no":"123,93","longitude":77.60752755,"latitude":28.218835090000002,"authority":"YEIDA","category":"industrial","execution_stage":"allotted"}},{"type":"Feature","geometry":{"type":"Polygon","coordinates":[[[77.609996,28.221724],[77.609996,28.22195],[77.609874,28.22195],[77.609873,28.221725],[77.609996,28.221724]]]},"properties":{"objectid":2869,"uniqueplotid":"PLNGINDUSTRIAL2869","plotmap_id":"SECTOR-32_180_GENERAL INDUSTRY_IND","plotidentificationnumber":"180","plotno":"180","industrysector":"SECTOR-32","block":"GENERAL INDUSTRY","plotsize":"300 SQMT","plotsize_at_the_time_of_allotme":"300 SQMT","landuse_type":"INDUSTRIAL","landuse_subcategory":"INDUSTRIAL","scheme_cod":"IND06","investment":3,"employment":9,"plotstatus":"Allotted","landallotementstatus":"SOLD","landallotementtype":"ALLOTTED","allotmentid":"YIND061175","allotment_date":1574361000000,"rate_of_allotment":6670,"lease_deed":"Y","possession":"N","village_name":"Chakbirampur","khasra_no":"75","longitude":77.60993486,"latitude":28.22183738,"authority":"YEIDA","category":"industrial","execution_stage":"lease-recorded"}},{"type":"Feature","geometry":{"type":"Polygon","coordinates":[[[77.608283,28.221287],[77.608284,28.221512],[77.608162,28.221512],[77.608161,28.221287],[77.608283,28.221287]]]},"properties":{"objectid":2870,"uniqueplotid":"PLNGINDUSTRIAL2870","plotmap_id":"SECTOR-32_295_GENERAL INDUSTRY_IND","plotidentificationnumber":"295","plotno":"295","industrysector":"SECTOR-32","block":"GENERAL INDUSTRY","plotsize":"300 SQMT","plotsize_at_the_time_of_allotme":"300 SQMT","landuse_type":"INDUSTRIAL","landuse_subcategory":"INDUSTRIAL","scheme_cod":"IND02","investment":5,"employment":18,"plotstatus":"Allotted","landallotementstatus":"SOLD","landallotementtype":"ALLOTTED","allotmentid":"YIND021176","allotment_date":1442255400000,"rate_of_allotment":6100,"lease_deed":"Y","possession":"N","village_name":"Chakbirampur","khasra_no":"82,83","longitude":77.60822267,"latitude":28.22139945,"authority":"YEIDA","category":"industrial","execution_stage":"lease-recorded"}},{"type":"Feature","geometry":{"type":"Polygon","coordinates":[[[77.606506,28.221065],[77.606506,28.221291],[77.606384,28.221291],[77.606383,28.221066],[77.606506,28.221065]]]},"properties":{"objectid":2873,"uniqueplotid":"PLNGINDUSTRIAL2873","plotmap_id":"SECTOR-32_342_GENERAL INDUSTRY_IND","plotidentificationnumber":"342","plotno":"342","industrysector":"SECTOR-32","block":"GENERAL INDUSTRY","plotsize":"300 SQMT","plotsize_at_the_time_of_allotme":"300 SQMT","landuse_type":"INDUSTRIAL","landuse_subcategory":"INDUSTRIAL","scheme_cod":"IND02","investment":5,"employment":18,"plotstatus":"Allotted","landallotementstatus":"SOLD","landallotementtype":"ALLOTTED","allotmentid":"YIND021170","allotment_date":1442255400000,"rate_of_allotment":6100,"lease_deed":"N","possession":"N","village_name":"Chakbirampur","khasra_no":"81","longitude":77.60644475,"latitude":28.22117815,"authority":"YEIDA","category":"industrial","execution_stage":"allotted"}},{"type":"Feature","geometry":{"type":"Polygon","coordinates":[[[77.607649,28.220215],[77.60765,28.22053],[77.607477,28.220531],[77.607476,28.220215],[77.607649,28.220215]]]},"properties":{"objectid":2874,"uniqueplotid":"PLNGINDUSTRIAL2874","plotmap_id":"SECTOR-32_439_GENERAL INDUSTRY_IND","plotidentificationnumber":"439","plotno":"439","industrysector":"SECTOR-32","block":"GENERAL INDUSTRY","plotsize":"595 SQMT","plotsize_at_the_time_of_allotme":"595 SQMT","plot_size_as_per_lease_plan":595,"landuse_type":"INDUSTRIAL","landuse_subcategory":"INDUSTRIAL","scheme_cod":"IND06","investment":5,"employment":17,"plotstatus":"Allotted","landallotementstatus":"SOLD","landallotementtype":"ALLOTTED","allotmentid":"YIND061363","allotment_date":1574361000000,"rate_of_allotment":6670,"lease_deed":"Y","possession":"Y","possession_date":1685644200000,"village_name":"Chakbirampur","khasra_no":"81,82","longitude":77.60756273,"latitude":28.22037281,"authority":"YEIDA","category":"industrial","execution_stage":"possession-recorded"}},{"type":"Feature","geometry":{"type":"Polygon","coordinates":[[[77.608759,28.21683],[77.60876,28.217055],[77.608637,28.217056],[77.608637,28.21683],[77.608759,28.21683]]]},"properties":{"objectid":2875,"uniqueplotid":"PLNGINDUSTRIAL2875","plotmap_id":"SECTOR-32_985_GENERAL INDUSTRY_IND","plotidentificationnumber":"985","plotno":"985","industrysector":"SECTOR-32","block":"GENERAL INDUSTRY","plotsize":"300 SQMT","plotsize_at_the_time_of_allotme":"300 SQMT","plot_size_as_per_lease_plan":300,"landuse_type":"INDUSTRIAL","landuse_subcategory":"INDUSTRIAL","scheme_cod":"IND06","investment":3,"employment":9,"plotstatus":"Allotted","landallotementstatus":"SOLD","landallotementtype":"ALLOTTED","allotmentid":"YIND061145","allotment_date":1574361000000,"rate_of_allotment":6670,"lease_deed":"Y","possession":"Y","possession_date":1732559400000,"village_name":"Chakbirampur","khasra_no":"118,103","longitude":77.60869808,"latitude":28.21694276,"authority":"YEIDA","category":"industrial","execution_stage":"possession-recorded"}},{"type":"Feature","geometry":{"type":"Polygon","coordinates":[[[77.607794,28.221062],[77.607795,28.221288],[77.607672,28.221288],[77.607672,28.221063],[77.607794,28.221062]]]},"properties":{"objectid":2878,"uniqueplotid":"PLNGINDUSTRIAL2878","plotmap_id":"SECTOR-32_334_GENERAL INDUSTRY_IND","plotidentificationnumber":"334","plotno":"334","industrysector":"SECTOR-32","block":"GENERAL INDUSTRY","plotsize":"300 SQMT","plotsize_at_the_time_of_allotme":"300 SQMT","plot_size_as_per_lease_plan":300,"landuse_type":"INDUSTRIAL","landuse_subcategory":"INDUSTRIAL","scheme_cod":"IND06","investment":3,"employment":9,"plotstatus":"Allotted","landallotementstatus":"SOLD","landallotementtype":"ALLOTTED","allotmentid":"YIND061038","allotment_date":1574361000000,"rate_of_allotment":6670,"lease_deed":"Y","possession":"Y","possession_date":1676831400000,"village_name":"Chakbirampur","khasra_no":"82","longitude":77.60773318,"latitude":28.22117512,"authority":"YEIDA","category":"industrial","execution_stage":"possession-recorded"}},{"type":"Feature","geometry":{"type":"Polygon","coordinates":[[[77.608529,28.221728],[77.60853,28.221953],[77.608408,28.221954],[77.608407,28.221728],[77.608529,28.221728]]]},"properties":{"objectid":2879,"uniqueplotid":"PLNGINDUSTRIAL2879","plotmap_id":"SECTOR-32_192_GENERAL INDUSTRY_IND","plotidentificationnumber":"192","plotno":"192","industrysector":"SECTOR-32","block":"GENERAL INDUSTRY","plotsize":"300 SQMT","plotsize_at_the_time_of_allotme":"300 SQMT","landuse_type":"INDUSTRIAL","landuse_subcategory":"INDUSTRIAL","scheme_cod":"IND02","investment":5,"employment":18,"plotstatus":"Allotted","landallotementstatus":"SOLD","landallotementtype":"ALLOTTED","allotmentid":"YIND021007","allotment_date":1442255400000,"rate_of_allotment":6100,"lease_deed":"Y","possession":"Y","possession_date":1722277800000,"village_name":"Chakbirampur","khasra_no":"83","longitude":77.60846841,"latitude":28.22184082,"authority":"YEIDA","category":"industrial","execution_stage":"possession-recorded"}},{"type":"Feature","geometry":{"type":"Polygon","coordinates":[[[77.605651,28.221293],[77.605651,28.221518],[77.605529,28.221519],[77.605529,28.221293],[77.605651,28.221293]]]},"properties":{"objectid":2884,"uniqueplotid":"PLNGINDUSTRIAL2884","plotmap_id":"SECTOR-32_276_GENERAL INDUSTRY_IND","plotidentificationnumber":"276","plotno":"276","industrysector":"SECTOR-32","block":"GENERAL INDUSTRY","plotsize":"300 SQMT","plotsize_at_the_time_of_allotme":"300 SQMT","plot_size_as_per_lease_plan":300,"landuse_type":"INDUSTRIAL","landuse_subcategory":"INDUSTRIAL","scheme_cod":"IND02","investment":5,"employment":18,"plotstatus":"Allotted","landallotementstatus":"SOLD","landallotementtype":"ALLOTTED","allotmentid":"YIND021388","allotment_date":1442255400000,"rate_of_allotment":6100,"lease_deed":"Y","possession":"N","village_name":"Chakbirampur","khasra_no":"85","longitude":77.60559,"latitude":28.22140564,"authority":"YEIDA","category":"industrial","execution_stage":"lease-recorded"}},{"type":"Feature","geometry":{"type":"Polygon","coordinates":[[[77.606862,28.217727],[77.60674,28.217728],[77.606739,28.217502],[77.606861,28.217502],[77.606862,28.217727]]]},"properties":{"objectid":2886,"uniqueplotid":"PLNGINDUSTRIAL2886","plotmap_id":"SECTOR-32_836_GENERAL INDUSTRY_IND","plotidentificationnumber":"836","plotno":"836","industrysector":"SECTOR-32","block":"GENERAL INDUSTRY","plotsize":"300 SQMT","plotsize_at_the_time_of_allotme":"300 SQMT","plot_size_as_per_lease_plan":305.4,"landuse_type":"INDUSTRIAL","landuse_subcategory":"INDUSTRIAL","scheme_cod":"IND06","investment":3,"employment":9,"plotstatus":"Allotted","landallotementstatus":"SOLD","landallotementtype":"ALLOTTED","allotmentid":"YIND061095","allotment_date":1574361000000,"rate_of_allotment":6670,"lease_deed":"Y","possession":"N","village_name":"Chakbirampur","khasra_no":"129","longitude":77.6067993,"latitude":28.2176122,"authority":"YEIDA","category":"industrial","execution_stage":"lease-recorded"}},{"type":"Feature","geometry":{"type":"Polygon","coordinates":[[[77.609738,28.21727],[77.609738,28.217495],[77.609616,28.217495],[77.609616,28.21727],[77.609738,28.21727]]]},"properties":{"objectid":2890,"uniqueplotid":"PLNGINDUSTRIAL2890","plotmap_id":"SECTOR-32_868_GENERAL INDUSTRY_IND","plotidentificationnumber":"868","plotno":"868","industrysector":"SECTOR-32","block":"GENERAL INDUSTRY","plotsize":"300 SQMT","plotsize_at_the_time_of_allotme":"300 SQMT","landuse_type":"INDUSTRIAL","landuse_subcategory":"INDUSTRIAL","scheme_cod":"IND06","investment":3,"employment":9,"plotstatus":"Allotted","landallotementstatus":"SOLD","landallotementtype":"ALLOTTED","allotmentid":"YIND061007","allotment_date":1574361000000,"rate_of_allotment":6670,"lease_deed":"Y","possession":"Y","possession_date":1710268200000,"village_name":"Chakbirampur","khasra_no":"101","longitude":77.60967704,"latitude":28.21738242,"authority":"YEIDA","category":"industrial","execution_stage":"possession-recorded"}},{"type":"Feature","geometry":{"type":"Polygon","coordinates":[[[77.608882,28.217272],[77.608883,28.217497],[77.608761,28.217497],[77.60876,28.217272],[77.608882,28.217272]]]},"properties":{"objectid":2894,"uniqueplotid":"PLNGINDUSTRIAL2894","plotmap_id":"SECTOR-32_875_GENERAL INDUSTRY_IND","plotidentificationnumber":"875","plotno":"875","industrysector":"SECTOR-32","block":"GENERAL INDUSTRY","plotsize":"300 SQMT","plotsize_at_the_time_of_allotme":"300 SQMT","plot_size_as_per_lease_plan":300,"landuse_type":"INDUSTRIAL","landuse_subcategory":"INDUSTRIAL","scheme_cod":"IND06","investment":3,"employment":9,"plotstatus":"Allotted","landallotementstatus":"SOLD","landallotementtype":"ALLOTTED","allotmentid":"YIND061023","allotment_date":1574361000000,"rate_of_allotment":6670,"lease_deed":"Y","possession":"Y","possession_date":1700073000000,"village_name":"Chakbirampur","khasra_no":"118","longitude":77.60882161,"latitude":28.217384420000002,"authority":"YEIDA","category":"industrial","execution_stage":"possession-recorded"}},{"type":"Feature","geometry":{"type":"Polygon","coordinates":[[[77.609139,28.221285],[77.60914,28.22151],[77.609017,28.22151],[77.609017,28.221285],[77.609139,28.221285]]]},"properties":{"objectid":2901,"uniqueplotid":"PLNGINDUSTRIAL2901","plotmap_id":"SECTOR-32_302_GENERAL INDUSTRY_IND","plotidentificationnumber":"302","plotno":"302","industrysector":"SECTOR-32","block":"GENERAL INDUSTRY","plotsize":"300 SQMT","plotsize_at_the_time_of_allotme":"300 SQMT","landuse_type":"INDUSTRIAL","landuse_subcategory":"INDUSTRIAL","scheme_cod":"IND02","investment":5,"employment":18,"plotstatus":"Allotted","landallotementstatus":"SOLD","landallotementtype":"ALLOTTED","allotmentid":"YIND021047","allotment_date":1442255400000,"rate_of_allotment":6100,"lease_deed":"Y","possession":"N","village_name":"Chakbirampur","khasra_no":"83","longitude":77.60907809999999,"latitude":28.221397449999998,"authority":"YEIDA","category":"industrial","execution_stage":"lease-recorded"}},{"type":"Feature","geometry":{"type":"Polygon","coordinates":[[[77.610363,28.221949],[77.610364,28.222175],[77.610241,28.222175],[77.610241,28.221949],[77.610363,28.221949]]]},"properties":{"objectid":2908,"uniqueplotid":"PLNGINDUSTRIAL2908","plotmap_id":"SECTOR-32_176_GENERAL INDUSTRY_IND","plotidentificationnumber":"176","plotno":"176","industrysector":"SECTOR-32","block":"GENERAL INDUSTRY","plotsize":"300 SQMT","plotsize_at_the_time_of_allotme":"300 SQMT","plot_size_as_per_lease_plan":300,"landuse_type":"INDUSTRIAL","landuse_subcategory":"INDUSTRIAL","scheme_cod":"IND02","investment":5,"employment":18,"plotstatus":"Allotted","landallotementstatus":"SOLD","landallotementtype":"ALLOTTED","allotmentid":"YIND021393","allotment_date":1442255400000,"rate_of_allotment":6100,"lease_deed":"Y","possession":"Y","possession_date":1714329000000,"village_name":"Muradgarhi","khasra_no":"239","longitude":77.61030215,"latitude":28.222062,"authority":"YEIDA","category":"industrial","execution_stage":"possession-recorded"}},{"type":"Feature","geometry":{"type":"Polygon","coordinates":[[[77.608688,28.220212],[77.608689,28.220528],[77.608515,28.220528],[77.608514,28.220213],[77.608688,28.220212]]]},"properties":{"objectid":2909,"uniqueplotid":"PLNGINDUSTRIAL2909","plotmap_id":"SECTOR-32_433_GENERAL INDUSTRY_IND","plotidentificationnumber":"433","plotno":"433","industrysector":"SECTOR-32","block":"GENERAL INDUSTRY","plotsize":"595 SQMT","plotsize_at_the_time_of_allotme":"595 SQMT","plot_size_as_per_lease_plan":595,"landuse_type":"INDUSTRIAL","landuse_subcategory":"INDUSTRIAL","scheme_cod":"IND06","investment":5,"employment":17,"plotstatus":"Allotted","landallotementstatus":"SOLD","landallotementtype":"ALLOTTED","allotmentid":"YIND061313","allotment_date":1574361000000,"rate_of_allotment":6670,"lease_deed":"Y","possession":"Y","possession_date":1679337000000,"village_name":"Chakbirampur","khasra_no":"80,94,82","longitude":77.60860147,"latitude":28.22037037,"authority":"YEIDA","category":"industrial","execution_stage":"possession-recorded"}},{"type":"Feature","geometry":{"type":"Polygon","coordinates":[[[77.606618,28.217944],[77.606619,28.218215],[77.606466,28.218215],[77.606466,28.217945],[77.606618,28.217944]]]},"properties":{"objectid":2911,"uniqueplotid":"PLNGINDUSTRIAL2911","plotmap_id":"SECTOR-32_763_GENERAL INDUSTRY_IND","plotidentificationnumber":"763","plotno":"763","industrysector":"SECTOR-32","block":"GENERAL INDUSTRY","plotsize":"450 SQMT","plotsize_at_the_time_of_allotme":"450 SQMT","landuse_type":"INDUSTRIAL","landuse_subcategory":"INDUSTRIAL","scheme_cod":"IND07","investment":3,"employment":10,"plotstatus":"Allotted","landallotementstatus":"SOLD","landallotementtype":"ALLOTTED","allotmentid":"YIND071189","allotment_date":1625077800000,"rate_of_allotment":7010,"lease_deed":"N","possession":"N","village_name":"Chakbirampur","khasra_no":"93,129","longitude":77.60654235,"latitude":28.21807977,"authority":"YEIDA","category":"industrial","execution_stage":"allotted"}},{"type":"Feature","geometry":{"type":"Polygon","coordinates":[[[77.607448,28.217942],[77.607449,28.218213],[77.607297,28.218213],[77.607296,28.217943],[77.607448,28.217942]]]},"properties":{"objectid":2914,"uniqueplotid":"PLNGINDUSTRIAL2914","plotmap_id":"SECTOR-32_760_GENERAL INDUSTRY_IND","plotidentificationnumber":"760","plotno":"760","industrysector":"SECTOR-32","block":"GENERAL INDUSTRY","plotsize":"450 SQMT","plotsize_at_the_time_of_allotme":"450 SQMT","plot_size_as_per_lease_plan":450,"landuse_type":"INDUSTRIAL","landuse_subcategory":"INDUSTRIAL","scheme_cod":"IND01","investment":3,"employment":12,"plotstatus":"Allotted","landallotementstatus":"SOLD","landallotementtype":"ALLOTTED","allotmentid":"YIND010560","allotment_date":1442255400000,"rate_of_allotment":6100,"lease_deed":"Y","possession":"N","village_name":"Chakbirampur","khasra_no":"124,126,127","longitude":77.60737252,"latitude":28.21807782,"authority":"YEIDA","category":"industrial","execution_stage":"lease-recorded"}},{"type":"Feature","geometry":{"type":"Polygon","coordinates":[[[77.608521,28.218968],[77.608522,28.219239],[77.608369,28.219239],[77.608368,28.218968],[77.608521,28.218968]]]},"properties":{"objectid":2917,"uniqueplotid":"PLNGINDUSTRIAL2917","plotmap_id":"SECTOR-32_620_GENERAL INDUSTRY_IND","plotidentificationnumber":"620","plotno":"620","industrysector":"SECTOR-32","block":"GENERAL INDUSTRY","plotsize":"450 SQMT","plotsize_at_the_time_of_allotme":"450 SQMT","landuse_type":"INDUSTRIAL","landuse_subcategory":"INDUSTRIAL","scheme_cod":"IND01","investment":3,"employment":12,"projects_cost_in_lacs":150,"plotstatus":"Allotted","landallotementstatus":"SOLD","landallotementtype":"ALLOTTED","allotmentid":"YIND010692","allotment_date":1442255400000,"rate_of_allotment":6100,"lease_deed":"Y","possession":"Y","possession_date":1641925800000,"village_name":"Chakbirampur","khasra_no":"95","longitude":77.60844490000001,"latitude":28.21910352,"authority":"YEIDA","category":"industrial","execution_stage":"possession-recorded"}},{"type":"Feature","geometry":{"type":"Polygon","coordinates":[[[77.606468,28.218702],[77.606469,28.218973],[77.606316,28.218973],[77.606315,28.218703],[77.606468,28.218702]]]},"properties":{"objectid":2922,"uniqueplotid":"PLNGINDUSTRIAL2922","plotmap_id":"SECTOR-32_656_GENERAL INDUSTRY_IND","plotidentificationnumber":"656","plotno":"656","industrysector":"SECTOR-32","block":"GENERAL INDUSTRY","plotsize":"450 SQMT","plotsize_at_the_time_of_allotme":"450 SQMT","landuse_type":"INDUSTRIAL","landuse_subcategory":"INDUSTRIAL","scheme_cod":"IND05","investment":4,"employment":13,"projects_cost_in_lacs":92,"plotstatus":"Allotted","landallotementstatus":"SOLD","landallotementtype":"ALLOTTED","allotmentid":"YIND051030","allotment_date":1542565800000,"rate_of_allotment":6405,"lease_deed":"Y","possession":"Y","possession_date":1653417000000,"map_sanctioned_from_planning":"Y","village_name":"Chakbirampur","khasra_no":"89,91","longitude":77.60639188,"latitude":28.218837760000003,"authority":"YEIDA","category":"industrial","execution_stage":"construction-or-map-approval"}},{"type":"Feature","geometry":{"type":"Polygon","coordinates":[[[77.609131,28.218696],[77.609132,28.218967],[77.608979,28.218967],[77.608978,28.218696],[77.609131,28.218696]]]},"properties":{"objectid":2924,"uniqueplotid":"PLNGINDUSTRIAL2924","plotmap_id":"SECTOR-32_641_GENERAL INDUSTRY_IND","plotidentificationnumber":"641","plotno":"641","industrysector":"SECTOR-32","block":"GENERAL INDUSTRY","plotsize":"450 SQMT","plotsize_at_the_time_of_allotme":"450 SQMT","landuse_type":"INDUSTRIAL","landuse_subcategory":"INDUSTRIAL","scheme_cod":"IND06","investment":4,"employment":13,"plotstatus":"Allotted","landallotementstatus":"SOLD","landallotementtype":"ALLOTTED","allotmentid":"YIND061229","allotment_date":1574361000000,"rate_of_allotment":6670,"lease_deed":"Y","possession":"N","village_name":"Chakbirampur","khasra_no":"95","longitude":77.60905509999999,"latitude":28.21883151,"authority":"YEIDA","category":"industrial","execution_stage":"lease-recorded"}},{"type":"Feature","geometry":{"type":"Polygon","coordinates":[[[77.605884,28.217504],[77.605884,28.21773],[77.605762,28.21773],[77.605762,28.217504],[77.605884,28.217504]]]},"properties":{"objectid":2925,"uniqueplotid":"PLNGINDUSTRIAL2925","plotmap_id":"SECTOR-32_828_GENERAL INDUSTRY_IND","plotidentificationnumber":"828","plotno":"828","industrysector":"SECTOR-32","block":"GENERAL INDUSTRY","plotsize":"300 SQMT","plotsize_at_the_time_of_allotme":"300 SQMT","plot_size_as_per_lease_plan":303.6,"landuse_type":"INDUSTRIAL","landuse_subcategory":"INDUSTRIAL","scheme_cod":"IND06","investment":3,"employment":9,"plotstatus":"Allotted","landallotementstatus":"SOLD","landallotementtype":"ALLOTTED","allotmentid":"YIND061018","allotment_date":1574361000000,"rate_of_allotment":6670,"lease_deed":"Y","possession":"Y","possession_date":1683484200000,"map_sanctioned_from_planning":"Y","units_under_construction":"Y","village_name":"Chakbirampur","khasra_no":"133,147,131","longitude":77.60582301000001,"latitude":28.21761695,"authority":"YEIDA","category":"industrial","execution_stage":"construction-or-map-approval"}},{"type":"Feature","geometry":{"type":"Polygon","coordinates":[[[77.605706,28.219462],[77.605707,28.219732],[77.605554,28.219733],[77.605554,28.219462],[77.605706,28.219462]]]},"properties":{"objectid":2932,"uniqueplotid":"PLNGINDUSTRIAL2932","plotmap_id":"SECTOR-32_553_GENERAL INDUSTRY_IND","plotidentificationnumber":"553","plotno":"553","industrysector":"SECTOR-32","block":"GENERAL INDUSTRY","plotsize":"450 SQMT","plotsize_at_the_time_of_allotme":"450 SQMT","landuse_type":"INDUSTRIAL","landuse_subcategory":"INDUSTRIAL","scheme_cod":"IND04","investment":4,"employment":13,"plotstatus":"Allotted","landallotementstatus":"SOLD","landallotementtype":"ALLOTTED","allotmentid":"YIND041042","allotment_date":1546972200000,"rate_of_allotment":6405,"lease_deed":"N","possession":"N","village_name":"Chakbirampur","khasra_no":"89","longitude":77.60563038,"latitude":28.21959718,"authority":"YEIDA","category":"industrial","execution_stage":"allotted"}},{"type":"Feature","geometry":{"type":"Polygon","coordinates":[[[77.60925,28.217496],[77.60925,28.217722],[77.609128,28.217722],[77.609127,28.217496],[77.60925,28.217496]]]},"properties":{"objectid":2936,"uniqueplotid":"PLNGINDUSTRIAL2936","plotmap_id":"SECTOR-32_853_GENERAL INDUSTRY_IND","plotidentificationnumber":"853","plotno":"853","industrysector":"SECTOR-32","block":"GENERAL INDUSTRY","plotsize":"300 SQMT","plotsize_at_the_time_of_allotme":"300 SQMT","plot_size_as_per_lease_plan":300,"landuse_type":"INDUSTRIAL","landuse_subcategory":"INDUSTRIAL","scheme_cod":"IND02","investment":5,"employment":18,"plotstatus":"Allotted","landallotementstatus":"SOLD","landallotementtype":"ALLOTTED","allotmentid":"YIND021184","allotment_date":1442255400000,"rate_of_allotment":6100,"lease_deed":"Y","possession":"Y","possession_date":1709490600000,"map_sanctioned_from_planning":"Y","village_name":"Chakbirampur","khasra_no":"101,120","longitude":77.60918891,"latitude":28.21760905,"authority":"YEIDA","category":"industrial","execution_stage":"construction-or-map-approval"}},{"type":"Feature","geometry":{"type":"Polygon","coordinates":[[[77.608639,28.217498],[77.608639,28.217723],[77.608517,28.217723],[77.608516,28.217498],[77.608639,28.217498]]]},"properties":{"objectid":2937,"uniqueplotid":"PLNGINDUSTRIAL2937","plotmap_id":"SECTOR-32_848_GENERAL INDUSTRY_IND","plotidentificationnumber":"848","plotno":"848","industrysector":"SECTOR-32","block":"GENERAL INDUSTRY","plotsize":"300 SQMT","plotsize_at_the_time_of_allotme":"300 SQMT","plot_size_as_per_lease_plan":300,"landuse_type":"INDUSTRIAL","landuse_subcategory":"INDUSTRIAL","scheme_cod":"IND02","investment":5,"employment":18,"plotstatus":"Allotted","landallotementstatus":"SOLD","landallotementtype":"ALLOTTED","allotmentid":"YIND021235","allotment_date":1442255400000,"rate_of_allotment":6100,"lease_deed":"Y","possession":"Y","possession_date":1701628200000,"village_name":"Chakbirampur","khasra_no":"118,119","longitude":77.60857788000001,"latitude":28.21761048,"authority":"YEIDA","category":"industrial","execution_stage":"possession-recorded"}},{"type":"Feature","geometry":{"type":"Polygon","coordinates":[[[77.610119,28.22195],[77.610119,28.222175],[77.609997,28.222175],[77.609996,28.22195],[77.610119,28.22195]]]},"properties":{"objectid":2939,"uniqueplotid":"PLNGINDUSTRIAL2939","plotmap_id":"SECTOR-32_174_GENERAL INDUSTRY_IND","plotidentificationnumber":"174","plotno":"174","industrysector":"SECTOR-32","block":"GENERAL INDUSTRY","plotsize":"300 SQMT","plotsize_at_the_time_of_allotme":"300 SQMT","landuse_type":"INDUSTRIAL","landuse_subcategory":"INDUSTRIAL","scheme_cod":"IND02","investment":5,"employment":18,"plotstatus":"Allotted","landallotementstatus":"SOLD","landallotementtype":"ALLOTTED","allotmentid":"YIND021359","allotment_date":1442255400000,"rate_of_allotment":6100,"lease_deed":"Y","possession":"Y","possession_date":1716921000000,"village_name":"Muradgarhi,Chakbirampur","khasra_no":"75,239","longitude":77.61005774,"latitude":28.222062570000002,"authority":"YEIDA","category":"industrial","execution_stage":"possession-recorded"}},{"type":"Feature","geometry":{"type":"Polygon","coordinates":[[[77.608881,28.21683],[77.608882,28.217055],[77.60876,28.217055],[77.608759,28.21683],[77.608881,28.21683]]]},"properties":{"objectid":2940,"uniqueplotid":"PLNGINDUSTRIAL2940","plotmap_id":"SECTOR-32_986_GENERAL INDUSTRY_IND","plotidentificationnumber":"986","plotno":"986","industrysector":"SECTOR-32","block":"GENERAL INDUSTRY","plotsize":"300 SQMT","plotsize_at_the_time_of_allotme":"300 SQMT","plot_size_as_per_lease_plan":300,"landuse_type":"INDUSTRIAL","landuse_subcategory":"INDUSTRIAL","scheme_cod":"IND06","investment":3,"employment":9,"plotstatus":"Allotted","landallotementstatus":"SOLD","landallotementtype":"ALLOTTED","allotmentid":"YIND061106","allotment_date":1574361000000,"rate_of_allotment":6670,"lease_deed":"Y","possession":"N","village_name":"Chakbirampur","khasra_no":"103","longitude":77.60882028,"latitude":28.21694247,"authority":"YEIDA","category":"industrial","execution_stage":"lease-recorded"}},{"type":"Feature","geometry":{"type":"Polygon","coordinates":[[[77.60755,28.221288],[77.607551,28.221514],[77.607429,28.221514],[77.607428,28.221289],[77.60755,28.221288]]]},"properties":{"objectid":2943,"uniqueplotid":"PLNGINDUSTRIAL2943","plotmap_id":"SECTOR-32_289_GENERAL INDUSTRY_IND","plotidentificationnumber":"289","plotno":"289","industrysector":"SECTOR-32","block":"GENERAL INDUSTRY","plotsize":"300 SQMT","plotsize_at_the_time_of_allotme":"300 SQMT","plot_size_as_per_lease_plan":300,"landuse_type":"INDUSTRIAL","landuse_subcategory":"INDUSTRIAL","scheme_cod":"IND02","investment":5,"employment":18,"plotstatus":"Allotted","landallotementstatus":"SOLD","landallotementtype":"ALLOTTED","allotmentid":"YIND021374","allotment_date":1442255400000,"rate_of_allotment":6100,"lease_deed":"Y","possession":"Y","possession_date":1710181800000,"village_name":"Chakbirampur","khasra_no":"82","longitude":77.60748945,"latitude":28.22140117,"authority":"YEIDA","category":"industrial","execution_stage":"possession-recorded"}},{"type":"Feature","geometry":{"type":"Polygon","coordinates":[[[77.607922,28.222938],[77.607922,28.222951],[77.607311,28.222953],[77.60731,28.222682],[77.607921,28.222681],[77.607922,28.222938]]]},"properties":{"objectid":2946,"uniqueplotid":"PLNGINDUSTRIAL2946","plotmap_id":"SECTOR-32_43_GENERAL INDUSTRY_IND","plotidentificationnumber":"43","plotno":"43","industrysector":"SECTOR-32","block":"GENERAL INDUSTRY","plotsize":"1800 SQMT","plotsize_at_the_time_of_allotme":"1800 SQMT","landuse_type":"INDUSTRIAL","landuse_subcategory":"INDUSTRIAL","scheme_cod":"IND06","investment":15,"employment":53,"plotstatus":"Allotted","landallotementstatus":"SOLD","landallotementtype":"ALLOTTED","allotmentid":"YIND061464","allotment_date":1574361000000,"rate_of_allotment":6670,"lease_deed":"Y","possession":"Y","possession_date":1656441000000,"village_name":"Muradgarhi,Chakbirampur","khasra_no":"85,84,242,246,245","longitude":77.60761589,"latitude":28.22281659,"authority":"YEIDA","category":"industrial","execution_stage":"possession-recorded"}},{"type":"Feature","geometry":{"type":"Polygon","coordinates":[[[77.610355,28.219451],[77.610356,28.219721],[77.610203,28.219722],[77.610203,28.219451],[77.610355,28.219451]]]},"properties":{"objectid":2950,"uniqueplotid":"PLNGINDUSTRIAL2950","plotmap_id":"SECTOR-32_525_GENERAL INDUSTRY_IND","plotidentificationnumber":"525","plotno":"525","industrysector":"SECTOR-32","block":"GENERAL INDUSTRY","plotsize":"450 SQMT","plotsize_at_the_time_of_allotme":"450 SQMT","plot_size_as_per_lease_plan":450,"landuse_type":"INDUSTRIAL","landuse_subcategory":"INDUSTRIAL","scheme_cod":"IND06","investment":4,"employment":13,"plotstatus":"Allotted","landallotementstatus":"SOLD","landallotementtype":"ALLOTTED","allotmentid":"YIND061252","allotment_date":1574361000000,"rate_of_allotment":6670,"lease_deed":"Y","possession":"N","village_name":"Chakbirampur","khasra_no":"96,78,95","longitude":77.61027942000001,"latitude":28.21958626,"authority":"YEIDA","category":"industrial","execution_stage":"lease-recorded"}},{"type":"Feature","geometry":{"type":"Polygon","coordinates":[[[77.605705,28.218975],[77.605706,28.219245],[77.605553,28.219246],[77.605552,28.218975],[77.605705,28.218975]]]},"properties":{"objectid":2955,"uniqueplotid":"PLNGINDUSTRIAL2955","plotmap_id":"SECTOR-32_604_GENERAL INDUSTRY_IND","plotidentificationnumber":"604","plotno":"604","industrysector":"SECTOR-32","block":"GENERAL INDUSTRY","plotsize":"450 SQMT","plotsize_at_the_time_of_allotme":"450 SQMT","landuse_type":"INDUSTRIAL","landuse_subcategory":"INDUSTRIAL","scheme_cod":"IND01","investment":3,"employment":12,"plotstatus":"Allotted","landallotementstatus":"SOLD","landallotementtype":"ALLOTTED","allotmentid":"YIND010680","allotment_date":1442255400000,"rate_of_allotment":6100,"lease_deed":"N","possession":"N","village_name":"Chakbirampur","khasra_no":"90,89","longitude":77.60562892,"latitude":28.21911013,"authority":"YEIDA","category":"industrial","execution_stage":"allotted"}},{"type":"Feature","geometry":{"type":"Polygon","coordinates":[[[77.605702,28.217946],[77.605703,28.218217],[77.60555,28.218217],[77.605549,28.217947],[77.605702,28.217946]]]},"properties":{"objectid":2956,"uniqueplotid":"PLNGINDUSTRIAL2956","plotmap_id":"SECTOR-32_769_GENERAL INDUSTRY_IND","plotidentificationnumber":"769","plotno":"769","industrysector":"SECTOR-32","block":"GENERAL INDUSTRY","plotsize":"450 SQMT","plotsize_at_the_time_of_allotme":"450 SQMT","plot_size_as_per_lease_plan":450,"landuse_type":"INDUSTRIAL","landuse_subcategory":"INDUSTRIAL","scheme_cod":"IND07","investment":3,"employment":10,"plotstatus":"Allotted","landallotementstatus":"SOLD","landallotementtype":"ALLOTTED","allotmentid":"YIND071204","allotment_date":1625077800000,"rate_of_allotment":7010,"lease_deed":"Y","possession":"Y","possession_date":1722277800000,"village_name":"Chakbirampur","khasra_no":"90,132","longitude":77.60562582,"latitude":28.21808192,"authority":"YEIDA","category":"industrial","execution_stage":"possession-recorded"}},{"type":"Feature","geometry":{"type":"Polygon","coordinates":[[[77.609893,28.218207],[77.609894,28.218478],[77.609741,28.218478],[77.609741,28.218208],[77.609893,28.218207]]]},"properties":{"objectid":2958,"uniqueplotid":"PLNGINDUSTRIAL2958","plotmap_id":"SECTOR-32_737_GENERAL INDUSTRY_IND","plotidentificationnumber":"737","plotno":"737","industrysector":"SECTOR-32","block":"GENERAL INDUSTRY","plotsize":"450 SQMT","plotsize_at_the_time_of_allotme":"450 SQMT","plot_size_as_per_lease_plan":450,"landuse_type":"INDUSTRIAL","landuse_subcategory":"INDUSTRIAL","scheme_cod":"IND07","investment":3,"employment":10,"plotstatus":"Allotted","landallotementstatus":"SOLD","landallotementtype":"ALLOTTED","allotmentid":"YIND071239","allotment_date":1625164200000,"rate_of_allotment":7010,"lease_deed":"Y","possession":"N","village_name":"Chakbirampur","khasra_no":"97","longitude":77.60981741,"latitude":28.21834267,"authority":"YEIDA","category":"industrial","execution_stage":"lease-recorded"}},{"type":"Feature","geometry":{"type":"Polygon","coordinates":[[[77.606383,28.221066],[77.606384,28.221291],[77.606262,28.221291],[77.606261,28.221066],[77.606383,28.221066]]]},"properties":{"objectid":2959,"uniqueplotid":"PLNGINDUSTRIAL2959","plotmap_id":"SECTOR-32_343_GENERAL INDUSTRY_IND","plotidentificationnumber":"343","plotno":"343","industrysector":"SECTOR-32","block":"GENERAL INDUSTRY","plotsize":"300 SQMT","plotsize_at_the_time_of_allotme":"300 SQMT","landuse_type":"INDUSTRIAL","landuse_subcategory":"INDUSTRIAL","scheme_cod":"IND02","investment":5,"employment":18,"plotstatus":"Allotted","landallotementstatus":"SOLD","landallotementtype":"ALLOTTED","allotmentid":"YIND021005","allotment_date":1442255400000,"rate_of_allotment":6100,"lease_deed":"Y","possession":"N","village_name":"Chakbirampur","khasra_no":"81","longitude":77.60632254000001,"latitude":28.22117844,"authority":"YEIDA","category":"industrial","execution_stage":"lease-recorded"}},{"type":"Feature","geometry":{"type":"Polygon","coordinates":[[[77.617904,28.2234],[77.617906,28.223671],[77.617295,28.223673],[77.617294,28.223402],[77.617904,28.2234]]]},"properties":{"objectid":2966,"uniqueplotid":"PLNGINDUSTRIAL2966","plotmap_id":"SECTOR-32_1129_GENERAL INDUSTRY_IND","plotidentificationnumber":"1129","plotno":"1129","industrysector":"SECTOR-32","block":"GENERAL INDUSTRY","plotsize":"1800 SQMT","plotsize_at_the_time_of_allotme":"1800 SQMT","landuse_type":"INDUSTRIAL","landuse_subcategory":"INDUSTRIAL","scheme_cod":"IND06","investment":15,"employment":53,"plotstatus":"Allotted","landallotementstatus":"SOLD","landallotementtype":"ALLOTTED","allotmentid":"YIND061478","allotment_date":1574361000000,"rate_of_allotment":6670,"lease_deed":"N","possession":"N","village_name":"Birampur","khasra_no":"4","longitude":77.61758285,"latitude":28.223538610000002,"authority":"YEIDA","category":"industrial","execution_stage":"allotted"}},{"type":"Feature","geometry":{"type":"Polygon","coordinates":[[[77.608026,28.216832],[77.608026,28.217057],[77.607904,28.217057],[77.607903,28.216832],[77.608026,28.216832]]]},"properties":{"objectid":2968,"uniqueplotid":"PLNGINDUSTRIAL2968","plotmap_id":"SECTOR-32_979_GENERAL INDUSTRY_IND","plotidentificationnumber":"979","plotno":"979","industrysector":"SECTOR-32","block":"GENERAL INDUSTRY","plotsize":"300 SQMT","plotsize_at_the_time_of_allotme":"300 SQMT","plot_size_as_per_lease_plan":300,"landuse_type":"INDUSTRIAL","landuse_subcategory":"INDUSTRIAL","scheme_cod":"IND06","investment":3,"employment":9,"plotstatus":"Allotted","landallotementstatus":"SOLD","landallotementtype":"ALLOTTED","allotmentid":"YIND061150","allotment_date":1574361000000,"rate_of_allotment":6670,"lease_deed":"Y","possession":"Y","possession_date":1717871400000,"village_name":"Chakbirampur","khasra_no":"117","longitude":77.60796486,"latitude":28.216944469999998,"authority":"YEIDA","category":"industrial","execution_stage":"possession-recorded"}},{"type":"Feature","geometry":{"type":"Polygon","coordinates":[[[77.608977,28.218209],[77.608978,28.21848],[77.608825,28.21848],[77.608824,28.21821],[77.608977,28.218209]]]},"properties":{"objectid":2975,"uniqueplotid":"PLNGINDUSTRIAL2975","plotmap_id":"SECTOR-32_731_GENERAL INDUSTRY_IND","plotidentificationnumber":"731","plotno":"731","industrysector":"SECTOR-32","block":"GENERAL INDUSTRY","plotsize":"450 SQMT","plotsize_at_the_time_of_allotme":"450 SQMT","plot_size_as_per_lease_plan":450,"landuse_type":"INDUSTRIAL","landuse_subcategory":"INDUSTRIAL","scheme_cod":"IND01","investment":3,"employment":12,"plotstatus":"Allotted","landallotementstatus":"SOLD","landallotementtype":"ALLOTTED","allotmentid":"YIND010607","allotment_date":1442255400000,"rate_of_allotment":6100,"lease_deed":"Y","possession":"Y","possession_date":1678732200000,"village_name":"Chakbirampur","khasra_no":"96,122","longitude":77.60890088000001,"latitude":28.21834482,"authority":"YEIDA","category":"industrial","execution_stage":"possession-recorded"}},{"type":"Feature","geometry":{"type":"Polygon","coordinates":[[[77.608226,28.222396],[77.608227,28.222937],[77.607922,28.222938],[77.60792,28.222397],[77.608226,28.222396]]]},"properties":{"objectid":2979,"uniqueplotid":"PLNGINDUSTRIAL2979","plotmap_id":"SECTOR-32_45_GENERAL INDUSTRY_IND","plotidentificationnumber":"45","plotno":"45","industrysector":"SECTOR-32","block":"GENERAL INDUSTRY","plotsize":"1800 SQMT","plotsize_at_the_time_of_allotme":"1800 SQMT","landuse_type":"INDUSTRIAL","landuse_subcategory":"INDUSTRIAL","scheme_cod":"IND01","investment":14,"employment":48,"plotstatus":"Allotted","landallotementstatus":"SOLD","landallotementtype":"ALLOTTED","allotmentid":"YIND010417","allotment_date":1388601000000,"rate_of_allotment":6050,"lease_deed":"N","possession":"N","village_name":"Muradgarhi,Chakbirampur","khasra_no":"83,242,245","longitude":77.60805607,"latitude":28.22266299,"authority":"YEIDA","category":"industrial","execution_stage":"allotted"}},{"type":"Feature","geometry":{"type":"Polygon","coordinates":[[[77.608038,28.221062],[77.608039,28.221287],[77.607917,28.221287],[77.607916,28.221062],[77.608038,28.221062]]]},"properties":{"objectid":2985,"uniqueplotid":"PLNGINDUSTRIAL2985","plotmap_id":"SECTOR-32_332_GENERAL INDUSTRY_IND","plotidentificationnumber":"332","plotno":"332","industrysector":"SECTOR-32","block":"GENERAL INDUSTRY","plotsize":"300 SQMT","plotsize_at_the_time_of_allotme":"300 SQMT","landuse_type":"INDUSTRIAL","landuse_subcategory":"INDUSTRIAL","scheme_cod":"IND06","investment":3,"employment":9,"plotstatus":"Allotted","landallotementstatus":"SOLD","landallotementtype":"ALLOTTED","allotmentid":"YIND061131","allotment_date":1574361000000,"rate_of_allotment":6670,"lease_deed":"Y","possession":"Y","possession_date":1655058600000,"village_name":"Chakbirampur","khasra_no":"82","longitude":77.60797758,"latitude":28.22117455,"authority":"YEIDA","category":"industrial","execution_stage":"possession-recorded"}},{"type":"Feature","geometry":{"type":"Polygon","coordinates":[[[77.606466,28.218215],[77.606467,28.218486],[77.606314,28.218486],[77.606314,28.218216],[77.606466,28.218215]]]},"properties":{"objectid":2986,"uniqueplotid":"PLNGINDUSTRIAL2986","plotmap_id":"SECTOR-32_717_GENERAL INDUSTRY_IND","plotidentificationnumber":"717","plotno":"717","industrysector":"SECTOR-32","block":"GENERAL INDUSTRY","plotsize":"450 SQMT","plotsize_at_the_time_of_allotme":"450 SQMT","plot_size_as_per_lease_plan":450,"landuse_type":"INDUSTRIAL","landuse_subcategory":"INDUSTRIAL","scheme_cod":"IND01","investment":3,"employment":12,"plotstatus":"Allotted","landallotementstatus":"SOLD","landallotementtype":"ALLOTTED","allotmentid":"YIND010520","allotment_date":1442255400000,"rate_of_allotment":6100,"lease_deed":"Y","possession":"Y","possession_date":1696876200000,"village_name":"Chakbirampur","khasra_no":"93,91,130","longitude":77.60639041,"latitude":28.21835071,"authority":"YEIDA","category":"industrial","execution_stage":"possession-recorded"}},{"type":"Feature","geometry":{"type":"Polygon","coordinates":[[[77.606262,28.221291],[77.606262,28.221517],[77.60614,28.221517],[77.60614,28.221292],[77.606262,28.221291]]]},"properties":{"objectid":2989,"uniqueplotid":"PLNGINDUSTRIAL2989","plotmap_id":"SECTOR-32_281_GENERAL INDUSTRY_IND","plotidentificationnumber":"281","plotno":"281","industrysector":"SECTOR-32","block":"GENERAL INDUSTRY","plotsize":"300 SQMT","plotsize_at_the_time_of_allotme":"300 SQMT","plot_size_as_per_lease_plan":300,"landuse_type":"INDUSTRIAL","landuse_subcategory":"INDUSTRIAL","scheme_cod":"IND02","investment":5,"employment":18,"plotstatus":"Allotted","landallotementstatus":"SOLD","landallotementtype":"ALLOTTED","allotmentid":"YIND021085","allotment_date":1442255400000,"rate_of_allotment":6100,"lease_deed":"Y","possession":"Y","possession_date":1683570600000,"village_name":"Chakbirampur","khasra_no":"85,81,87","longitude":77.60620102,"latitude":28.2214042,"authority":"YEIDA","category":"industrial","execution_stage":"possession-recorded"}},{"type":"Feature","geometry":{"type":"Polygon","coordinates":[[[77.60755,28.221063],[77.60755,28.221288],[77.607428,28.221289],[77.607427,28.221063],[77.60755,28.221063]]]},"properties":{"objectid":2990,"uniqueplotid":"PLNGINDUSTRIAL2990","plotmap_id":"SECTOR-32_336_GENERAL INDUSTRY_IND","plotidentificationnumber":"336","plotno":"336","industrysector":"SECTOR-32","block":"GENERAL INDUSTRY","plotsize":"300 SQMT","plotsize_at_the_time_of_allotme":"300 SQMT","landuse_type":"INDUSTRIAL","landuse_subcategory":"INDUSTRIAL","scheme_cod":"IND06","investment":3,"employment":9,"plotstatus":"Allotted","landallotementstatus":"SOLD","landallotementtype":"ALLOTTED","allotmentid":"YIND061093","allotment_date":1574361000000,"rate_of_allotment":6670,"lease_deed":"N","possession":"N","village_name":"Chakbirampur","khasra_no":"82","longitude":77.60748877,"latitude":28.2211757,"authority":"YEIDA","category":"industrial","execution_stage":"allotted"}},{"type":"Feature","geometry":{"type":"Polygon","coordinates":[[[77.617906,28.223671],[77.617907,28.223941],[77.617296,28.223943],[77.617295,28.223673],[77.617906,28.223671]]]},"properties":{"objectid":2994,"uniqueplotid":"PLNGINDUSTRIAL2994","plotmap_id":"SECTOR-32_1128_GENERAL INDUSTRY_IND","plotidentificationnumber":"1128","plotno":"1128","industrysector":"SECTOR-32","block":"GENERAL INDUSTRY","plotsize":"1800 SQMT","plotsize_at_the_time_of_allotme":"1800 SQMT","landuse_type":"INDUSTRIAL","landuse_subcategory":"INDUSTRIAL","scheme_cod":"IND06","investment":15,"employment":53,"plotstatus":"Allotted","landallotementstatus":"SOLD","landallotementtype":"ALLOTTED","allotmentid":"YIND061475","allotment_date":1574361000000,"rate_of_allotment":6670,"lease_deed":"N","possession":"N","village_name":"Birampur","khasra_no":"4,3","longitude":77.61756056,"latitude":28.22378912,"authority":"YEIDA","category":"industrial","execution_stage":"allotted"}},{"type":"Feature","geometry":{"type":"Polygon","coordinates":[[[77.609871,28.221057],[77.609872,28.221283],[77.60975,28.221283],[77.609749,28.221058],[77.609871,28.221057]]]},"properties":{"objectid":2997,"uniqueplotid":"PLNGINDUSTRIAL2997","plotmap_id":"SECTOR-32_317_GENERAL INDUSTRY_IND","plotidentificationnumber":"317","plotno":"317","industrysector":"SECTOR-32","block":"GENERAL INDUSTRY","plotsize":"300 SQMT","plotsize_at_the_time_of_allotme":"300 SQMT","plot_size_as_per_lease_plan":300,"landuse_type":"INDUSTRIAL","landuse_subcategory":"INDUSTRIAL","scheme_cod":"IND02","investment":5,"employment":18,"plotstatus":"Allotted","landallotementstatus":"SOLD","landallotementtype":"ALLOTTED","allotmentid":"YIND021408","allotment_date":1442255400000,"rate_of_allotment":6100,"lease_deed":"Y","possession":"Y","possession_date":1715020200000,"village_name":"Chakbirampur","khasra_no":"75,71","longitude":77.60981065,"latitude":28.22117025,"authority":"YEIDA","category":"industrial","execution_stage":"possession-recorded"}},{"type":"Feature","geometry":{"type":"Polygon","coordinates":[[[77.60663,28.221732],[77.60663,28.221958],[77.606508,28.221958],[77.606508,28.221733],[77.60663,28.221732]]]},"properties":{"objectid":2998,"uniqueplotid":"PLNGINDUSTRIAL2998","plotmap_id":"SECTOR-32_205_GENERAL INDUSTRY_IND","plotidentificationnumber":"205","plotno":"205","industrysector":"SECTOR-32","block":"GENERAL INDUSTRY","plotsize":"300 SQMT","plotsize_at_the_time_of_allotme":"300 SQMT","landuse_type":"INDUSTRIAL","landuse_subcategory":"INDUSTRIAL","scheme_cod":"IND02","investment":5,"employment":18,"plotstatus":"Allotted","landallotementstatus":"SOLD","landallotementtype":"ALLOTTED","allotmentid":"YIND021256","allotment_date":1442255400000,"rate_of_allotment":6100,"lease_deed":"N","possession":"N","village_name":"Chakbirampur","khasra_no":"85,84,82","longitude":77.60656895999999,"latitude":28.22184528,"authority":"YEIDA","category":"industrial","execution_stage":"allotted"}},{"type":"Feature","geometry":{"type":"Polygon","coordinates":[[[77.60837,28.219455],[77.60837,28.219726],[77.608218,28.219726],[77.608217,28.219456],[77.60837,28.219455]]]},"properties":{"objectid":2999,"uniqueplotid":"PLNGINDUSTRIAL2999","plotmap_id":"SECTOR-32_538_GENERAL INDUSTRY_IND","plotidentificationnumber":"538","plotno":"538","industrysector":"SECTOR-32","block":"GENERAL INDUSTRY","plotsize":"450 SQMT","plotsize_at_the_time_of_allotme":"450 SQMT","plot_size_as_per_lease_plan":450,"landuse_type":"INDUSTRIAL","landuse_subcategory":"INDUSTRIAL","scheme_cod":"IND06","investment":4,"employment":13,"plotstatus":"Allotted","landallotementstatus":"SOLD","landallotementtype":"ALLOTTED","allotmentid":"YIND061226","allotment_date":1574361000000,"rate_of_allotment":6670,"lease_deed":"Y","possession":"N","village_name":"Chakbirampur","khasra_no":"93,94","longitude":77.60829360999999,"latitude":28.21959092,"authority":"YEIDA","category":"industrial","execution_stage":"lease-recorded"}},{"type":"Feature","geometry":{"type":"Polygon","coordinates":[[[77.608394,28.217273],[77.608394,28.217498],[77.608272,28.217498],[77.608271,28.217273],[77.608394,28.217273]]]},"properties":{"objectid":3004,"uniqueplotid":"PLNGINDUSTRIAL3004","plotmap_id":"SECTOR-32_879_GENERAL INDUSTRY_IND","plotidentificationnumber":"879","plotno":"879","industrysector":"SECTOR-32","block":"GENERAL INDUSTRY","plotsize":"300 SQMT","plotsize_at_the_time_of_allotme":"300 SQMT","plot_size_as_per_lease_plan":300,"landuse_type":"INDUSTRIAL","landuse_subcategory":"INDUSTRIAL","scheme_cod":"IND02","investment":5,"employment":18,"plotstatus":"Allotted","landallotementstatus":"SOLD","landallotementtype":"ALLOTTED","allotmentid":"YIND021133","allotment_date":1442255400000,"rate_of_allotment":6100,"lease_deed":"Y","lease_deed_date":1747333800000,"possession":"N","village_name":"Chakbirampur","khasra_no":"119","longitude":77.6083328,"latitude":28.21738557,"authority":"YEIDA","category":"industrial","execution_stage":"lease-recorded"}},{"type":"Feature","geometry":{"type":"Polygon","coordinates":[[[77.608896,28.221953],[77.608897,28.222178],[77.608775,28.222178],[77.608774,28.221953],[77.608896,28.221953]]]},"properties":{"objectid":3006,"uniqueplotid":"PLNGINDUSTRIAL3006","plotmap_id":"SECTOR-32_164_GENERAL INDUSTRY_IND","plotidentificationnumber":"164","plotno":"164","industrysector":"SECTOR-32","block":"GENERAL INDUSTRY","plotsize":"300 SQMT","plotsize_at_the_time_of_allotme":"300 SQMT","plot_size_as_per_lease_plan":300,"landuse_type":"INDUSTRIAL","landuse_subcategory":"INDUSTRIAL","scheme_cod":"IND02","investment":5,"employment":18,"plotstatus":"Allotted","landallotementstatus":"SOLD","landallotementtype":"ALLOTTED","allotmentid":"YIND021114","allotment_date":1442255400000,"rate_of_allotment":6100,"lease_deed":"Y","possession":"Y","possession_date":1684089000000,"village_name":"Muradgarhi","khasra_no":"241","longitude":77.6088357,"latitude":28.22206544,"authority":"YEIDA","category":"industrial","execution_stage":"possession-recorded"}},{"type":"Feature","geometry":{"type":"Polygon","coordinates":[[[77.609736,28.216828],[77.609737,28.217053],[77.609615,28.217053],[77.609614,28.216828],[77.609736,28.216828]]]},"properties":{"objectid":3007,"uniqueplotid":"PLNGINDUSTRIAL3007","plotmap_id":"SECTOR-32_993_GENERAL INDUSTRY_IND","plotidentificationnumber":"993","plotno":"993","industrysector":"SECTOR-32","block":"GENERAL INDUSTRY","plotsize":"300 SQMT","plotsize_at_the_time_of_allotme":"300 SQMT","landuse_type":"INDUSTRIAL","landuse_subcategory":"INDUSTRIAL","scheme_cod":"IND06","investment":3,"employment":9,"plotstatus":"Allotted","landallotementstatus":"SOLD","landallotementtype":"ALLOTTED","allotmentid":"YIND061060","allotment_date":1574361000000,"rate_of_allotment":6670,"lease_deed":"N","possession":"N","village_name":"Chakbirampur","khasra_no":"102,101","longitude":77.60967571,"latitude":28.21694046,"authority":"YEIDA","category":"industrial","execution_stage":"allotted"}},{"type":"Feature","geometry":{"type":"Polygon","coordinates":[[[77.608341,28.220213],[77.608342,28.220529],[77.608169,28.220529],[77.608168,28.220214],[77.608341,28.220213]]]},"properties":{"objectid":3009,"uniqueplotid":"PLNGINDUSTRIAL3009","plotmap_id":"SECTOR-32_435_GENERAL INDUSTRY_IND","plotidentificationnumber":"435","plotno":"435","industrysector":"SECTOR-32","block":"GENERAL INDUSTRY","plotsize":"595 SQMT","plotsize_at_the_time_of_allotme":"595 SQMT","landuse_type":"INDUSTRIAL","landuse_subcategory":"INDUSTRIAL","scheme_cod":"IND06","investment":5,"employment":17,"plotstatus":"Allotted","landallotementstatus":"SOLD","landallotementtype":"ALLOTTED","allotmentid":"YIND061324","allotment_date":1574361000000,"rate_of_allotment":6670,"lease_deed":"Y","possession":"Y","possession_date":1640197800000,"map_sanctioned_from_planning":"Y","village_name":"Chakbirampur","khasra_no":"82","longitude":77.60825521999999,"latitude":28.22037118,"authority":"YEIDA","category":"industrial","execution_stage":"construction-or-map-approval"}},{"type":"Feature","geometry":{"type":"Polygon","coordinates":[[[77.60586,28.219732],[77.605861,28.220002],[77.605708,28.220003],[77.605707,28.219732],[77.60586,28.219732]]]},"properties":{"objectid":3012,"uniqueplotid":"PLNGINDUSTRIAL3012","plotmap_id":"SECTOR-32_497_GENERAL INDUSTRY_IND","plotidentificationnumber":"497","plotno":"497","industrysector":"SECTOR-32","block":"GENERAL INDUSTRY","plotsize":"450 SQMT","plotsize_at_the_time_of_allotme":"450 SQMT","landuse_type":"INDUSTRIAL","landuse_subcategory":"INDUSTRIAL","scheme_cod":"IND01","investment":3,"employment":12,"plotstatus":"Allotted","landallotementstatus":"SOLD","landallotementtype":"ALLOTTED","allotmentid":"YIND010663","allotment_date":1442255400000,"rate_of_allotment":6100,"lease_deed":"Y","possession":"N","village_name":"Chakbirampur","khasra_no":"89","longitude":77.60578395,"latitude":28.21986739,"authority":"YEIDA","category":"industrial","execution_stage":"lease-recorded"}},{"type":"Feature","geometry":{"type":"Polygon","coordinates":[[[77.60699,28.217727],[77.606862,28.217727],[77.606861,28.217502],[77.606989,28.217501],[77.60699,28.217727]]]},"properties":{"objectid":3016,"uniqueplotid":"PLNGINDUSTRIAL3016","plotmap_id":"SECTOR-32_837_GENERAL INDUSTRY_IND","plotidentificationnumber":"837","plotno":"837","industrysector":"SECTOR-32","block":"GENERAL INDUSTRY","plotsize":"300 SQMT","plotsize_at_the_time_of_allotme":"300 SQMT","plot_size_as_per_lease_plan":308.44,"landuse_type":"INDUSTRIAL","landuse_subcategory":"INDUSTRIAL","scheme_cod":"IND06","investment":3,"employment":9,"plotstatus":"Allotted","landallotementstatus":"SOLD","landallotementtype":"ALLOTTED","allotmentid":"YIND061138","allotment_date":1574361000000,"rate_of_allotment":6670,"lease_deed":"Y","possession":"Y","possession_date":1689618600000,"village_name":"Chakbirampur","khasra_no":"117,126,129","longitude":77.60692449999999,"latitude":28.21761263,"authority":"YEIDA","category":"industrial","execution_stage":"possession-recorded"}},{"type":"Feature","geometry":{"type":"Polygon","coordinates":[[[77.606008,28.218216],[77.606009,28.218487],[77.605856,28.218487],[77.605855,28.218217],[77.606008,28.218216]]]},"properties":{"objectid":3018,"uniqueplotid":"PLNGINDUSTRIAL3018","plotmap_id":"SECTOR-32_714_GENERAL INDUSTRY_IND","plotidentificationnumber":"714","plotno":"714","industrysector":"SECTOR-32","block":"GENERAL INDUSTRY","plotsize":"450 SQMT","plotsize_at_the_time_of_allotme":"450 SQMT","plot_size_as_per_lease_plan":450,"landuse_type":"INDUSTRIAL","landuse_subcategory":"INDUSTRIAL","scheme_cod":"IND07","investment":3,"employment":10,"plotstatus":"Allotted","landallotementstatus":"SOLD","landallotementtype":"ALLOTTED","allotmentid":"YIND071201","allotment_date":1625077800000,"rate_of_allotment":7010,"lease_deed":"Y","possession":"N","village_name":"Chakbirampur","khasra_no":"90,91","longitude":77.60593215,"latitude":28.21835178,"authority":"YEIDA","category":"industrial","execution_stage":"lease-recorded"}},{"type":"Feature","geometry":{"type":"Polygon","coordinates":[[[77.608168,28.220214],[77.608169,28.220529],[77.607996,28.22053],[77.607995,28.220214],[77.608168,28.220214]]]},"properties":{"objectid":3021,"uniqueplotid":"PLNGINDUSTRIAL3021","plotmap_id":"SECTOR-32_436_GENERAL INDUSTRY_IND","plotidentificationnumber":"436","plotno":"436","industrysector":"SECTOR-32","block":"GENERAL INDUSTRY","plotsize":"595 SQMT","plotsize_at_the_time_of_allotme":"595 SQMT","plot_size_as_per_lease_plan":595,"landuse_type":"INDUSTRIAL","landuse_subcategory":"INDUSTRIAL","scheme_cod":"IND06","investment":5,"employment":17,"plotstatus":"Allotted","landallotementstatus":"SOLD","landallotementtype":"ALLOTTED","allotmentid":"YIND061323","allotment_date":1574361000000,"rate_of_allotment":6670,"lease_deed":"Y","possession":"Y","possession_date":1728239400000,"village_name":"Chakbirampur","khasra_no":"82","longitude":77.6080821,"latitude":28.220371590000003,"authority":"YEIDA","category":"industrial","execution_stage":"possession-recorded"}},{"type":"Feature","geometry":{"type":"Polygon","coordinates":[[[77.60601,28.218974],[77.606011,28.219245],[77.605858,28.219245],[77.605858,28.218974],[77.60601,28.218974]]]},"properties":{"objectid":3022,"uniqueplotid":"PLNGINDUSTRIAL3022","plotmap_id":"SECTOR-32_606_GENERAL INDUSTRY_IND","plotidentificationnumber":"606","plotno":"606","industrysector":"SECTOR-32","block":"GENERAL INDUSTRY","plotsize":"450 SQMT","plotsize_at_the_time_of_allotme":"450 SQMT","landuse_type":"INDUSTRIAL","landuse_subcategory":"INDUSTRIAL","scheme_cod":"IND01","investment":3,"employment":12,"plotstatus":"Allotted","landallotementstatus":"SOLD","landallotementtype":"ALLOTTED","allotmentid":"YIND010564","allotment_date":1442255400000,"rate_of_allotment":6100,"lease_deed":"N","possession":"N","village_name":"Chakbirampur","khasra_no":"89","longitude":77.60593443,"latitude":28.21910941,"authority":"YEIDA","category":"industrial","execution_stage":"allotted"}},{"type":"Feature","geometry":{"type":"Polygon","coordinates":[[[77.607552,28.22173],[77.607552,28.221956],[77.60743,28.221956],[77.607429,28.221731],[77.607552,28.22173]]]},"properties":{"objectid":3024,"uniqueplotid":"PLNGINDUSTRIAL3024","plotmap_id":"SECTOR-32_200_GENERAL INDUSTRY_IND","plotidentificationnumber":"200","plotno":"200","industrysector":"SECTOR-32","block":"GENERAL INDUSTRY","plotsize":"300 SQMT","plotsize_at_the_time_of_allotme":"300 SQMT","landuse_type":"INDUSTRIAL","landuse_subcategory":"INDUSTRIAL","scheme_cod":"IND02","investment":5,"employment":18,"plotstatus":"Allotted","landallotementstatus":"SOLD","landallotementtype":"ALLOTTED","allotmentid":"YIND021149","allotment_date":1442255400000,"rate_of_allotment":6100,"lease_deed":"Y","possession":"Y","possession_date":1715538600000,"map_sanctioned_from_planning":"Y","village_name":"Chakbirampur","khasra_no":"82","longitude":77.60749077999999,"latitude":28.221843110000002,"authority":"YEIDA","category":"industrial","execution_stage":"construction-or-map-approval"}},{"type":"Feature","geometry":{"type":"Polygon","coordinates":[[[77.608774,28.221727],[77.608774,28.221953],[77.608652,28.221953],[77.608651,28.221728],[77.608774,28.221727]]]},"properties":{"objectid":3029,"uniqueplotid":"PLNGINDUSTRIAL3029","plotmap_id":"SECTOR-32_190_GENERAL INDUSTRY_IND","plotidentificationnumber":"190","plotno":"190","industrysector":"SECTOR-32","block":"GENERAL INDUSTRY","plotsize":"300 SQMT","plotsize_at_the_time_of_allotme":"300 SQMT","landuse_type":"INDUSTRIAL","landuse_subcategory":"INDUSTRIAL","scheme_cod":"IND02","investment":5,"employment":18,"plotstatus":"Allotted","landallotementstatus":"SOLD","landallotementtype":"ALLOTTED","allotmentid":"YIND021358","allotment_date":1442255400000,"rate_of_allotment":6100,"lease_deed":"Y","possession":"Y","possession_date":1650306600000,"map_sanctioned_from_planning":"Y","units_under_construction":"Y","village_name":"Muradgarhi,Chakbirampur","khasra_no":"83,241","longitude":77.60871282,"latitude":28.221840250000003,"authority":"YEIDA","category":"industrial","execution_stage":"construction-or-map-approval"}},{"type":"Feature","geometry":{"type":"Polygon","coordinates":[[[77.605639,28.217505],[77.60564,28.21773],[77.605518,28.21773],[77.605517,28.217505],[77.605639,28.217505]]]},"properties":{"objectid":3033,"uniqueplotid":"PLNGINDUSTRIAL3033","plotmap_id":"SECTOR-32_826_GENERAL INDUSTRY_IND","plotidentificationnumber":"826","plotno":"826","industrysector":"SECTOR-32","block":"GENERAL INDUSTRY","plotsize":"300 SQMT","plotsize_at_the_time_of_allotme":"300 SQMT","plot_size_as_per_lease_plan":300,"landuse_type":"INDUSTRIAL","landuse_subcategory":"INDUSTRIAL","scheme_cod":"IND06","investment":3,"employment":9,"plotstatus":"Allotted","landallotementstatus":"SOLD","landallotementtype":"ALLOTTED","allotmentid":"YIND061068","allotment_date":1574361000000,"rate_of_allotment":6670,"lease_deed":"Y","lease_deed_date":1693852200000,"possession":"Y","possession_date":1712169000000,"map_sanctioned_from_planning":"Y","units_under_construction":"WORK COMPLETED","units_under_production":"Y","village_name":"Chakbirampur","khasra_no":"145,133,134","longitude":77.6055786,"latitude":28.21761752,"authority":"YEIDA","category":"industrial","execution_stage":"functional-evidence"}},{"type":"Feature","geometry":{"type":"Polygon","coordinates":[[[77.606615,28.216835],[77.606616,28.21706],[77.606493,28.217061],[77.606493,28.216835],[77.606615,28.216835]]]},"properties":{"objectid":3034,"uniqueplotid":"PLNGINDUSTRIAL3034","plotmap_id":"SECTOR-32_970_GENERAL INDUSTRY_IND","plotidentificationnumber":"970","plotno":"970","industrysector":"SECTOR-32","block":"GENERAL INDUSTRY","plotsize":"300 SQMT","plotsize_at_the_time_of_allotme":"300 SQMT","plot_size_as_per_lease_plan":300,"landuse_type":"INDUSTRIAL","landuse_subcategory":"INDUSTRIAL","scheme_cod":"IND06","investment":3,"employment":9,"plotstatus":"Allotted","landallotementstatus":"SOLD","landallotementtype":"ALLOTTED","allotmentid":"YIND061137","allotment_date":1574361000000,"rate_of_allotment":6670,"lease_deed":"Y","possession":"Y","possession_date":1707676200000,"village_name":"Chakbirampur","khasra_no":"145,150,147","longitude":77.60655421999999,"latitude":28.21694779,"authority":"YEIDA","category":"industrial","execution_stage":"possession-recorded"}},{"type":"Feature","geometry":{"type":"Polygon","coordinates":[[[77.605762,28.217504],[77.605762,28.21773],[77.60564,28.21773],[77.605639,28.217505],[77.605762,28.217504]]]},"properties":{"objectid":3035,"uniqueplotid":"PLNGINDUSTRIAL3035","plotmap_id":"SECTOR-32_827_GENERAL INDUSTRY_IND","plotidentificationnumber":"827","plotno":"827","industrysector":"SECTOR-32","block":"GENERAL INDUSTRY","plotsize":"300 SQMT","plotsize_at_the_time_of_allotme":"300 SQMT","plot_size_as_per_lease_plan":303.6,"landuse_type":"INDUSTRIAL","landuse_subcategory":"INDUSTRIAL","scheme_cod":"IND06","investment":3,"employment":9,"plotstatus":"Allotted","landallotementstatus":"SOLD","landallotementtype":"ALLOTTED","allotmentid":"YIND061056","allotment_date":1574361000000,"rate_of_allotment":6670,"lease_deed":"Y","possession":"Y","possession_date":1679423400000,"map_sanctioned_from_planning":"Y","village_name":"Chakbirampur","khasra_no":"145,133,147,134","longitude":77.6057008,"latitude":28.21761724,"authority":"YEIDA","category":"industrial","execution_stage":"construction-or-map-approval"}},{"type":"Feature","geometry":{"type":"Polygon","coordinates":[[[77.607917,28.221287],[77.607918,28.221513],[77.607795,28.221513],[77.607795,28.221288],[77.607917,28.221287]]]},"properties":{"objectid":3041,"uniqueplotid":"PLNGINDUSTRIAL3041","plotmap_id":"SECTOR-32_292_GENERAL INDUSTRY_IND","plotidentificationnumber":"292","plotno":"292","industrysector":"SECTOR-32","block":"GENERAL INDUSTRY","plotsize":"300 SQMT","plotsize_at_the_time_of_allotme":"300 SQMT","landuse_type":"INDUSTRIAL","landuse_subcategory":"INDUSTRIAL","scheme_cod":"IND06","investment":3,"employment":9,"plotstatus":"Allotted","landallotementstatus":"SOLD","landallotementtype":"ALLOTTED","allotmentid":"YIND061097","allotment_date":1574361000000,"rate_of_allotment":6670,"lease_deed":"Y","possession":"Y","possession_date":1710700200000,"village_name":"Chakbirampur","khasra_no":"82","longitude":77.60785606,"latitude":28.22140031,"authority":"YEIDA","category":"industrial","execution_stage":"possession-recorded"}},{"type":"Feature","geometry":{"type":"Polygon","coordinates":[[[77.606315,28.218703],[77.606316,28.218973],[77.606163,28.218974],[77.606162,28.218703],[77.606315,28.218703]]]},"properties":{"objectid":3043,"uniqueplotid":"PLNGINDUSTRIAL3043","plotmap_id":"SECTOR-32_657_GENERAL INDUSTRY_IND","plotidentificationnumber":"657","plotno":"657","industrysector":"SECTOR-32","block":"GENERAL INDUSTRY","plotsize":"450 SQMT","plotsize_at_the_time_of_allotme":"450 SQMT","landuse_type":"INDUSTRIAL","landuse_subcategory":"INDUSTRIAL","scheme_cod":"IND01","investment":3,"employment":12,"plotstatus":"Allotted","landallotementstatus":"SOLD","landallotementtype":"ALLOTTED","allotmentid":"YIND010666","allotment_date":1442255400000,"rate_of_allotment":6100,"lease_deed":"N","possession":"N","village_name":"Chakbirampur","khasra_no":"89,91","longitude":77.60623912,"latitude":28.21883812,"authority":"YEIDA","category":"industrial","execution_stage":"allotted"}},{"type":"Feature","geometry":{"type":"Polygon","coordinates":[[[77.607552,28.221956],[77.607553,28.222181],[77.607431,28.222181],[77.60743,28.221956],[77.607552,28.221956]]]},"properties":{"objectid":3045,"uniqueplotid":"PLNGINDUSTRIAL3045","plotmap_id":"SECTOR-32_153_GENERAL INDUSTRY_IND","plotidentificationnumber":"153","plotno":"153","industrysector":"SECTOR-32","block":"GENERAL INDUSTRY","plotsize":"300 SQMT","plotsize_at_the_time_of_allotme":"300 SQMT","landuse_type":"INDUSTRIAL","landuse_subcategory":"INDUSTRIAL","scheme_cod":"IND02","investment":5,"employment":18,"plotstatus":"Allotted","landallotementstatus":"SOLD","landallotementtype":"ALLOTTED","allotmentid":"YIND021315","allotment_date":1442255400000,"rate_of_allotment":6100,"lease_deed":"N","possession":"N","village_name":"Chakbirampur","khasra_no":"82,83","longitude":77.60749145999999,"latitude":28.222068590000003,"authority":"YEIDA","category":"industrial","execution_stage":"allotted"}},{"type":"Feature","geometry":{"type":"Polygon","coordinates":[[[77.608861,28.220212],[77.608862,28.220528],[77.608689,28.220528],[77.608688,28.220212],[77.608861,28.220212]]]},"properties":{"objectid":3046,"uniqueplotid":"PLNGINDUSTRIAL3046","plotmap_id":"SECTOR-32_432_GENERAL INDUSTRY_IND","plotidentificationnumber":"432","plotno":"432","industrysector":"SECTOR-32","block":"GENERAL INDUSTRY","plotsize":"595 SQMT","plotsize_at_the_time_of_allotme":"595 SQMT","plot_size_as_per_lease_plan":595,"landuse_type":"INDUSTRIAL","landuse_subcategory":"INDUSTRIAL","scheme_cod":"IND06","investment":5,"employment":17,"plotstatus":"Allotted","landallotementstatus":"SOLD","landallotementtype":"ALLOTTED","allotmentid":"YIND061366","allotment_date":1574361000000,"rate_of_allotment":6670,"lease_deed":"Y","possession":"Y","possession_date":1653330600000,"village_name":"Chakbirampur","khasra_no":"80,94,82","longitude":77.60877459,"latitude":28.220369960000003,"authority":"YEIDA","category":"industrial","execution_stage":"possession-recorded"}},{"type":"Feature","geometry":{"type":"Polygon","coordinates":[[[77.617896,28.221777],[77.617898,28.222047],[77.617288,28.222049],[77.617287,28.221779],[77.617896,28.221777]]]},"properties":{"objectid":3050,"uniqueplotid":"PLNGINDUSTRIAL3050","plotmap_id":"SECTOR-32_1135_GENERAL INDUSTRY_IND","plotidentificationnumber":"1135","plotno":"1135","industrysector":"SECTOR-32","block":"GENERAL INDUSTRY","plotsize":"1800 SQMT","plotsize_at_the_time_of_allotme":"1800 SQMT","landuse_type":"INDUSTRIAL","landuse_subcategory":"INDUSTRIAL","scheme_cod":"IND07","investment":11,"employment":40,"plotstatus":"Allotted","landallotementstatus":"SOLD","landallotementtype":"ALLOTTED","allotmentid":"YIND071342","allotment_date":1625077800000,"rate_of_allotment":7010,"lease_deed":"N","possession":"N","village_name":"Birampur","khasra_no":"23,22,24,7","longitude":77.61759888,"latitude":28.221915860000003,"authority":"YEIDA","category":"industrial","execution_stage":"allotted"}},{"type":"Feature","geometry":{"type":"Polygon","coordinates":[[[77.609587,28.217937],[77.609588,28.218208],[77.609435,28.218208],[77.609434,28.217938],[77.609587,28.217937]]]},"properties":{"objectid":3060,"uniqueplotid":"PLNGINDUSTRIAL3060","plotmap_id":"SECTOR-32_746_GENERAL INDUSTRY_IND","plotidentificationnumber":"746","plotno":"746","industrysector":"SECTOR-32","block":"GENERAL INDUSTRY","plotsize":"450 SQMT","plotsize_at_the_time_of_allotme":"450 SQMT","plot_size_as_per_lease_plan":450,"landuse_type":"INDUSTRIAL","landuse_subcategory":"INDUSTRIAL","scheme_cod":"IND01","investment":3,"employment":12,"plotstatus":"Allotted","landallotementstatus":"SOLD","landallotementtype":"ALLOTTED","allotmentid":"YIND010534","allotment_date":1442255400000,"rate_of_allotment":6100,"lease_deed":"Y","possession":"Y","possession_date":1690223400000,"map_sanctioned_from_planning":"Y","units_under_construction":"Y","village_name":"Chakbirampur","khasra_no":"101","longitude":77.60951109,"latitude":28.2180728,"authority":"YEIDA","category":"industrial","execution_stage":"construction-or-map-approval"}},{"type":"Feature","geometry":{"type":"Polygon","coordinates":[[[77.60647,28.21946],[77.606471,28.21973],[77.606318,28.219731],[77.606317,28.21946],[77.60647,28.21946]]]},"properties":{"objectid":3063,"uniqueplotid":"PLNGINDUSTRIAL3063","plotmap_id":"SECTOR-32_548_GENERAL INDUSTRY_IND","plotidentificationnumber":"548","plotno":"548","industrysector":"SECTOR-32","block":"GENERAL INDUSTRY","plotsize":"450 SQMT","plotsize_at_the_time_of_allotme":"450 SQMT","landuse_type":"INDUSTRIAL","landuse_subcategory":"INDUSTRIAL","scheme_cod":"IND06","investment":4,"employment":13,"plotstatus":"Allotted","landallotementstatus":"SOLD","landallotementtype":"ALLOTTED","allotmentid":"YIND061215","allotment_date":1574361000000,"rate_of_allotment":6670,"lease_deed":"Y","possession":"Y","possession_date":1718735400000,"village_name":"Chakbirampur","khasra_no":"89,81,92","longitude":77.60639416000001,"latitude":28.21959538,"authority":"YEIDA","category":"industrial","execution_stage":"possession-recorded"}},{"type":"Feature","geometry":{"type":"Polygon","coordinates":[[[77.60975,28.221283],[77.609751,28.221509],[77.609628,28.221509],[77.609628,28.221283],[77.60975,28.221283]]]},"properties":{"objectid":3065,"uniqueplotid":"PLNGINDUSTRIAL3065","plotmap_id":"SECTOR-32_307_GENERAL INDUSTRY_IND","plotidentificationnumber":"307","plotno":"307","industrysector":"SECTOR-32","block":"GENERAL INDUSTRY","plotsize":"300 SQMT","plotsize_at_the_time_of_allotme":"300 SQMT","landuse_type":"INDUSTRIAL","landuse_subcategory":"INDUSTRIAL","scheme_cod":"IND02","investment":5,"employment":18,"plotstatus":"Allotted","landallotementstatus":"SOLD","landallotementtype":"ALLOTTED","allotmentid":"YIND021293","allotment_date":1442255400000,"rate_of_allotment":6100,"lease_deed":"Y","possession":"Y","possession_date":1732127400000,"village_name":"Chakbirampur","khasra_no":"75","longitude":77.60968912,"latitude":28.22139602,"authority":"YEIDA","category":"industrial","execution_stage":"possession-recorded"}},{"type":"Feature","geometry":{"type":"Polygon","coordinates":[[[77.60865,28.221286],[77.608651,28.221511],[77.608529,28.221511],[77.608528,28.221286],[77.60865,28.221286]]]},"properties":{"objectid":3069,"uniqueplotid":"PLNGINDUSTRIAL3069","plotmap_id":"SECTOR-32_298_GENERAL INDUSTRY_IND","plotidentificationnumber":"298","plotno":"298","industrysector":"SECTOR-32","block":"GENERAL INDUSTRY","plotsize":"300 SQMT","plotsize_at_the_time_of_allotme":"300 SQMT","landuse_type":"INDUSTRIAL","landuse_subcategory":"INDUSTRIAL","scheme_cod":"IND02","investment":5,"employment":18,"plotstatus":"Allotted","landallotementstatus":"SOLD","landallotementtype":"ALLOTTED","allotmentid":"YIND021205","allotment_date":1442255400000,"rate_of_allotment":6100,"lease_deed":"N","possession":"N","village_name":"Chakbirampur","khasra_no":"83","longitude":77.60858928,"latitude":28.2213986,"authority":"YEIDA","category":"industrial","execution_stage":"allotted"}},{"type":"Feature","geometry":{"type":"Polygon","coordinates":[[[77.606991,28.218214],[77.606772,28.218215],[77.606771,28.217944],[77.60699,28.217943],[77.606991,28.218214]]]},"properties":{"objectid":3071,"uniqueplotid":"PLNGINDUSTRIAL3071","plotmap_id":"SECTOR-32_761_GENERAL INDUSTRY_IND","plotidentificationnumber":"761","plotno":"761","industrysector":"SECTOR-32","block":"GENERAL INDUSTRY","plotsize":"450 SQMT","plotsize_at_the_time_of_allotme":"450 SQMT","plot_size_as_per_lease_plan":545,"landuse_type":"INDUSTRIAL","landuse_subcategory":"INDUSTRIAL","scheme_cod":"IND01","investment":3,"employment":12,"plotstatus":"Allotted","landallotementstatus":"SOLD","landallotementtype":"ALLOTTED","allotmentid":"YIND010704","allotment_date":1442255400000,"rate_of_allotment":6100,"lease_deed":"Y","possession":"Y","possession_date":1728412200000,"village_name":"Chakbirampur","khasra_no":"93,127,128","longitude":77.60688435,"latitude":28.21808302,"authority":"YEIDA","category":"industrial","execution_stage":"possession-recorded"}},{"type":"Feature","geometry":{"type":"Polygon","coordinates":[[[77.609743,28.218965],[77.609744,28.219236],[77.609591,28.219236],[77.60959,28.218966],[77.609743,28.218965]]]},"properties":{"objectid":3074,"uniqueplotid":"PLNGINDUSTRIAL3074","plotmap_id":"SECTOR-32_628_GENERAL INDUSTRY_IND","plotidentificationnumber":"628","plotno":"628","industrysector":"SECTOR-32","block":"GENERAL INDUSTRY","plotsize":"450 SQMT","plotsize_at_the_time_of_allotme":"450 SQMT","landuse_type":"INDUSTRIAL","landuse_subcategory":"INDUSTRIAL","scheme_cod":"IND06","investment":4,"employment":13,"plotstatus":"Allotted","landallotementstatus":"SOLD","landallotementtype":"ALLOTTED","allotmentid":"YIND061221","allotment_date":1574361000000,"rate_of_allotment":6670,"lease_deed":"Y","possession":"Y","possession_date":1648751400000,"village_name":"Chakbirampur","khasra_no":"95","longitude":77.60966694,"latitude":28.21910065,"authority":"YEIDA","category":"industrial","execution_stage":"possession-recorded"}},{"type":"Feature","geometry":{"type":"Polygon","coordinates":[[[77.607539,28.2175],[77.607539,28.217726],[77.607417,28.217726],[77.607417,28.2175],[77.607539,28.2175]]]},"properties":{"objectid":3075,"uniqueplotid":"PLNGINDUSTRIAL3075","plotmap_id":"SECTOR-32_839_GENERAL INDUSTRY_IND","plotidentificationnumber":"839","plotno":"839","industrysector":"SECTOR-32","block":"GENERAL INDUSTRY","plotsize":"300 SQMT","plotsize_at_the_time_of_allotme":"300 SQMT","plot_size_as_per_lease_plan":300,"landuse_type":"INDUSTRIAL","landuse_subcategory":"INDUSTRIAL","scheme_cod":"IND02","investment":5,"employment":18,"plotstatus":"Allotted","landallotementstatus":"SOLD","landallotementtype":"ALLOTTED","allotmentid":"YIND021118","allotment_date":1442255400000,"rate_of_allotment":6100,"lease_deed":"Y","possession":"Y","possession_date":1704825000000,"village_name":"Chakbirampur","khasra_no":"125,117,126","longitude":77.60747805,"latitude":28.21761306,"authority":"YEIDA","category":"industrial","execution_stage":"possession-recorded"}},{"type":"Feature","geometry":{"type":"Polygon","coordinates":[[[77.605855,28.218217],[77.605856,28.218487],[77.605703,28.218488],[77.605703,28.218217],[77.605855,28.218217]]]},"properties":{"objectid":3077,"uniqueplotid":"PLNGINDUSTRIAL3077","plotmap_id":"SECTOR-32_713_GENERAL INDUSTRY_IND","plotidentificationnumber":"713","plotno":"713","industrysector":"SECTOR-32","block":"GENERAL INDUSTRY","plotsize":"450 SQMT","plotsize_at_the_time_of_allotme":"450 SQMT","plot_size_as_per_lease_plan":450,"landuse_type":"INDUSTRIAL","landuse_subcategory":"INDUSTRIAL","scheme_cod":"IND07","investment":3,"employment":10,"plotstatus":"Allotted","landallotementstatus":"SOLD","landallotementtype":"ALLOTTED","allotmentid":"YIND071138","allotment_date":1625077800000,"rate_of_allotment":7010,"lease_deed":"Y","possession":"Y","possession_date":1687199400000,"village_name":"Chakbirampur","khasra_no":"90,91","longitude":77.60577939,"latitude":28.21835214,"authority":"YEIDA","category":"industrial","execution_stage":"possession-recorded"}},{"type":"Feature","geometry":{"type":"Polygon","coordinates":[[[77.609505,28.221284],[77.609506,28.221509],[77.609384,28.221509],[77.609383,28.221284],[77.609505,28.221284]]]},"properties":{"objectid":3079,"uniqueplotid":"PLNGINDUSTRIAL3079","plotmap_id":"SECTOR-32_305_GENERAL INDUSTRY_IND","plotidentificationnumber":"305","plotno":"305","industrysector":"SECTOR-32","block":"GENERAL INDUSTRY","plotsize":"300 SQMT","plotsize_at_the_time_of_allotme":"300 SQMT","plot_size_as_per_lease_plan":300,"landuse_type":"INDUSTRIAL","landuse_subcategory":"INDUSTRIAL","scheme_cod":"IND02","investment":5,"employment":18,"plotstatus":"Allotted","landallotementstatus":"SOLD","landallotementtype":"ALLOTTED","allotmentid":"YIND021229","allotment_date":1442255400000,"rate_of_allotment":6100,"lease_deed":"Y","possession":"Y","possession_date":1724351400000,"village_name":"Chakbirampur","khasra_no":"75","longitude":77.60944470999999,"latitude":28.221396589999998,"authority":"YEIDA","category":"industrial","execution_stage":"possession-recorded"}},{"type":"Feature","geometry":{"type":"Polygon","coordinates":[[[77.61791,28.224482],[77.617911,28.224753],[77.6173,28.224755],[77.617299,28.224484],[77.61791,28.224482]]]},"properties":{"objectid":3081,"uniqueplotid":"PLNGINDUSTRIAL3081","plotmap_id":"SECTOR-32_1125_GENERAL INDUSTRY_IND","plotidentificationnumber":"1125","plotno":"1125","industrysector":"SECTOR-32","block":"GENERAL INDUSTRY","plotsize":"1800 SQMT","plotsize_at_the_time_of_allotme":"1800 SQMT","plot_size_as_per_lease_plan":1800,"landuse_type":"INDUSTRIAL","landuse_subcategory":"INDUSTRIAL","scheme_cod":"IND06","investment":15,"employment":53,"plotstatus":"Allotted","landallotementstatus":"SOLD","landallotementtype":"ALLOTTED","allotmentid":"YIND061454","allotment_date":1574361000000,"rate_of_allotment":6670,"lease_deed":"Y","possession":"N","village_name":"Muradgarhi,Birampur","khasra_no":"1,2,4,183","longitude":77.61760604,"latitude":28.22461911,"authority":"YEIDA","category":"industrial","execution_stage":"lease-recorded"}},{"type":"Feature","geometry":{"type":"Polygon","coordinates":[[[77.607909,28.218699],[77.60791,28.218969],[77.607757,28.21897],[77.607756,28.218699],[77.607909,28.218699]]]},"properties":{"objectid":3082,"uniqueplotid":"PLNGINDUSTRIAL3082","plotmap_id":"SECTOR-32_649_GENERAL INDUSTRY_IND","plotidentificationnumber":"649","plotno":"649","industrysector":"SECTOR-32","block":"GENERAL INDUSTRY","plotsize":"450 SQMT","plotsize_at_the_time_of_allotme":"450 SQMT","landuse_type":"INDUSTRIAL","landuse_subcategory":"INDUSTRIAL","scheme_cod":"IND01","investment":3,"employment":12,"plotstatus":"Allotted","landallotementstatus":"SOLD","landallotementtype":"ALLOTTED","allotmentid":"YIND010661","allotment_date":1442255400000,"rate_of_allotment":6100,"lease_deed":"Y","possession":"N","village_name":"Chakbirampur","khasra_no":"123,93,95","longitude":77.60783306,"latitude":28.218834370000003,"authority":"YEIDA","category":"industrial","execution_stage":"lease-recorded"}},{"type":"Feature","geometry":{"type":"Polygon","coordinates":[[[77.609507,28.221951],[77.609508,28.222177],[77.609386,28.222177],[77.609385,28.221951],[77.609507,28.221951]]]},"properties":{"objectid":3100,"uniqueplotid":"PLNGINDUSTRIAL3100","plotmap_id":"SECTOR-32_169_GENERAL INDUSTRY_IND","plotidentificationnumber":"169","plotno":"169","industrysector":"SECTOR-32","block":"GENERAL INDUSTRY","plotsize":"300 SQMT","plotsize_at_the_time_of_allotme":"300 SQMT","landuse_type":"INDUSTRIAL","landuse_subcategory":"INDUSTRIAL","scheme_cod":"IND02","investment":5,"employment":18,"plotstatus":"Allotted","landallotementstatus":"SOLD","landallotementtype":"ALLOTTED","allotmentid":"YIND021129","allotment_date":1442255400000,"rate_of_allotment":6100,"lease_deed":"Y","possession":"Y","possession_date":1715797800000,"map_sanctioned_from_planning":"Y","village_name":"Muradgarhi","khasra_no":"241","longitude":77.60944672,"latitude":28.222064,"authority":"YEIDA","category":"industrial","execution_stage":"construction-or-map-approval"}},{"type":"Feature","geometry":{"type":"Polygon","coordinates":[[[77.609018,28.221727],[77.609019,28.221952],[77.608896,28.221953],[77.608896,28.221727],[77.609018,28.221727]]]},"properties":{"objectid":3102,"uniqueplotid":"PLNGINDUSTRIAL3102","plotmap_id":"SECTOR-32_188_GENERAL INDUSTRY_IND","plotidentificationnumber":"188","plotno":"188","industrysector":"SECTOR-32","block":"GENERAL INDUSTRY","plotsize":"300 SQMT","plotsize_at_the_time_of_allotme":"300 SQMT","landuse_type":"INDUSTRIAL","landuse_subcategory":"INDUSTRIAL","scheme_cod":"IND02","investment":5,"employment":18,"plotstatus":"Allotted","landallotementstatus":"SOLD","landallotementtype":"ALLOTTED","allotmentid":"YIND021054","allotment_date":1442255400000,"rate_of_allotment":6100,"lease_deed":"Y","possession":"N","village_name":"Muradgarhi,Chakbirampur","khasra_no":"83,241","longitude":77.60895723,"latitude":28.22183967,"authority":"YEIDA","category":"industrial","execution_stage":"lease-recorded"}},{"type":"Feature","geometry":{"type":"Polygon","coordinates":[[[77.606998,28.220532],[77.606758,28.220533],[77.606758,28.220217],[77.606997,28.220216],[77.606998,28.220532]]]},"properties":{"objectid":3113,"uniqueplotid":"PLNGINDUSTRIAL3113","plotmap_id":"SECTOR-32_441_GENERAL INDUSTRY_IND","plotidentificationnumber":"441","plotno":"441","industrysector":"SECTOR-32","block":"GENERAL INDUSTRY","plotsize":"595 SQMT","plotsize_at_the_time_of_allotme":"595 SQMT","plot_size_as_per_lease_plan":827,"landuse_type":"INDUSTRIAL","landuse_subcategory":"INDUSTRIAL","scheme_cod":"IND06","investment":5,"employment":17,"plotstatus":"Allotted","landallotementstatus":"SOLD","landallotementtype":"ALLOTTED","allotmentid":"YIND061314","allotment_date":1574361000000,"rate_of_allotment":6670,"lease_deed":"Y","possession":"Y","possession_date":1682879400000,"map_sanctioned_from_planning":"Y","village_name":"Chakbirampur","khasra_no":"81","longitude":77.60687865000001,"latitude":28.22037556,"authority":"YEIDA","category":"industrial","execution_stage":"construction-or-map-approval"}},{"type":"Feature","geometry":{"type":"Polygon","coordinates":[[[77.60743,28.221956],[77.607431,28.222181],[77.607308,28.222182],[77.607308,28.221956],[77.60743,28.221956]]]},"properties":{"objectid":3115,"uniqueplotid":"PLNGINDUSTRIAL3115","plotmap_id":"SECTOR-32_152_GENERAL INDUSTRY_IND","plotidentificationnumber":"152","plotno":"152","industrysector":"SECTOR-32","block":"GENERAL INDUSTRY","plotsize":"300 SQMT","plotsize_at_the_time_of_allotme":"300 SQMT","plot_size_as_per_lease_plan":300,"landuse_type":"INDUSTRIAL","landuse_subcategory":"INDUSTRIAL","scheme_cod":"IND02","investment":5,"employment":18,"plotstatus":"Allotted","landallotementstatus":"SOLD","landallotementtype":"ALLOTTED","allotmentid":"YIND021087","allotment_date":1442255400000,"rate_of_allotment":6100,"lease_deed":"Y","possession":"Y","possession_date":1727029800000,"village_name":"Chakbirampur","khasra_no":"82,83","longitude":77.60736924999999,"latitude":28.222068880000002,"authority":"YEIDA","category":"industrial","execution_stage":"possession-recorded"}},{"type":"Feature","geometry":{"type":"Polygon","coordinates":[[[77.606264,28.221959],[77.606264,28.222184],[77.606142,28.222184],[77.606142,28.221959],[77.606264,28.221959]]]},"properties":{"objectid":3119,"uniqueplotid":"PLNGINDUSTRIAL3119","plotmap_id":"SECTOR-32_145_GENERAL INDUSTRY_IND","plotidentificationnumber":"145","plotno":"145","industrysector":"SECTOR-32","block":"GENERAL INDUSTRY","plotsize":"300 SQMT","plotsize_at_the_time_of_allotme":"300 SQMT","landuse_type":"INDUSTRIAL","landuse_subcategory":"INDUSTRIAL","scheme_cod":"IND02","investment":5,"employment":18,"plotstatus":"Allotted","landallotementstatus":"SOLD","landallotementtype":"ALLOTTED","allotmentid":"YIND021004","allotment_date":1442255400000,"rate_of_allotment":6100,"lease_deed":"Y","possession":"Y","possession_date":1643308200000,"village_name":"Chakbirampur","khasra_no":"85","longitude":77.60620303,"latitude":28.22207162,"authority":"YEIDA","category":"industrial","execution_stage":"possession-recorded"}},{"type":"Feature","geometry":{"type":"Polygon","coordinates":[[[77.605858,28.218974],[77.605858,28.219245],[77.605706,28.219245],[77.605705,28.218975],[77.605858,28.218974]]]},"properties":{"objectid":3126,"uniqueplotid":"PLNGINDUSTRIAL3126","plotmap_id":"SECTOR-32_605_GENERAL INDUSTRY_IND","plotidentificationnumber":"605","plotno":"605","industrysector":"SECTOR-32","block":"GENERAL INDUSTRY","plotsize":"450 SQMT","plotsize_at_the_time_of_allotme":"450 SQMT","plot_size_as_per_lease_plan":450,"landuse_type":"INDUSTRIAL","landuse_subcategory":"INDUSTRIAL","scheme_cod":"IND01","investment":3,"employment":12,"plotstatus":"Allotted","landallotementstatus":"SOLD","landallotementtype":"ALLOTTED","allotmentid":"YIND010502","allotment_date":1442255400000,"rate_of_allotment":6100,"lease_deed":"Y","possession":"N","village_name":"Chakbirampur","khasra_no":"89","longitude":77.60578167,"latitude":28.21910977,"authority":"YEIDA","category":"industrial","execution_stage":"lease-recorded"}},{"type":"Feature","geometry":{"type":"Polygon","coordinates":[[[77.617912,28.225023],[77.617912,28.225218],[77.617302,28.22522],[77.617301,28.225026],[77.617912,28.225023]]]},"properties":{"objectid":3128,"uniqueplotid":"PLNGINDUSTRIAL3128","plotmap_id":"SECTOR-32_1123_GENERAL INDUSTRY_IND","plotidentificationnumber":"1123","plotno":"1123","industrysector":"SECTOR-32","block":"GENERAL INDUSTRY","plotsize":"1800 SQMT","plotsize_at_the_time_of_allotme":"1800 SQMT","landuse_type":"INDUSTRIAL","landuse_subcategory":"INDUSTRIAL","scheme_cod":"IND01","investment":14,"employment":48,"plotstatus":"Allotted","landallotementstatus":"SOLD","landallotementtype":"ALLOTTED","allotmentid":"YIND010422","allotment_date":1388601000000,"rate_of_allotment":6050,"lease_deed":"N","possession":"N","village_name":"Muradgarhi","khasra_no":"183","longitude":77.61760471,"latitude":28.225121,"authority":"YEIDA","category":"industrial","execution_stage":"allotted"}},{"type":"Feature","geometry":{"type":"Polygon","coordinates":[[[77.609437,28.218695],[77.609437,28.218966],[77.609285,28.218966],[77.609284,28.218696],[77.609437,28.218695]]]},"properties":{"objectid":3130,"uniqueplotid":"PLNGINDUSTRIAL3130","plotmap_id":"SECTOR-32_639_GENERAL INDUSTRY_IND","plotidentificationnumber":"639","plotno":"639","industrysector":"SECTOR-32","block":"GENERAL INDUSTRY","plotsize":"450 SQMT","plotsize_at_the_time_of_allotme":"450 SQMT","landuse_type":"INDUSTRIAL","landuse_subcategory":"INDUSTRIAL","scheme_cod":"IND06","investment":4,"employment":13,"plotstatus":"Allotted","landallotementstatus":"SOLD","landallotementtype":"ALLOTTED","allotmentid":"YIND061202","allotment_date":1574361000000,"rate_of_allotment":6670,"lease_deed":"Y","possession":"Y","possession_date":1639679400000,"village_name":"Chakbirampur","khasra_no":"95","longitude":77.60936061000001,"latitude":28.218830790000002,"authority":"YEIDA","category":"industrial","execution_stage":"possession-recorded"}},{"type":"Feature","geometry":{"type":"Polygon","coordinates":[[[77.608065,28.219727],[77.608066,28.219997],[77.607913,28.219998],[77.607912,28.219727],[77.608065,28.219727]]]},"properties":{"objectid":3133,"uniqueplotid":"PLNGINDUSTRIAL3133","plotmap_id":"SECTOR-32_509_GENERAL INDUSTRY_IND","plotidentificationnumber":"509","plotno":"509","industrysector":"SECTOR-32","block":"GENERAL INDUSTRY","plotsize":"450 SQMT","plotsize_at_the_time_of_allotme":"450 SQMT","landuse_type":"INDUSTRIAL","landuse_subcategory":"INDUSTRIAL","scheme_cod":"IND06","investment":4,"employment":13,"plotstatus":"Allotted","landallotementstatus":"SOLD","landallotementtype":"ALLOTTED","allotmentid":"YIND061196","allotment_date":1574361000000,"rate_of_allotment":6670,"lease_deed":"Y","possession":"N","village_name":"Chakbirampur","khasra_no":"93,81,80,94","longitude":77.60798891,"latitude":28.21986222,"authority":"YEIDA","category":"industrial","execution_stage":"lease-recorded"}},{"type":"Feature","geometry":{"type":"Polygon","coordinates":[[[77.608516,28.217498],[77.608517,28.217723],[77.608395,28.217724],[77.608394,28.217498],[77.608516,28.217498]]]},"properties":{"objectid":3134,"uniqueplotid":"PLNGINDUSTRIAL3134","plotmap_id":"SECTOR-32_847_GENERAL INDUSTRY_IND","plotidentificationnumber":"847","plotno":"847","industrysector":"SECTOR-32","block":"GENERAL INDUSTRY","plotsize":"300 SQMT","plotsize_at_the_time_of_allotme":"300 SQMT","plot_size_as_per_lease_plan":300,"landuse_type":"INDUSTRIAL","landuse_subcategory":"INDUSTRIAL","scheme_cod":"IND02","investment":5,"employment":18,"plotstatus":"Allotted","landallotementstatus":"SOLD","landallotementtype":"ALLOTTED","allotmentid":"YIND021074","allotment_date":1442255400000,"rate_of_allotment":6100,"lease_deed":"Y","possession":"Y","possession_date":1686076200000,"village_name":"Chakbirampur","khasra_no":"119","longitude":77.60845568,"latitude":28.21761077,"authority":"YEIDA","category":"industrial","execution_stage":"possession-recorded"}},{"type":"Feature","geometry":{"type":"Polygon","coordinates":[[[77.607007,28.223494],[77.607008,28.223765],[77.606397,28.223766],[77.606396,28.223496],[77.607007,28.223494]]]},"properties":{"objectid":3140,"uniqueplotid":"PLNGINDUSTRIAL3140","plotmap_id":"SECTOR-32_35_GENERAL INDUSTRY_IND","plotidentificationnumber":"35","plotno":"35","industrysector":"SECTOR-32","block":"GENERAL INDUSTRY","plotsize":"1800 SQMT","plotsize_at_the_time_of_allotme":"1800 SQMT","landuse_type":"INDUSTRIAL","landuse_subcategory":"INDUSTRIAL","scheme_cod":"IND06","investment":15,"employment":53,"plotstatus":"Allotted","landallotementstatus":"SOLD","landallotementtype":"ALLOTTED","allotmentid":"YIND061470","allotment_date":1574361000000,"rate_of_allotment":6670,"lease_deed":"N","possession":"N","village_name":"Muradgarhi,Chakbirampur","khasra_no":"85,248","longitude":77.60670180000001,"latitude":28.22363044,"authority":"YEIDA","category":"industrial","execution_stage":"allotted"}},{"type":"Feature","geometry":{"type":"Polygon","coordinates":[[[77.608163,28.221954],[77.608164,28.22218],[77.608042,28.22218],[77.608041,28.221955],[77.608163,28.221954]]]},"properties":{"objectid":3144,"uniqueplotid":"PLNGINDUSTRIAL3144","plotmap_id":"SECTOR-32_158_GENERAL INDUSTRY_IND","plotidentificationnumber":"158","plotno":"158","industrysector":"SECTOR-32","block":"GENERAL INDUSTRY","plotsize":"300 SQMT","plotsize_at_the_time_of_allotme":"300 SQMT","plot_size_as_per_lease_plan":300,"landuse_type":"INDUSTRIAL","landuse_subcategory":"INDUSTRIAL","scheme_cod":"IND02","investment":5,"employment":18,"plotstatus":"Allotted","landallotementstatus":"SOLD","landallotementtype":"ALLOTTED","allotmentid":"YIND021324","allotment_date":1442255400000,"rate_of_allotment":6100,"lease_deed":"Y","possession":"N","village_name":"Chakbirampur","khasra_no":"83","longitude":77.60810248,"latitude":28.22206716,"authority":"YEIDA","category":"industrial","execution_stage":"lease-recorded"}},{"type":"Feature","geometry":{"type":"Polygon","coordinates":[[[77.609437,28.218966],[77.609438,28.219236],[77.609285,28.219237],[77.609285,28.218966],[77.609437,28.218966]]]},"properties":{"objectid":3157,"uniqueplotid":"PLNGINDUSTRIAL3157","plotmap_id":"SECTOR-32_626_GENERAL INDUSTRY_IND","plotidentificationnumber":"626","plotno":"626","industrysector":"SECTOR-32","block":"GENERAL INDUSTRY","plotsize":"450 SQMT","plotsize_at_the_time_of_allotme":"450 SQMT","landuse_type":"INDUSTRIAL","landuse_subcategory":"INDUSTRIAL","scheme_cod":"IND06","investment":4,"employment":13,"plotstatus":"Allotted","landallotementstatus":"SOLD","landallotementtype":"ALLOTTED","allotmentid":"YIND061274","allotment_date":1574361000000,"rate_of_allotment":6670,"lease_deed":"Y","possession":"Y","possession_date":1643049000000,"village_name":"Chakbirampur","khasra_no":"95","longitude":77.60936143,"latitude":28.21910137,"authority":"YEIDA","category":"industrial","execution_stage":"possession-recorded"}},{"type":"Feature","geometry":{"type":"Polygon","coordinates":[[[77.607429,28.221731],[77.60743,28.221956],[77.607308,28.221956],[77.607307,28.221731],[77.607429,28.221731]]]},"properties":{"objectid":3164,"uniqueplotid":"PLNGINDUSTRIAL3164","plotmap_id":"SECTOR-32_201_GENERAL INDUSTRY_IND","plotidentificationnumber":"201","plotno":"201","industrysector":"SECTOR-32","block":"GENERAL INDUSTRY","plotsize":"300 SQMT","plotsize_at_the_time_of_allotme":"300 SQMT","landuse_type":"INDUSTRIAL","landuse_subcategory":"INDUSTRIAL","scheme_cod":"IND02","investment":5,"employment":18,"plotstatus":"Allotted","landallotementstatus":"SOLD","landallotementtype":"ALLOTTED","allotmentid":"YIND021099","allotment_date":1442255400000,"rate_of_allotment":6100,"lease_deed":"N","possession":"N","village_name":"Chakbirampur","khasra_no":"82","longitude":77.60736856999999,"latitude":28.2218434,"authority":"YEIDA","category":"industrial","execution_stage":"allotted"}},{"type":"Feature","geometry":{"type":"Polygon","coordinates":[[[77.611214,28.220346],[77.611214,28.220616],[77.610603,28.220617],[77.610603,28.220347],[77.611214,28.220346]]]},"properties":{"objectid":3170,"uniqueplotid":"PLNGINDUSTRIAL3170","plotmap_id":"SECTOR-32_1114_GENERAL INDUSTRY_IND","plotidentificationnumber":"1114","plotno":"1114","industrysector":"SECTOR-32","block":"GENERAL INDUSTRY","plotsize":"1800 SQMT","plotsize_at_the_time_of_allotme":"1800 SQMT","landuse_type":"INDUSTRIAL","landuse_subcategory":"INDUSTRIAL","scheme_cod":"IND01","investment":14,"employment":48,"plotstatus":"Allotted","landallotementstatus":"SOLD","landallotementtype":"ALLOTTED","allotmentid":"YIND010453","allotment_date":1388601000000,"rate_of_allotment":6050,"lease_deed":"N","possession":"N","village_name":"Chakbirampur","khasra_no":"72,71","longitude":77.61090842,"latitude":28.22048148,"authority":"YEIDA","category":"industrial","execution_stage":"allotted"}},{"type":"Feature","geometry":{"type":"Polygon","coordinates":[[[77.609592,28.219723],[77.609593,28.219994],[77.60944,28.219994],[77.60944,28.219724],[77.609592,28.219723]]]},"properties":{"objectid":3171,"uniqueplotid":"PLNGINDUSTRIAL3171","plotmap_id":"SECTOR-32_519_GENERAL INDUSTRY_IND","plotidentificationnumber":"519","plotno":"519","industrysector":"SECTOR-32","block":"GENERAL INDUSTRY","plotsize":"450 SQMT","plotsize_at_the_time_of_allotme":"450 SQMT","landuse_type":"INDUSTRIAL","landuse_subcategory":"INDUSTRIAL","scheme_cod":"IND06","investment":4,"employment":13,"plotstatus":"Allotted","landallotementstatus":"SOLD","landallotementtype":"ALLOTTED","allotmentid":"YIND061264","allotment_date":1574361000000,"rate_of_allotment":6670,"lease_deed":"Y","possession":"N","village_name":"Chakbirampur","khasra_no":"95","longitude":77.60951646,"latitude":28.21985863,"authority":"YEIDA","category":"industrial","execution_stage":"lease-recorded"}},{"type":"Feature","geometry":{"type":"Polygon","coordinates":[[[77.608675,28.219455],[77.608676,28.219725],[77.608523,28.219726],[77.608522,28.219455],[77.608675,28.219455]]]},"properties":{"objectid":3172,"uniqueplotid":"PLNGINDUSTRIAL3172","plotmap_id":"SECTOR-32_536_GENERAL INDUSTRY_IND","plotidentificationnumber":"536","plotno":"536","industrysector":"SECTOR-32","block":"GENERAL INDUSTRY","plotsize":"450 SQMT","plotsize_at_the_time_of_allotme":"450 SQMT","landuse_type":"INDUSTRIAL","landuse_subcategory":"INDUSTRIAL","scheme_cod":"IND06","investment":4,"employment":13,"plotstatus":"Allotted","landallotementstatus":"SOLD","landallotementtype":"ALLOTTED","allotmentid":"YIND061292","allotment_date":1574361000000,"rate_of_allotment":6670,"lease_deed":"N","possession":"N","village_name":"Chakbirampur","khasra_no":"94,95","longitude":77.60859912000001,"latitude":28.2195902,"authority":"YEIDA","category":"industrial","execution_stage":"allotted"}},{"type":"Feature","geometry":{"type":"Polygon","coordinates":[[[77.609741,28.218208],[77.609741,28.218478],[77.609589,28.218478],[77.609588,28.218208],[77.609741,28.218208]]]},"properties":{"objectid":3173,"uniqueplotid":"PLNGINDUSTRIAL3173","plotmap_id":"SECTOR-32_736_GENERAL INDUSTRY_IND","plotidentificationnumber":"736","plotno":"736","industrysector":"SECTOR-32","block":"GENERAL INDUSTRY","plotsize":"450 SQMT","plotsize_at_the_time_of_allotme":"450 SQMT","landuse_type":"INDUSTRIAL","landuse_subcategory":"INDUSTRIAL","scheme_cod":"IND07","investment":3,"employment":10,"plotstatus":"Allotted","landallotementstatus":"SOLD","landallotementtype":"ALLOTTED","allotmentid":"YIND071205","allotment_date":1625077800000,"rate_of_allotment":7010,"lease_deed":"N","possession":"N","village_name":"Chakbirampur","khasra_no":"96,101,97","longitude":77.60966466,"latitude":28.21834303,"authority":"YEIDA","category":"industrial","execution_stage":"allotted"}},{"type":"Feature","geometry":{"type":"Polygon","coordinates":[[[77.608161,28.221287],[77.608162,28.221512],[77.60804,28.221513],[77.608039,28.221287],[77.608161,28.221287]]]},"properties":{"objectid":3177,"uniqueplotid":"PLNGINDUSTRIAL3177","plotmap_id":"SECTOR-32_294_GENERAL INDUSTRY_IND","plotidentificationnumber":"294","plotno":"294","industrysector":"SECTOR-32","block":"GENERAL INDUSTRY","plotsize":"300 SQMT","plotsize_at_the_time_of_allotme":"300 SQMT","landuse_type":"INDUSTRIAL","landuse_subcategory":"INDUSTRIAL","scheme_cod":"IND06","investment":3,"employment":9,"plotstatus":"Allotted","landallotementstatus":"SOLD","landallotementtype":"ALLOTTED","allotmentid":"YIND061100","allotment_date":1574361000000,"rate_of_allotment":6670,"lease_deed":"N","possession":"N","village_name":"Chakbirampur","khasra_no":"82,83","longitude":77.60810047,"latitude":28.22139974,"authority":"YEIDA","category":"industrial","execution_stage":"allotted"}},{"type":"Feature","geometry":{"type":"Polygon","coordinates":[[[77.617898,28.222047],[77.617899,28.222318],[77.617289,28.22232],[77.617288,28.222049],[77.617898,28.222047]]]},"properties":{"objectid":3180,"uniqueplotid":"PLNGINDUSTRIAL3180","plotmap_id":"SECTOR-32_1134_GENERAL INDUSTRY_IND","plotidentificationnumber":"1134","plotno":"1134","industrysector":"SECTOR-32","block":"GENERAL INDUSTRY","plotsize":"1800 SQMT","plotsize_at_the_time_of_allotme":"1800 SQMT","landuse_type":"INDUSTRIAL","landuse_subcategory":"INDUSTRIAL","scheme_cod":"IND07","investment":11,"employment":40,"plotstatus":"Allotted","landallotementstatus":"SOLD","landallotementtype":"ALLOTTED","allotmentid":"YIND071338","allotment_date":1625077800000,"rate_of_allotment":7010,"lease_deed":"N","possession":"N","village_name":"Birampur","khasra_no":"23,22,24,7,25","longitude":77.61759939000001,"latitude":28.2221859,"authority":"YEIDA","category":"industrial","execution_stage":"allotted"}},{"type":"Feature","geometry":{"type":"Polygon","coordinates":[[[77.605549,28.217947],[77.60555,28.218217],[77.605397,28.218218],[77.605396,28.217947],[77.605549,28.217947]]]},"properties":{"objectid":3181,"uniqueplotid":"PLNGINDUSTRIAL3181","plotmap_id":"SECTOR-32_770_GENERAL INDUSTRY_IND","plotidentificationnumber":"770","plotno":"770","industrysector":"SECTOR-32","block":"GENERAL INDUSTRY","plotsize":"450 SQMT","plotsize_at_the_time_of_allotme":"450 SQMT","plot_size_as_per_lease_plan":450,"landuse_type":"INDUSTRIAL","landuse_subcategory":"INDUSTRIAL","scheme_cod":"IND07","investment":3,"employment":10,"plotstatus":"Allotted","landallotementstatus":"SOLD","landallotementtype":"ALLOTTED","allotmentid":"YIND071242","allotment_date":1625077800000,"rate_of_allotment":7010,"lease_deed":"Y","possession":"Y","possession_date":1731349800000,"village_name":"Chakbirampur","khasra_no":"90","longitude":77.60547307,"latitude":28.21808228,"authority":"YEIDA","category":"industrial","execution_stage":"possession-recorded"}},{"type":"Feature","geometry":{"type":"Polygon","coordinates":[[[77.606019,28.221959],[77.60602,28.222185],[77.605898,28.222185],[77.605897,28.22196],[77.606019,28.221959]]]},"properties":{"objectid":3188,"uniqueplotid":"PLNGINDUSTRIAL3188","plotmap_id":"SECTOR-32_143_GENERAL INDUSTRY_IND","plotidentificationnumber":"143","plotno":"143","industrysector":"SECTOR-32","block":"GENERAL INDUSTRY","plotsize":"300 SQMT","plotsize_at_the_time_of_allotme":"300 SQMT","plot_size_as_per_lease_plan":300,"landuse_type":"INDUSTRIAL","landuse_subcategory":"INDUSTRIAL","scheme_cod":"IND02","investment":5,"employment":18,"plotstatus":"Allotted","landallotementstatus":"SOLD","landallotementtype":"ALLOTTED","allotmentid":"YIND021349","allotment_date":1442255400000,"rate_of_allotment":6100,"lease_deed":"Y","possession":"Y","possession_date":1687285800000,"village_name":"Chakbirampur","khasra_no":"85","longitude":77.60595862000001,"latitude":28.222072190000002,"authority":"YEIDA","category":"industrial","execution_stage":"possession-recorded"}},{"type":"Feature","geometry":{"type":"Polygon","coordinates":[[[77.609494,28.217496],[77.609495,28.217721],[77.609373,28.217721],[77.609372,28.217496],[77.609494,28.217496]]]},"properties":{"objectid":3189,"uniqueplotid":"PLNGINDUSTRIAL3189","plotmap_id":"SECTOR-32_855_GENERAL INDUSTRY_IND","plotidentificationnumber":"855","plotno":"855","industrysector":"SECTOR-32","block":"GENERAL INDUSTRY","plotsize":"300 SQMT","plotsize_at_the_time_of_allotme":"300 SQMT","landuse_type":"INDUSTRIAL","landuse_subcategory":"INDUSTRIAL","scheme_cod":"IND02","investment":5,"employment":18,"plotstatus":"Allotted","landallotementstatus":"SOLD","landallotementtype":"ALLOTTED","allotmentid":"YIND021082","allotment_date":1442255400000,"rate_of_allotment":6100,"lease_deed":"N","possession":"N","village_name":"Chakbirampur","khasra_no":"101","longitude":77.60943331,"latitude":28.217608480000003,"authority":"YEIDA","category":"industrial","execution_stage":"allotted"}},{"type":"Feature","geometry":{"type":"Polygon","coordinates":[[[77.608837,28.222395],[77.608838,28.222936],[77.608533,28.222936],[77.608531,28.222395],[77.608837,28.222395]]]},"properties":{"objectid":3190,"uniqueplotid":"PLNGINDUSTRIAL3190","plotmap_id":"SECTOR-32_47_GENERAL INDUSTRY_IND","plotidentificationnumber":"47","plotno":"47","industrysector":"SECTOR-32","block":"GENERAL INDUSTRY","plotsize":"1800 SQMT","plotsize_at_the_time_of_allotme":"1800 SQMT","plot_size_as_per_lease_plan":1800,"landuse_type":"INDUSTRIAL","landuse_subcategory":"INDUSTRIAL","scheme_cod":"IND02","investment":14,"employment":48,"plotstatus":"Allotted","landallotementstatus":"SOLD","landallotementtype":"ALLOTTED","allotmentid":"YIND021505","allotment_date":1442255400000,"rate_of_allotment":6100,"lease_deed":"Y","possession":"Y","possession_date":1718130600000,"village_name":"Muradgarhi","khasra_no":"242,241,243","longitude":77.60868475,"latitude":28.22266556,"authority":"YEIDA","category":"industrial","execution_stage":"possession-recorded"}},{"type":"Feature","geometry":{"type":"Polygon","coordinates":[[[77.606263,28.221733],[77.606264,28.221959],[77.606142,28.221959],[77.606141,28.221734],[77.606263,28.221733]]]},"properties":{"objectid":3195,"uniqueplotid":"PLNGINDUSTRIAL3195","plotmap_id":"SECTOR-32_208_GENERAL INDUSTRY_IND","plotidentificationnumber":"208","plotno":"208","industrysector":"SECTOR-32","block":"GENERAL INDUSTRY","plotsize":"300 SQMT","plotsize_at_the_time_of_allotme":"300 SQMT","plot_size_as_per_lease_plan":300,"landuse_type":"INDUSTRIAL","landuse_subcategory":"INDUSTRIAL","scheme_cod":"IND02","investment":5,"employment":18,"plotstatus":"Allotted","landallotementstatus":"SOLD","landallotementtype":"ALLOTTED","allotmentid":"YIND021121","allotment_date":1442255400000,"rate_of_allotment":6100,"lease_deed":"Y","possession":"Y","possession_date":1691519400000,"village_name":"Chakbirampur","khasra_no":"85","longitude":77.60620235,"latitude":28.22184614,"authority":"YEIDA","category":"industrial","execution_stage":"possession-recorded"}},{"type":"Feature","geometry":{"type":"Polygon","coordinates":[[[77.608826,28.218697],[77.608826,28.218967],[77.608674,28.218968],[77.608673,28.218697],[77.608826,28.218697]]]},"properties":{"objectid":3201,"uniqueplotid":"PLNGINDUSTRIAL3201","plotmap_id":"SECTOR-32_643_GENERAL INDUSTRY_IND","plotidentificationnumber":"643","plotno":"643","industrysector":"SECTOR-32","block":"GENERAL INDUSTRY","plotsize":"450 SQMT","plotsize_at_the_time_of_allotme":"450 SQMT","landuse_type":"INDUSTRIAL","landuse_subcategory":"INDUSTRIAL","scheme_cod":"IND01","investment":3,"employment":12,"plotstatus":"Allotted","landallotementstatus":"SOLD","landallotementtype":"ALLOTTED","allotmentid":"YIND010717","allotment_date":1442255400000,"rate_of_allotment":6100,"lease_deed":"Y","possession":"Y","possession_date":1653330600000,"map_sanctioned_from_planning":"Y","units_under_production":"Y","village_name":"Chakbirampur","khasra_no":"95","longitude":77.60874959,"latitude":28.218832220000003,"authority":"YEIDA","category":"industrial","execution_stage":"functional-evidence"}},{"type":"Feature","geometry":{"type":"Polygon","coordinates":[[[77.606163,28.218974],[77.606164,28.219244],[77.606011,28.219245],[77.60601,28.218974],[77.606163,28.218974]]]},"properties":{"objectid":3208,"uniqueplotid":"PLNGINDUSTRIAL3208","plotmap_id":"SECTOR-32_607_GENERAL INDUSTRY_IND","plotidentificationnumber":"607","plotno":"607","industrysector":"SECTOR-32","block":"GENERAL INDUSTRY","plotsize":"450 SQMT","plotsize_at_the_time_of_allotme":"450 SQMT","landuse_type":"INDUSTRIAL","landuse_subcategory":"INDUSTRIAL","scheme_cod":"IND04","investment":4,"employment":13,"plotstatus":"Allotted","landallotementstatus":"SOLD","landallotementtype":"ALLOTTED","allotmentid":"YIND041071","allotment_date":1546972200000,"rate_of_allotment":6405,"lease_deed":"Y","possession":"Y","possession_date":1656441000000,"village_name":"Chakbirampur","khasra_no":"89,91","longitude":77.60608717999999,"latitude":28.21910905,"authority":"YEIDA","category":"industrial","execution_stage":"possession-recorded"}},{"type":"Feature","geometry":{"type":"Polygon","coordinates":[[[77.609248,28.216829],[77.609248,28.217054],[77.609126,28.217054],[77.609125,28.216829],[77.609248,28.216829]]]},"properties":{"objectid":3211,"uniqueplotid":"PLNGINDUSTRIAL3211","plotmap_id":"SECTOR-32_989_GENERAL INDUSTRY_IND","plotidentificationnumber":"989","plotno":"989","industrysector":"SECTOR-32","block":"GENERAL INDUSTRY","plotsize":"300 SQMT","plotsize_at_the_time_of_allotme":"300 SQMT","plot_size_as_per_lease_plan":300,"landuse_type":"INDUSTRIAL","landuse_subcategory":"INDUSTRIAL","scheme_cod":"IND04","investment":5,"employment":18,"plotstatus":"Allotted","landallotementstatus":"SOLD","landallotementtype":"ALLOTTED","allotmentid":"YIND041022","allotment_date":1546972200000,"rate_of_allotment":6405,"lease_deed":"Y","possession":"Y","possession_date":1680633000000,"village_name":"Chakbirampur","khasra_no":"103,102","longitude":77.6091869,"latitude":28.21694161,"authority":"YEIDA","category":"industrial","execution_stage":"possession-recorded"}},{"type":"Feature","geometry":{"type":"Polygon","coordinates":[[[77.607004,28.222683],[77.607005,28.222953],[77.606394,28.222955],[77.606393,28.222684],[77.607004,28.222683]]]},"properties":{"objectid":3214,"uniqueplotid":"PLNGINDUSTRIAL3214","plotmap_id":"SECTOR-32_32_GENERAL INDUSTRY_IND","plotidentificationnumber":"32","plotno":"32","industrysector":"SECTOR-32","block":"GENERAL INDUSTRY","plotsize":"1800 SQMT","plotsize_at_the_time_of_allotme":"1800 SQMT","landuse_type":"INDUSTRIAL","landuse_subcategory":"INDUSTRIAL","scheme_cod":"IND01","investment":14,"employment":48,"plotstatus":"Allotted","landallotementstatus":"SOLD","landallotementtype":"ALLOTTED","allotmentid":"YIND010452","allotment_date":1388601000000,"rate_of_allotment":6050,"lease_deed":"N","possession":"N","village_name":"Chakbirampur","khasra_no":"85","longitude":77.60669936,"latitude":28.22281873,"authority":"YEIDA","category":"industrial","execution_stage":"allotted"}},{"type":"Feature","geometry":{"type":"Polygon","coordinates":[[[77.608671,28.217939],[77.608671,28.21821],[77.608519,28.21821],[77.608518,28.21794],[77.608671,28.217939]]]},"properties":{"objectid":3222,"uniqueplotid":"PLNGINDUSTRIAL3222","plotmap_id":"SECTOR-32_752_GENERAL INDUSTRY_IND","plotidentificationnumber":"752","plotno":"752","industrysector":"SECTOR-32","block":"GENERAL INDUSTRY","plotsize":"450 SQMT","plotsize_at_the_time_of_allotme":"450 SQMT","plot_size_as_per_lease_plan":450,"landuse_type":"INDUSTRIAL","landuse_subcategory":"INDUSTRIAL","scheme_cod":"YEA/IND-LOP(2021)-10","investment":3,"employment":10,"plot_total_employment":"GAUTAM BUDDHA NAGAR","projects_cost_in_lacs":75,"plotstatus":"Allotted","landallotementstatus":"SOLD","landallotementtype":"ALLOTTED","allotmentid":"YIND100024","allotment_date":1650565800000,"rate_of_allotment":7010,"lease_deed":"Y","possession":"Y","possession_date":1725733800000,"village_name":"Chakbirampur","khasra_no":"122,121","longitude":77.60859456,"latitude":28.21807495,"authority":"YEIDA","category":"industrial","execution_stage":"possession-recorded"}},{"type":"Feature","geometry":{"type":"Polygon","coordinates":[[[77.606861,28.217502],[77.606739,28.217502],[77.606739,28.217277],[77.606861,28.217276],[77.606861,28.217502]]]},"properties":{"objectid":3226,"uniqueplotid":"PLNGINDUSTRIAL3226","plotmap_id":"SECTOR-32_889_GENERAL INDUSTRY_IND","plotidentificationnumber":"889","plotno":"889","industrysector":"SECTOR-32","block":"GENERAL INDUSTRY","plotsize":"300 SQMT","plotsize_at_the_time_of_allotme":"300 SQMT","plot_size_as_per_lease_plan":300,"landuse_type":"INDUSTRIAL","landuse_subcategory":"INDUSTRIAL","scheme_cod":"IND06","investment":3,"employment":9,"plotstatus":"Allotted","landallotementstatus":"SOLD","landallotementtype":"ALLOTTED","allotmentid":"YIND061022","allotment_date":1574361000000,"rate_of_allotment":6670,"lease_deed":"Y","lease_deed_date":1705516200000,"possession":"Y","possession_date":1715711400000,"map_sanctioned_from_planning":"Y","units_under_construction":"WORK COMPLETED","units_under_production":"Y","village_name":"Chakbirampur","khasra_no":"117,149,148,129","longitude":77.60680076000001,"latitude":28.21739064,"authority":"YEIDA","category":"industrial","execution_stage":"functional-evidence"}},{"type":"Feature","geometry":{"type":"Polygon","coordinates":[[[77.608896,28.221727],[77.608896,28.221953],[77.608774,28.221953],[77.608774,28.221727],[77.608896,28.221727]]]},"properties":{"objectid":3229,"uniqueplotid":"PLNGINDUSTRIAL3229","plotmap_id":"SECTOR-32_189_GENERAL INDUSTRY_IND","plotidentificationnumber":"189","plotno":"189","industrysector":"SECTOR-32","block":"GENERAL INDUSTRY","plotsize":"300 SQMT","plotsize_at_the_time_of_allotme":"300 SQMT","plot_size_as_per_lease_plan":300,"landuse_type":"INDUSTRIAL","landuse_subcategory":"INDUSTRIAL","scheme_cod":"IND02","investment":5,"employment":18,"plotstatus":"Allotted","landallotementstatus":"SOLD","landallotementtype":"ALLOTTED","allotmentid":"YIND021407","allotment_date":1442255400000,"rate_of_allotment":6100,"lease_deed":"Y","possession":"N","village_name":"Muradgarhi,Chakbirampur","khasra_no":"83,241","longitude":77.60883502,"latitude":28.22183996,"authority":"YEIDA","category":"industrial","execution_stage":"lease-recorded"}},{"type":"Feature","geometry":{"type":"Polygon","coordinates":[[[77.609142,28.222394],[77.609144,28.222935],[77.608838,28.222936],[77.608837,28.222395],[77.609142,28.222394]]]},"properties":{"objectid":3236,"uniqueplotid":"PLNGINDUSTRIAL3236","plotmap_id":"SECTOR-32_48_GENERAL INDUSTRY_IND","plotidentificationnumber":"48","plotno":"48","industrysector":"SECTOR-32","block":"GENERAL INDUSTRY","plotsize":"1800 SQMT","plotsize_at_the_time_of_allotme":"1800 SQMT","plot_size_as_per_lease_plan":1800,"landuse_type":"INDUSTRIAL","landuse_subcategory":"INDUSTRIAL","scheme_cod":"IND06","investment":15,"employment":53,"plotstatus":"Allotted","landallotementstatus":"SOLD","landallotementtype":"ALLOTTED","allotmentid":"YIND061471","allotment_date":1574361000000,"rate_of_allotment":6670,"lease_deed":"Y","possession":"Y","possession_date":1689013800000,"map_sanctioned_from_planning":"Y","village_name":"Muradgarhi","khasra_no":"242,241,240,243","longitude":77.60901623,"latitude":28.22269351,"authority":"YEIDA","category":"industrial","execution_stage":"construction-or-map-approval"}},{"type":"Feature","geometry":{"type":"Polygon","coordinates":[[[77.607001,28.221515],[77.606873,28.221515],[77.606873,28.22129],[77.607,28.22129],[77.607001,28.221515]]]},"properties":{"objectid":3238,"uniqueplotid":"PLNGINDUSTRIAL3238","plotmap_id":"SECTOR-32_287_GENERAL INDUSTRY_IND","plotidentificationnumber":"287","plotno":"287","industrysector":"SECTOR-32","block":"GENERAL INDUSTRY","plotsize":"300 SQMT","plotsize_at_the_time_of_allotme":"300 SQMT","plot_size_as_per_lease_plan":300,"landuse_type":"INDUSTRIAL","landuse_subcategory":"INDUSTRIAL","scheme_cod":"IND02","investment":5,"employment":18,"plotstatus":"Allotted","landallotementstatus":"SOLD","landallotementtype":"ALLOTTED","allotmentid":"YIND021077","allotment_date":1442255400000,"rate_of_allotment":6100,"lease_deed":"Y","possession":"Y","possession_date":1703097000000,"village_name":"Chakbirampur","khasra_no":"82","longitude":77.6069359,"latitude":28.22140074,"authority":"YEIDA","category":"industrial","execution_stage":"possession-recorded"}},{"type":"Feature","geometry":{"type":"Polygon","coordinates":[[[77.608519,28.21821],[77.608519,28.218481],[77.608367,28.218481],[77.608366,28.218211],[77.608519,28.21821]]]},"properties":{"objectid":3239,"uniqueplotid":"PLNGINDUSTRIAL3239","plotmap_id":"SECTOR-32_728_GENERAL INDUSTRY_IND","plotidentificationnumber":"728","plotno":"728","industrysector":"SECTOR-32","block":"GENERAL INDUSTRY","plotsize":"450 SQMT","plotsize_at_the_time_of_allotme":"450 SQMT","plot_size_as_per_lease_plan":450,"landuse_type":"INDUSTRIAL","landuse_subcategory":"INDUSTRIAL","scheme_cod":"IND07","investment":3,"employment":10,"plotstatus":"Allotted","landallotementstatus":"SOLD","landallotementtype":"ALLOTTED","allotmentid":"YIND071191","allotment_date":1625077800000,"rate_of_allotment":7010,"lease_deed":"Y","possession":"N","village_name":"Chakbirampur","khasra_no":"122,123,95","longitude":77.60844262,"latitude":28.21834589,"authority":"YEIDA","category":"industrial","execution_stage":"lease-recorded"}},{"type":"Feature","geometry":{"type":"Polygon","coordinates":[[[77.609983,28.217494],[77.609984,28.21772],[77.609861,28.21772],[77.609861,28.217495],[77.609983,28.217494]]]},"properties":{"objectid":3245,"uniqueplotid":"PLNGINDUSTRIAL3245","plotmap_id":"SECTOR-32_859_GENERAL INDUSTRY_IND","plotidentificationnumber":"859","plotno":"859","industrysector":"SECTOR-32","block":"GENERAL INDUSTRY","plotsize":"300 SQMT","plotsize_at_the_time_of_allotme":"300 SQMT","landuse_type":"INDUSTRIAL","landuse_subcategory":"INDUSTRIAL","scheme_cod":"IND06","investment":3,"employment":9,"plotstatus":"Allotted","landallotementstatus":"SOLD","landallotementtype":"ALLOTTED","allotmentid":"YIND061034","allotment_date":1574361000000,"rate_of_allotment":6670,"lease_deed":"Y","possession":"N","village_name":"Chakbirampur","khasra_no":"101","longitude":77.60992213,"latitude":28.21760733,"authority":"YEIDA","category":"industrial","execution_stage":"lease-recorded"}},{"type":"Feature","geometry":{"type":"Polygon","coordinates":[[[77.606066,28.220534],[77.606067,28.22085],[77.605894,28.22085],[77.605893,28.220535],[77.606066,28.220534]]]},"properties":{"objectid":3247,"uniqueplotid":"PLNGINDUSTRIAL3247","plotmap_id":"SECTOR-32_405_GENERAL INDUSTRY_IND","plotidentificationnumber":"405","plotno":"405","industrysector":"SECTOR-32","block":"GENERAL INDUSTRY","plotsize":"595 SQMT","plotsize_at_the_time_of_allotme":"595 SQMT","landuse_type":"INDUSTRIAL","landuse_subcategory":"INDUSTRIAL","scheme_cod":"IND04","investment":5,"employment":17,"plotstatus":"Allotted","landallotementstatus":"SOLD","landallotementtype":"ALLOTTED","allotmentid":"YIND041089","allotment_date":1546972200000,"rate_of_allotment":6405,"lease_deed":"N","possession":"N","village_name":"Chakbirampur","khasra_no":"89,81,92","longitude":77.60597992000001,"latitude":28.220692200000002,"authority":"YEIDA","category":"industrial","execution_stage":"allotted"}},{"type":"Feature","geometry":{"type":"Polygon","coordinates":[[[77.608163,28.221729],[77.608163,28.221954],[77.608041,28.221955],[77.60804,28.221729],[77.608163,28.221729]]]},"properties":{"objectid":3250,"uniqueplotid":"PLNGINDUSTRIAL3250","plotmap_id":"SECTOR-32_195_GENERAL INDUSTRY_IND","plotidentificationnumber":"195","plotno":"195","industrysector":"SECTOR-32","block":"GENERAL INDUSTRY","plotsize":"300 SQMT","plotsize_at_the_time_of_allotme":"300 SQMT","landuse_type":"INDUSTRIAL","landuse_subcategory":"INDUSTRIAL","scheme_cod":"IND02","investment":5,"employment":18,"plotstatus":"Allotted","landallotementstatus":"SOLD","landallotementtype":"ALLOTTED","allotmentid":"YIND021151","allotment_date":1442255400000,"rate_of_allotment":6100,"lease_deed":"Y","possession":"N","village_name":"Chakbirampur","khasra_no":"83","longitude":77.6081018,"latitude":28.22184168,"authority":"YEIDA","category":"industrial","execution_stage":"lease-recorded"}},{"type":"Feature","geometry":{"type":"Polygon","coordinates":[[[77.609035,28.220527],[77.609036,28.220843],[77.608863,28.220843],[77.608862,28.220528],[77.609035,28.220527]]]},"properties":{"objectid":3252,"uniqueplotid":"PLNGINDUSTRIAL3252","plotmap_id":"SECTOR-32_420_GENERAL INDUSTRY_IND","plotidentificationnumber":"420","plotno":"420","industrysector":"SECTOR-32","block":"GENERAL INDUSTRY","plotsize":"595 SQMT","plotsize_at_the_time_of_allotme":"595 SQMT","landuse_type":"INDUSTRIAL","landuse_subcategory":"INDUSTRIAL","scheme_cod":"IND06","investment":5,"employment":17,"plotstatus":"Allotted","landallotementstatus":"SOLD","landallotementtype":"ALLOTTED","allotmentid":"YIND061317","allotment_date":1574361000000,"rate_of_allotment":6670,"lease_deed":"N","possession":"N","village_name":"Chakbirampur","khasra_no":"80,75,94,82,83","longitude":77.60894866000001,"latitude":28.22068523,"authority":"YEIDA","category":"industrial","execution_stage":"allotted"}},{"type":"Feature","geometry":{"type":"Polygon","coordinates":[[[77.606372,28.217277],[77.606373,28.217503],[77.60625,28.217503],[77.60625,28.217278],[77.606372,28.217277]]]},"properties":{"objectid":3259,"uniqueplotid":"PLNGINDUSTRIAL3259","plotmap_id":"SECTOR-32_893_GENERAL INDUSTRY_IND","plotidentificationnumber":"893","plotno":"893","industrysector":"SECTOR-32","block":"GENERAL INDUSTRY","plotsize":"300 SQMT","plotsize_at_the_time_of_allotme":"300 SQMT","plot_size_as_per_lease_plan":300,"landuse_type":"INDUSTRIAL","landuse_subcategory":"INDUSTRIAL","scheme_cod":"IND06","investment":3,"employment":9,"plotstatus":"Allotted","landallotementstatus":"SOLD","landallotementtype":"ALLOTTED","allotmentid":"YIND061099","allotment_date":1574361000000,"rate_of_allotment":6670,"lease_deed":"Y","possession":"N","village_name":"Chakbirampur","khasra_no":"147","longitude":77.60631114,"latitude":28.217390320000003,"authority":"YEIDA","category":"industrial","execution_stage":"lease-recorded"}},{"type":"Feature","geometry":{"type":"Polygon","coordinates":[[[77.607453,28.219458],[77.607454,28.219728],[77.607301,28.219729],[77.6073,28.219458],[77.607453,28.219458]]]},"properties":{"objectid":3266,"uniqueplotid":"PLNGINDUSTRIAL3266","plotmap_id":"SECTOR-32_544_GENERAL INDUSTRY_IND","plotidentificationnumber":"544","plotno":"544","industrysector":"SECTOR-32","block":"GENERAL INDUSTRY","plotsize":"450 SQMT","plotsize_at_the_time_of_allotme":"450 SQMT","plot_size_as_per_lease_plan":450,"landuse_type":"INDUSTRIAL","landuse_subcategory":"INDUSTRIAL","scheme_cod":"IND06","investment":4,"employment":13,"plotstatus":"Allotted","landallotementstatus":"SOLD","landallotementtype":"ALLOTTED","allotmentid":"YIND061181","allotment_date":1574361000000,"rate_of_allotment":6670,"lease_deed":"Y","possession":"Y","possession_date":1704825000000,"village_name":"Chakbirampur","khasra_no":"81","longitude":77.60737707999999,"latitude":28.21959307,"authority":"YEIDA","category":"industrial","execution_stage":"possession-recorded"}},{"type":"Feature","geometry":{"type":"Polygon","coordinates":[[[77.607477,28.220531],[77.607478,28.220847],[77.607304,28.220847],[77.607304,28.220531],[77.607477,28.220531]]]},"properties":{"objectid":3268,"uniqueplotid":"PLNGINDUSTRIAL3268","plotmap_id":"SECTOR-32_411_GENERAL INDUSTRY_IND","plotidentificationnumber":"411","plotno":"411","industrysector":"SECTOR-32","block":"GENERAL INDUSTRY","plotsize":"595 SQMT","plotsize_at_the_time_of_allotme":"595 SQMT","plot_size_as_per_lease_plan":595,"landuse_type":"INDUSTRIAL","landuse_subcategory":"INDUSTRIAL","scheme_cod":"IND06","investment":5,"employment":17,"plotstatus":"Allotted","landallotementstatus":"SOLD","landallotementtype":"ALLOTTED","allotmentid":"YIND061330","allotment_date":1574361000000,"rate_of_allotment":6670,"lease_deed":"Y","possession":"Y","possession_date":1691951400000,"village_name":"Chakbirampur","khasra_no":"81,82","longitude":77.60739056,"latitude":28.22068889,"authority":"YEIDA","category":"industrial","execution_stage":"possession-recorded"}},{"type":"Feature","geometry":{"type":"Polygon","coordinates":[[[77.605531,28.22196],[77.605531,28.222186],[77.605409,28.222186],[77.605408,28.221961],[77.605531,28.22196]]]},"properties":{"objectid":3269,"uniqueplotid":"PLNGINDUSTRIAL3269","plotmap_id":"SECTOR-32_139_GENERAL INDUSTRY_IND","plotidentificationnumber":"139","plotno":"139","industrysector":"SECTOR-32","block":"GENERAL INDUSTRY","plotsize":"300 SQMT","plotsize_at_the_time_of_allotme":"300 SQMT","landuse_type":"INDUSTRIAL","landuse_subcategory":"INDUSTRIAL","scheme_cod":"IND02","investment":5,"employment":18,"plotstatus":"Allotted","landallotementstatus":"SOLD","landallotementtype":"ALLOTTED","allotmentid":"YIND021027","allotment_date":1442255400000,"rate_of_allotment":6100,"lease_deed":"Y","possession":"N","village_name":"Chakbirampur","khasra_no":"85","longitude":77.60546980000001,"latitude":28.22207334,"authority":"YEIDA","category":"industrial","execution_stage":"lease-recorded"}},{"type":"Feature","geometry":{"type":"Polygon","coordinates":[[[77.605774,28.221734],[77.605775,28.22196],[77.605653,28.22196],[77.605652,28.221735],[77.605774,28.221734]]]},"properties":{"objectid":3275,"uniqueplotid":"PLNGINDUSTRIAL3275","plotmap_id":"SECTOR-32_212_GENERAL INDUSTRY_IND","plotidentificationnumber":"212","plotno":"212","industrysector":"SECTOR-32","block":"GENERAL INDUSTRY","plotsize":"300 SQMT","plotsize_at_the_time_of_allotme":"300 SQMT","landuse_type":"INDUSTRIAL","landuse_subcategory":"INDUSTRIAL","scheme_cod":"IND04","investment":5,"employment":18,"plotstatus":"Allotted","landallotementstatus":"SOLD","landallotementtype":"ALLOTTED","allotmentid":"YIND041024","allotment_date":1546972200000,"rate_of_allotment":6405,"lease_deed":"N","possession":"N","village_name":"Chakbirampur","khasra_no":"85","longitude":77.60571353,"latitude":28.221847290000003,"authority":"YEIDA","category":"industrial","execution_stage":"allotted"}},{"type":"Feature","geometry":{"type":"Polygon","coordinates":[[[77.608638,28.217272],[77.608639,28.217498],[77.608516,28.217498],[77.608516,28.217272],[77.608638,28.217272]]]},"properties":{"objectid":3280,"uniqueplotid":"PLNGINDUSTRIAL3280","plotmap_id":"SECTOR-32_877_GENERAL INDUSTRY_IND","plotidentificationnumber":"877","plotno":"877","industrysector":"SECTOR-32","block":"GENERAL INDUSTRY","plotsize":"300 SQMT","plotsize_at_the_time_of_allotme":"300 SQMT","landuse_type":"INDUSTRIAL","landuse_subcategory":"INDUSTRIAL","scheme_cod":"IND02","investment":5,"employment":18,"plotstatus":"Allotted","landallotementstatus":"SOLD","landallotementtype":"ALLOTTED","allotmentid":"YIND021202","allotment_date":1442255400000,"rate_of_allotment":6100,"lease_deed":"Y","possession":"Y","possession_date":1702233000000,"village_name":"Chakbirampur","khasra_no":"118,119","longitude":77.60857721,"latitude":28.217385,"authority":"YEIDA","category":"industrial","execution_stage":"possession-recorded"}},{"type":"Feature","geometry":{"type":"Polygon","coordinates":[[[77.61005,28.219452],[77.610051,28.219722],[77.609898,28.219722],[77.609897,28.219452],[77.61005,28.219452]]]},"properties":{"objectid":3285,"uniqueplotid":"PLNGINDUSTRIAL3285","plotmap_id":"SECTOR-32_527_GENERAL INDUSTRY_IND","plotidentificationnumber":"527","plotno":"527","industrysector":"SECTOR-32","block":"GENERAL INDUSTRY","plotsize":"450 SQMT","plotsize_at_the_time_of_allotme":"450 SQMT","plot_size_as_per_lease_plan":450,"landuse_type":"INDUSTRIAL","landuse_subcategory":"INDUSTRIAL","scheme_cod":"IND06","investment":4,"employment":13,"plotstatus":"Allotted","landallotementstatus":"SOLD","landallotementtype":"ALLOTTED","allotmentid":"YIND061239","allotment_date":1574361000000,"rate_of_allotment":6670,"lease_deed":"Y","possession":"Y","possession_date":1681151400000,"village_name":"Chakbirampur","khasra_no":"95","longitude":77.60997391,"latitude":28.21958698,"authority":"YEIDA","category":"industrial","execution_stage":"possession-recorded"}},{"type":"Feature","geometry":{"type":"Polygon","coordinates":[[[77.607006,28.223224],[77.607007,28.223494],[77.606396,28.223496],[77.606395,28.223225],[77.607006,28.223224]]]},"properties":{"objectid":3291,"uniqueplotid":"PLNGINDUSTRIAL3291","plotmap_id":"SECTOR-32_34_GENERAL INDUSTRY_IND","plotidentificationnumber":"34","plotno":"34","industrysector":"SECTOR-32","block":"GENERAL INDUSTRY","plotsize":"1800 SQMT","plotsize_at_the_time_of_allotme":"1800 SQMT","plot_size_as_per_lease_plan":1800,"landuse_type":"INDUSTRIAL","landuse_subcategory":"INDUSTRIAL","scheme_cod":"IND06","investment":15,"employment":53,"plotstatus":"Allotted","landallotementstatus":"SOLD","landallotementtype":"ALLOTTED","allotmentid":"YIND061465","allotment_date":1574361000000,"rate_of_allotment":6670,"lease_deed":"Y","possession":"Y","possession_date":1679423400000,"village_name":"Muradgarhi,Chakbirampur","khasra_no":"85,247,248","longitude":77.60670098,"latitude":28.22335987,"authority":"YEIDA","category":"industrial","execution_stage":"possession-recorded"}},{"type":"Feature","geometry":{"type":"Polygon","coordinates":[[[77.608676,28.219725],[77.608677,28.219996],[77.608524,28.219996],[77.608523,28.219726],[77.608676,28.219725]]]},"properties":{"objectid":3293,"uniqueplotid":"PLNGINDUSTRIAL3293","plotmap_id":"SECTOR-32_513_GENERAL INDUSTRY_IND","plotidentificationnumber":"513","plotno":"513","industrysector":"SECTOR-32","block":"GENERAL INDUSTRY","plotsize":"450 SQMT","plotsize_at_the_time_of_allotme":"450 SQMT","plot_size_as_per_lease_plan":450,"landuse_type":"INDUSTRIAL","landuse_subcategory":"INDUSTRIAL","scheme_cod":"IND06","investment":4,"employment":13,"plotstatus":"Allotted","landallotementstatus":"SOLD","landallotementtype":"ALLOTTED","allotmentid":"YIND061301","allotment_date":1574361000000,"rate_of_allotment":6670,"lease_deed":"Y","possession":"N","village_name":"Chakbirampur","khasra_no":"94","longitude":77.60859993000001,"latitude":28.219860779999998,"authority":"YEIDA","category":"industrial","execution_stage":"lease-recorded"}},{"type":"Feature","geometry":{"type":"Polygon","coordinates":[[[77.609872,28.221283],[77.609873,28.221508],[77.609751,28.221509],[77.60975,28.221283],[77.609872,28.221283]]]},"properties":{"objectid":3297,"uniqueplotid":"PLNGINDUSTRIAL3297","plotmap_id":"SECTOR-32_308_GENERAL INDUSTRY_IND","plotidentificationnumber":"308","plotno":"308","industrysector":"SECTOR-32","block":"GENERAL INDUSTRY","plotsize":"300 SQMT","plotsize_at_the_time_of_allotme":"300 SQMT","plot_size_as_per_lease_plan":300,"landuse_type":"INDUSTRIAL","landuse_subcategory":"INDUSTRIAL","scheme_cod":"IND02","investment":5,"employment":18,"plotstatus":"Allotted","landallotementstatus":"SOLD","landallotementtype":"ALLOTTED","allotmentid":"YIND021024","allotment_date":1442255400000,"rate_of_allotment":6100,"lease_deed":"Y","possession":"Y","possession_date":1704565800000,"village_name":"Chakbirampur","khasra_no":"75,71","longitude":77.60981133000001,"latitude":28.22139573,"authority":"YEIDA","category":"industrial","execution_stage":"possession-recorded"}},{"type":"Feature","geometry":{"type":"Polygon","coordinates":[[[77.608514,28.21683],[77.608515,28.217056],[77.608393,28.217056],[77.608392,28.216831],[77.608514,28.21683]]]},"properties":{"objectid":3298,"uniqueplotid":"PLNGINDUSTRIAL3298","plotmap_id":"SECTOR-32_983_GENERAL INDUSTRY_IND","plotidentificationnumber":"983","plotno":"983","industrysector":"SECTOR-32","block":"GENERAL INDUSTRY","plotsize":"300 SQMT","plotsize_at_the_time_of_allotme":"300 SQMT","landuse_type":"INDUSTRIAL","landuse_subcategory":"INDUSTRIAL","scheme_cod":"IND06","investment":3,"employment":9,"plotstatus":"Allotted","landallotementstatus":"SOLD","landallotementtype":"ALLOTTED","allotmentid":"YIND061077","allotment_date":1574361000000,"rate_of_allotment":6670,"lease_deed":"N","possession":"N","village_name":"Chakbirampur","khasra_no":"118,103","longitude":77.60845367,"latitude":28.21694333,"authority":"YEIDA","category":"industrial","execution_stage":"allotted"}},{"type":"Feature","geometry":{"type":"Polygon","coordinates":[[[77.60792,28.222397],[77.607921,28.222681],[77.60731,28.222682],[77.607309,28.222398],[77.60792,28.222397]]]},"properties":{"objectid":3300,"uniqueplotid":"PLNGINDUSTRIAL3300","plotmap_id":"SECTOR-32_44_GENERAL INDUSTRY_IND","plotidentificationnumber":"44","plotno":"44","industrysector":"SECTOR-32","block":"GENERAL INDUSTRY","plotsize":"1800 SQMT","plotsize_at_the_time_of_allotme":"1800 SQMT","landuse_type":"INDUSTRIAL","landuse_subcategory":"INDUSTRIAL","scheme_cod":"IND01","investment":14,"employment":48,"plotstatus":"Allotted","landallotementstatus":"SOLD","landallotementtype":"ALLOTTED","allotmentid":"YIND010436","allotment_date":1388601000000,"rate_of_allotment":6050,"lease_deed":"N","possession":"Y","possession_date":-1429248600000,"village_name":"Muradgarhi,Chakbirampur","khasra_no":"85,84,83,242","longitude":77.60761507000001,"latitude":28.2225394,"authority":"YEIDA","category":"industrial","execution_stage":"possession-recorded"}},{"type":"Feature","geometry":{"type":"Polygon","coordinates":[[[77.610241,28.221949],[77.610241,28.222175],[77.610119,28.222175],[77.610119,28.22195],[77.610241,28.221949]]]},"properties":{"objectid":3302,"uniqueplotid":"PLNGINDUSTRIAL3302","plotmap_id":"SECTOR-32_175_GENERAL INDUSTRY_IND","plotidentificationnumber":"175","plotno":"175","industrysector":"SECTOR-32","block":"GENERAL INDUSTRY","plotsize":"300 SQMT","plotsize_at_the_time_of_allotme":"300 SQMT","plot_size_as_per_lease_plan":300,"landuse_type":"INDUSTRIAL","landuse_subcategory":"INDUSTRIAL","scheme_cod":"IND02","investment":5,"employment":18,"plotstatus":"Allotted","landallotementstatus":"SOLD","landallotementtype":"ALLOTTED","allotmentid":"YIND021144","allotment_date":1442255400000,"rate_of_allotment":6100,"lease_deed":"Y","possession":"N","village_name":"Muradgarhi","khasra_no":"239","longitude":77.61017995,"latitude":28.222062280000003,"authority":"YEIDA","category":"industrial","execution_stage":"lease-recorded"}},{"type":"Feature","geometry":{"type":"Polygon","coordinates":[[[77.610186,28.220524],[77.610186,28.22084],[77.610013,28.220841],[77.610012,28.220525],[77.610186,28.220524]]]},"properties":{"objectid":3309,"uniqueplotid":"PLNGINDUSTRIAL3309","plotmap_id":"SECTOR-32_424_GENERAL INDUSTRY_IND","plotidentificationnumber":"424","plotno":"424","industrysector":"SECTOR-32","block":"GENERAL INDUSTRY","plotsize":"595 SQMT","plotsize_at_the_time_of_allotme":"595 SQMT","plot_size_as_per_lease_plan":595,"landuse_type":"INDUSTRIAL","landuse_subcategory":"INDUSTRIAL","scheme_cod":"IND04","investment":5,"employment":17,"plot_total_employment":"42","plotstatus":"Allotted","landallotementstatus":"SOLD","landallotementtype":"ALLOTTED","allotmentid":"YIND041078","allotment_date":1546972200000,"rate_of_allotment":6405,"lease_deed":"Y","lease_deed_date":1748802600000,"possession":"N","village_name":"Chakbirampur","khasra_no":"78,71","longitude":77.61009942,"latitude":28.22068253,"authority":"YEIDA","category":"industrial","execution_stage":"lease-recorded"}},{"type":"Feature","geometry":{"type":"Polygon","coordinates":[[[77.609019,28.221952],[77.609019,28.222178],[77.608897,28.222178],[77.608896,28.221953],[77.609019,28.221952]]]},"properties":{"objectid":3312,"uniqueplotid":"PLNGINDUSTRIAL3312","plotmap_id":"SECTOR-32_165_GENERAL INDUSTRY_IND","plotidentificationnumber":"165","plotno":"165","industrysector":"SECTOR-32","block":"GENERAL INDUSTRY","plotsize":"300 SQMT","plotsize_at_the_time_of_allotme":"300 SQMT","plot_size_as_per_lease_plan":300,"landuse_type":"INDUSTRIAL","landuse_subcategory":"INDUSTRIAL","scheme_cod":"IND02","investment":5,"employment":18,"plotstatus":"Allotted","landallotementstatus":"SOLD","landallotementtype":"ALLOTTED","allotmentid":"YIND021171","allotment_date":1442255400000,"rate_of_allotment":6100,"lease_deed":"Y","possession":"Y","possession_date":1697049000000,"village_name":"Muradgarhi","khasra_no":"241","longitude":77.60895790000001,"latitude":28.222065150000002,"authority":"YEIDA","category":"industrial","execution_stage":"possession-recorded"}},{"type":"Feature","geometry":{"type":"Polygon","coordinates":[[[77.607903,28.216832],[77.607904,28.217057],[77.607782,28.217058],[77.607781,28.216832],[77.607903,28.216832]]]},"properties":{"objectid":3313,"uniqueplotid":"PLNGINDUSTRIAL3313","plotmap_id":"SECTOR-32_978_GENERAL INDUSTRY_IND","plotidentificationnumber":"978","plotno":"978","industrysector":"SECTOR-32","block":"GENERAL INDUSTRY","plotsize":"300 SQMT","plotsize_at_the_time_of_allotme":"300 SQMT","landuse_type":"INDUSTRIAL","landuse_subcategory":"INDUSTRIAL","scheme_cod":"IND06","investment":3,"employment":9,"plotstatus":"Allotted","landallotementstatus":"SOLD","landallotementtype":"ALLOTTED","allotmentid":"YIND061065","allotment_date":1574361000000,"rate_of_allotment":6670,"lease_deed":"Y","possession":"Y","possession_date":1664735400000,"village_name":"Chakbirampur","khasra_no":"117","longitude":77.60784265,"latitude":28.21694476,"authority":"YEIDA","category":"industrial","execution_stage":"possession-recorded"}},{"type":"Feature","geometry":{"type":"Polygon","coordinates":[[[77.608342,28.220529],[77.608343,28.220844],[77.60817,28.220845],[77.608169,28.220529],[77.608342,28.220529]]]},"properties":{"objectid":3322,"uniqueplotid":"PLNGINDUSTRIAL3322","plotmap_id":"SECTOR-32_416_GENERAL INDUSTRY_IND","plotidentificationnumber":"416","plotno":"416","industrysector":"SECTOR-32","block":"GENERAL INDUSTRY","plotsize":"595 SQMT","plotsize_at_the_time_of_allotme":"595 SQMT","landuse_type":"INDUSTRIAL","landuse_subcategory":"INDUSTRIAL","scheme_cod":"IND06","investment":5,"employment":17,"plotstatus":"Allotted","landallotementstatus":"SOLD","landallotementtype":"ALLOTTED","allotmentid":"YIND061338","allotment_date":1574361000000,"rate_of_allotment":6670,"lease_deed":"Y","possession":"Y","possession_date":1656009000000,"village_name":"Chakbirampur","khasra_no":"82","longitude":77.60825616999999,"latitude":28.22068686,"authority":"YEIDA","category":"industrial","execution_stage":"possession-recorded"}},{"type":"Feature","geometry":{"type":"Polygon","coordinates":[[[77.617899,28.222318],[77.6179,28.222588],[77.61729,28.22259],[77.617289,28.22232],[77.617899,28.222318]]]},"properties":{"objectid":3323,"uniqueplotid":"PLNGINDUSTRIAL3323","plotmap_id":"SECTOR-32_1133_GENERAL INDUSTRY_IND","plotidentificationnumber":"1133","plotno":"1133","industrysector":"SECTOR-32","block":"GENERAL INDUSTRY","plotsize":"1800 SQMT","plotsize_at_the_time_of_allotme":"1800 SQMT","landuse_type":"INDUSTRIAL","landuse_subcategory":"INDUSTRIAL","scheme_cod":"IND07","investment":11,"employment":40,"plotstatus":"Allotted","landallotementstatus":"SOLD","landallotementtype":"ALLOTTED","allotmentid":"YIND071340","allotment_date":1625077800000,"rate_of_allotment":7010,"lease_deed":"N","possession":"N","village_name":"Birampur","khasra_no":"4,23,24,7,25","longitude":77.61759943000001,"latitude":28.22245613,"authority":"YEIDA","category":"industrial","execution_stage":"allotted"}},{"type":"Feature","geometry":{"type":"Polygon","coordinates":[[[77.60876,28.217272],[77.608761,28.217497],[77.608639,28.217498],[77.608638,28.217272],[77.60876,28.217272]]]},"properties":{"objectid":3324,"uniqueplotid":"PLNGINDUSTRIAL3324","plotmap_id":"SECTOR-32_876_GENERAL INDUSTRY_IND","plotidentificationnumber":"876","plotno":"876","industrysector":"SECTOR-32","block":"GENERAL INDUSTRY","plotsize":"300 SQMT","plotsize_at_the_time_of_allotme":"300 SQMT","landuse_type":"INDUSTRIAL","landuse_subcategory":"INDUSTRIAL","scheme_cod":"IND06","investment":3,"employment":9,"plotstatus":"Allotted","landallotementstatus":"SOLD","landallotementtype":"ALLOTTED","allotmentid":"YIND061014","allotment_date":1574361000000,"rate_of_allotment":6670,"lease_deed":"Y","possession":"Y","possession_date":1719340200000,"village_name":"Chakbirampur","khasra_no":"118","longitude":77.60869941,"latitude":28.21738471,"authority":"YEIDA","category":"industrial","execution_stage":"possession-recorded"}},{"type":"Feature","geometry":{"type":"Polygon","coordinates":[[[77.608394,28.217498],[77.608395,28.217724],[77.608273,28.217724],[77.608272,28.217498],[77.608394,28.217498]]]},"properties":{"objectid":3326,"uniqueplotid":"PLNGINDUSTRIAL3326","plotmap_id":"SECTOR-32_846_GENERAL INDUSTRY_IND","plotidentificationnumber":"846","plotno":"846","industrysector":"SECTOR-32","block":"GENERAL INDUSTRY","plotsize":"300 SQMT","plotsize_at_the_time_of_allotme":"300 SQMT","plot_size_as_per_lease_plan":300,"landuse_type":"INDUSTRIAL","landuse_subcategory":"INDUSTRIAL","scheme_cod":"IND02","investment":5,"employment":18,"plotstatus":"Allotted","landallotementstatus":"SOLD","landallotementtype":"ALLOTTED","allotmentid":"YIND021243","allotment_date":1442255400000,"rate_of_allotment":6100,"lease_deed":"Y","possession":"Y","possession_date":1678905000000,"map_sanctioned_from_planning":"Y","units_under_construction":"Y","village_name":"Chakbirampur","khasra_no":"119","longitude":77.60833348,"latitude":28.21761106,"authority":"YEIDA","category":"industrial","execution_stage":"construction-or-map-approval"}},{"type":"Feature","geometry":{"type":"Polygon","coordinates":[[[77.606758,28.220533],[77.606759,28.220848],[77.606586,28.220849],[77.606585,28.220533],[77.606758,28.220533]]]},"properties":{"objectid":3328,"uniqueplotid":"PLNGINDUSTRIAL3328","plotmap_id":"SECTOR-32_409_GENERAL INDUSTRY_IND","plotidentificationnumber":"409","plotno":"409","industrysector":"SECTOR-32","block":"GENERAL INDUSTRY","plotsize":"595 SQMT","plotsize_at_the_time_of_allotme":"595 SQMT","landuse_type":"INDUSTRIAL","landuse_subcategory":"INDUSTRIAL","scheme_cod":"IND06","investment":5,"employment":17,"plotstatus":"Allotted","landallotementstatus":"SOLD","landallotementtype":"ALLOTTED","allotmentid":"YIND061321","allotment_date":1574361000000,"rate_of_allotment":6670,"lease_deed":"Y","possession":"Y","possession_date":1685039400000,"village_name":"Chakbirampur","khasra_no":"81","longitude":77.60665832,"latitude":28.22066505,"authority":"YEIDA","category":"industrial","execution_stage":"possession-recorded"}},{"type":"Feature","geometry":{"type":"Polygon","coordinates":[[[77.608883,28.217497],[77.608884,28.217723],[77.608762,28.217723],[77.608761,28.217497],[77.608883,28.217497]]]},"properties":{"objectid":3329,"uniqueplotid":"PLNGINDUSTRIAL3329","plotmap_id":"SECTOR-32_850_GENERAL INDUSTRY_IND","plotidentificationnumber":"850","plotno":"850","industrysector":"SECTOR-32","block":"GENERAL INDUSTRY","plotsize":"300 SQMT","plotsize_at_the_time_of_allotme":"300 SQMT","plot_size_as_per_lease_plan":300,"landuse_type":"INDUSTRIAL","landuse_subcategory":"INDUSTRIAL","scheme_cod":"IND06","investment":3,"employment":9,"plotstatus":"Allotted","landallotementstatus":"SOLD","landallotementtype":"ALLOTTED","allotmentid":"YIND061039","allotment_date":1574361000000,"rate_of_allotment":6670,"lease_deed":"Y","possession":"N","village_name":"Chakbirampur","khasra_no":"118,119,120","longitude":77.60882229,"latitude":28.21760991,"authority":"YEIDA","category":"industrial","execution_stage":"lease-recorded"}},{"type":"Feature","geometry":{"type":"Polygon","coordinates":[[[77.607417,28.2175],[77.607417,28.217726],[77.607295,28.217726],[77.607294,28.217501],[77.607417,28.2175]]]},"properties":{"objectid":3333,"uniqueplotid":"PLNGINDUSTRIAL3333","plotmap_id":"SECTOR-32_838_GENERAL INDUSTRY_IND","plotidentificationnumber":"838","plotno":"838","industrysector":"SECTOR-32","block":"GENERAL INDUSTRY","plotsize":"300 SQMT","plotsize_at_the_time_of_allotme":"300 SQMT","plot_size_as_per_lease_plan":300,"landuse_type":"INDUSTRIAL","landuse_subcategory":"INDUSTRIAL","scheme_cod":"IND02","investment":5,"employment":18,"plotstatus":"Allotted","landallotementstatus":"SOLD","landallotementtype":"ALLOTTED","allotmentid":"YIND021312","allotment_date":1442255400000,"rate_of_allotment":6100,"lease_deed":"Y","possession":"Y","possession_date":1677695400000,"village_name":"Chakbirampur","khasra_no":"126","longitude":77.60735584,"latitude":28.21761335,"authority":"YEIDA","category":"industrial","execution_stage":"possession-recorded"}},{"type":"Feature","geometry":{"type":"Polygon","coordinates":[[[77.608062,28.218699],[77.608063,28.218969],[77.60791,28.218969],[77.607909,28.218699],[77.608062,28.218699]]]},"properties":{"objectid":3334,"uniqueplotid":"PLNGINDUSTRIAL3334","plotmap_id":"SECTOR-32_648_GENERAL INDUSTRY_IND","plotidentificationnumber":"648","plotno":"648","industrysector":"SECTOR-32","block":"GENERAL INDUSTRY","plotsize":"450 SQMT","plotsize_at_the_time_of_allotme":"450 SQMT","landuse_type":"INDUSTRIAL","landuse_subcategory":"INDUSTRIAL","scheme_cod":"IND01","investment":3,"employment":12,"plotstatus":"Allotted","landallotementstatus":"SOLD","landallotementtype":"ALLOTTED","allotmentid":"YIND010629","allotment_date":1442255400000,"rate_of_allotment":6100,"lease_deed":"Y","possession":"N","village_name":"Chakbirampur","khasra_no":"123,93,95","longitude":77.60798582,"latitude":28.218834010000002,"authority":"YEIDA","category":"industrial","execution_stage":"lease-recorded"}},{"type":"Feature","geometry":{"type":"Polygon","coordinates":[[[77.605516,28.217279],[77.605517,28.217505],[77.605395,28.217505],[77.605394,28.21728],[77.605516,28.217279]]]},"properties":{"objectid":3338,"uniqueplotid":"PLNGINDUSTRIAL3338","plotmap_id":"SECTOR-32_900_GENERAL INDUSTRY_IND","plotidentificationnumber":"900","plotno":"900","industrysector":"SECTOR-32","block":"GENERAL INDUSTRY","plotsize":"300 SQMT","plotsize_at_the_time_of_allotme":"300 SQMT","landuse_type":"INDUSTRIAL","landuse_subcategory":"INDUSTRIAL","scheme_cod":"IND02","investment":5,"employment":18,"plotstatus":"Allotted","landallotementstatus":"SOLD","landallotementtype":"ALLOTTED","allotmentid":"YIND021117","allotment_date":1442255400000,"rate_of_allotment":6100,"lease_deed":"Y","possession":"Y","possession_date":1716229800000,"village_name":"Chakbirampur","khasra_no":"145,134","longitude":77.60545571,"latitude":28.217392330000003,"authority":"YEIDA","category":"industrial","execution_stage":"possession-recorded"}},{"type":"Feature","geometry":{"type":"Polygon","coordinates":[[[77.606508,28.221733],[77.606508,28.221958],[77.606386,28.221958],[77.606385,28.221733],[77.606508,28.221733]]]},"properties":{"objectid":3344,"uniqueplotid":"PLNGINDUSTRIAL3344","plotmap_id":"SECTOR-32_206_GENERAL INDUSTRY_IND","plotidentificationnumber":"206","plotno":"206","industrysector":"SECTOR-32","block":"GENERAL INDUSTRY","plotsize":"300 SQMT","plotsize_at_the_time_of_allotme":"300 SQMT","landuse_type":"INDUSTRIAL","landuse_subcategory":"INDUSTRIAL","scheme_cod":"IND02","investment":5,"employment":18,"plotstatus":"Allotted","landallotementstatus":"SOLD","landallotementtype":"ALLOTTED","allotmentid":"YIND021279","allotment_date":1442255400000,"rate_of_allotment":6100,"lease_deed":"Y","possession":"Y","possession_date":1659637800000,"village_name":"Chakbirampur","khasra_no":"85","longitude":77.60644676,"latitude":28.221845570000003,"authority":"YEIDA","category":"industrial","execution_stage":"possession-recorded"}},{"type":"Feature","geometry":{"type":"Polygon","coordinates":[[[77.606004,28.216836],[77.606005,28.217062],[77.605882,28.217062],[77.605882,28.216837],[77.606004,28.216836]]]},"properties":{"objectid":3345,"uniqueplotid":"PLNGINDUSTRIAL3345","plotmap_id":"SECTOR-32_965_GENERAL INDUSTRY_IND","plotidentificationnumber":"965","plotno":"965","industrysector":"SECTOR-32","block":"GENERAL INDUSTRY","plotsize":"300 SQMT","plotsize_at_the_time_of_allotme":"300 SQMT","plot_size_as_per_lease_plan":300,"landuse_type":"INDUSTRIAL","landuse_subcategory":"INDUSTRIAL","scheme_cod":"IND02","investment":5,"employment":18,"plotstatus":"Allotted","landallotementstatus":"SOLD","landallotementtype":"ALLOTTED","allotmentid":"YIND021395","allotment_date":1442255400000,"rate_of_allotment":6100,"lease_deed":"Y","possession":"Y","possession_date":1731436200000,"village_name":"Chakbirampur","khasra_no":"145,146,147","longitude":77.60593807000001,"latitude":28.216939829999998,"authority":"YEIDA","category":"industrial","execution_stage":"possession-recorded"}},{"type":"Feature","geometry":{"type":"Polygon","coordinates":[[[77.607451,28.2187],[77.607452,28.218971],[77.607299,28.218971],[77.607298,28.2187],[77.607451,28.2187]]]},"properties":{"objectid":3346,"uniqueplotid":"PLNGINDUSTRIAL3346","plotmap_id":"SECTOR-32_652_GENERAL INDUSTRY_IND","plotidentificationnumber":"652","plotno":"652","industrysector":"SECTOR-32","block":"GENERAL INDUSTRY","plotsize":"450 SQMT","plotsize_at_the_time_of_allotme":"450 SQMT","plot_size_as_per_lease_plan":450,"landuse_type":"INDUSTRIAL","landuse_subcategory":"INDUSTRIAL","scheme_cod":"IND05","investment":4,"employment":13,"plotstatus":"Allotted","landallotementstatus":"SOLD","landallotementtype":"ALLOTTED","allotmentid":"YIND051043","allotment_date":1542565800000,"rate_of_allotment":6405,"lease_deed":"Y","possession":"Y","possession_date":1709663400000,"map_sanctioned_from_planning":"Y","units_under_construction":"Y","village_name":"Chakbirampur","khasra_no":"93","longitude":77.60737479999999,"latitude":28.21883545,"authority":"YEIDA","category":"industrial","execution_stage":"construction-or-map-approval"}},{"type":"Feature","geometry":{"type":"Polygon","coordinates":[[[77.610118,28.221724],[77.610119,28.22195],[77.609996,28.22195],[77.609996,28.221724],[77.610118,28.221724]]]},"properties":{"objectid":3350,"uniqueplotid":"PLNGINDUSTRIAL3350","plotmap_id":"SECTOR-32_179_GENERAL INDUSTRY_IND","plotidentificationnumber":"179","plotno":"179","industrysector":"SECTOR-32","block":"GENERAL INDUSTRY","plotsize":"300 SQMT","plotsize_at_the_time_of_allotme":"300 SQMT","landuse_type":"INDUSTRIAL","landuse_subcategory":"INDUSTRIAL","scheme_cod":"IND06","investment":3,"employment":9,"plotstatus":"Allotted","landallotementstatus":"SOLD","landallotementtype":"ALLOTTED","allotmentid":"YIND061133","allotment_date":1574361000000,"rate_of_allotment":6670,"lease_deed":"N","possession":"N","village_name":"Muradgarhi,Chakbirampur","khasra_no":"75,239","longitude":77.61005706,"latitude":28.22183709,"authority":"YEIDA","category":"industrial","execution_stage":"allotted"}},{"type":"Feature","geometry":{"type":"Polygon","coordinates":[[[77.606585,28.220533],[77.606586,28.220849],[77.606413,28.220849],[77.606412,28.220533],[77.606585,28.220533]]]},"properties":{"objectid":3351,"uniqueplotid":"PLNGINDUSTRIAL3351","plotmap_id":"SECTOR-32_408_GENERAL INDUSTRY_IND","plotidentificationnumber":"408","plotno":"408","industrysector":"SECTOR-32","block":"GENERAL INDUSTRY","plotsize":"595 SQMT","plotsize_at_the_time_of_allotme":"595 SQMT","plot_size_as_per_lease_plan":595,"landuse_type":"INDUSTRIAL","landuse_subcategory":"INDUSTRIAL","scheme_cod":"IND06","investment":5,"employment":17,"plotstatus":"Allotted","landallotementstatus":"SOLD","landallotementtype":"ALLOTTED","allotmentid":"YIND061347","allotment_date":1574361000000,"rate_of_allotment":6670,"lease_deed":"Y","possession":"N","village_name":"Chakbirampur","khasra_no":"81","longitude":77.60649928999999,"latitude":28.22069098,"authority":"YEIDA","category":"industrial","execution_stage":"lease-recorded"}},{"type":"Feature","geometry":{"type":"Polygon","coordinates":[[[77.609133,28.219454],[77.609134,28.219724],[77.608981,28.219725],[77.608981,28.219454],[77.609133,28.219454]]]},"properties":{"objectid":3353,"uniqueplotid":"PLNGINDUSTRIAL3353","plotmap_id":"SECTOR-32_533_GENERAL INDUSTRY_IND","plotidentificationnumber":"533","plotno":"533","industrysector":"SECTOR-32","block":"GENERAL INDUSTRY","plotsize":"450 SQMT","plotsize_at_the_time_of_allotme":"450 SQMT","plot_size_as_per_lease_plan":450,"landuse_type":"INDUSTRIAL","landuse_subcategory":"INDUSTRIAL","scheme_cod":"IND06","investment":4,"employment":13,"plotstatus":"Allotted","landallotementstatus":"SOLD","landallotementtype":"ALLOTTED","allotmentid":"YIND061187","allotment_date":1574361000000,"rate_of_allotment":6670,"lease_deed":"Y","possession":"Y","possession_date":1700073000000,"village_name":"Chakbirampur","khasra_no":"95","longitude":77.60905738,"latitude":28.21958913,"authority":"YEIDA","category":"industrial","execution_stage":"possession-recorded"}},{"type":"Feature","geometry":{"type":"Polygon","coordinates":[[[77.609134,28.219724],[77.609135,28.219995],[77.608982,28.219995],[77.608981,28.219725],[77.609134,28.219724]]]},"properties":{"objectid":3354,"uniqueplotid":"PLNGINDUSTRIAL3354","plotmap_id":"SECTOR-32_516_GENERAL INDUSTRY_IND","plotidentificationnumber":"516","plotno":"516","industrysector":"SECTOR-32","block":"GENERAL INDUSTRY","plotsize":"450 SQMT","plotsize_at_the_time_of_allotme":"450 SQMT","landuse_type":"INDUSTRIAL","landuse_subcategory":"INDUSTRIAL","scheme_cod":"IND06","investment":4,"employment":13,"plotstatus":"Allotted","landallotementstatus":"SOLD","landallotementtype":"ALLOTTED","allotmentid":"YIND061210","allotment_date":1574361000000,"rate_of_allotment":6670,"lease_deed":"N","possession":"N","village_name":"Chakbirampur","khasra_no":"94,95","longitude":77.60905819999999,"latitude":28.219859709999998,"authority":"YEIDA","category":"industrial","execution_stage":"allotted"}},{"type":"Feature","geometry":{"type":"Polygon","coordinates":[[[77.607454,28.219728],[77.607455,28.219999],[77.607302,28.219999],[77.607301,28.219729],[77.607454,28.219728]]]},"properties":{"objectid":3355,"uniqueplotid":"PLNGINDUSTRIAL3355","plotmap_id":"SECTOR-32_505_GENERAL INDUSTRY_IND","plotidentificationnumber":"505","plotno":"505","industrysector":"SECTOR-32","block":"GENERAL INDUSTRY","plotsize":"450 SQMT","plotsize_at_the_time_of_allotme":"450 SQMT","landuse_type":"INDUSTRIAL","landuse_subcategory":"INDUSTRIAL","scheme_cod":"IND06","investment":4,"employment":13,"plotstatus":"Allotted","landallotementstatus":"SOLD","landallotementtype":"ALLOTTED","allotmentid":"YIND061253","allotment_date":1574361000000,"rate_of_allotment":6670,"lease_deed":"N","possession":"N","village_name":"Chakbirampur","khasra_no":"81","longitude":77.60737789,"latitude":28.21986365,"authority":"YEIDA","category":"industrial","execution_stage":"allotted"}},{"type":"Feature","geometry":{"type":"Polygon","coordinates":[[[77.608149,28.217273],[77.60815,28.217499],[77.608028,28.217499],[77.608027,28.217274],[77.608149,28.217273]]]},"properties":{"objectid":3356,"uniqueplotid":"PLNGINDUSTRIAL3356","plotmap_id":"SECTOR-32_881_GENERAL INDUSTRY_IND","plotidentificationnumber":"881","plotno":"881","industrysector":"SECTOR-32","block":"GENERAL INDUSTRY","plotsize":"300 SQMT","plotsize_at_the_time_of_allotme":"300 SQMT","plot_size_as_per_lease_plan":300,"landuse_type":"INDUSTRIAL","landuse_subcategory":"INDUSTRIAL","scheme_cod":"IND02","investment":5,"employment":18,"plotstatus":"Allotted","landallotementstatus":"SOLD","landallotementtype":"ALLOTTED","allotmentid":"YIND021240","allotment_date":1442255400000,"rate_of_allotment":6100,"lease_deed":"Y","possession":"N","village_name":"Chakbirampur","khasra_no":"125,119,117","longitude":77.60808839,"latitude":28.217386140000002,"authority":"YEIDA","category":"industrial","execution_stage":"lease-recorded"}},{"type":"Feature","geometry":{"type":"Polygon","coordinates":[[[77.610353,28.218693],[77.610354,28.218964],[77.610201,28.218964],[77.6102,28.218694],[77.610353,28.218693]]]},"properties":{"objectid":3357,"uniqueplotid":"PLNGINDUSTRIAL3357","plotmap_id":"SECTOR-32_633_GENERAL INDUSTRY_IND","plotidentificationnumber":"633","plotno":"633","industrysector":"SECTOR-32","block":"GENERAL INDUSTRY","plotsize":"450 SQMT","plotsize_at_the_time_of_allotme":"450 SQMT","landuse_type":"INDUSTRIAL","landuse_subcategory":"INDUSTRIAL","scheme_cod":"IND06","investment":4,"employment":13,"plotstatus":"Allotted","landallotementstatus":"SOLD","landallotementtype":"ALLOTTED","allotmentid":"YIND061198","allotment_date":1574361000000,"rate_of_allotment":6670,"lease_deed":"N","possession":"N","village_name":"Chakbirampur","khasra_no":"96,97,95","longitude":77.61027714000001,"latitude":28.21882864,"authority":"YEIDA","category":"industrial","execution_stage":"allotted"}},{"type":"Feature","geometry":{"type":"Polygon","coordinates":[[[77.606774,28.218972],[77.606621,28.218973],[77.606621,28.218702],[77.606773,28.218702],[77.606774,28.218972]]]},"properties":{"objectid":3359,"uniqueplotid":"PLNGINDUSTRIAL3359","plotmap_id":"SECTOR-32_654_GENERAL INDUSTRY_IND","plotidentificationnumber":"654","plotno":"654","industrysector":"SECTOR-32","block":"GENERAL INDUSTRY","plotsize":"450 SQMT","plotsize_at_the_time_of_allotme":"450 SQMT","landuse_type":"INDUSTRIAL","landuse_subcategory":"INDUSTRIAL","scheme_cod":"IND06","investment":4,"employment":13,"plotstatus":"Allotted","landallotementstatus":"SOLD","landallotementtype":"ALLOTTED","allotmentid":"YIND061287","allotment_date":1574361000000,"rate_of_allotment":6670,"lease_deed":"N","possession":"N","village_name":"Chakbirampur","khasra_no":"93,81,92,91","longitude":77.60669837,"latitude":28.218838780000002,"authority":"YEIDA","category":"industrial","execution_stage":"allotted"}},{"type":"Feature","geometry":{"type":"Polygon","coordinates":[[[77.610227,28.217268],[77.610227,28.217494],[77.610105,28.217494],[77.610104,28.217269],[77.610227,28.217268]]]},"properties":{"objectid":3360,"uniqueplotid":"PLNGINDUSTRIAL3360","plotmap_id":"SECTOR-32_864_GENERAL INDUSTRY_IND","plotidentificationnumber":"864","plotno":"864","industrysector":"SECTOR-32","block":"GENERAL INDUSTRY","plotsize":"300 SQMT","plotsize_at_the_time_of_allotme":"300 SQMT","landuse_type":"INDUSTRIAL","landuse_subcategory":"INDUSTRIAL","scheme_cod":"IND06","investment":3,"employment":9,"plotstatus":"Allotted","landallotementstatus":"SOLD","landallotementtype":"ALLOTTED","allotmentid":"YIND061031","allotment_date":1574361000000,"rate_of_allotment":6670,"lease_deed":"Y","possession":"N","village_name":"Chakbirampur","khasra_no":"101","longitude":77.61016586000001,"latitude":28.21738127,"authority":"YEIDA","category":"industrial","execution_stage":"lease-recorded"}},{"type":"Feature","geometry":{"type":"Polygon","coordinates":[[[77.610046,28.218207],[77.610047,28.218477],[77.609894,28.218478],[77.609893,28.218207],[77.610046,28.218207]]]},"properties":{"objectid":3362,"uniqueplotid":"PLNGINDUSTRIAL3362","plotmap_id":"SECTOR-32_738_GENERAL INDUSTRY_IND","plotidentificationnumber":"738","plotno":"738","industrysector":"SECTOR-32","block":"GENERAL INDUSTRY","plotsize":"450 SQMT","plotsize_at_the_time_of_allotme":"450 SQMT","plot_size_as_per_lease_plan":450,"landuse_type":"INDUSTRIAL","landuse_subcategory":"INDUSTRIAL","scheme_cod":"IND07","investment":3,"employment":10,"plotstatus":"Allotted","landallotementstatus":"SOLD","landallotementtype":"ALLOTTED","allotmentid":"YIND071153","allotment_date":1625077800000,"rate_of_allotment":7010,"lease_deed":"Y","possession":"Y","possession_date":1702924200000,"units_under_construction":"Y","village_name":"Chakbirampur","khasra_no":"97","longitude":77.60997017,"latitude":28.21834231,"authority":"YEIDA","category":"industrial","execution_stage":"construction-or-map-approval"}},{"type":"Feature","geometry":{"type":"Polygon","coordinates":[[[77.60944,28.219724],[77.60944,28.219994],[77.609288,28.219994],[77.609287,28.219724],[77.60944,28.219724]]]},"properties":{"objectid":3367,"uniqueplotid":"PLNGINDUSTRIAL3367","plotmap_id":"SECTOR-32_518_GENERAL INDUSTRY_IND","plotidentificationnumber":"518","plotno":"518","industrysector":"SECTOR-32","block":"GENERAL INDUSTRY","plotsize":"450 SQMT","plotsize_at_the_time_of_allotme":"450 SQMT","landuse_type":"INDUSTRIAL","landuse_subcategory":"INDUSTRIAL","scheme_cod":"IND06","investment":4,"employment":13,"plotstatus":"Allotted","landallotementstatus":"SOLD","landallotementtype":"ALLOTTED","allotmentid":"YIND061299","allotment_date":1574361000000,"rate_of_allotment":6670,"lease_deed":"N","possession":"N","village_name":"Chakbirampur","khasra_no":"95","longitude":77.60936371000001,"latitude":28.21985899,"authority":"YEIDA","category":"industrial","execution_stage":"allotted"}},{"type":"Feature","geometry":{"type":"Polygon","coordinates":[[[77.609588,28.218208],[77.609589,28.218478],[77.609436,28.218479],[77.609435,28.218208],[77.609588,28.218208]]]},"properties":{"objectid":3370,"uniqueplotid":"PLNGINDUSTRIAL3370","plotmap_id":"SECTOR-32_735_GENERAL INDUSTRY_IND","plotidentificationnumber":"735","plotno":"735","industrysector":"SECTOR-32","block":"GENERAL INDUSTRY","plotsize":"450 SQMT","plotsize_at_the_time_of_allotme":"450 SQMT","plot_size_as_per_lease_plan":450,"landuse_type":"INDUSTRIAL","landuse_subcategory":"INDUSTRIAL","scheme_cod":"IND07","investment":3,"employment":10,"plotstatus":"Allotted","landallotementstatus":"SOLD","landallotementtype":"ALLOTTED","allotmentid":"YIND071142","allotment_date":1625164200000,"rate_of_allotment":7010,"lease_deed":"N","possession":"N","village_name":"Chakbirampur","khasra_no":"96,101,97","longitude":77.6095119,"latitude":28.21834338,"authority":"YEIDA","category":"industrial","execution_stage":"allotted"}},{"type":"Feature","geometry":{"type":"Polygon","coordinates":[[[77.606017,28.221292],[77.606018,28.221517],[77.605896,28.221518],[77.605895,28.221292],[77.606017,28.221292]]]},"properties":{"objectid":3371,"uniqueplotid":"PLNGINDUSTRIAL3371","plotmap_id":"SECTOR-32_279_GENERAL INDUSTRY_IND","plotidentificationnumber":"279","plotno":"279","industrysector":"SECTOR-32","block":"GENERAL INDUSTRY","plotsize":"300 SQMT","plotsize_at_the_time_of_allotme":"300 SQMT","landuse_type":"INDUSTRIAL","landuse_subcategory":"INDUSTRIAL","scheme_cod":"IND02","investment":5,"employment":18,"plotstatus":"Allotted","landallotementstatus":"SOLD","landallotementtype":"ALLOTTED","allotmentid":"YIND021338","allotment_date":1442255400000,"rate_of_allotment":6100,"lease_deed":"Y","possession":"N","village_name":"Chakbirampur","khasra_no":"85,87","longitude":77.60595661,"latitude":28.22140478,"authority":"YEIDA","category":"industrial","execution_stage":"lease-recorded"}},{"type":"Feature","geometry":{"type":"Polygon","coordinates":[[[77.609016,28.221059],[77.609017,28.221285],[77.608894,28.221285],[77.608894,28.22106],[77.609016,28.221059]]]},"properties":{"objectid":3377,"uniqueplotid":"PLNGINDUSTRIAL3377","plotmap_id":"SECTOR-32_324_GENERAL INDUSTRY_IND","plotidentificationnumber":"324","plotno":"324","industrysector":"SECTOR-32","block":"GENERAL INDUSTRY","plotsize":"300 SQMT","plotsize_at_the_time_of_allotme":"300 SQMT","landuse_type":"INDUSTRIAL","landuse_subcategory":"INDUSTRIAL","scheme_cod":"IND02","investment":5,"employment":18,"plotstatus":"Allotted","landallotementstatus":"SOLD","landallotementtype":"ALLOTTED","allotmentid":"YIND021071","allotment_date":1442255400000,"rate_of_allotment":6100,"lease_deed":"N","possession":"N","village_name":"Chakbirampur","khasra_no":"83","longitude":77.60895522,"latitude":28.22117226,"authority":"YEIDA","category":"industrial","execution_stage":"allotted"}},{"type":"Feature","geometry":{"type":"Polygon","coordinates":[[[77.60616,28.217945],[77.606161,28.218216],[77.606008,28.218216],[77.606007,28.217946],[77.60616,28.217945]]]},"properties":{"objectid":3381,"uniqueplotid":"PLNGINDUSTRIAL3381","plotmap_id":"SECTOR-32_766_GENERAL INDUSTRY_IND","plotidentificationnumber":"766","plotno":"766","industrysector":"SECTOR-32","block":"GENERAL INDUSTRY","plotsize":"450 SQMT","plotsize_at_the_time_of_allotme":"450 SQMT","plot_size_as_per_lease_plan":450,"landuse_type":"INDUSTRIAL","landuse_subcategory":"INDUSTRIAL","scheme_cod":"IND07","investment":3,"employment":10,"plotstatus":"Allotted","landallotementstatus":"SOLD","landallotementtype":"ALLOTTED","allotmentid":"YIND071180","allotment_date":1625077800000,"rate_of_allotment":7010,"lease_deed":"Y","possession":"N","village_name":"Chakbirampur","khasra_no":"90,131,130","longitude":77.60608409,"latitude":28.21808085,"authority":"YEIDA","category":"industrial","execution_stage":"lease-recorded"}},{"type":"Feature","geometry":{"type":"Polygon","coordinates":[[[77.606621,28.218973],[77.606622,28.219243],[77.606469,28.219243],[77.606469,28.218973],[77.606621,28.218973]]]},"properties":{"objectid":3389,"uniqueplotid":"PLNGINDUSTRIAL3389","plotmap_id":"SECTOR-32_610_GENERAL INDUSTRY_IND","plotidentificationnumber":"610","plotno":"610","industrysector":"SECTOR-32","block":"GENERAL INDUSTRY","plotsize":"450 SQMT","plotsize_at_the_time_of_allotme":"450 SQMT","landuse_type":"INDUSTRIAL","landuse_subcategory":"INDUSTRIAL","scheme_cod":"IND06","investment":4,"employment":13,"plotstatus":"Allotted","landallotementstatus":"SOLD","landallotementtype":"ALLOTTED","allotmentid":"YIND061214","allotment_date":1574361000000,"rate_of_allotment":6670,"lease_deed":"Y","possession":"Y","possession_date":1698604200000,"map_sanctioned_from_planning":"Y","village_name":"Chakbirampur","khasra_no":"81,92,91","longitude":77.60654545,"latitude":28.21910798,"authority":"YEIDA","category":"industrial","execution_stage":"construction-or-map-approval"}},{"type":"Feature","geometry":{"type":"Polygon","coordinates":[[[77.608528,28.221286],[77.608529,28.221511],[77.608406,28.221512],[77.608406,28.221286],[77.608528,28.221286]]]},"properties":{"objectid":3391,"uniqueplotid":"PLNGINDUSTRIAL3391","plotmap_id":"SECTOR-32_297_GENERAL INDUSTRY_IND","plotidentificationnumber":"297","plotno":"297","industrysector":"SECTOR-32","block":"GENERAL INDUSTRY","plotsize":"300 SQMT","plotsize_at_the_time_of_allotme":"300 SQMT","landuse_type":"INDUSTRIAL","landuse_subcategory":"INDUSTRIAL","scheme_cod":"IND02","investment":5,"employment":18,"plotstatus":"Allotted","landallotementstatus":"SOLD","landallotementtype":"ALLOTTED","allotmentid":"YIND021225","allotment_date":1442255400000,"rate_of_allotment":6100,"lease_deed":"Y","possession":"Y","possession_date":1718044200000,"village_name":"Chakbirampur","khasra_no":"83","longitude":77.60846708,"latitude":28.22139888,"authority":"YEIDA","category":"industrial","execution_stage":"possession-recorded"}},{"type":"Feature","geometry":{"type":"Polygon","coordinates":[[[77.605529,28.221293],[77.605529,28.221519],[77.605407,28.221519],[77.605406,28.221293],[77.605529,28.221293]]]},"properties":{"objectid":3394,"uniqueplotid":"PLNGINDUSTRIAL3394","plotmap_id":"SECTOR-32_275_GENERAL INDUSTRY_IND","plotidentificationnumber":"275","plotno":"275","industrysector":"SECTOR-32","block":"GENERAL INDUSTRY","plotsize":"300 SQMT","plotsize_at_the_time_of_allotme":"300 SQMT","plot_size_as_per_lease_plan":300,"landuse_type":"INDUSTRIAL","landuse_subcategory":"INDUSTRIAL","scheme_cod":"IND02","investment":5,"employment":18,"plotstatus":"Allotted","landallotementstatus":"SOLD","landallotementtype":"ALLOTTED","allotmentid":"YIND021311","allotment_date":1442255400000,"rate_of_allotment":6100,"lease_deed":"Y","possession":"Y","possession_date":1687890600000,"village_name":"Chakbirampur","khasra_no":"85","longitude":77.60546779,"latitude":28.22140592,"authority":"YEIDA","category":"industrial","execution_stage":"possession-recorded"}},{"type":"Feature","geometry":{"type":"Polygon","coordinates":[[[77.606466,28.217945],[77.606466,28.218215],[77.606314,28.218216],[77.606313,28.217945],[77.606466,28.217945]]]},"properties":{"objectid":3396,"uniqueplotid":"PLNGINDUSTRIAL3396","plotmap_id":"SECTOR-32_764_GENERAL INDUSTRY_IND","plotidentificationnumber":"764","plotno":"764","industrysector":"SECTOR-32","block":"GENERAL INDUSTRY","plotsize":"450 SQMT","plotsize_at_the_time_of_allotme":"450 SQMT","plot_size_as_per_lease_plan":1800,"landuse_type":"INDUSTRIAL","landuse_subcategory":"INDUSTRIAL","scheme_cod":"IND07","investment":3,"employment":10,"plotstatus":"Allotted","landallotementstatus":"SOLD","landallotementtype":"ALLOTTED","allotmentid":"YIND071166","allotment_date":1625164200000,"rate_of_allotment":7010,"lease_deed":"Y","possession":"Y","possession_date":1693852200000,"village_name":"Chakbirampur","khasra_no":"93,91,129,130","longitude":77.6063896,"latitude":28.21808013,"authority":"YEIDA","category":"industrial","execution_stage":"possession-recorded"}},{"type":"Feature","geometry":{"type":"Polygon","coordinates":[[[77.606875,28.221957],[77.606753,28.221958],[77.606752,28.221732],[77.606874,28.221732],[77.606875,28.221957]]]},"properties":{"objectid":3397,"uniqueplotid":"PLNGINDUSTRIAL3397","plotmap_id":"SECTOR-32_203_GENERAL INDUSTRY_IND","plotidentificationnumber":"203","plotno":"203","industrysector":"SECTOR-32","block":"GENERAL INDUSTRY","plotsize":"300 SQMT","plotsize_at_the_time_of_allotme":"300 SQMT","landuse_type":"INDUSTRIAL","landuse_subcategory":"INDUSTRIAL","scheme_cod":"IND02","investment":5,"employment":18,"plotstatus":"Allotted","landallotementstatus":"SOLD","landallotementtype":"ALLOTTED","allotmentid":"YIND021157","allotment_date":1442255400000,"rate_of_allotment":6100,"lease_deed":"Y","possession":"Y","possession_date":1709145000000,"village_name":"Chakbirampur","khasra_no":"85,84,82","longitude":77.60681417,"latitude":28.22184618,"authority":"YEIDA","category":"industrial","execution_stage":"possession-recorded"}},{"type":"Feature","geometry":{"type":"Polygon","coordinates":[[[77.609629,28.221725],[77.60963,28.221951],[77.609507,28.221951],[77.609507,28.221726],[77.609629,28.221725]]]},"properties":{"objectid":3398,"uniqueplotid":"PLNGINDUSTRIAL3398","plotmap_id":"SECTOR-32_183_GENERAL INDUSTRY_IND","plotidentificationnumber":"183","plotno":"183","industrysector":"SECTOR-32","block":"GENERAL INDUSTRY","plotsize":"300 SQMT","plotsize_at_the_time_of_allotme":"300 SQMT","plot_size_as_per_lease_plan":300,"landuse_type":"INDUSTRIAL","landuse_subcategory":"INDUSTRIAL","scheme_cod":"IND02","investment":5,"employment":18,"plotstatus":"Allotted","landallotementstatus":"SOLD","landallotementtype":"ALLOTTED","allotmentid":"YIND021220","allotment_date":1442255400000,"rate_of_allotment":6100,"lease_deed":"Y","possession":"Y","possession_date":1682015400000,"map_sanctioned_from_planning":"Y","units_under_construction":"Y","village_name":"Muradgarhi,Chakbirampur","khasra_no":"75,241","longitude":77.60956825,"latitude":28.22183824,"authority":"YEIDA","category":"industrial","execution_stage":"construction-or-map-approval"}},{"type":"Feature","geometry":{"type":"Polygon","coordinates":[[[77.610363,28.222932],[77.609449,28.222934],[77.609448,28.222393],[77.610363,28.222391],[77.610363,28.222932]]]},"properties":{"objectid":3400,"uniqueplotid":"PLNGINDUSTRIAL3400","plotmap_id":"SECTOR-32_50, 51, 52_GENERAL INDUSTRY_IND","plotidentificationnumber":"50, 51, 52","plotno":"50, 51, 52","industrysector":"SECTOR-32","block":"GENERAL INDUSTRY","plotsize":"5400 SQMT","plotsize_at_the_time_of_allotme":"5400 SQMT","plot_size_as_per_lease_plan":5400,"landuse_type":"INDUSTRIAL","landuse_subcategory":"INDUSTRIAL","scheme_cod":"INDOPEN","investment":43,"employment":152,"plotstatus":"Allotted","landallotementstatus":"SOLD","landallotementtype":"ALLOTTED","allotmentid":"INDOPEN00022","allotment_date":1565289000000,"rate_of_allotment":6413.33,"lease_deed":"Y","possession":"N","village_name":"Muradgarhi","khasra_no":"240,239","longitude":77.60990951,"latitude":28.22266361,"authority":"YEIDA","category":"industrial","execution_stage":"lease-recorded"}},{"type":"Feature","geometry":{"type":"Polygon","coordinates":[[[77.609372,28.217496],[77.609373,28.217721],[77.60925,28.217722],[77.60925,28.217496],[77.609372,28.217496]]]},"properties":{"objectid":3402,"uniqueplotid":"PLNGINDUSTRIAL3402","plotmap_id":"SECTOR-32_854_GENERAL INDUSTRY_IND","plotidentificationnumber":"854","plotno":"854","industrysector":"SECTOR-32","block":"GENERAL INDUSTRY","plotsize":"300 SQMT","plotsize_at_the_time_of_allotme":"300 SQMT","landuse_type":"INDUSTRIAL","landuse_subcategory":"INDUSTRIAL","scheme_cod":"IND02","investment":5,"employment":18,"plotstatus":"Allotted","landallotementstatus":"SOLD","landallotementtype":"ALLOTTED","allotmentid":"YIND021097","allotment_date":1442255400000,"rate_of_allotment":6100,"lease_deed":"Y","possession":"Y","possession_date":1714588200000,"village_name":"Chakbirampur","khasra_no":"101","longitude":77.60931111000001,"latitude":28.217608770000002,"authority":"YEIDA","category":"industrial","execution_stage":"possession-recorded"}},{"type":"Feature","geometry":{"type":"Polygon","coordinates":[[[77.606628,28.221065],[77.606628,28.22129],[77.606506,28.221291],[77.606506,28.221065],[77.606628,28.221065]]]},"properties":{"objectid":3404,"uniqueplotid":"PLNGINDUSTRIAL3404","plotmap_id":"SECTOR-32_341_GENERAL INDUSTRY_IND","plotidentificationnumber":"341","plotno":"341","industrysector":"SECTOR-32","block":"GENERAL INDUSTRY","plotsize":"300 SQMT","plotsize_at_the_time_of_allotme":"300 SQMT","landuse_type":"INDUSTRIAL","landuse_subcategory":"INDUSTRIAL","scheme_cod":"IND04","investment":5,"employment":18,"plotstatus":"Allotted","landallotementstatus":"SOLD","landallotementtype":"ALLOTTED","allotmentid":"YIND041105","allotment_date":1546972200000,"rate_of_allotment":6405,"lease_deed":"N","possession":"N","village_name":"Chakbirampur","khasra_no":"81","longitude":77.60656695,"latitude":28.22117786,"authority":"YEIDA","category":"industrial","execution_stage":"allotted"}},{"type":"Feature","geometry":{"type":"Polygon","coordinates":[[[77.606128,28.217503],[77.606129,28.217729],[77.606007,28.217729],[77.606006,28.217504],[77.606128,28.217503]]]},"properties":{"objectid":3411,"uniqueplotid":"PLNGINDUSTRIAL3411","plotmap_id":"SECTOR-32_830_GENERAL INDUSTRY_IND","plotidentificationnumber":"830","plotno":"830","industrysector":"SECTOR-32","block":"GENERAL INDUSTRY","plotsize":"300 SQMT","plotsize_at_the_time_of_allotme":"300 SQMT","plot_size_as_per_lease_plan":304.2,"landuse_type":"INDUSTRIAL","landuse_subcategory":"INDUSTRIAL","scheme_cod":"IND06","investment":3,"employment":9,"plotstatus":"Allotted","landallotementstatus":"SOLD","landallotementtype":"ALLOTTED","allotmentid":"YIND061008","allotment_date":1574361000000,"rate_of_allotment":6670,"lease_deed":"Y","possession":"Y","possession_date":1684953000000,"village_name":"Chakbirampur","khasra_no":"147","longitude":77.60606741,"latitude":28.217616380000003,"authority":"YEIDA","category":"industrial","execution_stage":"possession-recorded"}},{"type":"Feature","geometry":{"type":"Polygon","coordinates":[[[77.605653,28.22196],[77.605653,28.222186],[77.605531,28.222186],[77.605531,28.22196],[77.605653,28.22196]]]},"properties":{"objectid":3423,"uniqueplotid":"PLNGINDUSTRIAL3423","plotmap_id":"SECTOR-32_140_GENERAL INDUSTRY_IND","plotidentificationnumber":"140","plotno":"140","industrysector":"SECTOR-32","block":"GENERAL INDUSTRY","plotsize":"300 SQMT","plotsize_at_the_time_of_allotme":"300 SQMT","plot_size_as_per_lease_plan":300,"landuse_type":"INDUSTRIAL","landuse_subcategory":"INDUSTRIAL","scheme_cod":"IND02","investment":5,"employment":18,"plotstatus":"Allotted","landallotementstatus":"SOLD","landallotementtype":"ALLOTTED","allotmentid":"YIND021260","allotment_date":1442255400000,"rate_of_allotment":6100,"lease_deed":"Y","possession":"Y","possession_date":1718303400000,"village_name":"Chakbirampur","khasra_no":"85","longitude":77.60559201000001,"latitude":28.222073050000002,"authority":"YEIDA","category":"industrial","execution_stage":"possession-recorded"}},{"type":"Feature","geometry":{"type":"Polygon","coordinates":[[[77.606019,28.221734],[77.606019,28.221959],[77.605897,28.22196],[77.605896,28.221734],[77.606019,28.221734]]]},"properties":{"objectid":3425,"uniqueplotid":"PLNGINDUSTRIAL3425","plotmap_id":"SECTOR-32_210_GENERAL INDUSTRY_IND","plotidentificationnumber":"210","plotno":"210","industrysector":"SECTOR-32","block":"GENERAL INDUSTRY","plotsize":"300 SQMT","plotsize_at_the_time_of_allotme":"300 SQMT","landuse_type":"INDUSTRIAL","landuse_subcategory":"INDUSTRIAL","scheme_cod":"IND02","investment":5,"employment":18,"plotstatus":"Allotted","landallotementstatus":"SOLD","landallotementtype":"ALLOTTED","allotmentid":"YIND021067","allotment_date":1442255400000,"rate_of_allotment":6100,"lease_deed":"Y","possession":"N","village_name":"Chakbirampur","khasra_no":"85","longitude":77.60595794000001,"latitude":28.22184671,"authority":"YEIDA","category":"industrial","execution_stage":"lease-recorded"}},{"type":"Feature","geometry":{"type":"Polygon","coordinates":[[[77.606161,28.218216],[77.606162,28.218487],[77.606009,28.218487],[77.606008,28.218216],[77.606161,28.218216]]]},"properties":{"objectid":3430,"uniqueplotid":"PLNGINDUSTRIAL3430","plotmap_id":"SECTOR-32_715_GENERAL INDUSTRY_IND","plotidentificationnumber":"715","plotno":"715","industrysector":"SECTOR-32","block":"GENERAL INDUSTRY","plotsize":"450 SQMT","plotsize_at_the_time_of_allotme":"450 SQMT","plot_size_as_per_lease_plan":450,"landuse_type":"INDUSTRIAL","landuse_subcategory":"INDUSTRIAL","scheme_cod":"IND07","investment":3,"employment":10,"plotstatus":"Allotted","landallotementstatus":"SOLD","landallotementtype":"ALLOTTED","allotmentid":"YIND071119","allotment_date":1625077800000,"rate_of_allotment":7010,"lease_deed":"Y","possession":"N","village_name":"Chakbirampur","khasra_no":"90,91,130","longitude":77.6060849,"latitude":28.21835143,"authority":"YEIDA","category":"industrial","execution_stage":"lease-recorded"}},{"type":"Feature","geometry":{"type":"Polygon","coordinates":[[[77.60815,28.217499],[77.608151,28.217724],[77.608028,28.217725],[77.608028,28.217499],[77.60815,28.217499]]]},"properties":{"objectid":3431,"uniqueplotid":"PLNGINDUSTRIAL3431","plotmap_id":"SECTOR-32_844_GENERAL INDUSTRY_IND","plotidentificationnumber":"844","plotno":"844","industrysector":"SECTOR-32","block":"GENERAL INDUSTRY","plotsize":"300 SQMT","plotsize_at_the_time_of_allotme":"300 SQMT","plot_size_as_per_lease_plan":300,"landuse_type":"INDUSTRIAL","landuse_subcategory":"INDUSTRIAL","scheme_cod":"IND04","investment":5,"employment":18,"plotstatus":"Allotted","landallotementstatus":"SOLD","landallotementtype":"ALLOTTED","allotmentid":"YIND041018","allotment_date":1546972200000,"rate_of_allotment":6405,"lease_deed":"Y","possession":"Y","possession_date":1679337000000,"map_sanctioned_from_planning":"Y","units_under_construction":"Y","village_name":"Chakbirampur","khasra_no":"125,121","longitude":77.60808907,"latitude":28.21761163,"authority":"YEIDA","category":"industrial","execution_stage":"construction-or-map-approval"}},{"type":"Feature","geometry":{"type":"Polygon","coordinates":[[[77.607919,28.221955],[77.60792,28.22218],[77.607797,28.222181],[77.607797,28.221955],[77.607919,28.221955]]]},"properties":{"objectid":3433,"uniqueplotid":"PLNGINDUSTRIAL3433","plotmap_id":"SECTOR-32_156_GENERAL INDUSTRY_IND","plotidentificationnumber":"156","plotno":"156","industrysector":"SECTOR-32","block":"GENERAL INDUSTRY","plotsize":"300 SQMT","plotsize_at_the_time_of_allotme":"300 SQMT","landuse_type":"INDUSTRIAL","landuse_subcategory":"INDUSTRIAL","scheme_cod":"IND02","investment":5,"employment":18,"plotstatus":"Allotted","landallotementstatus":"SOLD","landallotementtype":"ALLOTTED","allotmentid":"YIND021052","allotment_date":1442255400000,"rate_of_allotment":6100,"lease_deed":"Y","possession":"Y","possession_date":1702319400000,"village_name":"Chakbirampur","khasra_no":"83","longitude":77.60785806999999,"latitude":28.222067730000003,"authority":"YEIDA","category":"industrial","execution_stage":"possession-recorded"}},{"type":"Feature","geometry":{"type":"Polygon","coordinates":[[[77.610201,28.218964],[77.610202,28.219235],[77.610049,28.219235],[77.610048,28.218964],[77.610201,28.218964]]]},"properties":{"objectid":3434,"uniqueplotid":"PLNGINDUSTRIAL3434","plotmap_id":"SECTOR-32_631_GENERAL INDUSTRY_IND","plotidentificationnumber":"631","plotno":"631","industrysector":"SECTOR-32","block":"GENERAL INDUSTRY","plotsize":"450 SQMT","plotsize_at_the_time_of_allotme":"450 SQMT","landuse_type":"INDUSTRIAL","landuse_subcategory":"INDUSTRIAL","scheme_cod":"IND06","investment":4,"employment":13,"plotstatus":"Allotted","landallotementstatus":"SOLD","landallotementtype":"ALLOTTED","allotmentid":"YIND061249","allotment_date":1574361000000,"rate_of_allotment":6670,"lease_deed":"Y","possession":"Y","possession_date":1650825000000,"village_name":"Chakbirampur","khasra_no":"95","longitude":77.6101252,"latitude":28.21909958,"authority":"YEIDA","category":"industrial","execution_stage":"possession-recorded"}},{"type":"Feature","geometry":{"type":"Polygon","coordinates":[[[77.607427,28.221063],[77.607428,28.221289],[77.607306,28.221289],[77.607305,28.221063],[77.607427,28.221063]]]},"properties":{"objectid":3437,"uniqueplotid":"PLNGINDUSTRIAL3437","plotmap_id":"SECTOR-32_337_GENERAL INDUSTRY_IND","plotidentificationnumber":"337","plotno":"337","industrysector":"SECTOR-32","block":"GENERAL INDUSTRY","plotsize":"300 SQMT","plotsize_at_the_time_of_allotme":"300 SQMT","plot_size_as_per_lease_plan":300,"landuse_type":"INDUSTRIAL","landuse_subcategory":"INDUSTRIAL","scheme_cod":"IND02","investment":5,"employment":18,"plotstatus":"Allotted","landallotementstatus":"SOLD","landallotementtype":"ALLOTTED","allotmentid":"YIND021107","allotment_date":1442255400000,"rate_of_allotment":6100,"lease_deed":"Y","possession":"Y","possession_date":1704997800000,"village_name":"Chakbirampur","khasra_no":"82","longitude":77.60736655999999,"latitude":28.221175979999998,"authority":"YEIDA","category":"industrial","execution_stage":"possession-recorded"}},{"type":"Feature","geometry":{"type":"Polygon","coordinates":[[[77.606318,28.219731],[77.606319,28.220001],[77.606166,28.220002],[77.606165,28.219731],[77.606318,28.219731]]]},"properties":{"objectid":3454,"uniqueplotid":"PLNGINDUSTRIAL3454","plotmap_id":"SECTOR-32_500_GENERAL INDUSTRY_IND","plotidentificationnumber":"500","plotno":"500","industrysector":"SECTOR-32","block":"GENERAL INDUSTRY","plotsize":"450 SQMT","plotsize_at_the_time_of_allotme":"450 SQMT","plot_size_as_per_lease_plan":450,"landuse_type":"INDUSTRIAL","landuse_subcategory":"INDUSTRIAL","scheme_cod":"IND01","investment":3,"employment":12,"plotstatus":"Allotted","landallotementstatus":"SOLD","landallotementtype":"ALLOTTED","allotmentid":"YIND010683","allotment_date":1442255400000,"rate_of_allotment":6100,"lease_deed":"Y","possession":"N","village_name":"Chakbirampur","khasra_no":"89","longitude":77.60624222,"latitude":28.219866319999998,"authority":"YEIDA","category":"industrial","execution_stage":"lease-recorded"}},{"type":"Feature","geometry":{"type":"Polygon","coordinates":[[[77.607452,28.218971],[77.607452,28.219241],[77.6073,28.219241],[77.607299,28.218971],[77.607452,28.218971]]]},"properties":{"objectid":3455,"uniqueplotid":"PLNGINDUSTRIAL3455","plotmap_id":"SECTOR-32_613_GENERAL INDUSTRY_IND","plotidentificationnumber":"613","plotno":"613","industrysector":"SECTOR-32","block":"GENERAL INDUSTRY","plotsize":"450 SQMT","plotsize_at_the_time_of_allotme":"450 SQMT","landuse_type":"INDUSTRIAL","landuse_subcategory":"INDUSTRIAL","scheme_cod":"IND01","investment":3,"employment":12,"plotstatus":"Allotted","landallotementstatus":"SOLD","landallotementtype":"ALLOTTED","allotmentid":"YIND010554","allotment_date":1442255400000,"rate_of_allotment":6100,"lease_deed":"N","possession":"N","village_name":"Chakbirampur","khasra_no":"93,81,80","longitude":77.60737560999999,"latitude":28.219106030000003,"authority":"YEIDA","category":"industrial","execution_stage":"allotted"}},{"type":"Feature","geometry":{"type":"Polygon","coordinates":[[[77.608516,28.217272],[77.608516,28.217498],[77.608394,28.217498],[77.608394,28.217273],[77.608516,28.217272]]]},"properties":{"objectid":3461,"uniqueplotid":"PLNGINDUSTRIAL3461","plotmap_id":"SECTOR-32_878_GENERAL INDUSTRY_IND","plotidentificationnumber":"878","plotno":"878","industrysector":"SECTOR-32","block":"GENERAL INDUSTRY","plotsize":"300 SQMT","plotsize_at_the_time_of_allotme":"300 SQMT","plot_size_as_per_lease_plan":300,"landuse_type":"INDUSTRIAL","landuse_subcategory":"INDUSTRIAL","scheme_cod":"IND02","investment":5,"employment":18,"plotstatus":"Allotted","landallotementstatus":"SOLD","landallotementtype":"ALLOTTED","allotmentid":"YIND021034","allotment_date":1442255400000,"rate_of_allotment":6100,"lease_deed":"Y","possession":"N","village_name":"Chakbirampur","khasra_no":"118,119","longitude":77.608455,"latitude":28.217385280000002,"authority":"YEIDA","category":"industrial","execution_stage":"lease-recorded"}},{"type":"Feature","geometry":{"type":"Polygon","coordinates":[[[77.609129,28.217938],[77.60913,28.218209],[77.608977,28.218209],[77.608976,28.217939],[77.609129,28.217938]]]},"properties":{"objectid":3465,"uniqueplotid":"PLNGINDUSTRIAL3465","plotmap_id":"SECTOR-32_749_GENERAL INDUSTRY_IND","plotidentificationnumber":"749","plotno":"749","industrysector":"SECTOR-32","block":"GENERAL INDUSTRY","plotsize":"450 SQMT","plotsize_at_the_time_of_allotme":"450 SQMT","plot_size_as_per_lease_plan":450,"landuse_type":"INDUSTRIAL","landuse_subcategory":"INDUSTRIAL","scheme_cod":"IND05","investment":4,"employment":13,"plotstatus":"Allotted","landallotementstatus":"SOLD","landallotementtype":"ALLOTTED","allotmentid":"YIND051040","allotment_date":1542565800000,"rate_of_allotment":6405,"lease_deed":"Y","possession":"Y","possession_date":1693852200000,"village_name":"Chakbirampur","khasra_no":"96,122,101","longitude":77.60905281999999,"latitude":28.21807388,"authority":"YEIDA","category":"industrial","execution_stage":"possession-recorded"}},{"type":"Feature","geometry":{"type":"Polygon","coordinates":[[[77.609286,28.219453],[77.609287,28.219724],[77.609134,28.219724],[77.609133,28.219454],[77.609286,28.219453]]]},"properties":{"objectid":3467,"uniqueplotid":"PLNGINDUSTRIAL3467","plotmap_id":"SECTOR-32_532_GENERAL INDUSTRY_IND","plotidentificationnumber":"532","plotno":"532","industrysector":"SECTOR-32","block":"GENERAL INDUSTRY","plotsize":"450 SQMT","plotsize_at_the_time_of_allotme":"450 SQMT","plot_size_as_per_lease_plan":450,"landuse_type":"INDUSTRIAL","landuse_subcategory":"INDUSTRIAL","scheme_cod":"IND06","investment":4,"employment":13,"plotstatus":"Allotted","landallotementstatus":"SOLD","landallotementtype":"ALLOTTED","allotmentid":"YIND061248","allotment_date":1574361000000,"rate_of_allotment":6670,"lease_deed":"Y","possession":"Y","possession_date":1728412200000,"village_name":"Chakbirampur","khasra_no":"95","longitude":77.60921014,"latitude":28.21958877,"authority":"YEIDA","category":"industrial","execution_stage":"possession-recorded"}},{"type":"Feature","geometry":{"type":"Polygon","coordinates":[[[77.608027,28.217274],[77.608028,28.217499],[77.607905,28.217499],[77.607905,28.217274],[77.608027,28.217274]]]},"properties":{"objectid":3469,"uniqueplotid":"PLNGINDUSTRIAL3469","plotmap_id":"SECTOR-32_882_GENERAL INDUSTRY_IND","plotidentificationnumber":"882","plotno":"882","industrysector":"SECTOR-32","block":"GENERAL INDUSTRY","plotsize":"300 SQMT","plotsize_at_the_time_of_allotme":"300 SQMT","plot_size_as_per_lease_plan":300,"landuse_type":"INDUSTRIAL","landuse_subcategory":"INDUSTRIAL","scheme_cod":"IND04","investment":5,"employment":18,"plotstatus":"Allotted","landallotementstatus":"SOLD","landallotementtype":"ALLOTTED","allotmentid":"YIND041027","allotment_date":1546972200000,"rate_of_allotment":6405,"lease_deed":"Y","possession":"N","village_name":"Chakbirampur","khasra_no":"125,117","longitude":77.60796619,"latitude":28.21738643,"authority":"YEIDA","category":"industrial","execution_stage":"lease-recorded"}},{"type":"Feature","geometry":{"type":"Polygon","coordinates":[[[77.609034,28.220212],[77.609035,28.220527],[77.608862,28.220528],[77.608861,28.220212],[77.609034,28.220212]]]},"properties":{"objectid":3472,"uniqueplotid":"PLNGINDUSTRIAL3472","plotmap_id":"SECTOR-32_431_GENERAL INDUSTRY_IND","plotidentificationnumber":"431","plotno":"431","industrysector":"SECTOR-32","block":"GENERAL INDUSTRY","plotsize":"595 SQMT","plotsize_at_the_time_of_allotme":"595 SQMT","landuse_type":"INDUSTRIAL","landuse_subcategory":"INDUSTRIAL","scheme_cod":"IND06","investment":5,"employment":17,"plotstatus":"Allotted","landallotementstatus":"SOLD","landallotementtype":"ALLOTTED","allotmentid":"YIND061346","allotment_date":1574361000000,"rate_of_allotment":6670,"lease_deed":"Y","possession":"Y","possession_date":1698604200000,"village_name":"Chakbirampur","khasra_no":"80,75,94,82","longitude":77.60894771000001,"latitude":28.22036956,"authority":"YEIDA","category":"industrial","execution_stage":"possession-recorded"}},{"type":"Feature","geometry":{"type":"Polygon","coordinates":[[[77.606494,28.217277],[77.606495,28.217503],[77.606373,28.217503],[77.606372,28.217277],[77.606494,28.217277]]]},"properties":{"objectid":3473,"uniqueplotid":"PLNGINDUSTRIAL3473","plotmap_id":"SECTOR-32_892_GENERAL INDUSTRY_IND","plotidentificationnumber":"892","plotno":"892","industrysector":"SECTOR-32","block":"GENERAL INDUSTRY","plotsize":"300 SQMT","plotsize_at_the_time_of_allotme":"300 SQMT","plot_size_as_per_lease_plan":300,"landuse_type":"INDUSTRIAL","landuse_subcategory":"INDUSTRIAL","scheme_cod":"IND06","investment":3,"employment":9,"plotstatus":"Allotted","landallotementstatus":"SOLD","landallotementtype":"ALLOTTED","allotmentid":"YIND061029","allotment_date":1574361000000,"rate_of_allotment":6670,"lease_deed":"Y","possession":"Y","possession_date":1681151400000,"village_name":"Chakbirampur","khasra_no":"147,129","longitude":77.60643334999999,"latitude":28.21739003,"authority":"YEIDA","category":"industrial","execution_stage":"possession-recorded"}},{"type":"Feature","geometry":{"type":"Polygon","coordinates":[[[77.607912,28.219727],[77.607913,28.219998],[77.60776,28.219998],[77.607759,28.219727],[77.607912,28.219727]]]},"properties":{"objectid":3474,"uniqueplotid":"PLNGINDUSTRIAL3474","plotmap_id":"SECTOR-32_508_GENERAL INDUSTRY_IND","plotidentificationnumber":"508","plotno":"508","industrysector":"SECTOR-32","block":"GENERAL INDUSTRY","plotsize":"450 SQMT","plotsize_at_the_time_of_allotme":"450 SQMT","landuse_type":"INDUSTRIAL","landuse_subcategory":"INDUSTRIAL","scheme_cod":"IND06","investment":4,"employment":13,"plotstatus":"Allotted","landallotementstatus":"SOLD","landallotementtype":"ALLOTTED","allotmentid":"YIND061257","allotment_date":1574361000000,"rate_of_allotment":6670,"lease_deed":"Y","possession":"Y","possession_date":1640197800000,"village_name":"Chakbirampur","khasra_no":"81","longitude":77.60783615999999,"latitude":28.21986257,"authority":"YEIDA","category":"industrial","execution_stage":"possession-recorded"}},{"type":"Feature","geometry":{"type":"Polygon","coordinates":[[[77.608285,28.221954],[77.608286,28.222179],[77.608164,28.22218],[77.608163,28.221954],[77.608285,28.221954]]]},"properties":{"objectid":3479,"uniqueplotid":"PLNGINDUSTRIAL3479","plotmap_id":"SECTOR-32_159_GENERAL INDUSTRY_IND","plotidentificationnumber":"159","plotno":"159","industrysector":"SECTOR-32","block":"GENERAL INDUSTRY","plotsize":"300 SQMT","plotsize_at_the_time_of_allotme":"300 SQMT","plot_size_as_per_lease_plan":300,"landuse_type":"INDUSTRIAL","landuse_subcategory":"INDUSTRIAL","scheme_cod":"IND04","investment":5,"employment":18,"plotstatus":"Allotted","landallotementstatus":"SOLD","landallotementtype":"ALLOTTED","allotmentid":"YIND041013","allotment_date":1546972200000,"rate_of_allotment":6405,"lease_deed":"Y","possession":"N","village_name":"Chakbirampur","khasra_no":"83","longitude":77.60822467999999,"latitude":28.222066870000003,"authority":"YEIDA","category":"industrial","execution_stage":"lease-recorded"}},{"type":"Feature","geometry":{"type":"Polygon","coordinates":[[[77.606773,28.218485],[77.60662,28.218485],[77.606619,28.218215],[77.606772,28.218215],[77.606773,28.218485]]]},"properties":{"objectid":3480,"uniqueplotid":"PLNGINDUSTRIAL3480","plotmap_id":"SECTOR-32_719_GENERAL INDUSTRY_IND","plotidentificationnumber":"719","plotno":"719","industrysector":"SECTOR-32","block":"GENERAL INDUSTRY","plotsize":"450 SQMT","plotsize_at_the_time_of_allotme":"450 SQMT","plot_size_as_per_lease_plan":450,"landuse_type":"INDUSTRIAL","landuse_subcategory":"INDUSTRIAL","scheme_cod":"IND03","investment":4,"employment":13,"plotstatus":"Allotted","landallotementstatus":"SOLD","landallotementtype":"ALLOTTED","allotmentid":"YIND031023","allotment_date":1483381800000,"rate_of_allotment":6405,"lease_deed":"Y","possession":"Y","possession_date":1731436200000,"village_name":"Chakbirampur","khasra_no":"93","longitude":77.60669166,"latitude":28.218342489999998,"authority":"YEIDA","category":"industrial","execution_stage":"possession-recorded"}}]}
