{"type":"FeatureCollection","features":[{"type":"Feature","geometry":{"type":"Polygon","coordinates":[[[77.592803,28.22813],[77.59219,28.228132],[77.592183,28.225951],[77.592796,28.225899],[77.596309,28.225894],[77.596318,28.228122],[77.592803,28.22813]]]},"properties":{"objectid":225,"uniqueplotid":"PLNGINDUSTRIAL225","plotmap_id":"SECTOR-28_226_GENERAL INDUSTRY_IND","plotidentificationnumber":"226","plotno":"226","industrysector":"SECTOR-28","block":"GENERAL INDUSTRY","plotsize":"100000 SQMT","plotsize_at_the_time_of_allotme":"100000 SQMT","landuse_type":"INDUSTRIAL","landuse_subcategory":"INDUSTRIAL","scheme_cod":"INDOPEN","investment":500,"employment":1000,"plotstatus":"Allotted","landallotementstatus":"SOLD","landallotementtype":"ALLOTTED","allotmentid":"INDOPEN00034","allotment_date":1572978600000,"rate_of_allotment":4439.2,"lease_deed":"N","possession":"N","village_name":"Muradgarhi,Rabupura","khasra_no":"2327,2335,2328,2330,2259,2258,2311,2312,2326,2325,2316,2321,2313,2315,2314,2260,2323,2262,2263,2329,2333,2267/1,2267/2,2267M,2324/1,2324/2,2261/1,2261/2,2309/2,2309/1,2310,2320,2266,2264,436,437,520,433,425,427,431,434,435,438,432,522","longitude":77.59425141,"latitude":28.22701338,"authority":"YEIDA","category":"industrial","execution_stage":"allotted"}},{"type":"Feature","geometry":{"type":"Polygon","coordinates":[[[77.59652,28.21939],[77.59654,28.221903],[77.593244,28.221927],[77.593203,28.217635],[77.596499,28.21761],[77.59652,28.21939]]]},"properties":{"objectid":987,"uniqueplotid":"PLNGINDUSTRIAL987","plotmap_id":"SECTOR-29_A-119/1_GENERAL INDUSTRY_IND","plotidentificationnumber":"A-119/1","plotno":"A-119/1","industrysector":"SECTOR-29","block":"GENERAL INDUSTRY","plotsize":"38 ACRES","plotsize_at_the_time_of_allotme":"38 ACRES","plot_size_as_per_lease_plan":154081.2,"landuse_type":"INDUSTRIAL","landuse_subcategory":"INDUSTRIAL","investment":829,"employment":2901,"plotstatus":"Allotted","landallotementstatus":"SOLD","landallotementtype":"ALLOTTED","allotmentid":"INDOPEN00067","allotment_date":1598466600000,"rate_of_allotment":4302.52,"lease_deed":"Y","lease_deed_date":1625509800000,"possession":"Y","possession_date":1634322600000,"map_sanctioned_from_planning":"Y","units_under_production":"Y","village_name":"Tirthali,Muradgarhi","khasra_no":"579,588,590,586,587,600,597,595,596,594,592,593,585,598,589,591,578,577,599,584,572,574,576,575,573,543,530,529,531,539","longitude":77.5946496,"latitude":28.21980937,"authority":"YEIDA","category":"industrial","execution_stage":"functional-evidence"}},{"type":"Feature","geometry":{"type":"Polygon","coordinates":[[[77.596544,28.224549],[77.593025,28.224555],[77.592997,28.22193],[77.59654,28.221903],[77.596558,28.224325],[77.596558,28.224549],[77.596544,28.224549]]]},"properties":{"objectid":999,"uniqueplotid":"PLNGINDUSTRIAL999","plotmap_id":"SECTOR-29_103B_GENERAL INDUSTRY_IND","plotidentificationnumber":"103B","plotno":"103B","industrysector":"SECTOR-29","block":"GENERAL INDUSTRY","plotsize":"101171 SQMT","plotsize_at_the_time_of_allotme":"101171 SQMT","plot_size_as_per_lease_plan":101312,"landuse_type":"INDUSTRIAL","landuse_subcategory":"INDUSTRIAL","scheme_cod":"INDOPEN","investment":125,"employment":250,"plotstatus":"Allotted","landallotementstatus":"SOLD","landallotementtype":"ALLOTTED","allotmentid":"INDOPEN00024","allotment_date":1568313000000,"rate_of_allotment":4433.18,"lease_deed":"Y","lease_deed_date":1634495400000,"possession":"Y","possession_date":1647282600000,"map_sanctioned_from_planning":"Y","functional_certificate_obtain":"Y","functional_certificate_date":1730140200000,"units_under_production":"Y","village_name":"Tirthali,Muradgarhi,Rabupura","khasra_no":"572,574,573,571,530,524,525,534,527,526,529,533,531,523,538,532,521,528,537,2378,2319,2377,2267/1,2267/2,2267M","longitude":77.59461077,"latitude":28.22322323,"authority":"YEIDA","category":"industrial","execution_stage":"functional-evidence"}},{"type":"Feature","geometry":{"type":"Polygon","coordinates":[[[77.592997,28.22193],[77.592849,28.221931],[77.592838,28.220777],[77.593233,28.220774],[77.593244,28.221927],[77.592997,28.22193]]]},"properties":{"objectid":1017,"uniqueplotid":"PLNGINDUSTRIAL1017","plotmap_id":"SECTOR-29_A-118_APPAREL PARK_IND","plotidentificationnumber":"A-118","plotno":"A-118","industrysector":"SECTOR-29","block":"APPAREL PARK","plotsize":"5000 SQMT","landuse_type":"INDUSTRIAL","landuse_subcategory":"INDUSTRIAL","investment":0,"employment":0,"landallotementstatus":"VACANT","landallotementtype":"VACANT","village_name":"Tirthali","khasra_no":"577,572,574,576,575","longitude":77.59303803,"latitude":28.22139266,"authority":"YEIDA","category":"industrial","execution_stage":"vacant"}},{"type":"Feature","geometry":{"type":"Polygon","coordinates":[[[77.599395,28.230319],[77.598774,28.230321],[77.598773,28.230032],[77.599394,28.230031],[77.599395,28.230319]]]},"properties":{"objectid":1356,"uniqueplotid":"PLNGINDUSTRIAL1356","plotmap_id":"SECTOR-33_161_TOY PARK_IND","plotidentificationnumber":"161","plotno":"161","industrysector":"SECTOR-33","block":"TOY PARK","plotsize":"1952 SQMT","plotsize_at_the_time_of_allotme":"1952 SQMT","landuse_type":"INDUSTRIAL","landuse_subcategory":"INDUSTRIAL","scheme_cod":"INDTOY","investment":16,"employment":57,"plotstatus":"Allotted","landallotementstatus":"SOLD","landallotementtype":"ALLOTTED","nature_of_allottee":"LLP","allotmentid":"YINDTC1092","allotment_date":1602786600000,"rate_of_allotment":6670,"lease_deed":"Y","lease_deed_date":1706034600000,"possession":"Y","possession_date":1727116200000,"map_sanctioned_from_planning":"N","units_under_construction":"N","completion":"N","village_name":"Muradgarhi","khasra_no":"403,408","longitude":77.59908390000001,"latitude":28.23017564,"authority":"YEIDA","category":"industrial","execution_stage":"possession-recorded"}},{"type":"Feature","geometry":{"type":"Polygon","coordinates":[[[77.599394,28.230031],[77.598773,28.230032],[77.598772,28.229743],[77.599393,28.229742],[77.599394,28.230031]]]},"properties":{"objectid":1357,"uniqueplotid":"PLNGINDUSTRIAL1357","plotmap_id":"SECTOR-33_160_TOY PARK_IND","plotidentificationnumber":"160","plotno":"160","industrysector":"SECTOR-33","block":"TOY PARK","plotsize":"1952 SQMT","plotsize_at_the_time_of_allotme":"1952 SQMT","plot_size_as_per_lease_plan":1952,"landuse_type":"INDUSTRIAL","landuse_subcategory":"INDUSTRIAL","scheme_cod":"IND07","investment":12,"employment":43,"plotstatus":"Allotted","landallotementstatus":"SOLD","landallotementtype":"ALLOTTED","allotmentid":"YIND071358","allotment_date":1625077800000,"rate_of_allotment":7010,"lease_deed":"Y","lease_deed_date":1719513000000,"possession":"N","map_sanctioned_from_planning":"N","units_under_construction":"N","completion":"N","village_name":"Muradgarhi","khasra_no":"403,408","longitude":77.59908297,"latitude":28.229887010000002,"authority":"YEIDA","category":"industrial","execution_stage":"lease-recorded"}},{"type":"Feature","geometry":{"type":"Polygon","coordinates":[[[77.599393,28.229742],[77.598772,28.229743],[77.598771,28.229455],[77.599392,28.229453],[77.599393,28.229742]]]},"properties":{"objectid":1358,"uniqueplotid":"PLNGINDUSTRIAL1358","plotmap_id":"SECTOR-33_159_TOY PARK_IND","plotidentificationnumber":"159","plotno":"159","industrysector":"SECTOR-33","block":"TOY PARK","plotsize":"1952 SQMT","plotsize_at_the_time_of_allotme":"1952 SQMT","plot_size_as_per_lease_plan":1952,"landuse_type":"INDUSTRIAL","landuse_subcategory":"INDUSTRIAL","scheme_cod":"INDTOY","investment":16,"employment":57,"plotstatus":"Allotted","landallotementstatus":"SOLD","landallotementtype":"ALLOTTED","allotmentid":"YINDTC1094","allotment_date":1602786600000,"rate_of_allotment":6670,"lease_deed":"Y","lease_deed_date":1704997800000,"possession":"N","map_sanctioned_from_planning":"N","units_under_construction":"N","completion":"N","village_name":"Muradgarhi","khasra_no":"408,409,414","longitude":77.59908205,"latitude":28.229598380000002,"authority":"YEIDA","category":"industrial","execution_stage":"lease-recorded"}},{"type":"Feature","geometry":{"type":"Polygon","coordinates":[[[77.599392,28.229453],[77.598771,28.229455],[77.59877,28.229166],[77.599391,28.229165],[77.599392,28.229453]]]},"properties":{"objectid":1359,"uniqueplotid":"PLNGINDUSTRIAL1359","plotmap_id":"SECTOR-33_158_TOY PARK_IND","plotidentificationnumber":"158","plotno":"158","industrysector":"SECTOR-33","block":"TOY PARK","plotsize":"1952 SQMT","plotsize_at_the_time_of_allotme":"1952 SQMT","plot_size_as_per_lease_plan":1952,"landuse_type":"INDUSTRIAL","landuse_subcategory":"INDUSTRIAL","scheme_cod":"INDTOY","investment":16,"employment":57,"plotstatus":"Allotted","landallotementstatus":"SOLD","landallotementtype":"ALLOTTED","nature_of_allottee":"PVT.LTD","allotmentid":"YINDTC1093","allotment_date":1602786600000,"rate_of_allotment":6670,"lease_deed":"Y","lease_deed_date":1690223400000,"possession":"Y","possession_date":1694629800000,"map_sanctioned_from_planning":"N","units_under_construction":"N","completion":"N","village_name":"Muradgarhi","khasra_no":"413,408,409,414","longitude":77.59908112000001,"latitude":28.22930975,"authority":"YEIDA","category":"industrial","execution_stage":"possession-recorded"}},{"type":"Feature","geometry":{"type":"Polygon","coordinates":[[[77.599391,28.229165],[77.59877,28.229166],[77.598769,28.228878],[77.59939,28.228876],[77.599391,28.229165]]]},"properties":{"objectid":1360,"uniqueplotid":"PLNGINDUSTRIAL1360","plotmap_id":"SECTOR-33_157_TOY PARK_IND","plotidentificationnumber":"157","plotno":"157","industrysector":"SECTOR-33","block":"TOY PARK","plotsize":"1952 SQMT","plotsize_at_the_time_of_allotme":"1952 SQMT","plot_size_as_per_lease_plan":1952,"landuse_type":"INDUSTRIAL","landuse_subcategory":"INDUSTRIAL","scheme_cod":"INDTOY","investment":16,"employment":57,"plotstatus":"Allotted","landallotementstatus":"SOLD","landallotementtype":"ALLOTTED","allotmentid":"YINDTC1100","allotment_date":1602786600000,"rate_of_allotment":6670,"lease_deed":"Y","lease_deed_date":1692556200000,"possession":"N","map_sanctioned_from_planning":"N","units_under_construction":"N","completion":"N","village_name":"Muradgarhi","khasra_no":"413,414","longitude":77.5990802,"latitude":28.22902112,"authority":"YEIDA","category":"industrial","execution_stage":"lease-recorded"}},{"type":"Feature","geometry":{"type":"Polygon","coordinates":[[[77.59939,28.228876],[77.598769,28.228878],[77.598768,28.228589],[77.599389,28.228587],[77.59939,28.228876]]]},"properties":{"objectid":1361,"uniqueplotid":"PLNGINDUSTRIAL1361","plotmap_id":"SECTOR-33_156_TOY PARK_IND","plotidentificationnumber":"156","plotno":"156","industrysector":"SECTOR-33","block":"TOY PARK","plotsize":"1952 SQMT","plotsize_at_the_time_of_allotme":"1952 SQMT","plot_size_as_per_lease_plan":1952,"landuse_type":"INDUSTRIAL","landuse_subcategory":"INDUSTRIAL","scheme_cod":"INDTOY","investment":16,"employment":57,"plotstatus":"Allotted","landallotementstatus":"SOLD","landallotementtype":"ALLOTTED","allotmentid":"YINDTC1089","allotment_date":1602786600000,"rate_of_allotment":6670,"lease_deed":"Y","lease_deed_date":1691605800000,"possession":"Y","possession_date":1709145000000,"map_sanctioned_from_planning":"Y","units_under_construction":"N","completion":"N","village_name":"Muradgarhi","khasra_no":"413,412,414","longitude":77.59907927,"latitude":28.22873249,"authority":"YEIDA","category":"industrial","execution_stage":"construction-or-map-approval"}},{"type":"Feature","geometry":{"type":"Polygon","coordinates":[[[77.599389,28.228587],[77.598768,28.228589],[77.598767,28.2283],[77.599388,28.228299],[77.599389,28.228587]]]},"properties":{"objectid":1362,"uniqueplotid":"PLNGINDUSTRIAL1362","plotmap_id":"SECTOR-33_155_TOY PARK_IND","plotidentificationnumber":"155","plotno":"155","industrysector":"SECTOR-33","block":"TOY PARK","plotsize":"1952 SQMT","plotsize_at_the_time_of_allotme":"1952 SQMT","landuse_type":"INDUSTRIAL","landuse_subcategory":"INDUSTRIAL","scheme_cod":"INDTOY","investment":16,"employment":57,"plotstatus":"Allotted","landallotementstatus":"SOLD","landallotementtype":"ALLOTTED","allotmentid":"YINDTC1095","allotment_date":1602786600000,"rate_of_allotment":6670,"lease_deed":"N","possession":"N","map_sanctioned_from_planning":"N","units_under_construction":"N","completion":"N","village_name":"Muradgarhi","khasra_no":"413,412,421,420","longitude":77.59907835,"latitude":28.228443860000002,"authority":"YEIDA","category":"industrial","execution_stage":"allotted"}},{"type":"Feature","geometry":{"type":"Polygon","coordinates":[[[77.599388,28.228299],[77.598767,28.2283],[77.598766,28.228012],[77.599388,28.22801],[77.599388,28.228299]]]},"properties":{"objectid":1363,"uniqueplotid":"PLNGINDUSTRIAL1363","plotmap_id":"SECTOR-33_154_TOY PARK_IND","plotidentificationnumber":"154","plotno":"154","industrysector":"SECTOR-33","block":"TOY PARK","plotsize":"1952 SQMT","plotsize_at_the_time_of_allotme":"1952 SQMT","landuse_type":"INDUSTRIAL","landuse_subcategory":"INDUSTRIAL","scheme_cod":"INDTOY","investment":16,"employment":57,"plotstatus":"Allotted","landallotementstatus":"SOLD","landallotementtype":"ALLOTTED","allotmentid":"YINDTC1084","allotment_date":1602786600000,"rate_of_allotment":6670,"lease_deed":"N","possession":"N","map_sanctioned_from_planning":"N","units_under_construction":"N","completion":"N","village_name":"Muradgarhi","khasra_no":"412,421,420","longitude":77.59907743000001,"latitude":28.22815522,"authority":"YEIDA","category":"industrial","execution_stage":"allotted"}},{"type":"Feature","geometry":{"type":"Polygon","coordinates":[[[77.599388,28.22801],[77.598766,28.228012],[77.598765,28.227736],[77.599387,28.227735],[77.599388,28.22801]]]},"properties":{"objectid":1364,"uniqueplotid":"PLNGINDUSTRIAL1364","plotmap_id":"SECTOR-33_153_TOY PARK_IND","plotidentificationnumber":"153","plotno":"153","industrysector":"SECTOR-33","block":"TOY PARK","plotsize":"1952 SQMT","plotsize_at_the_time_of_allotme":"1952 SQMT","landuse_type":"INDUSTRIAL","landuse_subcategory":"INDUSTRIAL","scheme_cod":"INDTOY","investment":16,"employment":57,"plotstatus":"Allotted","landallotementstatus":"SOLD","landallotementtype":"ALLOTTED","nature_of_allottee":"PVT.LTD","allotmentid":"YINDTC1086","allotment_date":1602786600000,"rate_of_allotment":6670,"lease_deed":"N","possession":"N","map_sanctioned_from_planning":"N","units_under_construction":"N","completion":"N","village_name":"Muradgarhi","khasra_no":"422,421,423,420","longitude":77.59903754,"latitude":28.227865519999998,"authority":"YEIDA","category":"industrial","execution_stage":"allotted"}},{"type":"Feature","geometry":{"type":"Polygon","coordinates":[[[77.600016,28.230318],[77.599395,28.230319],[77.599394,28.230031],[77.600015,28.230029],[77.600016,28.230318]]]},"properties":{"objectid":1367,"uniqueplotid":"PLNGINDUSTRIAL1367","plotmap_id":"SECTOR-33_166_TOY PARK_IND","plotidentificationnumber":"166","plotno":"166","industrysector":"SECTOR-33","block":"TOY PARK","plotsize":"1952 SQMT","plotsize_at_the_time_of_allotme":"1952 SQMT","landuse_type":"INDUSTRIAL","landuse_subcategory":"INDUSTRIAL","scheme_cod":"INDTOY","investment":16,"employment":57,"plotstatus":"Allotted","landallotementstatus":"SOLD","landallotementtype":"ALLOTTED","nature_of_allottee":"LLP","allotmentid":"YINDTC1099","allotment_date":1602786600000,"rate_of_allotment":6670,"lease_deed":"Y","lease_deed_date":1677522600000,"possession":"N","map_sanctioned_from_planning":"N","units_under_construction":"N","completion":"N","village_name":"Muradgarhi","khasra_no":"403,407","longitude":77.59970498999999,"latitude":28.23017414,"authority":"YEIDA","category":"industrial","execution_stage":"lease-recorded"}},{"type":"Feature","geometry":{"type":"Polygon","coordinates":[[[77.599393,28.229742],[77.600014,28.22974],[77.600015,28.230029],[77.599394,28.230031],[77.599393,28.229742]]]},"properties":{"objectid":1368,"uniqueplotid":"PLNGINDUSTRIAL1368","plotmap_id":"SECTOR-33_167_TOY PARK_IND","plotidentificationnumber":"167","plotno":"167","industrysector":"SECTOR-33","block":"TOY PARK","plotsize":"1952 SQMT","plotsize_at_the_time_of_allotme":"1952 SQMT","landuse_type":"INDUSTRIAL","landuse_subcategory":"INDUSTRIAL","scheme_cod":"INDTOY","investment":16,"employment":57,"plotstatus":"Allotted","landallotementstatus":"SOLD","landallotementtype":"ALLOTTED","allotmentid":"YINDTC1097","allotment_date":1602786600000,"rate_of_allotment":6670,"lease_deed":"Y","lease_deed_date":1677004200000,"possession":"Y","possession_date":1713378600000,"map_sanctioned_from_planning":"N","units_under_construction":"N","completion":"N","village_name":"Muradgarhi","khasra_no":"403,408,407","longitude":77.59970409,"latitude":28.229885510000003,"authority":"YEIDA","category":"industrial","execution_stage":"possession-recorded"}},{"type":"Feature","geometry":{"type":"Polygon","coordinates":[[[77.599392,28.229453],[77.600013,28.229452],[77.600014,28.22974],[77.599393,28.229742],[77.599392,28.229453]]]},"properties":{"objectid":1369,"uniqueplotid":"PLNGINDUSTRIAL1369","plotmap_id":"SECTOR-33_168_TOY PARK_IND","plotidentificationnumber":"168","plotno":"168","industrysector":"SECTOR-33","block":"TOY PARK","plotsize":"1952 SQMT","plotsize_at_the_time_of_allotme":"1952 SQMT","landuse_type":"INDUSTRIAL","landuse_subcategory":"INDUSTRIAL","scheme_cod":"IND07","investment":12,"employment":43,"plotstatus":"Allotted","landallotementstatus":"SOLD","landallotementtype":"ALLOTTED","allotmentid":"YIND071359","allotment_date":1625077800000,"rate_of_allotment":7010,"lease_deed":"Y","lease_deed_date":1677522600000,"possession":"N","map_sanctioned_from_planning":"N","units_under_construction":"N","completion":"N","village_name":"Muradgarhi","khasra_no":"408,407","longitude":77.59970317999999,"latitude":28.229596880000003,"authority":"YEIDA","category":"industrial","execution_stage":"lease-recorded"}},{"type":"Feature","geometry":{"type":"Polygon","coordinates":[[[77.599391,28.229165],[77.600012,28.229163],[77.600013,28.229452],[77.599392,28.229453],[77.599391,28.229165]]]},"properties":{"objectid":1370,"uniqueplotid":"PLNGINDUSTRIAL1370","plotmap_id":"SECTOR-33_169_TOY PARK_IND","plotidentificationnumber":"169","plotno":"169","industrysector":"SECTOR-33","block":"TOY PARK","plotsize":"1952 SQMT","plotsize_at_the_time_of_allotme":"1952 SQMT","landuse_type":"INDUSTRIAL","landuse_subcategory":"INDUSTRIAL","scheme_cod":"INDTOY","investment":16,"employment":57,"plotstatus":"Allotted","landallotementstatus":"SOLD","landallotementtype":"ALLOTTED","nature_of_allottee":"PVT.LTD","allotmentid":"YINDTC1101","allotment_date":1602786600000,"rate_of_allotment":6670,"lease_deed":"Y","lease_deed_date":1677522600000,"possession":"N","map_sanctioned_from_planning":"N","units_under_construction":"N","completion":"N","village_name":"Muradgarhi","khasra_no":"413,408,409","longitude":77.59970227,"latitude":28.22930825,"authority":"YEIDA","category":"industrial","execution_stage":"lease-recorded"}},{"type":"Feature","geometry":{"type":"Polygon","coordinates":[[[77.59939,28.228876],[77.600012,28.228875],[77.600012,28.229163],[77.599391,28.229165],[77.59939,28.228876]]]},"properties":{"objectid":1371,"uniqueplotid":"PLNGINDUSTRIAL1371","plotmap_id":"SECTOR-33_170_TOY PARK_IND","plotidentificationnumber":"170","plotno":"170","industrysector":"SECTOR-33","block":"TOY PARK","plotsize":"1952 SQMT","plotsize_at_the_time_of_allotme":"1952 SQMT","plot_size_as_per_lease_plan":1952,"landuse_type":"INDUSTRIAL","landuse_subcategory":"INDUSTRIAL","scheme_cod":"IND07","investment":12,"employment":43,"plotstatus":"Allotted","landallotementstatus":"SOLD","landallotementtype":"ALLOTTED","allotmentid":"YIND071357","allotment_date":1625077800000,"rate_of_allotment":7010,"lease_deed":"Y","lease_deed_date":1690569000000,"possession":"N","map_sanctioned_from_planning":"N","units_under_construction":"N","completion":"N","village_name":"Muradgarhi","khasra_no":"413,412,408,409","longitude":77.59970136,"latitude":28.22901962,"authority":"YEIDA","category":"industrial","execution_stage":"lease-recorded"}},{"type":"Feature","geometry":{"type":"Polygon","coordinates":[[[77.599389,28.228587],[77.600011,28.228586],[77.600012,28.228875],[77.59939,28.228876],[77.599389,28.228587]]]},"properties":{"objectid":1372,"uniqueplotid":"PLNGINDUSTRIAL1372","plotmap_id":"SECTOR-33_171_TOY PARK_IND","plotidentificationnumber":"171","plotno":"171","industrysector":"SECTOR-33","block":"TOY PARK","plotsize":"1952 SQMT","plotsize_at_the_time_of_allotme":"1952 SQMT","plot_size_as_per_lease_plan":1952,"landuse_type":"INDUSTRIAL","landuse_subcategory":"INDUSTRIAL","scheme_cod":"INDTOY","investment":16,"employment":57,"plotstatus":"Allotted","landallotementstatus":"SOLD","landallotementtype":"ALLOTTED","nature_of_allottee":"PVT.LTD","allotmentid":"YINDTC1090","allotment_date":1602786600000,"rate_of_allotment":6670,"lease_deed":"Y","lease_deed_date":1698949800000,"possession":"Y","possession_date":1686508200000,"map_sanctioned_from_planning":"N","units_under_construction":"N","completion":"N","village_name":"Muradgarhi","khasra_no":"411,413,412","longitude":77.59970045,"latitude":28.22873099,"authority":"YEIDA","category":"industrial","execution_stage":"possession-recorded"}},{"type":"Feature","geometry":{"type":"Polygon","coordinates":[[[77.599388,28.228299],[77.60001,28.228297],[77.600011,28.228586],[77.599389,28.228587],[77.599388,28.228299]]]},"properties":{"objectid":1375,"uniqueplotid":"PLNGINDUSTRIAL1375","plotmap_id":"SECTOR-33_172_TOY PARK_IND","plotidentificationnumber":"172","plotno":"172","industrysector":"SECTOR-33","block":"TOY PARK","plotsize":"1952 SQMT","plotsize_at_the_time_of_allotme":"1952 SQMT","plot_size_as_per_lease_plan":1952,"landuse_type":"INDUSTRIAL","landuse_subcategory":"INDUSTRIAL","scheme_cod":"INDTOY","investment":16,"employment":57,"plotstatus":"Allotted","landallotementstatus":"SOLD","landallotementtype":"ALLOTTED","allotmentid":"YINDTC1098","allotment_date":1602786600000,"rate_of_allotment":6670,"lease_deed":"Y","lease_deed_date":1726770600000,"possession":"N","map_sanctioned_from_planning":"N","units_under_construction":"N","completion":"N","village_name":"Muradgarhi","khasra_no":"411,412","longitude":77.59969955,"latitude":28.22844236,"authority":"YEIDA","category":"industrial","execution_stage":"lease-recorded"}},{"type":"Feature","geometry":{"type":"Polygon","coordinates":[[[77.599388,28.22801],[77.600009,28.228009],[77.60001,28.228297],[77.599388,28.228299],[77.599388,28.22801]]]},"properties":{"objectid":1376,"uniqueplotid":"PLNGINDUSTRIAL1376","plotmap_id":"SECTOR-33_173_TOY PARK_IND","plotidentificationnumber":"173","plotno":"173","industrysector":"SECTOR-33","block":"TOY PARK","plotsize":"1952 SQMT","plotsize_at_the_time_of_allotme":"1952 SQMT","plot_size_as_per_lease_plan":1952,"landuse_type":"INDUSTRIAL","landuse_subcategory":"INDUSTRIAL","scheme_cod":"INDTOY","investment":16,"employment":57,"plotstatus":"Allotted","landallotementstatus":"SOLD","landallotementtype":"ALLOTTED","allotmentid":"YINDTC1091","allotment_date":1602786600000,"rate_of_allotment":6670,"lease_deed":"Y","lease_deed_date":1718908200000,"possession":"N","map_sanctioned_from_planning":"N","units_under_construction":"N","completion":"N","village_name":"Muradgarhi","khasra_no":"411,412,421,423","longitude":77.59969864,"latitude":28.22815372,"authority":"YEIDA","category":"industrial","execution_stage":"lease-recorded"}},{"type":"Feature","geometry":{"type":"Polygon","coordinates":[[[77.599387,28.227735],[77.600008,28.227733],[77.600009,28.228009],[77.599388,28.22801],[77.599387,28.227735]]]},"properties":{"objectid":1377,"uniqueplotid":"PLNGINDUSTRIAL1377","plotmap_id":"SECTOR-33_174_TOY PARK_IND","plotidentificationnumber":"174","plotno":"174","industrysector":"SECTOR-33","block":"TOY PARK","plotsize":"1952 SQMT","plotsize_at_the_time_of_allotme":"1952 SQMT","landuse_type":"INDUSTRIAL","landuse_subcategory":"INDUSTRIAL","scheme_cod":"INDTOY","investment":16,"employment":57,"plotstatus":"Allotted","landallotementstatus":"SOLD","landallotementtype":"ALLOTTED","nature_of_allottee":"PVT.LTD","allotmentid":"YINDTC1102","allotment_date":1602786600000,"rate_of_allotment":6670,"lease_deed":"N","possession":"N","map_sanctioned_from_planning":"N","units_under_construction":"N","completion":"N","village_name":"Muradgarhi","khasra_no":"411,421,423","longitude":77.59969774999999,"latitude":28.22787172,"authority":"YEIDA","category":"industrial","execution_stage":"allotted"}},{"type":"Feature","geometry":{"type":"Polygon","coordinates":[[[77.600766,28.228994],[77.600256,28.228995],[77.600256,28.228815],[77.600765,28.228814],[77.600766,28.228994]]]},"properties":{"objectid":1378,"uniqueplotid":"PLNGINDUSTRIAL1378","plotmap_id":"SECTOR-33_181_TOY PARK_IND","plotidentificationnumber":"181","plotno":"181","industrysector":"SECTOR-33","block":"TOY PARK","plotsize":"1000 SQMT","plotsize_at_the_time_of_allotme":"1000 SQMT","plot_size_as_per_lease_plan":1000,"landuse_type":"INDUSTRIAL","landuse_subcategory":"INDUSTRIAL","scheme_cod":"IND07","investment":6,"employment":22,"plotstatus":"Allotted","landallotementstatus":"SOLD","landallotementtype":"ALLOTTED","allotmentid":"YIND071345","allotment_date":1625164200000,"rate_of_allotment":7010,"lease_deed":"Y","lease_deed_date":1689273000000,"possession":"Y","possession_date":1691692200000,"map_sanctioned_from_planning":"N","units_under_construction":"N","completion":"N","village_name":"Muradgarhi","khasra_no":"408,409","longitude":77.60051064999999,"latitude":28.22890465,"authority":"YEIDA","category":"industrial","execution_stage":"possession-recorded"}},{"type":"Feature","geometry":{"type":"Polygon","coordinates":[[[77.600765,28.228814],[77.600256,28.228815],[77.600255,28.228635],[77.600764,28.228633],[77.600765,28.228814]]]},"properties":{"objectid":1379,"uniqueplotid":"PLNGINDUSTRIAL1379","plotmap_id":"SECTOR-33_180_TOY PARK_IND","plotidentificationnumber":"180","plotno":"180","industrysector":"SECTOR-33","block":"TOY PARK","plotsize":"1000 SQMT","plotsize_at_the_time_of_allotme":"1000 SQMT","plot_size_as_per_lease_plan":1000,"landuse_type":"INDUSTRIAL","landuse_subcategory":"INDUSTRIAL","scheme_cod":"IND07","investment":6,"employment":22,"plotstatus":"Allotted","landallotementstatus":"SOLD","landallotementtype":"ALLOTTED","allotmentid":"YIND071347","allotment_date":1625077800000,"rate_of_allotment":7010,"lease_deed":"Y","lease_deed_date":1695234600000,"possession":"N","map_sanctioned_from_planning":"N","units_under_construction":"N","completion":"N","village_name":"Muradgarhi","khasra_no":"411,408,409","longitude":77.60051007999999,"latitude":28.22872426,"authority":"YEIDA","category":"industrial","execution_stage":"lease-recorded"}},{"type":"Feature","geometry":{"type":"Polygon","coordinates":[[[77.600764,28.228633],[77.600255,28.228635],[77.600255,28.228454],[77.600764,28.228453],[77.600764,28.228633]]]},"properties":{"objectid":1380,"uniqueplotid":"PLNGINDUSTRIAL1380","plotmap_id":"SECTOR-33_179_TOY PARK_IND","plotidentificationnumber":"179","plotno":"179","industrysector":"SECTOR-33","block":"TOY PARK","plotsize":"1000 SQMT","plotsize_at_the_time_of_allotme":"1000 SQMT","plot_size_as_per_lease_plan":1000,"landuse_type":"INDUSTRIAL","landuse_subcategory":"INDUSTRIAL","scheme_cod":"INDTOY","investment":8,"employment":29,"plotstatus":"Allotted","landallotementstatus":"SOLD","landallotementtype":"ALLOTTED","allotmentid":"YINDTC1073","allotment_date":1602786600000,"rate_of_allotment":6670,"lease_deed":"Y","lease_deed_date":1703529000000,"possession":"N","map_sanctioned_from_planning":"N","units_under_construction":"N","completion":"N","village_name":"Muradgarhi","khasra_no":"411,408,409","longitude":77.60050951,"latitude":28.228543860000002,"authority":"YEIDA","category":"industrial","execution_stage":"lease-recorded"}},{"type":"Feature","geometry":{"type":"Polygon","coordinates":[[[77.600764,28.228453],[77.600255,28.228454],[77.600254,28.228274],[77.600763,28.228273],[77.600764,28.228453]]]},"properties":{"objectid":1381,"uniqueplotid":"PLNGINDUSTRIAL1381","plotmap_id":"SECTOR-33_178_TOY PARK_IND","plotidentificationnumber":"178","plotno":"178","industrysector":"SECTOR-33","block":"TOY PARK","plotsize":"1000 SQMT","plotsize_at_the_time_of_allotme":"1000 SQMT","landuse_type":"INDUSTRIAL","landuse_subcategory":"INDUSTRIAL","scheme_cod":"YEA/IND-LOP(2021)-10","investment":6,"employment":22,"plot_total_employment":"SECTOR ALPHA 2","projects_cost_in_lacs":188,"plotstatus":"Allotted","landallotementstatus":"SOLD","landallotementtype":"ALLOTTED","allotmentid":"YIND100002","allotment_date":1650565800000,"rate_of_allotment":7010,"lease_deed":"N","possession":"N","map_sanctioned_from_planning":"N","units_under_construction":"N","completion":"N","village_name":"Muradgarhi","khasra_no":"410,411","longitude":77.60050894999999,"latitude":28.22836347,"authority":"YEIDA","category":"industrial","execution_stage":"allotted"}},{"type":"Feature","geometry":{"type":"Polygon","coordinates":[[[77.600763,28.228273],[77.600254,28.228274],[77.600253,28.228093],[77.600763,28.228092],[77.600763,28.228273]]]},"properties":{"objectid":1382,"uniqueplotid":"PLNGINDUSTRIAL1382","plotmap_id":"SECTOR-33_177_TOY PARK_IND","plotidentificationnumber":"177","plotno":"177","industrysector":"SECTOR-33","block":"TOY PARK","plotsize":"1000 SQMT","plotsize_at_the_time_of_allotme":"1000 SQMT","plot_size_as_per_lease_plan":1000,"landuse_type":"INDUSTRIAL","landuse_subcategory":"INDUSTRIAL","scheme_cod":"INDTOY","investment":8,"employment":29,"plotstatus":"Allotted","landallotementstatus":"SOLD","landallotementtype":"ALLOTTED","allotmentid":"YINDTC1029","allotment_date":1602786600000,"rate_of_allotment":6670,"lease_deed":"Y","lease_deed_date":1690223400000,"possession":"Y","possession_date":1726252200000,"map_sanctioned_from_planning":"N","units_under_construction":"N","completion":"N","village_name":"Muradgarhi","khasra_no":"410,411","longitude":77.60050838,"latitude":28.22818307,"authority":"YEIDA","category":"industrial","execution_stage":"possession-recorded"}},{"type":"Feature","geometry":{"type":"Polygon","coordinates":[[[77.600763,28.228092],[77.600253,28.228093],[77.600253,28.227913],[77.600762,28.227912],[77.600763,28.228092]]]},"properties":{"objectid":1383,"uniqueplotid":"PLNGINDUSTRIAL1383","plotmap_id":"SECTOR-33_176_TOY PARK_IND","plotidentificationnumber":"176","plotno":"176","industrysector":"SECTOR-33","block":"TOY PARK","plotsize":"1000 SQMT","plotsize_at_the_time_of_allotme":"1000 SQMT","plot_size_as_per_lease_plan":1000,"landuse_type":"INDUSTRIAL","landuse_subcategory":"INDUSTRIAL","scheme_cod":"INDTOY","investment":8,"employment":29,"plotstatus":"Allotted","landallotementstatus":"SOLD","landallotementtype":"ALLOTTED","allotmentid":"YINDTC1053","allotment_date":1602786600000,"rate_of_allotment":6670,"lease_deed":"Y","lease_deed_date":1694543400000,"possession":"Y","possession_date":1698604200000,"map_sanctioned_from_planning":"N","units_under_construction":"N","completion":"N","village_name":"Muradgarhi","khasra_no":"410,411","longitude":77.60050781,"latitude":28.228002670000002,"authority":"YEIDA","category":"industrial","execution_stage":"possession-recorded"}},{"type":"Feature","geometry":{"type":"Polygon","coordinates":[[[77.600762,28.227912],[77.600253,28.227913],[77.600252,28.227733],[77.600762,28.227731],[77.600762,28.227912]]]},"properties":{"objectid":1384,"uniqueplotid":"PLNGINDUSTRIAL1384","plotmap_id":"SECTOR-33_175_TOY PARK_IND","plotidentificationnumber":"175","plotno":"175","industrysector":"SECTOR-33","block":"TOY PARK","plotsize":"1000 SQMT","plotsize_at_the_time_of_allotme":"1000 SQMT","landuse_type":"INDUSTRIAL","landuse_subcategory":"INDUSTRIAL","scheme_cod":"INDTOY","investment":8,"employment":29,"plotstatus":"Allotted","landallotementstatus":"SOLD","landallotementtype":"ALLOTTED","allotmentid":"YINDTC1015","allotment_date":1602786600000,"rate_of_allotment":6670,"lease_deed":"N","possession":"N","map_sanctioned_from_planning":"N","units_under_construction":"N","completion":"N","village_name":"Muradgarhi","khasra_no":"410,411,423","longitude":77.60050724,"latitude":28.227822279999998,"authority":"YEIDA","category":"industrial","execution_stage":"allotted"}},{"type":"Feature","geometry":{"type":"Polygon","coordinates":[[[77.600768,28.229811],[77.600259,28.229812],[77.600258,28.229632],[77.600768,28.22963],[77.600768,28.229811]]]},"properties":{"objectid":1385,"uniqueplotid":"PLNGINDUSTRIAL1385","plotmap_id":"SECTOR-33_182_TOY PARK_IND","plotidentificationnumber":"182","plotno":"182","industrysector":"SECTOR-33","block":"TOY PARK","plotsize":"1000 SQMT","plotsize_at_the_time_of_allotme":"1000 SQMT","plot_size_as_per_lease_plan":1000,"landuse_type":"INDUSTRIAL","landuse_subcategory":"INDUSTRIAL","scheme_cod":"INDTOY","investment":8,"employment":29,"plotstatus":"Allotted","landallotementstatus":"SOLD","landallotementtype":"ALLOTTED","nature_of_allottee":"PVT.LTD","allotmentid":"YINDTC1018","allotment_date":1602786600000,"rate_of_allotment":6670,"lease_deed":"Y","lease_deed_date":1677522600000,"possession":"N","map_sanctioned_from_planning":"N","units_under_construction":"N","completion":"N","village_name":"Muradgarhi","khasra_no":"407","longitude":77.60051322,"latitude":28.2297212,"authority_recorded_allottee":"BAUBLECRAFT PRIVATE LIMITED FORMERLLY KNOWN AS TRIANGLE EDUCATIONAL AIDS","authority":"YEIDA","category":"industrial","execution_stage":"lease-recorded"}},{"type":"Feature","geometry":{"type":"Polygon","coordinates":[[[77.600769,28.229991],[77.600259,28.229992],[77.600259,28.229812],[77.600768,28.229811],[77.600769,28.229991]]]},"properties":{"objectid":1386,"uniqueplotid":"PLNGINDUSTRIAL1386","plotmap_id":"SECTOR-33_183_TOY PARK_IND","plotidentificationnumber":"183","plotno":"183","industrysector":"SECTOR-33","block":"TOY PARK","plotsize":"1000 SQMT","plotsize_at_the_time_of_allotme":"1000 SQMT","landuse_type":"INDUSTRIAL","landuse_subcategory":"INDUSTRIAL","scheme_cod":"INDTOY","investment":8,"employment":29,"plotstatus":"Allotted","landallotementstatus":"SOLD","landallotementtype":"ALLOTTED","allotmentid":"YINDTC1052","allotment_date":1602786600000,"rate_of_allotment":6670,"lease_deed":"Y","lease_deed_date":1677522600000,"possession":"Y","possession_date":1688495400000,"map_sanctioned_from_planning":"N","units_under_construction":"Y","completion":"N","village_name":"Muradgarhi","khasra_no":"407","longitude":77.60051378,"latitude":28.22990159,"authority":"YEIDA","category":"industrial","execution_stage":"construction-or-map-approval"}},{"type":"Feature","geometry":{"type":"Polygon","coordinates":[[[77.600769,28.230172],[77.60026,28.230173],[77.600259,28.229992],[77.600769,28.229991],[77.600769,28.230172]]]},"properties":{"objectid":1387,"uniqueplotid":"PLNGINDUSTRIAL1387","plotmap_id":"SECTOR-33_184_TOY PARK_IND","plotidentificationnumber":"184","plotno":"184","industrysector":"SECTOR-33","block":"TOY PARK","plotsize":"1000 SQMT","plotsize_at_the_time_of_allotme":"1000 SQMT","landuse_type":"INDUSTRIAL","landuse_subcategory":"INDUSTRIAL","scheme_cod":"INDTOY","investment":8,"employment":29,"plotstatus":"Allotted","landallotementstatus":"SOLD","landallotementtype":"ALLOTTED","allotmentid":"YINDTC1032","allotment_date":1602786600000,"rate_of_allotment":6670,"lease_deed":"Y","lease_deed_date":1677522600000,"possession":"N","map_sanctioned_from_planning":"N","units_under_construction":"N","completion":"N","village_name":"Muradgarhi","khasra_no":"404,407","longitude":77.60051435,"latitude":28.23008198,"authority":"YEIDA","category":"industrial","execution_stage":"lease-recorded"}},{"type":"Feature","geometry":{"type":"Polygon","coordinates":[[[77.60077,28.230352],[77.600261,28.230353],[77.60026,28.230173],[77.600769,28.230172],[77.60077,28.230352]]]},"properties":{"objectid":1388,"uniqueplotid":"PLNGINDUSTRIAL1388","plotmap_id":"SECTOR-33_185_TOY PARK_IND","plotidentificationnumber":"185","plotno":"185","industrysector":"SECTOR-33","block":"TOY PARK","plotsize":"1000 SQMT","plotsize_at_the_time_of_allotme":"1000 SQMT","landuse_type":"INDUSTRIAL","landuse_subcategory":"INDUSTRIAL","scheme_cod":"INDTOY","investment":8,"employment":29,"plotstatus":"Allotted","landallotementstatus":"SOLD","landallotementtype":"ALLOTTED","allotmentid":"YINDTC1039","allotment_date":1602786600000,"rate_of_allotment":6670,"lease_deed":"Y","lease_deed_date":1677522600000,"possession":"N","map_sanctioned_from_planning":"N","units_under_construction":"Y","completion":"N","village_name":"Muradgarhi","khasra_no":"404,407","longitude":77.60051492,"latitude":28.23026238,"authority":"YEIDA","category":"industrial","execution_stage":"construction-or-map-approval"}},{"type":"Feature","geometry":{"type":"Polygon","coordinates":[[[77.60077,28.230352],[77.600769,28.230172],[77.601278,28.23017],[77.601279,28.230351],[77.60077,28.230352]]]},"properties":{"objectid":1395,"uniqueplotid":"PLNGINDUSTRIAL1395","plotmap_id":"SECTOR-33_192_TOY PARK_IND","plotidentificationnumber":"192","plotno":"192","industrysector":"SECTOR-33","block":"TOY PARK","plotsize":"1000 SQMT","plotsize_at_the_time_of_allotme":"1000 SQMT","plot_size_as_per_lease_plan":1000,"landuse_type":"INDUSTRIAL","landuse_subcategory":"INDUSTRIAL","scheme_cod":"INDTOY","investment":8,"employment":29,"plotstatus":"Allotted","landallotementstatus":"SOLD","landallotementtype":"ALLOTTED","nature_of_allottee":"PVT.LTD","allotmentid":"YINDTC1054","allotment_date":1602786600000,"rate_of_allotment":6670,"lease_deed":"N","possession":"N","map_sanctioned_from_planning":"N","units_under_construction":"N","completion":"N","village_name":"Muradgarhi","khasra_no":"404","longitude":77.60102413,"latitude":28.23026115,"authority":"YEIDA","category":"industrial","execution_stage":"allotted"}},{"type":"Feature","geometry":{"type":"Polygon","coordinates":[[[77.600769,28.230172],[77.600769,28.229991],[77.601278,28.22999],[77.601278,28.23017],[77.600769,28.230172]]]},"properties":{"objectid":1396,"uniqueplotid":"PLNGINDUSTRIAL1396","plotmap_id":"SECTOR-33_193_TOY PARK_IND","plotidentificationnumber":"193","plotno":"193","industrysector":"SECTOR-33","block":"TOY PARK","plotsize":"1000 SQMT","plotsize_at_the_time_of_allotme":"1000 SQMT","plot_size_as_per_lease_plan":1000,"landuse_type":"INDUSTRIAL","landuse_subcategory":"INDUSTRIAL","scheme_cod":"INDTOY","investment":8,"employment":29,"plotstatus":"Allotted","landallotementstatus":"SOLD","landallotementtype":"ALLOTTED","allotmentid":"YINDTC1050","allotment_date":1602786600000,"rate_of_allotment":6670,"lease_deed":"Y","lease_deed_date":1695148200000,"possession":"N","map_sanctioned_from_planning":"N","units_under_construction":"N","completion":"N","village_name":"Muradgarhi","khasra_no":"404,407","longitude":77.60102356,"latitude":28.23008075,"authority":"YEIDA","category":"industrial","execution_stage":"lease-recorded"}},{"type":"Feature","geometry":{"type":"Polygon","coordinates":[[[77.600769,28.229991],[77.600768,28.229811],[77.601277,28.22981],[77.601278,28.22999],[77.600769,28.229991]]]},"properties":{"objectid":1397,"uniqueplotid":"PLNGINDUSTRIAL1397","plotmap_id":"SECTOR-33_194_TOY PARK_IND","plotidentificationnumber":"194","plotno":"194","industrysector":"SECTOR-33","block":"TOY PARK","plotsize":"1000 SQMT","plotsize_at_the_time_of_allotme":"1000 SQMT","landuse_type":"INDUSTRIAL","landuse_subcategory":"INDUSTRIAL","scheme_cod":"INDTOY","investment":8,"employment":29,"plotstatus":"Allotted","landallotementstatus":"SOLD","landallotementtype":"ALLOTTED","nature_of_allottee":"PVT.LTD","allotmentid":"YINDTC1013","allotment_date":1602786600000,"rate_of_allotment":6670,"lease_deed":"Y","lease_deed_date":1675017000000,"possession":"N","map_sanctioned_from_planning":"N","units_under_construction":"N","completion":"N","village_name":"Muradgarhi","khasra_no":"405,406,404,407","longitude":77.60102299,"latitude":28.229900360000002,"authority":"YEIDA","category":"industrial","execution_stage":"lease-recorded"}},{"type":"Feature","geometry":{"type":"Polygon","coordinates":[[[77.601277,28.22981],[77.600768,28.229811],[77.600768,28.22963],[77.601277,28.229629],[77.601277,28.22981]]]},"properties":{"objectid":1398,"uniqueplotid":"PLNGINDUSTRIAL1398","plotmap_id":"SECTOR-33_195_TOY PARK_IND","plotidentificationnumber":"195","plotno":"195","industrysector":"SECTOR-33","block":"TOY PARK","plotsize":"1000 SQMT","plotsize_at_the_time_of_allotme":"1000 SQMT","landuse_type":"INDUSTRIAL","landuse_subcategory":"INDUSTRIAL","scheme_cod":"INDTOY","investment":8,"employment":29,"plotstatus":"Allotted","landallotementstatus":"SOLD","landallotementtype":"ALLOTTED","allotmentid":"YINDTC1026","allotment_date":1602786600000,"rate_of_allotment":6670,"lease_deed":"Y","lease_deed_date":1677004200000,"possession":"N","map_sanctioned_from_planning":"N","units_under_construction":"N","completion":"N","village_name":"Muradgarhi","khasra_no":"405,406,407","longitude":77.60102243,"latitude":28.22971997,"authority":"YEIDA","category":"industrial","execution_stage":"lease-recorded"}},{"type":"Feature","geometry":{"type":"Polygon","coordinates":[[[77.601275,28.228993],[77.600766,28.228994],[77.600765,28.228814],[77.601274,28.228813],[77.601275,28.228993]]]},"properties":{"objectid":1399,"uniqueplotid":"PLNGINDUSTRIAL1399","plotmap_id":"SECTOR-33_196_TOY PARK_IND","plotidentificationnumber":"196","plotno":"196","industrysector":"SECTOR-33","block":"TOY PARK","plotsize":"1000 SQMT","plotsize_at_the_time_of_allotme":"1000 SQMT","plot_size_as_per_lease_plan":1000,"landuse_type":"INDUSTRIAL","landuse_subcategory":"INDUSTRIAL","scheme_cod":"INDTOY","investment":8,"employment":29,"plotstatus":"Allotted","landallotementstatus":"SOLD","landallotementtype":"ALLOTTED","nature_of_allottee":"PVT.LTD","allotmentid":"YINDTC1063","allotment_date":1602786600000,"rate_of_allotment":6670,"lease_deed":"Y","lease_deed_date":1681669800000,"possession":"N","map_sanctioned_from_planning":"Y","units_under_construction":"N","completion":"N","village_name":"Muradgarhi","khasra_no":"406,408","longitude":77.60101986,"latitude":28.228903419999998,"authority":"YEIDA","category":"industrial","execution_stage":"construction-or-map-approval"}},{"type":"Feature","geometry":{"type":"Polygon","coordinates":[[[77.600765,28.228814],[77.600764,28.228633],[77.601274,28.228632],[77.601274,28.228813],[77.600765,28.228814]]]},"properties":{"objectid":1400,"uniqueplotid":"PLNGINDUSTRIAL1400","plotmap_id":"SECTOR-33_197_TOY PARK_IND","plotidentificationnumber":"197","plotno":"197","industrysector":"SECTOR-33","block":"TOY PARK","plotsize":"1000 SQMT","plotsize_at_the_time_of_allotme":"1000 SQMT","landuse_type":"INDUSTRIAL","landuse_subcategory":"INDUSTRIAL","scheme_cod":"INDTOY","investment":8,"employment":29,"plotstatus":"Allotted","landallotementstatus":"SOLD","landallotementtype":"ALLOTTED","nature_of_allottee":"PVT.LTD","allotmentid":"YINDTC1014","allotment_date":1602786600000,"rate_of_allotment":6670,"lease_deed":"Y","lease_deed_date":1677522600000,"possession":"N","map_sanctioned_from_planning":"N","units_under_construction":"N","completion":"N","village_name":"Muradgarhi","khasra_no":"408","longitude":77.60101929,"latitude":28.22872302,"authority":"YEIDA","category":"industrial","execution_stage":"lease-recorded"}},{"type":"Feature","geometry":{"type":"Polygon","coordinates":[[[77.600764,28.228633],[77.600764,28.228453],[77.601273,28.228452],[77.601274,28.228632],[77.600764,28.228633]]]},"properties":{"objectid":1401,"uniqueplotid":"PLNGINDUSTRIAL1401","plotmap_id":"SECTOR-33_198_TOY PARK_IND","plotidentificationnumber":"198","plotno":"198","industrysector":"SECTOR-33","block":"TOY PARK","plotsize":"1000 SQMT","plotsize_at_the_time_of_allotme":"1000 SQMT","landuse_type":"INDUSTRIAL","landuse_subcategory":"INDUSTRIAL","scheme_cod":"INDTOY","investment":8,"employment":29,"plotstatus":"Allotted","landallotementstatus":"SOLD","landallotementtype":"ALLOTTED","allotmentid":"YINDTC1028","allotment_date":1602786600000,"rate_of_allotment":6670,"lease_deed":"Y","lease_deed_date":1677522600000,"possession":"N","map_sanctioned_from_planning":"N","units_under_construction":"N","completion":"N","village_name":"Muradgarhi","khasra_no":"410,411,408,409","longitude":77.60101872,"latitude":28.22854263,"authority":"YEIDA","category":"industrial","execution_stage":"lease-recorded"}},{"type":"Feature","geometry":{"type":"Polygon","coordinates":[[[77.600764,28.228453],[77.600763,28.228273],[77.601272,28.228271],[77.601273,28.228452],[77.600764,28.228453]]]},"properties":{"objectid":1402,"uniqueplotid":"PLNGINDUSTRIAL1402","plotmap_id":"SECTOR-33_199_TOY PARK_IND","plotidentificationnumber":"199","plotno":"199","industrysector":"SECTOR-33","block":"TOY PARK","plotsize":"1000 SQMT","plotsize_at_the_time_of_allotme":"1000 SQMT","plot_size_as_per_lease_plan":1000,"landuse_type":"INDUSTRIAL","landuse_subcategory":"INDUSTRIAL","scheme_cod":"INDTOY","investment":8,"employment":29,"plotstatus":"Allotted","landallotementstatus":"SOLD","landallotementtype":"ALLOTTED","allotmentid":"YINDTC1024","allotment_date":1602786600000,"rate_of_allotment":6670,"lease_deed":"Y","lease_deed_date":1677522600000,"possession":"N","map_sanctioned_from_planning":"N","units_under_construction":"N","completion":"N","village_name":"Muradgarhi","khasra_no":"410,411,408,409,N/F","longitude":77.60101816,"latitude":28.228362230000002,"authority":"YEIDA","category":"industrial","execution_stage":"lease-recorded"}},{"type":"Feature","geometry":{"type":"Polygon","coordinates":[[[77.600763,28.228273],[77.600763,28.228092],[77.601272,28.228091],[77.601272,28.228271],[77.600763,28.228273]]]},"properties":{"objectid":1403,"uniqueplotid":"PLNGINDUSTRIAL1403","plotmap_id":"SECTOR-33_200_TOY PARK_IND","plotidentificationnumber":"200","plotno":"200","industrysector":"SECTOR-33","block":"TOY PARK","plotsize":"1000 SQMT","plotsize_at_the_time_of_allotme":"1000 SQMT","landuse_type":"INDUSTRIAL","landuse_subcategory":"INDUSTRIAL","scheme_cod":"IND07","investment":6,"employment":22,"plotstatus":"Allotted","landallotementstatus":"SOLD","landallotementtype":"ALLOTTED","allotmentid":"YIND071349","allotment_date":1625077800000,"rate_of_allotment":7010,"lease_deed":"Y","lease_deed_date":1677522600000,"possession":"N","map_sanctioned_from_planning":"N","units_under_construction":"N","completion":"N","village_name":"Muradgarhi","khasra_no":"410,409","longitude":77.60101759,"latitude":28.22818184,"authority":"YEIDA","category":"industrial","execution_stage":"lease-recorded"}},{"type":"Feature","geometry":{"type":"Polygon","coordinates":[[[77.600763,28.228092],[77.600762,28.227912],[77.601271,28.227911],[77.601272,28.228091],[77.600763,28.228092]]]},"properties":{"objectid":1404,"uniqueplotid":"PLNGINDUSTRIAL1404","plotmap_id":"SECTOR-33_201_TOY PARK_IND","plotidentificationnumber":"201","plotno":"201","industrysector":"SECTOR-33","block":"TOY PARK","plotsize":"1000 SQMT","plotsize_at_the_time_of_allotme":"1000 SQMT","landuse_type":"INDUSTRIAL","landuse_subcategory":"INDUSTRIAL","scheme_cod":"INDTOY","investment":8,"employment":29,"plotstatus":"Allotted","landallotementstatus":"SOLD","landallotementtype":"ALLOTTED","allotmentid":"YINDTC1045","allotment_date":1602786600000,"rate_of_allotment":6670,"lease_deed":"Y","lease_deed_date":1677522600000,"possession":"N","map_sanctioned_from_planning":"N","units_under_construction":"N","completion":"N","village_name":"Muradgarhi","khasra_no":"410","longitude":77.60101702,"latitude":28.22800144,"authority":"YEIDA","category":"industrial","execution_stage":"lease-recorded"}},{"type":"Feature","geometry":{"type":"Polygon","coordinates":[[[77.600762,28.227912],[77.600762,28.227731],[77.601271,28.22773],[77.601271,28.227911],[77.600762,28.227912]]]},"properties":{"objectid":1405,"uniqueplotid":"PLNGINDUSTRIAL1405","plotmap_id":"SECTOR-33_202_TOY PARK_IND","plotidentificationnumber":"202","plotno":"202","industrysector":"SECTOR-33","block":"TOY PARK","plotsize":"1000 SQMT","plotsize_at_the_time_of_allotme":"1000 SQMT","landuse_type":"INDUSTRIAL","landuse_subcategory":"INDUSTRIAL","scheme_cod":"INDTOY","investment":8,"employment":29,"plotstatus":"Allotted","landallotementstatus":"SOLD","landallotementtype":"ALLOTTED","allotmentid":"YINDTC1043","allotment_date":1602786600000,"rate_of_allotment":6670,"lease_deed":"N","possession":"N","map_sanctioned_from_planning":"N","units_under_construction":"N","completion":"N","village_name":"Muradgarhi","khasra_no":"410","longitude":77.60101645,"latitude":28.22782105,"authority":"YEIDA","category":"industrial","execution_stage":"allotted"}},{"type":"Feature","geometry":{"type":"Polygon","coordinates":[[[77.60193,28.230211],[77.601931,28.230437],[77.601524,28.230438],[77.601523,28.23021],[77.60193,28.230211]]]},"properties":{"objectid":1406,"uniqueplotid":"PLNGINDUSTRIAL1406","plotmap_id":"SECTOR-33_214_TOY PARK_IND","plotidentificationnumber":"214","plotno":"214","industrysector":"SECTOR-33","block":"TOY PARK","plotsize":"1000 SQMT","plotsize_at_the_time_of_allotme":"1000 SQMT","plot_size_as_per_lease_plan":1000,"landuse_type":"INDUSTRIAL","landuse_subcategory":"INDUSTRIAL","scheme_cod":"INDTOY","investment":8,"employment":29,"plotstatus":"Allotted","landallotementstatus":"SOLD","landallotementtype":"ALLOTTED","allotmentid":"YINDTC1074","allotment_date":1602786600000,"rate_of_allotment":6670,"lease_deed":"Y","lease_deed_date":1706553000000,"possession":"Y","possession_date":1710441000000,"map_sanctioned_from_planning":"N","units_under_construction":"N","completion":"N","village_name":"Muradgarhi","khasra_no":"358,357,359,405,406,404,N/F","longitude":77.60173787999999,"latitude":28.23031283,"authority":"YEIDA","category":"industrial","execution_stage":"possession-recorded"}},{"type":"Feature","geometry":{"type":"Polygon","coordinates":[[[77.601523,28.23021],[77.601522,28.229985],[77.60193,28.229984],[77.60193,28.230209],[77.601523,28.23021]]]},"properties":{"objectid":1407,"uniqueplotid":"PLNGINDUSTRIAL1407","plotmap_id":"SECTOR-33_213_TOY PARK_IND","plotidentificationnumber":"213","plotno":"213","industrysector":"SECTOR-33","block":"TOY PARK","plotsize":"1000 SQMT","plotsize_at_the_time_of_allotme":"1000 SQMT","plot_size_as_per_lease_plan":1000,"landuse_type":"INDUSTRIAL","landuse_subcategory":"INDUSTRIAL","scheme_cod":"IND07","investment":6,"employment":22,"plotstatus":"Allotted","landallotementstatus":"SOLD","landallotementtype":"ALLOTTED","allotmentid":"YIND071344","allotment_date":1625077800000,"rate_of_allotment":7010,"lease_deed":"Y","lease_deed_date":1694370600000,"possession":"Y","possession_date":1678386600000,"map_sanctioned_from_planning":"N","units_under_construction":"N","completion":"N","village_name":"Muradgarhi","khasra_no":"357,405,406,N/F","longitude":77.60172632999999,"latitude":28.23009683,"authority":"YEIDA","category":"industrial","execution_stage":"possession-recorded"}},{"type":"Feature","geometry":{"type":"Polygon","coordinates":[[[77.601522,28.229985],[77.601522,28.229759],[77.601929,28.229758],[77.60193,28.229984],[77.601522,28.229985]]]},"properties":{"objectid":1408,"uniqueplotid":"PLNGINDUSTRIAL1408","plotmap_id":"SECTOR-33_212_TOY PARK_IND","plotidentificationnumber":"212","plotno":"212","industrysector":"SECTOR-33","block":"TOY PARK","plotsize":"1000 SQMT","plotsize_at_the_time_of_allotme":"1000 SQMT","plot_size_as_per_lease_plan":1000,"landuse_type":"INDUSTRIAL","landuse_subcategory":"INDUSTRIAL","scheme_cod":"INDTOY","investment":8,"employment":29,"plotstatus":"Allotted","landallotementstatus":"SOLD","landallotementtype":"ALLOTTED","allotmentid":"YINDTC1068","allotment_date":1602786600000,"rate_of_allotment":6670,"lease_deed":"Y","lease_deed_date":1705343400000,"possession":"N","map_sanctioned_from_planning":"N","units_under_construction":"N","completion":"N","village_name":"Muradgarhi","khasra_no":"354,355,357,406,N/F,356","longitude":77.60172562,"latitude":28.229871340000003,"authority":"YEIDA","category":"industrial","execution_stage":"lease-recorded"}},{"type":"Feature","geometry":{"type":"Polygon","coordinates":[[[77.601522,28.229759],[77.601521,28.229534],[77.601928,28.229533],[77.601929,28.229758],[77.601522,28.229759]]]},"properties":{"objectid":1409,"uniqueplotid":"PLNGINDUSTRIAL1409","plotmap_id":"SECTOR-33_211_TOY PARK_IND","plotidentificationnumber":"211","plotno":"211","industrysector":"SECTOR-33","block":"TOY PARK","plotsize":"1000 SQMT","plotsize_at_the_time_of_allotme":"1000 SQMT","plot_size_as_per_lease_plan":1000,"landuse_type":"INDUSTRIAL","landuse_subcategory":"INDUSTRIAL","scheme_cod":"INDTOY","investment":8,"employment":29,"plotstatus":"Allotted","landallotementstatus":"SOLD","landallotementtype":"ALLOTTED","allotmentid":"YINDTC1056","allotment_date":1602786600000,"rate_of_allotment":6670,"lease_deed":"Y","lease_deed_date":1700677800000,"possession":"N","map_sanctioned_from_planning":"N","units_under_construction":"N","completion":"N","village_name":"Muradgarhi","khasra_no":"355,406,N/F,356","longitude":77.60172490999999,"latitude":28.22964585,"authority":"YEIDA","category":"industrial","execution_stage":"lease-recorded"}},{"type":"Feature","geometry":{"type":"Polygon","coordinates":[[[77.601521,28.229534],[77.60152,28.229308],[77.601928,28.229307],[77.601928,28.229533],[77.601521,28.229534]]]},"properties":{"objectid":1410,"uniqueplotid":"PLNGINDUSTRIAL1410","plotmap_id":"SECTOR-33_210_TOY PARK_IND","plotidentificationnumber":"210","plotno":"210","industrysector":"SECTOR-33","block":"TOY PARK","plotsize":"1000 SQMT","plotsize_at_the_time_of_allotme":"1000 SQMT","plot_size_as_per_lease_plan":1000,"landuse_type":"INDUSTRIAL","landuse_subcategory":"INDUSTRIAL","scheme_cod":"INDTOY","investment":8,"employment":29,"plotstatus":"Allotted","landallotementstatus":"SOLD","landallotementtype":"ALLOTTED","allotmentid":"YINDTC1062","allotment_date":1602786600000,"rate_of_allotment":6670,"lease_deed":"Y","lease_deed_date":1701887400000,"possession":"N","map_sanctioned_from_planning":"N","units_under_construction":"N","completion":"N","village_name":"Muradgarhi","khasra_no":"355,406,N/F","longitude":77.60172419999999,"latitude":28.229420349999998,"authority":"YEIDA","category":"industrial","execution_stage":"lease-recorded"}},{"type":"Feature","geometry":{"type":"Polygon","coordinates":[[[77.60152,28.229308],[77.601519,28.229083],[77.601927,28.229082],[77.601928,28.229307],[77.60152,28.229308]]]},"properties":{"objectid":1411,"uniqueplotid":"PLNGINDUSTRIAL1411","plotmap_id":"SECTOR-33_209_TOY PARK_IND","plotidentificationnumber":"209","plotno":"209","industrysector":"SECTOR-33","block":"TOY PARK","plotsize":"1000 SQMT","plotsize_at_the_time_of_allotme":"1000 SQMT","landuse_type":"INDUSTRIAL","landuse_subcategory":"INDUSTRIAL","scheme_cod":"INDTOY","investment":8,"employment":29,"plotstatus":"Allotted","landallotementstatus":"SOLD","landallotementtype":"ALLOTTED","allotmentid":"YINDTC1005","allotment_date":1602786600000,"rate_of_allotment":6670,"lease_deed":"Y","lease_deed_date":1701109800000,"possession":"Y","possession_date":1709145000000,"map_sanctioned_from_planning":"N","units_under_construction":"N","completion":"N","village_name":"Muradgarhi","khasra_no":"355,351,406,N/F","longitude":77.60172349,"latitude":28.22919486,"authority":"YEIDA","category":"industrial","execution_stage":"possession-recorded"}},{"type":"Feature","geometry":{"type":"Polygon","coordinates":[[[77.601519,28.229083],[77.601519,28.228857],[77.601926,28.228856],[77.601927,28.229082],[77.601519,28.229083]]]},"properties":{"objectid":1412,"uniqueplotid":"PLNGINDUSTRIAL1412","plotmap_id":"SECTOR-33_208_TOY PARK_IND","plotidentificationnumber":"208","plotno":"208","industrysector":"SECTOR-33","block":"TOY PARK","plotsize":"1000 SQMT","plotsize_at_the_time_of_allotme":"1000 SQMT","plot_size_as_per_lease_plan":1000,"landuse_type":"INDUSTRIAL","landuse_subcategory":"INDUSTRIAL","scheme_cod":"INDTOY","investment":8,"employment":29,"plotstatus":"Allotted","landallotementstatus":"SOLD","landallotementtype":"ALLOTTED","nature_of_allottee":"PVT.LTD","allotmentid":"YINDTC1010","allotment_date":1602786600000,"rate_of_allotment":6670,"lease_deed":"Y","lease_deed_date":1719426600000,"possession":"Y","possession_date":1721759400000,"map_sanctioned_from_planning":"N","units_under_construction":"N","completion":"N","village_name":"Muradgarhi","khasra_no":"350,351,406,N/F","longitude":77.60172277999999,"latitude":28.228969369999998,"authority":"YEIDA","category":"industrial","execution_stage":"possession-recorded"}},{"type":"Feature","geometry":{"type":"Polygon","coordinates":[[[77.601519,28.228857],[77.601518,28.228632],[77.601925,28.228631],[77.601926,28.228856],[77.601519,28.228857]]]},"properties":{"objectid":1413,"uniqueplotid":"PLNGINDUSTRIAL1413","plotmap_id":"SECTOR-33_207_TOY PARK_IND","plotidentificationnumber":"207","plotno":"207","industrysector":"SECTOR-33","block":"TOY PARK","plotsize":"1000 SQMT","plotsize_at_the_time_of_allotme":"1000 SQMT","landuse_type":"INDUSTRIAL","landuse_subcategory":"INDUSTRIAL","scheme_cod":"INDTOY","investment":8,"employment":29,"plotstatus":"Allotted","landallotementstatus":"SOLD","landallotementtype":"ALLOTTED","nature_of_allottee":"PVT.LTD","allotmentid":"YINDTC1057","allotment_date":1602786600000,"rate_of_allotment":6670,"lease_deed":"Y","lease_deed_date":1696530600000,"possession":"N","map_sanctioned_from_planning":"N","units_under_construction":"N","completion":"N","village_name":"Muradgarhi","khasra_no":"350,406,408,N/F","longitude":77.60172207,"latitude":28.22874387,"authority":"YEIDA","category":"industrial","execution_stage":"lease-recorded"}},{"type":"Feature","geometry":{"type":"Polygon","coordinates":[[[77.601518,28.228632],[77.601517,28.228406],[77.601925,28.228405],[77.601925,28.228631],[77.601518,28.228632]]]},"properties":{"objectid":1414,"uniqueplotid":"PLNGINDUSTRIAL1414","plotmap_id":"SECTOR-33_206_TOY PARK_IND","plotidentificationnumber":"206","plotno":"206","industrysector":"SECTOR-33","block":"TOY PARK","plotsize":"1000 SQMT","plotsize_at_the_time_of_allotme":"1000 SQMT","landuse_type":"INDUSTRIAL","landuse_subcategory":"INDUSTRIAL","scheme_cod":"INDTOY","investment":8,"employment":29,"plotstatus":"Allotted","landallotementstatus":"SOLD","landallotementtype":"ALLOTTED","nature_of_allottee":"PVT.LTD","allotmentid":"YINDTC1017","allotment_date":1602786600000,"rate_of_allotment":6670,"lease_deed":"Y","lease_deed_date":1678732200000,"possession":"Y","possession_date":1713378600000,"map_sanctioned_from_planning":"N","units_under_construction":"N","completion":"N","village_name":"Muradgarhi","khasra_no":"350,N/F","longitude":77.60172136,"latitude":28.22851838,"authority":"YEIDA","category":"industrial","execution_stage":"possession-recorded"}},{"type":"Feature","geometry":{"type":"Polygon","coordinates":[[[77.601517,28.228406],[77.601517,28.228181],[77.601924,28.22818],[77.601925,28.228405],[77.601517,28.228406]]]},"properties":{"objectid":1415,"uniqueplotid":"PLNGINDUSTRIAL1415","plotmap_id":"SECTOR-33_205_TOY PARK_IND","plotidentificationnumber":"205","plotno":"205","industrysector":"SECTOR-33","block":"TOY PARK","plotsize":"1000 SQMT","plotsize_at_the_time_of_allotme":"1000 SQMT","plot_size_as_per_lease_plan":1000,"landuse_type":"INDUSTRIAL","landuse_subcategory":"INDUSTRIAL","scheme_cod":"IND07","investment":6,"employment":22,"plotstatus":"Allotted","landallotementstatus":"SOLD","landallotementtype":"ALLOTTED","allotmentid":"YIND071350","allotment_date":1625077800000,"rate_of_allotment":7010,"lease_deed":"Y","lease_deed_date":1681842600000,"possession":"N","map_sanctioned_from_planning":"N","units_under_construction":"N","completion":"N","village_name":"Muradgarhi","khasra_no":"350","longitude":77.60172064999999,"latitude":28.228292890000002,"authority":"YEIDA","category":"industrial","execution_stage":"lease-recorded"}},{"type":"Feature","geometry":{"type":"Polygon","coordinates":[[[77.601517,28.228181],[77.601516,28.227955],[77.601923,28.227954],[77.601924,28.22818],[77.601517,28.228181]]]},"properties":{"objectid":1416,"uniqueplotid":"PLNGINDUSTRIAL1416","plotmap_id":"SECTOR-33_204_TOY PARK_IND","plotidentificationnumber":"204","plotno":"204","industrysector":"SECTOR-33","block":"TOY PARK","plotsize":"1000 SQMT","plotsize_at_the_time_of_allotme":"1000 SQMT","landuse_type":"INDUSTRIAL","landuse_subcategory":"INDUSTRIAL","scheme_cod":"IND07","investment":6,"employment":22,"plotstatus":"Allotted","landallotementstatus":"SOLD","landallotementtype":"ALLOTTED","allotmentid":"YIND071348","allotment_date":1625077800000,"rate_of_allotment":7010,"lease_deed":"N","possession":"N","map_sanctioned_from_planning":"N","units_under_construction":"N","completion":"N","village_name":"Muradgarhi","khasra_no":"350,410,409","longitude":77.60171994,"latitude":28.228067390000003,"authority":"YEIDA","category":"industrial","execution_stage":"allotted"}},{"type":"Feature","geometry":{"type":"Polygon","coordinates":[[[77.601516,28.227955],[77.601515,28.22773],[77.601923,28.227729],[77.601923,28.227954],[77.601516,28.227955]]]},"properties":{"objectid":1417,"uniqueplotid":"PLNGINDUSTRIAL1417","plotmap_id":"SECTOR-33_203_TOY PARK_IND","plotidentificationnumber":"203","plotno":"203","industrysector":"SECTOR-33","block":"TOY PARK","plotsize":"1000 SQMT","plotsize_at_the_time_of_allotme":"1000 SQMT","landuse_type":"INDUSTRIAL","landuse_subcategory":"INDUSTRIAL","scheme_cod":"INDTOY","investment":8,"employment":29,"plotstatus":"Allotted","landallotementstatus":"SOLD","landallotementtype":"ALLOTTED","allotmentid":"YINDTC1007","allotment_date":1602786600000,"rate_of_allotment":6670,"lease_deed":"N","possession":"N","map_sanctioned_from_planning":"N","units_under_construction":"N","completion":"N","village_name":"Muradgarhi","khasra_no":"439,440,350,410,438,409","longitude":77.60171923,"latitude":28.227841899999998,"authority":"YEIDA","category":"industrial","execution_stage":"allotted"}},{"type":"Feature","geometry":{"type":"Polygon","coordinates":[[[77.602338,28.23021],[77.602338,28.230436],[77.601931,28.230437],[77.60193,28.230209],[77.602338,28.23021]]]},"properties":{"objectid":1418,"uniqueplotid":"PLNGINDUSTRIAL1418","plotmap_id":"SECTOR-33_219_TOY PARK_IND","plotidentificationnumber":"219","plotno":"219","industrysector":"SECTOR-33","block":"TOY PARK","plotsize":"1000 SQMT","plotsize_at_the_time_of_allotme":"1000 SQMT","plot_size_as_per_lease_plan":1044,"landuse_type":"INDUSTRIAL","landuse_subcategory":"INDUSTRIAL","scheme_cod":"INDTOY","investment":8,"employment":29,"plotstatus":"Allotted","landallotementstatus":"SOLD","landallotementtype":"ALLOTTED","allotmentid":"YINDTC1048","allotment_date":1602786600000,"rate_of_allotment":6670,"lease_deed":"Y","lease_deed_date":1705343400000,"possession":"N","map_sanctioned_from_planning":"N","units_under_construction":"N","completion":"N","village_name":"Muradgarhi","khasra_no":"354,45,358,357","longitude":77.60213434,"latitude":28.230303929999998,"authority":"YEIDA","category":"industrial","execution_stage":"lease-recorded"}},{"type":"Feature","geometry":{"type":"Polygon","coordinates":[[[77.60193,28.230209],[77.60193,28.229984],[77.602337,28.229983],[77.602338,28.230208],[77.60193,28.230209]]]},"properties":{"objectid":1419,"uniqueplotid":"PLNGINDUSTRIAL1419","plotmap_id":"SECTOR-33_220_TOY PARK_IND","plotidentificationnumber":"220","plotno":"220","industrysector":"SECTOR-33","block":"TOY PARK","plotsize":"1000 SQMT","plotsize_at_the_time_of_allotme":"1000 SQMT","plot_size_as_per_lease_plan":1058.62,"landuse_type":"INDUSTRIAL","landuse_subcategory":"INDUSTRIAL","scheme_cod":"INDTOY","investment":8,"employment":29,"plotstatus":"Allotted","landallotementstatus":"SOLD","landallotementtype":"ALLOTTED","allotmentid":"YINDTC1051","allotment_date":1602786600000,"rate_of_allotment":6670,"lease_deed":"Y","lease_deed_date":1702924200000,"possession":"N","map_sanctioned_from_planning":"N","units_under_construction":"N","completion":"N","village_name":"Muradgarhi","khasra_no":"354,45,357,N/F","longitude":77.60213369,"latitude":28.23009584,"authority":"YEIDA","category":"industrial","execution_stage":"lease-recorded"}},{"type":"Feature","geometry":{"type":"Polygon","coordinates":[[[77.60193,28.229984],[77.601929,28.229758],[77.602336,28.229757],[77.602337,28.229983],[77.60193,28.229984]]]},"properties":{"objectid":1420,"uniqueplotid":"PLNGINDUSTRIAL1420","plotmap_id":"SECTOR-33_221_TOY PARK_IND","plotidentificationnumber":"221","plotno":"221","industrysector":"SECTOR-33","block":"TOY PARK","plotsize":"1000 SQMT","plotsize_at_the_time_of_allotme":"1000 SQMT","landuse_type":"INDUSTRIAL","landuse_subcategory":"INDUSTRIAL","scheme_cod":"INDTOY","investment":8,"employment":29,"plotstatus":"Allotted","landallotementstatus":"SOLD","landallotementtype":"ALLOTTED","allotmentid":"YINDTC1002","allotment_date":1602786600000,"rate_of_allotment":6670,"lease_deed":"N","possession":"N","map_sanctioned_from_planning":"N","units_under_construction":"N","completion":"N","village_name":"Muradgarhi","khasra_no":"354,355,357","longitude":77.60213298000001,"latitude":28.229870350000002,"authority":"YEIDA","category":"industrial","execution_stage":"allotted"}},{"type":"Feature","geometry":{"type":"Polygon","coordinates":[[[77.601929,28.229758],[77.601928,28.229533],[77.602336,28.229532],[77.602336,28.229757],[77.601929,28.229758]]]},"properties":{"objectid":1421,"uniqueplotid":"PLNGINDUSTRIAL1421","plotmap_id":"SECTOR-33_222_TOY PARK_IND","plotidentificationnumber":"222","plotno":"222","industrysector":"SECTOR-33","block":"TOY PARK","plotsize":"1000 SQMT","plotsize_at_the_time_of_allotme":"1000 SQMT","landuse_type":"INDUSTRIAL","landuse_subcategory":"INDUSTRIAL","scheme_cod":"YEA/IND-LOP(2021)-10","investment":6,"employment":22,"plotstatus":"Allotted","landallotementstatus":"SOLD","landallotementtype":"ALLOTTED","allotmentid":"YIND100001","allotment_date":1650565800000,"rate_of_allotment":7010,"lease_deed":"N","possession":"N","map_sanctioned_from_planning":"N","units_under_construction":"N","completion":"N","village_name":"Muradgarhi","khasra_no":"354,355,351","longitude":77.60213227000001,"latitude":28.22964486,"authority":"YEIDA","category":"industrial","execution_stage":"allotted"}},{"type":"Feature","geometry":{"type":"Polygon","coordinates":[[[77.601928,28.229533],[77.601928,28.229307],[77.602335,28.229306],[77.602336,28.229532],[77.601928,28.229533]]]},"properties":{"objectid":1422,"uniqueplotid":"PLNGINDUSTRIAL1422","plotmap_id":"SECTOR-33_223_TOY PARK_IND","plotidentificationnumber":"223","plotno":"223","industrysector":"SECTOR-33","block":"TOY PARK","plotsize":"1000 SQMT","plotsize_at_the_time_of_allotme":"1000 SQMT","landuse_type":"INDUSTRIAL","landuse_subcategory":"INDUSTRIAL","scheme_cod":"INDTOY","investment":8,"employment":29,"plotstatus":"Allotted","landallotementstatus":"SOLD","landallotementtype":"ALLOTTED","allotmentid":"YINDTC1049","allotment_date":1602786600000,"rate_of_allotment":6670,"lease_deed":"N","possession":"N","map_sanctioned_from_planning":"N","units_under_construction":"N","completion":"N","village_name":"Muradgarhi","khasra_no":"355,351","longitude":77.60213156,"latitude":28.22941937,"authority":"YEIDA","category":"industrial","execution_stage":"allotted"}},{"type":"Feature","geometry":{"type":"Polygon","coordinates":[[[77.601928,28.229307],[77.601927,28.229082],[77.602334,28.229081],[77.602335,28.229306],[77.601928,28.229307]]]},"properties":{"objectid":1423,"uniqueplotid":"PLNGINDUSTRIAL1423","plotmap_id":"SECTOR-33_224_TOY PARK_IND","plotidentificationnumber":"224","plotno":"224","industrysector":"SECTOR-33","block":"TOY PARK","plotsize":"1000 SQMT","plotsize_at_the_time_of_allotme":"1000 SQMT","landuse_type":"INDUSTRIAL","landuse_subcategory":"INDUSTRIAL","scheme_cod":"INDTOY","investment":8,"employment":29,"plotstatus":"Allotted","landallotementstatus":"SOLD","landallotementtype":"ALLOTTED","allotmentid":"YINDTC1027","allotment_date":1602786600000,"rate_of_allotment":6670,"lease_deed":"N","possession":"N","map_sanctioned_from_planning":"N","units_under_construction":"N","completion":"N","village_name":"Muradgarhi","khasra_no":"355,351,N/F","longitude":77.60213086,"latitude":28.22919388,"authority":"YEIDA","category":"industrial","execution_stage":"allotted"}},{"type":"Feature","geometry":{"type":"Polygon","coordinates":[[[77.601927,28.229082],[77.601926,28.228856],[77.602333,28.228855],[77.602334,28.229081],[77.601927,28.229082]]]},"properties":{"objectid":1424,"uniqueplotid":"PLNGINDUSTRIAL1424","plotmap_id":"SECTOR-33_225_TOY PARK_IND","plotidentificationnumber":"225","plotno":"225","industrysector":"SECTOR-33","block":"TOY PARK","plotsize":"1000 SQMT","plotsize_at_the_time_of_allotme":"1000 SQMT","landuse_type":"INDUSTRIAL","landuse_subcategory":"INDUSTRIAL","scheme_cod":"INDTOY","investment":8,"employment":29,"plotstatus":"Allotted","landallotementstatus":"SOLD","landallotementtype":"ALLOTTED","allotmentid":"YINDTC1044","allotment_date":1602786600000,"rate_of_allotment":6670,"lease_deed":"N","possession":"N","map_sanctioned_from_planning":"N","units_under_construction":"N","completion":"N","village_name":"Muradgarhi","khasra_no":"350,351","longitude":77.60213015000001,"latitude":28.228968379999998,"authority":"YEIDA","category":"industrial","execution_stage":"allotted"}},{"type":"Feature","geometry":{"type":"Polygon","coordinates":[[[77.601926,28.228856],[77.601925,28.228631],[77.602333,28.22863],[77.602333,28.228855],[77.601926,28.228856]]]},"properties":{"objectid":1425,"uniqueplotid":"PLNGINDUSTRIAL1425","plotmap_id":"SECTOR-33_226_TOY PARK_IND","plotidentificationnumber":"226","plotno":"226","industrysector":"SECTOR-33","block":"TOY PARK","plotsize":"1000 SQMT","plotsize_at_the_time_of_allotme":"1000 SQMT","landuse_type":"INDUSTRIAL","landuse_subcategory":"INDUSTRIAL","scheme_cod":"INDTOY","investment":8,"employment":29,"plotstatus":"Allotted","landallotementstatus":"SOLD","landallotementtype":"ALLOTTED","allotmentid":"YINDTC1004","allotment_date":1602786600000,"rate_of_allotment":6670,"lease_deed":"N","possession":"N","map_sanctioned_from_planning":"N","units_under_construction":"N","completion":"N","village_name":"Muradgarhi","khasra_no":"350,351","longitude":77.60212944000001,"latitude":28.22874289,"authority":"YEIDA","category":"industrial","execution_stage":"allotted"}},{"type":"Feature","geometry":{"type":"Polygon","coordinates":[[[77.601925,28.228631],[77.601925,28.228405],[77.602332,28.228404],[77.602333,28.22863],[77.601925,28.228631]]]},"properties":{"objectid":1426,"uniqueplotid":"PLNGINDUSTRIAL1426","plotmap_id":"SECTOR-33_227_TOY PARK_IND","plotidentificationnumber":"227","plotno":"227","industrysector":"SECTOR-33","block":"TOY PARK","plotsize":"1000 SQMT","plotsize_at_the_time_of_allotme":"1000 SQMT","landuse_type":"INDUSTRIAL","landuse_subcategory":"INDUSTRIAL","scheme_cod":"INDTOY","investment":8,"employment":29,"plotstatus":"Allotted","landallotementstatus":"SOLD","landallotementtype":"ALLOTTED","nature_of_allottee":"PVT.LTD","allotmentid":"YINDTC1069","allotment_date":1602786600000,"rate_of_allotment":6670,"lease_deed":"N","possession":"N","map_sanctioned_from_planning":"N","units_under_construction":"N","completion":"N","village_name":"Muradgarhi","khasra_no":"350","longitude":77.60212873,"latitude":28.22851739,"authority":"YEIDA","category":"industrial","execution_stage":"allotted"}},{"type":"Feature","geometry":{"type":"Polygon","coordinates":[[[77.601925,28.228405],[77.601924,28.22818],[77.602331,28.228179],[77.602332,28.228404],[77.601925,28.228405]]]},"properties":{"objectid":1427,"uniqueplotid":"PLNGINDUSTRIAL1427","plotmap_id":"SECTOR-33_228_TOY PARK_IND","plotidentificationnumber":"228","plotno":"228","industrysector":"SECTOR-33","block":"TOY PARK","plotsize":"1000 SQMT","plotsize_at_the_time_of_allotme":"1000 SQMT","landuse_type":"INDUSTRIAL","landuse_subcategory":"INDUSTRIAL","scheme_cod":"INDTOY","investment":8,"employment":29,"plotstatus":"Allotted","landallotementstatus":"SOLD","landallotementtype":"ALLOTTED","allotmentid":"YINDTC1047","allotment_date":1602786600000,"rate_of_allotment":6670,"lease_deed":"N","possession":"N","map_sanctioned_from_planning":"N","units_under_construction":"N","completion":"N","village_name":"Muradgarhi","khasra_no":"350","longitude":77.60212802000001,"latitude":28.228291900000002,"authority":"YEIDA","category":"industrial","execution_stage":"allotted"}},{"type":"Feature","geometry":{"type":"Polygon","coordinates":[[[77.601924,28.22818],[77.601923,28.227954],[77.602331,28.227953],[77.602331,28.228179],[77.601924,28.22818]]]},"properties":{"objectid":1428,"uniqueplotid":"PLNGINDUSTRIAL1428","plotmap_id":"SECTOR-33_229_TOY PARK_IND","plotidentificationnumber":"229","plotno":"229","industrysector":"SECTOR-33","block":"TOY PARK","plotsize":"1000 SQMT","plotsize_at_the_time_of_allotme":"1000 SQMT","landuse_type":"INDUSTRIAL","landuse_subcategory":"INDUSTRIAL","scheme_cod":"INDTOY","investment":8,"employment":29,"plotstatus":"Allotted","landallotementstatus":"SOLD","landallotementtype":"ALLOTTED","nature_of_allottee":"PVT.LTD","allotmentid":"YINDTC1060","allotment_date":1602786600000,"rate_of_allotment":6670,"lease_deed":"N","possession":"N","map_sanctioned_from_planning":"N","units_under_construction":"N","completion":"N","village_name":"Muradgarhi","khasra_no":"350","longitude":77.60212731,"latitude":28.22806641,"authority":"YEIDA","category":"industrial","execution_stage":"allotted"}},{"type":"Feature","geometry":{"type":"Polygon","coordinates":[[[77.601923,28.227954],[77.601923,28.227729],[77.60233,28.227728],[77.602331,28.227953],[77.601923,28.227954]]]},"properties":{"objectid":1433,"uniqueplotid":"PLNGINDUSTRIAL1433","plotmap_id":"SECTOR-33_230_TOY PARK_IND","plotidentificationnumber":"230","plotno":"230","industrysector":"SECTOR-33","block":"TOY PARK","plotsize":"1000 SQMT","plotsize_at_the_time_of_allotme":"1000 SQMT","landuse_type":"INDUSTRIAL","landuse_subcategory":"INDUSTRIAL","scheme_cod":"INDTOY","investment":8,"employment":29,"plotstatus":"Allotted","landallotementstatus":"SOLD","landallotementtype":"ALLOTTED","nature_of_allottee":"PVT.LTD","allotmentid":"YINDTC1011","allotment_date":1602786600000,"rate_of_allotment":6670,"lease_deed":"N","possession":"N","map_sanctioned_from_planning":"N","units_under_construction":"N","completion":"N","village_name":"Muradgarhi","khasra_no":"440,350,438,409","longitude":77.6021266,"latitude":28.227840909999998,"authority":"YEIDA","category":"industrial","execution_stage":"allotted"}},{"type":"Feature","geometry":{"type":"Polygon","coordinates":[[[77.598768,28.22752],[77.598762,28.226717],[77.599383,28.226716],[77.599386,28.227518],[77.598768,28.22752]]]},"properties":{"objectid":1434,"uniqueplotid":"PLNGINDUSTRIAL1434","plotmap_id":"SECTOR-33_148_TOY PARK_IND","plotidentificationnumber":"148","plotno":"148","industrysector":"SECTOR-33","block":"TOY PARK","plotsize":"5400 SQMT","landuse_type":"INDUSTRIAL","landuse_subcategory":"INDUSTRIAL","investment":0,"employment":0,"plotstatus":"Vacant But Not Available For Allotment","landallotementstatus":"VACANT","landallotementtype":"VACANT","village_name":"Muradgarhi","khasra_no":"422,429,460,438,424,423","longitude":77.59907414,"latitude":28.22711768,"authority":"YEIDA","category":"industrial","execution_stage":"vacant"}},{"type":"Feature","geometry":{"type":"Polygon","coordinates":[[[77.600005,28.226714],[77.600007,28.227517],[77.599386,28.227518],[77.599383,28.226716],[77.600005,28.226714]]]},"properties":{"objectid":1435,"uniqueplotid":"PLNGINDUSTRIAL1435","plotmap_id":"SECTOR-33_149_TOY PARK_IND","plotidentificationnumber":"149","plotno":"149","industrysector":"SECTOR-33","block":"TOY PARK","plotsize":"5400 SQMT","landuse_type":"INDUSTRIAL","landuse_subcategory":"INDUSTRIAL","investment":0,"employment":0,"plotstatus":"Vacant But Not Available For Allotment","landallotementstatus":"VACANT","landallotementtype":"VACANT","village_name":"Muradgarhi","khasra_no":"459,460,438,423,N/F","longitude":77.59969538,"latitude":28.22711618,"authority":"YEIDA","category":"industrial","execution_stage":"vacant"}},{"type":"Feature","geometry":{"type":"Polygon","coordinates":[[[77.599383,28.226716],[77.598762,28.226717],[77.59876,28.225941],[77.600002,28.225938],[77.600005,28.226714],[77.599383,28.226716]]]},"properties":{"objectid":1436,"uniqueplotid":"PLNGINDUSTRIAL1436","plotmap_id":"SECTOR-33_147_TOY PARK_IND","plotidentificationnumber":"147","plotno":"147","industrysector":"SECTOR-33","block":"TOY PARK","plotsize":"APPROX 10500 SQMT","plotsize_at_the_time_of_allotme":"APPROX 10500 SQMT","plot_size_as_per_lease_plan":10500,"landuse_type":"INDUSTRIAL","landuse_subcategory":"INDUSTRIAL","scheme_cod":"INDTOY","investment":25,"employment":100,"plotstatus":"Allotted","landallotementstatus":"SOLD","landallotementtype":"ALLOTTED","nature_of_allottee":"PVT.LTD","allotmentid":"YINDTC0003","allotment_date":1601317800000,"rate_of_allotment":5902,"lease_deed":"Y","lease_deed_date":1698949800000,"possession":"Y","possession_date":1686508200000,"map_sanctioned_from_planning":"Y","units_under_construction":"Y","completion":"N","village_name":"Muradgarhi","khasra_no":"476,464,469,462,463,461,459,460","longitude":77.59938228,"latitude":28.226327679999997,"authority_recorded_allottee":"M/S FUN ZOO TOYS PVT LTD","authority":"YEIDA","category":"industrial","execution_stage":"construction-or-map-approval"}},{"type":"Feature","geometry":{"type":"Polygon","coordinates":[[[77.600682,28.226658],[77.600626,28.226658],[77.600624,28.225937],[77.601,28.225936],[77.601003,28.226658],[77.600682,28.226658]]]},"properties":{"objectid":1437,"uniqueplotid":"PLNGINDUSTRIAL1437","plotmap_id":"SECTOR-33_145_TOY PARK_IND","plotidentificationnumber":"145","plotno":"145","industrysector":"SECTOR-33","block":"TOY PARK","plotsize":"3000 SQMT","landuse_type":"INDUSTRIAL","landuse_subcategory":"INDUSTRIAL","investment":0,"employment":0,"landallotementstatus":"VACANT","landallotementtype":"VACANT","village_name":"Muradgarhi","khasra_no":"457,458,477,456,459","longitude":77.60081307,"latitude":28.226297159999998,"authority":"YEIDA","category":"industrial","execution_stage":"vacant"}},{"type":"Feature","geometry":{"type":"Polygon","coordinates":[[[77.600626,28.226658],[77.600249,28.226659],[77.600247,28.225938],[77.600624,28.225937],[77.600626,28.226658]]]},"properties":{"objectid":1438,"uniqueplotid":"PLNGINDUSTRIAL1438","plotmap_id":"SECTOR-33_146_TOY PARK_IND","plotidentificationnumber":"146","plotno":"146","industrysector":"SECTOR-33","block":"TOY PARK","plotsize":"3000 SQMT","plotsize_at_the_time_of_allotme":"3000 SQMT","plot_size_as_per_lease_plan":3000,"landuse_type":"INDUSTRIAL","landuse_subcategory":"INDUSTRIAL","scheme_cod":"IND07","investment":19,"employment":66,"plotstatus":"Allotted","landallotementstatus":"SOLD","landallotementtype":"ALLOTTED","allotmentid":"YIND071363","allotment_date":1625077800000,"rate_of_allotment":7010,"lease_deed":"Y","lease_deed_date":1690223400000,"possession":"Y","possession_date":1694629800000,"map_sanctioned_from_planning":"N","units_under_construction":"N","completion":"N","village_name":"Muradgarhi","khasra_no":"457,458,476,477,459","longitude":77.60043624999999,"latitude":28.22629808,"authority":"YEIDA","category":"industrial","execution_stage":"possession-recorded"}},{"type":"Feature","geometry":{"type":"Polygon","coordinates":[[[77.601005,28.227514],[77.600685,28.227515],[77.600682,28.226658],[77.601003,28.226658],[77.601005,28.227514]]]},"properties":{"objectid":1439,"uniqueplotid":"PLNGINDUSTRIAL1439","plotmap_id":"SECTOR-33_152_TOY PARK_IND","plotidentificationnumber":"152","plotno":"152","industrysector":"SECTOR-33","block":"TOY PARK","plotsize":"3000 SQMT","landuse_type":"INDUSTRIAL","landuse_subcategory":"INDUSTRIAL","investment":0,"employment":0,"plotstatus":"Vacant But Not Available For Allotment","landallotementstatus":"VACANT","landallotementtype":"VACANT","village_name":"Muradgarhi","khasra_no":"440,456,459,410,438,423","longitude":77.60084356,"latitude":28.22708634,"authority":"YEIDA","category":"industrial","execution_stage":"vacant"}},{"type":"Feature","geometry":{"type":"Polygon","coordinates":[[[77.600685,28.227515],[77.600252,28.227516],[77.600249,28.226659],[77.600682,28.226658],[77.600685,28.227515]]]},"properties":{"objectid":1440,"uniqueplotid":"PLNGINDUSTRIAL1440","plotmap_id":"SECTOR-33_151_TOY PARK_IND","plotidentificationnumber":"151","plotno":"151","industrysector":"SECTOR-33","block":"TOY PARK","plotsize":"4000 SQMT","plotsize_at_the_time_of_allotme":"4000 SQMT","landuse_type":"INDUSTRIAL","landuse_subcategory":"INDUSTRIAL","scheme_cod":"INDTOY","investment":33,"employment":117,"plotstatus":"Allotted","landallotementstatus":"SOLD","landallotementtype":"ALLOTTED","nature_of_allottee":"PVT.LTD","allotmentid":"YINDTC1108","allotment_date":1602786600000,"rate_of_allotment":6670,"lease_deed":"N","possession":"N","map_sanctioned_from_planning":"N","units_under_construction":"N","completion":"N","village_name":"Muradgarhi","khasra_no":"456,459,410,438,423,N/F","longitude":77.60046673999999,"latitude":28.22708725,"authority":"YEIDA","category":"industrial","execution_stage":"allotted"}},{"type":"Feature","geometry":{"type":"Polygon","coordinates":[[[77.602326,28.226487],[77.601002,28.226491],[77.601,28.225936],[77.602324,28.225932],[77.602326,28.226487]]]},"properties":{"objectid":1441,"uniqueplotid":"PLNGINDUSTRIAL1441","plotmap_id":"SECTOR-33_143_TOY PARK_IND","plotidentificationnumber":"143","plotno":"143","industrysector":"SECTOR-33","block":"TOY PARK","plotsize":"8000 SQMT","plotsize_at_the_time_of_allotme":"8000 SQMT","landuse_type":"INDUSTRIAL","landuse_subcategory":"INDUSTRIAL","scheme_cod":"INDTOY","investment":62,"employment":216,"plotstatus":"Allotted","landallotementstatus":"SOLD","landallotementtype":"ALLOTTED","nature_of_allottee":"PVT.LTD","allotmentid":"YINDTC0002","allotment_date":1601317800000,"rate_of_allotment":6175,"lease_deed":"N","possession":"N","map_sanctioned_from_planning":"N","units_under_construction":"N","completion":"N","village_name":"Muradgarhi","khasra_no":"457,440,456","longitude":77.60166318,"latitude":28.22621142,"authority_recorded_allottee":"M/S FUN RIDE TOYS LLP","authority":"YEIDA","category":"industrial","execution_stage":"allotted"}},{"type":"Feature","geometry":{"type":"Polygon","coordinates":[[[77.602328,28.227043],[77.601004,28.227046],[77.601002,28.226491],[77.602326,28.226487],[77.602328,28.227043]]]},"properties":{"objectid":1442,"uniqueplotid":"PLNGINDUSTRIAL1442","plotmap_id":"SECTOR-33_144_TOY PARK_IND","plotidentificationnumber":"144","plotno":"144","industrysector":"SECTOR-33","block":"TOY PARK","plotsize":"8000 SQMT","landuse_type":"INDUSTRIAL","landuse_subcategory":"INDUSTRIAL","investment":0,"employment":0,"plotstatus":"Vacant But Not Available For Allotment","landallotementstatus":"VACANT","landallotementtype":"VACANT","village_name":"Muradgarhi","khasra_no":"440,441,456","longitude":77.60166493,"latitude":28.22676654,"authority":"YEIDA","category":"industrial","execution_stage":"vacant"}},{"type":"Feature","geometry":{"type":"Polygon","coordinates":[[[77.60149,28.21976],[77.60149,28.219896],[77.601186,28.219896],[77.601186,28.219761],[77.60149,28.21976]]]},"properties":{"objectid":1623,"uniqueplotid":"PLNGINDUSTRIAL1623","plotmap_id":"SECTOR-32_95_GENERAL INDUSTRY_IND","plotidentificationnumber":"95","plotno":"95","industrysector":"SECTOR-32","block":"GENERAL INDUSTRY","plotsize":"450 SQMT","plotsize_at_the_time_of_allotme":"450 SQMT","plot_size_as_per_lease_plan":450.25,"landuse_type":"INDUSTRIAL","landuse_subcategory":"INDUSTRIAL","scheme_cod":"IND07","investment":3,"employment":10,"plotstatus":"Allotted","landallotementstatus":"SOLD","landallotementtype":"ALLOTTED","allotmentid":"YIND071163","allotment_date":1625077800000,"rate_of_allotment":7010,"lease_deed":"Y","possession":"Y","possession_date":1712169000000,"village_name":"Muradgarhi","khasra_no":"501","longitude":77.60133794,"latitude":28.21982822,"authority":"YEIDA","category":"industrial","execution_stage":"possession-recorded"}},{"type":"Feature","geometry":{"type":"Polygon","coordinates":[[[77.601191,28.22152],[77.601191,28.221655],[77.598813,28.221661],[77.598809,28.220888],[77.601189,28.220883],[77.601191,28.22152]]]},"properties":{"objectid":1641,"uniqueplotid":"PLNGINDUSTRIAL1641","plotmap_id":"SECTOR-32_64_GENERAL INDUSTRY_IND","plotidentificationnumber":"64","plotno":"64","industrysector":"SECTOR-32","block":"GENERAL INDUSTRY","plotsize":"20000 SQMT","plotsize_at_the_time_of_allotme":"20000 SQMT","landuse_type":"INDUSTRIAL","landuse_subcategory":"INDUSTRIAL","scheme_cod":"INDOPEN","investment":129,"employment":450,"plotstatus":"Allotted","landallotementstatus":"SOLD","landallotementtype":"ALLOTTED","allotmentid":"INDOPEN00017","allotment_date":1551033000000,"rate_of_allotment":5145,"lease_deed":"Y","possession":"Y","possession_date":1692210600000,"village_name":"Muradgarhi","khasra_no":"508,541,540,507,506,505","longitude":77.60007436999999,"latitude":28.2212654,"authority":"YEIDA","category":"industrial","execution_stage":"possession-recorded"}},{"type":"Feature","geometry":{"type":"Polygon","coordinates":[[[77.601484,28.217325],[77.601484,28.21746],[77.601179,28.217461],[77.601178,28.217326],[77.601484,28.217325]]]},"properties":{"objectid":1643,"uniqueplotid":"PLNGINDUSTRIAL1643","plotmap_id":"SECTOR-32_77_GENERAL INDUSTRY_IND","plotidentificationnumber":"77","plotno":"77","industrysector":"SECTOR-32","block":"GENERAL INDUSTRY","plotsize":"450 SQMT","plotsize_at_the_time_of_allotme":"450 SQMT","landuse_type":"INDUSTRIAL","landuse_subcategory":"INDUSTRIAL","scheme_cod":"IND01","investment":3,"employment":12,"plotstatus":"Allotted","landallotementstatus":"SOLD","landallotementtype":"ALLOTTED","allotmentid":"YIND010512","allotment_date":1442255400000,"rate_of_allotment":6100,"lease_deed":"N","possession":"N","village_name":"Muradgarhi","khasra_no":"573,560,565","longitude":77.60133124,"latitude":28.217392980000003,"authority":"YEIDA","category":"industrial","execution_stage":"allotted"}},{"type":"Feature","geometry":{"type":"Polygon","coordinates":[[[77.600341,28.221657],[77.600342,28.222198],[77.600037,28.222199],[77.600035,28.221658],[77.600341,28.221657]]]},"properties":{"objectid":1646,"uniqueplotid":"PLNGINDUSTRIAL1646","plotmap_id":"SECTOR-32_59_GENERAL INDUSTRY_IND","plotidentificationnumber":"59","plotno":"59","industrysector":"SECTOR-32","block":"GENERAL INDUSTRY","plotsize":"1800 SQMT","plotsize_at_the_time_of_allotme":"1800 SQMT","landuse_type":"INDUSTRIAL","landuse_subcategory":"INDUSTRIAL","scheme_cod":"IND04","investment":14,"employment":50,"plotstatus":"Allotted","landallotementstatus":"SOLD","landallotementtype":"ALLOTTED","allotmentid":"YIND041104","allotment_date":1546972200000,"rate_of_allotment":6405,"lease_deed":"Y","possession":"N","village_name":"Muradgarhi","khasra_no":"507,506","longitude":77.60018873,"latitude":28.22192789,"authority":"YEIDA","category":"industrial","execution_stage":"lease-recorded"}},{"type":"Feature","geometry":{"type":"Polygon","coordinates":[[[77.601483,28.217179],[77.601483,28.21719],[77.601178,28.21719],[77.601178,28.217055],[77.601483,28.217054],[77.601483,28.217179]]]},"properties":{"objectid":1681,"uniqueplotid":"PLNGINDUSTRIAL1681","plotmap_id":"SECTOR-32_75_GENERAL INDUSTRY_IND","plotidentificationnumber":"75","plotno":"75","industrysector":"SECTOR-32","block":"GENERAL INDUSTRY","plotsize":"450 SQMT","plotsize_at_the_time_of_allotme":"450 SQMT","landuse_type":"INDUSTRIAL","landuse_subcategory":"INDUSTRIAL","scheme_cod":"IND07","investment":3,"employment":10,"plotstatus":"Allotted","landallotementstatus":"SOLD","landallotementtype":"ALLOTTED","allotmentid":"YIND071203","allotment_date":1625077800000,"rate_of_allotment":7010,"lease_deed":"N","possession":"N","village_name":"Muradgarhi","khasra_no":"573","longitude":77.60133048,"latitude":28.217122399999997,"authority":"YEIDA","category":"industrial","execution_stage":"allotted"}},{"type":"Feature","geometry":{"type":"Polygon","coordinates":[[[77.604417,28.217282],[77.604417,28.217508],[77.604295,28.217508],[77.604294,28.217282],[77.604417,28.217282]]]},"properties":{"objectid":1688,"uniqueplotid":"PLNGINDUSTRIAL1688","plotmap_id":"SECTOR-32_909_GENERAL INDUSTRY_IND","plotidentificationnumber":"909","plotno":"909","industrysector":"SECTOR-32","block":"GENERAL INDUSTRY","plotsize":"300 SQMT","plotsize_at_the_time_of_allotme":"300 SQMT","landuse_type":"INDUSTRIAL","landuse_subcategory":"INDUSTRIAL","scheme_cod":"IND02","investment":5,"employment":18,"plotstatus":"Allotted","landallotementstatus":"SOLD","landallotementtype":"ALLOTTED","allotmentid":"YIND021009","allotment_date":1442255400000,"rate_of_allotment":6100,"lease_deed":"Y","possession":"N","village_name":"Chakbirampur","khasra_no":"142,137","longitude":77.60435588,"latitude":28.217394910000003,"authority":"YEIDA","category":"industrial","execution_stage":"lease-recorded"}},{"type":"Feature","geometry":{"type":"Polygon","coordinates":[[[77.601482,28.216784],[77.601483,28.216919],[77.601177,28.21692],[77.601177,28.216785],[77.601482,28.216784]]]},"properties":{"objectid":1699,"uniqueplotid":"PLNGINDUSTRIAL1699","plotmap_id":"SECTOR-32_73_GENERAL INDUSTRY_IND","plotidentificationnumber":"73","plotno":"73","industrysector":"SECTOR-32","block":"GENERAL INDUSTRY","plotsize":"450 SQMT","plotsize_at_the_time_of_allotme":"450 SQMT","plot_size_as_per_lease_plan":450.28,"landuse_type":"INDUSTRIAL","landuse_subcategory":"INDUSTRIAL","scheme_cod":"IND07","investment":3,"employment":10,"plotstatus":"Allotted","landallotementstatus":"SOLD","landallotementtype":"ALLOTTED","allotmentid":"YIND071248","allotment_date":1625077800000,"rate_of_allotment":7010,"lease_deed":"Y","possession":"Y","possession_date":1710959400000,"village_name":"Muradgarhi","khasra_no":"573","longitude":77.60132967,"latitude":28.216851809999998,"authority":"YEIDA","category":"industrial","execution_stage":"possession-recorded"}},{"type":"Feature","geometry":{"type":"Polygon","coordinates":[[[77.603193,28.216843],[77.603194,28.217068],[77.603072,28.217069],[77.603071,28.216843],[77.603193,28.216843]]]},"properties":{"objectid":1702,"uniqueplotid":"PLNGINDUSTRIAL1702","plotmap_id":"SECTOR-32_942_GENERAL INDUSTRY_IND","plotidentificationnumber":"942","plotno":"942","industrysector":"SECTOR-32","block":"GENERAL INDUSTRY","plotsize":"300 SQMT","plotsize_at_the_time_of_allotme":"300 SQMT","landuse_type":"INDUSTRIAL","landuse_subcategory":"INDUSTRIAL","scheme_cod":"IND06","investment":3,"employment":9,"plotstatus":"Allotted","landallotementstatus":"SOLD","landallotementtype":"ALLOTTED","allotmentid":"YIND061058","allotment_date":1574361000000,"rate_of_allotment":6670,"lease_deed":"N","possession":"N","village_name":"Muradgarhi","khasra_no":"568,569","longitude":77.60313251,"latitude":28.21695582,"authority":"YEIDA","category":"industrial","execution_stage":"allotted"}},{"type":"Feature","geometry":{"type":"Polygon","coordinates":[[[77.60246,28.216845],[77.602461,28.21707],[77.602339,28.21707],[77.602338,28.216845],[77.60246,28.216845]]]},"properties":{"objectid":1703,"uniqueplotid":"PLNGINDUSTRIAL1703","plotmap_id":"SECTOR-32_936_GENERAL INDUSTRY_IND","plotidentificationnumber":"936","plotno":"936","industrysector":"SECTOR-32","block":"GENERAL INDUSTRY","plotsize":"300 SQMT","plotsize_at_the_time_of_allotme":"300 SQMT","landuse_type":"INDUSTRIAL","landuse_subcategory":"INDUSTRIAL","scheme_cod":"IND02","investment":5,"employment":18,"plotstatus":"Allotted","landallotementstatus":"SOLD","landallotementtype":"ALLOTTED","allotmentid":"YIND021100","allotment_date":1442255400000,"rate_of_allotment":6100,"lease_deed":"Y","possession":"N","village_name":"Muradgarhi","khasra_no":"565","longitude":77.60239928,"latitude":28.21695755,"authority":"YEIDA","category":"industrial","execution_stage":"lease-recorded"}},{"type":"Feature","geometry":{"type":"Polygon","coordinates":[[[77.60466,28.21684],[77.60466,28.217065],[77.604538,28.217065],[77.604538,28.21684],[77.60466,28.21684]]]},"properties":{"objectid":1705,"uniqueplotid":"PLNGINDUSTRIAL1705","plotmap_id":"SECTOR-32_954_GENERAL INDUSTRY_IND","plotidentificationnumber":"954","plotno":"954","industrysector":"SECTOR-32","block":"GENERAL INDUSTRY","plotsize":"300 SQMT","plotsize_at_the_time_of_allotme":"300 SQMT","landuse_type":"INDUSTRIAL","landuse_subcategory":"INDUSTRIAL","scheme_cod":"IND02","investment":5,"employment":18,"plotstatus":"Allotted","landallotementstatus":"SOLD","landallotementtype":"ALLOTTED","allotmentid":"YIND021182","allotment_date":1442255400000,"rate_of_allotment":6100,"lease_deed":"Y","possession":"Y","possession_date":1644949800000,"map_sanctioned_from_planning":"Y","units_under_production":"Y","village_name":"Chakbirampur","khasra_no":"142","longitude":77.60459896,"latitude":28.21695238,"authority":"YEIDA","category":"industrial","execution_stage":"functional-evidence"}},{"type":"Feature","geometry":{"type":"Polygon","coordinates":[[[77.603807,28.217734],[77.603685,28.217735],[77.603684,28.217509],[77.603806,28.217509],[77.603807,28.217734]]]},"properties":{"objectid":1707,"uniqueplotid":"PLNGINDUSTRIAL1707","plotmap_id":"SECTOR-32_811_GENERAL INDUSTRY_IND","plotidentificationnumber":"811","plotno":"811","industrysector":"SECTOR-32","block":"GENERAL INDUSTRY","plotsize":"300 SQMT","plotsize_at_the_time_of_allotme":"300 SQMT","plot_size_as_per_lease_plan":299.4,"landuse_type":"INDUSTRIAL","landuse_subcategory":"INDUSTRIAL","scheme_cod":"IND02","investment":5,"employment":18,"plotstatus":"Allotted","landallotementstatus":"SOLD","landallotementtype":"ALLOTTED","allotmentid":"YIND021092","allotment_date":1442255400000,"rate_of_allotment":6100,"lease_deed":"Y","possession":"Y","possession_date":1687113000000,"village_name":"Muradgarhi,Chakbirampur","khasra_no":"137,563","longitude":77.60374554,"latitude":28.217621830000002,"authority":"YEIDA","category":"industrial","execution_stage":"possession-recorded"}},{"type":"Feature","geometry":{"type":"Polygon","coordinates":[[[77.60344,28.21751],[77.60344,28.217735],[77.603318,28.217736],[77.603317,28.21751],[77.60344,28.21751]]]},"properties":{"objectid":1708,"uniqueplotid":"PLNGINDUSTRIAL1708","plotmap_id":"SECTOR-32_808_GENERAL INDUSTRY_IND","plotidentificationnumber":"808","plotno":"808","industrysector":"SECTOR-32","block":"GENERAL INDUSTRY","plotsize":"300 SQMT","plotsize_at_the_time_of_allotme":"300 SQMT","landuse_type":"INDUSTRIAL","landuse_subcategory":"INDUSTRIAL","scheme_cod":"IND02","investment":5,"employment":18,"plotstatus":"Allotted","landallotementstatus":"SOLD","landallotementtype":"ALLOTTED","allotmentid":"YIND021342","allotment_date":1442255400000,"rate_of_allotment":6100,"lease_deed":"N","possession":"N","village_name":"Muradgarhi","khasra_no":"568,563,567","longitude":77.60337892000001,"latitude":28.217622690000002,"authority":"YEIDA","category":"industrial","execution_stage":"allotted"}},{"type":"Feature","geometry":{"type":"Polygon","coordinates":[[[77.604662,28.217507],[77.604662,28.217732],[77.60454,28.217733],[77.60454,28.217507],[77.604662,28.217507]]]},"properties":{"objectid":1709,"uniqueplotid":"PLNGINDUSTRIAL1709","plotmap_id":"SECTOR-32_818_GENERAL INDUSTRY_IND","plotidentificationnumber":"818","plotno":"818","industrysector":"SECTOR-32","block":"GENERAL INDUSTRY","plotsize":"300 SQMT","plotsize_at_the_time_of_allotme":"300 SQMT","plot_size_as_per_lease_plan":301.2,"landuse_type":"INDUSTRIAL","landuse_subcategory":"INDUSTRIAL","scheme_cod":"IND02","investment":5,"employment":18,"plotstatus":"Allotted","landallotementstatus":"SOLD","landallotementtype":"ALLOTTED","allotmentid":"YIND021286","allotment_date":1442255400000,"rate_of_allotment":6100,"lease_deed":"Y","possession":"N","village_name":"Chakbirampur","khasra_no":"136,137","longitude":77.60460096,"latitude":28.21761982,"authority":"YEIDA","category":"industrial","execution_stage":"lease-recorded"}},{"type":"Feature","geometry":{"type":"Polygon","coordinates":[[[77.603684,28.217509],[77.603685,28.217735],[77.603563,28.217735],[77.603562,28.21751],[77.603684,28.217509]]]},"properties":{"objectid":1710,"uniqueplotid":"PLNGINDUSTRIAL1710","plotmap_id":"SECTOR-32_810_GENERAL INDUSTRY_IND","plotidentificationnumber":"810","plotno":"810","industrysector":"SECTOR-32","block":"GENERAL INDUSTRY","plotsize":"300 SQMT","plotsize_at_the_time_of_allotme":"300 SQMT","plot_size_as_per_lease_plan":300,"landuse_type":"INDUSTRIAL","landuse_subcategory":"INDUSTRIAL","scheme_cod":"IND02","investment":5,"employment":18,"plotstatus":"Allotted","landallotementstatus":"SOLD","landallotementtype":"ALLOTTED","allotmentid":"YIND021012","allotment_date":1442255400000,"rate_of_allotment":6100,"lease_deed":"Y","possession":"Y","possession_date":1731349800000,"village_name":"Muradgarhi","khasra_no":"563","longitude":77.60362333,"latitude":28.21762211,"authority":"YEIDA","category":"industrial","execution_stage":"possession-recorded"}},{"type":"Feature","geometry":{"type":"Polygon","coordinates":[[[77.602584,28.217512],[77.602585,28.217737],[77.602463,28.217738],[77.602462,28.217512],[77.602584,28.217512]]]},"properties":{"objectid":1711,"uniqueplotid":"PLNGINDUSTRIAL1711","plotmap_id":"SECTOR-32_801_GENERAL INDUSTRY_IND","plotidentificationnumber":"801","plotno":"801","industrysector":"SECTOR-32","block":"GENERAL INDUSTRY","plotsize":"300 SQMT","plotsize_at_the_time_of_allotme":"300 SQMT","landuse_type":"INDUSTRIAL","landuse_subcategory":"INDUSTRIAL","scheme_cod":"IND02","investment":5,"employment":18,"plotstatus":"Allotted","landallotementstatus":"SOLD","landallotementtype":"ALLOTTED","allotmentid":"YIND021136","allotment_date":1442255400000,"rate_of_allotment":6100,"lease_deed":"N","possession":"N","village_name":"Muradgarhi","khasra_no":"565","longitude":77.6025235,"latitude":28.21762469,"authority":"YEIDA","category":"industrial","execution_stage":"allotted"}},{"type":"Feature","geometry":{"type":"Polygon","coordinates":[[[77.601485,28.217866],[77.601485,28.218001],[77.60118,28.218002],[77.60118,28.217867],[77.601485,28.217866]]]},"properties":{"objectid":1715,"uniqueplotid":"PLNGINDUSTRIAL1715","plotmap_id":"SECTOR-32_81_GENERAL INDUSTRY_IND","plotidentificationnumber":"81","plotno":"81","industrysector":"SECTOR-32","block":"GENERAL INDUSTRY","plotsize":"450 SQMT","plotsize_at_the_time_of_allotme":"450 SQMT","plot_size_as_per_lease_plan":450.18,"landuse_type":"INDUSTRIAL","landuse_subcategory":"INDUSTRIAL","scheme_cod":"IND01","investment":3,"employment":12,"plotstatus":"Allotted","landallotementstatus":"SOLD","landallotementtype":"ALLOTTED","allotmentid":"YIND010540","allotment_date":1442255400000,"rate_of_allotment":6100,"lease_deed":"Y","possession":"N","village_name":"Muradgarhi","khasra_no":"553","longitude":77.60133273,"latitude":28.21793415,"authority":"YEIDA","category":"industrial","execution_stage":"lease-recorded"}},{"type":"Feature","geometry":{"type":"Polygon","coordinates":[[[77.603563,28.217951],[77.603564,28.218222],[77.603411,28.218222],[77.60341,28.217952],[77.603563,28.217951]]]},"properties":{"objectid":1717,"uniqueplotid":"PLNGINDUSTRIAL1717","plotmap_id":"SECTOR-32_783_GENERAL INDUSTRY_IND","plotidentificationnumber":"783","plotno":"783","industrysector":"SECTOR-32","block":"GENERAL INDUSTRY","plotsize":"450 SQMT","plotsize_at_the_time_of_allotme":"450 SQMT","landuse_type":"INDUSTRIAL","landuse_subcategory":"INDUSTRIAL","scheme_cod":"IND01","investment":3,"employment":12,"plotstatus":"Allotted","landallotementstatus":"SOLD","landallotementtype":"ALLOTTED","allotmentid":"YIND010616","allotment_date":1442255400000,"rate_of_allotment":6100,"lease_deed":"N","possession":"N","village_name":"Muradgarhi","khasra_no":"563,566","longitude":77.60348725,"latitude":28.21808694,"authority":"YEIDA","category":"industrial","execution_stage":"allotted"}},{"type":"Feature","geometry":{"type":"Polygon","coordinates":[[[77.602952,28.217953],[77.602953,28.218223],[77.6028,28.218224],[77.602799,28.217953],[77.602952,28.217953]]]},"properties":{"objectid":1719,"uniqueplotid":"PLNGINDUSTRIAL1719","plotmap_id":"SECTOR-32_787_GENERAL INDUSTRY_IND","plotidentificationnumber":"787","plotno":"787","industrysector":"SECTOR-32","block":"GENERAL INDUSTRY","plotsize":"450 SQMT","plotsize_at_the_time_of_allotme":"450 SQMT","plot_size_as_per_lease_plan":450,"landuse_type":"INDUSTRIAL","landuse_subcategory":"INDUSTRIAL","scheme_cod":"IND01","investment":3,"employment":12,"plotstatus":"Allotted","landallotementstatus":"SOLD","landallotementtype":"ALLOTTED","allotmentid":"YIND010567","allotment_date":1442255400000,"rate_of_allotment":6100,"lease_deed":"Y","possession":"Y","possession_date":1677954600000,"village_name":"Muradgarhi","khasra_no":"565","longitude":77.60287623,"latitude":28.21808837,"authority":"YEIDA","category":"industrial","execution_stage":"possession-recorded"}},{"type":"Feature","geometry":{"type":"Polygon","coordinates":[[[77.602647,28.217954],[77.602648,28.218224],[77.602495,28.218225],[77.602494,28.217954],[77.602647,28.217954]]]},"properties":{"objectid":1720,"uniqueplotid":"PLNGINDUSTRIAL1720","plotmap_id":"SECTOR-32_789_GENERAL INDUSTRY_IND","plotidentificationnumber":"789","plotno":"789","industrysector":"SECTOR-32","block":"GENERAL INDUSTRY","plotsize":"450 SQMT","plotsize_at_the_time_of_allotme":"450 SQMT","landuse_type":"INDUSTRIAL","landuse_subcategory":"INDUSTRIAL","scheme_cod":"IND01","investment":3,"employment":12,"plotstatus":"Allotted","landallotementstatus":"SOLD","landallotementtype":"ALLOTTED","allotmentid":"YIND010517","allotment_date":1442255400000,"rate_of_allotment":6100,"lease_deed":"N","possession":"N","village_name":"Muradgarhi","khasra_no":"565","longitude":77.60257072,"latitude":28.21808909,"authority":"YEIDA","category":"industrial","execution_stage":"allotted"}},{"type":"Feature","geometry":{"type":"Polygon","coordinates":[[[77.602648,28.218224],[77.602648,28.218495],[77.602496,28.218495],[77.602495,28.218225],[77.602648,28.218224]]]},"properties":{"objectid":1723,"uniqueplotid":"PLNGINDUSTRIAL1723","plotmap_id":"SECTOR-32_692_GENERAL INDUSTRY_IND","plotidentificationnumber":"692","plotno":"692","industrysector":"SECTOR-32","block":"GENERAL INDUSTRY","plotsize":"450 SQMT","plotsize_at_the_time_of_allotme":"450 SQMT","landuse_type":"INDUSTRIAL","landuse_subcategory":"INDUSTRIAL","scheme_cod":"IND01","investment":3,"employment":12,"plotstatus":"Allotted","landallotementstatus":"SOLD","landallotementtype":"ALLOTTED","allotmentid":"YIND010686","allotment_date":1442255400000,"rate_of_allotment":6100,"lease_deed":"N","possession":"N","village_name":"Muradgarhi","khasra_no":"564,565","longitude":77.60257153,"latitude":28.218359669999998,"authority":"YEIDA","category":"industrial","execution_stage":"allotted"}},{"type":"Feature","geometry":{"type":"Polygon","coordinates":[[[77.603717,28.218222],[77.603718,28.218492],[77.603565,28.218493],[77.603564,28.218222],[77.603717,28.218222]]]},"properties":{"objectid":1724,"uniqueplotid":"PLNGINDUSTRIAL1724","plotmap_id":"SECTOR-32_699_GENERAL INDUSTRY_IND","plotidentificationnumber":"699","plotno":"699","industrysector":"SECTOR-32","block":"GENERAL INDUSTRY","plotsize":"450 SQMT","plotsize_at_the_time_of_allotme":"450 SQMT","plot_size_as_per_lease_plan":450,"landuse_type":"INDUSTRIAL","landuse_subcategory":"INDUSTRIAL","scheme_cod":"IND07","investment":3,"employment":10,"plotstatus":"Allotted","landallotementstatus":"SOLD","landallotementtype":"ALLOTTED","allotmentid":"YIND071195","allotment_date":1625077800000,"rate_of_allotment":7010,"lease_deed":"Y","possession":"Y","possession_date":1715193000000,"map_sanctioned_from_planning":"Y","village_name":"Muradgarhi,Chakbirampur","khasra_no":"137,563","longitude":77.60364082,"latitude":28.21835716,"authority":"YEIDA","category":"industrial","execution_stage":"construction-or-map-approval"}},{"type":"Feature","geometry":{"type":"Polygon","coordinates":[[[77.602342,28.218225],[77.602343,28.218495],[77.60219,28.218496],[77.602189,28.218225],[77.602342,28.218225]]]},"properties":{"objectid":1725,"uniqueplotid":"PLNGINDUSTRIAL1725","plotmap_id":"SECTOR-32_690_GENERAL INDUSTRY_IND","plotidentificationnumber":"690","plotno":"690","industrysector":"SECTOR-32","block":"GENERAL INDUSTRY","plotsize":"450 SQMT","plotsize_at_the_time_of_allotme":"450 SQMT","plot_size_as_per_lease_plan":450,"landuse_type":"INDUSTRIAL","landuse_subcategory":"INDUSTRIAL","scheme_cod":"IND01","investment":3,"employment":12,"plotstatus":"Allotted","landallotementstatus":"SOLD","landallotementtype":"ALLOTTED","allotmentid":"YIND010646","allotment_date":1442255400000,"rate_of_allotment":6100,"lease_deed":"Y","possession":"N","village_name":"Muradgarhi","khasra_no":"549,560,565","longitude":77.60226602,"latitude":28.21836039,"authority":"YEIDA","category":"industrial","execution_stage":"lease-recorded"}},{"type":"Feature","geometry":{"type":"Polygon","coordinates":[[[77.602953,28.218223],[77.602954,28.218494],[77.602801,28.218494],[77.6028,28.218224],[77.602953,28.218223]]]},"properties":{"objectid":1726,"uniqueplotid":"PLNGINDUSTRIAL1726","plotmap_id":"SECTOR-32_694_GENERAL INDUSTRY_IND","plotidentificationnumber":"694","plotno":"694","industrysector":"SECTOR-32","block":"GENERAL INDUSTRY","plotsize":"450 SQMT","plotsize_at_the_time_of_allotme":"450 SQMT","landuse_type":"INDUSTRIAL","landuse_subcategory":"INDUSTRIAL","scheme_cod":"IND01","investment":3,"employment":12,"plotstatus":"Allotted","landallotementstatus":"SOLD","landallotementtype":"ALLOTTED","allotmentid":"YIND010578","allotment_date":1442255400000,"rate_of_allotment":6100,"lease_deed":"N","possession":"N","village_name":"Muradgarhi","khasra_no":"565","longitude":77.60287704,"latitude":28.21835895,"authority":"YEIDA","category":"industrial","execution_stage":"allotted"}},{"type":"Feature","geometry":{"type":"Polygon","coordinates":[[[77.602189,28.218225],[77.60219,28.218496],[77.602037,28.218496],[77.602036,28.218226],[77.602189,28.218225]]]},"properties":{"objectid":1727,"uniqueplotid":"PLNGINDUSTRIAL1727","plotmap_id":"SECTOR-32_689_GENERAL INDUSTRY_IND","plotidentificationnumber":"689","plotno":"689","industrysector":"SECTOR-32","block":"GENERAL INDUSTRY","plotsize":"450 SQMT","plotsize_at_the_time_of_allotme":"450 SQMT","plot_size_as_per_lease_plan":450,"landuse_type":"INDUSTRIAL","landuse_subcategory":"INDUSTRIAL","scheme_cod":"IND01","investment":3,"employment":12,"plotstatus":"Allotted","landallotementstatus":"SOLD","landallotementtype":"ALLOTTED","allotmentid":"YIND010674","allotment_date":1442255400000,"rate_of_allotment":6100,"lease_deed":"Y","possession":"Y","possession_date":1696271400000,"map_sanctioned_from_planning":"Y","village_name":"Muradgarhi","khasra_no":"549,560,565","longitude":77.60211327,"latitude":28.218360739999998,"authority":"YEIDA","category":"industrial","execution_stage":"construction-or-map-approval"}},{"type":"Feature","geometry":{"type":"Polygon","coordinates":[[[77.604022,28.218221],[77.604023,28.218492],[77.60387,28.218492],[77.60387,28.218221],[77.604022,28.218221]]]},"properties":{"objectid":1728,"uniqueplotid":"PLNGINDUSTRIAL1728","plotmap_id":"SECTOR-32_701_GENERAL INDUSTRY_IND","plotidentificationnumber":"701","plotno":"701","industrysector":"SECTOR-32","block":"GENERAL INDUSTRY","plotsize":"450 SQMT","plotsize_at_the_time_of_allotme":"450 SQMT","landuse_type":"INDUSTRIAL","landuse_subcategory":"INDUSTRIAL","scheme_cod":"IND07","investment":3,"employment":10,"plotstatus":"Allotted","landallotementstatus":"SOLD","landallotementtype":"ALLOTTED","allotmentid":"YIND071210","allotment_date":1625077800000,"rate_of_allotment":7010,"lease_deed":"N","possession":"N","village_name":"Chakbirampur","khasra_no":"137","longitude":77.60394633,"latitude":28.21835644,"authority":"YEIDA","category":"industrial","execution_stage":"allotted"}},{"type":"Feature","geometry":{"type":"Polygon","coordinates":[[[77.601182,28.218569],[77.601184,28.21934],[77.598801,28.219346],[77.598797,28.218575],[77.601182,28.218569]]]},"properties":{"objectid":1729,"uniqueplotid":"PLNGINDUSTRIAL1729","plotmap_id":"SECTOR-32_67_GENERAL INDUSTRY_IND","plotidentificationnumber":"67","plotno":"67","industrysector":"SECTOR-32","block":"GENERAL INDUSTRY","plotsize":"20000 SQMT","plotsize_at_the_time_of_allotme":"20000 SQMT","plot_size_as_per_lease_plan":20000,"landuse_type":"INDUSTRIAL","landuse_subcategory":"INDUSTRIAL","scheme_cod":"INDOPEN","investment":134,"employment":469,"plotstatus":"Allotted","landallotementstatus":"SOLD","landallotementtype":"ALLOTTED","allotmentid":"INDOPEN00020","allotment_date":1565289000000,"rate_of_allotment":5356,"lease_deed":"Y","possession":"Y","possession_date":1677436200000,"village_name":"Muradgarhi","khasra_no":"549,547,548,551,545,546,550,552","longitude":77.59996099,"latitude":28.21890777,"authority":"YEIDA","category":"industrial","execution_stage":"possession-recorded"}},{"type":"Feature","geometry":{"type":"Polygon","coordinates":[[[77.605397,28.218218],[77.605398,28.218488],[77.605245,28.218489],[77.605244,28.218218],[77.605397,28.218218]]]},"properties":{"objectid":1732,"uniqueplotid":"PLNGINDUSTRIAL1732","plotmap_id":"SECTOR-32_710_GENERAL INDUSTRY_IND","plotidentificationnumber":"710","plotno":"710","industrysector":"SECTOR-32","block":"GENERAL INDUSTRY","plotsize":"450 SQMT","plotsize_at_the_time_of_allotme":"450 SQMT","plot_size_as_per_lease_plan":450,"landuse_type":"INDUSTRIAL","landuse_subcategory":"INDUSTRIAL","scheme_cod":"IND07","investment":3,"employment":10,"plotstatus":"Allotted","landallotementstatus":"SOLD","landallotementtype":"ALLOTTED","allotmentid":"YIND071173","allotment_date":1625164200000,"rate_of_allotment":7010,"lease_deed":"Y","possession":"Y","possession_date":1713810600000,"village_name":"Chakbirampur","khasra_no":"90","longitude":77.60532113,"latitude":28.21835322,"authority":"YEIDA","category":"industrial","execution_stage":"possession-recorded"}},{"type":"Feature","geometry":{"type":"Polygon","coordinates":[[[77.604633,28.21822],[77.604634,28.21849],[77.604481,28.21849],[77.604481,28.21822],[77.604633,28.21822]]]},"properties":{"objectid":1733,"uniqueplotid":"PLNGINDUSTRIAL1733","plotmap_id":"SECTOR-32_705_GENERAL INDUSTRY_IND","plotidentificationnumber":"705","plotno":"705","industrysector":"SECTOR-32","block":"GENERAL INDUSTRY","plotsize":"450 SQMT","plotsize_at_the_time_of_allotme":"450 SQMT","plot_size_as_per_lease_plan":450,"landuse_type":"INDUSTRIAL","landuse_subcategory":"INDUSTRIAL","scheme_cod":"IND07","investment":3,"employment":10,"plotstatus":"Allotted","landallotementstatus":"SOLD","landallotementtype":"ALLOTTED","allotmentid":"YIND071174","allotment_date":1625077800000,"rate_of_allotment":7010,"lease_deed":"Y","possession":"Y","possession_date":1697653800000,"village_name":"Chakbirampur","khasra_no":"90,137","longitude":77.60455735000001,"latitude":28.21835501,"authority":"YEIDA","category":"industrial","execution_stage":"possession-recorded"}},{"type":"Feature","geometry":{"type":"Polygon","coordinates":[[[77.603107,28.21871],[77.603108,28.218981],[77.602955,28.218981],[77.602954,28.218711],[77.603107,28.21871]]]},"properties":{"objectid":1735,"uniqueplotid":"PLNGINDUSTRIAL1735","plotmap_id":"SECTOR-32_678_GENERAL INDUSTRY_IND","plotidentificationnumber":"678","plotno":"678","industrysector":"SECTOR-32","block":"GENERAL INDUSTRY","plotsize":"450 SQMT","plotsize_at_the_time_of_allotme":"450 SQMT","plot_size_as_per_lease_plan":450,"landuse_type":"INDUSTRIAL","landuse_subcategory":"INDUSTRIAL","scheme_cod":"IND01","investment":3,"employment":12,"plotstatus":"Allotted","landallotementstatus":"SOLD","landallotementtype":"ALLOTTED","allotmentid":"YIND010623","allotment_date":1442255400000,"rate_of_allotment":6100,"lease_deed":"Y","possession":"Y","possession_date":-55120195800000,"map_sanctioned_from_planning":"Y","units_under_construction":"Y","village_name":"Muradgarhi","khasra_no":"563,560,565","longitude":77.60303126,"latitude":28.21884564,"authority":"YEIDA","category":"industrial","execution_stage":"construction-or-map-approval"}},{"type":"Feature","geometry":{"type":"Polygon","coordinates":[[[77.604177,28.218708],[77.604177,28.218978],[77.604025,28.218979],[77.604024,28.218708],[77.604177,28.218708]]]},"properties":{"objectid":1736,"uniqueplotid":"PLNGINDUSTRIAL1736","plotmap_id":"SECTOR-32_671_GENERAL INDUSTRY_IND","plotidentificationnumber":"671","plotno":"671","industrysector":"SECTOR-32","block":"GENERAL INDUSTRY","plotsize":"450 SQMT","plotsize_at_the_time_of_allotme":"450 SQMT","landuse_type":"INDUSTRIAL","landuse_subcategory":"INDUSTRIAL","scheme_cod":"IND12","investment":173,"employment":65,"plot_total_employment":"44","plotstatus":"Allotted","landallotementstatus":"SOLD","landallotementtype":"ALLOTTED","allotmentid":"YIND120032","allotment_date":1701109800000,"rate_of_allotment":13542,"lease_deed":"N","village_name":"Chakbirampur","khasra_no":"90,137","longitude":77.60410055,"latitude":28.218843130000003,"authority":"YEIDA","category":"industrial","execution_stage":"allotted"}},{"type":"Feature","geometry":{"type":"Polygon","coordinates":[[[77.603413,28.218709],[77.603414,28.21898],[77.603261,28.21898],[77.60326,28.21871],[77.603413,28.218709]]]},"properties":{"objectid":1737,"uniqueplotid":"PLNGINDUSTRIAL1737","plotmap_id":"SECTOR-32_676_GENERAL INDUSTRY_IND","plotidentificationnumber":"676","plotno":"676","industrysector":"SECTOR-32","block":"GENERAL INDUSTRY","plotsize":"450 SQMT","plotsize_at_the_time_of_allotme":"450 SQMT","plot_size_as_per_lease_plan":450,"landuse_type":"INDUSTRIAL","landuse_subcategory":"INDUSTRIAL","scheme_cod":"IND01","investment":3,"employment":12,"plotstatus":"Allotted","landallotementstatus":"SOLD","landallotementtype":"ALLOTTED","allotmentid":"YIND010603","allotment_date":1442255400000,"rate_of_allotment":6100,"lease_deed":"Y","possession":"Y","possession_date":1684434600000,"map_sanctioned_from_planning":"Y","units_under_construction":"Y","village_name":"Muradgarhi","khasra_no":"563,565","longitude":77.60333678,"latitude":28.218844930000003,"authority":"YEIDA","category":"industrial","execution_stage":"construction-or-map-approval"}},{"type":"Feature","geometry":{"type":"Polygon","coordinates":[[[77.602804,28.219469],[77.602805,28.219739],[77.602652,28.219739],[77.602651,28.219469],[77.602804,28.219469]]]},"properties":{"objectid":1746,"uniqueplotid":"PLNGINDUSTRIAL1746","plotmap_id":"SECTOR-32_572_GENERAL INDUSTRY_IND","plotidentificationnumber":"572","plotno":"572","industrysector":"SECTOR-32","block":"GENERAL INDUSTRY","plotsize":"450 SQMT","plotsize_at_the_time_of_allotme":"450 SQMT","landuse_type":"INDUSTRIAL","landuse_subcategory":"INDUSTRIAL","scheme_cod":"IND06","investment":4,"employment":13,"plotstatus":"Allotted","landallotementstatus":"SOLD","landallotementtype":"ALLOTTED","allotmentid":"YIND061244","allotment_date":1574361000000,"rate_of_allotment":6670,"lease_deed":"N","possession":"N","village_name":"Muradgarhi","khasra_no":"499,500","longitude":77.60272803,"latitude":28.21960398,"authority":"YEIDA","category":"industrial","execution_stage":"allotted"}},{"type":"Feature","geometry":{"type":"Polygon","coordinates":[[[77.604484,28.219465],[77.604485,28.219735],[77.604332,28.219736],[77.604332,28.219465],[77.604484,28.219465]]]},"properties":{"objectid":1751,"uniqueplotid":"PLNGINDUSTRIAL1751","plotmap_id":"SECTOR-32_561_GENERAL INDUSTRY_IND","plotidentificationnumber":"561","plotno":"561","industrysector":"SECTOR-32","block":"GENERAL INDUSTRY","plotsize":"450 SQMT","plotsize_at_the_time_of_allotme":"450 SQMT","landuse_type":"INDUSTRIAL","landuse_subcategory":"INDUSTRIAL","scheme_cod":"IND01","investment":3,"employment":12,"plotstatus":"Allotted","landallotementstatus":"SOLD","landallotementtype":"ALLOTTED","allotmentid":"YIND010653","allotment_date":1442255400000,"rate_of_allotment":6100,"lease_deed":"Y","possession":"Y","possession_date":1732559400000,"village_name":"Chakbirampur","khasra_no":"90","longitude":77.60440833999999,"latitude":28.21960004,"authority":"YEIDA","category":"industrial","execution_stage":"possession-recorded"}},{"type":"Feature","geometry":{"type":"Polygon","coordinates":[[[77.604026,28.219466],[77.604027,28.219736],[77.603874,28.219737],[77.603873,28.219466],[77.604026,28.219466]]]},"properties":{"objectid":1752,"uniqueplotid":"PLNGINDUSTRIAL1752","plotmap_id":"SECTOR-32_564_GENERAL INDUSTRY_IND","plotidentificationnumber":"564","plotno":"564","industrysector":"SECTOR-32","block":"GENERAL INDUSTRY","plotsize":"450 SQMT","plotsize_at_the_time_of_allotme":"450 SQMT","landuse_type":"INDUSTRIAL","landuse_subcategory":"INDUSTRIAL","scheme_cod":"IND06","investment":4,"employment":13,"plotstatus":"Allotted","landallotementstatus":"SOLD","landallotementtype":"ALLOTTED","allotmentid":"YIND061207","allotment_date":1574361000000,"rate_of_allotment":6670,"lease_deed":"Y","possession":"Y","possession_date":1664476200000,"village_name":"Muradgarhi,Chakbirampur","khasra_no":"90,561,560","longitude":77.60395007999999,"latitude":28.21960112,"authority":"YEIDA","category":"industrial","execution_stage":"possession-recorded"}},{"type":"Feature","geometry":{"type":"Polygon","coordinates":[[[77.604027,28.219736],[77.604028,28.220007],[77.603875,28.220007],[77.603874,28.219737],[77.604027,28.219736]]]},"properties":{"objectid":1755,"uniqueplotid":"PLNGINDUSTRIAL1755","plotmap_id":"SECTOR-32_485_GENERAL INDUSTRY_IND","plotidentificationnumber":"485","plotno":"485","industrysector":"SECTOR-32","block":"GENERAL INDUSTRY","plotsize":"450 SQMT","plotsize_at_the_time_of_allotme":"450 SQMT","landuse_type":"INDUSTRIAL","landuse_subcategory":"INDUSTRIAL","scheme_cod":"IND06","investment":4,"employment":13,"plotstatus":"Allotted","landallotementstatus":"SOLD","landallotementtype":"ALLOTTED","allotmentid":"YIND061267","allotment_date":1574361000000,"rate_of_allotment":6670,"lease_deed":"N","possession":"N","village_name":"Muradgarhi","khasra_no":"499,498,561,497,560","longitude":77.60395089,"latitude":28.219871689999998,"authority":"YEIDA","category":"industrial","execution_stage":"allotted"}},{"type":"Feature","geometry":{"type":"Polygon","coordinates":[[[77.604943,28.219734],[77.604944,28.220005],[77.604791,28.220005],[77.604791,28.219734],[77.604943,28.219734]]]},"properties":{"objectid":1756,"uniqueplotid":"PLNGINDUSTRIAL1756","plotmap_id":"SECTOR-32_491_GENERAL INDUSTRY_IND","plotidentificationnumber":"491","plotno":"491","industrysector":"SECTOR-32","block":"GENERAL INDUSTRY","plotsize":"450 SQMT","plotsize_at_the_time_of_allotme":"450 SQMT","landuse_type":"INDUSTRIAL","landuse_subcategory":"INDUSTRIAL","scheme_cod":"IND01","investment":3,"employment":12,"plotstatus":"Allotted","landallotementstatus":"SOLD","landallotementtype":"ALLOTTED","allotmentid":"YIND010522","allotment_date":1442255400000,"rate_of_allotment":6100,"lease_deed":"N","possession":"N","village_name":"Chakbirampur","khasra_no":"90,89","longitude":77.60486741999999,"latitude":28.219869539999998,"authority":"YEIDA","category":"industrial","execution_stage":"allotted"}},{"type":"Feature","geometry":{"type":"Polygon","coordinates":[[[77.60191,28.220228],[77.601911,28.220544],[77.601738,28.220544],[77.601737,28.220229],[77.60191,28.220228]]]},"properties":{"objectid":1757,"uniqueplotid":"PLNGINDUSTRIAL1757","plotmap_id":"SECTOR-32_470_GENERAL INDUSTRY_IND","plotidentificationnumber":"470","plotno":"470","industrysector":"SECTOR-32","block":"GENERAL INDUSTRY","plotsize":"595 SQMT","plotsize_at_the_time_of_allotme":"595 SQMT","landuse_type":"INDUSTRIAL","landuse_subcategory":"INDUSTRIAL","scheme_cod":"IND06","investment":5,"employment":17,"plotstatus":"Allotted","landallotementstatus":"SOLD","landallotementtype":"ALLOTTED","allotmentid":"YIND061315","allotment_date":1574361000000,"rate_of_allotment":6670,"lease_deed":"N","possession":"N","village_name":"Muradgarhi","khasra_no":"499,500","longitude":77.60183128,"latitude":28.220399410000002,"authority":"YEIDA","category":"industrial","execution_stage":"allotted"}},{"type":"Feature","geometry":{"type":"Polygon","coordinates":[[[77.601492,28.220572],[77.601492,28.220707],[77.601189,28.220708],[77.601188,28.220573],[77.601492,28.220572]]]},"properties":{"objectid":1759,"uniqueplotid":"PLNGINDUSTRIAL1759","plotmap_id":"SECTOR-32_101_GENERAL INDUSTRY_IND","plotidentificationnumber":"101","plotno":"101","industrysector":"SECTOR-32","block":"GENERAL INDUSTRY","plotsize":"450 SQMT","plotsize_at_the_time_of_allotme":"450 SQMT","plot_size_as_per_lease_plan":450,"landuse_type":"INDUSTRIAL","landuse_subcategory":"INDUSTRIAL","scheme_cod":"IND07","investment":3,"employment":10,"plotstatus":"Allotted","landallotementstatus":"SOLD","landallotementtype":"ALLOTTED","allotmentid":"YIND071249","allotment_date":1625077800000,"rate_of_allotment":7010,"lease_deed":"Y","possession":"Y","possession_date":1703097000000,"village_name":"Muradgarhi","khasra_no":"499,500,505","longitude":77.60134018,"latitude":28.220639950000002,"authority":"YEIDA","category":"industrial","execution_stage":"possession-recorded"}},{"type":"Feature","geometry":{"type":"Polygon","coordinates":[[[77.603468,28.220225],[77.603469,28.22054],[77.603296,28.220541],[77.603295,28.220225],[77.603468,28.220225]]]},"properties":{"objectid":1760,"uniqueplotid":"PLNGINDUSTRIAL1760","plotmap_id":"SECTOR-32_461_GENERAL INDUSTRY_IND","plotidentificationnumber":"461","plotno":"461","industrysector":"SECTOR-32","block":"GENERAL INDUSTRY","plotsize":"595 SQMT","plotsize_at_the_time_of_allotme":"595 SQMT","landuse_type":"INDUSTRIAL","landuse_subcategory":"INDUSTRIAL","scheme_cod":"IND02","investment":5,"employment":16,"plotstatus":"Allotted","landallotementstatus":"SOLD","landallotementtype":"ALLOTTED","allotmentid":"YIND021451","allotment_date":1442255400000,"rate_of_allotment":6100,"lease_deed":"N","possession":"N","village_name":"Muradgarhi","khasra_no":"497","longitude":77.60338214000001,"latitude":28.220382620000002,"authority":"YEIDA","category":"industrial","execution_stage":"allotted"}},{"type":"Feature","geometry":{"type":"Polygon","coordinates":[[[77.603469,28.22054],[77.60347,28.220856],[77.603297,28.220856],[77.603296,28.220541],[77.603469,28.22054]]]},"properties":{"objectid":1762,"uniqueplotid":"PLNGINDUSTRIAL1762","plotmap_id":"SECTOR-32_390_GENERAL INDUSTRY_IND","plotidentificationnumber":"390","plotno":"390","industrysector":"SECTOR-32","block":"GENERAL INDUSTRY","plotsize":"595 SQMT","plotsize_at_the_time_of_allotme":"595 SQMT","plot_size_as_per_lease_plan":595,"landuse_type":"INDUSTRIAL","landuse_subcategory":"INDUSTRIAL","scheme_cod":"IND02","investment":5,"employment":16,"plotstatus":"Allotted","landallotementstatus":"SOLD","landallotementtype":"ALLOTTED","allotmentid":"YIND021414","allotment_date":1442255400000,"rate_of_allotment":6100,"lease_deed":"Y","possession":"Y","possession_date":1719426600000,"village_name":"Muradgarhi","khasra_no":"497","longitude":77.60338309000001,"latitude":28.22069829,"authority":"YEIDA","category":"industrial","execution_stage":"possession-recorded"}},{"type":"Feature","geometry":{"type":"Polygon","coordinates":[[[77.603124,28.220857],[77.602951,28.220857],[77.60295,28.220541],[77.603123,28.220541],[77.603124,28.220857]]]},"properties":{"objectid":1765,"uniqueplotid":"PLNGINDUSTRIAL1765","plotmap_id":"SECTOR-32_388_GENERAL INDUSTRY_IND","plotidentificationnumber":"388","plotno":"388","industrysector":"SECTOR-32","block":"GENERAL INDUSTRY","plotsize":"595 SQMT","plotsize_at_the_time_of_allotme":"595 SQMT","plot_size_as_per_lease_plan":595,"landuse_type":"INDUSTRIAL","landuse_subcategory":"INDUSTRIAL","scheme_cod":"IND06","investment":5,"employment":17,"plotstatus":"Allotted","landallotementstatus":"SOLD","landallotementtype":"ALLOTTED","allotmentid":"YIND061362","allotment_date":1574361000000,"rate_of_allotment":6670,"lease_deed":"Y","possession":"Y","possession_date":1723228200000,"village_name":"Muradgarhi","khasra_no":"497","longitude":77.60303684,"latitude":28.22069911,"authority":"YEIDA","category":"industrial","execution_stage":"possession-recorded"}},{"type":"Feature","geometry":{"type":"Polygon","coordinates":[[[77.603643,28.220856],[77.60347,28.220856],[77.603469,28.22054],[77.603642,28.22054],[77.603643,28.220856]]]},"properties":{"objectid":1766,"uniqueplotid":"PLNGINDUSTRIAL1766","plotmap_id":"SECTOR-32_391_GENERAL INDUSTRY_IND","plotidentificationnumber":"391","plotno":"391","industrysector":"SECTOR-32","block":"GENERAL INDUSTRY","plotsize":"595 SQMT","plotsize_at_the_time_of_allotme":"595 SQMT","plot_size_as_per_lease_plan":595,"landuse_type":"INDUSTRIAL","landuse_subcategory":"INDUSTRIAL","scheme_cod":"IND02","investment":5,"employment":16,"plotstatus":"Allotted","landallotementstatus":"SOLD","landallotementtype":"ALLOTTED","allotmentid":"YIND021443","allotment_date":1442255400000,"rate_of_allotment":6100,"lease_deed":"Y","possession":"Y","possession_date":1700505000000,"village_name":"Muradgarhi","khasra_no":"497","longitude":77.60355621,"latitude":28.22069789,"authority":"YEIDA","category":"industrial","execution_stage":"possession-recorded"}},{"type":"Feature","geometry":{"type":"Polygon","coordinates":[[[77.603573,28.221072],[77.603573,28.221298],[77.603451,28.221298],[77.60345,28.221072],[77.603573,28.221072]]]},"properties":{"objectid":1767,"uniqueplotid":"PLNGINDUSTRIAL1767","plotmap_id":"SECTOR-32_366_GENERAL INDUSTRY_IND","plotidentificationnumber":"366","plotno":"366","industrysector":"SECTOR-32","block":"GENERAL INDUSTRY","plotsize":"300 SQMT","plotsize_at_the_time_of_allotme":"300 SQMT","plot_size_as_per_lease_plan":300,"landuse_type":"INDUSTRIAL","landuse_subcategory":"INDUSTRIAL","scheme_cod":"IND02","investment":5,"employment":18,"plotstatus":"Allotted","landallotementstatus":"SOLD","landallotementtype":"ALLOTTED","allotmentid":"YIND021389","allotment_date":1442255400000,"rate_of_allotment":6100,"lease_deed":"Y","possession":"N","village_name":"Muradgarhi","khasra_no":"497,494,495","longitude":77.60351185,"latitude":28.22118503,"authority":"YEIDA","category":"industrial","execution_stage":"lease-recorded"}},{"type":"Feature","geometry":{"type":"Polygon","coordinates":[[[77.604061,28.221071],[77.604062,28.221296],[77.60394,28.221297],[77.603939,28.221071],[77.604061,28.221071]]]},"properties":{"objectid":1768,"uniqueplotid":"PLNGINDUSTRIAL1768","plotmap_id":"SECTOR-32_362_GENERAL INDUSTRY_IND","plotidentificationnumber":"362","plotno":"362","industrysector":"SECTOR-32","block":"GENERAL INDUSTRY","plotsize":"300 SQMT","plotsize_at_the_time_of_allotme":"300 SQMT","landuse_type":"INDUSTRIAL","landuse_subcategory":"INDUSTRIAL","scheme_cod":"IND02","investment":5,"employment":18,"plotstatus":"Allotted","landallotementstatus":"SOLD","landallotementtype":"ALLOTTED","allotmentid":"YIND021160","allotment_date":1442255400000,"rate_of_allotment":6100,"lease_deed":"Y","possession":"Y","possession_date":1726511400000,"units_under_construction":"Y","village_name":"Muradgarhi","khasra_no":"494","longitude":77.60400066,"latitude":28.22118389,"authority":"YEIDA","category":"industrial","execution_stage":"construction-or-map-approval"}},{"type":"Feature","geometry":{"type":"Polygon","coordinates":[[[77.602839,28.221074],[77.60284,28.221299],[77.602718,28.2213],[77.602717,28.221074],[77.602839,28.221074]]]},"properties":{"objectid":1769,"uniqueplotid":"PLNGINDUSTRIAL1769","plotmap_id":"SECTOR-32_372_GENERAL INDUSTRY_IND","plotidentificationnumber":"372","plotno":"372","industrysector":"SECTOR-32","block":"GENERAL INDUSTRY","plotsize":"300 SQMT","plotsize_at_the_time_of_allotme":"300 SQMT","plot_size_as_per_lease_plan":300,"landuse_type":"INDUSTRIAL","landuse_subcategory":"INDUSTRIAL","scheme_cod":"IND06","investment":3,"employment":9,"plotstatus":"Allotted","landallotementstatus":"SOLD","landallotementtype":"ALLOTTED","allotmentid":"YIND061128","allotment_date":1574361000000,"rate_of_allotment":6670,"lease_deed":"Y","possession":"Y","possession_date":1700073000000,"village_name":"Muradgarhi","khasra_no":"497","longitude":77.60277862,"latitude":28.22118675,"authority":"YEIDA","category":"industrial","execution_stage":"possession-recorded"}},{"type":"Feature","geometry":{"type":"Polygon","coordinates":[[[77.604635,28.218707],[77.604636,28.218977],[77.604483,28.218978],[77.604482,28.218707],[77.604635,28.218707]]]},"properties":{"objectid":1778,"uniqueplotid":"PLNGINDUSTRIAL1778","plotmap_id":"SECTOR-32_668_GENERAL INDUSTRY_IND","plotidentificationnumber":"668","plotno":"668","industrysector":"SECTOR-32","block":"GENERAL INDUSTRY","plotsize":"450 SQMT","plotsize_at_the_time_of_allotme":"450 SQMT","plot_size_as_per_lease_plan":450,"landuse_type":"INDUSTRIAL","landuse_subcategory":"INDUSTRIAL","scheme_cod":"IND01","investment":3,"employment":12,"plotstatus":"Allotted","landallotementstatus":"SOLD","landallotementtype":"ALLOTTED","allotmentid":"YIND010536","allotment_date":1442255400000,"rate_of_allotment":6100,"lease_deed":"Y","possession":"N","village_name":"Chakbirampur","khasra_no":"90","longitude":77.60455882000001,"latitude":28.21884206,"authority":"YEIDA","category":"industrial","execution_stage":"lease-recorded"}},{"type":"Feature","geometry":{"type":"Polygon","coordinates":[[[77.603871,28.218708],[77.603872,28.218979],[77.603719,28.218979],[77.603718,28.218709],[77.603871,28.218708]]]},"properties":{"objectid":1782,"uniqueplotid":"PLNGINDUSTRIAL1782","plotmap_id":"SECTOR-32_673_GENERAL INDUSTRY_IND","plotidentificationnumber":"673","plotno":"673","industrysector":"SECTOR-32","block":"GENERAL INDUSTRY","plotsize":"450 SQMT","plotsize_at_the_time_of_allotme":"450 SQMT","plot_size_as_per_lease_plan":450,"landuse_type":"INDUSTRIAL","landuse_subcategory":"INDUSTRIAL","scheme_cod":"IND07","investment":3,"employment":10,"plotstatus":"Allotted","landallotementstatus":"SOLD","landallotementtype":"ALLOTTED","allotmentid":"YIND071184","allotment_date":1625077800000,"rate_of_allotment":7010,"lease_deed":"Y","possession":"N","village_name":"Muradgarhi,Chakbirampur","khasra_no":"137,563","longitude":77.60379504000001,"latitude":28.218843850000003,"authority":"YEIDA","category":"industrial","execution_stage":"lease-recorded"}},{"type":"Feature","geometry":{"type":"Polygon","coordinates":[[[77.60311,28.219468],[77.60311,28.219738],[77.602958,28.219739],[77.602957,28.219468],[77.60311,28.219468]]]},"properties":{"objectid":1783,"uniqueplotid":"PLNGINDUSTRIAL1783","plotmap_id":"SECTOR-32_570_GENERAL INDUSTRY_IND","plotidentificationnumber":"570","plotno":"570","industrysector":"SECTOR-32","block":"GENERAL INDUSTRY","plotsize":"450 SQMT","plotsize_at_the_time_of_allotme":"450 SQMT","plot_size_as_per_lease_plan":450,"landuse_type":"INDUSTRIAL","landuse_subcategory":"INDUSTRIAL","scheme_cod":"IND06","investment":4,"employment":13,"plotstatus":"Allotted","landallotementstatus":"SOLD","landallotementtype":"ALLOTTED","allotmentid":"YIND061223","allotment_date":1574361000000,"rate_of_allotment":6670,"lease_deed":"Y","possession":"N","village_name":"Muradgarhi","khasra_no":"499,500","longitude":77.60303354,"latitude":28.21960327,"authority":"YEIDA","category":"industrial","execution_stage":"lease-recorded"}},{"type":"Feature","geometry":{"type":"Polygon","coordinates":[[[77.601488,28.218948],[77.601488,28.219084],[77.601184,28.219084],[77.601183,28.218949],[77.601488,28.218948]]]},"properties":{"objectid":1785,"uniqueplotid":"PLNGINDUSTRIAL1785","plotmap_id":"SECTOR-32_89_GENERAL INDUSTRY_IND","plotidentificationnumber":"89","plotno":"89","industrysector":"SECTOR-32","block":"GENERAL INDUSTRY","plotsize":"450 SQMT","plotsize_at_the_time_of_allotme":"450 SQMT","landuse_type":"INDUSTRIAL","landuse_subcategory":"INDUSTRIAL","scheme_cod":"IND05","investment":4,"employment":13,"plotstatus":"Allotted","landallotementstatus":"SOLD","landallotementtype":"ALLOTTED","allotmentid":"YIND051038","allotment_date":1542565800000,"rate_of_allotment":6405,"lease_deed":"N","possession":"N","village_name":"Muradgarhi","khasra_no":"549,548","longitude":77.60133571,"latitude":28.21901648,"authority":"YEIDA","category":"industrial","execution_stage":"allotted"}},{"type":"Feature","geometry":{"type":"Polygon","coordinates":[[[77.604927,28.222404],[77.604929,28.222945],[77.604623,28.222946],[77.604622,28.222405],[77.604927,28.222404]]]},"properties":{"objectid":1793,"uniqueplotid":"PLNGINDUSTRIAL1793","plotmap_id":"SECTOR-32_25_GENERAL INDUSTRY_IND","plotidentificationnumber":"25","plotno":"25","industrysector":"SECTOR-32","block":"GENERAL INDUSTRY","plotsize":"1800 SQMT","plotsize_at_the_time_of_allotme":"1800 SQMT","landuse_type":"INDUSTRIAL","landuse_subcategory":"INDUSTRIAL","scheme_cod":"IND06","investment":15,"employment":53,"plotstatus":"Allotted","landallotementstatus":"SOLD","landallotementtype":"ALLOTTED","allotmentid":"YIND061467","allotment_date":1574361000000,"rate_of_allotment":6670,"lease_deed":"N","possession":"N","village_name":"Muradgarhi","khasra_no":"490,489","longitude":77.60477524999999,"latitude":28.22267474,"authority":"YEIDA","category":"industrial","execution_stage":"allotted"}},{"type":"Feature","geometry":{"type":"Polygon","coordinates":[[[77.599424,28.221659],[77.599426,28.2222],[77.59912,28.222201],[77.599119,28.22166],[77.599424,28.221659]]]},"properties":{"objectid":1800,"uniqueplotid":"PLNGINDUSTRIAL1800","plotmap_id":"SECTOR-32_56_GENERAL INDUSTRY_IND","plotidentificationnumber":"56","plotno":"56","industrysector":"SECTOR-32","block":"GENERAL INDUSTRY","plotsize":"1800 SQMT","plotsize_at_the_time_of_allotme":"1800 SQMT","landuse_type":"INDUSTRIAL","landuse_subcategory":"INDUSTRIAL","scheme_cod":"IND06","investment":15,"employment":53,"plotstatus":"Allotted","landallotementstatus":"SOLD","landallotementtype":"ALLOTTED","allotmentid":"YIND061446","allotment_date":1574361000000,"rate_of_allotment":6670,"lease_deed":"Y","possession":"Y","possession_date":1699381800000,"map_sanctioned_from_planning":"Y","village_name":"Muradgarhi","khasra_no":"509,508","longitude":77.5992722,"latitude":28.22193004,"authority":"YEIDA","category":"industrial","execution_stage":"construction-or-map-approval"}},{"type":"Feature","geometry":{"type":"Polygon","coordinates":[[[77.605042,28.221962],[77.605042,28.222187],[77.60492,28.222187],[77.60492,28.221962],[77.605042,28.221962]]]},"properties":{"objectid":1801,"uniqueplotid":"PLNGINDUSTRIAL1801","plotmap_id":"SECTOR-32_135_GENERAL INDUSTRY_IND","plotidentificationnumber":"135","plotno":"135","industrysector":"SECTOR-32","block":"GENERAL INDUSTRY","plotsize":"300 SQMT","plotsize_at_the_time_of_allotme":"300 SQMT","landuse_type":"INDUSTRIAL","landuse_subcategory":"INDUSTRIAL","scheme_cod":"IND02","investment":5,"employment":18,"plotstatus":"Allotted","landallotementstatus":"SOLD","landallotementtype":"ALLOTTED","allotmentid":"YIND021284","allotment_date":1442255400000,"rate_of_allotment":6100,"lease_deed":"Y","possession":"N","village_name":"Muradgarhi","khasra_no":"490","longitude":77.60498098000001,"latitude":28.22207448,"authority":"YEIDA","category":"industrial","execution_stage":"lease-recorded"}},{"type":"Feature","geometry":{"type":"Polygon","coordinates":[[[77.605406,28.221068],[77.605406,28.221293],[77.605284,28.221294],[77.605283,28.221068],[77.605406,28.221068]]]},"properties":{"objectid":1805,"uniqueplotid":"PLNGINDUSTRIAL1805","plotmap_id":"SECTOR-32_351_GENERAL INDUSTRY_IND","plotidentificationnumber":"351","plotno":"351","industrysector":"SECTOR-32","block":"GENERAL INDUSTRY","plotsize":"300 SQMT","plotsize_at_the_time_of_allotme":"300 SQMT","plot_size_as_per_lease_plan":300,"landuse_type":"INDUSTRIAL","landuse_subcategory":"INDUSTRIAL","scheme_cod":"IND02","investment":5,"employment":18,"plotstatus":"Allotted","landallotementstatus":"SOLD","landallotementtype":"ALLOTTED","allotmentid":"YIND021200","allotment_date":1442255400000,"rate_of_allotment":6100,"lease_deed":"Y","possession":"Y","possession_date":1713897000000,"village_name":"Chakbirampur","khasra_no":"85,86","longitude":77.60534491,"latitude":28.22118073,"authority":"YEIDA","category":"industrial","execution_stage":"possession-recorded"}},{"type":"Feature","geometry":{"type":"Polygon","coordinates":[[[77.604429,28.221296],[77.604429,28.221521],[77.604307,28.221521],[77.604307,28.221296],[77.604429,28.221296]]]},"properties":{"objectid":1810,"uniqueplotid":"PLNGINDUSTRIAL1810","plotmap_id":"SECTOR-32_266_GENERAL INDUSTRY_IND","plotidentificationnumber":"266","plotno":"266","industrysector":"SECTOR-32","block":"GENERAL INDUSTRY","plotsize":"300 SQMT","plotsize_at_the_time_of_allotme":"300 SQMT","plot_size_as_per_lease_plan":300,"landuse_type":"INDUSTRIAL","landuse_subcategory":"INDUSTRIAL","scheme_cod":"IND04","investment":5,"employment":18,"plotstatus":"Allotted","landallotementstatus":"SOLD","landallotementtype":"ALLOTTED","allotmentid":"YIND041023","allotment_date":1546972200000,"rate_of_allotment":6405,"lease_deed":"Y","possession":"Y","possession_date":1692901800000,"map_sanctioned_from_planning":"Y","units_under_construction":"Y","village_name":"Muradgarhi","khasra_no":"492","longitude":77.60436795999999,"latitude":28.2214085,"authority":"YEIDA","category":"industrial","execution_stage":"construction-or-map-approval"}},{"type":"Feature","geometry":{"type":"Polygon","coordinates":[[[77.603084,28.221299],[77.603085,28.221524],[77.602963,28.221525],[77.602962,28.221299],[77.603084,28.221299]]]},"properties":{"objectid":1812,"uniqueplotid":"PLNGINDUSTRIAL1812","plotmap_id":"SECTOR-32_255_GENERAL INDUSTRY_IND","plotidentificationnumber":"255","plotno":"255","industrysector":"SECTOR-32","block":"GENERAL INDUSTRY","plotsize":"300 SQMT","plotsize_at_the_time_of_allotme":"300 SQMT","plot_size_as_per_lease_plan":300,"landuse_type":"INDUSTRIAL","landuse_subcategory":"INDUSTRIAL","scheme_cod":"IND02","investment":5,"employment":18,"plotstatus":"Allotted","landallotementstatus":"SOLD","landallotementtype":"ALLOTTED","allotmentid":"YIND021021","allotment_date":1442255400000,"rate_of_allotment":6100,"lease_deed":"Y","possession":"Y","possession_date":1722969000000,"village_name":"Muradgarhi","khasra_no":"497,494,495","longitude":77.60302370999999,"latitude":28.221411659999998,"authority":"YEIDA","category":"industrial","execution_stage":"possession-recorded"}},{"type":"Feature","geometry":{"type":"Polygon","coordinates":[[[77.602596,28.2213],[77.602596,28.221525],[77.602474,28.221526],[77.602473,28.2213],[77.602596,28.2213]]]},"properties":{"objectid":1813,"uniqueplotid":"PLNGINDUSTRIAL1813","plotmap_id":"SECTOR-32_251_GENERAL INDUSTRY_IND","plotidentificationnumber":"251","plotno":"251","industrysector":"SECTOR-32","block":"GENERAL INDUSTRY","plotsize":"300 SQMT","plotsize_at_the_time_of_allotme":"300 SQMT","plot_size_as_per_lease_plan":300,"landuse_type":"INDUSTRIAL","landuse_subcategory":"INDUSTRIAL","scheme_cod":"IND06","investment":3,"employment":9,"plotstatus":"Allotted","landallotementstatus":"SOLD","landallotementtype":"ALLOTTED","allotmentid":"YIND061169","allotment_date":1574361000000,"rate_of_allotment":6670,"lease_deed":"Y","possession":"N","village_name":"Muradgarhi","khasra_no":"496","longitude":77.60253489,"latitude":28.2214128,"authority":"YEIDA","category":"industrial","execution_stage":"lease-recorded"}},{"type":"Feature","geometry":{"type":"Polygon","coordinates":[[[77.604919,28.221736],[77.60492,28.221962],[77.604797,28.221962],[77.604797,28.221737],[77.604919,28.221736]]]},"properties":{"objectid":1818,"uniqueplotid":"PLNGINDUSTRIAL1818","plotmap_id":"SECTOR-32_219_GENERAL INDUSTRY_IND","plotidentificationnumber":"219","plotno":"219","industrysector":"SECTOR-32","block":"GENERAL INDUSTRY","plotsize":"300 SQMT","plotsize_at_the_time_of_allotme":"300 SQMT","plot_size_as_per_lease_plan":300,"landuse_type":"INDUSTRIAL","landuse_subcategory":"INDUSTRIAL","scheme_cod":"IND02","investment":5,"employment":18,"plotstatus":"Allotted","landallotementstatus":"SOLD","landallotementtype":"ALLOTTED","allotmentid":"YIND021015","allotment_date":1442255400000,"rate_of_allotment":6100,"lease_deed":"Y","possession":"Y","possession_date":1688581800000,"village_name":"Muradgarhi","khasra_no":"490,491","longitude":77.6048581,"latitude":28.221849300000002,"authority":"YEIDA","category":"industrial","execution_stage":"possession-recorded"}},{"type":"Feature","geometry":{"type":"Polygon","coordinates":[[[77.605041,28.221736],[77.605042,28.221962],[77.60492,28.221962],[77.604919,28.221736],[77.605041,28.221736]]]},"properties":{"objectid":1819,"uniqueplotid":"PLNGINDUSTRIAL1819","plotmap_id":"SECTOR-32_218_GENERAL INDUSTRY_IND","plotidentificationnumber":"218","plotno":"218","industrysector":"SECTOR-32","block":"GENERAL INDUSTRY","plotsize":"300 SQMT","plotsize_at_the_time_of_allotme":"300 SQMT","landuse_type":"INDUSTRIAL","landuse_subcategory":"INDUSTRIAL","scheme_cod":"IND02","investment":5,"employment":18,"plotstatus":"Allotted","landallotementstatus":"SOLD","landallotementtype":"ALLOTTED","allotmentid":"YIND021185","allotment_date":1442255400000,"rate_of_allotment":6100,"lease_deed":"Y","possession":"N","village_name":"Muradgarhi","khasra_no":"490,491","longitude":77.60498031,"latitude":28.221849010000003,"authority":"YEIDA","category":"industrial","execution_stage":"lease-recorded"}},{"type":"Feature","geometry":{"type":"Polygon","coordinates":[[[77.603819,28.221739],[77.60382,28.221964],[77.603698,28.221965],[77.603697,28.221739],[77.603819,28.221739]]]},"properties":{"objectid":1820,"uniqueplotid":"PLNGINDUSTRIAL1820","plotmap_id":"SECTOR-32_228_GENERAL INDUSTRY_IND","plotidentificationnumber":"228","plotno":"228","industrysector":"SECTOR-32","block":"GENERAL INDUSTRY","plotsize":"300 SQMT","plotsize_at_the_time_of_allotme":"300 SQMT","plot_size_as_per_lease_plan":300,"landuse_type":"INDUSTRIAL","landuse_subcategory":"INDUSTRIAL","scheme_cod":"IND06","investment":3,"employment":9,"plotstatus":"Allotted","landallotementstatus":"SOLD","landallotementtype":"ALLOTTED","allotmentid":"YIND061079","allotment_date":1574361000000,"rate_of_allotment":6670,"lease_deed":"Y","possession":"N","village_name":"Muradgarhi","khasra_no":"492","longitude":77.60375826,"latitude":28.221851880000003,"authority":"YEIDA","category":"industrial","execution_stage":"lease-recorded"}},{"type":"Feature","geometry":{"type":"Polygon","coordinates":[[[77.60492,28.221962],[77.60492,28.222187],[77.604798,28.222188],[77.604797,28.221962],[77.60492,28.221962]]]},"properties":{"objectid":1824,"uniqueplotid":"PLNGINDUSTRIAL1824","plotmap_id":"SECTOR-32_134_GENERAL INDUSTRY_IND","plotidentificationnumber":"134","plotno":"134","industrysector":"SECTOR-32","block":"GENERAL INDUSTRY","plotsize":"300 SQMT","plotsize_at_the_time_of_allotme":"300 SQMT","landuse_type":"INDUSTRIAL","landuse_subcategory":"INDUSTRIAL","scheme_cod":"IND06","investment":3,"employment":9,"plotstatus":"Allotted","landallotementstatus":"SOLD","landallotementtype":"ALLOTTED","allotmentid":"YIND061035","allotment_date":1574361000000,"rate_of_allotment":6670,"lease_deed":"Y","possession":"N","village_name":"Muradgarhi","khasra_no":"490","longitude":77.60485878,"latitude":28.222074770000003,"authority":"YEIDA","category":"industrial","execution_stage":"lease-recorded"}},{"type":"Feature","geometry":{"type":"Polygon","coordinates":[[[77.605408,28.221961],[77.605409,28.222186],[77.605287,28.222187],[77.605286,28.221961],[77.605408,28.221961]]]},"properties":{"objectid":1826,"uniqueplotid":"PLNGINDUSTRIAL1826","plotmap_id":"SECTOR-32_138_GENERAL INDUSTRY_IND","plotidentificationnumber":"138","plotno":"138","industrysector":"SECTOR-32","block":"GENERAL INDUSTRY","plotsize":"300 SQMT","plotsize_at_the_time_of_allotme":"300 SQMT","landuse_type":"INDUSTRIAL","landuse_subcategory":"INDUSTRIAL","scheme_cod":"IND02","investment":5,"employment":18,"plotstatus":"Allotted","landallotementstatus":"SOLD","landallotementtype":"ALLOTTED","allotmentid":"YIND021257","allotment_date":1442255400000,"rate_of_allotment":6100,"lease_deed":"Y","possession":"Y","possession_date":-1421299800000,"village_name":"Muradgarhi,Chakbirampur","khasra_no":"85,490","longitude":77.6053476,"latitude":28.22207362,"authority":"YEIDA","category":"industrial","execution_stage":"possession-recorded"}},{"type":"Feature","geometry":{"type":"Polygon","coordinates":[[[77.60272,28.221967],[77.602721,28.222193],[77.602598,28.222193],[77.602598,28.221967],[77.60272,28.221967]]]},"properties":{"objectid":1827,"uniqueplotid":"PLNGINDUSTRIAL1827","plotmap_id":"SECTOR-32_116_GENERAL INDUSTRY_IND","plotidentificationnumber":"116","plotno":"116","industrysector":"SECTOR-32","block":"GENERAL INDUSTRY","plotsize":"300 SQMT","plotsize_at_the_time_of_allotme":"300 SQMT","landuse_type":"INDUSTRIAL","landuse_subcategory":"INDUSTRIAL","scheme_cod":"IND06","investment":3,"employment":9,"plotstatus":"Allotted","landallotementstatus":"SOLD","landallotementtype":"ALLOTTED","allotmentid":"YIND061040","allotment_date":1574361000000,"rate_of_allotment":6670,"lease_deed":"Y","possession":"N","village_name":"Muradgarhi","khasra_no":"493,492,494","longitude":77.60265910999999,"latitude":28.22207993,"authority":"YEIDA","category":"industrial","execution_stage":"lease-recorded"}},{"type":"Feature","geometry":{"type":"Polygon","coordinates":[[[77.602178,28.22241],[77.602179,28.222951],[77.601874,28.222952],[77.601872,28.222411],[77.602178,28.22241]]]},"properties":{"objectid":1829,"uniqueplotid":"PLNGINDUSTRIAL1829","plotmap_id":"SECTOR-32_16_GENERAL INDUSTRY_IND","plotidentificationnumber":"16","plotno":"16","industrysector":"SECTOR-32","block":"GENERAL INDUSTRY","plotsize":"1800 SQMT","plotsize_at_the_time_of_allotme":"1800 SQMT","plot_size_as_per_lease_plan":1800,"landuse_type":"INDUSTRIAL","landuse_subcategory":"INDUSTRIAL","scheme_cod":"IND06","investment":15,"employment":53,"plotstatus":"Allotted","landallotementstatus":"SOLD","landallotementtype":"ALLOTTED","allotmentid":"YIND061472","allotment_date":1574361000000,"rate_of_allotment":6670,"lease_deed":"Y","possession":"N","village_name":"Muradgarhi","khasra_no":"479,480","longitude":77.60202566000001,"latitude":28.22268119,"authority":"YEIDA","category":"industrial","execution_stage":"lease-recorded"}},{"type":"Feature","geometry":{"type":"Polygon","coordinates":[[[77.599837,28.222957],[77.602304,28.222951],[77.602311,28.224317],[77.598827,28.224325],[77.59882,28.222959],[77.599837,28.222957]]]},"properties":{"objectid":1830,"uniqueplotid":"PLNGINDUSTRIAL1830","plotmap_id":"SECTOR-32_1 & 2_GENERAL INDUSTRY_IND","plotidentificationnumber":"1 & 2","plotno":"1 & 2","industrysector":"SECTOR-32","block":"GENERAL INDUSTRY","plotsize":"APPROX 12.5 ACRE","plotsize_at_the_time_of_allotme":"APPROX 12.5 ACRE","plot_size_as_per_lease_plan":49408,"landuse_type":"INDUSTRIAL","landuse_subcategory":"INDUSTRIAL","scheme_cod":"INDOPEN","investment":296,"employment":1035,"plotstatus":"Allotted","landallotementstatus":"SOLD","landallotementtype":"ALLOTTED","allotmentid":"INDOPEN00027","allotment_date":1567621800000,"rate_of_allotment":4732.4,"lease_deed":"Y","possession":"Y","possession_date":1603132200000,"map_sanctioned_from_planning":"Y","units_under_production":"Y","village_name":"Muradgarhi","khasra_no":"478,479,472,476,475,474,473,510,509,471","longitude":77.60029031,"latitude":28.22363816,"authority":"YEIDA","category":"industrial","execution_stage":"functional-evidence"}},{"type":"Feature","geometry":{"type":"Polygon","coordinates":[[[77.604905,28.217281],[77.604906,28.217506],[77.604784,28.217507],[77.604783,28.217281],[77.604905,28.217281]]]},"properties":{"objectid":1837,"uniqueplotid":"PLNGINDUSTRIAL1837","plotmap_id":"SECTOR-32_905_GENERAL INDUSTRY_IND","plotidentificationnumber":"905","plotno":"905","industrysector":"SECTOR-32","block":"GENERAL INDUSTRY","plotsize":"300 SQMT","landuse_type":"INDUSTRIAL","landuse_subcategory":"INDUSTRIAL","investment":0,"employment":0,"landallotementstatus":"VACANT","landallotementtype":"VACANT","village_name":"Chakbirampur","khasra_no":"145,136,142","longitude":77.60484469,"latitude":28.21739376,"authority":"YEIDA","category":"industrial","execution_stage":"vacant"}},{"type":"Feature","geometry":{"type":"Polygon","coordinates":[[[77.602353,28.221742],[77.602353,28.221968],[77.602231,28.221968],[77.60223,28.221743],[77.602353,28.221742]]]},"properties":{"objectid":1841,"uniqueplotid":"PLNGINDUSTRIAL1841","plotmap_id":"SECTOR-32_240_GENERAL INDUSTRY_IND","plotidentificationnumber":"240","plotno":"240","industrysector":"SECTOR-32","block":"GENERAL INDUSTRY","plotsize":"300 SQMT","plotsize_at_the_time_of_allotme":"300 SQMT","plot_size_as_per_lease_plan":300,"landuse_type":"INDUSTRIAL","landuse_subcategory":"INDUSTRIAL","scheme_cod":"IND02","investment":5,"employment":18,"plotstatus":"Allotted","landallotementstatus":"SOLD","landallotementtype":"ALLOTTED","allotmentid":"YIND021073","allotment_date":1442255400000,"rate_of_allotment":6100,"lease_deed":"Y","possession":"N","village_name":"Muradgarhi","khasra_no":"493,496,494,495","longitude":77.60229181999999,"latitude":28.221855320000003,"authority":"YEIDA","category":"industrial","execution_stage":"lease-recorded"}},{"type":"Feature","geometry":{"type":"Polygon","coordinates":[[[77.602829,28.217511],[77.602829,28.217737],[77.602707,28.217737],[77.602706,28.217512],[77.602829,28.217511]]]},"properties":{"objectid":1843,"uniqueplotid":"PLNGINDUSTRIAL1843","plotmap_id":"SECTOR-32_803_GENERAL INDUSTRY_IND","plotidentificationnumber":"803","plotno":"803","industrysector":"SECTOR-32","block":"GENERAL INDUSTRY","plotsize":"300 SQMT","plotsize_at_the_time_of_allotme":"300 SQMT","plot_size_as_per_lease_plan":300,"landuse_type":"INDUSTRIAL","landuse_subcategory":"INDUSTRIAL","scheme_cod":"IND03","investment":5,"employment":18,"plotstatus":"Allotted","landallotementstatus":"SOLD","landallotementtype":"ALLOTTED","allotmentid":"YIND031011","allotment_date":1483381800000,"rate_of_allotment":6405,"lease_deed":"Y","possession":"N","village_name":"Muradgarhi","khasra_no":"565","longitude":77.6027679,"latitude":28.21762412,"authority":"YEIDA","category":"industrial","execution_stage":"lease-recorded"}},{"type":"Feature","geometry":{"type":"Polygon","coordinates":[[[77.603453,28.221965],[77.603454,28.222191],[77.603332,28.222191],[77.603331,28.221966],[77.603453,28.221965]]]},"properties":{"objectid":1845,"uniqueplotid":"PLNGINDUSTRIAL1845","plotmap_id":"SECTOR-32_122_GENERAL INDUSTRY_IND","plotidentificationnumber":"122","plotno":"122","industrysector":"SECTOR-32","block":"GENERAL INDUSTRY","plotsize":"300 SQMT","plotsize_at_the_time_of_allotme":"300 SQMT","landuse_type":"INDUSTRIAL","landuse_subcategory":"INDUSTRIAL","scheme_cod":"IND06","investment":3,"employment":9,"plotstatus":"Allotted","landallotementstatus":"SOLD","landallotementtype":"ALLOTTED","allotmentid":"YIND061165","allotment_date":1574361000000,"rate_of_allotment":6670,"lease_deed":"Y","possession":"Y","possession_date":1647801000000,"map_sanctioned_from_planning":"Y","village_name":"Muradgarhi","khasra_no":"492,491","longitude":77.60339233,"latitude":28.222078210000003,"authority":"YEIDA","category":"industrial","execution_stage":"construction-or-map-approval"}},{"type":"Feature","geometry":{"type":"Polygon","coordinates":[[[77.602497,28.218982],[77.602498,28.219253],[77.602345,28.219253],[77.602344,28.218983],[77.602497,28.218982]]]},"properties":{"objectid":1849,"uniqueplotid":"PLNGINDUSTRIAL1849","plotmap_id":"SECTOR-32_583_GENERAL INDUSTRY_IND","plotidentificationnumber":"583","plotno":"583","industrysector":"SECTOR-32","block":"GENERAL INDUSTRY","plotsize":"450 SQMT","plotsize_at_the_time_of_allotme":"450 SQMT","plot_size_as_per_lease_plan":450,"landuse_type":"INDUSTRIAL","landuse_subcategory":"INDUSTRIAL","scheme_cod":"IND06","investment":4,"employment":13,"plotstatus":"Allotted","landallotementstatus":"SOLD","landallotementtype":"ALLOTTED","allotmentid":"YIND061183","allotment_date":1574361000000,"rate_of_allotment":6670,"lease_deed":"Y","possession":"Y","possession_date":1649010600000,"units_under_construction":"Y","village_name":"Muradgarhi","khasra_no":"501","longitude":77.60242106,"latitude":28.219117660000002,"authority":"YEIDA","category":"industrial","execution_stage":"construction-or-map-approval"}},{"type":"Feature","geometry":{"type":"Polygon","coordinates":[[[77.602256,28.220227],[77.602257,28.220543],[77.602084,28.220544],[77.602083,28.220228],[77.602256,28.220227]]]},"properties":{"objectid":1852,"uniqueplotid":"PLNGINDUSTRIAL1852","plotmap_id":"SECTOR-32_468_GENERAL INDUSTRY_IND","plotidentificationnumber":"468","plotno":"468","industrysector":"SECTOR-32","block":"GENERAL INDUSTRY","plotsize":"595 SQMT","plotsize_at_the_time_of_allotme":"595 SQMT","plot_size_as_per_lease_plan":595,"landuse_type":"INDUSTRIAL","landuse_subcategory":"INDUSTRIAL","scheme_cod":"IND06","investment":5,"employment":17,"plotstatus":"Allotted","landallotementstatus":"SOLD","landallotementtype":"ALLOTTED","allotmentid":"YIND061349","allotment_date":1574361000000,"rate_of_allotment":6670,"lease_deed":"Y","possession":"Y","possession_date":1706812200000,"village_name":"Muradgarhi","khasra_no":"499","longitude":77.60217028000001,"latitude":28.220385460000003,"authority":"YEIDA","category":"industrial","execution_stage":"possession-recorded"}},{"type":"Feature","geometry":{"type":"Polygon","coordinates":[[[77.602218,28.217738],[77.602096,28.217738],[77.602095,28.217513],[77.602218,28.217513],[77.602218,28.217738]]]},"properties":{"objectid":1865,"uniqueplotid":"PLNGINDUSTRIAL1865","plotmap_id":"SECTOR-32_798_GENERAL INDUSTRY_IND","plotidentificationnumber":"798","plotno":"798","industrysector":"SECTOR-32","block":"GENERAL INDUSTRY","plotsize":"300 SQMT","plotsize_at_the_time_of_allotme":"300 SQMT","plot_size_as_per_lease_plan":300,"landuse_type":"INDUSTRIAL","landuse_subcategory":"INDUSTRIAL","scheme_cod":"IND05","investment":5,"employment":18,"plotstatus":"Allotted","landallotementstatus":"SOLD","landallotementtype":"ALLOTTED","allotmentid":"YIND051018","allotment_date":1542565800000,"rate_of_allotment":6405,"lease_deed":"Y","possession":"Y","possession_date":1688495400000,"village_name":"Muradgarhi","khasra_no":"565","longitude":77.60215688000001,"latitude":28.21762555,"authority":"YEIDA","category":"industrial","execution_stage":"possession-recorded"}},{"type":"Feature","geometry":{"type":"Polygon","coordinates":[[[77.601494,28.221248],[77.601494,28.221384],[77.601191,28.221384],[77.60119,28.221249],[77.601494,28.221248]]]},"properties":{"objectid":1873,"uniqueplotid":"PLNGINDUSTRIAL1873","plotmap_id":"SECTOR-32_106_GENERAL INDUSTRY_IND","plotidentificationnumber":"106","plotno":"106","industrysector":"SECTOR-32","block":"GENERAL INDUSTRY","plotsize":"450 SQMT","plotsize_at_the_time_of_allotme":"450 SQMT","plot_size_as_per_lease_plan":450,"landuse_type":"INDUSTRIAL","landuse_subcategory":"INDUSTRIAL","scheme_cod":"IND07","investment":3,"employment":10,"plotstatus":"Allotted","landallotementstatus":"SOLD","landallotementtype":"ALLOTTED","allotmentid":"YIND071185","allotment_date":1625164200000,"rate_of_allotment":7010,"lease_deed":"Y","possession":"N","village_name":"Muradgarhi","khasra_no":"498,496,481,506","longitude":77.60134203999999,"latitude":28.22131639,"authority":"YEIDA","category":"industrial","execution_stage":"lease-recorded"}},{"type":"Feature","geometry":{"type":"Polygon","coordinates":[[[77.602346,28.21947],[77.602347,28.21974],[77.602194,28.219741],[77.602193,28.21947],[77.602346,28.21947]]]},"properties":{"objectid":1880,"uniqueplotid":"PLNGINDUSTRIAL1880","plotmap_id":"SECTOR-32_575_GENERAL INDUSTRY_IND","plotidentificationnumber":"575","plotno":"575","industrysector":"SECTOR-32","block":"GENERAL INDUSTRY","plotsize":"450 SQMT","plotsize_at_the_time_of_allotme":"450 SQMT","plot_size_as_per_lease_plan":450,"landuse_type":"INDUSTRIAL","landuse_subcategory":"INDUSTRIAL","scheme_cod":"IND01","investment":3,"employment":12,"plotstatus":"Allotted","landallotementstatus":"SOLD","landallotementtype":"ALLOTTED","allotmentid":"YIND010594","allotment_date":1442255400000,"rate_of_allotment":6100,"lease_deed":"Y","possession":"N","village_name":"Muradgarhi","khasra_no":"500,501","longitude":77.60226976999999,"latitude":28.21960506,"authority":"YEIDA","category":"industrial","execution_stage":"lease-recorded"}},{"type":"Feature","geometry":{"type":"Polygon","coordinates":[[[77.602191,28.218712],[77.602192,28.218983],[77.602039,28.218983],[77.602038,28.218713],[77.602191,28.218712]]]},"properties":{"objectid":1884,"uniqueplotid":"PLNGINDUSTRIAL1884","plotmap_id":"SECTOR-32_684_GENERAL INDUSTRY_IND","plotidentificationnumber":"684","plotno":"684","industrysector":"SECTOR-32","block":"GENERAL INDUSTRY","plotsize":"450 SQMT","plotsize_at_the_time_of_allotme":"450 SQMT","plot_size_as_per_lease_plan":450,"landuse_type":"INDUSTRIAL","landuse_subcategory":"INDUSTRIAL","scheme_cod":"IND07","investment":3,"employment":10,"plotstatus":"Allotted","landallotementstatus":"SOLD","landallotementtype":"ALLOTTED","allotmentid":"YIND071171","allotment_date":1625164200000,"rate_of_allotment":7010,"lease_deed":"Y","possession":"Y","possession_date":1720549800000,"village_name":"Muradgarhi","khasra_no":"549","longitude":77.60211473000001,"latitude":28.21884779,"authority":"YEIDA","category":"industrial","execution_stage":"possession-recorded"}},{"type":"Feature","geometry":{"type":"Polygon","coordinates":[[[77.602338,28.216845],[77.602339,28.21707],[77.602216,28.217071],[77.602216,28.216845],[77.602338,28.216845]]]},"properties":{"objectid":1890,"uniqueplotid":"PLNGINDUSTRIAL1890","plotmap_id":"SECTOR-32_935_GENERAL INDUSTRY_IND","plotidentificationnumber":"935","plotno":"935","industrysector":"SECTOR-32","block":"GENERAL INDUSTRY","plotsize":"300 SQMT","plotsize_at_the_time_of_allotme":"300 SQMT","landuse_type":"INDUSTRIAL","landuse_subcategory":"INDUSTRIAL","scheme_cod":"IND04","investment":5,"employment":18,"plotstatus":"Allotted","landallotementstatus":"SOLD","landallotementtype":"ALLOTTED","allotmentid":"YIND041004","allotment_date":1546972200000,"rate_of_allotment":6405,"lease_deed":"Y","possession":"Y","possession_date":1709058600000,"village_name":"Muradgarhi","khasra_no":"565","longitude":77.60227708,"latitude":28.21695784,"authority":"YEIDA","category":"industrial","execution_stage":"possession-recorded"}},{"type":"Feature","geometry":{"type":"Polygon","coordinates":[[[77.601885,28.218713],[77.601886,28.218984],[77.601733,28.218984],[77.601732,28.218713],[77.601885,28.218713]]]},"properties":{"objectid":1894,"uniqueplotid":"PLNGINDUSTRIAL1894","plotmap_id":"SECTOR-32_686_GENERAL INDUSTRY_IND","plotidentificationnumber":"686","plotno":"686","industrysector":"SECTOR-32","block":"GENERAL INDUSTRY","plotsize":"450 SQMT","plotsize_at_the_time_of_allotme":"450 SQMT","plot_size_as_per_lease_plan":450,"landuse_type":"INDUSTRIAL","landuse_subcategory":"INDUSTRIAL","scheme_cod":"IND03","investment":4,"employment":13,"plotstatus":"Allotted","landallotementstatus":"SOLD","landallotementtype":"ALLOTTED","allotmentid":"YIND031028","allotment_date":1483381800000,"rate_of_allotment":6405,"lease_deed":"Y","possession":"N","village_name":"Muradgarhi","khasra_no":"549","longitude":77.60181562,"latitude":28.21885977,"authority":"YEIDA","category":"industrial","execution_stage":"lease-recorded"}},{"type":"Feature","geometry":{"type":"Polygon","coordinates":[[[77.603561,28.217284],[77.603562,28.21751],[77.60344,28.21751],[77.603439,28.217284],[77.603561,28.217284]]]},"properties":{"objectid":1902,"uniqueplotid":"PLNGINDUSTRIAL1902","plotmap_id":"SECTOR-32_916_GENERAL INDUSTRY_IND","plotidentificationnumber":"916","plotno":"916","industrysector":"SECTOR-32","block":"GENERAL INDUSTRY","plotsize":"300 SQMT","plotsize_at_the_time_of_allotme":"300 SQMT","plot_size_as_per_lease_plan":300,"landuse_type":"INDUSTRIAL","landuse_subcategory":"INDUSTRIAL","scheme_cod":"IND06","investment":3,"employment":9,"plotstatus":"Allotted","landallotementstatus":"SOLD","landallotementtype":"ALLOTTED","allotmentid":"YIND061107","allotment_date":1574361000000,"rate_of_allotment":6670,"lease_deed":"Y","possession":"Y","possession_date":1724092200000,"village_name":"Muradgarhi","khasra_no":"568,563,569","longitude":77.60350045,"latitude":28.21739691,"authority":"YEIDA","category":"industrial","execution_stage":"possession-recorded"}},{"type":"Feature","geometry":{"type":"Polygon","coordinates":[[[77.602955,28.218981],[77.602956,28.219252],[77.602803,28.219252],[77.602803,28.218981],[77.602955,28.218981]]]},"properties":{"objectid":1903,"uniqueplotid":"PLNGINDUSTRIAL1903","plotmap_id":"SECTOR-32_586_GENERAL INDUSTRY_IND","plotidentificationnumber":"586","plotno":"586","industrysector":"SECTOR-32","block":"GENERAL INDUSTRY","plotsize":"450 SQMT","plotsize_at_the_time_of_allotme":"450 SQMT","landuse_type":"INDUSTRIAL","landuse_subcategory":"INDUSTRIAL","scheme_cod":"IND06","investment":4,"employment":13,"plotstatus":"Allotted","landallotementstatus":"SOLD","landallotementtype":"ALLOTTED","allotmentid":"YIND061268","allotment_date":1574361000000,"rate_of_allotment":6670,"lease_deed":"Y","possession":"Y","possession_date":1660588200000,"map_sanctioned_from_planning":"Y","units_under_construction":"Y","village_name":"Muradgarhi","khasra_no":"500,501,560","longitude":77.60287932,"latitude":28.21911658,"authority":"YEIDA","category":"industrial","execution_stage":"construction-or-map-approval"}},{"type":"Feature","geometry":{"type":"Polygon","coordinates":[[[77.604661,28.217281],[77.604662,28.217507],[77.60454,28.217507],[77.604539,28.217282],[77.604661,28.217281]]]},"properties":{"objectid":1905,"uniqueplotid":"PLNGINDUSTRIAL1905","plotmap_id":"SECTOR-32_907_GENERAL INDUSTRY_IND","plotidentificationnumber":"907","plotno":"907","industrysector":"SECTOR-32","block":"GENERAL INDUSTRY","plotsize":"300 SQMT","plotsize_at_the_time_of_allotme":"300 SQMT","plot_size_as_per_lease_plan":300,"landuse_type":"INDUSTRIAL","landuse_subcategory":"INDUSTRIAL","scheme_cod":"IND02","investment":5,"employment":18,"plotstatus":"Allotted","landallotementstatus":"SOLD","landallotementtype":"ALLOTTED","allotmentid":"YIND021046","allotment_date":1442255400000,"rate_of_allotment":6100,"lease_deed":"Y","possession":"N","village_name":"Chakbirampur","khasra_no":"142,137","longitude":77.60460029000001,"latitude":28.21739433,"authority":"YEIDA","category":"industrial","execution_stage":"lease-recorded"}},{"type":"Feature","geometry":{"type":"Polygon","coordinates":[[[77.605373,28.22022],[77.605374,28.220536],[77.6052,28.220536],[77.605199,28.220221],[77.605373,28.22022]]]},"properties":{"objectid":1912,"uniqueplotid":"PLNGINDUSTRIAL1912","plotmap_id":"SECTOR-32_450_GENERAL INDUSTRY_IND","plotidentificationnumber":"450","plotno":"450","industrysector":"SECTOR-32","block":"GENERAL INDUSTRY","plotsize":"595 SQMT","plotsize_at_the_time_of_allotme":"595 SQMT","plot_size_as_per_lease_plan":595,"landuse_type":"INDUSTRIAL","landuse_subcategory":"INDUSTRIAL","scheme_cod":"IND02","investment":5,"employment":16,"plotstatus":"Allotted","landallotementstatus":"SOLD","landallotementtype":"ALLOTTED","allotmentid":"YIND021459","allotment_date":1442255400000,"rate_of_allotment":6100,"lease_deed":"Y","possession":"N","village_name":"Chakbirampur","khasra_no":"89","longitude":77.60528647999999,"latitude":28.220378150000002,"authority":"YEIDA","category":"industrial","execution_stage":"lease-recorded"}},{"type":"Feature","geometry":{"type":"Polygon","coordinates":[[[77.60448,28.217949],[77.604481,28.21822],[77.604328,28.21822],[77.604327,28.21795],[77.60448,28.217949]]]},"properties":{"objectid":1915,"uniqueplotid":"PLNGINDUSTRIAL1915","plotmap_id":"SECTOR-32_777_GENERAL INDUSTRY_IND","plotidentificationnumber":"777","plotno":"777","industrysector":"SECTOR-32","block":"GENERAL INDUSTRY","plotsize":"450 SQMT","plotsize_at_the_time_of_allotme":"450 SQMT","landuse_type":"INDUSTRIAL","landuse_subcategory":"INDUSTRIAL","scheme_cod":"YEA/IND-LOP(2021)-10","investment":3,"employment":10,"projects_cost_in_lacs":82,"plotstatus":"Allotted","landallotementstatus":"SOLD","landallotementtype":"ALLOTTED","allotmentid":"YIND100037","allotment_date":1650565800000,"rate_of_allotment":7010,"lease_deed":"Y","possession":"Y","possession_date":1668105000000,"map_sanctioned_from_planning":"Y","village_name":"Chakbirampur","khasra_no":"90,137","longitude":77.60440378,"latitude":28.21808479,"authority":"YEIDA","category":"industrial","execution_stage":"construction-or-map-approval"}},{"type":"Feature","geometry":{"type":"Polygon","coordinates":[[[77.604332,28.219465],[77.604332,28.219736],[77.60418,28.219736],[77.604179,28.219465],[77.604332,28.219465]]]},"properties":{"objectid":1925,"uniqueplotid":"PLNGINDUSTRIAL1925","plotmap_id":"SECTOR-32_562_GENERAL INDUSTRY_IND","plotidentificationnumber":"562","plotno":"562","industrysector":"SECTOR-32","block":"GENERAL INDUSTRY","plotsize":"450 SQMT","plotsize_at_the_time_of_allotme":"450 SQMT","plot_size_as_per_lease_plan":450,"landuse_type":"INDUSTRIAL","landuse_subcategory":"INDUSTRIAL","scheme_cod":"IND06","investment":4,"employment":13,"plotstatus":"Allotted","landallotementstatus":"SOLD","landallotementtype":"ALLOTTED","allotmentid":"YIND061243","allotment_date":1574361000000,"rate_of_allotment":6670,"lease_deed":"Y","possession":"N","village_name":"Chakbirampur","khasra_no":"90","longitude":77.60425559000001,"latitude":28.2196004,"authority":"YEIDA","category":"industrial","execution_stage":"lease-recorded"}},{"type":"Feature","geometry":{"type":"Polygon","coordinates":[[[77.60204,28.219254],[77.601887,28.219254],[77.601886,28.218984],[77.602039,28.218983],[77.60204,28.219254]]]},"properties":{"objectid":1930,"uniqueplotid":"PLNGINDUSTRIAL1930","plotmap_id":"SECTOR-32_580_GENERAL INDUSTRY_IND","plotidentificationnumber":"580","plotno":"580","industrysector":"SECTOR-32","block":"GENERAL INDUSTRY","plotsize":"450 SQMT","plotsize_at_the_time_of_allotme":"450 SQMT","landuse_type":"INDUSTRIAL","landuse_subcategory":"INDUSTRIAL","scheme_cod":"IND06","investment":4,"employment":13,"plotstatus":"Allotted","landallotementstatus":"SOLD","landallotementtype":"ALLOTTED","allotmentid":"YIND061245","allotment_date":1574361000000,"rate_of_allotment":6670,"lease_deed":"Y","possession":"Y","possession_date":1702924200000,"map_sanctioned_from_planning":"Y","village_name":"Muradgarhi","khasra_no":"549,501","longitude":77.60196279,"latitude":28.21911873,"authority":"YEIDA","category":"industrial","execution_stage":"construction-or-map-approval"}},{"type":"Feature","geometry":{"type":"Polygon","coordinates":[[[77.601911,28.220544],[77.601912,28.22086],[77.601739,28.22086],[77.601738,28.220544],[77.601911,28.220544]]]},"properties":{"objectid":1931,"uniqueplotid":"PLNGINDUSTRIAL1931","plotmap_id":"SECTOR-32_381_GENERAL INDUSTRY_IND","plotidentificationnumber":"381","plotno":"381","industrysector":"SECTOR-32","block":"GENERAL INDUSTRY","plotsize":"595 SQMT","plotsize_at_the_time_of_allotme":"595 SQMT","plot_size_as_per_lease_plan":595,"landuse_type":"INDUSTRIAL","landuse_subcategory":"INDUSTRIAL","scheme_cod":"IND06","investment":5,"employment":17,"plotstatus":"Allotted","landallotementstatus":"SOLD","landallotementtype":"ALLOTTED","allotmentid":"YIND061335","allotment_date":1574361000000,"rate_of_allotment":6670,"lease_deed":"Y","possession":"N","village_name":"Muradgarhi","khasra_no":"499","longitude":77.60182748,"latitude":28.22070647,"authority":"YEIDA","category":"industrial","execution_stage":"lease-recorded"}},{"type":"Feature","geometry":{"type":"Polygon","coordinates":[[[77.599835,28.222416],[77.599837,28.222957],[77.59882,28.222959],[77.598817,28.222418],[77.599835,28.222416]]]},"properties":{"objectid":1933,"uniqueplotid":"PLNGINDUSTRIAL1933","plotmap_id":"SECTOR-32_6,7,8,9/1_GENERAL INDUSTRY_IND","plotidentificationnumber":"6,7,8,9/1","plotno":"6,7,8,9/1","industrysector":"SECTOR-32","block":"GENERAL INDUSTRY","plotsize":"6000 SQMT","plotsize_at_the_time_of_allotme":"6000 SQMT","landuse_type":"INDUSTRIAL","landuse_subcategory":"INDUSTRIAL","scheme_cod":"INDOPEN","investment":44,"employment":152,"plotstatus":"Allotted","landallotementstatus":"SOLD","landallotementtype":"ALLOTTED","allotmentid":"INDOPEN0001","allotment_date":1413138600000,"rate_of_allotment":5800,"lease_deed":"Y","possession":"Y","possession_date":1658860200000,"map_sanctioned_from_planning":"Y","units_under_construction":"Y","village_name":"Muradgarhi","khasra_no":"509,508","longitude":77.59932714,"latitude":28.22268749,"authority":"YEIDA","category":"industrial","execution_stage":"construction-or-map-approval"}},{"type":"Feature","geometry":{"type":"Polygon","coordinates":[[[77.603576,28.222191],[77.603454,28.222191],[77.603453,28.221965],[77.603575,28.221965],[77.603576,28.222191]]]},"properties":{"objectid":1934,"uniqueplotid":"PLNGINDUSTRIAL1934","plotmap_id":"SECTOR-32_123_GENERAL INDUSTRY_IND","plotidentificationnumber":"123","plotno":"123","industrysector":"SECTOR-32","block":"GENERAL INDUSTRY","plotsize":"300 SQMT","plotsize_at_the_time_of_allotme":"300 SQMT","landuse_type":"INDUSTRIAL","landuse_subcategory":"INDUSTRIAL","scheme_cod":"IND06","investment":3,"employment":9,"plotstatus":"Allotted","landallotementstatus":"SOLD","landallotementtype":"ALLOTTED","allotmentid":"YIND061147","allotment_date":1574361000000,"rate_of_allotment":6670,"lease_deed":"Y","possession":"Y","possession_date":1669314600000,"village_name":"Muradgarhi","khasra_no":"492,491","longitude":77.60351453999999,"latitude":28.22207792,"authority":"YEIDA","category":"industrial","execution_stage":"possession-recorded"}},{"type":"Feature","geometry":{"type":"Polygon","coordinates":[[[77.603209,28.222191],[77.603087,28.222192],[77.603086,28.221966],[77.603209,28.221966],[77.603209,28.222191]]]},"properties":{"objectid":1935,"uniqueplotid":"PLNGINDUSTRIAL1935","plotmap_id":"SECTOR-32_120_GENERAL INDUSTRY_IND","plotidentificationnumber":"120","plotno":"120","industrysector":"SECTOR-32","block":"GENERAL INDUSTRY","plotsize":"300 SQMT","plotsize_at_the_time_of_allotme":"300 SQMT","landuse_type":"INDUSTRIAL","landuse_subcategory":"INDUSTRIAL","scheme_cod":"IND06","investment":3,"employment":9,"plotstatus":"Allotted","landallotementstatus":"SOLD","landallotementtype":"ALLOTTED","allotmentid":"YIND061173","allotment_date":1574361000000,"rate_of_allotment":6670,"lease_deed":"N","possession":"N","village_name":"Muradgarhi","khasra_no":"492","longitude":77.60314792,"latitude":28.22207879,"authority":"YEIDA","category":"industrial","execution_stage":"allotted"}},{"type":"Feature","geometry":{"type":"Polygon","coordinates":[[[77.603818,28.221523],[77.603696,28.221523],[77.603695,28.221297],[77.603818,28.221297],[77.603818,28.221523]]]},"properties":{"objectid":1937,"uniqueplotid":"PLNGINDUSTRIAL1937","plotmap_id":"SECTOR-32_261_GENERAL INDUSTRY_IND","plotidentificationnumber":"261","plotno":"261","industrysector":"SECTOR-32","block":"GENERAL INDUSTRY","plotsize":"300 SQMT","plotsize_at_the_time_of_allotme":"300 SQMT","plot_size_as_per_lease_plan":300,"landuse_type":"INDUSTRIAL","landuse_subcategory":"INDUSTRIAL","scheme_cod":"IND02","investment":5,"employment":18,"plotstatus":"Allotted","landallotementstatus":"SOLD","landallotementtype":"ALLOTTED","allotmentid":"YIND021330","allotment_date":1442255400000,"rate_of_allotment":6100,"lease_deed":"Y","possession":"Y","possession_date":1713378600000,"village_name":"Muradgarhi","khasra_no":"492,494","longitude":77.60375694,"latitude":28.22140994,"authority":"YEIDA","category":"industrial","execution_stage":"possession-recorded"}},{"type":"Feature","geometry":{"type":"Polygon","coordinates":[[[77.605293,28.222403],[77.605538,28.222402],[77.60554,28.222944],[77.605234,28.222944],[77.605233,28.222403],[77.605293,28.222403]]]},"properties":{"objectid":1941,"uniqueplotid":"PLNGINDUSTRIAL1941","plotmap_id":"SECTOR-32_27_GENERAL INDUSTRY_IND","plotidentificationnumber":"27","plotno":"27","industrysector":"SECTOR-32","block":"GENERAL INDUSTRY","plotsize":"1800 SQMT","plotsize_at_the_time_of_allotme":"1800 SQMT","landuse_type":"INDUSTRIAL","landuse_subcategory":"INDUSTRIAL","scheme_cod":"IND06","investment":15,"employment":53,"plotstatus":"Allotted","landallotementstatus":"SOLD","landallotementtype":"ALLOTTED","allotmentid":"YIND061452","allotment_date":1574361000000,"rate_of_allotment":6670,"lease_deed":"N","possession":"N","village_name":"Muradgarhi,Chakbirampur","khasra_no":"85,490,489","longitude":77.60538627,"latitude":28.22267331,"authority":"YEIDA","category":"industrial","execution_stage":"allotted"}},{"type":"Feature","geometry":{"type":"Polygon","coordinates":[[[77.602194,28.219741],[77.602195,28.220011],[77.602042,28.220011],[77.602041,28.219741],[77.602194,28.219741]]]},"properties":{"objectid":1944,"uniqueplotid":"PLNGINDUSTRIAL1944","plotmap_id":"SECTOR-32_473_GENERAL INDUSTRY_IND","plotidentificationnumber":"473","plotno":"473","industrysector":"SECTOR-32","block":"GENERAL INDUSTRY","plotsize":"450 SQMT","plotsize_at_the_time_of_allotme":"450 SQMT","landuse_type":"INDUSTRIAL","landuse_subcategory":"INDUSTRIAL","scheme_cod":"IND06","investment":4,"employment":13,"plotstatus":"Allotted","landallotementstatus":"SOLD","landallotementtype":"ALLOTTED","allotmentid":"YIND061189","allotment_date":1574361000000,"rate_of_allotment":6670,"lease_deed":"Y","possession":"Y","possession_date":1645986600000,"map_sanctioned_from_planning":"Y","units_under_construction":"Y","village_name":"Muradgarhi","khasra_no":"500","longitude":77.60211783000001,"latitude":28.21987599,"authority":"YEIDA","category":"industrial","execution_stage":"construction-or-map-approval"}},{"type":"Feature","geometry":{"type":"Polygon","coordinates":[[[77.602232,28.222194],[77.60211,28.222194],[77.602109,28.221968],[77.602231,28.221968],[77.602232,28.222194]]]},"properties":{"objectid":1950,"uniqueplotid":"PLNGINDUSTRIAL1950","plotmap_id":"SECTOR-32_112_GENERAL INDUSTRY_IND","plotidentificationnumber":"112","plotno":"112","industrysector":"SECTOR-32","block":"GENERAL INDUSTRY","plotsize":"300 SQMT","landuse_type":"INDUSTRIAL","landuse_subcategory":"INDUSTRIAL","investment":0,"employment":0,"landallotementstatus":"VACANT","landallotementtype":"VACANT","village_name":"Muradgarhi","khasra_no":"480,493,481","longitude":77.60217029,"latitude":28.222081080000002,"authority":"YEIDA","category":"industrial","execution_stage":"vacant"}},{"type":"Feature","geometry":{"type":"Polygon","coordinates":[[[77.603414,28.21898],[77.603414,28.219251],[77.603262,28.219251],[77.603261,28.21898],[77.603414,28.21898]]]},"properties":{"objectid":1960,"uniqueplotid":"PLNGINDUSTRIAL1960","plotmap_id":"SECTOR-32_589_GENERAL INDUSTRY_IND","plotidentificationnumber":"589","plotno":"589","industrysector":"SECTOR-32","block":"GENERAL INDUSTRY","plotsize":"450 SQMT","plotsize_at_the_time_of_allotme":"450 SQMT","landuse_type":"INDUSTRIAL","landuse_subcategory":"INDUSTRIAL","scheme_cod":"IND06","investment":4,"employment":13,"plotstatus":"Allotted","landallotementstatus":"SOLD","landallotementtype":"ALLOTTED","allotmentid":"YIND061294","allotment_date":1574361000000,"rate_of_allotment":6670,"lease_deed":"Y","possession":"Y","possession_date":1648751400000,"map_sanctioned_from_planning":"Y","units_under_construction":"Y","village_name":"Muradgarhi","khasra_no":"563,560,562","longitude":77.60333759000001,"latitude":28.21911551,"authority":"YEIDA","category":"industrial","execution_stage":"construction-or-map-approval"}},{"type":"Feature","geometry":{"type":"Polygon","coordinates":[[[77.603574,28.221523],[77.603452,28.221523],[77.603451,28.221298],[77.603573,28.221298],[77.603574,28.221523]]]},"properties":{"objectid":1963,"uniqueplotid":"PLNGINDUSTRIAL1963","plotmap_id":"SECTOR-32_259_GENERAL INDUSTRY_IND","plotidentificationnumber":"259","plotno":"259","industrysector":"SECTOR-32","block":"GENERAL INDUSTRY","plotsize":"300 SQMT","plotsize_at_the_time_of_allotme":"300 SQMT","plot_size_as_per_lease_plan":300,"landuse_type":"INDUSTRIAL","landuse_subcategory":"INDUSTRIAL","scheme_cod":"IND02","investment":5,"employment":18,"plotstatus":"Allotted","landallotementstatus":"SOLD","landallotementtype":"ALLOTTED","allotmentid":"YIND021044","allotment_date":1442255400000,"rate_of_allotment":6100,"lease_deed":"Y","possession":"N","village_name":"Muradgarhi","khasra_no":"494","longitude":77.60351253,"latitude":28.22141051,"authority":"YEIDA","category":"industrial","execution_stage":"lease-recorded"}},{"type":"Feature","geometry":{"type":"Polygon","coordinates":[[[77.601491,28.220166],[77.601491,28.220301],[77.601187,28.220302],[77.601187,28.220167],[77.601491,28.220166]]]},"properties":{"objectid":1964,"uniqueplotid":"PLNGINDUSTRIAL1964","plotmap_id":"SECTOR-32_98_GENERAL INDUSTRY_IND","plotidentificationnumber":"98","plotno":"98","industrysector":"SECTOR-32","block":"GENERAL INDUSTRY","plotsize":"450 SQMT","plotsize_at_the_time_of_allotme":"450 SQMT","plot_size_as_per_lease_plan":450.14,"landuse_type":"INDUSTRIAL","landuse_subcategory":"INDUSTRIAL","scheme_cod":"IND07","investment":3,"employment":10,"plotstatus":"Allotted","landallotementstatus":"SOLD","landallotementtype":"ALLOTTED","allotmentid":"YIND071190","allotment_date":1625164200000,"rate_of_allotment":7010,"lease_deed":"Y","possession":"Y","possession_date":1708972200000,"village_name":"Muradgarhi","khasra_no":"500","longitude":77.60133906,"latitude":28.220234089999998,"authority":"YEIDA","category":"industrial","execution_stage":"possession-recorded"}},{"type":"Feature","geometry":{"type":"Polygon","coordinates":[[[77.602717,28.221074],[77.602718,28.2213],[77.602596,28.2213],[77.602595,28.221074],[77.602717,28.221074]]]},"properties":{"objectid":1966,"uniqueplotid":"PLNGINDUSTRIAL1966","plotmap_id":"SECTOR-32_373_GENERAL INDUSTRY_IND","plotidentificationnumber":"373","plotno":"373","industrysector":"SECTOR-32","block":"GENERAL INDUSTRY","plotsize":"300 SQMT","plotsize_at_the_time_of_allotme":"300 SQMT","plot_size_as_per_lease_plan":300,"landuse_type":"INDUSTRIAL","landuse_subcategory":"INDUSTRIAL","scheme_cod":"IND06","investment":3,"employment":9,"plotstatus":"Allotted","landallotementstatus":"SOLD","landallotementtype":"ALLOTTED","allotmentid":"YIND061178","allotment_date":1574361000000,"rate_of_allotment":6670,"lease_deed":"Y","possession":"Y","possession_date":1682015400000,"village_name":"Muradgarhi","khasra_no":"496,497","longitude":77.60265642,"latitude":28.22118704,"authority":"YEIDA","category":"industrial","execution_stage":"possession-recorded"}},{"type":"Feature","geometry":{"type":"Polygon","coordinates":[[[77.601485,28.218001],[77.601486,28.218137],[77.601181,28.218137],[77.60118,28.218002],[77.601485,28.218001]]]},"properties":{"objectid":1972,"uniqueplotid":"PLNGINDUSTRIAL1972","plotmap_id":"SECTOR-32_82_GENERAL INDUSTRY_IND","plotidentificationnumber":"82","plotno":"82","industrysector":"SECTOR-32","block":"GENERAL INDUSTRY","plotsize":"450 SQMT","plotsize_at_the_time_of_allotme":"450 SQMT","plot_size_as_per_lease_plan":450.18,"landuse_type":"INDUSTRIAL","landuse_subcategory":"INDUSTRIAL","scheme_cod":"IND04","investment":4,"employment":13,"plotstatus":"Allotted","landallotementstatus":"SOLD","landallotementtype":"ALLOTTED","allotmentid":"YIND041047","allotment_date":1546972200000,"rate_of_allotment":6405,"lease_deed":"Y","possession":"Y","possession_date":-1421472600000,"village_name":"Muradgarhi","khasra_no":"553,550","longitude":77.60133309999999,"latitude":28.21806944,"authority":"YEIDA","category":"industrial","execution_stage":"possession-recorded"}},{"type":"Feature","geometry":{"type":"Polygon","coordinates":[[[77.604178,28.219249],[77.604025,28.219249],[77.604025,28.218979],[77.604177,28.218978],[77.604178,28.219249]]]},"properties":{"objectid":1975,"uniqueplotid":"PLNGINDUSTRIAL1975","plotmap_id":"SECTOR-32_594_GENERAL INDUSTRY_IND","plotidentificationnumber":"594","plotno":"594","industrysector":"SECTOR-32","block":"GENERAL INDUSTRY","plotsize":"450 SQMT","plotsize_at_the_time_of_allotme":"450 SQMT","landuse_type":"INDUSTRIAL","landuse_subcategory":"INDUSTRIAL","scheme_cod":"IND06","investment":4,"employment":13,"plotstatus":"Allotted","landallotementstatus":"SOLD","landallotementtype":"ALLOTTED","allotmentid":"YIND061204","allotment_date":1574361000000,"rate_of_allotment":6670,"lease_deed":"N","possession":"N","village_name":"Chakbirampur","khasra_no":"90,137","longitude":77.60410136,"latitude":28.219113710000002,"authority":"YEIDA","category":"industrial","execution_stage":"allotted"}},{"type":"Feature","geometry":{"type":"Polygon","coordinates":[[[77.601491,28.220031],[77.601491,28.220166],[77.601187,28.220167],[77.601186,28.220032],[77.601491,28.220031]]]},"properties":{"objectid":1987,"uniqueplotid":"PLNGINDUSTRIAL1987","plotmap_id":"SECTOR-32_97_GENERAL INDUSTRY_IND","plotidentificationnumber":"97","plotno":"97","industrysector":"SECTOR-32","block":"GENERAL INDUSTRY","plotsize":"450 SQMT","plotsize_at_the_time_of_allotme":"450 SQMT","plot_size_as_per_lease_plan":450,"landuse_type":"INDUSTRIAL","landuse_subcategory":"INDUSTRIAL","scheme_cod":"IND07","investment":3,"employment":10,"plotstatus":"Allotted","landallotementstatus":"SOLD","landallotementtype":"ALLOTTED","allotmentid":"YIND071164","allotment_date":1625164200000,"rate_of_allotment":7010,"lease_deed":"Y","possession":"Y","possession_date":1729708200000,"village_name":"Muradgarhi","khasra_no":"500,501","longitude":77.60133868999999,"latitude":28.2200988,"authority":"YEIDA","category":"industrial","execution_stage":"possession-recorded"}},{"type":"Feature","geometry":{"type":"Polygon","coordinates":[[[77.603719,28.218979],[77.60372,28.21925],[77.603567,28.21925],[77.603566,28.21898],[77.603719,28.218979]]]},"properties":{"objectid":1988,"uniqueplotid":"PLNGINDUSTRIAL1988","plotmap_id":"SECTOR-32_591_GENERAL INDUSTRY_IND","plotidentificationnumber":"591","plotno":"591","industrysector":"SECTOR-32","block":"GENERAL INDUSTRY","plotsize":"450 SQMT","plotsize_at_the_time_of_allotme":"450 SQMT","plot_size_as_per_lease_plan":450,"landuse_type":"INDUSTRIAL","landuse_subcategory":"INDUSTRIAL","scheme_cod":"IND01","investment":3,"employment":12,"plotstatus":"Allotted","landallotementstatus":"SOLD","landallotementtype":"ALLOTTED","allotmentid":"YIND010671","allotment_date":1442255400000,"rate_of_allotment":6100,"lease_deed":"Y","possession":"Y","possession_date":-55744090200000,"village_name":"Muradgarhi","khasra_no":"563","longitude":77.6036431,"latitude":28.219114790000003,"authority":"YEIDA","category":"industrial","execution_stage":"possession-recorded"}},{"type":"Feature","geometry":{"type":"Polygon","coordinates":[[[77.6028,28.218224],[77.602801,28.218494],[77.602648,28.218495],[77.602648,28.218224],[77.6028,28.218224]]]},"properties":{"objectid":1997,"uniqueplotid":"PLNGINDUSTRIAL1997","plotmap_id":"SECTOR-32_693_GENERAL INDUSTRY_IND","plotidentificationnumber":"693","plotno":"693","industrysector":"SECTOR-32","block":"GENERAL INDUSTRY","plotsize":"450 SQMT","plotsize_at_the_time_of_allotme":"450 SQMT","plot_size_as_per_lease_plan":450,"landuse_type":"INDUSTRIAL","landuse_subcategory":"INDUSTRIAL","scheme_cod":"IND03","investment":4,"employment":13,"plotstatus":"Allotted","landallotementstatus":"SOLD","landallotementtype":"ALLOTTED","allotmentid":"YIND031035","allotment_date":1483381800000,"rate_of_allotment":6405,"lease_deed":"Y","possession":"N","village_name":"Muradgarhi","khasra_no":"565","longitude":77.60272429,"latitude":28.21835931,"authority":"YEIDA","category":"industrial","execution_stage":"lease-recorded"}},{"type":"Feature","geometry":{"type":"Polygon","coordinates":[[[77.601864,28.221744],[77.601864,28.221969],[77.601742,28.221969],[77.601742,28.221744],[77.601864,28.221744]]]},"properties":{"objectid":2000,"uniqueplotid":"PLNGINDUSTRIAL2000","plotmap_id":"SECTOR-32_244_GENERAL INDUSTRY_IND","plotidentificationnumber":"244","plotno":"244","industrysector":"SECTOR-32","block":"GENERAL INDUSTRY","plotsize":"300 SQMT","plotsize_at_the_time_of_allotme":"300 SQMT","plot_size_as_per_lease_plan":270,"landuse_type":"INDUSTRIAL","landuse_subcategory":"INDUSTRIAL","scheme_cod":"IND06","investment":3,"employment":9,"plotstatus":"Allotted","landallotementstatus":"SOLD","landallotementtype":"ALLOTTED","allotmentid":"YIND061158","allotment_date":1574361000000,"rate_of_allotment":6670,"lease_deed":"Y","possession":"Y","possession_date":1690482600000,"village_name":"Muradgarhi","khasra_no":"496,510,481,506","longitude":77.60180812,"latitude":28.221865840000003,"authority":"YEIDA","category":"industrial","execution_stage":"possession-recorded"}},{"type":"Feature","geometry":{"type":"Polygon","coordinates":[[[77.602597,28.221742],[77.602598,28.221967],[77.602475,28.221968],[77.602475,28.221742],[77.602597,28.221742]]]},"properties":{"objectid":2006,"uniqueplotid":"PLNGINDUSTRIAL2006","plotmap_id":"SECTOR-32_238_GENERAL INDUSTRY_IND","plotidentificationnumber":"238","plotno":"238","industrysector":"SECTOR-32","block":"GENERAL INDUSTRY","plotsize":"300 SQMT","plotsize_at_the_time_of_allotme":"300 SQMT","plot_size_as_per_lease_plan":300,"landuse_type":"INDUSTRIAL","landuse_subcategory":"INDUSTRIAL","scheme_cod":"IND02","investment":5,"employment":18,"plotstatus":"Allotted","landallotementstatus":"SOLD","landallotementtype":"ALLOTTED","allotmentid":"YIND021275","allotment_date":1442255400000,"rate_of_allotment":6100,"lease_deed":"Y","possession":"N","village_name":"Muradgarhi","khasra_no":"494","longitude":77.60253622,"latitude":28.22185474,"authority":"YEIDA","category":"industrial","execution_stage":"lease-recorded"}},{"type":"Feature","geometry":{"type":"Polygon","coordinates":[[[77.602095,28.217513],[77.602096,28.217738],[77.601974,28.217739],[77.601973,28.217513],[77.602095,28.217513]]]},"properties":{"objectid":2010,"uniqueplotid":"PLNGINDUSTRIAL2010","plotmap_id":"SECTOR-32_797_GENERAL INDUSTRY_IND","plotidentificationnumber":"797","plotno":"797","industrysector":"SECTOR-32","block":"GENERAL INDUSTRY","plotsize":"300 SQMT","plotsize_at_the_time_of_allotme":"300 SQMT","landuse_type":"INDUSTRIAL","landuse_subcategory":"INDUSTRIAL","scheme_cod":"IND02","investment":5,"employment":18,"plotstatus":"Allotted","landallotementstatus":"SOLD","landallotementtype":"ALLOTTED","allotmentid":"YIND021028","allotment_date":1442255400000,"rate_of_allotment":6100,"lease_deed":"N","possession":"N","village_name":"Muradgarhi","khasra_no":"565","longitude":77.60203468,"latitude":28.21762584,"authority":"YEIDA","category":"industrial","execution_stage":"allotted"}},{"type":"Feature","geometry":{"type":"Polygon","coordinates":[[[77.604162,28.220539],[77.604163,28.220854],[77.603989,28.220855],[77.603989,28.220539],[77.604162,28.220539]]]},"properties":{"objectid":2013,"uniqueplotid":"PLNGINDUSTRIAL2013","plotmap_id":"SECTOR-32_394_GENERAL INDUSTRY_IND","plotidentificationnumber":"394","plotno":"394","industrysector":"SECTOR-32","block":"GENERAL INDUSTRY","plotsize":"595 SQMT","plotsize_at_the_time_of_allotme":"595 SQMT","plot_size_as_per_lease_plan":595,"landuse_type":"INDUSTRIAL","landuse_subcategory":"INDUSTRIAL","scheme_cod":"IND02","investment":5,"employment":16,"plotstatus":"Allotted","landallotementstatus":"SOLD","landallotementtype":"ALLOTTED","allotmentid":"YIND021476","allotment_date":1442255400000,"rate_of_allotment":6100,"lease_deed":"Y","possession":"Y","possession_date":1684866600000,"map_sanctioned_from_planning":"Y","units_under_construction":"Y","village_name":"Muradgarhi","khasra_no":"497,494,495","longitude":77.60407558,"latitude":28.220696670000002,"authority":"YEIDA","category":"industrial","execution_stage":"construction-or-map-approval"}},{"type":"Feature","geometry":{"type":"Polygon","coordinates":[[[77.6034,28.222407],[77.603401,28.222949],[77.603096,28.222949],[77.603094,28.222408],[77.6034,28.222407]]]},"properties":{"objectid":2014,"uniqueplotid":"PLNGINDUSTRIAL2014","plotmap_id":"SECTOR-32_20_GENERAL INDUSTRY_IND","plotidentificationnumber":"20","plotno":"20","industrysector":"SECTOR-32","block":"GENERAL INDUSTRY","plotsize":"1800 SQMT","plotsize_at_the_time_of_allotme":"1800 SQMT","plot_size_as_per_lease_plan":1800,"landuse_type":"INDUSTRIAL","landuse_subcategory":"INDUSTRIAL","scheme_cod":"IND06","investment":15,"employment":53,"plotstatus":"Allotted","landallotementstatus":"SOLD","landallotementtype":"ALLOTTED","allotmentid":"YIND061461","allotment_date":1574361000000,"rate_of_allotment":6670,"lease_deed":"Y","possession":"Y","possession_date":1689877800000,"map_sanctioned_from_planning":"Y","units_under_construction":"Y","village_name":"Muradgarhi","khasra_no":"491,486,485","longitude":77.6032477,"latitude":28.22267832,"authority":"YEIDA","category":"industrial","execution_stage":"construction-or-map-approval"}},{"type":"Feature","geometry":{"type":"Polygon","coordinates":[[[77.604431,28.221963],[77.604431,28.222189],[77.604309,28.222189],[77.604309,28.221963],[77.604431,28.221963]]]},"properties":{"objectid":2021,"uniqueplotid":"PLNGINDUSTRIAL2021","plotmap_id":"SECTOR-32_130_GENERAL INDUSTRY_IND","plotidentificationnumber":"130","plotno":"130","industrysector":"SECTOR-32","block":"GENERAL INDUSTRY","plotsize":"300 SQMT","plotsize_at_the_time_of_allotme":"300 SQMT","plot_size_as_per_lease_plan":300,"landuse_type":"INDUSTRIAL","landuse_subcategory":"INDUSTRIAL","scheme_cod":"IND06","investment":3,"employment":9,"plotstatus":"Allotted","landallotementstatus":"SOLD","landallotementtype":"ALLOTTED","allotmentid":"YIND061045","allotment_date":1574361000000,"rate_of_allotment":6670,"lease_deed":"Y","possession":"Y","possession_date":1676831400000,"village_name":"Muradgarhi","khasra_no":"490,491","longitude":77.60436996,"latitude":28.22207592,"authority":"YEIDA","category":"industrial","execution_stage":"possession-recorded"}},{"type":"Feature","geometry":{"type":"Polygon","coordinates":[[[77.603695,28.221072],[77.603695,28.221297],[77.603573,28.221298],[77.603573,28.221072],[77.603695,28.221072]]]},"properties":{"objectid":2024,"uniqueplotid":"PLNGINDUSTRIAL2024","plotmap_id":"SECTOR-32_365_GENERAL INDUSTRY_IND","plotidentificationnumber":"365","plotno":"365","industrysector":"SECTOR-32","block":"GENERAL INDUSTRY","plotsize":"300 SQMT","plotsize_at_the_time_of_allotme":"300 SQMT","plot_size_as_per_lease_plan":300,"landuse_type":"INDUSTRIAL","landuse_subcategory":"INDUSTRIAL","scheme_cod":"IND02","investment":5,"employment":18,"plotstatus":"Allotted","landallotementstatus":"SOLD","landallotementtype":"ALLOTTED","allotmentid":"YIND021125","allotment_date":1442255400000,"rate_of_allotment":6100,"lease_deed":"Y","possession":"N","village_name":"Muradgarhi","khasra_no":"494,495","longitude":77.60363405,"latitude":28.22118475,"authority":"YEIDA","category":"industrial","execution_stage":"lease-recorded"}},{"type":"Feature","geometry":{"type":"Polygon","coordinates":[[[77.603262,28.219251],[77.603109,28.219251],[77.603108,28.218981],[77.603261,28.21898],[77.603262,28.219251]]]},"properties":{"objectid":2025,"uniqueplotid":"PLNGINDUSTRIAL2025","plotmap_id":"SECTOR-32_588_GENERAL INDUSTRY_IND","plotidentificationnumber":"588","plotno":"588","industrysector":"SECTOR-32","block":"GENERAL INDUSTRY","plotsize":"450 SQMT","plotsize_at_the_time_of_allotme":"450 SQMT","landuse_type":"INDUSTRIAL","landuse_subcategory":"INDUSTRIAL","scheme_cod":"IND06","investment":4,"employment":13,"plotstatus":"Allotted","landallotementstatus":"SOLD","landallotementtype":"ALLOTTED","allotmentid":"YIND061303","allotment_date":1574361000000,"rate_of_allotment":6670,"lease_deed":"Y","possession":"N","village_name":"Muradgarhi","khasra_no":"500,563,560,562","longitude":77.60318483,"latitude":28.21911587,"authority":"YEIDA","category":"industrial","execution_stage":"lease-recorded"}},{"type":"Feature","geometry":{"type":"Polygon","coordinates":[[[77.601483,28.21719],[77.601484,28.217325],[77.601178,28.217326],[77.601178,28.21719],[77.601483,28.21719]]]},"properties":{"objectid":2026,"uniqueplotid":"PLNGINDUSTRIAL2026","plotmap_id":"SECTOR-32_76_GENERAL INDUSTRY_IND","plotidentificationnumber":"76","plotno":"76","industrysector":"SECTOR-32","block":"GENERAL INDUSTRY","plotsize":"450 SQMT","plotsize_at_the_time_of_allotme":"450 SQMT","plot_size_as_per_lease_plan":450,"landuse_type":"INDUSTRIAL","landuse_subcategory":"INDUSTRIAL","scheme_cod":"IND07","investment":3,"employment":10,"plotstatus":"Allotted","landallotementstatus":"SOLD","landallotementtype":"ALLOTTED","allotmentid":"YIND071228","allotment_date":1625077800000,"rate_of_allotment":7010,"lease_deed":"Y","possession":"Y","possession_date":-1421472600000,"village_name":"Muradgarhi","khasra_no":"573,565","longitude":77.60133087,"latitude":28.217257689999997,"authority":"YEIDA","category":"industrial","execution_stage":"possession-recorded"}},{"type":"Feature","geometry":{"type":"Polygon","coordinates":[[[77.602192,28.218983],[77.602192,28.219253],[77.60204,28.219254],[77.602039,28.218983],[77.602192,28.218983]]]},"properties":{"objectid":2027,"uniqueplotid":"PLNGINDUSTRIAL2027","plotmap_id":"SECTOR-32_581_GENERAL INDUSTRY_IND","plotidentificationnumber":"581","plotno":"581","industrysector":"SECTOR-32","block":"GENERAL INDUSTRY","plotsize":"450 SQMT","plotsize_at_the_time_of_allotme":"450 SQMT","landuse_type":"INDUSTRIAL","landuse_subcategory":"INDUSTRIAL","scheme_cod":"IND06","investment":4,"employment":13,"plotstatus":"Allotted","landallotementstatus":"SOLD","landallotementtype":"ALLOTTED","allotmentid":"YIND061265","allotment_date":1574361000000,"rate_of_allotment":6670,"lease_deed":"N","possession":"N","village_name":"Muradgarhi","khasra_no":"549,501","longitude":77.60211555000001,"latitude":28.21911837,"authority":"YEIDA","category":"industrial","execution_stage":"allotted"}},{"type":"Feature","geometry":{"type":"Polygon","coordinates":[[[77.603569,28.219737],[77.603569,28.220008],[77.603417,28.220008],[77.603416,28.219738],[77.603569,28.219737]]]},"properties":{"objectid":2029,"uniqueplotid":"PLNGINDUSTRIAL2029","plotmap_id":"SECTOR-32_482_GENERAL INDUSTRY_IND","plotidentificationnumber":"482","plotno":"482","industrysector":"SECTOR-32","block":"GENERAL INDUSTRY","plotsize":"450 SQMT","plotsize_at_the_time_of_allotme":"450 SQMT","landuse_type":"INDUSTRIAL","landuse_subcategory":"INDUSTRIAL","scheme_cod":"IND06","investment":4,"employment":13,"plotstatus":"Allotted","landallotementstatus":"SOLD","landallotementtype":"ALLOTTED","allotmentid":"YIND061228","allotment_date":1574361000000,"rate_of_allotment":6670,"lease_deed":"N","possession":"N","village_name":"Muradgarhi","khasra_no":"499,498","longitude":77.60349262,"latitude":28.21987277,"authority":"YEIDA","category":"industrial","execution_stage":"allotted"}},{"type":"Feature","geometry":{"type":"Polygon","coordinates":[[[77.602341,28.217954],[77.602342,28.218225],[77.602189,28.218225],[77.602188,28.217955],[77.602341,28.217954]]]},"properties":{"objectid":2032,"uniqueplotid":"PLNGINDUSTRIAL2032","plotmap_id":"SECTOR-32_791_GENERAL INDUSTRY_IND","plotidentificationnumber":"791","plotno":"791","industrysector":"SECTOR-32","block":"GENERAL INDUSTRY","plotsize":"450 SQMT","plotsize_at_the_time_of_allotme":"450 SQMT","plot_size_as_per_lease_plan":450,"landuse_type":"INDUSTRIAL","landuse_subcategory":"INDUSTRIAL","scheme_cod":"IND01","investment":3,"employment":12,"plotstatus":"Allotted","landallotementstatus":"SOLD","landallotementtype":"ALLOTTED","allotmentid":"YIND010670","allotment_date":1442255400000,"rate_of_allotment":6100,"lease_deed":"Y","possession":"Y","possession_date":1678645800000,"village_name":"Muradgarhi","khasra_no":"565","longitude":77.60226521,"latitude":28.21808981,"authority":"YEIDA","category":"industrial","execution_stage":"possession-recorded"}},{"type":"Feature","geometry":{"type":"Polygon","coordinates":[[[77.603869,28.217951],[77.60387,28.218221],[77.603717,28.218222],[77.603716,28.217951],[77.603869,28.217951]]]},"properties":{"objectid":2033,"uniqueplotid":"PLNGINDUSTRIAL2033","plotmap_id":"SECTOR-32_781_GENERAL INDUSTRY_IND","plotidentificationnumber":"781","plotno":"781","industrysector":"SECTOR-32","block":"GENERAL INDUSTRY","plotsize":"450 SQMT","plotsize_at_the_time_of_allotme":"450 SQMT","plot_size_as_per_lease_plan":450,"landuse_type":"INDUSTRIAL","landuse_subcategory":"INDUSTRIAL","scheme_cod":"IND07","investment":3,"employment":10,"plotstatus":"Allotted","landallotementstatus":"SOLD","landallotementtype":"ALLOTTED","allotmentid":"YIND071140","allotment_date":1625077800000,"rate_of_allotment":7010,"lease_deed":"Y","possession":"Y","possession_date":1682361000000,"village_name":"Muradgarhi,Chakbirampur","khasra_no":"137,563","longitude":77.60379276,"latitude":28.21808622,"authority":"YEIDA","category":"industrial","execution_stage":"possession-recorded"}},{"type":"Feature","geometry":{"type":"Polygon","coordinates":[[[77.603942,28.221964],[77.603943,28.22219],[77.60382,28.22219],[77.60382,28.221964],[77.603942,28.221964]]]},"properties":{"objectid":2037,"uniqueplotid":"PLNGINDUSTRIAL2037","plotmap_id":"SECTOR-32_126_GENERAL INDUSTRY_IND","plotidentificationnumber":"126","plotno":"126","industrysector":"SECTOR-32","block":"GENERAL INDUSTRY","plotsize":"300 SQMT","plotsize_at_the_time_of_allotme":"300 SQMT","plot_size_as_per_lease_plan":300,"landuse_type":"INDUSTRIAL","landuse_subcategory":"INDUSTRIAL","scheme_cod":"IND02","investment":5,"employment":18,"plotstatus":"Allotted","landallotementstatus":"SOLD","landallotementtype":"ALLOTTED","allotmentid":"YIND021095","allotment_date":1442255400000,"rate_of_allotment":6100,"lease_deed":"Y","possession":"Y","possession_date":1672165800000,"village_name":"Muradgarhi","khasra_no":"492,491","longitude":77.60388115,"latitude":28.22207706,"authority":"YEIDA","category":"industrial","execution_stage":"possession-recorded"}},{"type":"Feature","geometry":{"type":"Polygon","coordinates":[[[77.602494,28.217954],[77.602495,28.218225],[77.602342,28.218225],[77.602341,28.217954],[77.602494,28.217954]]]},"properties":{"objectid":2038,"uniqueplotid":"PLNGINDUSTRIAL2038","plotmap_id":"SECTOR-32_790_GENERAL INDUSTRY_IND","plotidentificationnumber":"790","plotno":"790","industrysector":"SECTOR-32","block":"GENERAL INDUSTRY","plotsize":"450 SQMT","plotsize_at_the_time_of_allotme":"450 SQMT","plot_size_as_per_lease_plan":450,"landuse_type":"INDUSTRIAL","landuse_subcategory":"INDUSTRIAL","scheme_cod":"IND03","investment":4,"employment":13,"plotstatus":"Allotted","landallotementstatus":"SOLD","landallotementtype":"ALLOTTED","allotmentid":"YIND031024","allotment_date":1483381800000,"rate_of_allotment":6405,"lease_deed":"Y","possession":"N","village_name":"Muradgarhi","khasra_no":"565","longitude":77.60241796,"latitude":28.21808945,"authority":"YEIDA","category":"industrial","execution_stage":"lease-recorded"}},{"type":"Feature","geometry":{"type":"Polygon","coordinates":[[[77.603416,28.219738],[77.603417,28.220008],[77.603264,28.220009],[77.603263,28.219738],[77.603416,28.219738]]]},"properties":{"objectid":2039,"uniqueplotid":"PLNGINDUSTRIAL2039","plotmap_id":"SECTOR-32_481_GENERAL INDUSTRY_IND","plotidentificationnumber":"481","plotno":"481","industrysector":"SECTOR-32","block":"GENERAL INDUSTRY","plotsize":"450 SQMT","plotsize_at_the_time_of_allotme":"450 SQMT","plot_size_as_per_lease_plan":450,"landuse_type":"INDUSTRIAL","landuse_subcategory":"INDUSTRIAL","scheme_cod":"IND06","investment":4,"employment":13,"plotstatus":"Allotted","landallotementstatus":"SOLD","landallotementtype":"ALLOTTED","allotmentid":"YIND061305","allotment_date":1574361000000,"rate_of_allotment":6670,"lease_deed":"Y","possession":"Y","possession_date":1676917800000,"village_name":"Muradgarhi","khasra_no":"499","longitude":77.60333987,"latitude":28.21987313,"authority":"YEIDA","category":"industrial","execution_stage":"possession-recorded"}},{"type":"Feature","geometry":{"type":"Polygon","coordinates":[[[77.60455,28.22107],[77.604551,28.221295],[77.604429,28.221296],[77.604428,28.22107],[77.60455,28.22107]]]},"properties":{"objectid":2040,"uniqueplotid":"PLNGINDUSTRIAL2040","plotmap_id":"SECTOR-32_358_GENERAL INDUSTRY_IND","plotidentificationnumber":"358","plotno":"358","industrysector":"SECTOR-32","block":"GENERAL INDUSTRY","plotsize":"300 SQMT","plotsize_at_the_time_of_allotme":"300 SQMT","plot_size_as_per_lease_plan":300,"landuse_type":"INDUSTRIAL","landuse_subcategory":"INDUSTRIAL","scheme_cod":"IND02","investment":5,"employment":18,"plotstatus":"Allotted","landallotementstatus":"SOLD","landallotementtype":"ALLOTTED","allotmentid":"YIND021116","allotment_date":1442255400000,"rate_of_allotment":6100,"lease_deed":"Y","possession":"Y","possession_date":1676831400000,"village_name":"Muradgarhi","khasra_no":"492,494","longitude":77.60448948,"latitude":28.22118274,"authority":"YEIDA","category":"industrial","execution_stage":"possession-recorded"}},{"type":"Feature","geometry":{"type":"Polygon","coordinates":[[[77.60345,28.221072],[77.603451,28.221298],[77.603329,28.221298],[77.603328,28.221073],[77.60345,28.221072]]]},"properties":{"objectid":2047,"uniqueplotid":"PLNGINDUSTRIAL2047","plotmap_id":"SECTOR-32_367_GENERAL INDUSTRY_IND","plotidentificationnumber":"367","plotno":"367","industrysector":"SECTOR-32","block":"GENERAL INDUSTRY","plotsize":"300 SQMT","plotsize_at_the_time_of_allotme":"300 SQMT","plot_size_as_per_lease_plan":300,"landuse_type":"INDUSTRIAL","landuse_subcategory":"INDUSTRIAL","scheme_cod":"IND02","investment":5,"employment":18,"plotstatus":"Allotted","landallotementstatus":"SOLD","landallotementtype":"ALLOTTED","allotmentid":"YIND021397","allotment_date":1442255400000,"rate_of_allotment":6100,"lease_deed":"Y","possession":"Y","possession_date":1684780200000,"village_name":"Muradgarhi","khasra_no":"497,494,495","longitude":77.60338965000001,"latitude":28.22118532,"authority":"YEIDA","category":"industrial","execution_stage":"possession-recorded"}},{"type":"Feature","geometry":{"type":"Polygon","coordinates":[[[77.60494,28.218706],[77.604941,28.218976],[77.604788,28.218977],[77.604788,28.218706],[77.60494,28.218706]]]},"properties":{"objectid":2048,"uniqueplotid":"PLNGINDUSTRIAL2048","plotmap_id":"SECTOR-32_666_GENERAL INDUSTRY_IND","plotidentificationnumber":"666","plotno":"666","industrysector":"SECTOR-32","block":"GENERAL INDUSTRY","plotsize":"450 SQMT","plotsize_at_the_time_of_allotme":"450 SQMT","landuse_type":"INDUSTRIAL","landuse_subcategory":"INDUSTRIAL","scheme_cod":"IND06","investment":4,"employment":13,"plotstatus":"Allotted","landallotementstatus":"SOLD","landallotementtype":"ALLOTTED","allotmentid":"YIND061254","allotment_date":1574361000000,"rate_of_allotment":6670,"lease_deed":"Y","lease_deed_date":1665340200000,"possession":"Y","possession_date":1727893800000,"map_sanctioned_from_planning":"Y","village_name":"Chakbirampur","khasra_no":"90","longitude":77.60486433,"latitude":28.21884134,"authority":"YEIDA","category":"industrial","execution_stage":"construction-or-map-approval"}},{"type":"Feature","geometry":{"type":"Polygon","coordinates":[[[77.602949,28.220226],[77.60295,28.220541],[77.602777,28.220542],[77.602776,28.220226],[77.602949,28.220226]]]},"properties":{"objectid":2049,"uniqueplotid":"PLNGINDUSTRIAL2049","plotmap_id":"SECTOR-32_464_GENERAL INDUSTRY_IND","plotidentificationnumber":"464","plotno":"464","industrysector":"SECTOR-32","block":"GENERAL INDUSTRY","plotsize":"595 SQMT","plotsize_at_the_time_of_allotme":"595 SQMT","plot_size_as_per_lease_plan":595,"landuse_type":"INDUSTRIAL","landuse_subcategory":"INDUSTRIAL","scheme_cod":"IND06","investment":5,"employment":17,"plotstatus":"Allotted","landallotementstatus":"SOLD","landallotementtype":"ALLOTTED","allotmentid":"YIND061354","allotment_date":1574361000000,"rate_of_allotment":6670,"lease_deed":"Y","possession":"N","village_name":"Muradgarhi","khasra_no":"499,498,497","longitude":77.60286277,"latitude":28.22038384,"authority":"YEIDA","category":"industrial","execution_stage":"lease-recorded"}},{"type":"Feature","geometry":{"type":"Polygon","coordinates":[[[77.605039,28.221069],[77.60504,28.221294],[77.604918,28.221294],[77.604917,28.221069],[77.605039,28.221069]]]},"properties":{"objectid":2054,"uniqueplotid":"PLNGINDUSTRIAL2054","plotmap_id":"SECTOR-32_354_GENERAL INDUSTRY_IND","plotidentificationnumber":"354","plotno":"354","industrysector":"SECTOR-32","block":"GENERAL INDUSTRY","plotsize":"300 SQMT","plotsize_at_the_time_of_allotme":"300 SQMT","plot_size_as_per_lease_plan":300,"landuse_type":"INDUSTRIAL","landuse_subcategory":"INDUSTRIAL","scheme_cod":"IND02","investment":5,"employment":18,"plotstatus":"Allotted","landallotementstatus":"SOLD","landallotementtype":"ALLOTTED","allotmentid":"YIND021139","allotment_date":1442255400000,"rate_of_allotment":6100,"lease_deed":"Y","possession":"N","village_name":"Chakbirampur","khasra_no":"86","longitude":77.6049783,"latitude":28.22118159,"authority":"YEIDA","category":"industrial","execution_stage":"lease-recorded"}},{"type":"Feature","geometry":{"type":"Polygon","coordinates":[[[77.603073,28.217511],[77.603074,28.217736],[77.602952,28.217736],[77.602951,28.217511],[77.603073,28.217511]]]},"properties":{"objectid":2058,"uniqueplotid":"PLNGINDUSTRIAL2058","plotmap_id":"SECTOR-32_805_GENERAL INDUSTRY_IND","plotidentificationnumber":"805","plotno":"805","industrysector":"SECTOR-32","block":"GENERAL INDUSTRY","plotsize":"300 SQMT","plotsize_at_the_time_of_allotme":"300 SQMT","landuse_type":"INDUSTRIAL","landuse_subcategory":"INDUSTRIAL","scheme_cod":"IND02","investment":5,"employment":18,"plotstatus":"Allotted","landallotementstatus":"SOLD","landallotementtype":"ALLOTTED","allotmentid":"YIND021035","allotment_date":1442255400000,"rate_of_allotment":6100,"lease_deed":"N","possession":"N","village_name":"Muradgarhi","khasra_no":"565,567","longitude":77.60301231,"latitude":28.217623550000003,"authority":"YEIDA","category":"industrial","execution_stage":"allotted"}},{"type":"Feature","geometry":{"type":"Polygon","coordinates":[[[77.603451,28.221298],[77.603452,28.221523],[77.60333,28.221524],[77.603329,28.221298],[77.603451,28.221298]]]},"properties":{"objectid":2059,"uniqueplotid":"PLNGINDUSTRIAL2059","plotmap_id":"SECTOR-32_258_GENERAL INDUSTRY_IND","plotidentificationnumber":"258","plotno":"258","industrysector":"SECTOR-32","block":"GENERAL INDUSTRY","plotsize":"300 SQMT","plotsize_at_the_time_of_allotme":"300 SQMT","plot_size_as_per_lease_plan":300,"landuse_type":"INDUSTRIAL","landuse_subcategory":"INDUSTRIAL","scheme_cod":"IND02","investment":5,"employment":18,"plotstatus":"Allotted","landallotementstatus":"SOLD","landallotementtype":"ALLOTTED","allotmentid":"YIND021262","allotment_date":1442255400000,"rate_of_allotment":6100,"lease_deed":"Y","possession":"Y","possession_date":1688927400000,"village_name":"Muradgarhi","khasra_no":"494","longitude":77.60339032,"latitude":28.221410799999997,"authority":"YEIDA","category":"industrial","execution_stage":"possession-recorded"}},{"type":"Feature","geometry":{"type":"Polygon","coordinates":[[[77.602704,28.216844],[77.602705,28.21707],[77.602583,28.21707],[77.602582,28.216844],[77.602704,28.216844]]]},"properties":{"objectid":2068,"uniqueplotid":"PLNGINDUSTRIAL2068","plotmap_id":"SECTOR-32_938_GENERAL INDUSTRY_IND","plotidentificationnumber":"938","plotno":"938","industrysector":"SECTOR-32","block":"GENERAL INDUSTRY","plotsize":"300 SQMT","plotsize_at_the_time_of_allotme":"300 SQMT","plot_size_as_per_lease_plan":300,"landuse_type":"INDUSTRIAL","landuse_subcategory":"INDUSTRIAL","scheme_cod":"IND06","investment":3,"employment":9,"plotstatus":"Allotted","landallotementstatus":"SOLD","landallotementtype":"ALLOTTED","allotmentid":"YIND061016","allotment_date":1574361000000,"rate_of_allotment":6670,"lease_deed":"Y","possession":"N","village_name":"Muradgarhi","khasra_no":"565,567","longitude":77.60264369,"latitude":28.21695698,"authority":"YEIDA","category":"industrial","execution_stage":"lease-recorded"}},{"type":"Feature","geometry":{"type":"Polygon","coordinates":[[[77.601984,28.221076],[77.601985,28.221301],[77.601862,28.221302],[77.601862,28.221076],[77.601984,28.221076]]]},"properties":{"objectid":2080,"uniqueplotid":"PLNGINDUSTRIAL2080","plotmap_id":"SECTOR-32_379_GENERAL INDUSTRY_IND","plotidentificationnumber":"379","plotno":"379","industrysector":"SECTOR-32","block":"GENERAL INDUSTRY","plotsize":"300 SQMT","plotsize_at_the_time_of_allotme":"300 SQMT","landuse_type":"INDUSTRIAL","landuse_subcategory":"INDUSTRIAL","scheme_cod":"IND06","investment":3,"employment":9,"plotstatus":"Allotted","landallotementstatus":"SOLD","landallotementtype":"ALLOTTED","allotmentid":"YIND061037","allotment_date":1574361000000,"rate_of_allotment":6670,"lease_deed":"Y","possession":"N","village_name":"Muradgarhi","khasra_no":"496","longitude":77.6019232,"latitude":28.22118876,"authority":"YEIDA","category":"industrial","execution_stage":"lease-recorded"}},{"type":"Feature","geometry":{"type":"Polygon","coordinates":[[[77.60515,28.21728],[77.605151,28.217506],[77.605028,28.217506],[77.605028,28.217281],[77.60515,28.21728]]]},"properties":{"objectid":2082,"uniqueplotid":"PLNGINDUSTRIAL2082","plotmap_id":"SECTOR-32_903_GENERAL INDUSTRY_IND","plotidentificationnumber":"903","plotno":"903","industrysector":"SECTOR-32","block":"GENERAL INDUSTRY","plotsize":"300 SQMT","plotsize_at_the_time_of_allotme":"300 SQMT","landuse_type":"INDUSTRIAL","landuse_subcategory":"INDUSTRIAL","scheme_cod":"IND02","investment":5,"employment":18,"plotstatus":"Allotted","landallotementstatus":"SOLD","landallotementtype":"ALLOTTED","allotmentid":"YIND021321","allotment_date":1442255400000,"rate_of_allotment":6100,"lease_deed":"Y","possession":"N","village_name":"Chakbirampur","khasra_no":"145,134,142","longitude":77.6050891,"latitude":28.217393190000003,"authority":"YEIDA","category":"industrial","execution_stage":"lease-recorded"}},{"type":"Feature","geometry":{"type":"Polygon","coordinates":[[[77.603926,28.216841],[77.603927,28.217067],[77.603805,28.217067],[77.603804,28.216842],[77.603926,28.216841]]]},"properties":{"objectid":2086,"uniqueplotid":"PLNGINDUSTRIAL2086","plotmap_id":"SECTOR-32_948_GENERAL INDUSTRY_IND","plotidentificationnumber":"948","plotno":"948","industrysector":"SECTOR-32","block":"GENERAL INDUSTRY","plotsize":"300 SQMT","plotsize_at_the_time_of_allotme":"300 SQMT","plot_size_as_per_lease_plan":300,"landuse_type":"INDUSTRIAL","landuse_subcategory":"INDUSTRIAL","scheme_cod":"IND04","investment":5,"employment":18,"plotstatus":"Allotted","landallotementstatus":"SOLD","landallotementtype":"ALLOTTED","allotmentid":"YIND041034","allotment_date":1546972200000,"rate_of_allotment":6405,"lease_deed":"Y","possession":"N","village_name":"Muradgarhi","khasra_no":"570,571,563","longitude":77.60386573000001,"latitude":28.2169541,"authority":"YEIDA","category":"industrial","execution_stage":"lease-recorded"}},{"type":"Feature","geometry":{"type":"Polygon","coordinates":[[[77.601486,28.218407],[77.601487,28.218543],[77.601182,28.218543],[77.601182,28.218408],[77.601486,28.218407]]]},"properties":{"objectid":2091,"uniqueplotid":"PLNGINDUSTRIAL2091","plotmap_id":"SECTOR-32_85_GENERAL INDUSTRY_IND","plotidentificationnumber":"85","plotno":"85","industrysector":"SECTOR-32","block":"GENERAL INDUSTRY","plotsize":"450 SQMT","plotsize_at_the_time_of_allotme":"450 SQMT","plot_size_as_per_lease_plan":450.18,"landuse_type":"INDUSTRIAL","landuse_subcategory":"INDUSTRIAL","scheme_cod":"IND01","investment":3,"employment":12,"plotstatus":"Allotted","landallotementstatus":"SOLD","landallotementtype":"ALLOTTED","allotmentid":"YIND010687","allotment_date":1442255400000,"rate_of_allotment":6100,"lease_deed":"Y","possession":"N","village_name":"Muradgarhi","khasra_no":"549","longitude":77.60133422,"latitude":28.21847532,"authority":"YEIDA","category":"industrial","execution_stage":"lease-recorded"}},{"type":"Feature","geometry":{"type":"Polygon","coordinates":[[[77.604049,28.216841],[77.604049,28.217066],[77.603927,28.217067],[77.603926,28.216841],[77.604049,28.216841]]]},"properties":{"objectid":2093,"uniqueplotid":"PLNGINDUSTRIAL2093","plotmap_id":"SECTOR-32_949_GENERAL INDUSTRY_IND","plotidentificationnumber":"949","plotno":"949","industrysector":"SECTOR-32","block":"GENERAL INDUSTRY","plotsize":"300 SQMT","plotsize_at_the_time_of_allotme":"300 SQMT","landuse_type":"INDUSTRIAL","landuse_subcategory":"INDUSTRIAL","scheme_cod":"IND02","investment":5,"employment":18,"plotstatus":"Allotted","landallotementstatus":"SOLD","landallotementtype":"ALLOTTED","allotmentid":"YIND021412","allotment_date":1442255400000,"rate_of_allotment":6100,"lease_deed":"Y","possession":"N","village_name":"Muradgarhi,Chakbirampur","khasra_no":"138,570,571,563","longitude":77.60398794,"latitude":28.21695381,"authority":"YEIDA","category":"industrial","execution_stage":"lease-recorded"}},{"type":"Feature","geometry":{"type":"Polygon","coordinates":[[[77.603208,28.22174],[77.603209,28.221966],[77.603086,28.221966],[77.603086,28.221741],[77.603208,28.22174]]]},"properties":{"objectid":2100,"uniqueplotid":"PLNGINDUSTRIAL2100","plotmap_id":"SECTOR-32_233_GENERAL INDUSTRY_IND","plotidentificationnumber":"233","plotno":"233","industrysector":"SECTOR-32","block":"GENERAL INDUSTRY","plotsize":"300 SQMT","plotsize_at_the_time_of_allotme":"300 SQMT","landuse_type":"INDUSTRIAL","landuse_subcategory":"INDUSTRIAL","scheme_cod":"IND06","investment":3,"employment":9,"plotstatus":"Allotted","landallotementstatus":"SOLD","landallotementtype":"ALLOTTED","allotmentid":"YIND061054","allotment_date":1574361000000,"rate_of_allotment":6670,"lease_deed":"Y","possession":"Y","possession_date":1668105000000,"map_sanctioned_from_planning":"Y","village_name":"Muradgarhi","khasra_no":"492,494","longitude":77.60314724,"latitude":28.22185331,"authority":"YEIDA","category":"industrial","execution_stage":"construction-or-map-approval"}},{"type":"Feature","geometry":{"type":"Polygon","coordinates":[[[77.60504,28.221294],[77.60504,28.22152],[77.604918,28.22152],[77.604918,28.221294],[77.60504,28.221294]]]},"properties":{"objectid":2102,"uniqueplotid":"PLNGINDUSTRIAL2102","plotmap_id":"SECTOR-32_271_GENERAL INDUSTRY_IND","plotidentificationnumber":"271","plotno":"271","industrysector":"SECTOR-32","block":"GENERAL INDUSTRY","plotsize":"300 SQMT","plotsize_at_the_time_of_allotme":"300 SQMT","plot_size_as_per_lease_plan":300,"landuse_type":"INDUSTRIAL","landuse_subcategory":"INDUSTRIAL","scheme_cod":"IND02","investment":5,"employment":18,"plotstatus":"Allotted","landallotementstatus":"SOLD","landallotementtype":"ALLOTTED","allotmentid":"YIND021219","allotment_date":1442255400000,"rate_of_allotment":6100,"lease_deed":"Y","possession":"Y","possession_date":1696444200000,"village_name":"Muradgarhi,Chakbirampur","khasra_no":"85,86,492,491","longitude":77.60497898,"latitude":28.221407069999998,"authority":"YEIDA","category":"industrial","execution_stage":"possession-recorded"}},{"type":"Feature","geometry":{"type":"Polygon","coordinates":[[[77.602085,28.220859],[77.601912,28.22086],[77.601911,28.220544],[77.602084,28.220544],[77.602085,28.220859]]]},"properties":{"objectid":2118,"uniqueplotid":"PLNGINDUSTRIAL2118","plotmap_id":"SECTOR-32_382_GENERAL INDUSTRY_IND","plotidentificationnumber":"382","plotno":"382","industrysector":"SECTOR-32","block":"GENERAL INDUSTRY","plotsize":"595 SQMT","plotsize_at_the_time_of_allotme":"595 SQMT","landuse_type":"INDUSTRIAL","landuse_subcategory":"INDUSTRIAL","scheme_cod":"IND06","investment":5,"employment":17,"plotstatus":"Allotted","landallotementstatus":"SOLD","landallotementtype":"ALLOTTED","allotmentid":"YIND061365","allotment_date":1574361000000,"rate_of_allotment":6670,"lease_deed":"Y","possession":"Y","possession_date":1704220200000,"village_name":"Muradgarhi","khasra_no":"499,498","longitude":77.60199811,"latitude":28.22070154,"authority":"YEIDA","category":"industrial","execution_stage":"possession-recorded"}},{"type":"Feature","geometry":{"type":"Polygon","coordinates":[[[77.602094,28.217071],[77.601972,28.217071],[77.601971,28.216846],[77.602093,28.216846],[77.602094,28.217071]]]},"properties":{"objectid":2133,"uniqueplotid":"PLNGINDUSTRIAL2133","plotmap_id":"SECTOR-32_933_GENERAL INDUSTRY_IND","plotidentificationnumber":"933","plotno":"933","industrysector":"SECTOR-32","block":"GENERAL INDUSTRY","plotsize":"300 SQMT","plotsize_at_the_time_of_allotme":"300 SQMT","landuse_type":"INDUSTRIAL","landuse_subcategory":"INDUSTRIAL","scheme_cod":"IND02","investment":5,"employment":18,"plotstatus":"Allotted","landallotementstatus":"SOLD","landallotementtype":"ALLOTTED","allotmentid":"YIND021410","allotment_date":1442255400000,"rate_of_allotment":6100,"lease_deed":"Y","possession":"N","village_name":"Muradgarhi","khasra_no":"573,565","longitude":77.60203267,"latitude":28.21695841,"authority":"YEIDA","category":"industrial","execution_stage":"lease-recorded"}},{"type":"Feature","geometry":{"type":"Polygon","coordinates":[[[77.602604,28.220542],[77.602605,28.220858],[77.602431,28.220858],[77.60243,28.220543],[77.602604,28.220542]]]},"properties":{"objectid":2138,"uniqueplotid":"PLNGINDUSTRIAL2138","plotmap_id":"SECTOR-32_385_GENERAL INDUSTRY_IND","plotidentificationnumber":"385","plotno":"385","industrysector":"SECTOR-32","block":"GENERAL INDUSTRY","plotsize":"595 SQMT","plotsize_at_the_time_of_allotme":"595 SQMT","landuse_type":"INDUSTRIAL","landuse_subcategory":"INDUSTRIAL","scheme_cod":"IND06","investment":5,"employment":17,"plotstatus":"Allotted","landallotementstatus":"SOLD","landallotementtype":"ALLOTTED","allotmentid":"YIND061334","allotment_date":1574361000000,"rate_of_allotment":6670,"lease_deed":"Y","possession":"N","village_name":"Muradgarhi","khasra_no":"499,498,497","longitude":77.60251747000001,"latitude":28.22070033,"authority":"YEIDA","category":"industrial","execution_stage":"lease-recorded"}},{"type":"Feature","geometry":{"type":"Polygon","coordinates":[[[77.602343,28.218712],[77.602344,28.218983],[77.602192,28.218983],[77.602191,28.218712],[77.602343,28.218712]]]},"properties":{"objectid":2140,"uniqueplotid":"PLNGINDUSTRIAL2140","plotmap_id":"SECTOR-32_683_GENERAL INDUSTRY_IND","plotidentificationnumber":"683","plotno":"683","industrysector":"SECTOR-32","block":"GENERAL INDUSTRY","plotsize":"450 SQMT","plotsize_at_the_time_of_allotme":"450 SQMT","plot_size_as_per_lease_plan":450,"landuse_type":"INDUSTRIAL","landuse_subcategory":"INDUSTRIAL","scheme_cod":"IND07","investment":3,"employment":10,"plotstatus":"Allotted","landallotementstatus":"SOLD","landallotementtype":"ALLOTTED","allotmentid":"YIND071123","allotment_date":1625077800000,"rate_of_allotment":7010,"lease_deed":"Y","possession":"Y","possession_date":1665081000000,"village_name":"Muradgarhi","khasra_no":"549,501","longitude":77.60226749,"latitude":28.21884743,"authority":"YEIDA","category":"industrial","execution_stage":"possession-recorded"}},{"type":"Feature","geometry":{"type":"Polygon","coordinates":[[[77.604327,28.21795],[77.604328,28.21822],[77.604175,28.218221],[77.604174,28.21795],[77.604327,28.21795]]]},"properties":{"objectid":2141,"uniqueplotid":"PLNGINDUSTRIAL2141","plotmap_id":"SECTOR-32_778_GENERAL INDUSTRY_IND","plotidentificationnumber":"778","plotno":"778","industrysector":"SECTOR-32","block":"GENERAL INDUSTRY","plotsize":"450 SQMT","plotsize_at_the_time_of_allotme":"450 SQMT","landuse_type":"INDUSTRIAL","landuse_subcategory":"INDUSTRIAL","scheme_cod":"YEA/IND-LOP(2021)-10","investment":3,"employment":10,"plot_total_employment":"GH 4, CECTOR CHI 3","projects_cost_in_lacs":154,"plotstatus":"Allotted","landallotementstatus":"SOLD","landallotementtype":"ALLOTTED","allotmentid":"YIND100028","allotment_date":1650565800000,"rate_of_allotment":7010,"lease_deed":"N","possession":"N","village_name":"Chakbirampur","khasra_no":"137","longitude":77.60425103,"latitude":28.21808515,"authority":"YEIDA","category":"industrial","execution_stage":"allotted"}},{"type":"Feature","geometry":{"type":"Polygon","coordinates":[[[77.603206,28.221073],[77.603207,28.221298],[77.603084,28.221299],[77.603084,28.221073],[77.603206,28.221073]]]},"properties":{"objectid":2144,"uniqueplotid":"PLNGINDUSTRIAL2144","plotmap_id":"SECTOR-32_369_GENERAL INDUSTRY_IND","plotidentificationnumber":"369","plotno":"369","industrysector":"SECTOR-32","block":"GENERAL INDUSTRY","plotsize":"300 SQMT","plotsize_at_the_time_of_allotme":"300 SQMT","landuse_type":"INDUSTRIAL","landuse_subcategory":"INDUSTRIAL","scheme_cod":"IND06","investment":3,"employment":9,"plotstatus":"Allotted","landallotementstatus":"SOLD","landallotementtype":"ALLOTTED","allotmentid":"YIND061124","allotment_date":1574361000000,"rate_of_allotment":6670,"lease_deed":"Y","possession":"Y","possession_date":1699468200000,"village_name":"Muradgarhi","khasra_no":"497,494,495","longitude":77.60314524,"latitude":28.22118589,"authority":"YEIDA","category":"industrial","execution_stage":"possession-recorded"}},{"type":"Feature","geometry":{"type":"Polygon","coordinates":[[[77.604051,28.217734],[77.603929,28.217734],[77.603929,28.217509],[77.604051,28.217508],[77.604051,28.217734]]]},"properties":{"objectid":2152,"uniqueplotid":"PLNGINDUSTRIAL2152","plotmap_id":"SECTOR-32_813_GENERAL INDUSTRY_IND","plotidentificationnumber":"813","plotno":"813","industrysector":"SECTOR-32","block":"GENERAL INDUSTRY","plotsize":"300 SQMT","plotsize_at_the_time_of_allotme":"300 SQMT","plot_size_as_per_lease_plan":300,"landuse_type":"INDUSTRIAL","landuse_subcategory":"INDUSTRIAL","scheme_cod":"IND02","investment":5,"employment":18,"plotstatus":"Allotted","landallotementstatus":"SOLD","landallotementtype":"ALLOTTED","allotmentid":"YIND021070","allotment_date":1442255400000,"rate_of_allotment":6100,"lease_deed":"Y","possession":"N","village_name":"Chakbirampur","khasra_no":"137","longitude":77.60398993999999,"latitude":28.21762125,"authority":"YEIDA","category":"industrial","execution_stage":"lease-recorded"}},{"type":"Feature","geometry":{"type":"Polygon","coordinates":[[[77.604782,28.216839],[77.604783,28.217065],[77.60466,28.217065],[77.60466,28.21684],[77.604782,28.216839]]]},"properties":{"objectid":2173,"uniqueplotid":"PLNGINDUSTRIAL2173","plotmap_id":"SECTOR-32_955_GENERAL INDUSTRY_IND","plotidentificationnumber":"955","plotno":"955","industrysector":"SECTOR-32","block":"GENERAL INDUSTRY","plotsize":"300 SQMT","plotsize_at_the_time_of_allotme":"300 SQMT","plot_size_as_per_lease_plan":300,"landuse_type":"INDUSTRIAL","landuse_subcategory":"INDUSTRIAL","scheme_cod":"IND02","investment":5,"employment":18,"plotstatus":"Allotted","landallotementstatus":"SOLD","landallotementtype":"ALLOTTED","allotmentid":"YIND021168","allotment_date":1442255400000,"rate_of_allotment":6100,"lease_deed":"Y","possession":"Y","possession_date":1729103400000,"village_name":"Chakbirampur","khasra_no":"142","longitude":77.60472116,"latitude":28.21695209,"authority":"YEIDA","category":"industrial","execution_stage":"possession-recorded"}},{"type":"Feature","geometry":{"type":"Polygon","coordinates":[[[77.605374,28.220851],[77.605201,28.220852],[77.6052,28.220536],[77.605374,28.220536],[77.605374,28.220851]]]},"properties":{"objectid":2191,"uniqueplotid":"PLNGINDUSTRIAL2191","plotmap_id":"SECTOR-32_401_GENERAL INDUSTRY_IND","plotidentificationnumber":"401","plotno":"401","industrysector":"SECTOR-32","block":"GENERAL INDUSTRY","plotsize":"595 SQMT","plotsize_at_the_time_of_allotme":"595 SQMT","plot_size_as_per_lease_plan":595,"landuse_type":"INDUSTRIAL","landuse_subcategory":"INDUSTRIAL","scheme_cod":"IND02","investment":5,"employment":16,"plotstatus":"Allotted","landallotementstatus":"SOLD","landallotementtype":"ALLOTTED","allotmentid":"YIND021467","allotment_date":1442255400000,"rate_of_allotment":6100,"lease_deed":"Y","possession":"N","village_name":"Chakbirampur","khasra_no":"89,87,86","longitude":77.60528742999999,"latitude":28.220693830000002,"authority":"YEIDA","category":"industrial","execution_stage":"lease-recorded"}},{"type":"Feature","geometry":{"type":"Polygon","coordinates":[[[77.601486,28.218137],[77.601486,28.218272],[77.601181,28.218273],[77.601181,28.218137],[77.601486,28.218137]]]},"properties":{"objectid":2200,"uniqueplotid":"PLNGINDUSTRIAL2200","plotmap_id":"SECTOR-32_83_GENERAL INDUSTRY_IND","plotidentificationnumber":"83","plotno":"83","industrysector":"SECTOR-32","block":"GENERAL INDUSTRY","plotsize":"450 SQMT","plotsize_at_the_time_of_allotme":"450 SQMT","plot_size_as_per_lease_plan":450.18,"landuse_type":"INDUSTRIAL","landuse_subcategory":"INDUSTRIAL","scheme_cod":"IND07","investment":3,"employment":10,"plotstatus":"Allotted","landallotementstatus":"SOLD","landallotementtype":"ALLOTTED","allotmentid":"YIND071122","allotment_date":1625077800000,"rate_of_allotment":7010,"lease_deed":"Y","possession":"Y","possession_date":-1421386200000,"village_name":"Muradgarhi","khasra_no":"549,553,551,550","longitude":77.60133347,"latitude":28.21820473,"authority":"YEIDA","category":"industrial","execution_stage":"possession-recorded"}},{"type":"Feature","geometry":{"type":"Polygon","coordinates":[[[77.604682,28.220853],[77.604509,28.220853],[77.604508,28.220538],[77.604681,28.220537],[77.604682,28.220853]]]},"properties":{"objectid":2201,"uniqueplotid":"PLNGINDUSTRIAL2201","plotmap_id":"SECTOR-32_397_GENERAL INDUSTRY_IND","plotidentificationnumber":"397","plotno":"397","industrysector":"SECTOR-32","block":"GENERAL INDUSTRY","plotsize":"595 SQMT","plotsize_at_the_time_of_allotme":"595 SQMT","plot_size_as_per_lease_plan":595,"landuse_type":"INDUSTRIAL","landuse_subcategory":"INDUSTRIAL","scheme_cod":"IND02","investment":5,"employment":16,"plotstatus":"Allotted","landallotementstatus":"SOLD","landallotementtype":"ALLOTTED","allotmentid":"YIND021452","allotment_date":1442255400000,"rate_of_allotment":6100,"lease_deed":"Y","possession":"Y","possession_date":1712860200000,"village_name":"Muradgarhi,Chakbirampur","khasra_no":"86,494","longitude":77.60459494,"latitude":28.22069545,"authority":"YEIDA","category":"industrial","execution_stage":"possession-recorded"}},{"type":"Feature","geometry":{"type":"Polygon","coordinates":[[[77.605393,28.216838],[77.605394,28.217063],[77.605271,28.217064],[77.605271,28.216838],[77.605393,28.216838]]]},"properties":{"objectid":2205,"uniqueplotid":"PLNGINDUSTRIAL2205","plotmap_id":"SECTOR-32_960_GENERAL INDUSTRY_IND","plotidentificationnumber":"960","plotno":"960","industrysector":"SECTOR-32","block":"GENERAL INDUSTRY","plotsize":"300 SQMT","plotsize_at_the_time_of_allotme":"300 SQMT","landuse_type":"INDUSTRIAL","landuse_subcategory":"INDUSTRIAL","scheme_cod":"IND02","investment":5,"employment":18,"plotstatus":"Allotted","landallotementstatus":"SOLD","landallotementtype":"ALLOTTED","allotmentid":"YIND021237","allotment_date":1442255400000,"rate_of_allotment":6100,"lease_deed":"N","possession":"N","village_name":"Chakbirampur","khasra_no":"145","longitude":77.60533218,"latitude":28.21695066,"authority":"YEIDA","category":"industrial","execution_stage":"allotted"}},{"type":"Feature","geometry":{"type":"Polygon","coordinates":[[[77.60185,28.217072],[77.601728,28.217072],[77.601727,28.216846],[77.601849,28.216846],[77.60185,28.217072]]]},"properties":{"objectid":2210,"uniqueplotid":"PLNGINDUSTRIAL2210","plotmap_id":"SECTOR-32_931_GENERAL INDUSTRY_IND","plotidentificationnumber":"931","plotno":"931","industrysector":"SECTOR-32","block":"GENERAL INDUSTRY","plotsize":"300 SQMT","plotsize_at_the_time_of_allotme":"300 SQMT","plot_size_as_per_lease_plan":300,"landuse_type":"INDUSTRIAL","landuse_subcategory":"INDUSTRIAL","scheme_cod":"IND06","investment":3,"employment":9,"plotstatus":"Allotted","landallotementstatus":"SOLD","landallotementtype":"ALLOTTED","allotmentid":"YIND061064","allotment_date":1574361000000,"rate_of_allotment":6670,"lease_deed":"Y","possession":"Y","possession_date":1714501800000,"village_name":"Muradgarhi","khasra_no":"573,565","longitude":77.60178631999999,"latitude":28.21695543,"authority":"YEIDA","category":"industrial","execution_stage":"possession-recorded"}},{"type":"Feature","geometry":{"type":"Polygon","coordinates":[[[77.604938,28.217948],[77.604939,28.218219],[77.604786,28.218219],[77.604785,28.217949],[77.604938,28.217948]]]},"properties":{"objectid":2221,"uniqueplotid":"PLNGINDUSTRIAL2221","plotmap_id":"SECTOR-32_774_GENERAL INDUSTRY_IND","plotidentificationnumber":"774","plotno":"774","industrysector":"SECTOR-32","block":"GENERAL INDUSTRY","plotsize":"450 SQMT","plotsize_at_the_time_of_allotme":"450 SQMT","plot_size_as_per_lease_plan":450,"landuse_type":"INDUSTRIAL","landuse_subcategory":"INDUSTRIAL","scheme_cod":"IND07","investment":3,"employment":10,"plotstatus":"Allotted","landallotementstatus":"SOLD","landallotementtype":"ALLOTTED","allotmentid":"YIND071134","allotment_date":1625164200000,"rate_of_allotment":7010,"lease_deed":"N","possession":"N","village_name":"Chakbirampur","khasra_no":"90,135","longitude":77.60486205,"latitude":28.21808371,"authority":"YEIDA","category":"industrial","execution_stage":"allotted"}},{"type":"Feature","geometry":{"type":"Polygon","coordinates":[[[77.604064,28.221964],[77.604065,28.222189],[77.603943,28.22219],[77.603942,28.221964],[77.604064,28.221964]]]},"properties":{"objectid":2222,"uniqueplotid":"PLNGINDUSTRIAL2222","plotmap_id":"SECTOR-32_127_GENERAL INDUSTRY_IND","plotidentificationnumber":"127","plotno":"127","industrysector":"SECTOR-32","block":"GENERAL INDUSTRY","plotsize":"300 SQMT","plotsize_at_the_time_of_allotme":"300 SQMT","landuse_type":"INDUSTRIAL","landuse_subcategory":"INDUSTRIAL","scheme_cod":"IND02","investment":5,"employment":18,"plotstatus":"Allotted","landallotementstatus":"SOLD","landallotementtype":"ALLOTTED","allotmentid":"YIND021255","allotment_date":1442255400000,"rate_of_allotment":6100,"lease_deed":"N","possession":"N","village_name":"Muradgarhi","khasra_no":"491","longitude":77.60400335,"latitude":28.222076780000002,"authority":"YEIDA","category":"industrial","execution_stage":"allotted"}},{"type":"Feature","geometry":{"type":"Polygon","coordinates":[[[77.602461,28.217287],[77.602462,28.217512],[77.60234,28.217512],[77.602339,28.217287],[77.602461,28.217287]]]},"properties":{"objectid":2223,"uniqueplotid":"PLNGINDUSTRIAL2223","plotmap_id":"SECTOR-32_925_GENERAL INDUSTRY_IND","plotidentificationnumber":"925","plotno":"925","industrysector":"SECTOR-32","block":"GENERAL INDUSTRY","plotsize":"300 SQMT","plotsize_at_the_time_of_allotme":"300 SQMT","plot_size_as_per_lease_plan":300,"landuse_type":"INDUSTRIAL","landuse_subcategory":"INDUSTRIAL","scheme_cod":"IND02","investment":5,"employment":18,"plotstatus":"Allotted","landallotementstatus":"SOLD","landallotementtype":"ALLOTTED","allotmentid":"YIND021355","allotment_date":1442255400000,"rate_of_allotment":6100,"lease_deed":"Y","possession":"Y","possession_date":1679337000000,"map_sanctioned_from_planning":"Y","units_under_construction":"Y","village_name":"Muradgarhi","khasra_no":"565","longitude":77.60240061,"latitude":28.217399490000002,"authority":"YEIDA","category":"industrial","execution_stage":"construction-or-map-approval"}},{"type":"Feature","geometry":{"type":"Polygon","coordinates":[[[77.604795,28.221069],[77.604795,28.221295],[77.604673,28.221295],[77.604672,28.22107],[77.604795,28.221069]]]},"properties":{"objectid":2225,"uniqueplotid":"PLNGINDUSTRIAL2225","plotmap_id":"SECTOR-32_356_GENERAL INDUSTRY_IND","plotidentificationnumber":"356","plotno":"356","industrysector":"SECTOR-32","block":"GENERAL INDUSTRY","plotsize":"300 SQMT","plotsize_at_the_time_of_allotme":"300 SQMT","landuse_type":"INDUSTRIAL","landuse_subcategory":"INDUSTRIAL","scheme_cod":"IND02","investment":5,"employment":18,"plotstatus":"Allotted","landallotementstatus":"SOLD","landallotementtype":"ALLOTTED","allotmentid":"YIND021383","allotment_date":1442255400000,"rate_of_allotment":6100,"lease_deed":"Y","possession":"N","village_name":"Muradgarhi,Chakbirampur","khasra_no":"86,492","longitude":77.60473388999999,"latitude":28.22118217,"authority":"YEIDA","category":"industrial","execution_stage":"lease-recorded"}},{"type":"Feature","geometry":{"type":"Polygon","coordinates":[[[77.603086,28.221741],[77.603086,28.221966],[77.602964,28.221966],[77.602964,28.221741],[77.603086,28.221741]]]},"properties":{"objectid":2227,"uniqueplotid":"PLNGINDUSTRIAL2227","plotmap_id":"SECTOR-32_234_GENERAL INDUSTRY_IND","plotidentificationnumber":"234","plotno":"234","industrysector":"SECTOR-32","block":"GENERAL INDUSTRY","plotsize":"300 SQMT","plotsize_at_the_time_of_allotme":"300 SQMT","plot_size_as_per_lease_plan":300,"landuse_type":"INDUSTRIAL","landuse_subcategory":"INDUSTRIAL","scheme_cod":"IND06","investment":3,"employment":9,"plotstatus":"Allotted","landallotementstatus":"SOLD","landallotementtype":"ALLOTTED","allotmentid":"YIND061085","allotment_date":1574361000000,"rate_of_allotment":6670,"lease_deed":"Y","possession":"Y","possession_date":1690828200000,"village_name":"Muradgarhi","khasra_no":"492,494","longitude":77.60302503999999,"latitude":28.221853600000003,"authority":"YEIDA","category":"industrial","execution_stage":"possession-recorded"}},{"type":"Feature","geometry":{"type":"Polygon","coordinates":[[[77.601489,28.219354],[77.601489,28.21949],[77.601185,28.21949],[77.601184,28.219355],[77.601489,28.219354]]]},"properties":{"objectid":2234,"uniqueplotid":"PLNGINDUSTRIAL2234","plotmap_id":"SECTOR-32_92_GENERAL INDUSTRY_IND","plotidentificationnumber":"92","plotno":"92","industrysector":"SECTOR-32","block":"GENERAL INDUSTRY","plotsize":"450 SQMT","plotsize_at_the_time_of_allotme":"450 SQMT","plot_size_as_per_lease_plan":450.25,"landuse_type":"INDUSTRIAL","landuse_subcategory":"INDUSTRIAL","scheme_cod":"IND07","investment":3,"employment":10,"plotstatus":"Allotted","landallotementstatus":"SOLD","landallotementtype":"ALLOTTED","allotmentid":"YIND071224","allotment_date":1625077800000,"rate_of_allotment":7010,"lease_deed":"Y","possession":"Y","possession_date":1706725800000,"village_name":"Muradgarhi","khasra_no":"549,548,501","longitude":77.60133682,"latitude":28.21942235,"authority":"YEIDA","category":"industrial","execution_stage":"possession-recorded"}},{"type":"Feature","geometry":{"type":"Polygon","coordinates":[[[77.603721,28.219466],[77.603721,28.219737],[77.603569,28.219737],[77.603568,28.219467],[77.603721,28.219466]]]},"properties":{"objectid":2239,"uniqueplotid":"PLNGINDUSTRIAL2239","plotmap_id":"SECTOR-32_566_GENERAL INDUSTRY_IND","plotidentificationnumber":"566","plotno":"566","industrysector":"SECTOR-32","block":"GENERAL INDUSTRY","plotsize":"450 SQMT","plotsize_at_the_time_of_allotme":"450 SQMT","landuse_type":"INDUSTRIAL","landuse_subcategory":"INDUSTRIAL","scheme_cod":"IND06","investment":4,"employment":13,"plotstatus":"Allotted","landallotementstatus":"SOLD","landallotementtype":"ALLOTTED","allotmentid":"YIND061266","allotment_date":1574361000000,"rate_of_allotment":6670,"lease_deed":"Y","possession":"N","village_name":"Muradgarhi","khasra_no":"499,561,560","longitude":77.60364456,"latitude":28.21960184,"authority":"YEIDA","category":"industrial","execution_stage":"lease-recorded"}},{"type":"Feature","geometry":{"type":"Polygon","coordinates":[[[77.603873,28.21925],[77.60372,28.21925],[77.603719,28.218979],[77.603872,28.218979],[77.603873,28.21925]]]},"properties":{"objectid":2244,"uniqueplotid":"PLNGINDUSTRIAL2244","plotmap_id":"SECTOR-32_592_GENERAL INDUSTRY_IND","plotidentificationnumber":"592","plotno":"592","industrysector":"SECTOR-32","block":"GENERAL INDUSTRY","plotsize":"450 SQMT","plotsize_at_the_time_of_allotme":"450 SQMT","landuse_type":"INDUSTRIAL","landuse_subcategory":"INDUSTRIAL","scheme_cod":"IND06","investment":4,"employment":13,"plotstatus":"Allotted","landallotementstatus":"SOLD","landallotementtype":"ALLOTTED","allotmentid":"YIND061273","allotment_date":1574361000000,"rate_of_allotment":6670,"lease_deed":"N","possession":"N","village_name":"Muradgarhi,Chakbirampur","khasra_no":"137,563","longitude":77.60379585,"latitude":28.21911443,"authority":"YEIDA","category":"industrial","execution_stage":"allotted"}},{"type":"Feature","geometry":{"type":"Polygon","coordinates":[[[77.60223,28.221526],[77.602108,28.221527],[77.602107,28.221301],[77.602229,28.221301],[77.60223,28.221526]]]},"properties":{"objectid":2250,"uniqueplotid":"PLNGINDUSTRIAL2250","plotmap_id":"SECTOR-32_248_GENERAL INDUSTRY_IND","plotidentificationnumber":"248","plotno":"248","industrysector":"SECTOR-32","block":"GENERAL INDUSTRY","plotsize":"300 SQMT","plotsize_at_the_time_of_allotme":"300 SQMT","plot_size_as_per_lease_plan":300,"landuse_type":"INDUSTRIAL","landuse_subcategory":"INDUSTRIAL","scheme_cod":"IND06","investment":3,"employment":9,"plotstatus":"Allotted","landallotementstatus":"SOLD","landallotementtype":"ALLOTTED","allotmentid":"YIND061132","allotment_date":1574361000000,"rate_of_allotment":6670,"lease_deed":"Y","possession":"Y","possession_date":1689532200000,"village_name":"Muradgarhi","khasra_no":"496","longitude":77.60216828,"latitude":28.22141366,"authority":"YEIDA","category":"industrial","execution_stage":"possession-recorded"}},{"type":"Feature","geometry":{"type":"Polygon","coordinates":[[[77.599119,28.22166],[77.59912,28.222201],[77.598816,28.222202],[77.598813,28.221661],[77.599119,28.22166]]]},"properties":{"objectid":2251,"uniqueplotid":"PLNGINDUSTRIAL2251","plotmap_id":"SECTOR-32_55_GENERAL INDUSTRY_IND","plotidentificationnumber":"55","plotno":"55","industrysector":"SECTOR-32","block":"GENERAL INDUSTRY","plotsize":"1800 SQMT","plotsize_at_the_time_of_allotme":"1800 SQMT","landuse_type":"INDUSTRIAL","landuse_subcategory":"INDUSTRIAL","scheme_cod":"IND02","investment":14,"employment":48,"plotstatus":"Allotted","landallotementstatus":"SOLD","landallotementtype":"ALLOTTED","allotmentid":"YIND021499","allotment_date":1442255400000,"rate_of_allotment":6100,"lease_deed":"N","possession":"N","village_name":"Muradgarhi","khasra_no":"508,540","longitude":77.59896678,"latitude":28.221930670000003,"authority":"YEIDA","category":"industrial","execution_stage":"allotted"}},{"type":"Feature","geometry":{"type":"Polygon","coordinates":[[[77.602217,28.217287],[77.602218,28.217513],[77.602095,28.217513],[77.602095,28.217287],[77.602217,28.217287]]]},"properties":{"objectid":2252,"uniqueplotid":"PLNGINDUSTRIAL2252","plotmap_id":"SECTOR-32_927_GENERAL INDUSTRY_IND","plotidentificationnumber":"927","plotno":"927","industrysector":"SECTOR-32","block":"GENERAL INDUSTRY","plotsize":"300 SQMT","plotsize_at_the_time_of_allotme":"300 SQMT","plot_size_as_per_lease_plan":300,"landuse_type":"INDUSTRIAL","landuse_subcategory":"INDUSTRIAL","scheme_cod":"IND02","investment":5,"employment":18,"plotstatus":"Allotted","landallotementstatus":"SOLD","landallotementtype":"ALLOTTED","allotmentid":"YIND021210","allotment_date":1442255400000,"rate_of_allotment":6100,"lease_deed":"Y","possession":"N","village_name":"Muradgarhi","khasra_no":"565","longitude":77.60215620000001,"latitude":28.21740007,"authority":"YEIDA","category":"industrial","execution_stage":"lease-recorded"}},{"type":"Feature","geometry":{"type":"Polygon","coordinates":[[[77.60326,28.21871],[77.603261,28.21898],[77.603108,28.218981],[77.603107,28.21871],[77.60326,28.21871]]]},"properties":{"objectid":2256,"uniqueplotid":"PLNGINDUSTRIAL2256","plotmap_id":"SECTOR-32_677_GENERAL INDUSTRY_IND","plotidentificationnumber":"677","plotno":"677","industrysector":"SECTOR-32","block":"GENERAL INDUSTRY","plotsize":"450 SQMT","plotsize_at_the_time_of_allotme":"450 SQMT","landuse_type":"INDUSTRIAL","landuse_subcategory":"INDUSTRIAL","scheme_cod":"IND04","investment":4,"employment":13,"plotstatus":"Allotted","landallotementstatus":"SOLD","landallotementtype":"ALLOTTED","allotmentid":"YIND041052","allotment_date":1546972200000,"rate_of_allotment":6405,"lease_deed":"Y","possession":"Y","possession_date":1650393000000,"village_name":"Muradgarhi","khasra_no":"563,565","longitude":77.60318402,"latitude":28.21884528,"authority":"YEIDA","category":"industrial","execution_stage":"possession-recorded"}},{"type":"Feature","geometry":{"type":"Polygon","coordinates":[[[77.601872,28.222411],[77.601874,28.222952],[77.601568,28.222953],[77.601567,28.222412],[77.601872,28.222411]]]},"properties":{"objectid":2259,"uniqueplotid":"PLNGINDUSTRIAL2259","plotmap_id":"SECTOR-32_15_GENERAL INDUSTRY_IND","plotidentificationnumber":"15","plotno":"15","industrysector":"SECTOR-32","block":"GENERAL INDUSTRY","plotsize":"1800 SQMT","plotsize_at_the_time_of_allotme":"1800 SQMT","landuse_type":"INDUSTRIAL","landuse_subcategory":"INDUSTRIAL","scheme_cod":"IND06","investment":15,"employment":53,"plotstatus":"Allotted","landallotementstatus":"SOLD","landallotementtype":"ALLOTTED","allotmentid":"YIND061466","allotment_date":1574361000000,"rate_of_allotment":6670,"lease_deed":"Y","lease_deed_date":1648146600000,"possession":"N","map_sanctioned_from_planning":"Y","village_name":"Muradgarhi","khasra_no":"479","longitude":77.60172014999999,"latitude":28.22268191,"authority":"YEIDA","category":"industrial","execution_stage":"construction-or-map-approval"}},{"type":"Feature","geometry":{"type":"Polygon","coordinates":[[[77.603317,28.217285],[77.603317,28.21751],[77.603195,28.21751],[77.603195,28.217285],[77.603317,28.217285]]]},"properties":{"objectid":2260,"uniqueplotid":"PLNGINDUSTRIAL2260","plotmap_id":"SECTOR-32_918_GENERAL INDUSTRY_IND","plotidentificationnumber":"918","plotno":"918","industrysector":"SECTOR-32","block":"GENERAL INDUSTRY","plotsize":"300 SQMT","plotsize_at_the_time_of_allotme":"300 SQMT","plot_size_as_per_lease_plan":300,"landuse_type":"INDUSTRIAL","landuse_subcategory":"INDUSTRIAL","scheme_cod":"IND02","investment":5,"employment":18,"plotstatus":"Allotted","landallotementstatus":"SOLD","landallotementtype":"ALLOTTED","allotmentid":"YIND021386","allotment_date":1442255400000,"rate_of_allotment":6100,"lease_deed":"Y","possession":"Y","possession_date":1676485800000,"village_name":"Muradgarhi","khasra_no":"568,567","longitude":77.60325604,"latitude":28.217397490000003,"authority":"YEIDA","category":"industrial","execution_stage":"possession-recorded"}},{"type":"Feature","geometry":{"type":"Polygon","coordinates":[[[77.602951,28.217511],[77.602952,28.217736],[77.602829,28.217737],[77.602829,28.217511],[77.602951,28.217511]]]},"properties":{"objectid":2261,"uniqueplotid":"PLNGINDUSTRIAL2261","plotmap_id":"SECTOR-32_804_GENERAL INDUSTRY_IND","plotidentificationnumber":"804","plotno":"804","industrysector":"SECTOR-32","block":"GENERAL INDUSTRY","plotsize":"300 SQMT","plotsize_at_the_time_of_allotme":"300 SQMT","landuse_type":"INDUSTRIAL","landuse_subcategory":"INDUSTRIAL","scheme_cod":"IND02","investment":5,"employment":18,"plotstatus":"Allotted","landallotementstatus":"SOLD","landallotementtype":"ALLOTTED","allotmentid":"YIND021274","allotment_date":1442255400000,"rate_of_allotment":6100,"lease_deed":"N","possession":"N","village_name":"Muradgarhi","khasra_no":"565","longitude":77.60289011,"latitude":28.21762383,"authority":"YEIDA","category":"industrial","execution_stage":"allotted"}},{"type":"Feature","geometry":{"type":"Polygon","coordinates":[[[77.602463,28.217738],[77.602341,28.217738],[77.60234,28.217512],[77.602462,28.217512],[77.602463,28.217738]]]},"properties":{"objectid":2262,"uniqueplotid":"PLNGINDUSTRIAL2262","plotmap_id":"SECTOR-32_800_GENERAL INDUSTRY_IND","plotidentificationnumber":"800","plotno":"800","industrysector":"SECTOR-32","block":"GENERAL INDUSTRY","plotsize":"300 SQMT","plotsize_at_the_time_of_allotme":"300 SQMT","plot_size_as_per_lease_plan":300,"landuse_type":"INDUSTRIAL","landuse_subcategory":"INDUSTRIAL","scheme_cod":"IND04","investment":5,"employment":18,"plotstatus":"Allotted","landallotementstatus":"SOLD","landallotementtype":"ALLOTTED","allotmentid":"YIND041019","allotment_date":1546972200000,"rate_of_allotment":6405,"lease_deed":"Y","possession":"N","village_name":"Muradgarhi","khasra_no":"565","longitude":77.60240129,"latitude":28.21762498,"authority":"YEIDA","category":"industrial","execution_stage":"lease-recorded"}},{"type":"Feature","geometry":{"type":"Polygon","coordinates":[[[77.601487,28.218543],[77.601487,28.218678],[77.601182,28.218679],[77.601182,28.218543],[77.601487,28.218543]]]},"properties":{"objectid":2264,"uniqueplotid":"PLNGINDUSTRIAL2264","plotmap_id":"SECTOR-32_86_GENERAL INDUSTRY_IND","plotidentificationnumber":"86","plotno":"86","industrysector":"SECTOR-32","block":"GENERAL INDUSTRY","plotsize":"450 SQMT","plotsize_at_the_time_of_allotme":"450 SQMT","plot_size_as_per_lease_plan":450.25,"landuse_type":"INDUSTRIAL","landuse_subcategory":"INDUSTRIAL","scheme_cod":"IND01","investment":3,"employment":12,"plotstatus":"Allotted","landallotementstatus":"SOLD","landallotementtype":"ALLOTTED","allotmentid":"YIND010523","allotment_date":1442255400000,"rate_of_allotment":6100,"lease_deed":"Y","possession":"Y","possession_date":1714329000000,"village_name":"Muradgarhi","khasra_no":"549","longitude":77.60133459,"latitude":28.21861061,"authority":"YEIDA","category":"industrial","execution_stage":"possession-recorded"}},{"type":"Feature","geometry":{"type":"Polygon","coordinates":[[[77.602954,28.218711],[77.602955,28.218981],[77.602803,28.218981],[77.602802,28.218711],[77.602954,28.218711]]]},"properties":{"objectid":2268,"uniqueplotid":"PLNGINDUSTRIAL2268","plotmap_id":"SECTOR-32_679_GENERAL INDUSTRY_IND","plotidentificationnumber":"679","plotno":"679","industrysector":"SECTOR-32","block":"GENERAL INDUSTRY","plotsize":"450 SQMT","plotsize_at_the_time_of_allotme":"450 SQMT","landuse_type":"INDUSTRIAL","landuse_subcategory":"INDUSTRIAL","scheme_cod":"IND07","investment":3,"employment":10,"plotstatus":"Allotted","landallotementstatus":"SOLD","landallotementtype":"ALLOTTED","allotmentid":"YIND071237","allotment_date":1625077800000,"rate_of_allotment":7010,"lease_deed":"Y","possession":"Y","possession_date":1655836200000,"village_name":"Muradgarhi","khasra_no":"501,560,565","longitude":77.60287851,"latitude":28.218846000000003,"authority":"YEIDA","category":"industrial","execution_stage":"possession-recorded"}},{"type":"Feature","geometry":{"type":"Polygon","coordinates":[[[77.603873,28.219466],[77.603874,28.219737],[77.603721,28.219737],[77.603721,28.219466],[77.603873,28.219466]]]},"properties":{"objectid":2271,"uniqueplotid":"PLNGINDUSTRIAL2271","plotmap_id":"SECTOR-32_565_GENERAL INDUSTRY_IND","plotidentificationnumber":"565","plotno":"565","industrysector":"SECTOR-32","block":"GENERAL INDUSTRY","plotsize":"450 SQMT","plotsize_at_the_time_of_allotme":"450 SQMT","plot_size_as_per_lease_plan":450,"landuse_type":"INDUSTRIAL","landuse_subcategory":"INDUSTRIAL","scheme_cod":"IND12","investment":73,"employment":55,"plot_total_employment":"30","plotstatus":"Allotted","landallotementstatus":"SOLD","landallotementtype":"ALLOTTED","allotmentid":"YIND120038","allotment_date":1701109800000,"rate_of_allotment":13542,"lease_deed":"Y","lease_deed_date":1747506600000,"village_name":"Muradgarhi","khasra_no":"499,561,560","longitude":77.60379732,"latitude":28.21960148,"authority":"YEIDA","category":"industrial","execution_stage":"lease-recorded"}},{"type":"Feature","geometry":{"type":"Polygon","coordinates":[[[77.602106,28.221076],[77.602107,28.221301],[77.601985,28.221301],[77.601984,28.221076],[77.602106,28.221076]]]},"properties":{"objectid":2272,"uniqueplotid":"PLNGINDUSTRIAL2272","plotmap_id":"SECTOR-32_378_GENERAL INDUSTRY_IND","plotidentificationnumber":"378","plotno":"378","industrysector":"SECTOR-32","block":"GENERAL INDUSTRY","plotsize":"300 SQMT","plotsize_at_the_time_of_allotme":"300 SQMT","landuse_type":"INDUSTRIAL","landuse_subcategory":"INDUSTRIAL","scheme_cod":"IND06","investment":3,"employment":9,"plotstatus":"Allotted","landallotementstatus":"SOLD","landallotementtype":"ALLOTTED","allotmentid":"YIND061026","allotment_date":1574361000000,"rate_of_allotment":6670,"lease_deed":"Y","possession":"Y","possession_date":1729189800000,"village_name":"Muradgarhi","khasra_no":"496","longitude":77.60204540000001,"latitude":28.22118847,"authority":"YEIDA","category":"industrial","execution_stage":"possession-recorded"}},{"type":"Feature","geometry":{"type":"Polygon","coordinates":[[[77.603939,28.221071],[77.60394,28.221297],[77.603818,28.221297],[77.603817,28.221072],[77.603939,28.221071]]]},"properties":{"objectid":2276,"uniqueplotid":"PLNGINDUSTRIAL2276","plotmap_id":"SECTOR-32_363_GENERAL INDUSTRY_IND","plotidentificationnumber":"363","plotno":"363","industrysector":"SECTOR-32","block":"GENERAL INDUSTRY","plotsize":"300 SQMT","plotsize_at_the_time_of_allotme":"300 SQMT","landuse_type":"INDUSTRIAL","landuse_subcategory":"INDUSTRIAL","scheme_cod":"IND02","investment":5,"employment":18,"plotstatus":"Allotted","landallotementstatus":"SOLD","landallotementtype":"ALLOTTED","allotmentid":"YIND021180","allotment_date":1442255400000,"rate_of_allotment":6100,"lease_deed":"Y","possession":"N","village_name":"Muradgarhi","khasra_no":"494","longitude":77.60387846,"latitude":28.22118417,"authority":"YEIDA","category":"industrial","execution_stage":"lease-recorded"}},{"type":"Feature","geometry":{"type":"Polygon","coordinates":[[[77.603318,28.217736],[77.603196,28.217736],[77.603195,28.21751],[77.603317,28.21751],[77.603318,28.217736]]]},"properties":{"objectid":2289,"uniqueplotid":"PLNGINDUSTRIAL2289","plotmap_id":"SECTOR-32_807_GENERAL INDUSTRY_IND","plotidentificationnumber":"807","plotno":"807","industrysector":"SECTOR-32","block":"GENERAL INDUSTRY","plotsize":"300 SQMT","plotsize_at_the_time_of_allotme":"300 SQMT","plot_size_as_per_lease_plan":299.4,"landuse_type":"INDUSTRIAL","landuse_subcategory":"INDUSTRIAL","scheme_cod":"IND06","investment":3,"employment":9,"plotstatus":"Allotted","landallotementstatus":"SOLD","landallotementtype":"ALLOTTED","allotmentid":"YIND061036","allotment_date":1574361000000,"rate_of_allotment":6670,"lease_deed":"Y","possession":"Y","possession_date":1684953000000,"village_name":"Muradgarhi","khasra_no":"563,566,567","longitude":77.60325672,"latitude":28.21762297,"authority":"YEIDA","category":"industrial","execution_stage":"possession-recorded"}},{"type":"Feature","geometry":{"type":"Polygon","coordinates":[[[77.605096,28.219734],[77.605097,28.220004],[77.604944,28.220005],[77.604943,28.219734],[77.605096,28.219734]]]},"properties":{"objectid":2292,"uniqueplotid":"PLNGINDUSTRIAL2292","plotmap_id":"SECTOR-32_492_GENERAL INDUSTRY_IND","plotidentificationnumber":"492","plotno":"492","industrysector":"SECTOR-32","block":"GENERAL INDUSTRY","plotsize":"450 SQMT","plotsize_at_the_time_of_allotme":"450 SQMT","landuse_type":"INDUSTRIAL","landuse_subcategory":"INDUSTRIAL","scheme_cod":"IND01","investment":3,"employment":12,"plotstatus":"Allotted","landallotementstatus":"SOLD","landallotementtype":"ALLOTTED","allotmentid":"YIND010545","allotment_date":1442255400000,"rate_of_allotment":6100,"lease_deed":"Y","possession":"N","village_name":"Chakbirampur","khasra_no":"89","longitude":77.60502017,"latitude":28.21986918,"authority":"YEIDA","category":"industrial","execution_stage":"lease-recorded"}},{"type":"Feature","geometry":{"type":"Polygon","coordinates":[[[77.603941,28.221739],[77.603942,28.221964],[77.60382,28.221964],[77.603819,28.221739],[77.603941,28.221739]]]},"properties":{"objectid":2293,"uniqueplotid":"PLNGINDUSTRIAL2293","plotmap_id":"SECTOR-32_227_GENERAL INDUSTRY_IND","plotidentificationnumber":"227","plotno":"227","industrysector":"SECTOR-32","block":"GENERAL INDUSTRY","plotsize":"300 SQMT","plotsize_at_the_time_of_allotme":"300 SQMT","plot_size_as_per_lease_plan":300,"landuse_type":"INDUSTRIAL","landuse_subcategory":"INDUSTRIAL","scheme_cod":"IND06","investment":3,"employment":9,"plotstatus":"Allotted","landallotementstatus":"SOLD","landallotementtype":"ALLOTTED","allotmentid":"YIND061146","allotment_date":1574361000000,"rate_of_allotment":6670,"lease_deed":"Y","possession":"N","village_name":"Muradgarhi","khasra_no":"492,491","longitude":77.60388047000001,"latitude":28.221851590000004,"authority":"YEIDA","category":"industrial","execution_stage":"lease-recorded"}},{"type":"Feature","geometry":{"type":"Polygon","coordinates":[[[77.601493,28.220978],[77.601493,28.221113],[77.60119,28.221114],[77.601189,28.220979],[77.601493,28.220978]]]},"properties":{"objectid":2295,"uniqueplotid":"PLNGINDUSTRIAL2295","plotmap_id":"SECTOR-32_104_GENERAL INDUSTRY_IND","plotidentificationnumber":"104","plotno":"104","industrysector":"SECTOR-32","block":"GENERAL INDUSTRY","plotsize":"450 SQMT","plotsize_at_the_time_of_allotme":"450 SQMT","landuse_type":"INDUSTRIAL","landuse_subcategory":"INDUSTRIAL","scheme_cod":"IND07","investment":3,"employment":10,"plotstatus":"Allotted","landallotementstatus":"SOLD","landallotementtype":"ALLOTTED","allotmentid":"YIND071132","allotment_date":1625077800000,"rate_of_allotment":7010,"lease_deed":"N","possession":"N","village_name":"Muradgarhi","khasra_no":"499,481,506,505","longitude":77.60134129,"latitude":28.22104582,"authority":"YEIDA","category":"industrial","execution_stage":"allotted"}},{"type":"Feature","geometry":{"type":"Polygon","coordinates":[[[77.603817,28.221072],[77.603818,28.221297],[77.603695,28.221297],[77.603695,28.221072],[77.603817,28.221072]]]},"properties":{"objectid":2296,"uniqueplotid":"PLNGINDUSTRIAL2296","plotmap_id":"SECTOR-32_364_GENERAL INDUSTRY_IND","plotidentificationnumber":"364","plotno":"364","industrysector":"SECTOR-32","block":"GENERAL INDUSTRY","plotsize":"300 SQMT","plotsize_at_the_time_of_allotme":"300 SQMT","plot_size_as_per_lease_plan":300,"landuse_type":"INDUSTRIAL","landuse_subcategory":"INDUSTRIAL","scheme_cod":"IND02","investment":5,"employment":18,"plotstatus":"Allotted","landallotementstatus":"SOLD","landallotementtype":"ALLOTTED","allotmentid":"YIND021372","allotment_date":1442255400000,"rate_of_allotment":6100,"lease_deed":"Y","possession":"Y","possession_date":1715884200000,"village_name":"Muradgarhi","khasra_no":"494","longitude":77.60375626,"latitude":28.22118446,"authority":"YEIDA","category":"industrial","execution_stage":"possession-recorded"}},{"type":"Feature","geometry":{"type":"Polygon","coordinates":[[[77.60356,28.216842],[77.603561,28.217068],[77.603438,28.217068],[77.603438,28.216842],[77.60356,28.216842]]]},"properties":{"objectid":2297,"uniqueplotid":"PLNGINDUSTRIAL2297","plotmap_id":"SECTOR-32_945_GENERAL INDUSTRY_IND","plotidentificationnumber":"945","plotno":"945","industrysector":"SECTOR-32","block":"GENERAL INDUSTRY","plotsize":"300 SQMT","plotsize_at_the_time_of_allotme":"300 SQMT","landuse_type":"INDUSTRIAL","landuse_subcategory":"INDUSTRIAL","scheme_cod":"IND06","investment":3,"employment":9,"plotstatus":"Allotted","landallotementstatus":"SOLD","landallotementtype":"ALLOTTED","allotmentid":"YIND061017","allotment_date":1574361000000,"rate_of_allotment":6670,"lease_deed":"Y","possession":"Y","possession_date":1655058600000,"village_name":"Muradgarhi","khasra_no":"570,569","longitude":77.60349912,"latitude":28.21695496,"authority":"YEIDA","category":"industrial","execution_stage":"possession-recorded"}},{"type":"Feature","geometry":{"type":"Polygon","coordinates":[[[77.60433,28.218978],[77.604331,28.219248],[77.604178,28.219249],[77.604177,28.218978],[77.60433,28.218978]]]},"properties":{"objectid":2299,"uniqueplotid":"PLNGINDUSTRIAL2299","plotmap_id":"SECTOR-32_595_GENERAL INDUSTRY_IND","plotidentificationnumber":"595","plotno":"595","industrysector":"SECTOR-32","block":"GENERAL INDUSTRY","plotsize":"450 SQMT","plotsize_at_the_time_of_allotme":"450 SQMT","landuse_type":"INDUSTRIAL","landuse_subcategory":"INDUSTRIAL","scheme_cod":"IND01","investment":3,"employment":12,"plotstatus":"Allotted","landallotementstatus":"SOLD","landallotementtype":"ALLOTTED","allotmentid":"YIND010590","allotment_date":1442255400000,"rate_of_allotment":6100,"lease_deed":"N","possession":"N","village_name":"Chakbirampur","khasra_no":"90","longitude":77.60425412000001,"latitude":28.21911336,"authority":"YEIDA","category":"industrial","execution_stage":"allotted"}},{"type":"Feature","geometry":{"type":"Polygon","coordinates":[[[77.60295,28.220541],[77.602951,28.220857],[77.602778,28.220858],[77.602777,28.220542],[77.60295,28.220541]]]},"properties":{"objectid":2300,"uniqueplotid":"PLNGINDUSTRIAL2300","plotmap_id":"SECTOR-32_387_GENERAL INDUSTRY_IND","plotidentificationnumber":"387","plotno":"387","industrysector":"SECTOR-32","block":"GENERAL INDUSTRY","plotsize":"595 SQMT","plotsize_at_the_time_of_allotme":"595 SQMT","landuse_type":"INDUSTRIAL","landuse_subcategory":"INDUSTRIAL","scheme_cod":"IND06","investment":5,"employment":17,"plotstatus":"Allotted","landallotementstatus":"SOLD","landallotementtype":"ALLOTTED","allotmentid":"YIND061320","allotment_date":1574361000000,"rate_of_allotment":6670,"lease_deed":"N","possession":"N","village_name":"Muradgarhi","khasra_no":"497","longitude":77.60286372,"latitude":28.22069951,"authority":"YEIDA","category":"industrial","execution_stage":"allotted"}},{"type":"Feature","geometry":{"type":"Polygon","coordinates":[[[77.602841,28.221741],[77.602842,28.221967],[77.60272,28.221967],[77.602719,28.221742],[77.602841,28.221741]]]},"properties":{"objectid":2302,"uniqueplotid":"PLNGINDUSTRIAL2302","plotmap_id":"SECTOR-32_236_GENERAL INDUSTRY_IND","plotidentificationnumber":"236","plotno":"236","industrysector":"SECTOR-32","block":"GENERAL INDUSTRY","plotsize":"300 SQMT","plotsize_at_the_time_of_allotme":"300 SQMT","plot_size_as_per_lease_plan":300,"landuse_type":"INDUSTRIAL","landuse_subcategory":"INDUSTRIAL","scheme_cod":"IND02","investment":5,"employment":18,"plotstatus":"Allotted","landallotementstatus":"SOLD","landallotementtype":"ALLOTTED","allotmentid":"YIND021270","allotment_date":1442255400000,"rate_of_allotment":6100,"lease_deed":"Y","possession":"Y","possession_date":1696444200000,"village_name":"Muradgarhi","khasra_no":"494","longitude":77.60278063,"latitude":28.22185417,"authority":"YEIDA","category":"industrial","execution_stage":"possession-recorded"}},{"type":"Feature","geometry":{"type":"Polygon","coordinates":[[[77.604637,28.219464],[77.604638,28.219735],[77.604485,28.219735],[77.604484,28.219465],[77.604637,28.219464]]]},"properties":{"objectid":2307,"uniqueplotid":"PLNGINDUSTRIAL2307","plotmap_id":"SECTOR-32_560_GENERAL INDUSTRY_IND","plotidentificationnumber":"560","plotno":"560","industrysector":"SECTOR-32","block":"GENERAL INDUSTRY","plotsize":"450 SQMT","plotsize_at_the_time_of_allotme":"450 SQMT","plot_size_as_per_lease_plan":450,"landuse_type":"INDUSTRIAL","landuse_subcategory":"INDUSTRIAL","scheme_cod":"IND01","investment":3,"employment":12,"plotstatus":"Allotted","landallotementstatus":"SOLD","landallotementtype":"ALLOTTED","allotmentid":"YIND010572","allotment_date":1442255400000,"rate_of_allotment":6100,"lease_deed":"Y","possession":"N","village_name":"Chakbirampur","khasra_no":"90","longitude":77.6045611,"latitude":28.21959968,"authority":"YEIDA","category":"industrial","execution_stage":"lease-recorded"}},{"type":"Feature","geometry":{"type":"Polygon","coordinates":[[[77.601483,28.216919],[77.601483,28.217054],[77.601178,28.217055],[77.601177,28.21692],[77.601483,28.216919]]]},"properties":{"objectid":2313,"uniqueplotid":"PLNGINDUSTRIAL2313","plotmap_id":"SECTOR-32_74_GENERAL INDUSTRY_IND","plotidentificationnumber":"74","plotno":"74","industrysector":"SECTOR-32","block":"GENERAL INDUSTRY","plotsize":"450 SQMT","plotsize_at_the_time_of_allotme":"450 SQMT","landuse_type":"INDUSTRIAL","landuse_subcategory":"INDUSTRIAL","scheme_cod":"IND07","investment":3,"employment":10,"plotstatus":"Allotted","landallotementstatus":"SOLD","landallotementtype":"ALLOTTED","allotmentid":"YIND071129","allotment_date":1625077800000,"rate_of_allotment":7010,"lease_deed":"Y","possession":"Y","possession_date":1713724200000,"village_name":"Muradgarhi","khasra_no":"573","longitude":77.60133008,"latitude":28.216987099999997,"authority":"YEIDA","category":"industrial","execution_stage":"possession-recorded"}},{"type":"Feature","geometry":{"type":"Polygon","coordinates":[[[77.601485,28.217731],[77.601485,28.217866],[77.60118,28.217867],[77.60118,28.217732],[77.601485,28.217731]]]},"properties":{"objectid":2323,"uniqueplotid":"PLNGINDUSTRIAL2323","plotmap_id":"SECTOR-32_80_GENERAL INDUSTRY_IND","plotidentificationnumber":"80","plotno":"80","industrysector":"SECTOR-32","block":"GENERAL INDUSTRY","plotsize":"450 SQMT","plotsize_at_the_time_of_allotme":"450 SQMT","landuse_type":"INDUSTRIAL","landuse_subcategory":"INDUSTRIAL","scheme_cod":"IND07","investment":3,"employment":10,"plotstatus":"Allotted","landallotementstatus":"SOLD","landallotementtype":"ALLOTTED","allotmentid":"YIND071222","allotment_date":1625164200000,"rate_of_allotment":7010,"lease_deed":"N","possession":"N","village_name":"Muradgarhi","khasra_no":"553,560","longitude":77.60133234999999,"latitude":28.217798860000002,"authority":"YEIDA","category":"industrial","execution_stage":"allotted"}},{"type":"Feature","geometry":{"type":"Polygon","coordinates":[[[77.604174,28.21795],[77.604175,28.218221],[77.604022,28.218221],[77.604021,28.21795],[77.604174,28.21795]]]},"properties":{"objectid":2327,"uniqueplotid":"PLNGINDUSTRIAL2327","plotmap_id":"SECTOR-32_779_GENERAL INDUSTRY_IND","plotidentificationnumber":"779","plotno":"779","industrysector":"SECTOR-32","block":"GENERAL INDUSTRY","plotsize":"450 SQMT","plotsize_at_the_time_of_allotme":"450 SQMT","plot_size_as_per_lease_plan":450,"landuse_type":"INDUSTRIAL","landuse_subcategory":"INDUSTRIAL","scheme_cod":"YEA/IND-LOP(2021)-10","investment":3,"employment":10,"projects_cost_in_lacs":157,"plotstatus":"Allotted","landallotementstatus":"SOLD","landallotementtype":"ALLOTTED","allotmentid":"YIND100021","allotment_date":1650565800000,"rate_of_allotment":7010,"lease_deed":"Y","possession":"Y","possession_date":1689705000000,"village_name":"Chakbirampur","khasra_no":"137","longitude":77.60409827,"latitude":28.21808551,"authority":"YEIDA","category":"industrial","execution_stage":"possession-recorded"}},{"type":"Feature","geometry":{"type":"Polygon","coordinates":[[[77.603988,28.220223],[77.603989,28.220539],[77.603815,28.220539],[77.603814,28.220224],[77.603988,28.220223]]]},"properties":{"objectid":2331,"uniqueplotid":"PLNGINDUSTRIAL2331","plotmap_id":"SECTOR-32_458_GENERAL INDUSTRY_IND","plotidentificationnumber":"458","plotno":"458","industrysector":"SECTOR-32","block":"GENERAL INDUSTRY","plotsize":"595 SQMT","plotsize_at_the_time_of_allotme":"595 SQMT","plot_size_as_per_lease_plan":595,"landuse_type":"INDUSTRIAL","landuse_subcategory":"INDUSTRIAL","scheme_cod":"IND02","investment":5,"employment":16,"plotstatus":"Allotted","landallotementstatus":"SOLD","landallotementtype":"ALLOTTED","allotmentid":"YIND021445","allotment_date":1442255400000,"rate_of_allotment":6100,"lease_deed":"Y","possession":"Y","possession_date":1692642600000,"village_name":"Muradgarhi","khasra_no":"497","longitude":77.60390151,"latitude":28.2203814,"authority":"YEIDA","category":"industrial","execution_stage":"possession-recorded"}},{"type":"Feature","geometry":{"type":"Polygon","coordinates":[[[77.60295,28.217285],[77.602951,28.217511],[77.602829,28.217511],[77.602828,28.217286],[77.60295,28.217285]]]},"properties":{"objectid":2333,"uniqueplotid":"PLNGINDUSTRIAL2333","plotmap_id":"SECTOR-32_921_GENERAL INDUSTRY_IND","plotidentificationnumber":"921","plotno":"921","industrysector":"SECTOR-32","block":"GENERAL INDUSTRY","plotsize":"300 SQMT","plotsize_at_the_time_of_allotme":"300 SQMT","landuse_type":"INDUSTRIAL","landuse_subcategory":"INDUSTRIAL","scheme_cod":"IND02","investment":5,"employment":18,"plotstatus":"Allotted","landallotementstatus":"SOLD","landallotementtype":"ALLOTTED","allotmentid":"YIND021247","allotment_date":1442255400000,"rate_of_allotment":6100,"lease_deed":"N","possession":"N","village_name":"Muradgarhi","khasra_no":"565,567","longitude":77.60288943,"latitude":28.21739835,"authority":"YEIDA","category":"industrial","execution_stage":"allotted"}},{"type":"Feature","geometry":{"type":"Polygon","coordinates":[[[77.60454,28.217733],[77.604418,28.217733],[77.604417,28.217508],[77.60454,28.217507],[77.60454,28.217733]]]},"properties":{"objectid":2345,"uniqueplotid":"PLNGINDUSTRIAL2345","plotmap_id":"SECTOR-32_817_GENERAL INDUSTRY_IND","plotidentificationnumber":"817","plotno":"817","industrysector":"SECTOR-32","block":"GENERAL INDUSTRY","plotsize":"300 SQMT","plotsize_at_the_time_of_allotme":"300 SQMT","plot_size_as_per_lease_plan":301.2,"landuse_type":"INDUSTRIAL","landuse_subcategory":"INDUSTRIAL","scheme_cod":"IND02","investment":5,"employment":18,"plotstatus":"Allotted","landallotementstatus":"SOLD","landallotementtype":"ALLOTTED","allotmentid":"YIND021239","allotment_date":1442255400000,"rate_of_allotment":6100,"lease_deed":"Y","possession":"N","village_name":"Chakbirampur","khasra_no":"136,137","longitude":77.60447875999999,"latitude":28.217620110000002,"authority":"YEIDA","category":"industrial","execution_stage":"lease-recorded"}},{"type":"Feature","geometry":{"type":"Polygon","coordinates":[[[77.6054,28.219246],[77.605247,28.219246],[77.605247,28.218976],[77.605399,28.218975],[77.6054,28.219246]]]},"properties":{"objectid":2346,"uniqueplotid":"PLNGINDUSTRIAL2346","plotmap_id":"SECTOR-32_602_GENERAL INDUSTRY_IND","plotidentificationnumber":"602","plotno":"602","industrysector":"SECTOR-32","block":"GENERAL INDUSTRY","plotsize":"450 SQMT","plotsize_at_the_time_of_allotme":"450 SQMT","landuse_type":"INDUSTRIAL","landuse_subcategory":"INDUSTRIAL","scheme_cod":"IND06","investment":4,"employment":13,"plotstatus":"Allotted","landallotementstatus":"SOLD","landallotementtype":"ALLOTTED","allotmentid":"YIND061291","allotment_date":1574361000000,"rate_of_allotment":6670,"lease_deed":"Y","possession":"Y","possession_date":-1421472600000,"village_name":"Chakbirampur","khasra_no":"90,89","longitude":77.60532341,"latitude":28.21911085,"authority":"YEIDA","category":"industrial","execution_stage":"possession-recorded"}},{"type":"Feature","geometry":{"type":"Polygon","coordinates":[[[77.603106,28.218223],[77.603107,28.218494],[77.602954,28.218494],[77.602953,28.218223],[77.603106,28.218223]]]},"properties":{"objectid":2362,"uniqueplotid":"PLNGINDUSTRIAL2362","plotmap_id":"SECTOR-32_695_GENERAL INDUSTRY_IND","plotidentificationnumber":"695","plotno":"695","industrysector":"SECTOR-32","block":"GENERAL INDUSTRY","plotsize":"450 SQMT","plotsize_at_the_time_of_allotme":"450 SQMT","plot_size_as_per_lease_plan":450,"landuse_type":"INDUSTRIAL","landuse_subcategory":"INDUSTRIAL","scheme_cod":"IND01","investment":3,"employment":12,"plotstatus":"Allotted","landallotementstatus":"SOLD","landallotementtype":"ALLOTTED","allotmentid":"YIND010693","allotment_date":1442255400000,"rate_of_allotment":6100,"lease_deed":"Y","possession":"Y","possession_date":1733509800000,"village_name":"Muradgarhi","khasra_no":"565","longitude":77.60302979999999,"latitude":28.218358589999998,"authority":"YEIDA","category":"industrial","execution_stage":"possession-recorded"}},{"type":"Feature","geometry":{"type":"Polygon","coordinates":[[[77.605233,28.222403],[77.605234,28.222944],[77.604929,28.222945],[77.604927,28.222404],[77.605233,28.222403]]]},"properties":{"objectid":2364,"uniqueplotid":"PLNGINDUSTRIAL2364","plotmap_id":"SECTOR-32_26_GENERAL INDUSTRY_IND","plotidentificationnumber":"26","plotno":"26","industrysector":"SECTOR-32","block":"GENERAL INDUSTRY","plotsize":"1800 SQMT","plotsize_at_the_time_of_allotme":"1800 SQMT","landuse_type":"INDUSTRIAL","landuse_subcategory":"INDUSTRIAL","scheme_cod":"IND06","investment":15,"employment":53,"plotstatus":"Allotted","landallotementstatus":"SOLD","landallotementtype":"ALLOTTED","allotmentid":"YIND061448","allotment_date":1574361000000,"rate_of_allotment":6670,"lease_deed":"N","possession":"N","village_name":"Muradgarhi","khasra_no":"490,489","longitude":77.60509608000001,"latitude":28.22271898,"authority":"YEIDA","category":"industrial","execution_stage":"allotted"}},{"type":"Feature","geometry":{"type":"Polygon","coordinates":[[[77.603566,28.218709],[77.603566,28.21898],[77.603414,28.21898],[77.603413,28.218709],[77.603566,28.218709]]]},"properties":{"objectid":2366,"uniqueplotid":"PLNGINDUSTRIAL2366","plotmap_id":"SECTOR-32_675_GENERAL INDUSTRY_IND","plotidentificationnumber":"675","plotno":"675","industrysector":"SECTOR-32","block":"GENERAL INDUSTRY","plotsize":"450 SQMT","plotsize_at_the_time_of_allotme":"450 SQMT","landuse_type":"INDUSTRIAL","landuse_subcategory":"INDUSTRIAL","scheme_cod":"IND01","investment":3,"employment":12,"plotstatus":"Allotted","landallotementstatus":"SOLD","landallotementtype":"ALLOTTED","allotmentid":"YIND010647","allotment_date":1442255400000,"rate_of_allotment":6100,"lease_deed":"N","possession":"N","village_name":"Muradgarhi","khasra_no":"563,565","longitude":77.60348952999999,"latitude":28.21884457,"authority":"YEIDA","category":"industrial","execution_stage":"allotted"}},{"type":"Feature","geometry":{"type":"Polygon","coordinates":[[[77.601494,28.221384],[77.601494,28.221519],[77.601191,28.22152],[77.601191,28.221384],[77.601494,28.221384]]]},"properties":{"objectid":2367,"uniqueplotid":"PLNGINDUSTRIAL2367","plotmap_id":"SECTOR-32_107_GENERAL INDUSTRY_IND","plotidentificationnumber":"107","plotno":"107","industrysector":"SECTOR-32","block":"GENERAL INDUSTRY","plotsize":"450 SQMT","plotsize_at_the_time_of_allotme":"450 SQMT","plot_size_as_per_lease_plan":450,"landuse_type":"INDUSTRIAL","landuse_subcategory":"INDUSTRIAL","scheme_cod":"IND07","investment":3,"employment":10,"plotstatus":"Allotted","landallotementstatus":"SOLD","landallotementtype":"ALLOTTED","allotmentid":"YIND071160","allotment_date":1625077800000,"rate_of_allotment":7010,"lease_deed":"Y","possession":"N","village_name":"Muradgarhi","khasra_no":"506","longitude":77.60134241,"latitude":28.221451679999998,"authority":"YEIDA","category":"industrial","execution_stage":"lease-recorded"}},{"type":"Feature","geometry":{"type":"Polygon","coordinates":[[[77.602037,28.218496],[77.601885,28.218497],[77.601884,28.218226],[77.602036,28.218226],[77.602037,28.218496]]]},"properties":{"objectid":2372,"uniqueplotid":"PLNGINDUSTRIAL2372","plotmap_id":"SECTOR-32_688_GENERAL INDUSTRY_IND","plotidentificationnumber":"688","plotno":"688","industrysector":"SECTOR-32","block":"GENERAL INDUSTRY","plotsize":"450 SQMT","plotsize_at_the_time_of_allotme":"450 SQMT","plot_size_as_per_lease_plan":450,"landuse_type":"INDUSTRIAL","landuse_subcategory":"INDUSTRIAL","scheme_cod":"IND04","investment":4,"employment":13,"plotstatus":"Allotted","landallotementstatus":"SOLD","landallotementtype":"ALLOTTED","allotmentid":"YIND041043","allotment_date":1546972200000,"rate_of_allotment":6405,"lease_deed":"Y","possession":"Y","possession_date":1685903400000,"village_name":"Muradgarhi","khasra_no":"549,560","longitude":77.60196051,"latitude":28.2183611,"authority":"YEIDA","category":"industrial","execution_stage":"possession-recorded"}},{"type":"Feature","geometry":{"type":"Polygon","coordinates":[[[77.59973,28.221658],[77.599731,28.2222],[77.599426,28.2222],[77.599424,28.221659],[77.59973,28.221658]]]},"properties":{"objectid":2375,"uniqueplotid":"PLNGINDUSTRIAL2375","plotmap_id":"SECTOR-32_57_GENERAL INDUSTRY_IND","plotidentificationnumber":"57","plotno":"57","industrysector":"SECTOR-32","block":"GENERAL INDUSTRY","plotsize":"1800 SQMT","plotsize_at_the_time_of_allotme":"1800 SQMT","landuse_type":"INDUSTRIAL","landuse_subcategory":"INDUSTRIAL","scheme_cod":"IND06","investment":15,"employment":53,"plotstatus":"Allotted","landallotementstatus":"SOLD","landallotementtype":"ALLOTTED","allotmentid":"YIND061458","allotment_date":1574361000000,"rate_of_allotment":6670,"lease_deed":"N","possession":"N","village_name":"Muradgarhi","khasra_no":"509,508,507","longitude":77.59957771,"latitude":28.221929330000002,"authority":"YEIDA","category":"industrial","execution_stage":"allotted"}},{"type":"Feature","geometry":{"type":"Polygon","coordinates":[[[77.605199,28.220221],[77.6052,28.220536],[77.605027,28.220537],[77.605026,28.220221],[77.605199,28.220221]]]},"properties":{"objectid":2377,"uniqueplotid":"PLNGINDUSTRIAL2377","plotmap_id":"SECTOR-32_451_GENERAL INDUSTRY_IND","plotidentificationnumber":"451","plotno":"451","industrysector":"SECTOR-32","block":"GENERAL INDUSTRY","plotsize":"595 SQMT","plotsize_at_the_time_of_allotme":"595 SQMT","landuse_type":"INDUSTRIAL","landuse_subcategory":"INDUSTRIAL","scheme_cod":"IND02","investment":5,"employment":16,"plotstatus":"Allotted","landallotementstatus":"SOLD","landallotementtype":"ALLOTTED","allotmentid":"YIND021457","allotment_date":1442255400000,"rate_of_allotment":6100,"lease_deed":"Y","possession":"Y","possession_date":1712687400000,"village_name":"Chakbirampur","khasra_no":"89,87,86","longitude":77.60511335999999,"latitude":28.22037856,"authority":"YEIDA","category":"industrial","execution_stage":"possession-recorded"}},{"type":"Feature","geometry":{"type":"Polygon","coordinates":[[[77.603415,28.219467],[77.603416,28.219738],[77.603263,28.219738],[77.603262,28.219467],[77.603415,28.219467]]]},"properties":{"objectid":2390,"uniqueplotid":"PLNGINDUSTRIAL2390","plotmap_id":"SECTOR-32_568_GENERAL INDUSTRY_IND","plotidentificationnumber":"568","plotno":"568","industrysector":"SECTOR-32","block":"GENERAL INDUSTRY","plotsize":"450 SQMT","plotsize_at_the_time_of_allotme":"450 SQMT","plot_size_as_per_lease_plan":450,"landuse_type":"INDUSTRIAL","landuse_subcategory":"INDUSTRIAL","scheme_cod":"IND06","investment":4,"employment":13,"plotstatus":"Allotted","landallotementstatus":"SOLD","landallotementtype":"ALLOTTED","allotmentid":"YIND061241","allotment_date":1574361000000,"rate_of_allotment":6670,"lease_deed":"Y","possession":"Y","possession_date":1687113000000,"village_name":"Muradgarhi","khasra_no":"499","longitude":77.60333905,"latitude":28.21960255,"authority":"YEIDA","category":"industrial","execution_stage":"possession-recorded"}},{"type":"Feature","geometry":{"type":"Polygon","coordinates":[[[77.602339,28.217287],[77.60234,28.217512],[77.602218,28.217513],[77.602217,28.217287],[77.602339,28.217287]]]},"properties":{"objectid":2391,"uniqueplotid":"PLNGINDUSTRIAL2391","plotmap_id":"SECTOR-32_926_GENERAL INDUSTRY_IND","plotidentificationnumber":"926","plotno":"926","industrysector":"SECTOR-32","block":"GENERAL INDUSTRY","plotsize":"300 SQMT","plotsize_at_the_time_of_allotme":"300 SQMT","plot_size_as_per_lease_plan":300,"landuse_type":"INDUSTRIAL","landuse_subcategory":"INDUSTRIAL","scheme_cod":"IND02","investment":5,"employment":18,"plotstatus":"Allotted","landallotementstatus":"SOLD","landallotementtype":"ALLOTTED","allotmentid":"YIND021083","allotment_date":1442255400000,"rate_of_allotment":6100,"lease_deed":"Y","possession":"Y","possession_date":-1421127000000,"village_name":"Muradgarhi","khasra_no":"565","longitude":77.60227841,"latitude":28.21739978,"authority":"YEIDA","category":"industrial","execution_stage":"possession-recorded"}},{"type":"Feature","geometry":{"type":"Polygon","coordinates":[[[77.602257,28.220543],[77.602258,28.220859],[77.602085,28.220859],[77.602084,28.220544],[77.602257,28.220543]]]},"properties":{"objectid":2394,"uniqueplotid":"PLNGINDUSTRIAL2394","plotmap_id":"SECTOR-32_383_GENERAL INDUSTRY_IND","plotidentificationnumber":"383","plotno":"383","industrysector":"SECTOR-32","block":"GENERAL INDUSTRY","plotsize":"595 SQMT","plotsize_at_the_time_of_allotme":"595 SQMT","landuse_type":"INDUSTRIAL","landuse_subcategory":"INDUSTRIAL","scheme_cod":"IND06","investment":5,"employment":17,"plotstatus":"Allotted","landallotementstatus":"SOLD","landallotementtype":"ALLOTTED","allotmentid":"YIND061350","allotment_date":1574361000000,"rate_of_allotment":6670,"lease_deed":"N","possession":"N","village_name":"Muradgarhi","khasra_no":"499,498,496","longitude":77.60217123000001,"latitude":28.22070114,"authority":"YEIDA","category":"industrial","execution_stage":"allotted"}},{"type":"Feature","geometry":{"type":"Polygon","coordinates":[[[77.602042,28.220011],[77.601889,28.220012],[77.601888,28.219741],[77.602041,28.219741],[77.602042,28.220011]]]},"properties":{"objectid":2397,"uniqueplotid":"PLNGINDUSTRIAL2397","plotmap_id":"SECTOR-32_472_GENERAL INDUSTRY_IND","plotidentificationnumber":"472","plotno":"472","industrysector":"SECTOR-32","block":"GENERAL INDUSTRY","plotsize":"450 SQMT","plotsize_at_the_time_of_allotme":"450 SQMT","landuse_type":"INDUSTRIAL","landuse_subcategory":"INDUSTRIAL","scheme_cod":"IND01","investment":3,"employment":12,"plotstatus":"Allotted","landallotementstatus":"SOLD","landallotementtype":"ALLOTTED","allotmentid":"YIND010713","allotment_date":1442255400000,"rate_of_allotment":6100,"lease_deed":"Y","possession":"N","village_name":"Muradgarhi","khasra_no":"500","longitude":77.60196507,"latitude":28.21987635,"authority":"YEIDA","category":"industrial","execution_stage":"lease-recorded"}},{"type":"Feature","geometry":{"type":"Polygon","coordinates":[[[77.601492,28.220437],[77.601492,28.220572],[77.601188,28.220573],[77.601188,28.220437],[77.601492,28.220437]]]},"properties":{"objectid":2401,"uniqueplotid":"PLNGINDUSTRIAL2401","plotmap_id":"SECTOR-32_100_GENERAL INDUSTRY_IND","plotidentificationnumber":"100","plotno":"100","industrysector":"SECTOR-32","block":"GENERAL INDUSTRY","plotsize":"450 SQMT","plotsize_at_the_time_of_allotme":"450 SQMT","plot_size_as_per_lease_plan":450.14,"landuse_type":"INDUSTRIAL","landuse_subcategory":"INDUSTRIAL","scheme_cod":"IND07","investment":3,"employment":10,"plotstatus":"Allotted","landallotementstatus":"SOLD","landallotementtype":"ALLOTTED","allotmentid":"YIND071196","allotment_date":1625077800000,"rate_of_allotment":7010,"lease_deed":"Y","possession":"Y","possession_date":1732473000000,"village_name":"Muradgarhi","khasra_no":"499,500","longitude":77.60133979999999,"latitude":28.22050466,"authority":"YEIDA","category":"industrial","execution_stage":"possession-recorded"}},{"type":"Feature","geometry":{"type":"Polygon","coordinates":[[[77.605246,28.218705],[77.605247,28.218976],[77.605094,28.218976],[77.605093,28.218706],[77.605246,28.218705]]]},"properties":{"objectid":2405,"uniqueplotid":"PLNGINDUSTRIAL2405","plotmap_id":"SECTOR-32_664_GENERAL INDUSTRY_IND","plotidentificationnumber":"664","plotno":"664","industrysector":"SECTOR-32","block":"GENERAL INDUSTRY","plotsize":"450 SQMT","plotsize_at_the_time_of_allotme":"450 SQMT","plot_size_as_per_lease_plan":450,"landuse_type":"INDUSTRIAL","landuse_subcategory":"INDUSTRIAL","scheme_cod":"IND06","investment":4,"employment":13,"plotstatus":"Allotted","landallotementstatus":"SOLD","landallotementtype":"ALLOTTED","allotmentid":"YIND061233","allotment_date":1574361000000,"rate_of_allotment":6670,"lease_deed":"Y","possession":"Y","possession_date":1686767400000,"village_name":"Chakbirampur","khasra_no":"90","longitude":77.60516983999999,"latitude":28.218840630000003,"authority":"YEIDA","category":"industrial","execution_stage":"possession-recorded"}},{"type":"Feature","geometry":{"type":"Polygon","coordinates":[[[77.601985,28.221527],[77.601863,28.221527],[77.601862,28.221302],[77.601985,28.221301],[77.601985,28.221527]]]},"properties":{"objectid":2408,"uniqueplotid":"PLNGINDUSTRIAL2408","plotmap_id":"SECTOR-32_246_GENERAL INDUSTRY_IND","plotidentificationnumber":"246","plotno":"246","industrysector":"SECTOR-32","block":"GENERAL INDUSTRY","plotsize":"300 SQMT","plotsize_at_the_time_of_allotme":"300 SQMT","landuse_type":"INDUSTRIAL","landuse_subcategory":"INDUSTRIAL","scheme_cod":"IND06","investment":3,"employment":9,"plotstatus":"Allotted","landallotementstatus":"SOLD","landallotementtype":"ALLOTTED","allotmentid":"YIND061006","allotment_date":1574361000000,"rate_of_allotment":6670,"lease_deed":"N","possession":"N","village_name":"Muradgarhi","khasra_no":"496","longitude":77.60192387000001,"latitude":28.221414239999998,"authority":"YEIDA","category":"industrial","execution_stage":"allotted"}},{"type":"Feature","geometry":{"type":"Polygon","coordinates":[[[77.601567,28.222412],[77.601568,28.222953],[77.601263,28.222954],[77.601261,28.222412],[77.601567,28.222412]]]},"properties":{"objectid":2409,"uniqueplotid":"PLNGINDUSTRIAL2409","plotmap_id":"SECTOR-32_14_GENERAL INDUSTRY_IND","plotidentificationnumber":"14","plotno":"14","industrysector":"SECTOR-32","block":"GENERAL INDUSTRY","plotsize":"1800 SQMT","plotsize_at_the_time_of_allotme":"1800 SQMT","landuse_type":"INDUSTRIAL","landuse_subcategory":"INDUSTRIAL","scheme_cod":"IND06","investment":15,"employment":53,"plotstatus":"Allotted","landallotementstatus":"SOLD","landallotementtype":"ALLOTTED","allotmentid":"YIND061450","allotment_date":1574361000000,"rate_of_allotment":6670,"lease_deed":"Y","possession":"Y","possession_date":1644949800000,"map_sanctioned_from_planning":"Y","units_under_construction":"Y","village_name":"Muradgarhi","khasra_no":"479","longitude":77.60141464,"latitude":28.22268263,"authority":"YEIDA","category":"industrial","execution_stage":"construction-or-map-approval"}},{"type":"Feature","geometry":{"type":"Polygon","coordinates":[[[77.602827,28.216844],[77.602827,28.217069],[77.602705,28.21707],[77.602704,28.216844],[77.602827,28.216844]]]},"properties":{"objectid":2410,"uniqueplotid":"PLNGINDUSTRIAL2410","plotmap_id":"SECTOR-32_939_GENERAL INDUSTRY_IND","plotidentificationnumber":"939","plotno":"939","industrysector":"SECTOR-32","block":"GENERAL INDUSTRY","plotsize":"300 SQMT","plotsize_at_the_time_of_allotme":"300 SQMT","plot_size_as_per_lease_plan":300,"landuse_type":"INDUSTRIAL","landuse_subcategory":"INDUSTRIAL","scheme_cod":"IND06","investment":3,"employment":9,"plotstatus":"Allotted","landallotementstatus":"SOLD","landallotementtype":"ALLOTTED","allotmentid":"YIND061089","allotment_date":1574361000000,"rate_of_allotment":6670,"lease_deed":"Y","possession":"Y","possession_date":1685989800000,"village_name":"Muradgarhi","khasra_no":"568,567","longitude":77.60276589,"latitude":28.21695669,"authority":"YEIDA","category":"industrial","execution_stage":"possession-recorded"}},{"type":"Feature","geometry":{"type":"Polygon","coordinates":[[[77.603263,28.219738],[77.603264,28.220009],[77.603111,28.220009],[77.60311,28.219738],[77.603263,28.219738]]]},"properties":{"objectid":2417,"uniqueplotid":"PLNGINDUSTRIAL2417","plotmap_id":"SECTOR-32_480_GENERAL INDUSTRY_IND","plotidentificationnumber":"480","plotno":"480","industrysector":"SECTOR-32","block":"GENERAL INDUSTRY","plotsize":"450 SQMT","plotsize_at_the_time_of_allotme":"450 SQMT","plot_size_as_per_lease_plan":450,"landuse_type":"INDUSTRIAL","landuse_subcategory":"INDUSTRIAL","scheme_cod":"IND06","investment":4,"employment":13,"plotstatus":"Allotted","landallotementstatus":"SOLD","landallotementtype":"ALLOTTED","allotmentid":"YIND061200","allotment_date":1574361000000,"rate_of_allotment":6670,"lease_deed":"Y","possession":"Y","possession_date":1684175400000,"map_sanctioned_from_planning":"Y","village_name":"Muradgarhi","khasra_no":"499","longitude":77.60318711,"latitude":28.21987348,"authority":"YEIDA","category":"industrial","execution_stage":"construction-or-map-approval"}},{"type":"Feature","geometry":{"type":"Polygon","coordinates":[[[77.605164,28.221961],[77.605165,28.222187],[77.605042,28.222187],[77.605042,28.221962],[77.605164,28.221961]]]},"properties":{"objectid":2419,"uniqueplotid":"PLNGINDUSTRIAL2419","plotmap_id":"SECTOR-32_136_GENERAL INDUSTRY_IND","plotidentificationnumber":"136","plotno":"136","industrysector":"SECTOR-32","block":"GENERAL INDUSTRY","plotsize":"300 SQMT","plotsize_at_the_time_of_allotme":"300 SQMT","landuse_type":"INDUSTRIAL","landuse_subcategory":"INDUSTRIAL","scheme_cod":"IND02","investment":5,"employment":18,"plotstatus":"Allotted","landallotementstatus":"SOLD","landallotementtype":"ALLOTTED","allotmentid":"YIND021281","allotment_date":1442255400000,"rate_of_allotment":6100,"lease_deed":"N","possession":"N","village_name":"Muradgarhi","khasra_no":"490","longitude":77.60510319,"latitude":28.2220742,"authority":"YEIDA","category":"industrial","execution_stage":"allotted"}},{"type":"Feature","geometry":{"type":"Polygon","coordinates":[[[77.603207,28.221524],[77.603085,28.221524],[77.603084,28.221299],[77.603207,28.221298],[77.603207,28.221524]]]},"properties":{"objectid":2420,"uniqueplotid":"PLNGINDUSTRIAL2420","plotmap_id":"SECTOR-32_256_GENERAL INDUSTRY_IND","plotidentificationnumber":"256","plotno":"256","industrysector":"SECTOR-32","block":"GENERAL INDUSTRY","plotsize":"300 SQMT","plotsize_at_the_time_of_allotme":"300 SQMT","plot_size_as_per_lease_plan":300,"landuse_type":"INDUSTRIAL","landuse_subcategory":"INDUSTRIAL","scheme_cod":"IND02","investment":5,"employment":18,"plotstatus":"Allotted","landallotementstatus":"SOLD","landallotementtype":"ALLOTTED","allotmentid":"YIND021175","allotment_date":1442255400000,"rate_of_allotment":6100,"lease_deed":"Y","possession":"Y","possession_date":1699468200000,"village_name":"Muradgarhi","khasra_no":"497,494,495","longitude":77.60314592,"latitude":28.22141137,"authority":"YEIDA","category":"industrial","execution_stage":"possession-recorded"}},{"type":"Feature","geometry":{"type":"Polygon","coordinates":[[[77.601494,28.221519],[77.601495,28.221654],[77.601191,28.221655],[77.601191,28.22152],[77.601494,28.221519]]]},"properties":{"objectid":2421,"uniqueplotid":"PLNGINDUSTRIAL2421","plotmap_id":"SECTOR-32_108_GENERAL INDUSTRY_IND","plotidentificationnumber":"108","plotno":"108","industrysector":"SECTOR-32","block":"GENERAL INDUSTRY","plotsize":"450 SQMT","plotsize_at_the_time_of_allotme":"450 SQMT","plot_size_as_per_lease_plan":450,"landuse_type":"INDUSTRIAL","landuse_subcategory":"INDUSTRIAL","scheme_cod":"IND04","investment":4,"employment":13,"plotstatus":"Allotted","landallotementstatus":"SOLD","landallotementtype":"ALLOTTED","allotmentid":"YIND041054","allotment_date":1546972200000,"rate_of_allotment":6405,"lease_deed":"Y","possession":"Y","possession_date":1719513000000,"village_name":"Muradgarhi","khasra_no":"506","longitude":77.60134278,"latitude":28.22158697,"authority":"YEIDA","category":"industrial","execution_stage":"possession-recorded"}},{"type":"Feature","geometry":{"type":"Polygon","coordinates":[[[77.602651,28.219469],[77.602652,28.219739],[77.602499,28.21974],[77.602498,28.219469],[77.602651,28.219469]]]},"properties":{"objectid":2429,"uniqueplotid":"PLNGINDUSTRIAL2429","plotmap_id":"SECTOR-32_573_GENERAL INDUSTRY_IND","plotidentificationnumber":"573","plotno":"573","industrysector":"SECTOR-32","block":"GENERAL INDUSTRY","plotsize":"450 SQMT","plotsize_at_the_time_of_allotme":"450 SQMT","landuse_type":"INDUSTRIAL","landuse_subcategory":"INDUSTRIAL","scheme_cod":"IND06","investment":4,"employment":13,"plotstatus":"Allotted","landallotementstatus":"SOLD","landallotementtype":"ALLOTTED","allotmentid":"YIND061255","allotment_date":1574361000000,"rate_of_allotment":6670,"lease_deed":"Y","possession":"Y","possession_date":1668709800000,"village_name":"Muradgarhi","khasra_no":"500","longitude":77.60257528000001,"latitude":28.21960434,"authority":"YEIDA","category":"industrial","execution_stage":"possession-recorded"}},{"type":"Feature","geometry":{"type":"Polygon","coordinates":[[[77.605399,28.218705],[77.605399,28.218975],[77.605247,28.218976],[77.605246,28.218705],[77.605399,28.218705]]]},"properties":{"objectid":2430,"uniqueplotid":"PLNGINDUSTRIAL2430","plotmap_id":"SECTOR-32_663_GENERAL INDUSTRY_IND","plotidentificationnumber":"663","plotno":"663","industrysector":"SECTOR-32","block":"GENERAL INDUSTRY","plotsize":"450 SQMT","plotsize_at_the_time_of_allotme":"450 SQMT","landuse_type":"INDUSTRIAL","landuse_subcategory":"INDUSTRIAL","scheme_cod":"IND06","investment":4,"employment":13,"plotstatus":"Allotted","landallotementstatus":"SOLD","landallotementtype":"ALLOTTED","allotmentid":"YIND061236","allotment_date":1574361000000,"rate_of_allotment":6670,"lease_deed":"Y","possession":"Y","possession_date":1701282600000,"village_name":"Chakbirampur","khasra_no":"90","longitude":77.60532259,"latitude":28.21884027,"authority":"YEIDA","category":"industrial","execution_stage":"possession-recorded"}},{"type":"Feature","geometry":{"type":"Polygon","coordinates":[[[77.604173,28.217508],[77.604174,28.217734],[77.604051,28.217734],[77.604051,28.217508],[77.604173,28.217508]]]},"properties":{"objectid":2435,"uniqueplotid":"PLNGINDUSTRIAL2435","plotmap_id":"SECTOR-32_814_GENERAL INDUSTRY_IND","plotidentificationnumber":"814","plotno":"814","industrysector":"SECTOR-32","block":"GENERAL INDUSTRY","plotsize":"300 SQMT","plotsize_at_the_time_of_allotme":"300 SQMT","landuse_type":"INDUSTRIAL","landuse_subcategory":"INDUSTRIAL","scheme_cod":"IND02","investment":5,"employment":18,"plotstatus":"Allotted","landallotementstatus":"SOLD","landallotementtype":"ALLOTTED","allotmentid":"YIND021277","allotment_date":1442255400000,"rate_of_allotment":6100,"lease_deed":"N","possession":"N","village_name":"Chakbirampur","khasra_no":"137","longitude":77.60411215,"latitude":28.217620970000002,"authority":"YEIDA","category":"industrial","execution_stage":"allotted"}},{"type":"Feature","geometry":{"type":"Polygon","coordinates":[[[77.605149,28.216838],[77.605149,28.217064],[77.605027,28.217064],[77.605026,28.216839],[77.605149,28.216838]]]},"properties":{"objectid":2448,"uniqueplotid":"PLNGINDUSTRIAL2448","plotmap_id":"SECTOR-32_958_GENERAL INDUSTRY_IND","plotidentificationnumber":"958","plotno":"958","industrysector":"SECTOR-32","block":"GENERAL INDUSTRY","plotsize":"300 SQMT","plotsize_at_the_time_of_allotme":"300 SQMT","landuse_type":"INDUSTRIAL","landuse_subcategory":"INDUSTRIAL","scheme_cod":"IND02","investment":5,"employment":18,"plotstatus":"Allotted","landallotementstatus":"SOLD","landallotementtype":"ALLOTTED","allotmentid":"YIND021159","allotment_date":1442255400000,"rate_of_allotment":6100,"lease_deed":"Y","possession":"Y","possession_date":1729621800000,"village_name":"Chakbirampur","khasra_no":"145,143,142","longitude":77.60508777,"latitude":28.21695123,"authority":"YEIDA","category":"industrial","execution_stage":"possession-recorded"}},{"type":"Feature","geometry":{"type":"Polygon","coordinates":[[[77.604186,28.221964],[77.604187,28.222189],[77.604065,28.222189],[77.604064,28.221964],[77.604186,28.221964]]]},"properties":{"objectid":2456,"uniqueplotid":"PLNGINDUSTRIAL2456","plotmap_id":"SECTOR-32_128_GENERAL INDUSTRY_IND","plotidentificationnumber":"128","plotno":"128","industrysector":"SECTOR-32","block":"GENERAL INDUSTRY","plotsize":"300 SQMT","plotsize_at_the_time_of_allotme":"300 SQMT","landuse_type":"INDUSTRIAL","landuse_subcategory":"INDUSTRIAL","scheme_cod":"IND06","investment":3,"employment":9,"plotstatus":"Allotted","landallotementstatus":"SOLD","landallotementtype":"ALLOTTED","allotmentid":"YIND061120","allotment_date":1574361000000,"rate_of_allotment":6670,"lease_deed":"Y","possession":"Y","possession_date":1655749800000,"village_name":"Muradgarhi","khasra_no":"490,491","longitude":77.60412556,"latitude":28.222076490000003,"authority":"YEIDA","category":"industrial","execution_stage":"possession-recorded"}},{"type":"Feature","geometry":{"type":"Polygon","coordinates":[[[77.602107,28.221301],[77.602108,28.221527],[77.601985,28.221527],[77.601985,28.221301],[77.602107,28.221301]]]},"properties":{"objectid":2463,"uniqueplotid":"PLNGINDUSTRIAL2463","plotmap_id":"SECTOR-32_247_GENERAL INDUSTRY_IND","plotidentificationnumber":"247","plotno":"247","industrysector":"SECTOR-32","block":"GENERAL INDUSTRY","plotsize":"300 SQMT","plotsize_at_the_time_of_allotme":"300 SQMT","plot_size_as_per_lease_plan":300,"landuse_type":"INDUSTRIAL","landuse_subcategory":"INDUSTRIAL","scheme_cod":"IND06","investment":3,"employment":9,"plotstatus":"Allotted","landallotementstatus":"SOLD","landallotementtype":"ALLOTTED","allotmentid":"YIND061043","allotment_date":1574361000000,"rate_of_allotment":6670,"lease_deed":"Y","possession":"Y","possession_date":1729189800000,"village_name":"Muradgarhi","khasra_no":"496","longitude":77.60204608000001,"latitude":28.22141395,"authority":"YEIDA","category":"industrial","execution_stage":"possession-recorded"}},{"type":"Feature","geometry":{"type":"Polygon","coordinates":[[[77.602802,28.218711],[77.602803,28.218981],[77.60265,28.218982],[77.602649,28.218711],[77.602802,28.218711]]]},"properties":{"objectid":2464,"uniqueplotid":"PLNGINDUSTRIAL2464","plotmap_id":"SECTOR-32_680_GENERAL INDUSTRY_IND","plotidentificationnumber":"680","plotno":"680","industrysector":"SECTOR-32","block":"GENERAL INDUSTRY","plotsize":"450 SQMT","plotsize_at_the_time_of_allotme":"450 SQMT","plot_size_as_per_lease_plan":450,"landuse_type":"INDUSTRIAL","landuse_subcategory":"INDUSTRIAL","scheme_cod":"IND07","investment":3,"employment":10,"plot_total_employment":"19","plotstatus":"Allotted","landallotementstatus":"SOLD","landallotementtype":"ALLOTTED","allotmentid":"YIND071193","allotment_date":1625077800000,"rate_of_allotment":7010,"lease_deed":"Y","lease_deed_date":1748543400000,"possession":"N","village_name":"Muradgarhi","khasra_no":"501,560,565","longitude":77.60272575,"latitude":28.21884636,"authority":"YEIDA","category":"industrial","execution_stage":"lease-recorded"}},{"type":"Feature","geometry":{"type":"Polygon","coordinates":[[[77.602109,28.221968],[77.60211,28.222194],[77.601987,28.222194],[77.601987,28.221969],[77.602109,28.221968]]]},"properties":{"objectid":2469,"uniqueplotid":"PLNGINDUSTRIAL2469","plotmap_id":"SECTOR-32_111_GENERAL INDUSTRY_IND","plotidentificationnumber":"111","plotno":"111","industrysector":"SECTOR-32","block":"GENERAL INDUSTRY","plotsize":"300 SQMT","plotsize_at_the_time_of_allotme":"300 SQMT","plot_size_as_per_lease_plan":300,"landuse_type":"INDUSTRIAL","landuse_subcategory":"INDUSTRIAL","scheme_cod":"IND02","investment":5,"employment":18,"plotstatus":"Allotted","landallotementstatus":"SOLD","landallotementtype":"ALLOTTED","allotmentid":"YIND021145","allotment_date":1442255400000,"rate_of_allotment":6100,"lease_deed":"Y","possession":"N","village_name":"Muradgarhi","khasra_no":"480,493,481","longitude":77.60204809000001,"latitude":28.22208137,"authority":"YEIDA","category":"industrial","execution_stage":"lease-recorded"}},{"type":"Feature","geometry":{"type":"Polygon","coordinates":[[[77.604481,28.21822],[77.604481,28.21849],[77.604329,28.218491],[77.604328,28.21822],[77.604481,28.21822]]]},"properties":{"objectid":2472,"uniqueplotid":"PLNGINDUSTRIAL2472","plotmap_id":"SECTOR-32_704_GENERAL INDUSTRY_IND","plotidentificationnumber":"704","plotno":"704","industrysector":"SECTOR-32","block":"GENERAL INDUSTRY","plotsize":"450 SQMT","plotsize_at_the_time_of_allotme":"450 SQMT","plot_size_as_per_lease_plan":450,"landuse_type":"INDUSTRIAL","landuse_subcategory":"INDUSTRIAL","scheme_cod":"IND07","investment":3,"employment":10,"plotstatus":"Allotted","landallotementstatus":"SOLD","landallotementtype":"ALLOTTED","allotmentid":"YIND071216","allotment_date":1625077800000,"rate_of_allotment":7010,"lease_deed":"Y","possession":"Y","possession_date":1733423400000,"map_sanctioned_from_planning":"Y","village_name":"Chakbirampur","khasra_no":"90,137","longitude":77.6044046,"latitude":28.218355369999998,"authority":"YEIDA","category":"industrial","execution_stage":"construction-or-map-approval"}},{"type":"Feature","geometry":{"type":"Polygon","coordinates":[[[77.60387,28.218221],[77.60387,28.218492],[77.603718,28.218492],[77.603717,28.218222],[77.60387,28.218221]]]},"properties":{"objectid":2480,"uniqueplotid":"PLNGINDUSTRIAL2480","plotmap_id":"SECTOR-32_700_GENERAL INDUSTRY_IND","plotidentificationnumber":"700","plotno":"700","industrysector":"SECTOR-32","block":"GENERAL INDUSTRY","plotsize":"450 SQMT","plotsize_at_the_time_of_allotme":"450 SQMT","plot_size_as_per_lease_plan":450,"landuse_type":"INDUSTRIAL","landuse_subcategory":"INDUSTRIAL","scheme_cod":"IND12","investment":211,"employment":75,"plot_total_employment":"25","plotstatus":"Allotted","landallotementstatus":"SOLD","landallotementtype":"ALLOTTED","allotmentid":"YIND120043","allotment_date":1701109800000,"rate_of_allotment":13542,"lease_deed":"Y","village_name":"Muradgarhi,Chakbirampur","khasra_no":"137,563","longitude":77.60379357000001,"latitude":28.2183568,"authority":"YEIDA","category":"industrial","execution_stage":"lease-recorded"}},{"type":"Feature","geometry":{"type":"Polygon","coordinates":[[[77.601862,28.221302],[77.601863,28.221527],[77.601741,28.221527],[77.60174,28.221302],[77.601862,28.221302]]]},"properties":{"objectid":2484,"uniqueplotid":"PLNGINDUSTRIAL2484","plotmap_id":"SECTOR-32_245_GENERAL INDUSTRY_IND","plotidentificationnumber":"245","plotno":"245","industrysector":"SECTOR-32","block":"GENERAL INDUSTRY","plotsize":"300 SQMT","plotsize_at_the_time_of_allotme":"300 SQMT","plot_size_as_per_lease_plan":300,"landuse_type":"INDUSTRIAL","landuse_subcategory":"INDUSTRIAL","scheme_cod":"IND06","investment":3,"employment":9,"plotstatus":"Allotted","landallotementstatus":"SOLD","landallotementtype":"ALLOTTED","allotmentid":"YIND061033","allotment_date":1574361000000,"rate_of_allotment":6670,"lease_deed":"Y","possession":"Y","possession_date":1694370600000,"map_sanctioned_from_planning":"Y","village_name":"Muradgarhi","khasra_no":"496","longitude":77.60180344999999,"latitude":28.221417799999998,"authority":"YEIDA","category":"industrial","execution_stage":"construction-or-map-approval"}},{"type":"Feature","geometry":{"type":"Polygon","coordinates":[[[77.604508,28.220538],[77.604509,28.220853],[77.604336,28.220854],[77.604335,28.220538],[77.604508,28.220538]]]},"properties":{"objectid":2486,"uniqueplotid":"PLNGINDUSTRIAL2486","plotmap_id":"SECTOR-32_396_GENERAL INDUSTRY_IND","plotidentificationnumber":"396","plotno":"396","industrysector":"SECTOR-32","block":"GENERAL INDUSTRY","plotsize":"595 SQMT","landuse_type":"INDUSTRIAL","landuse_subcategory":"INDUSTRIAL","investment":0,"employment":0,"landallotementstatus":"VACANT","landallotementtype":"VACANT","village_name":"Muradgarhi,Chakbirampur","khasra_no":"86,497,494,495","longitude":77.60442182,"latitude":28.22069586,"authority":"YEIDA","category":"industrial","execution_stage":"vacant"}},{"type":"Feature","geometry":{"type":"Polygon","coordinates":[[[77.603094,28.222408],[77.603096,28.222949],[77.60279,28.22295],[77.602789,28.222409],[77.603094,28.222408]]]},"properties":{"objectid":2487,"uniqueplotid":"PLNGINDUSTRIAL2487","plotmap_id":"SECTOR-32_19_GENERAL INDUSTRY_IND","plotidentificationnumber":"19","plotno":"19","industrysector":"SECTOR-32","block":"GENERAL INDUSTRY","plotsize":"1800 SQMT","plotsize_at_the_time_of_allotme":"1800 SQMT","landuse_type":"INDUSTRIAL","landuse_subcategory":"INDUSTRIAL","scheme_cod":"IND06","investment":15,"employment":53,"plotstatus":"Allotted","landallotementstatus":"SOLD","landallotementtype":"ALLOTTED","allotmentid":"YIND061477","allotment_date":1574361000000,"rate_of_allotment":6670,"lease_deed":"Y","possession":"Y","possession_date":1709058600000,"village_name":"Muradgarhi","khasra_no":"493,491,485","longitude":77.60294219000001,"latitude":28.22267904,"authority":"YEIDA","category":"industrial","execution_stage":"possession-recorded"}},{"type":"Feature","geometry":{"type":"Polygon","coordinates":[[[77.605396,28.217947],[77.605397,28.218218],[77.605244,28.218218],[77.605244,28.217948],[77.605396,28.217947]]]},"properties":{"objectid":2492,"uniqueplotid":"PLNGINDUSTRIAL2492","plotmap_id":"SECTOR-32_771_GENERAL INDUSTRY_IND","plotidentificationnumber":"771","plotno":"771","industrysector":"SECTOR-32","block":"GENERAL INDUSTRY","plotsize":"450 SQMT","plotsize_at_the_time_of_allotme":"450 SQMT","plot_size_as_per_lease_plan":450,"landuse_type":"INDUSTRIAL","landuse_subcategory":"INDUSTRIAL","scheme_cod":"YEA/IND-LOP(2021)-10","investment":3,"employment":10,"projects_cost_in_lacs":150,"plotstatus":"Allotted","landallotementstatus":"SOLD","landallotementtype":"ALLOTTED","allotmentid":"YIND100025","allotment_date":1650565800000,"rate_of_allotment":7010,"lease_deed":"Y","possession":"N","village_name":"Chakbirampur","khasra_no":"90,90/388","longitude":77.60532031,"latitude":28.21808264,"authority":"YEIDA","category":"industrial","execution_stage":"lease-recorded"}},{"type":"Feature","geometry":{"type":"Polygon","coordinates":[[[77.604906,28.217506],[77.604907,28.217732],[77.604785,28.217732],[77.604784,28.217507],[77.604906,28.217506]]]},"properties":{"objectid":2505,"uniqueplotid":"PLNGINDUSTRIAL2505","plotmap_id":"SECTOR-32_820_GENERAL INDUSTRY_IND","plotidentificationnumber":"820","plotno":"820","industrysector":"SECTOR-32","block":"GENERAL INDUSTRY","plotsize":"300 SQMT","plotsize_at_the_time_of_allotme":"300 SQMT","plot_size_as_per_lease_plan":300,"landuse_type":"INDUSTRIAL","landuse_subcategory":"INDUSTRIAL","scheme_cod":"IND02","investment":5,"employment":18,"plotstatus":"Allotted","landallotementstatus":"SOLD","landallotementtype":"ALLOTTED","allotmentid":"YIND021291","allotment_date":1442255400000,"rate_of_allotment":6100,"lease_deed":"Y","possession":"Y","possession_date":1729103400000,"village_name":"Chakbirampur","khasra_no":"145,136","longitude":77.60484536999999,"latitude":28.217619250000002,"authority":"YEIDA","category":"industrial","execution_stage":"possession-recorded"}},{"type":"Feature","geometry":{"type":"Polygon","coordinates":[[[77.601484,28.217596],[77.601485,28.217731],[77.60118,28.217732],[77.601179,28.217596],[77.601484,28.217596]]]},"properties":{"objectid":2507,"uniqueplotid":"PLNGINDUSTRIAL2507","plotmap_id":"SECTOR-32_79_GENERAL INDUSTRY_IND","plotidentificationnumber":"79","plotno":"79","industrysector":"SECTOR-32","block":"GENERAL INDUSTRY","plotsize":"450 SQMT","plotsize_at_the_time_of_allotme":"450 SQMT","plot_size_as_per_lease_plan":450.22,"landuse_type":"INDUSTRIAL","landuse_subcategory":"INDUSTRIAL","scheme_cod":"IND07","investment":3,"employment":10,"plotstatus":"Allotted","landallotementstatus":"SOLD","landallotementtype":"ALLOTTED","allotmentid":"YIND071214","allotment_date":1625077800000,"rate_of_allotment":7010,"lease_deed":"Y","possession":"Y","possession_date":1716143400000,"village_name":"Muradgarhi","khasra_no":"553,560,565","longitude":77.60133198,"latitude":28.21766357,"authority":"YEIDA","category":"industrial","execution_stage":"possession-recorded"}},{"type":"Feature","geometry":{"type":"Polygon","coordinates":[[[77.602474,28.221526],[77.602352,28.221526],[77.602351,28.2213],[77.602473,28.2213],[77.602474,28.221526]]]},"properties":{"objectid":2510,"uniqueplotid":"PLNGINDUSTRIAL2510","plotmap_id":"SECTOR-32_250_GENERAL INDUSTRY_IND","plotidentificationnumber":"250","plotno":"250","industrysector":"SECTOR-32","block":"GENERAL INDUSTRY","plotsize":"300 SQMT","plotsize_at_the_time_of_allotme":"300 SQMT","plot_size_as_per_lease_plan":300,"landuse_type":"INDUSTRIAL","landuse_subcategory":"INDUSTRIAL","scheme_cod":"IND06","investment":3,"employment":9,"plotstatus":"Allotted","landallotementstatus":"SOLD","landallotementtype":"ALLOTTED","allotmentid":"YIND061067","allotment_date":1574361000000,"rate_of_allotment":6670,"lease_deed":"Y","possession":"Y","possession_date":1685903400000,"village_name":"Muradgarhi","khasra_no":"496","longitude":77.60241269000001,"latitude":28.22141309,"authority":"YEIDA","category":"industrial","execution_stage":"possession-recorded"}},{"type":"Feature","geometry":{"type":"Polygon","coordinates":[[[77.602193,28.21947],[77.602194,28.219741],[77.602041,28.219741],[77.60204,28.21947],[77.602193,28.21947]]]},"properties":{"objectid":2515,"uniqueplotid":"PLNGINDUSTRIAL2515","plotmap_id":"SECTOR-32_576_GENERAL INDUSTRY_IND","plotidentificationnumber":"576","plotno":"576","industrysector":"SECTOR-32","block":"GENERAL INDUSTRY","plotsize":"450 SQMT","plotsize_at_the_time_of_allotme":"450 SQMT","landuse_type":"INDUSTRIAL","landuse_subcategory":"INDUSTRIAL","scheme_cod":"IND06","investment":4,"employment":13,"plotstatus":"Allotted","landallotementstatus":"SOLD","landallotementtype":"ALLOTTED","allotmentid":"YIND061290","allotment_date":1574361000000,"rate_of_allotment":6670,"lease_deed":"Y","possession":"Y","possession_date":1648060200000,"village_name":"Muradgarhi","khasra_no":"500,501","longitude":77.60211701,"latitude":28.21960542,"authority":"YEIDA","category":"industrial","execution_stage":"possession-recorded"}},{"type":"Feature","geometry":{"type":"Polygon","coordinates":[[[77.604063,28.221738],[77.604064,28.221964],[77.603942,28.221964],[77.603941,28.221739],[77.604063,28.221738]]]},"properties":{"objectid":2517,"uniqueplotid":"PLNGINDUSTRIAL2517","plotmap_id":"SECTOR-32_226_GENERAL INDUSTRY_IND","plotidentificationnumber":"226","plotno":"226","industrysector":"SECTOR-32","block":"GENERAL INDUSTRY","plotsize":"300 SQMT","plotsize_at_the_time_of_allotme":"300 SQMT","plot_size_as_per_lease_plan":300,"landuse_type":"INDUSTRIAL","landuse_subcategory":"INDUSTRIAL","scheme_cod":"IND06","investment":3,"employment":9,"plotstatus":"Allotted","landallotementstatus":"SOLD","landallotementtype":"ALLOTTED","allotmentid":"YIND061136","allotment_date":1574361000000,"rate_of_allotment":6670,"lease_deed":"Y","possession":"Y","possession_date":1712601000000,"village_name":"Muradgarhi","khasra_no":"492,491","longitude":77.60400267,"latitude":28.2218513,"authority":"YEIDA","category":"industrial","execution_stage":"possession-recorded"}},{"type":"Feature","geometry":{"type":"Polygon","coordinates":[[[77.603109,28.219251],[77.602956,28.219252],[77.602955,28.218981],[77.603108,28.218981],[77.603109,28.219251]]]},"properties":{"objectid":2518,"uniqueplotid":"PLNGINDUSTRIAL2518","plotmap_id":"SECTOR-32_587_GENERAL INDUSTRY_IND","plotidentificationnumber":"587","plotno":"587","industrysector":"SECTOR-32","block":"GENERAL INDUSTRY","plotsize":"450 SQMT","plotsize_at_the_time_of_allotme":"450 SQMT","landuse_type":"INDUSTRIAL","landuse_subcategory":"INDUSTRIAL","scheme_cod":"IND01","investment":3,"employment":12,"plotstatus":"Allotted","landallotementstatus":"SOLD","landallotementtype":"ALLOTTED","allotmentid":"YIND010630","allotment_date":1442255400000,"rate_of_allotment":6100,"lease_deed":"Y","possession":"N","village_name":"Muradgarhi","khasra_no":"500,501,563,560,565","longitude":77.60303207999999,"latitude":28.21911622,"authority":"YEIDA","category":"industrial","execution_stage":"lease-recorded"}},{"type":"Feature","geometry":{"type":"Polygon","coordinates":[[[77.605286,28.221961],[77.605287,28.222187],[77.605165,28.222187],[77.605164,28.221961],[77.605286,28.221961]]]},"properties":{"objectid":2520,"uniqueplotid":"PLNGINDUSTRIAL2520","plotmap_id":"SECTOR-32_137_GENERAL INDUSTRY_IND","plotidentificationnumber":"137","plotno":"137","industrysector":"SECTOR-32","block":"GENERAL INDUSTRY","plotsize":"300 SQMT","plotsize_at_the_time_of_allotme":"300 SQMT","plot_size_as_per_lease_plan":300,"landuse_type":"INDUSTRIAL","landuse_subcategory":"INDUSTRIAL","scheme_cod":"IND04","investment":5,"employment":18,"plotstatus":"Allotted","landallotementstatus":"SOLD","landallotementtype":"ALLOTTED","allotmentid":"YIND041016","allotment_date":1546972200000,"rate_of_allotment":6405,"lease_deed":"Y","possession":"Y","possession_date":1677695400000,"village_name":"Muradgarhi,Chakbirampur","khasra_no":"85,490","longitude":77.60522539,"latitude":28.222073910000002,"authority":"YEIDA","category":"industrial","execution_stage":"possession-recorded"}},{"type":"Feature","geometry":{"type":"Polygon","coordinates":[[[77.604622,28.222405],[77.604623,28.222946],[77.604318,28.222946],[77.604316,28.222405],[77.604622,28.222405]]]},"properties":{"objectid":2522,"uniqueplotid":"PLNGINDUSTRIAL2522","plotmap_id":"SECTOR-32_24_GENERAL INDUSTRY_IND","plotidentificationnumber":"24","plotno":"24","industrysector":"SECTOR-32","block":"GENERAL INDUSTRY","plotsize":"1800 SQMT","plotsize_at_the_time_of_allotme":"1800 SQMT","landuse_type":"INDUSTRIAL","landuse_subcategory":"INDUSTRIAL","scheme_cod":"IND06","investment":15,"employment":53,"plotstatus":"Allotted","landallotementstatus":"SOLD","landallotementtype":"ALLOTTED","allotmentid":"YIND061474","allotment_date":1574361000000,"rate_of_allotment":6670,"lease_deed":"N","possession":"N","village_name":"Muradgarhi","khasra_no":"490,486,489","longitude":77.60447359999999,"latitude":28.22272044,"authority":"YEIDA","category":"industrial","execution_stage":"allotted"}},{"type":"Feature","geometry":{"type":"Polygon","coordinates":[[[77.604638,28.219735],[77.604639,28.220005],[77.604486,28.220006],[77.604485,28.219735],[77.604638,28.219735]]]},"properties":{"objectid":2524,"uniqueplotid":"PLNGINDUSTRIAL2524","plotmap_id":"SECTOR-32_489_GENERAL INDUSTRY_IND","plotidentificationnumber":"489","plotno":"489","industrysector":"SECTOR-32","block":"GENERAL INDUSTRY","plotsize":"450 SQMT","plotsize_at_the_time_of_allotme":"450 SQMT","plot_size_as_per_lease_plan":450,"landuse_type":"INDUSTRIAL","landuse_subcategory":"INDUSTRIAL","scheme_cod":"IND01","investment":3,"employment":12,"plotstatus":"Allotted","landallotementstatus":"SOLD","landallotementtype":"ALLOTTED","allotmentid":"YIND010676","allotment_date":1442255400000,"rate_of_allotment":6100,"lease_deed":"Y","possession":"Y","possession_date":1678818600000,"village_name":"Chakbirampur","khasra_no":"90,89","longitude":77.60456191,"latitude":28.21987026,"authority":"YEIDA","category":"industrial","execution_stage":"possession-recorded"}},{"type":"Feature","geometry":{"type":"Polygon","coordinates":[[[77.601492,28.220707],[77.601493,28.220843],[77.601189,28.220843],[77.601189,28.220708],[77.601492,28.220707]]]},"properties":{"objectid":2526,"uniqueplotid":"PLNGINDUSTRIAL2526","plotmap_id":"SECTOR-32_102_GENERAL INDUSTRY_IND","plotidentificationnumber":"102","plotno":"102","industrysector":"SECTOR-32","block":"GENERAL INDUSTRY","plotsize":"450 SQMT","plotsize_at_the_time_of_allotme":"450 SQMT","plot_size_as_per_lease_plan":450.14,"landuse_type":"INDUSTRIAL","landuse_subcategory":"INDUSTRIAL","scheme_cod":"IND07","investment":3,"employment":10,"plotstatus":"Allotted","landallotementstatus":"SOLD","landallotementtype":"ALLOTTED","allotmentid":"YIND071155","allotment_date":1625164200000,"rate_of_allotment":7010,"lease_deed":"Y","possession":"Y","possession_date":1708367400000,"village_name":"Muradgarhi","khasra_no":"499,505","longitude":77.60134054999999,"latitude":28.220775240000002,"authority":"YEIDA","category":"industrial","execution_stage":"possession-recorded"}},{"type":"Feature","geometry":{"type":"Polygon","coordinates":[[[77.602498,28.219469],[77.602499,28.21974],[77.602347,28.21974],[77.602346,28.21947],[77.602498,28.219469]]]},"properties":{"objectid":2530,"uniqueplotid":"PLNGINDUSTRIAL2530","plotmap_id":"SECTOR-32_574_GENERAL INDUSTRY_IND","plotidentificationnumber":"574","plotno":"574","industrysector":"SECTOR-32","block":"GENERAL INDUSTRY","plotsize":"450 SQMT","plotsize_at_the_time_of_allotme":"450 SQMT","landuse_type":"INDUSTRIAL","landuse_subcategory":"INDUSTRIAL","scheme_cod":"IND04","investment":4,"employment":13,"plotstatus":"Allotted","landallotementstatus":"SOLD","landallotementtype":"ALLOTTED","allotmentid":"YIND041074","allotment_date":1546972200000,"rate_of_allotment":6405,"lease_deed":"Y","possession":"Y","possession_date":1664735400000,"village_name":"Muradgarhi","khasra_no":"500","longitude":77.60242252,"latitude":28.2196047,"authority":"YEIDA","category":"industrial","execution_stage":"possession-recorded"}},{"type":"Feature","geometry":{"type":"Polygon","coordinates":[[[77.604329,28.218707],[77.60433,28.218978],[77.604177,28.218978],[77.604177,28.218708],[77.604329,28.218707]]]},"properties":{"objectid":2533,"uniqueplotid":"PLNGINDUSTRIAL2533","plotmap_id":"SECTOR-32_670_GENERAL INDUSTRY_IND","plotidentificationnumber":"670","plotno":"670","industrysector":"SECTOR-32","block":"GENERAL INDUSTRY","plotsize":"450 SQMT","plotsize_at_the_time_of_allotme":"450 SQMT","landuse_type":"INDUSTRIAL","landuse_subcategory":"INDUSTRIAL","scheme_cod":"IND12","investment":96,"employment":45,"plot_total_employment":"45","plotstatus":"Allotted","landallotementstatus":"SOLD","landallotementtype":"ALLOTTED","allotmentid":"YIND120044","allotment_date":1701109800000,"rate_of_allotment":13542,"lease_deed":"N","village_name":"Chakbirampur","khasra_no":"90,137","longitude":77.60425331,"latitude":28.218842780000003,"authority":"YEIDA","category":"industrial","execution_stage":"allotted"}},{"type":"Feature","geometry":{"type":"Polygon","coordinates":[[[77.602485,28.222951],[77.603667,28.222948],[77.603671,28.224314],[77.602311,28.224317],[77.602304,28.222951],[77.602485,28.222951]]]},"properties":{"objectid":2537,"uniqueplotid":"PLNGINDUSTRIAL2537","plotmap_id":"SECTOR-32_3_GENERAL INDUSTRY_IND","plotidentificationnumber":"3","plotno":"3","industrysector":"SECTOR-32","block":"GENERAL INDUSTRY","plotsize":"20000 SQMT","plotsize_at_the_time_of_allotme":"20000 SQMT","plot_size_as_per_lease_plan":20235,"landuse_type":"INDUSTRIAL","landuse_subcategory":"INDUSTRIAL","scheme_cod":"INDOPEN","investment":129,"employment":450,"plotstatus":"Allotted","landallotementstatus":"SOLD","landallotementtype":"ALLOTTED","allotmentid":"INDOPEN0008","allotment_date":1536258600000,"rate_of_allotment":5145,"lease_deed":"Y","possession":"Y","possession_date":1672338600000,"village_name":"Muradgarhi","khasra_no":"478,453,479,476,477,486,481,485","longitude":77.60300726999999,"latitude":28.22370243,"authority":"YEIDA","category":"industrial","execution_stage":"possession-recorded"}},{"type":"Feature","geometry":{"type":"Polygon","coordinates":[[[77.6052,28.220536],[77.605201,28.220852],[77.605028,28.220852],[77.605027,28.220537],[77.6052,28.220536]]]},"properties":{"objectid":2539,"uniqueplotid":"PLNGINDUSTRIAL2539","plotmap_id":"SECTOR-32_400_GENERAL INDUSTRY_IND","plotidentificationnumber":"400","plotno":"400","industrysector":"SECTOR-32","block":"GENERAL INDUSTRY","plotsize":"595 SQMT","plotsize_at_the_time_of_allotme":"595 SQMT","plot_size_as_per_lease_plan":595,"landuse_type":"INDUSTRIAL","landuse_subcategory":"INDUSTRIAL","scheme_cod":"IND05","investment":5,"employment":17,"plotstatus":"Allotted","landallotementstatus":"SOLD","landallotementtype":"ALLOTTED","allotmentid":"YIND051046","allotment_date":1542565800000,"rate_of_allotment":6405,"lease_deed":"Y","possession":"N","village_name":"Chakbirampur","khasra_no":"89,87,86","longitude":77.60511430999999,"latitude":28.22069423,"authority":"YEIDA","category":"industrial","execution_stage":"lease-recorded"}},{"type":"Feature","geometry":{"type":"Polygon","coordinates":[[[77.604328,28.21822],[77.604329,28.218491],[77.604176,28.218491],[77.604175,28.218221],[77.604328,28.21822]]]},"properties":{"objectid":2547,"uniqueplotid":"PLNGINDUSTRIAL2547","plotmap_id":"SECTOR-32_703_GENERAL INDUSTRY_IND","plotidentificationnumber":"703","plotno":"703","industrysector":"SECTOR-32","block":"GENERAL INDUSTRY","plotsize":"450 SQMT","plotsize_at_the_time_of_allotme":"450 SQMT","plot_size_as_per_lease_plan":450,"landuse_type":"INDUSTRIAL","landuse_subcategory":"INDUSTRIAL","scheme_cod":"IND07","investment":3,"employment":10,"plotstatus":"Allotted","landallotementstatus":"SOLD","landallotementtype":"ALLOTTED","allotmentid":"YIND071217","allotment_date":1625077800000,"rate_of_allotment":7010,"lease_deed":"Y","possession":"Y","possession_date":1701196200000,"village_name":"Chakbirampur","khasra_no":"137","longitude":77.60425184,"latitude":28.21835573,"authority":"YEIDA","category":"industrial","execution_stage":"possession-recorded"}},{"type":"Feature","geometry":{"type":"Polygon","coordinates":[[[77.604179,28.219465],[77.60418,28.219736],[77.604027,28.219736],[77.604026,28.219466],[77.604179,28.219465]]]},"properties":{"objectid":2548,"uniqueplotid":"PLNGINDUSTRIAL2548","plotmap_id":"SECTOR-32_563_GENERAL INDUSTRY_IND","plotidentificationnumber":"563","plotno":"563","industrysector":"SECTOR-32","block":"GENERAL INDUSTRY","plotsize":"450 SQMT","plotsize_at_the_time_of_allotme":"450 SQMT","plot_size_as_per_lease_plan":450,"landuse_type":"INDUSTRIAL","landuse_subcategory":"INDUSTRIAL","scheme_cod":"IND05","investment":4,"employment":13,"plotstatus":"Allotted","landallotementstatus":"SOLD","landallotementtype":"ALLOTTED","allotmentid":"YIND051027","allotment_date":1542565800000,"rate_of_allotment":6405,"lease_deed":"Y","possession":"Y","possession_date":1648751400000,"village_name":"Muradgarhi,Chakbirampur","khasra_no":"90,561","longitude":77.60410283,"latitude":28.21960076,"authority":"YEIDA","category":"industrial","execution_stage":"possession-recorded"}},{"type":"Feature","geometry":{"type":"Polygon","coordinates":[[[77.605285,28.221736],[77.605286,28.221961],[77.605164,28.221961],[77.605163,28.221736],[77.605285,28.221736]]]},"properties":{"objectid":2555,"uniqueplotid":"PLNGINDUSTRIAL2555","plotmap_id":"SECTOR-32_216_GENERAL INDUSTRY_IND","plotidentificationnumber":"216","plotno":"216","industrysector":"SECTOR-32","block":"GENERAL INDUSTRY","plotsize":"300 SQMT","plotsize_at_the_time_of_allotme":"300 SQMT","plot_size_as_per_lease_plan":300,"landuse_type":"INDUSTRIAL","landuse_subcategory":"INDUSTRIAL","scheme_cod":"IND02","investment":5,"employment":18,"plotstatus":"Allotted","landallotementstatus":"SOLD","landallotementtype":"ALLOTTED","allotmentid":"YIND021214","allotment_date":1442255400000,"rate_of_allotment":6100,"lease_deed":"Y","possession":"Y","possession_date":1676313000000,"village_name":"Muradgarhi,Chakbirampur","khasra_no":"85,490","longitude":77.60522471,"latitude":28.221848440000002,"authority":"YEIDA","category":"industrial","execution_stage":"possession-recorded"}},{"type":"Feature","geometry":{"type":"Polygon","coordinates":[[[77.603716,28.217951],[77.603717,28.218222],[77.603564,28.218222],[77.603563,28.217951],[77.603716,28.217951]]]},"properties":{"objectid":2558,"uniqueplotid":"PLNGINDUSTRIAL2558","plotmap_id":"SECTOR-32_782_GENERAL INDUSTRY_IND","plotidentificationnumber":"782","plotno":"782","industrysector":"SECTOR-32","block":"GENERAL INDUSTRY","plotsize":"450 SQMT","plotsize_at_the_time_of_allotme":"450 SQMT","landuse_type":"INDUSTRIAL","landuse_subcategory":"INDUSTRIAL","scheme_cod":"IND12","investment":110,"employment":48,"plot_total_employment":"12","plotstatus":"Allotted","landallotementstatus":"SOLD","landallotementtype":"ALLOTTED","allotmentid":"YIND120028","allotment_date":1701109800000,"rate_of_allotment":13542,"lease_deed":"N","village_name":"Muradgarhi,Chakbirampur","khasra_no":"137,563,566","longitude":77.60364001,"latitude":28.21808658,"authority":"YEIDA","category":"industrial","execution_stage":"allotted"}},{"type":"Feature","geometry":{"type":"Polygon","coordinates":[[[77.60333,28.221524],[77.603207,28.221524],[77.603207,28.221298],[77.603329,28.221298],[77.60333,28.221524]]]},"properties":{"objectid":2560,"uniqueplotid":"PLNGINDUSTRIAL2560","plotmap_id":"SECTOR-32_257_GENERAL INDUSTRY_IND","plotidentificationnumber":"257","plotno":"257","industrysector":"SECTOR-32","block":"GENERAL INDUSTRY","plotsize":"300 SQMT","plotsize_at_the_time_of_allotme":"300 SQMT","plot_size_as_per_lease_plan":300,"landuse_type":"INDUSTRIAL","landuse_subcategory":"INDUSTRIAL","scheme_cod":"IND02","investment":5,"employment":18,"plotstatus":"Allotted","landallotementstatus":"SOLD","landallotementtype":"ALLOTTED","allotmentid":"YIND021039","allotment_date":1442255400000,"rate_of_allotment":6100,"lease_deed":"Y","possession":"Y","possession_date":1695666600000,"village_name":"Muradgarhi","khasra_no":"494","longitude":77.60326812,"latitude":28.22141108,"authority":"YEIDA","category":"industrial","execution_stage":"possession-recorded"}},{"type":"Feature","geometry":{"type":"Polygon","coordinates":[[[77.601864,28.221969],[77.601865,28.222195],[77.601743,28.222195],[77.601742,28.221969],[77.601864,28.221969]]]},"properties":{"objectid":2561,"uniqueplotid":"PLNGINDUSTRIAL2561","plotmap_id":"SECTOR-32_109_GENERAL INDUSTRY_IND","plotidentificationnumber":"109","plotno":"109","industrysector":"SECTOR-32","block":"GENERAL INDUSTRY","plotsize":"300 SQMT","plotsize_at_the_time_of_allotme":"300 SQMT","plot_size_as_per_lease_plan":300,"landuse_type":"INDUSTRIAL","landuse_subcategory":"INDUSTRIAL","scheme_cod":"IND02","investment":5,"employment":18,"plotstatus":"Allotted","landallotementstatus":"SOLD","landallotementtype":"ALLOTTED","allotmentid":"YIND021300","allotment_date":1442255400000,"rate_of_allotment":6100,"lease_deed":"Y","possession":"Y","possession_date":1727289000000,"village_name":"Muradgarhi","khasra_no":"480,510,506","longitude":77.60180546,"latitude":28.222085210000003,"authority":"YEIDA","category":"industrial","execution_stage":"possession-recorded"}},{"type":"Feature","geometry":{"type":"Polygon","coordinates":[[[77.605406,28.221293],[77.605407,28.221519],[77.605285,28.221519],[77.605284,28.221294],[77.605406,28.221293]]]},"properties":{"objectid":2564,"uniqueplotid":"PLNGINDUSTRIAL2564","plotmap_id":"SECTOR-32_274_GENERAL INDUSTRY_IND","plotidentificationnumber":"274","plotno":"274","industrysector":"SECTOR-32","block":"GENERAL INDUSTRY","plotsize":"300 SQMT","plotsize_at_the_time_of_allotme":"300 SQMT","landuse_type":"INDUSTRIAL","landuse_subcategory":"INDUSTRIAL","scheme_cod":"IND02","investment":5,"employment":18,"plotstatus":"Allotted","landallotementstatus":"SOLD","landallotementtype":"ALLOTTED","allotmentid":"YIND021250","allotment_date":1442255400000,"rate_of_allotment":6100,"lease_deed":"N","possession":"N","village_name":"Chakbirampur","khasra_no":"85","longitude":77.60534559,"latitude":28.221406209999998,"authority":"YEIDA","category":"industrial","execution_stage":"allotted"}},{"type":"Feature","geometry":{"type":"Polygon","coordinates":[[[77.601493,28.221113],[77.601494,28.221248],[77.60119,28.221249],[77.60119,28.221114],[77.601493,28.221113]]]},"properties":{"objectid":2565,"uniqueplotid":"PLNGINDUSTRIAL2565","plotmap_id":"SECTOR-32_105_GENERAL INDUSTRY_IND","plotidentificationnumber":"105","plotno":"105","industrysector":"SECTOR-32","block":"GENERAL INDUSTRY","plotsize":"450 SQMT","plotsize_at_the_time_of_allotme":"450 SQMT","plot_size_as_per_lease_plan":450,"landuse_type":"INDUSTRIAL","landuse_subcategory":"INDUSTRIAL","scheme_cod":"IND07","investment":3,"employment":10,"plotstatus":"Allotted","landallotementstatus":"SOLD","landallotementtype":"ALLOTTED","allotmentid":"YIND071137","allotment_date":1625164200000,"rate_of_allotment":7010,"lease_deed":"Y","possession":"Y","possession_date":1705257000000,"village_name":"Muradgarhi","khasra_no":"499,498,496,481,506","longitude":77.60134167,"latitude":28.2211811,"authority":"YEIDA","category":"industrial","execution_stage":"possession-recorded"}},{"type":"Feature","geometry":{"type":"Polygon","coordinates":[[[77.604294,28.217282],[77.604295,28.217508],[77.604173,28.217508],[77.604172,28.217283],[77.604294,28.217282]]]},"properties":{"objectid":2572,"uniqueplotid":"PLNGINDUSTRIAL2572","plotmap_id":"SECTOR-32_910_GENERAL INDUSTRY_IND","plotidentificationnumber":"910","plotno":"910","industrysector":"SECTOR-32","block":"GENERAL INDUSTRY","plotsize":"300 SQMT","plotsize_at_the_time_of_allotme":"300 SQMT","landuse_type":"INDUSTRIAL","landuse_subcategory":"INDUSTRIAL","scheme_cod":"IND02","investment":5,"employment":18,"plotstatus":"Allotted","landallotementstatus":"SOLD","landallotementtype":"ALLOTTED","allotmentid":"YIND021169","allotment_date":1442255400000,"rate_of_allotment":6100,"lease_deed":"Y","possession":"Y","possession_date":1728930600000,"village_name":"Chakbirampur","khasra_no":"142,137","longitude":77.60423367,"latitude":28.217395200000002,"authority":"YEIDA","category":"industrial","execution_stage":"possession-recorded"}},{"type":"Feature","geometry":{"type":"Polygon","coordinates":[[[77.601486,28.218272],[77.601486,28.218407],[77.601182,28.218408],[77.601181,28.218273],[77.601486,28.218272]]]},"properties":{"objectid":2583,"uniqueplotid":"PLNGINDUSTRIAL2583","plotmap_id":"SECTOR-32_84_GENERAL INDUSTRY_IND","plotidentificationnumber":"84","plotno":"84","industrysector":"SECTOR-32","block":"GENERAL INDUSTRY","plotsize":"450 SQMT","plotsize_at_the_time_of_allotme":"450 SQMT","landuse_type":"INDUSTRIAL","landuse_subcategory":"INDUSTRIAL","scheme_cod":"IND03","investment":4,"employment":13,"plotstatus":"Allotted","landallotementstatus":"SOLD","landallotementtype":"ALLOTTED","allotmentid":"YIND031036","allotment_date":1483381800000,"rate_of_allotment":6405,"lease_deed":"N","possession":"N","village_name":"Muradgarhi","khasra_no":"549,551,550","longitude":77.60133384,"latitude":28.21834003,"authority":"YEIDA","category":"industrial","execution_stage":"allotted"}},{"type":"Feature","geometry":{"type":"Polygon","coordinates":[[[77.602949,28.216844],[77.60295,28.217069],[77.602827,28.217069],[77.602827,28.216844],[77.602949,28.216844]]]},"properties":{"objectid":2584,"uniqueplotid":"PLNGINDUSTRIAL2584","plotmap_id":"SECTOR-32_940_GENERAL INDUSTRY_IND","plotidentificationnumber":"940","plotno":"940","industrysector":"SECTOR-32","block":"GENERAL INDUSTRY","plotsize":"300 SQMT","plotsize_at_the_time_of_allotme":"300 SQMT","plot_size_as_per_lease_plan":300,"landuse_type":"INDUSTRIAL","landuse_subcategory":"INDUSTRIAL","scheme_cod":"IND06","investment":3,"employment":9,"plotstatus":"Allotted","landallotementstatus":"SOLD","landallotementtype":"ALLOTTED","allotmentid":"YIND061110","allotment_date":1574361000000,"rate_of_allotment":6670,"lease_deed":"Y","possession":"Y","possession_date":1699381800000,"village_name":"Muradgarhi","khasra_no":"568,567","longitude":77.6028881,"latitude":28.216956399999997,"authority":"YEIDA","category":"industrial","execution_stage":"possession-recorded"}},{"type":"Feature","geometry":{"type":"Polygon","coordinates":[[[77.602483,28.22241],[77.602485,28.222951],[77.602179,28.222951],[77.602178,28.22241],[77.602483,28.22241]]]},"properties":{"objectid":2588,"uniqueplotid":"PLNGINDUSTRIAL2588","plotmap_id":"SECTOR-32_17_GENERAL INDUSTRY_IND","plotidentificationnumber":"17","plotno":"17","industrysector":"SECTOR-32","block":"GENERAL INDUSTRY","plotsize":"1800 SQMT","plotsize_at_the_time_of_allotme":"1800 SQMT","plot_size_as_per_lease_plan":1800,"landuse_type":"INDUSTRIAL","landuse_subcategory":"INDUSTRIAL","scheme_cod":"IND06","investment":15,"employment":53,"plotstatus":"Allotted","landallotementstatus":"SOLD","landallotementtype":"ALLOTTED","allotmentid":"YIND061480","allotment_date":1574361000000,"rate_of_allotment":6670,"lease_deed":"Y","possession":"N","village_name":"Muradgarhi","khasra_no":"479,480,493,481","longitude":77.60233117,"latitude":28.22268048,"authority":"YEIDA","category":"industrial","execution_stage":"lease-recorded"}},{"type":"Feature","geometry":{"type":"Polygon","coordinates":[[[77.603564,28.218222],[77.603565,28.218493],[77.603412,28.218493],[77.603411,28.218222],[77.603564,28.218222]]]},"properties":{"objectid":2593,"uniqueplotid":"PLNGINDUSTRIAL2593","plotmap_id":"SECTOR-32_698_GENERAL INDUSTRY_IND","plotidentificationnumber":"698","plotno":"698","industrysector":"SECTOR-32","block":"GENERAL INDUSTRY","plotsize":"450 SQMT","plotsize_at_the_time_of_allotme":"450 SQMT","plot_size_as_per_lease_plan":450,"landuse_type":"INDUSTRIAL","landuse_subcategory":"INDUSTRIAL","scheme_cod":"IND01","investment":3,"employment":12,"plotstatus":"Allotted","landallotementstatus":"SOLD","landallotementtype":"ALLOTTED","allotmentid":"YIND010642","allotment_date":1442255400000,"rate_of_allotment":6100,"lease_deed":"Y","possession":"N","village_name":"Muradgarhi","khasra_no":"563","longitude":77.60348805999999,"latitude":28.218357519999998,"authority":"YEIDA","category":"industrial","execution_stage":"lease-recorded"}},{"type":"Feature","geometry":{"type":"Polygon","coordinates":[[[77.602351,28.221075],[77.602351,28.2213],[77.602229,28.221301],[77.602228,28.221075],[77.602351,28.221075]]]},"properties":{"objectid":2600,"uniqueplotid":"PLNGINDUSTRIAL2600","plotmap_id":"SECTOR-32_376_GENERAL INDUSTRY_IND","plotidentificationnumber":"376","plotno":"376","industrysector":"SECTOR-32","block":"GENERAL INDUSTRY","plotsize":"300 SQMT","plotsize_at_the_time_of_allotme":"300 SQMT","landuse_type":"INDUSTRIAL","landuse_subcategory":"INDUSTRIAL","scheme_cod":"IND06","investment":3,"employment":9,"plotstatus":"Allotted","landallotementstatus":"SOLD","landallotementtype":"ALLOTTED","allotmentid":"YIND061163","allotment_date":1574361000000,"rate_of_allotment":6670,"lease_deed":"N","possession":"N","village_name":"Muradgarhi","khasra_no":"496","longitude":77.60228981,"latitude":28.2211879,"authority":"YEIDA","category":"industrial","execution_stage":"allotted"}},{"type":"Feature","geometry":{"type":"Polygon","coordinates":[[[77.60382,28.221964],[77.60382,28.22219],[77.603698,28.22219],[77.603698,28.221965],[77.60382,28.221964]]]},"properties":{"objectid":2602,"uniqueplotid":"PLNGINDUSTRIAL2602","plotmap_id":"SECTOR-32_125_GENERAL INDUSTRY_IND","plotidentificationnumber":"125","plotno":"125","industrysector":"SECTOR-32","block":"GENERAL INDUSTRY","plotsize":"300 SQMT","plotsize_at_the_time_of_allotme":"300 SQMT","plot_size_as_per_lease_plan":300,"landuse_type":"INDUSTRIAL","landuse_subcategory":"INDUSTRIAL","scheme_cod":"IND06","investment":3,"employment":9,"plotstatus":"Allotted","landallotementstatus":"SOLD","landallotementtype":"ALLOTTED","allotmentid":"YIND061164","allotment_date":1574361000000,"rate_of_allotment":6670,"lease_deed":"Y","possession":"Y","possession_date":1677522600000,"map_sanctioned_from_planning":"Y","units_under_production":"Y","village_name":"Muradgarhi","khasra_no":"492,491","longitude":77.60375894,"latitude":28.222077350000003,"authority":"YEIDA","category":"industrial","execution_stage":"functional-evidence"}},{"type":"Feature","geometry":{"type":"Polygon","coordinates":[[[77.603697,28.221739],[77.603698,28.221965],[77.603575,28.221965],[77.603575,28.22174],[77.603697,28.221739]]]},"properties":{"objectid":2604,"uniqueplotid":"PLNGINDUSTRIAL2604","plotmap_id":"SECTOR-32_229_GENERAL INDUSTRY_IND","plotidentificationnumber":"229","plotno":"229","industrysector":"SECTOR-32","block":"GENERAL INDUSTRY","plotsize":"300 SQMT","plotsize_at_the_time_of_allotme":"300 SQMT","plot_size_as_per_lease_plan":300,"landuse_type":"INDUSTRIAL","landuse_subcategory":"INDUSTRIAL","scheme_cod":"IND06","investment":3,"employment":9,"plotstatus":"Allotted","landallotementstatus":"SOLD","landallotementtype":"ALLOTTED","allotmentid":"YIND061121","allotment_date":1574361000000,"rate_of_allotment":6670,"lease_deed":"Y","possession":"Y","possession_date":1654367400000,"map_sanctioned_from_planning":"Y","units_under_construction":"Y","village_name":"Muradgarhi","khasra_no":"492","longitude":77.60363606,"latitude":28.22185216,"authority":"YEIDA","category":"industrial","execution_stage":"construction-or-map-approval"}},{"type":"Feature","geometry":{"type":"Polygon","coordinates":[[[77.603084,28.221073],[77.603084,28.221299],[77.602962,28.221299],[77.602962,28.221074],[77.603084,28.221073]]]},"properties":{"objectid":2610,"uniqueplotid":"PLNGINDUSTRIAL2610","plotmap_id":"SECTOR-32_370_GENERAL INDUSTRY_IND","plotidentificationnumber":"370","plotno":"370","industrysector":"SECTOR-32","block":"GENERAL INDUSTRY","plotsize":"300 SQMT","plotsize_at_the_time_of_allotme":"300 SQMT","plot_size_as_per_lease_plan":300,"landuse_type":"INDUSTRIAL","landuse_subcategory":"INDUSTRIAL","scheme_cod":"IND06","investment":3,"employment":9,"plotstatus":"Allotted","landallotementstatus":"SOLD","landallotementtype":"ALLOTTED","allotmentid":"YIND061011","allotment_date":1574361000000,"rate_of_allotment":6670,"lease_deed":"Y","possession":"Y","possession_date":1684089000000,"village_name":"Muradgarhi","khasra_no":"497","longitude":77.60302302999999,"latitude":28.22118618,"authority":"YEIDA","category":"industrial","execution_stage":"possession-recorded"}},{"type":"Feature","geometry":{"type":"Polygon","coordinates":[[[77.603683,28.217284],[77.603684,28.217509],[77.603562,28.21751],[77.603561,28.217284],[77.603683,28.217284]]]},"properties":{"objectid":2613,"uniqueplotid":"PLNGINDUSTRIAL2613","plotmap_id":"SECTOR-32_915_GENERAL INDUSTRY_IND","plotidentificationnumber":"915","plotno":"915","industrysector":"SECTOR-32","block":"GENERAL INDUSTRY","plotsize":"300 SQMT","plotsize_at_the_time_of_allotme":"300 SQMT","plot_size_as_per_lease_plan":300,"landuse_type":"INDUSTRIAL","landuse_subcategory":"INDUSTRIAL","scheme_cod":"IND06","investment":3,"employment":9,"plotstatus":"Allotted","landallotementstatus":"SOLD","landallotementtype":"ALLOTTED","allotmentid":"YIND061135","allotment_date":1574361000000,"rate_of_allotment":6670,"lease_deed":"Y","possession":"Y","possession_date":1679509800000,"village_name":"Muradgarhi","khasra_no":"568,563,569","longitude":77.60362265,"latitude":28.217396630000003,"authority":"YEIDA","category":"industrial","execution_stage":"possession-recorded"}},{"type":"Feature","geometry":{"type":"Polygon","coordinates":[[[77.605163,28.221736],[77.605164,28.221961],[77.605042,28.221962],[77.605041,28.221736],[77.605163,28.221736]]]},"properties":{"objectid":2614,"uniqueplotid":"PLNGINDUSTRIAL2614","plotmap_id":"SECTOR-32_217_GENERAL INDUSTRY_IND","plotidentificationnumber":"217","plotno":"217","industrysector":"SECTOR-32","block":"GENERAL INDUSTRY","plotsize":"300 SQMT","plotsize_at_the_time_of_allotme":"300 SQMT","landuse_type":"INDUSTRIAL","landuse_subcategory":"INDUSTRIAL","scheme_cod":"IND02","investment":5,"employment":18,"plotstatus":"Allotted","landallotementstatus":"SOLD","landallotementtype":"ALLOTTED","allotmentid":"YIND021278","allotment_date":1442255400000,"rate_of_allotment":6100,"lease_deed":"Y","possession":"Y","possession_date":1653244200000,"village_name":"Muradgarhi,Chakbirampur","khasra_no":"85,490","longitude":77.60510251,"latitude":28.22184872,"authority":"YEIDA","category":"industrial","execution_stage":"possession-recorded"}},{"type":"Feature","geometry":{"type":"Polygon","coordinates":[[[77.604024,28.218708],[77.604025,28.218979],[77.603872,28.218979],[77.603871,28.218708],[77.604024,28.218708]]]},"properties":{"objectid":2618,"uniqueplotid":"PLNGINDUSTRIAL2618","plotmap_id":"SECTOR-32_672_GENERAL INDUSTRY_IND","plotidentificationnumber":"672","plotno":"672","industrysector":"SECTOR-32","block":"GENERAL INDUSTRY","plotsize":"450 SQMT","plotsize_at_the_time_of_allotme":"450 SQMT","plot_size_as_per_lease_plan":450,"landuse_type":"INDUSTRIAL","landuse_subcategory":"INDUSTRIAL","scheme_cod":"IND12","investment":90,"employment":120,"plot_total_employment":"120","plotstatus":"Allotted","landallotementstatus":"SOLD","landallotementtype":"ALLOTTED","allotmentid":"YIND120035","allotment_date":1701109800000,"rate_of_allotment":13542,"lease_deed":"Y","village_name":"Chakbirampur","khasra_no":"137","longitude":77.6039478,"latitude":28.21884349,"authority":"YEIDA","category":"industrial","execution_stage":"lease-recorded"}},{"type":"Feature","geometry":{"type":"Polygon","coordinates":[[[77.603929,28.217509],[77.603929,28.217734],[77.603807,28.217734],[77.603806,28.217509],[77.603929,28.217509]]]},"properties":{"objectid":2620,"uniqueplotid":"PLNGINDUSTRIAL2620","plotmap_id":"SECTOR-32_812_GENERAL INDUSTRY_IND","plotidentificationnumber":"812","plotno":"812","industrysector":"SECTOR-32","block":"GENERAL INDUSTRY","plotsize":"300 SQMT","plotsize_at_the_time_of_allotme":"300 SQMT","landuse_type":"INDUSTRIAL","landuse_subcategory":"INDUSTRIAL","scheme_cod":"IND02","investment":5,"employment":18,"plotstatus":"Allotted","landallotementstatus":"SOLD","landallotementtype":"ALLOTTED","allotmentid":"YIND021280","allotment_date":1442255400000,"rate_of_allotment":6100,"lease_deed":"N","possession":"N","village_name":"Muradgarhi,Chakbirampur","khasra_no":"137,563","longitude":77.60386774000001,"latitude":28.21762154,"authority":"YEIDA","category":"industrial","execution_stage":"allotted"}},{"type":"Feature","geometry":{"type":"Polygon","coordinates":[[[77.601986,28.221743],[77.601987,28.221969],[77.601864,28.221969],[77.601864,28.221744],[77.601986,28.221743]]]},"properties":{"objectid":2627,"uniqueplotid":"PLNGINDUSTRIAL2627","plotmap_id":"SECTOR-32_243_GENERAL INDUSTRY_IND","plotidentificationnumber":"243","plotno":"243","industrysector":"SECTOR-32","block":"GENERAL INDUSTRY","plotsize":"300 SQMT","plotsize_at_the_time_of_allotme":"300 SQMT","plot_size_as_per_lease_plan":300,"landuse_type":"INDUSTRIAL","landuse_subcategory":"INDUSTRIAL","scheme_cod":"IND06","investment":3,"employment":9,"plotstatus":"Allotted","landallotementstatus":"SOLD","landallotementtype":"ALLOTTED","allotmentid":"YIND061142","allotment_date":1574361000000,"rate_of_allotment":6670,"lease_deed":"Y","possession":"Y","possession_date":1712860200000,"village_name":"Muradgarhi","khasra_no":"480,493,496,510,481,506","longitude":77.6019252,"latitude":28.221856180000003,"authority":"YEIDA","category":"industrial","execution_stage":"possession-recorded"}},{"type":"Feature","geometry":{"type":"Polygon","coordinates":[[[77.605151,28.217506],[77.605151,28.217731],[77.605029,28.217732],[77.605028,28.217506],[77.605151,28.217506]]]},"properties":{"objectid":2628,"uniqueplotid":"PLNGINDUSTRIAL2628","plotmap_id":"SECTOR-32_822_GENERAL INDUSTRY_IND","plotidentificationnumber":"822","plotno":"822","industrysector":"SECTOR-32","block":"GENERAL INDUSTRY","plotsize":"300 SQMT","plotsize_at_the_time_of_allotme":"300 SQMT","plot_size_as_per_lease_plan":302.4,"landuse_type":"INDUSTRIAL","landuse_subcategory":"INDUSTRIAL","scheme_cod":"IND05","investment":5,"employment":18,"plotstatus":"Allotted","landallotementstatus":"SOLD","landallotementtype":"ALLOTTED","allotmentid":"YIND051010","allotment_date":1542565800000,"rate_of_allotment":6405,"lease_deed":"Y","possession":"Y","possession_date":1698604200000,"map_sanctioned_from_planning":"Y","village_name":"Chakbirampur","khasra_no":"134,135,136","longitude":77.60508978,"latitude":28.21761867,"authority":"YEIDA","category":"industrial","execution_stage":"construction-or-map-approval"}},{"type":"Feature","geometry":{"type":"Polygon","coordinates":[[[77.603814,28.220224],[77.603815,28.220539],[77.603642,28.22054],[77.603641,28.220224],[77.603814,28.220224]]]},"properties":{"objectid":2632,"uniqueplotid":"PLNGINDUSTRIAL2632","plotmap_id":"SECTOR-32_459_GENERAL INDUSTRY_IND","plotidentificationnumber":"459","plotno":"459","industrysector":"SECTOR-32","block":"GENERAL INDUSTRY","plotsize":"595 SQMT","plotsize_at_the_time_of_allotme":"595 SQMT","landuse_type":"INDUSTRIAL","landuse_subcategory":"INDUSTRIAL","scheme_cod":"IND04","investment":5,"employment":17,"plotstatus":"Allotted","landallotementstatus":"SOLD","landallotementtype":"ALLOTTED","allotmentid":"YIND041082","allotment_date":1546972200000,"rate_of_allotment":6405,"lease_deed":"N","possession":"N","village_name":"Muradgarhi","khasra_no":"497","longitude":77.60372838,"latitude":28.220381810000003,"authority":"YEIDA","category":"industrial","execution_stage":"allotted"}},{"type":"Feature","geometry":{"type":"Polygon","coordinates":[[[77.603804,28.216842],[77.603805,28.217067],[77.603683,28.217067],[77.603682,28.216842],[77.603804,28.216842]]]},"properties":{"objectid":2635,"uniqueplotid":"PLNGINDUSTRIAL2635","plotmap_id":"SECTOR-32_947_GENERAL INDUSTRY_IND","plotidentificationnumber":"947","plotno":"947","industrysector":"SECTOR-32","block":"GENERAL INDUSTRY","plotsize":"300 SQMT","plotsize_at_the_time_of_allotme":"300 SQMT","plot_size_as_per_lease_plan":300,"landuse_type":"INDUSTRIAL","landuse_subcategory":"INDUSTRIAL","scheme_cod":"IND02","investment":5,"employment":18,"plotstatus":"Allotted","landallotementstatus":"SOLD","landallotementtype":"ALLOTTED","allotmentid":"YIND021231","allotment_date":1442255400000,"rate_of_allotment":6100,"lease_deed":"Y","possession":"Y","possession_date":1684261800000,"map_sanctioned_from_planning":"Y","units_under_production":"Y","village_name":"Muradgarhi","khasra_no":"570,571","longitude":77.60374071,"latitude":28.21694922,"authority":"YEIDA","category":"industrial","execution_stage":"functional-evidence"}},{"type":"Feature","geometry":{"type":"Polygon","coordinates":[[[77.60479,28.219464],[77.604791,28.219734],[77.604638,28.219735],[77.604637,28.219464],[77.60479,28.219464]]]},"properties":{"objectid":2639,"uniqueplotid":"PLNGINDUSTRIAL2639","plotmap_id":"SECTOR-32_559_GENERAL INDUSTRY_IND","plotidentificationnumber":"559","plotno":"559","industrysector":"SECTOR-32","block":"GENERAL INDUSTRY","plotsize":"450 SQMT","plotsize_at_the_time_of_allotme":"450 SQMT","landuse_type":"INDUSTRIAL","landuse_subcategory":"INDUSTRIAL","scheme_cod":"IND01","investment":3,"employment":12,"plotstatus":"Allotted","landallotementstatus":"SOLD","landallotementtype":"ALLOTTED","allotmentid":"YIND010707","allotment_date":1442255400000,"rate_of_allotment":6100,"lease_deed":"Y","possession":"N","village_name":"Chakbirampur","khasra_no":"90","longitude":77.60471385,"latitude":28.21959933,"authority":"YEIDA","category":"industrial","execution_stage":"lease-recorded"}},{"type":"Feature","geometry":{"type":"Polygon","coordinates":[[[77.605095,28.219247],[77.604942,28.219247],[77.604941,28.218976],[77.605094,28.218976],[77.605095,28.219247]]]},"properties":{"objectid":2641,"uniqueplotid":"PLNGINDUSTRIAL2641","plotmap_id":"SECTOR-32_600_GENERAL INDUSTRY_IND","plotidentificationnumber":"600","plotno":"600","industrysector":"SECTOR-32","block":"GENERAL INDUSTRY","plotsize":"450 SQMT","plotsize_at_the_time_of_allotme":"450 SQMT","landuse_type":"INDUSTRIAL","landuse_subcategory":"INDUSTRIAL","scheme_cod":"IND06","investment":4,"employment":13,"plotstatus":"Allotted","landallotementstatus":"SOLD","landallotementtype":"ALLOTTED","allotmentid":"YIND061209","allotment_date":1574361000000,"rate_of_allotment":6670,"lease_deed":"Y","possession":"Y","possession_date":1648492200000,"village_name":"Chakbirampur","khasra_no":"90","longitude":77.6050179,"latitude":28.21911156,"authority":"YEIDA","category":"industrial","execution_stage":"possession-recorded"}},{"type":"Feature","geometry":{"type":"Polygon","coordinates":[[[77.604941,28.218976],[77.604942,28.219247],[77.604789,28.219247],[77.604788,28.218977],[77.604941,28.218976]]]},"properties":{"objectid":2642,"uniqueplotid":"PLNGINDUSTRIAL2642","plotmap_id":"SECTOR-32_599_GENERAL INDUSTRY_IND","plotidentificationnumber":"599","plotno":"599","industrysector":"SECTOR-32","block":"GENERAL INDUSTRY","plotsize":"450 SQMT","plotsize_at_the_time_of_allotme":"450 SQMT","plot_size_as_per_lease_plan":450,"landuse_type":"INDUSTRIAL","landuse_subcategory":"INDUSTRIAL","scheme_cod":"IND01","investment":3,"employment":12,"plotstatus":"Allotted","landallotementstatus":"SOLD","landallotementtype":"ALLOTTED","allotmentid":"YIND010542","allotment_date":1442255400000,"rate_of_allotment":6100,"lease_deed":"Y","possession":"Y","possession_date":1678732200000,"map_sanctioned_from_planning":"Y","village_name":"Chakbirampur","khasra_no":"90","longitude":77.60486514,"latitude":28.21911192,"authority":"YEIDA","category":"industrial","execution_stage":"construction-or-map-approval"}},{"type":"Feature","geometry":{"type":"Polygon","coordinates":[[[77.604308,28.221738],[77.604309,28.221963],[77.604186,28.221964],[77.604186,28.221738],[77.604308,28.221738]]]},"properties":{"objectid":2645,"uniqueplotid":"PLNGINDUSTRIAL2645","plotmap_id":"SECTOR-32_224_GENERAL INDUSTRY_IND","plotidentificationnumber":"224","plotno":"224","industrysector":"SECTOR-32","block":"GENERAL INDUSTRY","plotsize":"300 SQMT","plotsize_at_the_time_of_allotme":"300 SQMT","plot_size_as_per_lease_plan":300,"landuse_type":"INDUSTRIAL","landuse_subcategory":"INDUSTRIAL","scheme_cod":"IND02","investment":5,"employment":18,"plotstatus":"Allotted","landallotementstatus":"SOLD","landallotementtype":"ALLOTTED","allotmentid":"YIND021236","allotment_date":1442255400000,"rate_of_allotment":6100,"lease_deed":"Y","possession":"Y","possession_date":1690482600000,"map_sanctioned_from_planning":"Y","village_name":"Muradgarhi","khasra_no":"492,491","longitude":77.60424708000001,"latitude":28.221850730000003,"authority":"YEIDA","category":"industrial","execution_stage":"construction-or-map-approval"}},{"type":"Feature","geometry":{"type":"Polygon","coordinates":[[[77.601862,28.221076],[77.601862,28.221302],[77.60174,28.221302],[77.60174,28.221076],[77.601862,28.221076]]]},"properties":{"objectid":2646,"uniqueplotid":"PLNGINDUSTRIAL2646","plotmap_id":"SECTOR-32_380_GENERAL INDUSTRY_IND","plotidentificationnumber":"380","plotno":"380","industrysector":"SECTOR-32","block":"GENERAL INDUSTRY","plotsize":"300 SQMT","plotsize_at_the_time_of_allotme":"300 SQMT","landuse_type":"INDUSTRIAL","landuse_subcategory":"INDUSTRIAL","scheme_cod":"IND06","investment":3,"employment":9,"plotstatus":"Allotted","landallotementstatus":"SOLD","landallotementtype":"ALLOTTED","allotmentid":"YIND061176","allotment_date":1574361000000,"rate_of_allotment":6670,"lease_deed":"Y","possession":"N","village_name":"Muradgarhi","khasra_no":"498,496","longitude":77.60180611,"latitude":28.22119843,"authority":"YEIDA","category":"industrial","execution_stage":"lease-recorded"}},{"type":"Feature","geometry":{"type":"Polygon","coordinates":[[[77.605249,28.219733],[77.60525,28.220004],[77.605097,28.220004],[77.605096,28.219734],[77.605249,28.219733]]]},"properties":{"objectid":2651,"uniqueplotid":"PLNGINDUSTRIAL2651","plotmap_id":"SECTOR-32_493_GENERAL INDUSTRY_IND","plotidentificationnumber":"493","plotno":"493","industrysector":"SECTOR-32","block":"GENERAL INDUSTRY","plotsize":"450 SQMT","plotsize_at_the_time_of_allotme":"450 SQMT","landuse_type":"INDUSTRIAL","landuse_subcategory":"INDUSTRIAL","scheme_cod":"IND01","investment":3,"employment":12,"plotstatus":"Allotted","landallotementstatus":"SOLD","landallotementtype":"ALLOTTED","allotmentid":"YIND010528","allotment_date":1442255400000,"rate_of_allotment":6100,"lease_deed":"Y","possession":"Y","possession_date":1714674600000,"village_name":"Chakbirampur","khasra_no":"89","longitude":77.60517293,"latitude":28.21986883,"authority":"YEIDA","category":"industrial","execution_stage":"possession-recorded"}},{"type":"Feature","geometry":{"type":"Polygon","coordinates":[[[77.604943,28.219463],[77.604943,28.219734],[77.604791,28.219734],[77.60479,28.219464],[77.604943,28.219463]]]},"properties":{"objectid":2656,"uniqueplotid":"PLNGINDUSTRIAL2656","plotmap_id":"SECTOR-32_558_GENERAL INDUSTRY_IND","plotidentificationnumber":"558","plotno":"558","industrysector":"SECTOR-32","block":"GENERAL INDUSTRY","plotsize":"450 SQMT","plotsize_at_the_time_of_allotme":"450 SQMT","plot_size_as_per_lease_plan":450,"landuse_type":"INDUSTRIAL","landuse_subcategory":"INDUSTRIAL","scheme_cod":"IND01","investment":3,"employment":12,"plotstatus":"Allotted","landallotementstatus":"SOLD","landallotementtype":"ALLOTTED","allotmentid":"YIND010612","allotment_date":1442255400000,"rate_of_allotment":6100,"lease_deed":"Y","possession":"Y","possession_date":1696357800000,"map_sanctioned_from_planning":"Y","village_name":"Chakbirampur","khasra_no":"90,89","longitude":77.60486661,"latitude":28.21959897,"authority":"YEIDA","category":"industrial","execution_stage":"construction-or-map-approval"}},{"type":"Feature","geometry":{"type":"Polygon","coordinates":[[[77.603718,28.218709],[77.603719,28.218979],[77.603566,28.21898],[77.603566,28.218709],[77.603718,28.218709]]]},"properties":{"objectid":2658,"uniqueplotid":"PLNGINDUSTRIAL2658","plotmap_id":"SECTOR-32_674_GENERAL INDUSTRY_IND","plotidentificationnumber":"674","plotno":"674","industrysector":"SECTOR-32","block":"GENERAL INDUSTRY","plotsize":"450 SQMT","plotsize_at_the_time_of_allotme":"450 SQMT","landuse_type":"INDUSTRIAL","landuse_subcategory":"INDUSTRIAL","scheme_cod":"IND04","investment":4,"employment":13,"plotstatus":"Allotted","landallotementstatus":"SOLD","landallotementtype":"ALLOTTED","allotmentid":"YIND041108","allotment_date":1546972200000,"rate_of_allotment":6405,"lease_deed":"Y","possession":"N","village_name":"Muradgarhi","khasra_no":"563","longitude":77.60364228,"latitude":28.21884421,"authority":"YEIDA","category":"industrial","execution_stage":"lease-recorded"}},{"type":"Feature","geometry":{"type":"Polygon","coordinates":[[[77.602036,28.217955],[77.602036,28.218226],[77.601884,28.218226],[77.601883,28.217955],[77.602036,28.217955]]]},"properties":{"objectid":2662,"uniqueplotid":"PLNGINDUSTRIAL2662","plotmap_id":"SECTOR-32_793_GENERAL INDUSTRY_IND","plotidentificationnumber":"793","plotno":"793","industrysector":"SECTOR-32","block":"GENERAL INDUSTRY","plotsize":"450 SQMT","plotsize_at_the_time_of_allotme":"450 SQMT","plot_size_as_per_lease_plan":450,"landuse_type":"INDUSTRIAL","landuse_subcategory":"INDUSTRIAL","scheme_cod":"IND01","investment":3,"employment":12,"plotstatus":"Allotted","landallotementstatus":"SOLD","landallotementtype":"ALLOTTED","allotmentid":"YIND010546","allotment_date":1442255400000,"rate_of_allotment":6100,"lease_deed":"Y","possession":"Y","possession_date":1729017000000,"village_name":"Muradgarhi","khasra_no":"549,560,565","longitude":77.6019597,"latitude":28.21809052,"authority":"YEIDA","category":"industrial","execution_stage":"possession-recorded"}},{"type":"Feature","geometry":{"type":"Polygon","coordinates":[[[77.604335,28.220538],[77.604336,28.220854],[77.604163,28.220854],[77.604162,28.220539],[77.604335,28.220538]]]},"properties":{"objectid":2668,"uniqueplotid":"PLNGINDUSTRIAL2668","plotmap_id":"SECTOR-32_395_GENERAL INDUSTRY_IND","plotidentificationnumber":"395","plotno":"395","industrysector":"SECTOR-32","block":"GENERAL INDUSTRY","plotsize":"595 SQMT","plotsize_at_the_time_of_allotme":"595 SQMT","landuse_type":"INDUSTRIAL","landuse_subcategory":"INDUSTRIAL","scheme_cod":"IND02","investment":5,"employment":16,"plotstatus":"Allotted","landallotementstatus":"SOLD","landallotementtype":"ALLOTTED","allotmentid":"YIND021458","allotment_date":1442255400000,"rate_of_allotment":6100,"lease_deed":"N","possession":"N","village_name":"Muradgarhi","khasra_no":"497,494,495","longitude":77.6042487,"latitude":28.22069626,"authority":"YEIDA","category":"industrial","execution_stage":"allotted"}},{"type":"Feature","geometry":{"type":"Polygon","coordinates":[[[77.604552,28.221737],[77.604553,28.221963],[77.604431,28.221963],[77.60443,28.221738],[77.604552,28.221737]]]},"properties":{"objectid":2681,"uniqueplotid":"PLNGINDUSTRIAL2681","plotmap_id":"SECTOR-32_222_GENERAL INDUSTRY_IND","plotidentificationnumber":"222","plotno":"222","industrysector":"SECTOR-32","block":"GENERAL INDUSTRY","plotsize":"300 SQMT","plotsize_at_the_time_of_allotme":"300 SQMT","plot_size_as_per_lease_plan":300,"landuse_type":"INDUSTRIAL","landuse_subcategory":"INDUSTRIAL","scheme_cod":"IND04","investment":5,"employment":18,"plotstatus":"Allotted","landallotementstatus":"SOLD","landallotementtype":"ALLOTTED","allotmentid":"YIND041031","allotment_date":1546972200000,"rate_of_allotment":6405,"lease_deed":"Y","possession":"Y","possession_date":1686162600000,"village_name":"Muradgarhi","khasra_no":"491","longitude":77.60449149,"latitude":28.221850160000002,"authority":"YEIDA","category":"industrial","execution_stage":"possession-recorded"}},{"type":"Feature","geometry":{"type":"Polygon","coordinates":[[[77.602473,28.221075],[77.602473,28.2213],[77.602351,28.2213],[77.602351,28.221075],[77.602473,28.221075]]]},"properties":{"objectid":2689,"uniqueplotid":"PLNGINDUSTRIAL2689","plotmap_id":"SECTOR-32_375_GENERAL INDUSTRY_IND","plotidentificationnumber":"375","plotno":"375","industrysector":"SECTOR-32","block":"GENERAL INDUSTRY","plotsize":"300 SQMT","plotsize_at_the_time_of_allotme":"300 SQMT","landuse_type":"INDUSTRIAL","landuse_subcategory":"INDUSTRIAL","scheme_cod":"IND06","investment":3,"employment":9,"plotstatus":"Allotted","landallotementstatus":"SOLD","landallotementtype":"ALLOTTED","allotmentid":"YIND061160","allotment_date":1574361000000,"rate_of_allotment":6670,"lease_deed":"N","possession":"N","village_name":"Muradgarhi","khasra_no":"496","longitude":77.60241201000001,"latitude":28.22118761,"authority":"YEIDA","category":"industrial","execution_stage":"allotted"}},{"type":"Feature","geometry":{"type":"Polygon","coordinates":[[[77.604785,28.217949],[77.604786,28.218219],[77.604633,28.21822],[77.604633,28.217949],[77.604785,28.217949]]]},"properties":{"objectid":2690,"uniqueplotid":"PLNGINDUSTRIAL2690","plotmap_id":"SECTOR-32_775_GENERAL INDUSTRY_IND","plotidentificationnumber":"775","plotno":"775","industrysector":"SECTOR-32","block":"GENERAL INDUSTRY","plotsize":"450 SQMT","plotsize_at_the_time_of_allotme":"450 SQMT","plot_size_as_per_lease_plan":595,"landuse_type":"INDUSTRIAL","landuse_subcategory":"INDUSTRIAL","scheme_cod":"IND07","investment":3,"employment":10,"plotstatus":"Allotted","landallotementstatus":"SOLD","landallotementtype":"ALLOTTED","allotmentid":"YIND071162","allotment_date":1625077800000,"rate_of_allotment":7010,"lease_deed":"Y","possession":"N","village_name":"Chakbirampur","khasra_no":"90,135,136","longitude":77.60470928999999,"latitude":28.21808407,"authority":"YEIDA","category":"industrial","execution_stage":"lease-recorded"}},{"type":"Feature","geometry":{"type":"Polygon","coordinates":[[[77.605272,28.21728],[77.605273,28.217506],[77.605151,28.217506],[77.60515,28.21728],[77.605272,28.21728]]]},"properties":{"objectid":2693,"uniqueplotid":"PLNGINDUSTRIAL2693","plotmap_id":"SECTOR-32_902_GENERAL INDUSTRY_IND","plotidentificationnumber":"902","plotno":"902","industrysector":"SECTOR-32","block":"GENERAL INDUSTRY","plotsize":"300 SQMT","plotsize_at_the_time_of_allotme":"300 SQMT","plot_size_as_per_lease_plan":300,"landuse_type":"INDUSTRIAL","landuse_subcategory":"INDUSTRIAL","scheme_cod":"IND02","investment":5,"employment":18,"plot_total_employment":"8","plotstatus":"Allotted","landallotementstatus":"SOLD","landallotementtype":"ALLOTTED","allotmentid":"YIND021188","allotment_date":1442255400000,"rate_of_allotment":6100,"lease_deed":"Y","lease_deed_date":1748370600000,"possession":"N","village_name":"Chakbirampur","khasra_no":"145,134","longitude":77.60521131,"latitude":28.2173929,"authority":"YEIDA","category":"industrial","execution_stage":"lease-recorded"}},{"type":"Feature","geometry":{"type":"Polygon","coordinates":[[[77.602431,28.220858],[77.602258,28.220859],[77.602257,28.220543],[77.60243,28.220543],[77.602431,28.220858]]]},"properties":{"objectid":2699,"uniqueplotid":"PLNGINDUSTRIAL2699","plotmap_id":"SECTOR-32_384_GENERAL INDUSTRY_IND","plotidentificationnumber":"384","plotno":"384","industrysector":"SECTOR-32","block":"GENERAL INDUSTRY","plotsize":"595 SQMT","plotsize_at_the_time_of_allotme":"595 SQMT","landuse_type":"INDUSTRIAL","landuse_subcategory":"INDUSTRIAL","scheme_cod":"IND06","investment":5,"employment":17,"plotstatus":"Allotted","landallotementstatus":"SOLD","landallotementtype":"ALLOTTED","allotmentid":"YIND061360","allotment_date":1574361000000,"rate_of_allotment":6670,"lease_deed":"Y","possession":"Y","possession_date":1705343400000,"village_name":"Muradgarhi","khasra_no":"499,498,496,497","longitude":77.60234435,"latitude":28.22070073,"authority":"YEIDA","category":"industrial","execution_stage":"possession-recorded"}},{"type":"Feature","geometry":{"type":"Polygon","coordinates":[[[77.60311,28.219738],[77.603111,28.220009],[77.602958,28.220009],[77.602958,28.219739],[77.60311,28.219738]]]},"properties":{"objectid":2706,"uniqueplotid":"PLNGINDUSTRIAL2706","plotmap_id":"SECTOR-32_479_GENERAL INDUSTRY_IND","plotidentificationnumber":"479","plotno":"479","industrysector":"SECTOR-32","block":"GENERAL INDUSTRY","plotsize":"450 SQMT","plotsize_at_the_time_of_allotme":"450 SQMT","landuse_type":"INDUSTRIAL","landuse_subcategory":"INDUSTRIAL","scheme_cod":"IND06","investment":4,"employment":13,"plotstatus":"Allotted","landallotementstatus":"SOLD","landallotementtype":"ALLOTTED","allotmentid":"YIND061242","allotment_date":1574361000000,"rate_of_allotment":6670,"lease_deed":"N","possession":"N","village_name":"Muradgarhi","khasra_no":"499","longitude":77.60303436,"latitude":28.219873839999998,"authority":"YEIDA","category":"industrial","execution_stage":"allotted"}},{"type":"Feature","geometry":{"type":"Polygon","coordinates":[[[77.605273,28.217506],[77.605273,28.217731],[77.605151,28.217731],[77.605151,28.217506],[77.605273,28.217506]]]},"properties":{"objectid":2707,"uniqueplotid":"PLNGINDUSTRIAL2707","plotmap_id":"SECTOR-32_823_GENERAL INDUSTRY_IND","plotidentificationnumber":"823","plotno":"823","industrysector":"SECTOR-32","block":"GENERAL INDUSTRY","plotsize":"300 SQMT","plotsize_at_the_time_of_allotme":"300 SQMT","plot_size_as_per_lease_plan":303,"landuse_type":"INDUSTRIAL","landuse_subcategory":"INDUSTRIAL","scheme_cod":"IND02","investment":5,"employment":18,"plotstatus":"Allotted","landallotementstatus":"SOLD","landallotementtype":"ALLOTTED","allotmentid":"YIND021038","allotment_date":1442255400000,"rate_of_allotment":6100,"lease_deed":"Y","possession":"Y","possession_date":1684953000000,"map_sanctioned_from_planning":"Y","village_name":"Chakbirampur","khasra_no":"134,135","longitude":77.60521197999999,"latitude":28.217618390000002,"authority":"YEIDA","category":"industrial","execution_stage":"construction-or-map-approval"}},{"type":"Feature","geometry":{"type":"Polygon","coordinates":[[[77.601987,28.222194],[77.601865,28.222195],[77.601864,28.221969],[77.601987,28.221969],[77.601987,28.222194]]]},"properties":{"objectid":2715,"uniqueplotid":"PLNGINDUSTRIAL2715","plotmap_id":"SECTOR-32_110_GENERAL INDUSTRY_IND","plotidentificationnumber":"110","plotno":"110","industrysector":"SECTOR-32","block":"GENERAL INDUSTRY","plotsize":"300 SQMT","plotsize_at_the_time_of_allotme":"300 SQMT","plot_size_as_per_lease_plan":300,"landuse_type":"INDUSTRIAL","landuse_subcategory":"INDUSTRIAL","scheme_cod":"IND05","investment":5,"employment":18,"plotstatus":"Allotted","landallotementstatus":"SOLD","landallotementtype":"ALLOTTED","allotmentid":"YIND051016","allotment_date":1542565800000,"rate_of_allotment":6405,"lease_deed":"Y","possession":"N","village_name":"Muradgarhi","khasra_no":"480,510,481,506","longitude":77.60192588,"latitude":28.22208165,"authority":"YEIDA","category":"industrial","execution_stage":"lease-recorded"}},{"type":"Feature","geometry":{"type":"Polygon","coordinates":[[[77.601973,28.217288],[77.601973,28.217513],[77.601851,28.217514],[77.60185,28.217288],[77.601973,28.217288]]]},"properties":{"objectid":2719,"uniqueplotid":"PLNGINDUSTRIAL2719","plotmap_id":"SECTOR-32_929_GENERAL INDUSTRY_IND","plotidentificationnumber":"929","plotno":"929","industrysector":"SECTOR-32","block":"GENERAL INDUSTRY","plotsize":"300 SQMT","plotsize_at_the_time_of_allotme":"300 SQMT","plot_size_as_per_lease_plan":300,"landuse_type":"INDUSTRIAL","landuse_subcategory":"INDUSTRIAL","scheme_cod":"IND02","investment":5,"employment":18,"plotstatus":"Allotted","landallotementstatus":"SOLD","landallotementtype":"ALLOTTED","allotmentid":"YIND021057","allotment_date":1442255400000,"rate_of_allotment":6100,"lease_deed":"Y","possession":"Y","possession_date":1694716200000,"village_name":"Muradgarhi","khasra_no":"565","longitude":77.6019118,"latitude":28.21740064,"authority":"YEIDA","category":"industrial","execution_stage":"possession-recorded"}},{"type":"Feature","geometry":{"type":"Polygon","coordinates":[[[77.604021,28.21795],[77.604022,28.218221],[77.60387,28.218221],[77.603869,28.217951],[77.604021,28.21795]]]},"properties":{"objectid":2720,"uniqueplotid":"PLNGINDUSTRIAL2720","plotmap_id":"SECTOR-32_780_GENERAL INDUSTRY_IND","plotidentificationnumber":"780","plotno":"780","industrysector":"SECTOR-32","block":"GENERAL INDUSTRY","plotsize":"450 SQMT","plotsize_at_the_time_of_allotme":"450 SQMT","landuse_type":"INDUSTRIAL","landuse_subcategory":"INDUSTRIAL","scheme_cod":"YEA/IND-LOP(2021)-10","investment":3,"employment":10,"plot_total_employment":"MAYUR VIHAR PHASE -3, VASUNDHRA ENCLAVE","projects_cost_in_lacs":82,"plotstatus":"Allotted","landallotementstatus":"SOLD","landallotementtype":"ALLOTTED","allotmentid":"YIND100033","allotment_date":1650565800000,"rate_of_allotment":7010,"lease_deed":"N","possession":"N","village_name":"Chakbirampur","khasra_no":"137","longitude":77.60394552,"latitude":28.21808586,"authority":"YEIDA","category":"industrial","execution_stage":"allotted"}},{"type":"Feature","geometry":{"type":"Polygon","coordinates":[[[77.602828,28.217286],[77.602829,28.217511],[77.602706,28.217512],[77.602706,28.217286],[77.602828,28.217286]]]},"properties":{"objectid":2725,"uniqueplotid":"PLNGINDUSTRIAL2725","plotmap_id":"SECTOR-32_922_GENERAL INDUSTRY_IND","plotidentificationnumber":"922","plotno":"922","industrysector":"SECTOR-32","block":"GENERAL INDUSTRY","plotsize":"300 SQMT","plotsize_at_the_time_of_allotme":"300 SQMT","plot_size_as_per_lease_plan":300,"landuse_type":"INDUSTRIAL","landuse_subcategory":"INDUSTRIAL","scheme_cod":"IND02","investment":5,"employment":18,"plotstatus":"Allotted","landallotementstatus":"SOLD","landallotementtype":"ALLOTTED","allotmentid":"YIND021141","allotment_date":1442255400000,"rate_of_allotment":6100,"lease_deed":"Y","possession":"Y","possession_date":1672684200000,"village_name":"Muradgarhi","khasra_no":"565","longitude":77.60276722,"latitude":28.217398640000003,"authority":"YEIDA","category":"industrial","execution_stage":"possession-recorded"}},{"type":"Feature","geometry":{"type":"Polygon","coordinates":[[[77.603328,28.221073],[77.603329,28.221298],[77.603207,28.221298],[77.603206,28.221073],[77.603328,28.221073]]]},"properties":{"objectid":2726,"uniqueplotid":"PLNGINDUSTRIAL2726","plotmap_id":"SECTOR-32_368_GENERAL INDUSTRY_IND","plotidentificationnumber":"368","plotno":"368","industrysector":"SECTOR-32","block":"GENERAL INDUSTRY","plotsize":"300 SQMT","plotsize_at_the_time_of_allotme":"300 SQMT","plot_size_as_per_lease_plan":300,"landuse_type":"INDUSTRIAL","landuse_subcategory":"INDUSTRIAL","scheme_cod":"IND06","investment":3,"employment":9,"plotstatus":"Allotted","landallotementstatus":"SOLD","landallotementtype":"ALLOTTED","allotmentid":"YIND061179","allotment_date":1574361000000,"rate_of_allotment":6670,"lease_deed":"Y","possession":"N","village_name":"Muradgarhi","khasra_no":"497,494,495","longitude":77.60326744,"latitude":28.22118561,"authority":"YEIDA","category":"industrial","execution_stage":"lease-recorded"}},{"type":"Feature","geometry":{"type":"Polygon","coordinates":[[[77.604791,28.219734],[77.604791,28.220005],[77.604639,28.220005],[77.604638,28.219735],[77.604791,28.219734]]]},"properties":{"objectid":2728,"uniqueplotid":"PLNGINDUSTRIAL2728","plotmap_id":"SECTOR-32_490_GENERAL INDUSTRY_IND","plotidentificationnumber":"490","plotno":"490","industrysector":"SECTOR-32","block":"GENERAL INDUSTRY","plotsize":"450 SQMT","plotsize_at_the_time_of_allotme":"450 SQMT","landuse_type":"INDUSTRIAL","landuse_subcategory":"INDUSTRIAL","scheme_cod":"IND01","investment":3,"employment":12,"plotstatus":"Allotted","landallotementstatus":"SOLD","landallotementtype":"ALLOTTED","allotmentid":"YIND010710","allotment_date":1442255400000,"rate_of_allotment":6100,"lease_deed":"Y","possession":"Y","possession_date":1658860200000,"map_sanctioned_from_planning":"Y","units_under_construction":"Y","village_name":"Chakbirampur","khasra_no":"90,89","longitude":77.60471466999999,"latitude":28.2198699,"authority":"YEIDA","category":"industrial","execution_stage":"construction-or-map-approval"}},{"type":"Feature","geometry":{"type":"Polygon","coordinates":[[[77.602777,28.220542],[77.602778,28.220858],[77.602605,28.220858],[77.602604,28.220542],[77.602777,28.220542]]]},"properties":{"objectid":2729,"uniqueplotid":"PLNGINDUSTRIAL2729","plotmap_id":"SECTOR-32_386_GENERAL INDUSTRY_IND","plotidentificationnumber":"386","plotno":"386","industrysector":"SECTOR-32","block":"GENERAL INDUSTRY","plotsize":"595 SQMT","plotsize_at_the_time_of_allotme":"595 SQMT","plot_size_as_per_lease_plan":595,"landuse_type":"INDUSTRIAL","landuse_subcategory":"INDUSTRIAL","scheme_cod":"IND06","investment":5,"employment":17,"plotstatus":"Allotted","landallotementstatus":"SOLD","landallotementtype":"ALLOTTED","allotmentid":"YIND061306","allotment_date":1574361000000,"rate_of_allotment":6670,"lease_deed":"Y","possession":"Y","possession_date":1715365800000,"village_name":"Muradgarhi","khasra_no":"498,497","longitude":77.60269059999999,"latitude":28.22069992,"authority":"YEIDA","category":"industrial","execution_stage":"possession-recorded"}},{"type":"Feature","geometry":{"type":"Polygon","coordinates":[[[77.605161,28.221068],[77.605162,28.221294],[77.60504,28.221294],[77.605039,28.221069],[77.605161,28.221068]]]},"properties":{"objectid":2733,"uniqueplotid":"PLNGINDUSTRIAL2733","plotmap_id":"SECTOR-32_353_GENERAL INDUSTRY_IND","plotidentificationnumber":"353","plotno":"353","industrysector":"SECTOR-32","block":"GENERAL INDUSTRY","plotsize":"300 SQMT","plotsize_at_the_time_of_allotme":"300 SQMT","plot_size_as_per_lease_plan":300,"landuse_type":"INDUSTRIAL","landuse_subcategory":"INDUSTRIAL","scheme_cod":"IND04","investment":5,"employment":18,"plotstatus":"Allotted","landallotementstatus":"SOLD","landallotementtype":"ALLOTTED","allotmentid":"YIND041009","allotment_date":1546972200000,"rate_of_allotment":6405,"lease_deed":"Y","possession":"N","village_name":"Chakbirampur","khasra_no":"85,86","longitude":77.60510049999999,"latitude":28.22118131,"authority":"YEIDA","category":"industrial","execution_stage":"lease-recorded"}},{"type":"Feature","geometry":{"type":"Polygon","coordinates":[[[77.605394,28.21728],[77.605395,28.217505],[77.605273,28.217506],[77.605272,28.21728],[77.605394,28.21728]]]},"properties":{"objectid":2734,"uniqueplotid":"PLNGINDUSTRIAL2734","plotmap_id":"SECTOR-32_901_GENERAL INDUSTRY_IND","plotidentificationnumber":"901","plotno":"901","industrysector":"SECTOR-32","block":"GENERAL INDUSTRY","plotsize":"300 SQMT","plotsize_at_the_time_of_allotme":"300 SQMT","plot_size_as_per_lease_plan":300,"landuse_type":"INDUSTRIAL","landuse_subcategory":"INDUSTRIAL","scheme_cod":"IND02","investment":5,"employment":18,"plotstatus":"Allotted","landallotementstatus":"SOLD","landallotementtype":"ALLOTTED","allotmentid":"YIND021147","allotment_date":1442255400000,"rate_of_allotment":6100,"lease_deed":"Y","possession":"Y","possession_date":1679250600000,"village_name":"Chakbirampur","khasra_no":"145,134","longitude":77.60533351,"latitude":28.21739261,"authority":"YEIDA","category":"industrial","execution_stage":"possession-recorded"}},{"type":"Feature","geometry":{"type":"Polygon","coordinates":[[[77.602958,28.219739],[77.602958,28.220009],[77.602806,28.22001],[77.602805,28.219739],[77.602958,28.219739]]]},"properties":{"objectid":2735,"uniqueplotid":"PLNGINDUSTRIAL2735","plotmap_id":"SECTOR-32_478_GENERAL INDUSTRY_IND","plotidentificationnumber":"478","plotno":"478","industrysector":"SECTOR-32","block":"GENERAL INDUSTRY","plotsize":"450 SQMT","plotsize_at_the_time_of_allotme":"450 SQMT","landuse_type":"INDUSTRIAL","landuse_subcategory":"INDUSTRIAL","scheme_cod":"IND06","investment":4,"employment":13,"plotstatus":"Allotted","landallotementstatus":"SOLD","landallotementtype":"ALLOTTED","allotmentid":"YIND061185","allotment_date":1574361000000,"rate_of_allotment":6670,"lease_deed":"N","possession":"N","village_name":"Muradgarhi","khasra_no":"499","longitude":77.6028816,"latitude":28.2198742,"authority":"YEIDA","category":"industrial","execution_stage":"allotted"}},{"type":"Feature","geometry":{"type":"Polygon","coordinates":[[[77.601972,28.217071],[77.60185,28.217072],[77.601849,28.216846],[77.601971,28.216846],[77.601972,28.217071]]]},"properties":{"objectid":2739,"uniqueplotid":"PLNGINDUSTRIAL2739","plotmap_id":"SECTOR-32_932_GENERAL INDUSTRY_IND","plotidentificationnumber":"932","plotno":"932","industrysector":"SECTOR-32","block":"GENERAL INDUSTRY","plotsize":"300 SQMT","plotsize_at_the_time_of_allotme":"300 SQMT","landuse_type":"INDUSTRIAL","landuse_subcategory":"INDUSTRIAL","scheme_cod":"IND06","investment":3,"employment":9,"plotstatus":"Allotted","landallotementstatus":"SOLD","landallotementtype":"ALLOTTED","allotmentid":"YIND061170","allotment_date":1574361000000,"rate_of_allotment":6670,"lease_deed":"Y","possession":"Y","possession_date":1708453800000,"map_sanctioned_from_planning":"Y","village_name":"Muradgarhi","khasra_no":"573,565","longitude":77.60191047,"latitude":28.2169587,"authority":"YEIDA","category":"industrial","execution_stage":"construction-or-map-approval"}},{"type":"Feature","geometry":{"type":"Polygon","coordinates":[[[77.604186,28.221738],[77.604186,28.221964],[77.604064,28.221964],[77.604063,28.221738],[77.604186,28.221738]]]},"properties":{"objectid":2743,"uniqueplotid":"PLNGINDUSTRIAL2743","plotmap_id":"SECTOR-32_225_GENERAL INDUSTRY_IND","plotidentificationnumber":"225","plotno":"225","industrysector":"SECTOR-32","block":"GENERAL INDUSTRY","plotsize":"300 SQMT","plotsize_at_the_time_of_allotme":"300 SQMT","plot_size_as_per_lease_plan":300,"landuse_type":"INDUSTRIAL","landuse_subcategory":"INDUSTRIAL","scheme_cod":"IND02","investment":5,"employment":18,"plotstatus":"Allotted","landallotementstatus":"SOLD","landallotementtype":"ALLOTTED","allotmentid":"YIND021017","allotment_date":1442255400000,"rate_of_allotment":6100,"lease_deed":"Y","possession":"N","village_name":"Muradgarhi","khasra_no":"492,491","longitude":77.60412488,"latitude":28.221851020000003,"authority":"YEIDA","category":"industrial","execution_stage":"lease-recorded"}},{"type":"Feature","geometry":{"type":"Polygon","coordinates":[[[77.605402,28.219733],[77.605402,28.220004],[77.60525,28.220004],[77.605249,28.219733],[77.605402,28.219733]]]},"properties":{"objectid":2751,"uniqueplotid":"PLNGINDUSTRIAL2751","plotmap_id":"SECTOR-32_494_GENERAL INDUSTRY_IND","plotidentificationnumber":"494","plotno":"494","industrysector":"SECTOR-32","block":"GENERAL INDUSTRY","plotsize":"450 SQMT","plotsize_at_the_time_of_allotme":"450 SQMT","landuse_type":"INDUSTRIAL","landuse_subcategory":"INDUSTRIAL","scheme_cod":"IND01","investment":3,"employment":12,"plotstatus":"Allotted","landallotementstatus":"SOLD","landallotementtype":"ALLOTTED","allotmentid":"YIND010696","allotment_date":1442255400000,"rate_of_allotment":6100,"lease_deed":"Y","possession":"Y","possession_date":1707330600000,"village_name":"Chakbirampur","khasra_no":"89","longitude":77.60532569,"latitude":28.219868469999998,"authority":"YEIDA","category":"industrial","execution_stage":"possession-recorded"}},{"type":"Feature","geometry":{"type":"Polygon","coordinates":[[[77.601489,28.219219],[77.601489,28.219354],[77.601184,28.219355],[77.601184,28.21922],[77.601489,28.219219]]]},"properties":{"objectid":2753,"uniqueplotid":"PLNGINDUSTRIAL2753","plotmap_id":"SECTOR-32_91_GENERAL INDUSTRY_IND","plotidentificationnumber":"91","plotno":"91","industrysector":"SECTOR-32","block":"GENERAL INDUSTRY","plotsize":"450 SQMT","plotsize_at_the_time_of_allotme":"450 SQMT","landuse_type":"INDUSTRIAL","landuse_subcategory":"INDUSTRIAL","scheme_cod":"IND04","investment":4,"employment":13,"plotstatus":"Allotted","landallotementstatus":"SOLD","landallotementtype":"ALLOTTED","allotmentid":"YIND041044","allotment_date":1546972200000,"rate_of_allotment":6405,"lease_deed":"N","possession":"N","village_name":"Muradgarhi","khasra_no":"549,548","longitude":77.60133644999999,"latitude":28.21928706,"authority":"YEIDA","category":"industrial","execution_stage":"allotted"}},{"type":"Feature","geometry":{"type":"Polygon","coordinates":[[[77.605026,28.216839],[77.605027,28.217064],[77.604905,28.217064],[77.604904,28.216839],[77.605026,28.216839]]]},"properties":{"objectid":2761,"uniqueplotid":"PLNGINDUSTRIAL2761","plotmap_id":"SECTOR-32_957_GENERAL INDUSTRY_IND","plotidentificationnumber":"957","plotno":"957","industrysector":"SECTOR-32","block":"GENERAL INDUSTRY","plotsize":"300 SQMT","plotsize_at_the_time_of_allotme":"300 SQMT","landuse_type":"INDUSTRIAL","landuse_subcategory":"INDUSTRIAL","scheme_cod":"IND02","investment":5,"employment":18,"plotstatus":"Allotted","landallotementstatus":"SOLD","landallotementtype":"ALLOTTED","allotmentid":"YIND021194","allotment_date":1442255400000,"rate_of_allotment":6100,"lease_deed":"Y","possession":"Y","possession_date":1655145000000,"map_sanctioned_from_planning":"Y","units_under_production":"Y","village_name":"Chakbirampur","khasra_no":"143,142","longitude":77.60496557,"latitude":28.21695152,"authority":"YEIDA","category":"industrial","execution_stage":"functional-evidence"}},{"type":"Feature","geometry":{"type":"Polygon","coordinates":[[[77.602108,28.221743],[77.602109,28.221968],[77.601987,28.221969],[77.601986,28.221743],[77.602108,28.221743]]]},"properties":{"objectid":2769,"uniqueplotid":"PLNGINDUSTRIAL2769","plotmap_id":"SECTOR-32_242_GENERAL INDUSTRY_IND","plotidentificationnumber":"242","plotno":"242","industrysector":"SECTOR-32","block":"GENERAL INDUSTRY","plotsize":"300 SQMT","plotsize_at_the_time_of_allotme":"300 SQMT","plot_size_as_per_lease_plan":300,"landuse_type":"INDUSTRIAL","landuse_subcategory":"INDUSTRIAL","scheme_cod":"IND06","investment":3,"employment":9,"plotstatus":"Allotted","landallotementstatus":"SOLD","landallotementtype":"ALLOTTED","allotmentid":"YIND061143","allotment_date":1574361000000,"rate_of_allotment":6670,"lease_deed":"Y","possession":"Y","possession_date":1718217000000,"map_sanctioned_from_planning":"Y","village_name":"Muradgarhi","khasra_no":"493,496,481","longitude":77.60204741,"latitude":28.22185589,"authority":"YEIDA","category":"industrial","execution_stage":"construction-or-map-approval"}},{"type":"Feature","geometry":{"type":"Polygon","coordinates":[[[77.604673,28.221295],[77.604674,28.221521],[77.604552,28.221521],[77.604551,28.221295],[77.604673,28.221295]]]},"properties":{"objectid":2774,"uniqueplotid":"PLNGINDUSTRIAL2774","plotmap_id":"SECTOR-32_268_GENERAL INDUSTRY_IND","plotidentificationnumber":"268","plotno":"268","industrysector":"SECTOR-32","block":"GENERAL INDUSTRY","plotsize":"300 SQMT","plotsize_at_the_time_of_allotme":"300 SQMT","plot_size_as_per_lease_plan":300,"landuse_type":"INDUSTRIAL","landuse_subcategory":"INDUSTRIAL","scheme_cod":"IND02","investment":5,"employment":18,"plotstatus":"Allotted","landallotementstatus":"SOLD","landallotementtype":"ALLOTTED","allotmentid":"YIND021156","allotment_date":1442255400000,"rate_of_allotment":6100,"lease_deed":"Y","possession":"Y","possession_date":1692642600000,"map_sanctioned_from_planning":"Y","units_under_construction":"Y","village_name":"Muradgarhi","khasra_no":"492","longitude":77.60461236,"latitude":28.221407929999998,"authority":"YEIDA","category":"industrial","execution_stage":"construction-or-map-approval"}},{"type":"Feature","geometry":{"type":"Polygon","coordinates":[[[77.602789,28.222409],[77.60279,28.22295],[77.602485,28.222951],[77.602483,28.22241],[77.602789,28.222409]]]},"properties":{"objectid":2778,"uniqueplotid":"PLNGINDUSTRIAL2778","plotmap_id":"SECTOR-32_18_GENERAL INDUSTRY_IND","plotidentificationnumber":"18","plotno":"18","industrysector":"SECTOR-32","block":"GENERAL INDUSTRY","plotsize":"1800 SQMT","plotsize_at_the_time_of_allotme":"1800 SQMT","landuse_type":"INDUSTRIAL","landuse_subcategory":"INDUSTRIAL","scheme_cod":"IND06","investment":15,"employment":53,"plotstatus":"Allotted","landallotementstatus":"SOLD","landallotementtype":"ALLOTTED","allotmentid":"YIND061469","allotment_date":1574361000000,"rate_of_allotment":6670,"lease_deed":"Y","possession":"N","village_name":"Muradgarhi","khasra_no":"479,480,493,491,481,485","longitude":77.60263667999999,"latitude":28.22267976,"authority":"YEIDA","category":"industrial","execution_stage":"lease-recorded"}},{"type":"Feature","geometry":{"type":"Polygon","coordinates":[[[77.605028,28.217281],[77.605028,28.217506],[77.604906,28.217506],[77.604905,28.217281],[77.605028,28.217281]]]},"properties":{"objectid":2779,"uniqueplotid":"PLNGINDUSTRIAL2779","plotmap_id":"SECTOR-32_904_GENERAL INDUSTRY_IND","plotidentificationnumber":"904","plotno":"904","industrysector":"SECTOR-32","block":"GENERAL INDUSTRY","plotsize":"300 SQMT","plotsize_at_the_time_of_allotme":"300 SQMT","landuse_type":"INDUSTRIAL","landuse_subcategory":"INDUSTRIAL","scheme_cod":"IND02","investment":5,"employment":18,"plotstatus":"Allotted","landallotementstatus":"SOLD","landallotementtype":"ALLOTTED","allotmentid":"YIND021033","allotment_date":1442255400000,"rate_of_allotment":6100,"lease_deed":"Y","possession":"N","village_name":"Chakbirampur","khasra_no":"145,134,142","longitude":77.6049669,"latitude":28.21739347,"authority":"YEIDA","category":"industrial","execution_stage":"lease-recorded"}},{"type":"Feature","geometry":{"type":"Polygon","coordinates":[[[77.601493,28.220843],[77.601493,28.220978],[77.601189,28.220979],[77.601189,28.220843],[77.601493,28.220843]]]},"properties":{"objectid":2781,"uniqueplotid":"PLNGINDUSTRIAL2781","plotmap_id":"SECTOR-32_103_GENERAL INDUSTRY_IND","plotidentificationnumber":"103","plotno":"103","industrysector":"SECTOR-32","block":"GENERAL INDUSTRY","plotsize":"450 SQMT","plotsize_at_the_time_of_allotme":"450 SQMT","landuse_type":"INDUSTRIAL","landuse_subcategory":"INDUSTRIAL","scheme_cod":"IND07","investment":3,"employment":10,"plotstatus":"Allotted","landallotementstatus":"SOLD","landallotementtype":"ALLOTTED","allotmentid":"YIND071126","allotment_date":1625077800000,"rate_of_allotment":7010,"lease_deed":"N","possession":"N","village_name":"Muradgarhi","khasra_no":"499,505","longitude":77.60134092,"latitude":28.22091053,"authority":"YEIDA","category":"industrial","execution_stage":"allotted"}},{"type":"Feature","geometry":{"type":"Polygon","coordinates":[[[77.602583,28.21707],[77.602461,28.21707],[77.60246,28.216845],[77.602582,28.216844],[77.602583,28.21707]]]},"properties":{"objectid":2782,"uniqueplotid":"PLNGINDUSTRIAL2782","plotmap_id":"SECTOR-32_937_GENERAL INDUSTRY_IND","plotidentificationnumber":"937","plotno":"937","industrysector":"SECTOR-32","block":"GENERAL INDUSTRY","plotsize":"300 SQMT","plotsize_at_the_time_of_allotme":"300 SQMT","landuse_type":"INDUSTRIAL","landuse_subcategory":"INDUSTRIAL","scheme_cod":"IND06","investment":3,"employment":9,"plotstatus":"Allotted","landallotementstatus":"SOLD","landallotementtype":"ALLOTTED","allotmentid":"YIND061157","allotment_date":1574361000000,"rate_of_allotment":6670,"lease_deed":"Y","possession":"Y","possession_date":1659465000000,"village_name":"Muradgarhi","khasra_no":"565,567","longitude":77.60252149,"latitude":28.216957259999997,"authority":"YEIDA","category":"industrial","execution_stage":"possession-recorded"}},{"type":"Feature","geometry":{"type":"Polygon","coordinates":[[[77.604334,28.220223],[77.604335,28.220538],[77.604162,28.220539],[77.604161,28.220223],[77.604334,28.220223]]]},"properties":{"objectid":2783,"uniqueplotid":"PLNGINDUSTRIAL2783","plotmap_id":"SECTOR-32_456_GENERAL INDUSTRY_IND","plotidentificationnumber":"456","plotno":"456","industrysector":"SECTOR-32","block":"GENERAL INDUSTRY","plotsize":"595 SQMT","plotsize_at_the_time_of_allotme":"595 SQMT","landuse_type":"INDUSTRIAL","landuse_subcategory":"INDUSTRIAL","scheme_cod":"IND02","investment":5,"employment":16,"plotstatus":"Allotted","landallotementstatus":"SOLD","landallotementtype":"ALLOTTED","allotmentid":"YIND021421","allotment_date":1442255400000,"rate_of_allotment":6100,"lease_deed":"Y","possession":"Y","possession_date":1709231400000,"village_name":"Muradgarhi,Chakbirampur","khasra_no":"86,497","longitude":77.60424775,"latitude":28.22038059,"authority":"YEIDA","category":"industrial","execution_stage":"possession-recorded"}},{"type":"Feature","geometry":{"type":"Polygon","coordinates":[[[77.604917,28.221069],[77.604918,28.221294],[77.604795,28.221295],[77.604795,28.221069],[77.604917,28.221069]]]},"properties":{"objectid":2784,"uniqueplotid":"PLNGINDUSTRIAL2784","plotmap_id":"SECTOR-32_355_GENERAL INDUSTRY_IND","plotidentificationnumber":"355","plotno":"355","industrysector":"SECTOR-32","block":"GENERAL INDUSTRY","plotsize":"300 SQMT","plotsize_at_the_time_of_allotme":"300 SQMT","landuse_type":"INDUSTRIAL","landuse_subcategory":"INDUSTRIAL","scheme_cod":"IND02","investment":5,"employment":18,"plotstatus":"Allotted","landallotementstatus":"SOLD","landallotementtype":"ALLOTTED","allotmentid":"YIND021163","allotment_date":1442255400000,"rate_of_allotment":6100,"lease_deed":"Y","possession":"Y","possession_date":1700937000000,"village_name":"Muradgarhi,Chakbirampur","khasra_no":"86,492","longitude":77.60485609,"latitude":28.22118188,"authority":"YEIDA","category":"industrial","execution_stage":"possession-recorded"}},{"type":"Feature","geometry":{"type":"Polygon","coordinates":[[[77.604309,28.221963],[77.604309,28.222189],[77.604187,28.222189],[77.604186,28.221964],[77.604309,28.221963]]]},"properties":{"objectid":2785,"uniqueplotid":"PLNGINDUSTRIAL2785","plotmap_id":"SECTOR-32_129_GENERAL INDUSTRY_IND","plotidentificationnumber":"129","plotno":"129","industrysector":"SECTOR-32","block":"GENERAL INDUSTRY","plotsize":"300 SQMT","plotsize_at_the_time_of_allotme":"300 SQMT","landuse_type":"INDUSTRIAL","landuse_subcategory":"INDUSTRIAL","scheme_cod":"IND06","investment":3,"employment":9,"plotstatus":"Allotted","landallotementstatus":"SOLD","landallotementtype":"ALLOTTED","allotmentid":"YIND061021","allotment_date":1574361000000,"rate_of_allotment":6670,"lease_deed":"Y","possession":"Y","possession_date":1644085800000,"village_name":"Muradgarhi","khasra_no":"490,491","longitude":77.60424776,"latitude":28.2220762,"authority":"YEIDA","category":"industrial","execution_stage":"possession-recorded"}},{"type":"Feature","geometry":{"type":"Polygon","coordinates":[[[77.605395,28.217505],[77.605396,28.217731],[77.605273,28.217731],[77.605273,28.217506],[77.605395,28.217505]]]},"properties":{"objectid":2795,"uniqueplotid":"PLNGINDUSTRIAL2795","plotmap_id":"SECTOR-32_824_GENERAL INDUSTRY_IND","plotidentificationnumber":"824","plotno":"824","industrysector":"SECTOR-32","block":"GENERAL INDUSTRY","plotsize":"300 SQMT","plotsize_at_the_time_of_allotme":"300 SQMT","plot_size_as_per_lease_plan":303,"landuse_type":"INDUSTRIAL","landuse_subcategory":"INDUSTRIAL","scheme_cod":"IND02","investment":5,"employment":18,"plotstatus":"Allotted","landallotementstatus":"SOLD","landallotementtype":"ALLOTTED","allotmentid":"YIND021195","allotment_date":1442255400000,"rate_of_allotment":6100,"lease_deed":"Y","possession":"Y","possession_date":1688581800000,"village_name":"Chakbirampur","khasra_no":"134","longitude":77.60533419,"latitude":28.2176181,"authority":"YEIDA","category":"industrial","execution_stage":"possession-recorded"}},{"type":"Feature","geometry":{"type":"Polygon","coordinates":[[[77.602649,28.218711],[77.60265,28.218982],[77.602497,28.218982],[77.602496,28.218712],[77.602649,28.218711]]]},"properties":{"objectid":2802,"uniqueplotid":"PLNGINDUSTRIAL2802","plotmap_id":"SECTOR-32_681_GENERAL INDUSTRY_IND","plotidentificationnumber":"681","plotno":"681","industrysector":"SECTOR-32","block":"GENERAL INDUSTRY","plotsize":"450 SQMT","plotsize_at_the_time_of_allotme":"450 SQMT","landuse_type":"INDUSTRIAL","landuse_subcategory":"INDUSTRIAL","scheme_cod":"IND07","investment":3,"employment":10,"plotstatus":"Allotted","landallotementstatus":"SOLD","landallotementtype":"ALLOTTED","allotmentid":"YIND071218","allotment_date":1625077800000,"rate_of_allotment":7010,"lease_deed":"Y","possession":"Y","possession_date":1650825000000,"village_name":"Muradgarhi","khasra_no":"549,501,560","longitude":77.602573,"latitude":28.218846720000002,"authority":"YEIDA","category":"industrial","execution_stage":"possession-recorded"}},{"type":"Feature","geometry":{"type":"Polygon","coordinates":[[[77.604507,28.220222],[77.604508,28.220538],[77.604335,28.220538],[77.604334,28.220223],[77.604507,28.220222]]]},"properties":{"objectid":2806,"uniqueplotid":"PLNGINDUSTRIAL2806","plotmap_id":"SECTOR-32_455_GENERAL INDUSTRY_IND","plotidentificationnumber":"455","plotno":"455","industrysector":"SECTOR-32","block":"GENERAL INDUSTRY","plotsize":"595 SQMT","plotsize_at_the_time_of_allotme":"595 SQMT","landuse_type":"INDUSTRIAL","landuse_subcategory":"INDUSTRIAL","scheme_cod":"IND02","investment":5,"employment":16,"plotstatus":"Allotted","landallotementstatus":"SOLD","landallotementtype":"ALLOTTED","allotmentid":"YIND021430","allotment_date":1442255400000,"rate_of_allotment":6100,"lease_deed":"N","possession":"N","village_name":"Muradgarhi,Chakbirampur","khasra_no":"86,497","longitude":77.60442087,"latitude":28.220380180000003,"authority":"YEIDA","category":"industrial","execution_stage":"allotted"}},{"type":"Feature","geometry":{"type":"Polygon","coordinates":[[[77.602957,28.219468],[77.602958,28.219739],[77.602805,28.219739],[77.602804,28.219469],[77.602957,28.219468]]]},"properties":{"objectid":2807,"uniqueplotid":"PLNGINDUSTRIAL2807","plotmap_id":"SECTOR-32_571_GENERAL INDUSTRY_IND","plotidentificationnumber":"571","plotno":"571","industrysector":"SECTOR-32","block":"GENERAL INDUSTRY","plotsize":"450 SQMT","plotsize_at_the_time_of_allotme":"450 SQMT","landuse_type":"INDUSTRIAL","landuse_subcategory":"INDUSTRIAL","scheme_cod":"IND06","investment":4,"employment":13,"plotstatus":"Allotted","landallotementstatus":"SOLD","landallotementtype":"ALLOTTED","allotmentid":"YIND061259","allotment_date":1574361000000,"rate_of_allotment":6670,"lease_deed":"Y","possession":"N","village_name":"Muradgarhi","khasra_no":"499,500","longitude":77.60288079,"latitude":28.219603629999998,"authority":"YEIDA","category":"industrial","execution_stage":"lease-recorded"}},{"type":"Feature","geometry":{"type":"Polygon","coordinates":[[[77.604171,28.216841],[77.604172,28.217066],[77.604049,28.217066],[77.604049,28.216841],[77.604171,28.216841]]]},"properties":{"objectid":2816,"uniqueplotid":"PLNGINDUSTRIAL2816","plotmap_id":"SECTOR-32_950_GENERAL INDUSTRY_IND","plotidentificationnumber":"950","plotno":"950","industrysector":"SECTOR-32","block":"GENERAL INDUSTRY","plotsize":"300 SQMT","plotsize_at_the_time_of_allotme":"300 SQMT","plot_size_as_per_lease_plan":300,"landuse_type":"INDUSTRIAL","landuse_subcategory":"INDUSTRIAL","scheme_cod":"IND02","investment":5,"employment":18,"plotstatus":"Allotted","landallotementstatus":"SOLD","landallotementtype":"ALLOTTED","allotmentid":"YIND021179","allotment_date":1442255400000,"rate_of_allotment":6100,"lease_deed":"Y","possession":"N","village_name":"Chakbirampur","khasra_no":"142,138","longitude":77.60410918000001,"latitude":28.216951769999998,"authority":"YEIDA","category":"industrial","execution_stage":"lease-recorded"}},{"type":"Feature","geometry":{"type":"Polygon","coordinates":[[[77.604636,28.218977],[77.604636,28.219248],[77.604484,28.219248],[77.604483,28.218978],[77.604636,28.218977]]]},"properties":{"objectid":2818,"uniqueplotid":"PLNGINDUSTRIAL2818","plotmap_id":"SECTOR-32_597_GENERAL INDUSTRY_IND","plotidentificationnumber":"597","plotno":"597","industrysector":"SECTOR-32","block":"GENERAL INDUSTRY","plotsize":"450 SQMT","plotsize_at_the_time_of_allotme":"450 SQMT","landuse_type":"INDUSTRIAL","landuse_subcategory":"INDUSTRIAL","scheme_cod":"IND01","investment":3,"employment":12,"plotstatus":"Allotted","landallotementstatus":"SOLD","landallotementtype":"ALLOTTED","allotmentid":"YIND010550","allotment_date":1442255400000,"rate_of_allotment":6100,"lease_deed":"Y","possession":"Y","possession_date":1667586600000,"map_sanctioned_from_planning":"Y","units_under_production":"Y","village_name":"Chakbirampur","khasra_no":"90","longitude":77.60455963,"latitude":28.219112640000002,"authority":"YEIDA","category":"industrial","execution_stage":"functional-evidence"}},{"type":"Feature","geometry":{"type":"Polygon","coordinates":[[[77.602347,28.21974],[77.602347,28.220011],[77.602195,28.220011],[77.602194,28.219741],[77.602347,28.21974]]]},"properties":{"objectid":2823,"uniqueplotid":"PLNGINDUSTRIAL2823","plotmap_id":"SECTOR-32_474_GENERAL INDUSTRY_IND","plotidentificationnumber":"474","plotno":"474","industrysector":"SECTOR-32","block":"GENERAL INDUSTRY","plotsize":"450 SQMT","plotsize_at_the_time_of_allotme":"450 SQMT","landuse_type":"INDUSTRIAL","landuse_subcategory":"INDUSTRIAL","scheme_cod":"IND06","investment":4,"employment":13,"plotstatus":"Allotted","landallotementstatus":"SOLD","landallotementtype":"ALLOTTED","allotmentid":"YIND061220","allotment_date":1574361000000,"rate_of_allotment":6670,"lease_deed":"Y","possession":"Y","possession_date":1657650600000,"map_sanctioned_from_planning":"Y","units_under_construction":"Y","village_name":"Muradgarhi","khasra_no":"499,500","longitude":77.60227058,"latitude":28.21987563,"authority":"YEIDA","category":"industrial","execution_stage":"construction-or-map-approval"}},{"type":"Feature","geometry":{"type":"Polygon","coordinates":[[[77.604332,28.219736],[77.604333,28.220006],[77.60418,28.220006],[77.60418,28.219736],[77.604332,28.219736]]]},"properties":{"objectid":2830,"uniqueplotid":"PLNGINDUSTRIAL2830","plotmap_id":"SECTOR-32_487_GENERAL INDUSTRY_IND","plotidentificationnumber":"487","plotno":"487","industrysector":"SECTOR-32","block":"GENERAL INDUSTRY","plotsize":"450 SQMT","plotsize_at_the_time_of_allotme":"450 SQMT","landuse_type":"INDUSTRIAL","landuse_subcategory":"INDUSTRIAL","scheme_cod":"IND04","investment":4,"employment":13,"plotstatus":"Allotted","landallotementstatus":"SOLD","landallotementtype":"ALLOTTED","allotmentid":"YIND041072","allotment_date":1546972200000,"rate_of_allotment":6405,"lease_deed":"N","possession":"N","village_name":"Chakbirampur","khasra_no":"90,87,86","longitude":77.60425640000001,"latitude":28.21987098,"authority":"YEIDA","category":"industrial","execution_stage":"allotted"}},{"type":"Feature","geometry":{"type":"Polygon","coordinates":[[[77.602188,28.217955],[77.602189,28.218225],[77.602036,28.218226],[77.602036,28.217955],[77.602188,28.217955]]]},"properties":{"objectid":2834,"uniqueplotid":"PLNGINDUSTRIAL2834","plotmap_id":"SECTOR-32_792_GENERAL INDUSTRY_IND","plotidentificationnumber":"792","plotno":"792","industrysector":"SECTOR-32","block":"GENERAL INDUSTRY","plotsize":"450 SQMT","plotsize_at_the_time_of_allotme":"450 SQMT","plot_size_as_per_lease_plan":450,"landuse_type":"INDUSTRIAL","landuse_subcategory":"INDUSTRIAL","scheme_cod":"IND01","investment":3,"employment":12,"plotstatus":"Allotted","landallotementstatus":"SOLD","landallotementtype":"ALLOTTED","allotmentid":"YIND010529","allotment_date":1442255400000,"rate_of_allotment":6100,"lease_deed":"Y","possession":"N","village_name":"Muradgarhi","khasra_no":"560,565","longitude":77.60211245,"latitude":28.21809016,"authority":"YEIDA","category":"industrial","execution_stage":"lease-recorded"}},{"type":"Feature","geometry":{"type":"Polygon","coordinates":[[[77.601487,28.218678],[77.601487,28.218813],[77.601183,28.218814],[77.601182,28.218679],[77.601487,28.218678]]]},"properties":{"objectid":2836,"uniqueplotid":"PLNGINDUSTRIAL2836","plotmap_id":"SECTOR-32_87_GENERAL INDUSTRY_IND","plotidentificationnumber":"87","plotno":"87","industrysector":"SECTOR-32","block":"GENERAL INDUSTRY","plotsize":"450 SQMT","plotsize_at_the_time_of_allotme":"450 SQMT","landuse_type":"INDUSTRIAL","landuse_subcategory":"INDUSTRIAL","scheme_cod":"IND01","investment":3,"employment":12,"plotstatus":"Allotted","landallotementstatus":"SOLD","landallotementtype":"ALLOTTED","allotmentid":"YIND010562","allotment_date":1442255400000,"rate_of_allotment":6100,"lease_deed":"N","possession":"Y","possession_date":-1434691800000,"village_name":"Muradgarhi","khasra_no":"549","longitude":77.60133495999999,"latitude":28.2187459,"authority":"YEIDA","category":"industrial","execution_stage":"possession-recorded"}},{"type":"Feature","geometry":{"type":"Polygon","coordinates":[[[77.602964,28.221741],[77.602964,28.221966],[77.602842,28.221967],[77.602841,28.221741],[77.602964,28.221741]]]},"properties":{"objectid":2838,"uniqueplotid":"PLNGINDUSTRIAL2838","plotmap_id":"SECTOR-32_235_GENERAL INDUSTRY_IND","plotidentificationnumber":"235","plotno":"235","industrysector":"SECTOR-32","block":"GENERAL INDUSTRY","plotsize":"300 SQMT","plotsize_at_the_time_of_allotme":"300 SQMT","plot_size_as_per_lease_plan":300,"landuse_type":"INDUSTRIAL","landuse_subcategory":"INDUSTRIAL","scheme_cod":"IND04","investment":5,"employment":18,"plotstatus":"Allotted","landallotementstatus":"SOLD","landallotementtype":"ALLOTTED","allotmentid":"YIND041003","allotment_date":1546972200000,"rate_of_allotment":6405,"lease_deed":"Y","possession":"Y","possession_date":1684175400000,"village_name":"Muradgarhi","khasra_no":"492,494","longitude":77.60290284,"latitude":28.22185388,"authority":"YEIDA","category":"industrial","execution_stage":"possession-recorded"}},{"type":"Feature","geometry":{"type":"Polygon","coordinates":[[[77.60341,28.217952],[77.603411,28.218222],[77.603259,28.218223],[77.603258,28.217952],[77.60341,28.217952]]]},"properties":{"objectid":2842,"uniqueplotid":"PLNGINDUSTRIAL2842","plotmap_id":"SECTOR-32_784_GENERAL INDUSTRY_IND","plotidentificationnumber":"784","plotno":"784","industrysector":"SECTOR-32","block":"GENERAL INDUSTRY","plotsize":"450 SQMT","plotsize_at_the_time_of_allotme":"450 SQMT","landuse_type":"INDUSTRIAL","landuse_subcategory":"INDUSTRIAL","scheme_cod":"IND04","investment":4,"employment":13,"plotstatus":"Allotted","landallotementstatus":"SOLD","landallotementtype":"ALLOTTED","allotmentid":"YIND041068","allotment_date":1546972200000,"rate_of_allotment":6405,"lease_deed":"N","possession":"N","village_name":"Muradgarhi","khasra_no":"563,566,565","longitude":77.6033345,"latitude":28.2180873,"authority":"YEIDA","category":"industrial","execution_stage":"allotted"}},{"type":"Feature","geometry":{"type":"Polygon","coordinates":[[[77.602603,28.220227],[77.602604,28.220542],[77.60243,28.220543],[77.602429,28.220227],[77.602603,28.220227]]]},"properties":{"objectid":2852,"uniqueplotid":"PLNGINDUSTRIAL2852","plotmap_id":"SECTOR-32_466_GENERAL INDUSTRY_IND","plotidentificationnumber":"466","plotno":"466","industrysector":"SECTOR-32","block":"GENERAL INDUSTRY","plotsize":"595 SQMT","plotsize_at_the_time_of_allotme":"595 SQMT","landuse_type":"INDUSTRIAL","landuse_subcategory":"INDUSTRIAL","scheme_cod":"IND06","investment":5,"employment":17,"plotstatus":"Allotted","landallotementstatus":"SOLD","landallotementtype":"ALLOTTED","allotmentid":"YIND061369","allotment_date":1574361000000,"rate_of_allotment":6670,"lease_deed":"N","possession":"N","village_name":"Muradgarhi","khasra_no":"499,498","longitude":77.60251652000001,"latitude":28.220384650000003,"authority":"YEIDA","category":"industrial","execution_stage":"allotted"}},{"type":"Feature","geometry":{"type":"Polygon","coordinates":[[[77.605248,28.219463],[77.605249,28.219733],[77.605096,28.219734],[77.605095,28.219463],[77.605248,28.219463]]]},"properties":{"objectid":2855,"uniqueplotid":"PLNGINDUSTRIAL2855","plotmap_id":"SECTOR-32_556_GENERAL INDUSTRY_IND","plotidentificationnumber":"556","plotno":"556","industrysector":"SECTOR-32","block":"GENERAL INDUSTRY","plotsize":"450 SQMT","plotsize_at_the_time_of_allotme":"450 SQMT","landuse_type":"INDUSTRIAL","landuse_subcategory":"INDUSTRIAL","scheme_cod":"IND01","investment":3,"employment":12,"plotstatus":"Allotted","landallotementstatus":"SOLD","landallotementtype":"ALLOTTED","allotmentid":"YIND010668","allotment_date":1442255400000,"rate_of_allotment":6100,"lease_deed":"Y","possession":"N","village_name":"Chakbirampur","khasra_no":"90,89","longitude":77.60517211999999,"latitude":28.21959825,"authority":"YEIDA","category":"industrial","execution_stage":"lease-recorded"}},{"type":"Feature","geometry":{"type":"Polygon","coordinates":[[[77.605095,28.219463],[77.605096,28.219734],[77.604943,28.219734],[77.604943,28.219463],[77.605095,28.219463]]]},"properties":{"objectid":2856,"uniqueplotid":"PLNGINDUSTRIAL2856","plotmap_id":"SECTOR-32_557_GENERAL INDUSTRY_IND","plotidentificationnumber":"557","plotno":"557","industrysector":"SECTOR-32","block":"GENERAL INDUSTRY","plotsize":"450 SQMT","plotsize_at_the_time_of_allotme":"450 SQMT","landuse_type":"INDUSTRIAL","landuse_subcategory":"INDUSTRIAL","scheme_cod":"IND05","investment":4,"employment":13,"plotstatus":"Allotted","landallotementstatus":"SOLD","landallotementtype":"ALLOTTED","allotmentid":"YIND051042","allotment_date":1542565800000,"rate_of_allotment":6405,"lease_deed":"Y","possession":"Y","possession_date":1696444200000,"village_name":"Chakbirampur","khasra_no":"90,89","longitude":77.60501936,"latitude":28.21959861,"authority":"YEIDA","category":"industrial","execution_stage":"possession-recorded"}},{"type":"Feature","geometry":{"type":"Polygon","coordinates":[[[77.604161,28.220223],[77.604162,28.220539],[77.603989,28.220539],[77.603988,28.220223],[77.604161,28.220223]]]},"properties":{"objectid":2859,"uniqueplotid":"PLNGINDUSTRIAL2859","plotmap_id":"SECTOR-32_457_GENERAL INDUSTRY_IND","plotidentificationnumber":"457","plotno":"457","industrysector":"SECTOR-32","block":"GENERAL INDUSTRY","plotsize":"595 SQMT","plotsize_at_the_time_of_allotme":"595 SQMT","plot_size_as_per_lease_plan":595,"landuse_type":"INDUSTRIAL","landuse_subcategory":"INDUSTRIAL","scheme_cod":"IND02","investment":5,"employment":16,"plotstatus":"Allotted","landallotementstatus":"SOLD","landallotementtype":"ALLOTTED","allotmentid":"YIND021463","allotment_date":1442255400000,"rate_of_allotment":6100,"lease_deed":"Y","possession":"Y","possession_date":1707244200000,"village_name":"Muradgarhi","khasra_no":"497","longitude":77.60407463,"latitude":28.220381000000003,"authority":"YEIDA","category":"industrial","execution_stage":"possession-recorded"}},{"type":"Feature","geometry":{"type":"Polygon","coordinates":[[[77.603297,28.220856],[77.603124,28.220857],[77.603123,28.220541],[77.603296,28.220541],[77.603297,28.220856]]]},"properties":{"objectid":2864,"uniqueplotid":"PLNGINDUSTRIAL2864","plotmap_id":"SECTOR-32_389_GENERAL INDUSTRY_IND","plotidentificationnumber":"389","plotno":"389","industrysector":"SECTOR-32","block":"GENERAL INDUSTRY","plotsize":"595 SQMT","plotsize_at_the_time_of_allotme":"595 SQMT","plot_size_as_per_lease_plan":595,"landuse_type":"INDUSTRIAL","landuse_subcategory":"INDUSTRIAL","scheme_cod":"IND05","investment":5,"employment":17,"plotstatus":"Allotted","landallotementstatus":"SOLD","landallotementtype":"ALLOTTED","allotmentid":"YIND051045","allotment_date":1542565800000,"rate_of_allotment":6405,"lease_deed":"Y","possession":"N","village_name":"Muradgarhi","khasra_no":"497","longitude":77.60320996,"latitude":28.2206987,"authority":"YEIDA","category":"industrial","execution_stage":"lease-recorded"}},{"type":"Feature","geometry":{"type":"Polygon","coordinates":[[[77.601491,28.220301],[77.601492,28.220437],[77.601188,28.220437],[77.601187,28.220302],[77.601491,28.220301]]]},"properties":{"objectid":2877,"uniqueplotid":"PLNGINDUSTRIAL2877","plotmap_id":"SECTOR-32_99_GENERAL INDUSTRY_IND","plotidentificationnumber":"99","plotno":"99","industrysector":"SECTOR-32","block":"GENERAL INDUSTRY","plotsize":"450 SQMT","plotsize_at_the_time_of_allotme":"450 SQMT","landuse_type":"INDUSTRIAL","landuse_subcategory":"INDUSTRIAL","scheme_cod":"IND07","investment":3,"employment":10,"plotstatus":"Allotted","landallotementstatus":"SOLD","landallotementtype":"ALLOTTED","allotmentid":"YIND071131","allotment_date":1625077800000,"rate_of_allotment":7010,"lease_deed":"N","possession":"N","village_name":"Muradgarhi","khasra_no":"499,500","longitude":77.60133943,"latitude":28.22036937,"authority":"YEIDA","category":"industrial","execution_stage":"allotted"}},{"type":"Feature","geometry":{"type":"Polygon","coordinates":[[[77.604184,28.221071],[77.604184,28.221296],[77.604062,28.221296],[77.604061,28.221071],[77.604184,28.221071]]]},"properties":{"objectid":2885,"uniqueplotid":"PLNGINDUSTRIAL2885","plotmap_id":"SECTOR-32_361_GENERAL INDUSTRY_IND","plotidentificationnumber":"361","plotno":"361","industrysector":"SECTOR-32","block":"GENERAL INDUSTRY","plotsize":"300 SQMT","plotsize_at_the_time_of_allotme":"300 SQMT","plot_size_as_per_lease_plan":300,"landuse_type":"INDUSTRIAL","landuse_subcategory":"INDUSTRIAL","scheme_cod":"IND02","investment":5,"employment":18,"plotstatus":"Allotted","landallotementstatus":"SOLD","landallotementtype":"ALLOTTED","allotmentid":"YIND021150","allotment_date":1442255400000,"rate_of_allotment":6100,"lease_deed":"Y","possession":"N","village_name":"Muradgarhi","khasra_no":"494","longitude":77.60412287,"latitude":28.2211836,"authority":"YEIDA","category":"industrial","execution_stage":"lease-recorded"}},{"type":"Feature","geometry":{"type":"Polygon","coordinates":[[[77.605028,28.220852],[77.604855,28.220853],[77.604854,28.220537],[77.605027,28.220537],[77.605028,28.220852]]]},"properties":{"objectid":2887,"uniqueplotid":"PLNGINDUSTRIAL2887","plotmap_id":"SECTOR-32_399_GENERAL INDUSTRY_IND","plotidentificationnumber":"399","plotno":"399","industrysector":"SECTOR-32","block":"GENERAL INDUSTRY","plotsize":"595 SQMT","plotsize_at_the_time_of_allotme":"595 SQMT","plot_size_as_per_lease_plan":595,"landuse_type":"INDUSTRIAL","landuse_subcategory":"INDUSTRIAL","scheme_cod":"IND02","investment":5,"employment":16,"plotstatus":"Allotted","landallotementstatus":"SOLD","landallotementtype":"ALLOTTED","allotmentid":"YIND021424","allotment_date":1442255400000,"rate_of_allotment":6100,"lease_deed":"Y","possession":"Y","possession_date":1682879400000,"map_sanctioned_from_planning":"Y","village_name":"Chakbirampur","khasra_no":"86","longitude":77.60494119,"latitude":28.22069464,"authority":"YEIDA","category":"industrial","execution_stage":"construction-or-map-approval"}},{"type":"Feature","geometry":{"type":"Polygon","coordinates":[[[77.603989,28.220855],[77.603816,28.220855],[77.603815,28.220539],[77.603989,28.220539],[77.603989,28.220855]]]},"properties":{"objectid":2889,"uniqueplotid":"PLNGINDUSTRIAL2889","plotmap_id":"SECTOR-32_393_GENERAL INDUSTRY_IND","plotidentificationnumber":"393","plotno":"393","industrysector":"SECTOR-32","block":"GENERAL INDUSTRY","plotsize":"595 SQMT","plotsize_at_the_time_of_allotme":"595 SQMT","landuse_type":"INDUSTRIAL","landuse_subcategory":"INDUSTRIAL","scheme_cod":"IND02","investment":5,"employment":16,"plotstatus":"Allotted","landallotementstatus":"SOLD","landallotementtype":"ALLOTTED","allotmentid":"YIND021431","allotment_date":1442255400000,"rate_of_allotment":6100,"lease_deed":"N","possession":"N","village_name":"Muradgarhi","khasra_no":"497,495","longitude":77.60390246,"latitude":28.22069708,"authority":"YEIDA","category":"industrial","execution_stage":"allotted"}},{"type":"Feature","geometry":{"type":"Polygon","coordinates":[[[77.603705,28.222407],[77.603707,28.222948],[77.603401,28.222949],[77.6034,28.222407],[77.603705,28.222407]]]},"properties":{"objectid":2893,"uniqueplotid":"PLNGINDUSTRIAL2893","plotmap_id":"SECTOR-32_21_GENERAL INDUSTRY_IND","plotidentificationnumber":"21","plotno":"21","industrysector":"SECTOR-32","block":"GENERAL INDUSTRY","plotsize":"1800 SQMT","plotsize_at_the_time_of_allotme":"1800 SQMT","landuse_type":"INDUSTRIAL","landuse_subcategory":"INDUSTRIAL","scheme_cod":"IND06","investment":15,"employment":53,"plotstatus":"Allotted","landallotementstatus":"SOLD","landallotementtype":"ALLOTTED","allotmentid":"YIND061463","allotment_date":1574361000000,"rate_of_allotment":6670,"lease_deed":"Y","possession":"Y","possession_date":1724697000000,"village_name":"Muradgarhi","khasra_no":"491,486,485","longitude":77.60355321,"latitude":28.22267761,"authority":"YEIDA","category":"industrial","execution_stage":"possession-recorded"}},{"type":"Feature","geometry":{"type":"Polygon","coordinates":[[[77.600956,28.222413],[77.600957,28.222954],[77.600652,28.222955],[77.60065,28.222414],[77.600956,28.222413]]]},"properties":{"objectid":2899,"uniqueplotid":"PLNGINDUSTRIAL2899","plotmap_id":"SECTOR-32_12_GENERAL INDUSTRY_IND","plotidentificationnumber":"12","plotno":"12","industrysector":"SECTOR-32","block":"GENERAL INDUSTRY","plotsize":"1800 SQMT","plotsize_at_the_time_of_allotme":"1800 SQMT","landuse_type":"INDUSTRIAL","landuse_subcategory":"INDUSTRIAL","scheme_cod":"IND06","investment":15,"employment":53,"plotstatus":"Allotted","landallotementstatus":"SOLD","landallotementtype":"ALLOTTED","allotmentid":"YIND061457","allotment_date":1574361000000,"rate_of_allotment":6670,"lease_deed":"N","possession":"N","village_name":"Muradgarhi","khasra_no":"479,475,510,506","longitude":77.60080362000001,"latitude":28.22268406,"authority":"YEIDA","category":"industrial","execution_stage":"allotted"}},{"type":"Feature","geometry":{"type":"Polygon","coordinates":[[[77.604939,28.218219],[77.60494,28.218489],[77.604787,28.21849],[77.604786,28.218219],[77.604939,28.218219]]]},"properties":{"objectid":2900,"uniqueplotid":"PLNGINDUSTRIAL2900","plotmap_id":"SECTOR-32_707_GENERAL INDUSTRY_IND","plotidentificationnumber":"707","plotno":"707","industrysector":"SECTOR-32","block":"GENERAL INDUSTRY","plotsize":"450 SQMT","plotsize_at_the_time_of_allotme":"450 SQMT","plot_size_as_per_lease_plan":450,"landuse_type":"INDUSTRIAL","landuse_subcategory":"INDUSTRIAL","scheme_cod":"IND07","investment":3,"employment":10,"plotstatus":"Allotted","landallotementstatus":"SOLD","landallotementtype":"ALLOTTED","allotmentid":"YIND071170","allotment_date":1625077800000,"rate_of_allotment":7010,"lease_deed":"Y","possession":"N","village_name":"Chakbirampur","khasra_no":"90,135","longitude":77.60486286,"latitude":28.21835429,"authority":"YEIDA","category":"industrial","execution_stage":"lease-recorded"}},{"type":"Feature","geometry":{"type":"Polygon","coordinates":[[[77.605244,28.217948],[77.605244,28.218218],[77.605092,28.218218],[77.605091,28.217948],[77.605244,28.217948]]]},"properties":{"objectid":2905,"uniqueplotid":"PLNGINDUSTRIAL2905","plotmap_id":"SECTOR-32_772_GENERAL INDUSTRY_IND","plotidentificationnumber":"772","plotno":"772","industrysector":"SECTOR-32","block":"GENERAL INDUSTRY","plotsize":"450 SQMT","plotsize_at_the_time_of_allotme":"450 SQMT","landuse_type":"INDUSTRIAL","landuse_subcategory":"INDUSTRIAL","scheme_cod":"YEA/IND-LOP(2021)-10","investment":3,"employment":10,"plotstatus":"Allotted","landallotementstatus":"SOLD","landallotementtype":"ALLOTTED","allotmentid":"YIND100026","allotment_date":1650565800000,"rate_of_allotment":7010,"lease_deed":"N","possession":"N","village_name":"Chakbirampur","khasra_no":"90,90/388,135","longitude":77.60516756,"latitude":28.218083,"authority":"YEIDA","category":"industrial","execution_stage":"allotted"}},{"type":"Feature","geometry":{"type":"Polygon","coordinates":[[[77.604485,28.219735],[77.604486,28.220006],[77.604333,28.220006],[77.604332,28.219736],[77.604485,28.219735]]]},"properties":{"objectid":2910,"uniqueplotid":"PLNGINDUSTRIAL2910","plotmap_id":"SECTOR-32_488_GENERAL INDUSTRY_IND","plotidentificationnumber":"488","plotno":"488","industrysector":"SECTOR-32","block":"GENERAL INDUSTRY","plotsize":"450 SQMT","plotsize_at_the_time_of_allotme":"450 SQMT","landuse_type":"INDUSTRIAL","landuse_subcategory":"INDUSTRIAL","scheme_cod":"IND01","investment":3,"employment":12,"plotstatus":"Allotted","landallotementstatus":"SOLD","landallotementtype":"ALLOTTED","allotmentid":"YIND010695","allotment_date":1442255400000,"rate_of_allotment":6100,"lease_deed":"N","possession":"N","village_name":"Chakbirampur","khasra_no":"90,87","longitude":77.60440916,"latitude":28.21987062,"authority":"YEIDA","category":"industrial","execution_stage":"allotted"}},{"type":"Feature","geometry":{"type":"Polygon","coordinates":[[[77.60204,28.21947],[77.602041,28.219741],[77.601888,28.219741],[77.601887,28.219471],[77.60204,28.21947]]]},"properties":{"objectid":2912,"uniqueplotid":"PLNGINDUSTRIAL2912","plotmap_id":"SECTOR-32_577_GENERAL INDUSTRY_IND","plotidentificationnumber":"577","plotno":"577","industrysector":"SECTOR-32","block":"GENERAL INDUSTRY","plotsize":"450 SQMT","plotsize_at_the_time_of_allotme":"450 SQMT","landuse_type":"INDUSTRIAL","landuse_subcategory":"INDUSTRIAL","scheme_cod":"IND06","investment":4,"employment":13,"plotstatus":"Allotted","landallotementstatus":"SOLD","landallotementtype":"ALLOTTED","allotmentid":"YIND061258","allotment_date":1574361000000,"rate_of_allotment":6670,"lease_deed":"Y","possession":"Y","possession_date":1653417000000,"village_name":"Muradgarhi","khasra_no":"500,501","longitude":77.60196426,"latitude":28.21960578,"authority":"YEIDA","category":"industrial","execution_stage":"possession-recorded"}},{"type":"Feature","geometry":{"type":"Polygon","coordinates":[[[77.604306,28.22107],[77.604307,28.221296],[77.604184,28.221296],[77.604184,28.221071],[77.604306,28.22107]]]},"properties":{"objectid":2918,"uniqueplotid":"PLNGINDUSTRIAL2918","plotmap_id":"SECTOR-32_360_GENERAL INDUSTRY_IND","plotidentificationnumber":"360","plotno":"360","industrysector":"SECTOR-32","block":"GENERAL INDUSTRY","plotsize":"300 SQMT","plotsize_at_the_time_of_allotme":"300 SQMT","plot_size_as_per_lease_plan":300,"landuse_type":"INDUSTRIAL","landuse_subcategory":"INDUSTRIAL","scheme_cod":"IND02","investment":5,"employment":18,"plotstatus":"Allotted","landallotementstatus":"SOLD","landallotementtype":"ALLOTTED","allotmentid":"YIND021379","allotment_date":1442255400000,"rate_of_allotment":6100,"lease_deed":"Y","possession":"N","village_name":"Muradgarhi","khasra_no":"492,494","longitude":77.60424507,"latitude":28.22118331,"authority":"YEIDA","category":"industrial","execution_stage":"lease-recorded"}},{"type":"Feature","geometry":{"type":"Polygon","coordinates":[[[77.602842,28.221967],[77.602843,28.222192],[77.602721,28.222193],[77.60272,28.221967],[77.602842,28.221967]]]},"properties":{"objectid":2919,"uniqueplotid":"PLNGINDUSTRIAL2919","plotmap_id":"SECTOR-32_117_GENERAL INDUSTRY_IND","plotidentificationnumber":"117","plotno":"117","industrysector":"SECTOR-32","block":"GENERAL INDUSTRY","plotsize":"300 SQMT","plotsize_at_the_time_of_allotme":"300 SQMT","landuse_type":"INDUSTRIAL","landuse_subcategory":"INDUSTRIAL","scheme_cod":"IND06","investment":3,"employment":9,"plotstatus":"Allotted","landallotementstatus":"SOLD","landallotementtype":"ALLOTTED","allotmentid":"YIND061004","allotment_date":1574361000000,"rate_of_allotment":6670,"lease_deed":"Y","possession":"N","village_name":"Muradgarhi","khasra_no":"492,494","longitude":77.60278131,"latitude":28.22207965,"authority":"YEIDA","category":"industrial","execution_stage":"lease-recorded"}},{"type":"Feature","geometry":{"type":"Polygon","coordinates":[[[77.605244,28.218218],[77.605245,28.218489],[77.605092,28.218489],[77.605092,28.218218],[77.605244,28.218218]]]},"properties":{"objectid":2921,"uniqueplotid":"PLNGINDUSTRIAL2921","plotmap_id":"SECTOR-32_709_GENERAL INDUSTRY_IND","plotidentificationnumber":"709","plotno":"709","industrysector":"SECTOR-32","block":"GENERAL INDUSTRY","plotsize":"450 SQMT","plotsize_at_the_time_of_allotme":"450 SQMT","landuse_type":"INDUSTRIAL","landuse_subcategory":"INDUSTRIAL","scheme_cod":"IND07","investment":3,"employment":10,"plotstatus":"Allotted","landallotementstatus":"SOLD","landallotementtype":"ALLOTTED","allotmentid":"YIND071243","allotment_date":1625077800000,"rate_of_allotment":7010,"lease_deed":"N","possession":"N","village_name":"Chakbirampur","khasra_no":"90,90/388","longitude":77.60516836999999,"latitude":28.21835358,"authority":"YEIDA","category":"industrial","execution_stage":"allotted"}},{"type":"Feature","geometry":{"type":"Polygon","coordinates":[[[77.604538,28.21684],[77.604538,28.217065],[77.604416,28.217066],[77.604415,28.21684],[77.604538,28.21684]]]},"properties":{"objectid":2929,"uniqueplotid":"PLNGINDUSTRIAL2929","plotmap_id":"SECTOR-32_953_GENERAL INDUSTRY_IND","plotidentificationnumber":"953","plotno":"953","industrysector":"SECTOR-32","block":"GENERAL INDUSTRY","plotsize":"300 SQMT","plotsize_at_the_time_of_allotme":"300 SQMT","plot_size_as_per_lease_plan":300,"landuse_type":"INDUSTRIAL","landuse_subcategory":"INDUSTRIAL","scheme_cod":"IND02","investment":5,"employment":18,"plotstatus":"Allotted","landallotementstatus":"SOLD","landallotementtype":"ALLOTTED","allotmentid":"YIND021399","allotment_date":1442255400000,"rate_of_allotment":6100,"lease_deed":"Y","possession":"Y","possession_date":-55080883800000,"village_name":"Chakbirampur","khasra_no":"142","longitude":77.60447675,"latitude":28.216952669999998,"authority":"YEIDA","category":"industrial","execution_stage":"possession-recorded"}},{"type":"Feature","geometry":{"type":"Polygon","coordinates":[[[77.600035,28.221658],[77.600037,28.222199],[77.599731,28.2222],[77.59973,28.221658],[77.600035,28.221658]]]},"properties":{"objectid":2933,"uniqueplotid":"PLNGINDUSTRIAL2933","plotmap_id":"SECTOR-32_58_GENERAL INDUSTRY_IND","plotidentificationnumber":"58","plotno":"58","industrysector":"SECTOR-32","block":"GENERAL INDUSTRY","plotsize":"1800 SQMT","plotsize_at_the_time_of_allotme":"1800 SQMT","plot_size_as_per_lease_plan":1800,"landuse_type":"INDUSTRIAL","landuse_subcategory":"INDUSTRIAL","scheme_cod":"IND01","investment":14,"employment":48,"plotstatus":"Allotted","landallotementstatus":"SOLD","landallotementtype":"ALLOTTED","allotmentid":"YIND010428","allotment_date":1388601000000,"rate_of_allotment":6050,"lease_deed":"Y","possession":"N","village_name":"Muradgarhi","khasra_no":"509,508,507,506","longitude":77.59988322,"latitude":28.221928610000003,"authority":"YEIDA","category":"industrial","execution_stage":"lease-recorded"}},{"type":"Feature","geometry":{"type":"Polygon","coordinates":[[[77.604172,28.217283],[77.604173,28.217508],[77.604051,28.217508],[77.60405,28.217283],[77.604172,28.217283]]]},"properties":{"objectid":2934,"uniqueplotid":"PLNGINDUSTRIAL2934","plotmap_id":"SECTOR-32_911_GENERAL INDUSTRY_IND","plotidentificationnumber":"911","plotno":"911","industrysector":"SECTOR-32","block":"GENERAL INDUSTRY","plotsize":"300 SQMT","plotsize_at_the_time_of_allotme":"300 SQMT","plot_size_as_per_lease_plan":300,"landuse_type":"INDUSTRIAL","landuse_subcategory":"INDUSTRIAL","scheme_cod":"IND02","investment":5,"employment":18,"plotstatus":"Allotted","landallotementstatus":"SOLD","landallotementtype":"ALLOTTED","allotmentid":"YIND021251","allotment_date":1442255400000,"rate_of_allotment":6100,"lease_deed":"Y","possession":"Y","possession_date":1684953000000,"map_sanctioned_from_planning":"Y","village_name":"Chakbirampur","khasra_no":"137","longitude":77.60411147,"latitude":28.21739548,"authority":"YEIDA","category":"industrial","execution_stage":"construction-or-map-approval"}},{"type":"Feature","geometry":{"type":"Polygon","coordinates":[[[77.603698,28.221965],[77.603698,28.22219],[77.603576,28.222191],[77.603575,28.221965],[77.603698,28.221965]]]},"properties":{"objectid":2938,"uniqueplotid":"PLNGINDUSTRIAL2938","plotmap_id":"SECTOR-32_124_GENERAL INDUSTRY_IND","plotidentificationnumber":"124","plotno":"124","industrysector":"SECTOR-32","block":"GENERAL INDUSTRY","plotsize":"300 SQMT","plotsize_at_the_time_of_allotme":"300 SQMT","landuse_type":"INDUSTRIAL","landuse_subcategory":"INDUSTRIAL","scheme_cod":"IND06","investment":3,"employment":9,"plotstatus":"Allotted","landallotementstatus":"SOLD","landallotementtype":"ALLOTTED","allotmentid":"YIND061127","allotment_date":1574361000000,"rate_of_allotment":6670,"lease_deed":"Y","possession":"N","village_name":"Muradgarhi","khasra_no":"492,491","longitude":77.60363674,"latitude":28.222077640000002,"authority":"YEIDA","category":"industrial","execution_stage":"lease-recorded"}},{"type":"Feature","geometry":{"type":"Polygon","coordinates":[[[77.602495,28.218225],[77.602496,28.218495],[77.602343,28.218495],[77.602342,28.218225],[77.602495,28.218225]]]},"properties":{"objectid":2942,"uniqueplotid":"PLNGINDUSTRIAL2942","plotmap_id":"SECTOR-32_691_GENERAL INDUSTRY_IND","plotidentificationnumber":"691","plotno":"691","industrysector":"SECTOR-32","block":"GENERAL INDUSTRY","plotsize":"450 SQMT","plotsize_at_the_time_of_allotme":"450 SQMT","landuse_type":"INDUSTRIAL","landuse_subcategory":"INDUSTRIAL","scheme_cod":"IND07","investment":3,"employment":10,"plotstatus":"Allotted","landallotementstatus":"SOLD","landallotementtype":"ALLOTTED","allotmentid":"YIND071175","allotment_date":1625164200000,"rate_of_allotment":7010,"lease_deed":"N","possession":"N","village_name":"Muradgarhi","khasra_no":"564,560,565","longitude":77.60241878000001,"latitude":28.21836003,"authority":"YEIDA","category":"industrial","execution_stage":"allotted"}},{"type":"Feature","geometry":{"type":"Polygon","coordinates":[[[77.603452,28.22174],[77.603453,28.221965],[77.603331,28.221966],[77.60333,28.22174],[77.603452,28.22174]]]},"properties":{"objectid":2948,"uniqueplotid":"PLNGINDUSTRIAL2948","plotmap_id":"SECTOR-32_231_GENERAL INDUSTRY_IND","plotidentificationnumber":"231","plotno":"231","industrysector":"SECTOR-32","block":"GENERAL INDUSTRY","plotsize":"300 SQMT","plotsize_at_the_time_of_allotme":"300 SQMT","plot_size_as_per_lease_plan":300,"landuse_type":"INDUSTRIAL","landuse_subcategory":"INDUSTRIAL","scheme_cod":"IND06","investment":3,"employment":9,"plotstatus":"Allotted","landallotementstatus":"SOLD","landallotementtype":"ALLOTTED","allotmentid":"YIND061109","allotment_date":1574361000000,"rate_of_allotment":6670,"lease_deed":"Y","possession":"Y","possession_date":1685903400000,"village_name":"Muradgarhi","khasra_no":"492,494","longitude":77.60339165,"latitude":28.221852740000003,"authority":"YEIDA","category":"industrial","execution_stage":"possession-recorded"}},{"type":"Feature","geometry":{"type":"Polygon","coordinates":[[[77.604295,28.217508],[77.604296,28.217733],[77.604174,28.217734],[77.604173,28.217508],[77.604295,28.217508]]]},"properties":{"objectid":2954,"uniqueplotid":"PLNGINDUSTRIAL2954","plotmap_id":"SECTOR-32_815_GENERAL INDUSTRY_IND","plotidentificationnumber":"815","plotno":"815","industrysector":"SECTOR-32","block":"GENERAL INDUSTRY","plotsize":"300 SQMT","plotsize_at_the_time_of_allotme":"300 SQMT","plot_size_as_per_lease_plan":300.6,"landuse_type":"INDUSTRIAL","landuse_subcategory":"INDUSTRIAL","scheme_cod":"IND03","investment":5,"employment":18,"plotstatus":"Allotted","landallotementstatus":"SOLD","landallotementtype":"ALLOTTED","allotmentid":"YIND031013","allotment_date":1483381800000,"rate_of_allotment":6405,"lease_deed":"Y","possession":"N","village_name":"Chakbirampur","khasra_no":"137","longitude":77.60423435000001,"latitude":28.21762068,"authority":"YEIDA","category":"industrial","execution_stage":"lease-recorded"}},{"type":"Feature","geometry":{"type":"Polygon","coordinates":[[[77.604675,28.221962],[77.604676,28.222188],[77.604554,28.222188],[77.604553,28.221963],[77.604675,28.221962]]]},"properties":{"objectid":2957,"uniqueplotid":"PLNGINDUSTRIAL2957","plotmap_id":"SECTOR-32_132_GENERAL INDUSTRY_IND","plotidentificationnumber":"132","plotno":"132","industrysector":"SECTOR-32","block":"GENERAL INDUSTRY","plotsize":"300 SQMT","plotsize_at_the_time_of_allotme":"300 SQMT","plot_size_as_per_lease_plan":300,"landuse_type":"INDUSTRIAL","landuse_subcategory":"INDUSTRIAL","scheme_cod":"IND06","investment":3,"employment":9,"plotstatus":"Allotted","landallotementstatus":"SOLD","landallotementtype":"ALLOTTED","allotmentid":"YIND061028","allotment_date":1574361000000,"rate_of_allotment":6670,"lease_deed":"Y","possession":"N","village_name":"Muradgarhi","khasra_no":"490,491","longitude":77.60461437000001,"latitude":28.22207534,"authority":"YEIDA","category":"industrial","execution_stage":"lease-recorded"}},{"type":"Feature","geometry":{"type":"Polygon","coordinates":[[[77.604633,28.217949],[77.604633,28.21822],[77.604481,28.21822],[77.60448,28.217949],[77.604633,28.217949]]]},"properties":{"objectid":2963,"uniqueplotid":"PLNGINDUSTRIAL2963","plotmap_id":"SECTOR-32_776_GENERAL INDUSTRY_IND","plotidentificationnumber":"776","plotno":"776","industrysector":"SECTOR-32","block":"GENERAL INDUSTRY","plotsize":"450 SQMT","plotsize_at_the_time_of_allotme":"450 SQMT","plot_size_as_per_lease_plan":450,"landuse_type":"INDUSTRIAL","landuse_subcategory":"INDUSTRIAL","scheme_cod":"YEA/IND-LOP(2021)-10","investment":3,"employment":10,"plotstatus":"Allotted","landallotementstatus":"SOLD","landallotementtype":"ALLOTTED","allotmentid":"YIND100036","allotment_date":1650565800000,"rate_of_allotment":7010,"lease_deed":"Y","possession":"N","village_name":"Chakbirampur","khasra_no":"90,136,137","longitude":77.60455654,"latitude":28.21808443,"authority":"YEIDA","category":"industrial","execution_stage":"lease-recorded"}},{"type":"Feature","geometry":{"type":"Polygon","coordinates":[[[77.605283,28.221068],[77.605284,28.221294],[77.605162,28.221294],[77.605161,28.221068],[77.605283,28.221068]]]},"properties":{"objectid":2964,"uniqueplotid":"PLNGINDUSTRIAL2964","plotmap_id":"SECTOR-32_352_GENERAL INDUSTRY_IND","plotidentificationnumber":"352","plotno":"352","industrysector":"SECTOR-32","block":"GENERAL INDUSTRY","plotsize":"300 SQMT","plotsize_at_the_time_of_allotme":"300 SQMT","plot_size_as_per_lease_plan":300,"landuse_type":"INDUSTRIAL","landuse_subcategory":"INDUSTRIAL","scheme_cod":"IND03","investment":5,"employment":18,"plotstatus":"Allotted","landallotementstatus":"SOLD","landallotementtype":"ALLOTTED","allotmentid":"YIND031001","allotment_date":1483381800000,"rate_of_allotment":6405,"lease_deed":"Y","possession":"Y","possession_date":1686767400000,"village_name":"Chakbirampur","khasra_no":"85,86","longitude":77.60522270999999,"latitude":28.22118102,"authority":"YEIDA","category":"industrial","execution_stage":"possession-recorded"}},{"type":"Feature","geometry":{"type":"Polygon","coordinates":[[[77.60223,28.221743],[77.602231,28.221968],[77.602109,28.221968],[77.602108,28.221743],[77.60223,28.221743]]]},"properties":{"objectid":2972,"uniqueplotid":"PLNGINDUSTRIAL2972","plotmap_id":"SECTOR-32_241_GENERAL INDUSTRY_IND","plotidentificationnumber":"241","plotno":"241","industrysector":"SECTOR-32","block":"GENERAL INDUSTRY","plotsize":"300 SQMT","plotsize_at_the_time_of_allotme":"300 SQMT","landuse_type":"INDUSTRIAL","landuse_subcategory":"INDUSTRIAL","scheme_cod":"IND06","investment":3,"employment":9,"plotstatus":"Allotted","landallotementstatus":"SOLD","landallotementtype":"ALLOTTED","allotmentid":"YIND061149","allotment_date":1574361000000,"rate_of_allotment":6670,"lease_deed":"Y","possession":"Y","possession_date":1668018600000,"village_name":"Muradgarhi","khasra_no":"493,496","longitude":77.60216961,"latitude":28.2218556,"authority":"YEIDA","category":"industrial","execution_stage":"possession-recorded"}},{"type":"Feature","geometry":{"type":"Polygon","coordinates":[[[77.602962,28.221299],[77.602963,28.221525],[77.602841,28.221525],[77.60284,28.221299],[77.602962,28.221299]]]},"properties":{"objectid":2973,"uniqueplotid":"PLNGINDUSTRIAL2973","plotmap_id":"SECTOR-32_254_GENERAL INDUSTRY_IND","plotidentificationnumber":"254","plotno":"254","industrysector":"SECTOR-32","block":"GENERAL INDUSTRY","plotsize":"300 SQMT","plotsize_at_the_time_of_allotme":"300 SQMT","plot_size_as_per_lease_plan":300,"landuse_type":"INDUSTRIAL","landuse_subcategory":"INDUSTRIAL","scheme_cod":"IND06","investment":3,"employment":9,"plotstatus":"Allotted","landallotementstatus":"SOLD","landallotementtype":"ALLOTTED","allotmentid":"YIND061052","allotment_date":1574361000000,"rate_of_allotment":6670,"lease_deed":"Y","possession":"Y","possession_date":1691346600000,"village_name":"Muradgarhi","khasra_no":"497,494,495","longitude":77.60290151000001,"latitude":28.22141194,"authority":"YEIDA","category":"industrial","execution_stage":"possession-recorded"}},{"type":"Feature","geometry":{"type":"Polygon","coordinates":[[[77.604483,28.218978],[77.604484,28.219248],[77.604331,28.219248],[77.60433,28.218978],[77.604483,28.218978]]]},"properties":{"objectid":2977,"uniqueplotid":"PLNGINDUSTRIAL2977","plotmap_id":"SECTOR-32_596_GENERAL INDUSTRY_IND","plotidentificationnumber":"596","plotno":"596","industrysector":"SECTOR-32","block":"GENERAL INDUSTRY","plotsize":"450 SQMT","plotsize_at_the_time_of_allotme":"450 SQMT","landuse_type":"INDUSTRIAL","landuse_subcategory":"INDUSTRIAL","scheme_cod":"IND01","investment":3,"employment":12,"plotstatus":"Allotted","landallotementstatus":"SOLD","landallotementtype":"ALLOTTED","allotmentid":"YIND010516","allotment_date":1442255400000,"rate_of_allotment":6100,"lease_deed":"Y","possession":"N","village_name":"Chakbirampur","khasra_no":"90","longitude":77.60440687,"latitude":28.219113,"authority":"YEIDA","category":"industrial","execution_stage":"lease-recorded"}},{"type":"Feature","geometry":{"type":"Polygon","coordinates":[[[77.60394,28.221297],[77.603941,28.221522],[77.603818,28.221523],[77.603818,28.221297],[77.60394,28.221297]]]},"properties":{"objectid":2978,"uniqueplotid":"PLNGINDUSTRIAL2978","plotmap_id":"SECTOR-32_262_GENERAL INDUSTRY_IND","plotidentificationnumber":"262","plotno":"262","industrysector":"SECTOR-32","block":"GENERAL INDUSTRY","plotsize":"300 SQMT","plotsize_at_the_time_of_allotme":"300 SQMT","landuse_type":"INDUSTRIAL","landuse_subcategory":"INDUSTRIAL","scheme_cod":"IND02","investment":5,"employment":18,"plotstatus":"Allotted","landallotementstatus":"SOLD","landallotementtype":"ALLOTTED","allotmentid":"YIND021193","allotment_date":1442255400000,"rate_of_allotment":6100,"lease_deed":"N","possession":"N","village_name":"Muradgarhi","khasra_no":"492,494","longitude":77.60387914,"latitude":28.22140965,"authority":"YEIDA","category":"industrial","execution_stage":"allotted"}},{"type":"Feature","geometry":{"type":"Polygon","coordinates":[[[77.603086,28.221966],[77.603087,28.222192],[77.602965,28.222192],[77.602964,28.221966],[77.603086,28.221966]]]},"properties":{"objectid":2984,"uniqueplotid":"PLNGINDUSTRIAL2984","plotmap_id":"SECTOR-32_119_GENERAL INDUSTRY_IND","plotidentificationnumber":"119","plotno":"119","industrysector":"SECTOR-32","block":"GENERAL INDUSTRY","plotsize":"300 SQMT","plotsize_at_the_time_of_allotme":"300 SQMT","landuse_type":"INDUSTRIAL","landuse_subcategory":"INDUSTRIAL","scheme_cod":"IND06","investment":3,"employment":9,"plotstatus":"Allotted","landallotementstatus":"SOLD","landallotementtype":"ALLOTTED","allotmentid":"YIND061172","allotment_date":1574361000000,"rate_of_allotment":6670,"lease_deed":"Y","possession":"Y","possession_date":1659897000000,"village_name":"Muradgarhi","khasra_no":"492","longitude":77.60302571999999,"latitude":28.222079070000003,"authority":"YEIDA","category":"industrial","execution_stage":"possession-recorded"}},{"type":"Feature","geometry":{"type":"Polygon","coordinates":[[[77.601489,28.21949],[77.60149,28.219625],[77.601185,28.219626],[77.601185,28.21949],[77.601489,28.21949]]]},"properties":{"objectid":2987,"uniqueplotid":"PLNGINDUSTRIAL2987","plotmap_id":"SECTOR-32_93_GENERAL INDUSTRY_IND","plotidentificationnumber":"93","plotno":"93","industrysector":"SECTOR-32","block":"GENERAL INDUSTRY","plotsize":"450 SQMT","plotsize_at_the_time_of_allotme":"450 SQMT","landuse_type":"INDUSTRIAL","landuse_subcategory":"INDUSTRIAL","scheme_cod":"IND07","investment":3,"employment":10,"plotstatus":"Allotted","landallotementstatus":"SOLD","landallotementtype":"ALLOTTED","allotmentid":"YIND071245","allotment_date":1625077800000,"rate_of_allotment":7010,"lease_deed":"N","possession":"N","village_name":"Muradgarhi","khasra_no":"548,501","longitude":77.60133719999999,"latitude":28.21955764,"authority":"YEIDA","category":"industrial","execution_stage":"allotted"}},{"type":"Feature","geometry":{"type":"Polygon","coordinates":[[[77.604063,28.221522],[77.603941,28.221522],[77.60394,28.221297],[77.604062,28.221296],[77.604063,28.221522]]]},"properties":{"objectid":2988,"uniqueplotid":"PLNGINDUSTRIAL2988","plotmap_id":"SECTOR-32_263_GENERAL INDUSTRY_IND","plotidentificationnumber":"263","plotno":"263","industrysector":"SECTOR-32","block":"GENERAL INDUSTRY","plotsize":"300 SQMT","plotsize_at_the_time_of_allotme":"300 SQMT","plot_size_as_per_lease_plan":300,"landuse_type":"INDUSTRIAL","landuse_subcategory":"INDUSTRIAL","scheme_cod":"IND02","investment":5,"employment":18,"plotstatus":"Allotted","landallotementstatus":"SOLD","landallotementtype":"ALLOTTED","allotmentid":"YIND021309","allotment_date":1442255400000,"rate_of_allotment":6100,"lease_deed":"Y","possession":"N","village_name":"Muradgarhi","khasra_no":"492,494","longitude":77.60400134,"latitude":28.22140936,"authority":"YEIDA","category":"industrial","execution_stage":"lease-recorded"}},{"type":"Feature","geometry":{"type":"Polygon","coordinates":[[[77.601883,28.217955],[77.601884,28.218226],[77.601731,28.218226],[77.60173,28.217956],[77.601883,28.217955]]]},"properties":{"objectid":2993,"uniqueplotid":"PLNGINDUSTRIAL2993","plotmap_id":"SECTOR-32_794_GENERAL INDUSTRY_IND","plotidentificationnumber":"794","plotno":"794","industrysector":"SECTOR-32","block":"GENERAL INDUSTRY","plotsize":"450 SQMT","plotsize_at_the_time_of_allotme":"450 SQMT","landuse_type":"INDUSTRIAL","landuse_subcategory":"INDUSTRIAL","scheme_cod":"IND01","investment":3,"employment":12,"plotstatus":"Allotted","landallotementstatus":"SOLD","landallotementtype":"ALLOTTED","allotmentid":"YIND010525","allotment_date":1442255400000,"rate_of_allotment":6100,"lease_deed":"N","possession":"N","village_name":"Muradgarhi","khasra_no":"549,560,550,565","longitude":77.60181333999999,"latitude":28.21810214,"authority":"YEIDA","category":"industrial","execution_stage":"allotted"}},{"type":"Feature","geometry":{"type":"Polygon","coordinates":[[[77.601184,28.21934],[77.601187,28.220111],[77.598805,28.220117],[77.598801,28.219346],[77.601184,28.21934]]]},"properties":{"objectid":2996,"uniqueplotid":"PLNGINDUSTRIAL2996","plotmap_id":"SECTOR-32_66_GENERAL INDUSTRY_IND","plotidentificationnumber":"66","plotno":"66","industrysector":"SECTOR-32","block":"GENERAL INDUSTRY","plotsize":"20000 SQMT","plotsize_at_the_time_of_allotme":"20000 SQMT","plot_size_as_per_lease_plan":20000,"landuse_type":"INDUSTRIAL","landuse_subcategory":"INDUSTRIAL","scheme_cod":"INDOPEN","investment":129,"employment":450,"plotstatus":"Allotted","landallotementstatus":"SOLD","landallotementtype":"ALLOTTED","allotmentid":"INDOPEN00013","allotment_date":1544725800000,"rate_of_allotment":5145,"lease_deed":"Y","possession":"Y","possession_date":1704911400000,"village_name":"Muradgarhi","khasra_no":"547,548,501,502,503,546,541,542,505","longitude":77.59997770000001,"latitude":28.21969486,"authority":"YEIDA","category":"industrial","execution_stage":"possession-recorded"}},{"type":"Feature","geometry":{"type":"Polygon","coordinates":[[[77.600952,28.221656],[77.600953,28.222197],[77.600648,28.222197],[77.600646,28.221656],[77.600952,28.221656]]]},"properties":{"objectid":3010,"uniqueplotid":"PLNGINDUSTRIAL3010","plotmap_id":"SECTOR-32_61_GENERAL INDUSTRY_IND","plotidentificationnumber":"61","plotno":"61","industrysector":"SECTOR-32","block":"GENERAL INDUSTRY","plotsize":"1800 SQMT","plotsize_at_the_time_of_allotme":"1800 SQMT","landuse_type":"INDUSTRIAL","landuse_subcategory":"INDUSTRIAL","scheme_cod":"IND01","investment":14,"employment":48,"plotstatus":"Allotted","landallotementstatus":"SOLD","landallotementtype":"ALLOTTED","allotmentid":"YIND010419","allotment_date":1388601000000,"rate_of_allotment":6050,"lease_deed":"N","possession":"N","village_name":"Muradgarhi","khasra_no":"506","longitude":77.60079975000001,"latitude":28.221926460000002,"authority":"YEIDA","category":"industrial","execution_stage":"allotted"}},{"type":"Feature","geometry":{"type":"Polygon","coordinates":[[[77.603567,28.21925],[77.603414,28.219251],[77.603414,28.21898],[77.603566,28.21898],[77.603567,28.21925]]]},"properties":{"objectid":3014,"uniqueplotid":"PLNGINDUSTRIAL3014","plotmap_id":"SECTOR-32_590_GENERAL INDUSTRY_IND","plotidentificationnumber":"590","plotno":"590","industrysector":"SECTOR-32","block":"GENERAL INDUSTRY","plotsize":"450 SQMT","plotsize_at_the_time_of_allotme":"450 SQMT","landuse_type":"INDUSTRIAL","landuse_subcategory":"INDUSTRIAL","scheme_cod":"IND06","investment":4,"employment":13,"plotstatus":"Allotted","landallotementstatus":"SOLD","landallotementtype":"ALLOTTED","allotmentid":"YIND061251","allotment_date":1574361000000,"rate_of_allotment":6670,"lease_deed":"Y","possession":"N","village_name":"Muradgarhi","khasra_no":"563,562","longitude":77.60349034,"latitude":28.21911515,"authority":"YEIDA","category":"industrial","execution_stage":"lease-recorded"}},{"type":"Feature","geometry":{"type":"Polygon","coordinates":[[[77.605401,28.219462],[77.605402,28.219733],[77.605249,28.219733],[77.605248,28.219463],[77.605401,28.219462]]]},"properties":{"objectid":3019,"uniqueplotid":"PLNGINDUSTRIAL3019","plotmap_id":"SECTOR-32_555_GENERAL INDUSTRY_IND","plotidentificationnumber":"555","plotno":"555","industrysector":"SECTOR-32","block":"GENERAL INDUSTRY","plotsize":"450 SQMT","plotsize_at_the_time_of_allotme":"450 SQMT","landuse_type":"INDUSTRIAL","landuse_subcategory":"INDUSTRIAL","scheme_cod":"IND05","investment":4,"employment":13,"plotstatus":"Allotted","landallotementstatus":"SOLD","landallotementtype":"ALLOTTED","allotmentid":"YIND051028","allotment_date":1542565800000,"rate_of_allotment":6405,"lease_deed":"Y","possession":"Y","possession_date":1664908200000,"village_name":"Chakbirampur","khasra_no":"89","longitude":77.60532487,"latitude":28.21959789,"authority":"YEIDA","category":"industrial","execution_stage":"possession-recorded"}},{"type":"Feature","geometry":{"type":"Polygon","coordinates":[[[77.60185,28.217288],[77.601851,28.217514],[77.601729,28.217514],[77.601728,28.217288],[77.60185,28.217288]]]},"properties":{"objectid":3027,"uniqueplotid":"PLNGINDUSTRIAL3027","plotmap_id":"SECTOR-32_930_GENERAL INDUSTRY_IND","plotidentificationnumber":"930","plotno":"930","industrysector":"SECTOR-32","block":"GENERAL INDUSTRY","plotsize":"300 SQMT","plotsize_at_the_time_of_allotme":"300 SQMT","plot_size_as_per_lease_plan":300,"landuse_type":"INDUSTRIAL","landuse_subcategory":"INDUSTRIAL","scheme_cod":"IND02","investment":5,"employment":18,"plotstatus":"Allotted","landallotementstatus":"SOLD","landallotementtype":"ALLOTTED","allotmentid":"YIND021378","allotment_date":1442255400000,"rate_of_allotment":6100,"lease_deed":"Y","possession":"Y","possession_date":1686853800000,"village_name":"Muradgarhi","khasra_no":"565","longitude":77.60179471,"latitude":28.21741031,"authority":"YEIDA","category":"industrial","execution_stage":"possession-recorded"}},{"type":"Feature","geometry":{"type":"Polygon","coordinates":[[[77.60234,28.217512],[77.602341,28.217738],[77.602218,28.217738],[77.602218,28.217513],[77.60234,28.217512]]]},"properties":{"objectid":3030,"uniqueplotid":"PLNGINDUSTRIAL3030","plotmap_id":"SECTOR-32_799_GENERAL INDUSTRY_IND","plotidentificationnumber":"799","plotno":"799","industrysector":"SECTOR-32","block":"GENERAL INDUSTRY","plotsize":"300 SQMT","plotsize_at_the_time_of_allotme":"300 SQMT","plot_size_as_per_lease_plan":300,"landuse_type":"INDUSTRIAL","landuse_subcategory":"INDUSTRIAL","scheme_cod":"IND04","investment":5,"employment":18,"plotstatus":"Allotted","landallotementstatus":"SOLD","landallotementtype":"ALLOTTED","allotmentid":"YIND041021","allotment_date":1546972200000,"rate_of_allotment":6405,"lease_deed":"Y","possession":"Y","possession_date":1727289000000,"village_name":"Muradgarhi","khasra_no":"565","longitude":77.60227909,"latitude":28.21762527,"authority":"YEIDA","category":"industrial","execution_stage":"possession-recorded"}},{"type":"Feature","geometry":{"type":"Polygon","coordinates":[[[77.602719,28.221742],[77.60272,28.221967],[77.602598,28.221967],[77.602597,28.221742],[77.602719,28.221742]]]},"properties":{"objectid":3040,"uniqueplotid":"PLNGINDUSTRIAL3040","plotmap_id":"SECTOR-32_237_GENERAL INDUSTRY_IND","plotidentificationnumber":"237","plotno":"237","industrysector":"SECTOR-32","block":"GENERAL INDUSTRY","plotsize":"300 SQMT","plotsize_at_the_time_of_allotme":"300 SQMT","plot_size_as_per_lease_plan":300,"landuse_type":"INDUSTRIAL","landuse_subcategory":"INDUSTRIAL","scheme_cod":"IND02","investment":5,"employment":18,"plotstatus":"Allotted","landallotementstatus":"SOLD","landallotementtype":"ALLOTTED","allotmentid":"YIND021158","allotment_date":1442255400000,"rate_of_allotment":6100,"lease_deed":"Y","possession":"N","village_name":"Muradgarhi","khasra_no":"494","longitude":77.60265842999999,"latitude":28.221854460000003,"authority":"YEIDA","category":"industrial","execution_stage":"lease-recorded"}},{"type":"Feature","geometry":{"type":"Polygon","coordinates":[[[77.602964,28.221966],[77.602965,28.222192],[77.602843,28.222192],[77.602842,28.221967],[77.602964,28.221966]]]},"properties":{"objectid":3042,"uniqueplotid":"PLNGINDUSTRIAL3042","plotmap_id":"SECTOR-32_118_GENERAL INDUSTRY_IND","plotidentificationnumber":"118","plotno":"118","industrysector":"SECTOR-32","block":"GENERAL INDUSTRY","plotsize":"300 SQMT","plotsize_at_the_time_of_allotme":"300 SQMT","landuse_type":"INDUSTRIAL","landuse_subcategory":"INDUSTRIAL","scheme_cod":"IND06","investment":3,"employment":9,"plotstatus":"Allotted","landallotementstatus":"SOLD","landallotementtype":"ALLOTTED","allotmentid":"YIND061129","allotment_date":1574361000000,"rate_of_allotment":6670,"lease_deed":"Y","possession":"Y","possession_date":1634754600000,"map_sanctioned_from_planning":"Y","village_name":"Muradgarhi","khasra_no":"492,494","longitude":77.60290352000001,"latitude":28.222079360000002,"authority":"YEIDA","category":"industrial","execution_stage":"construction-or-map-approval"}},{"type":"Feature","geometry":{"type":"Polygon","coordinates":[[[77.604904,28.216839],[77.604905,28.217064],[77.604783,28.217065],[77.604782,28.216839],[77.604904,28.216839]]]},"properties":{"objectid":3055,"uniqueplotid":"PLNGINDUSTRIAL3055","plotmap_id":"SECTOR-32_956_GENERAL INDUSTRY_IND","plotidentificationnumber":"956","plotno":"956","industrysector":"SECTOR-32","block":"GENERAL INDUSTRY","plotsize":"300 SQMT","plotsize_at_the_time_of_allotme":"300 SQMT","landuse_type":"INDUSTRIAL","landuse_subcategory":"INDUSTRIAL","scheme_cod":"IND04","investment":5,"employment":18,"plotstatus":"Allotted","landallotementstatus":"SOLD","landallotementtype":"ALLOTTED","allotmentid":"YIND041020","allotment_date":1546972200000,"rate_of_allotment":6405,"lease_deed":"Y","possession":"Y","possession_date":1658946600000,"village_name":"Chakbirampur","khasra_no":"142","longitude":77.60484336,"latitude":28.216951809999998,"authority":"YEIDA","category":"industrial","execution_stage":"possession-recorded"}},{"type":"Feature","geometry":{"type":"Polygon","coordinates":[[[77.602351,28.2213],[77.602352,28.221526],[77.60223,28.221526],[77.602229,28.221301],[77.602351,28.2213]]]},"properties":{"objectid":3056,"uniqueplotid":"PLNGINDUSTRIAL3056","plotmap_id":"SECTOR-32_249_GENERAL INDUSTRY_IND","plotidentificationnumber":"249","plotno":"249","industrysector":"SECTOR-32","block":"GENERAL INDUSTRY","plotsize":"300 SQMT","plotsize_at_the_time_of_allotme":"300 SQMT","plot_size_as_per_lease_plan":300,"landuse_type":"INDUSTRIAL","landuse_subcategory":"INDUSTRIAL","scheme_cod":"IND06","investment":3,"employment":9,"plotstatus":"Allotted","landallotementstatus":"SOLD","landallotementtype":"ALLOTTED","allotmentid":"YIND061062","allotment_date":1574361000000,"rate_of_allotment":6670,"lease_deed":"Y","possession":"Y","possession_date":1701196200000,"village_name":"Muradgarhi","khasra_no":"496","longitude":77.60229049,"latitude":28.221413379999998,"authority":"YEIDA","category":"industrial","execution_stage":"possession-recorded"}},{"type":"Feature","geometry":{"type":"Polygon","coordinates":[[[77.601889,28.220012],[77.601736,28.220012],[77.601736,28.219742],[77.601888,28.219741],[77.601889,28.220012]]]},"properties":{"objectid":3058,"uniqueplotid":"PLNGINDUSTRIAL3058","plotmap_id":"SECTOR-32_471_GENERAL INDUSTRY_IND","plotidentificationnumber":"471","plotno":"471","industrysector":"SECTOR-32","block":"GENERAL INDUSTRY","plotsize":"450 SQMT","plotsize_at_the_time_of_allotme":"450 SQMT","plot_size_as_per_lease_plan":450,"landuse_type":"INDUSTRIAL","landuse_subcategory":"INDUSTRIAL","scheme_cod":"IND01","investment":3,"employment":12,"plotstatus":"Allotted","landallotementstatus":"SOLD","landallotementtype":"ALLOTTED","allotmentid":"YIND010705","allotment_date":1442255400000,"rate_of_allotment":6100,"lease_deed":"Y","possession":"Y","possession_date":1712428200000,"village_name":"Muradgarhi","khasra_no":"500,501","longitude":77.60181444999999,"latitude":28.219880449999998,"authority":"YEIDA","category":"industrial","execution_stage":"possession-recorded"}},{"type":"Feature","geometry":{"type":"Polygon","coordinates":[[[77.604918,28.221294],[77.604918,28.22152],[77.604796,28.22152],[77.604795,28.221295],[77.604918,28.221294]]]},"properties":{"objectid":3059,"uniqueplotid":"PLNGINDUSTRIAL3059","plotmap_id":"SECTOR-32_270_GENERAL INDUSTRY_IND","plotidentificationnumber":"270","plotno":"270","industrysector":"SECTOR-32","block":"GENERAL INDUSTRY","plotsize":"300 SQMT","plotsize_at_the_time_of_allotme":"300 SQMT","landuse_type":"INDUSTRIAL","landuse_subcategory":"INDUSTRIAL","scheme_cod":"IND02","investment":5,"employment":18,"plotstatus":"Allotted","landallotementstatus":"SOLD","landallotementtype":"ALLOTTED","allotmentid":"YIND021345","allotment_date":1442255400000,"rate_of_allotment":6100,"lease_deed":"Y","possession":"Y","possession_date":1729794600000,"village_name":"Muradgarhi,Chakbirampur","khasra_no":"86,492,491","longitude":77.60485677,"latitude":28.22140736,"authority":"YEIDA","category":"industrial","execution_stage":"possession-recorded"}},{"type":"Feature","geometry":{"type":"Polygon","coordinates":[[[77.601189,28.220883],[77.598809,28.220888],[77.598805,28.220117],[77.601187,28.220111],[77.601189,28.220883]]]},"properties":{"objectid":3061,"uniqueplotid":"PLNGINDUSTRIAL3061","plotmap_id":"SECTOR-32_65_GENERAL INDUSTRY_IND","plotidentificationnumber":"65","plotno":"65","industrysector":"SECTOR-32","block":"GENERAL INDUSTRY","plotsize":"20000 SQMT","plotsize_at_the_time_of_allotme":"20000 SQMT","landuse_type":"INDUSTRIAL","landuse_subcategory":"INDUSTRIAL","scheme_cod":"INDOPEN","investment":129,"employment":450,"plotstatus":"Allotted","landallotementstatus":"SOLD","landallotementtype":"ALLOTTED","allotmentid":"INDOPEN00016","allotment_date":1549823400000,"rate_of_allotment":5145,"lease_deed":"N","possession":"N","village_name":"Muradgarhi","khasra_no":"499,500,501,502,503,546,541,540,542,506,504,505","longitude":77.59998116,"latitude":28.2204851,"authority":"YEIDA","category":"industrial","execution_stage":"allotted"}},{"type":"Feature","geometry":{"type":"Polygon","coordinates":[[[77.60284,28.221299],[77.602841,28.221525],[77.602719,28.221525],[77.602718,28.2213],[77.60284,28.221299]]]},"properties":{"objectid":3062,"uniqueplotid":"PLNGINDUSTRIAL3062","plotmap_id":"SECTOR-32_253_GENERAL INDUSTRY_IND","plotidentificationnumber":"253","plotno":"253","industrysector":"SECTOR-32","block":"GENERAL INDUSTRY","plotsize":"300 SQMT","plotsize_at_the_time_of_allotme":"300 SQMT","plot_size_as_per_lease_plan":300,"landuse_type":"INDUSTRIAL","landuse_subcategory":"INDUSTRIAL","scheme_cod":"IND06","investment":3,"employment":9,"plotstatus":"Allotted","landallotementstatus":"SOLD","landallotementtype":"ALLOTTED","allotmentid":"YIND061094","allotment_date":1574361000000,"rate_of_allotment":6670,"lease_deed":"Y","possession":"N","village_name":"Muradgarhi","khasra_no":"496,497,494,495","longitude":77.6027793,"latitude":28.22141223,"authority":"YEIDA","category":"industrial","execution_stage":"lease-recorded"}},{"type":"Feature","geometry":{"type":"Polygon","coordinates":[[[77.601887,28.219471],[77.601888,28.219741],[77.601736,28.219742],[77.601735,28.219471],[77.601887,28.219471]]]},"properties":{"objectid":3064,"uniqueplotid":"PLNGINDUSTRIAL3064","plotmap_id":"SECTOR-32_578_GENERAL INDUSTRY_IND","plotidentificationnumber":"578","plotno":"578","industrysector":"SECTOR-32","block":"GENERAL INDUSTRY","plotsize":"450 SQMT","plotsize_at_the_time_of_allotme":"450 SQMT","plot_size_as_per_lease_plan":450,"landuse_type":"INDUSTRIAL","landuse_subcategory":"INDUSTRIAL","scheme_cod":"IND06","investment":4,"employment":13,"plotstatus":"Allotted","landallotementstatus":"SOLD","landallotementtype":"ALLOTTED","allotmentid":"YIND061213","allotment_date":1574361000000,"rate_of_allotment":6670,"lease_deed":"Y","possession":"N","village_name":"Muradgarhi","khasra_no":"500,501","longitude":77.6018179,"latitude":28.21961739,"authority":"YEIDA","category":"industrial","execution_stage":"lease-recorded"}},{"type":"Feature","geometry":{"type":"Polygon","coordinates":[[[77.602652,28.219739],[77.602653,28.22001],[77.6025,28.22001],[77.602499,28.21974],[77.602652,28.219739]]]},"properties":{"objectid":3070,"uniqueplotid":"PLNGINDUSTRIAL3070","plotmap_id":"SECTOR-32_476_GENERAL INDUSTRY_IND","plotidentificationnumber":"476","plotno":"476","industrysector":"SECTOR-32","block":"GENERAL INDUSTRY","plotsize":"450 SQMT","plotsize_at_the_time_of_allotme":"450 SQMT","plot_size_as_per_lease_plan":450,"landuse_type":"INDUSTRIAL","landuse_subcategory":"INDUSTRIAL","scheme_cod":"IND06","investment":4,"employment":13,"plotstatus":"Allotted","landallotementstatus":"SOLD","landallotementtype":"ALLOTTED","allotmentid":"YIND061211","allotment_date":1574361000000,"rate_of_allotment":6670,"lease_deed":"Y","possession":"Y","possession_date":1650479400000,"village_name":"Muradgarhi","khasra_no":"499,500","longitude":77.60257609,"latitude":28.21987492,"authority":"YEIDA","category":"industrial","execution_stage":"possession-recorded"}},{"type":"Feature","geometry":{"type":"Polygon","coordinates":[[[77.604796,28.22152],[77.604674,28.221521],[77.604673,28.221295],[77.604795,28.221295],[77.604796,28.22152]]]},"properties":{"objectid":3072,"uniqueplotid":"PLNGINDUSTRIAL3072","plotmap_id":"SECTOR-32_269_GENERAL INDUSTRY_IND","plotidentificationnumber":"269","plotno":"269","industrysector":"SECTOR-32","block":"GENERAL INDUSTRY","plotsize":"300 SQMT","plotsize_at_the_time_of_allotme":"300 SQMT","plot_size_as_per_lease_plan":300,"landuse_type":"INDUSTRIAL","landuse_subcategory":"INDUSTRIAL","scheme_cod":"IND04","investment":5,"employment":18,"plotstatus":"Allotted","landallotementstatus":"SOLD","landallotementtype":"ALLOTTED","allotmentid":"YIND041006","allotment_date":1546972200000,"rate_of_allotment":6405,"lease_deed":"Y","possession":"N","village_name":"Muradgarhi","khasra_no":"492,491","longitude":77.60473456999999,"latitude":28.22140764,"authority":"YEIDA","category":"industrial","execution_stage":"lease-recorded"}},{"type":"Feature","geometry":{"type":"Polygon","coordinates":[[[77.605162,28.221294],[77.605163,28.221519],[77.60504,28.22152],[77.60504,28.221294],[77.605162,28.221294]]]},"properties":{"objectid":3084,"uniqueplotid":"PLNGINDUSTRIAL3084","plotmap_id":"SECTOR-32_272_GENERAL INDUSTRY_IND","plotidentificationnumber":"272","plotno":"272","industrysector":"SECTOR-32","block":"GENERAL INDUSTRY","plotsize":"300 SQMT","plotsize_at_the_time_of_allotme":"300 SQMT","plot_size_as_per_lease_plan":300,"landuse_type":"INDUSTRIAL","landuse_subcategory":"INDUSTRIAL","scheme_cod":"IND02","investment":5,"employment":18,"plotstatus":"Allotted","landallotementstatus":"SOLD","landallotementtype":"ALLOTTED","allotmentid":"YIND021098","allotment_date":1442255400000,"rate_of_allotment":6100,"lease_deed":"Y","possession":"Y","possession_date":1730917800000,"village_name":"Chakbirampur","khasra_no":"85,86","longitude":77.60510117999999,"latitude":28.22140678,"authority":"YEIDA","category":"industrial","execution_stage":"possession-recorded"}},{"type":"Feature","geometry":{"type":"Polygon","coordinates":[[[77.605408,28.221735],[77.605408,28.221961],[77.605286,28.221961],[77.605285,28.221736],[77.605408,28.221735]]]},"properties":{"objectid":3086,"uniqueplotid":"PLNGINDUSTRIAL3086","plotmap_id":"SECTOR-32_215_GENERAL INDUSTRY_IND","plotidentificationnumber":"215","plotno":"215","industrysector":"SECTOR-32","block":"GENERAL INDUSTRY","plotsize":"300 SQMT","plotsize_at_the_time_of_allotme":"300 SQMT","landuse_type":"INDUSTRIAL","landuse_subcategory":"INDUSTRIAL","scheme_cod":"IND02","investment":5,"employment":18,"plotstatus":"Allotted","landallotementstatus":"SOLD","landallotementtype":"ALLOTTED","allotmentid":"YIND021089","allotment_date":1442255400000,"rate_of_allotment":6100,"lease_deed":"Y","possession":"Y","possession_date":1712082600000,"village_name":"Chakbirampur","khasra_no":"85","longitude":77.60534692,"latitude":28.221848150000003,"authority":"YEIDA","category":"industrial","execution_stage":"possession-recorded"}},{"type":"Feature","geometry":{"type":"Polygon","coordinates":[[[77.60405,28.217283],[77.604051,28.217508],[77.603929,28.217509],[77.603928,28.217283],[77.60405,28.217283]]]},"properties":{"objectid":3090,"uniqueplotid":"PLNGINDUSTRIAL3090","plotmap_id":"SECTOR-32_912_GENERAL INDUSTRY_IND","plotidentificationnumber":"912","plotno":"912","industrysector":"SECTOR-32","block":"GENERAL INDUSTRY","plotsize":"300 SQMT","plotsize_at_the_time_of_allotme":"300 SQMT","plot_size_as_per_lease_plan":300,"landuse_type":"INDUSTRIAL","landuse_subcategory":"INDUSTRIAL","scheme_cod":"IND02","investment":5,"employment":18,"plotstatus":"Allotted","landallotementstatus":"SOLD","landallotementtype":"ALLOTTED","allotmentid":"YIND021306","allotment_date":1442255400000,"rate_of_allotment":6100,"lease_deed":"Y","possession":"Y","possession_date":1682965800000,"village_name":"Chakbirampur","khasra_no":"137","longitude":77.60398927,"latitude":28.217395770000003,"authority":"YEIDA","category":"industrial","execution_stage":"possession-recorded"}},{"type":"Feature","geometry":{"type":"Polygon","coordinates":[[[77.60468,28.220222],[77.604681,28.220537],[77.604508,28.220538],[77.604507,28.220222],[77.60468,28.220222]]]},"properties":{"objectid":3093,"uniqueplotid":"PLNGINDUSTRIAL3093","plotmap_id":"SECTOR-32_454_GENERAL INDUSTRY_IND","plotidentificationnumber":"454","plotno":"454","industrysector":"SECTOR-32","block":"GENERAL INDUSTRY","plotsize":"595 SQMT","plotsize_at_the_time_of_allotme":"595 SQMT","landuse_type":"INDUSTRIAL","landuse_subcategory":"INDUSTRIAL","scheme_cod":"IND02","investment":5,"employment":16,"plotstatus":"Allotted","landallotementstatus":"SOLD","landallotementtype":"ALLOTTED","allotmentid":"YIND021449","allotment_date":1442255400000,"rate_of_allotment":6100,"lease_deed":"N","possession":"N","village_name":"Chakbirampur","khasra_no":"87,86","longitude":77.60459399,"latitude":28.220379780000002,"authority":"YEIDA","category":"industrial","execution_stage":"allotted"}},{"type":"Feature","geometry":{"type":"Polygon","coordinates":[[[77.605028,28.217506],[77.605029,28.217732],[77.604907,28.217732],[77.604906,28.217506],[77.605028,28.217506]]]},"properties":{"objectid":3094,"uniqueplotid":"PLNGINDUSTRIAL3094","plotmap_id":"SECTOR-32_821_GENERAL INDUSTRY_IND","plotidentificationnumber":"821","plotno":"821","industrysector":"SECTOR-32","block":"GENERAL INDUSTRY","plotsize":"300 SQMT","plotsize_at_the_time_of_allotme":"300 SQMT","landuse_type":"INDUSTRIAL","landuse_subcategory":"INDUSTRIAL","scheme_cod":"IND03","investment":5,"employment":18,"plotstatus":"Allotted","landallotementstatus":"SOLD","landallotementtype":"ALLOTTED","allotmentid":"YIND031018","allotment_date":1483381800000,"rate_of_allotment":6405,"lease_deed":"N","possession":"N","village_name":"Chakbirampur","khasra_no":"145,134,135,136","longitude":77.60496758000001,"latitude":28.21761896,"authority":"YEIDA","category":"industrial","execution_stage":"allotted"}},{"type":"Feature","geometry":{"type":"Polygon","coordinates":[[[77.601495,28.221654],[77.601496,28.222195],[77.601259,28.222196],[77.601257,28.221655],[77.601495,28.221654]]]},"properties":{"objectid":3095,"uniqueplotid":"PLNGINDUSTRIAL3095","plotmap_id":"SECTOR-32_63_GENERAL INDUSTRY_IND","plotidentificationnumber":"63","plotno":"63","industrysector":"SECTOR-32","block":"GENERAL INDUSTRY","plotsize":"1800 SQMT","plotsize_at_the_time_of_allotme":"1800 SQMT","landuse_type":"INDUSTRIAL","landuse_subcategory":"INDUSTRIAL","scheme_cod":"IND01","investment":14,"employment":48,"plotstatus":"Allotted","landallotementstatus":"SOLD","landallotementtype":"ALLOTTED","allotmentid":"YIND010441","allotment_date":1388601000000,"rate_of_allotment":6050,"lease_deed":"N","possession":"N","village_name":"Muradgarhi","khasra_no":"510,506","longitude":77.60141715,"latitude":28.22196984,"authority":"YEIDA","category":"industrial","execution_stage":"allotted"}},{"type":"Feature","geometry":{"type":"Polygon","coordinates":[[[77.601974,28.217739],[77.601852,28.217739],[77.601851,28.217514],[77.601973,28.217513],[77.601974,28.217739]]]},"properties":{"objectid":3096,"uniqueplotid":"PLNGINDUSTRIAL3096","plotmap_id":"SECTOR-32_796_GENERAL INDUSTRY_IND","plotidentificationnumber":"796","plotno":"796","industrysector":"SECTOR-32","block":"GENERAL INDUSTRY","plotsize":"300 SQMT","plotsize_at_the_time_of_allotme":"300 SQMT","plot_size_as_per_lease_plan":300,"landuse_type":"INDUSTRIAL","landuse_subcategory":"INDUSTRIAL","scheme_cod":"IND04","investment":5,"employment":18,"plotstatus":"Allotted","landallotementstatus":"SOLD","landallotementtype":"ALLOTTED","allotmentid":"YIND041014","allotment_date":1546972200000,"rate_of_allotment":6405,"lease_deed":"Y","possession":"N","village_name":"Muradgarhi","khasra_no":"565","longitude":77.60191247,"latitude":28.21762613,"authority":"YEIDA","category":"industrial","execution_stage":"lease-recorded"}},{"type":"Feature","geometry":{"type":"Polygon","coordinates":[[[77.603438,28.216842],[77.603438,28.217068],[77.603316,28.217068],[77.603315,28.216843],[77.603438,28.216842]]]},"properties":{"objectid":3103,"uniqueplotid":"PLNGINDUSTRIAL3103","plotmap_id":"SECTOR-32_944_GENERAL INDUSTRY_IND","plotidentificationnumber":"944","plotno":"944","industrysector":"SECTOR-32","block":"GENERAL INDUSTRY","plotsize":"300 SQMT","plotsize_at_the_time_of_allotme":"300 SQMT","landuse_type":"INDUSTRIAL","landuse_subcategory":"INDUSTRIAL","scheme_cod":"IND06","investment":3,"employment":9,"plotstatus":"Allotted","landallotementstatus":"SOLD","landallotementtype":"ALLOTTED","allotmentid":"YIND061161","allotment_date":1574361000000,"rate_of_allotment":6670,"lease_deed":"Y","possession":"Y","possession_date":1668364200000,"map_sanctioned_from_planning":"Y","village_name":"Muradgarhi","khasra_no":"570,569","longitude":77.60337692,"latitude":28.216955249999998,"authority":"YEIDA","category":"industrial","execution_stage":"construction-or-map-approval"}},{"type":"Feature","geometry":{"type":"Polygon","coordinates":[[[77.60418,28.219736],[77.60418,28.220006],[77.604028,28.220007],[77.604027,28.219736],[77.60418,28.219736]]]},"properties":{"objectid":3104,"uniqueplotid":"PLNGINDUSTRIAL3104","plotmap_id":"SECTOR-32_486_GENERAL INDUSTRY_IND","plotidentificationnumber":"486","plotno":"486","industrysector":"SECTOR-32","block":"GENERAL INDUSTRY","plotsize":"450 SQMT","plotsize_at_the_time_of_allotme":"450 SQMT","plot_size_as_per_lease_plan":450,"landuse_type":"INDUSTRIAL","landuse_subcategory":"INDUSTRIAL","scheme_cod":"IND04","investment":4,"employment":13,"plotstatus":"Allotted","landallotementstatus":"SOLD","landallotementtype":"ALLOTTED","allotmentid":"YIND041060","allotment_date":1546972200000,"rate_of_allotment":6405,"lease_deed":"Y","possession":"N","village_name":"Muradgarhi,Chakbirampur","khasra_no":"90,87,86,561,497,560","longitude":77.60410364,"latitude":28.21987134,"authority":"YEIDA","category":"industrial","execution_stage":"lease-recorded"}},{"type":"Feature","geometry":{"type":"Polygon","coordinates":[[[77.604417,28.217508],[77.604418,28.217733],[77.604296,28.217733],[77.604295,28.217508],[77.604417,28.217508]]]},"properties":{"objectid":3106,"uniqueplotid":"PLNGINDUSTRIAL3106","plotmap_id":"SECTOR-32_816_GENERAL INDUSTRY_IND","plotidentificationnumber":"816","plotno":"816","industrysector":"SECTOR-32","block":"GENERAL INDUSTRY","plotsize":"300 SQMT","plotsize_at_the_time_of_allotme":"300 SQMT","landuse_type":"INDUSTRIAL","landuse_subcategory":"INDUSTRIAL","scheme_cod":"IND04","investment":5,"employment":18,"plotstatus":"Allotted","landallotementstatus":"SOLD","landallotementtype":"ALLOTTED","allotmentid":"YIND041007","allotment_date":1546972200000,"rate_of_allotment":6405,"lease_deed":"Y","possession":"Y","possession_date":1671129000000,"map_sanctioned_from_planning":"Y","units_under_construction":"Y","village_name":"Chakbirampur","khasra_no":"137","longitude":77.60435656,"latitude":28.21762039,"authority":"YEIDA","category":"industrial","execution_stage":"construction-or-map-approval"}},{"type":"Feature","geometry":{"type":"Polygon","coordinates":[[[77.604853,28.220221],[77.604854,28.220537],[77.604681,28.220537],[77.60468,28.220222],[77.604853,28.220221]]]},"properties":{"objectid":3108,"uniqueplotid":"PLNGINDUSTRIAL3108","plotmap_id":"SECTOR-32_453_GENERAL INDUSTRY_IND","plotidentificationnumber":"453","plotno":"453","industrysector":"SECTOR-32","block":"GENERAL INDUSTRY","plotsize":"595 SQMT","plotsize_at_the_time_of_allotme":"595 SQMT","landuse_type":"INDUSTRIAL","landuse_subcategory":"INDUSTRIAL","scheme_cod":"IND02","investment":5,"employment":16,"plotstatus":"Allotted","landallotementstatus":"SOLD","landallotementtype":"ALLOTTED","allotmentid":"YIND021465","allotment_date":1442255400000,"rate_of_allotment":6100,"lease_deed":"N","possession":"N","village_name":"Chakbirampur","khasra_no":"89,87,86","longitude":77.60476711999999,"latitude":28.220379370000003,"authority":"YEIDA","category":"industrial","execution_stage":"allotted"}},{"type":"Feature","geometry":{"type":"Polygon","coordinates":[[[77.603815,28.220539],[77.603816,28.220855],[77.603643,28.220856],[77.603642,28.22054],[77.603815,28.220539]]]},"properties":{"objectid":3110,"uniqueplotid":"PLNGINDUSTRIAL3110","plotmap_id":"SECTOR-32_392_GENERAL INDUSTRY_IND","plotidentificationnumber":"392","plotno":"392","industrysector":"SECTOR-32","block":"GENERAL INDUSTRY","plotsize":"595 SQMT","plotsize_at_the_time_of_allotme":"595 SQMT","plot_size_as_per_lease_plan":595,"landuse_type":"INDUSTRIAL","landuse_subcategory":"INDUSTRIAL","scheme_cod":"IND02","investment":5,"employment":16,"plotstatus":"Allotted","landallotementstatus":"SOLD","landallotementtype":"ALLOTTED","allotmentid":"YIND021441","allotment_date":1442255400000,"rate_of_allotment":6100,"lease_deed":"Y","possession":"Y","possession_date":1686162600000,"village_name":"Muradgarhi","khasra_no":"497","longitude":77.60372933000001,"latitude":28.220697480000002,"authority":"YEIDA","category":"industrial","execution_stage":"possession-recorded"}},{"type":"Feature","geometry":{"type":"Polygon","coordinates":[[[77.602216,28.216845],[77.602216,28.217071],[77.602094,28.217071],[77.602093,28.216846],[77.602216,28.216845]]]},"properties":{"objectid":3111,"uniqueplotid":"PLNGINDUSTRIAL3111","plotmap_id":"SECTOR-32_934_GENERAL INDUSTRY_IND","plotidentificationnumber":"934","plotno":"934","industrysector":"SECTOR-32","block":"GENERAL INDUSTRY","plotsize":"300 SQMT","plotsize_at_the_time_of_allotme":"300 SQMT","plot_size_as_per_lease_plan":300,"landuse_type":"INDUSTRIAL","landuse_subcategory":"INDUSTRIAL","scheme_cod":"IND02","investment":5,"employment":18,"plotstatus":"Allotted","landallotementstatus":"SOLD","landallotementtype":"ALLOTTED","allotmentid":"YIND021363","allotment_date":1442255400000,"rate_of_allotment":6100,"lease_deed":"Y","possession":"Y","possession_date":1684866600000,"map_sanctioned_from_planning":"Y","units_under_construction":"Y","village_name":"Muradgarhi","khasra_no":"565","longitude":77.60215487,"latitude":28.216958119999997,"authority":"YEIDA","category":"industrial","execution_stage":"construction-or-map-approval"}},{"type":"Feature","geometry":{"type":"Polygon","coordinates":[[[77.602038,28.218713],[77.602039,28.218983],[77.601886,28.218984],[77.601885,28.218713],[77.602038,28.218713]]]},"properties":{"objectid":3117,"uniqueplotid":"PLNGINDUSTRIAL3117","plotmap_id":"SECTOR-32_685_GENERAL INDUSTRY_IND","plotidentificationnumber":"685","plotno":"685","industrysector":"SECTOR-32","block":"GENERAL INDUSTRY","plotsize":"450 SQMT","plotsize_at_the_time_of_allotme":"450 SQMT","plot_size_as_per_lease_plan":450,"landuse_type":"INDUSTRIAL","landuse_subcategory":"INDUSTRIAL","scheme_cod":"IND01","investment":3,"employment":12,"plotstatus":"Allotted","landallotementstatus":"SOLD","landallotementtype":"ALLOTTED","allotmentid":"YIND010510","allotment_date":1442255400000,"rate_of_allotment":6100,"lease_deed":"Y","possession":"N","village_name":"Muradgarhi","khasra_no":"549","longitude":77.60196198,"latitude":28.218848150000003,"authority":"YEIDA","category":"industrial","execution_stage":"lease-recorded"}},{"type":"Feature","geometry":{"type":"Polygon","coordinates":[[[77.603411,28.218222],[77.603412,28.218493],[77.603259,28.218493],[77.603259,28.218223],[77.603411,28.218222]]]},"properties":{"objectid":3123,"uniqueplotid":"PLNGINDUSTRIAL3123","plotmap_id":"SECTOR-32_697_GENERAL INDUSTRY_IND","plotidentificationnumber":"697","plotno":"697","industrysector":"SECTOR-32","block":"GENERAL INDUSTRY","plotsize":"450 SQMT","plotsize_at_the_time_of_allotme":"450 SQMT","plot_size_as_per_lease_plan":450,"landuse_type":"INDUSTRIAL","landuse_subcategory":"INDUSTRIAL","scheme_cod":"IND03","investment":4,"employment":13,"plotstatus":"Allotted","landallotementstatus":"SOLD","landallotementtype":"ALLOTTED","allotmentid":"YIND031032","allotment_date":1483381800000,"rate_of_allotment":6405,"lease_deed":"Y","possession":"Y","possession_date":1685039400000,"map_sanctioned_from_planning":"Y","units_under_construction":"Y","village_name":"Muradgarhi","khasra_no":"563,565","longitude":77.60333531,"latitude":28.21835788,"authority":"YEIDA","category":"industrial","execution_stage":"construction-or-map-approval"}},{"type":"Feature","geometry":{"type":"Polygon","coordinates":[[[77.603259,28.218223],[77.603259,28.218493],[77.603107,28.218494],[77.603106,28.218223],[77.603259,28.218223]]]},"properties":{"objectid":3124,"uniqueplotid":"PLNGINDUSTRIAL3124","plotmap_id":"SECTOR-32_696_GENERAL INDUSTRY_IND","plotidentificationnumber":"696","plotno":"696","industrysector":"SECTOR-32","block":"GENERAL INDUSTRY","plotsize":"450 SQMT","plotsize_at_the_time_of_allotme":"450 SQMT","plot_size_as_per_lease_plan":450,"landuse_type":"INDUSTRIAL","landuse_subcategory":"INDUSTRIAL","scheme_cod":"IND01","investment":3,"employment":12,"plotstatus":"Allotted","landallotementstatus":"SOLD","landallotementtype":"ALLOTTED","allotmentid":"YIND010548","allotment_date":1442255400000,"rate_of_allotment":6100,"lease_deed":"Y","possession":"Y","possession_date":-1421127000000,"village_name":"Muradgarhi","khasra_no":"563,565","longitude":77.60318255,"latitude":28.21835824,"authority":"YEIDA","category":"industrial","execution_stage":"possession-recorded"}},{"type":"Feature","geometry":{"type":"Polygon","coordinates":[[[77.604854,28.220537],[77.604855,28.220853],[77.604682,28.220853],[77.604681,28.220537],[77.604854,28.220537]]]},"properties":{"objectid":3125,"uniqueplotid":"PLNGINDUSTRIAL3125","plotmap_id":"SECTOR-32_398_GENERAL INDUSTRY_IND","plotidentificationnumber":"398","plotno":"398","industrysector":"SECTOR-32","block":"GENERAL INDUSTRY","plotsize":"595 SQMT","plotsize_at_the_time_of_allotme":"595 SQMT","landuse_type":"INDUSTRIAL","landuse_subcategory":"INDUSTRIAL","scheme_cod":"IND02","investment":5,"employment":16,"plotstatus":"Allotted","landallotementstatus":"SOLD","landallotementtype":"ALLOTTED","allotmentid":"YIND021435","allotment_date":1442255400000,"rate_of_allotment":6100,"lease_deed":"N","possession":"N","village_name":"Chakbirampur","khasra_no":"86","longitude":77.60476806999999,"latitude":28.220695040000003,"authority":"YEIDA","category":"industrial","execution_stage":"allotted"}},{"type":"Feature","geometry":{"type":"Polygon","coordinates":[[[77.604553,28.221963],[77.604554,28.222188],[77.604431,28.222189],[77.604431,28.221963],[77.604553,28.221963]]]},"properties":{"objectid":3137,"uniqueplotid":"PLNGINDUSTRIAL3137","plotmap_id":"SECTOR-32_131_GENERAL INDUSTRY_IND","plotidentificationnumber":"131","plotno":"131","industrysector":"SECTOR-32","block":"GENERAL INDUSTRY","plotsize":"300 SQMT","plotsize_at_the_time_of_allotme":"300 SQMT","landuse_type":"INDUSTRIAL","landuse_subcategory":"INDUSTRIAL","scheme_cod":"IND06","investment":3,"employment":9,"plotstatus":"Allotted","landallotementstatus":"SOLD","landallotementtype":"ALLOTTED","allotmentid":"YIND061148","allotment_date":1574361000000,"rate_of_allotment":6670,"lease_deed":"N","possession":"N","village_name":"Muradgarhi","khasra_no":"490,491","longitude":77.60449217,"latitude":28.222075630000003,"authority":"YEIDA","category":"industrial","execution_stage":"allotted"}},{"type":"Feature","geometry":{"type":"Polygon","coordinates":[[[77.605093,28.218706],[77.605094,28.218976],[77.604941,28.218976],[77.60494,28.218706],[77.605093,28.218706]]]},"properties":{"objectid":3141,"uniqueplotid":"PLNGINDUSTRIAL3141","plotmap_id":"SECTOR-32_665_GENERAL INDUSTRY_IND","plotidentificationnumber":"665","plotno":"665","industrysector":"SECTOR-32","block":"GENERAL INDUSTRY","plotsize":"450 SQMT","plotsize_at_the_time_of_allotme":"450 SQMT","plot_size_as_per_lease_plan":450,"landuse_type":"INDUSTRIAL","landuse_subcategory":"INDUSTRIAL","scheme_cod":"IND06","investment":4,"employment":13,"plotstatus":"Allotted","landallotementstatus":"SOLD","landallotementtype":"ALLOTTED","allotmentid":"YIND061285","allotment_date":1574361000000,"rate_of_allotment":6670,"lease_deed":"Y","possession":"Y","possession_date":1681237800000,"village_name":"Chakbirampur","khasra_no":"90","longitude":77.60501708000001,"latitude":28.218840980000003,"authority":"YEIDA","category":"industrial","execution_stage":"possession-recorded"}},{"type":"Feature","geometry":{"type":"Polygon","coordinates":[[[77.604293,28.21684],[77.604294,28.217066],[77.604172,28.217066],[77.604171,28.216841],[77.604293,28.21684]]]},"properties":{"objectid":3142,"uniqueplotid":"PLNGINDUSTRIAL3142","plotmap_id":"SECTOR-32_951_GENERAL INDUSTRY_IND","plotidentificationnumber":"951","plotno":"951","industrysector":"SECTOR-32","block":"GENERAL INDUSTRY","plotsize":"300 SQMT","plotsize_at_the_time_of_allotme":"300 SQMT","landuse_type":"INDUSTRIAL","landuse_subcategory":"INDUSTRIAL","scheme_cod":"IND02","investment":5,"employment":18,"plotstatus":"Allotted","landallotementstatus":"SOLD","landallotementtype":"ALLOTTED","allotmentid":"YIND021174","allotment_date":1442255400000,"rate_of_allotment":6100,"lease_deed":"N","possession":"N","village_name":"Chakbirampur","khasra_no":"142,138","longitude":77.60423295000001,"latitude":28.216954349999998,"authority":"YEIDA","category":"industrial","execution_stage":"allotted"}},{"type":"Feature","geometry":{"type":"Polygon","coordinates":[[[77.602799,28.217953],[77.6028,28.218224],[77.602648,28.218224],[77.602647,28.217954],[77.602799,28.217953]]]},"properties":{"objectid":3148,"uniqueplotid":"PLNGINDUSTRIAL3148","plotmap_id":"SECTOR-32_788_GENERAL INDUSTRY_IND","plotidentificationnumber":"788","plotno":"788","industrysector":"SECTOR-32","block":"GENERAL INDUSTRY","plotsize":"450 SQMT","plotsize_at_the_time_of_allotme":"450 SQMT","plot_size_as_per_lease_plan":450,"landuse_type":"INDUSTRIAL","landuse_subcategory":"INDUSTRIAL","scheme_cod":"IND04","investment":4,"employment":13,"plotstatus":"Allotted","landallotementstatus":"SOLD","landallotementtype":"ALLOTTED","allotmentid":"YIND041056","allotment_date":1546972200000,"rate_of_allotment":6405,"lease_deed":"Y","possession":"Y","possession_date":1680633000000,"village_name":"Muradgarhi","khasra_no":"565","longitude":77.60272347,"latitude":28.21808873,"authority":"YEIDA","category":"industrial","execution_stage":"possession-recorded"}},{"type":"Feature","geometry":{"type":"Polygon","coordinates":[[[77.603262,28.219467],[77.603263,28.219738],[77.60311,28.219738],[77.60311,28.219468],[77.603262,28.219467]]]},"properties":{"objectid":3156,"uniqueplotid":"PLNGINDUSTRIAL3156","plotmap_id":"SECTOR-32_569_GENERAL INDUSTRY_IND","plotidentificationnumber":"569","plotno":"569","industrysector":"SECTOR-32","block":"GENERAL INDUSTRY","plotsize":"450 SQMT","plotsize_at_the_time_of_allotme":"450 SQMT","landuse_type":"INDUSTRIAL","landuse_subcategory":"INDUSTRIAL","scheme_cod":"IND06","investment":4,"employment":13,"plotstatus":"Allotted","landallotementstatus":"SOLD","landallotementtype":"ALLOTTED","allotmentid":"YIND061208","allotment_date":1574361000000,"rate_of_allotment":6670,"lease_deed":"Y","possession":"Y","possession_date":1648751400000,"map_sanctioned_from_planning":"Y","village_name":"Muradgarhi","khasra_no":"499,500","longitude":77.6031863,"latitude":28.21960291,"authority":"YEIDA","category":"industrial","execution_stage":"construction-or-map-approval"}},{"type":"Feature","geometry":{"type":"Polygon","coordinates":[[[77.604025,28.218979],[77.604025,28.219249],[77.603873,28.21925],[77.603872,28.218979],[77.604025,28.218979]]]},"properties":{"objectid":3158,"uniqueplotid":"PLNGINDUSTRIAL3158","plotmap_id":"SECTOR-32_593_GENERAL INDUSTRY_IND","plotidentificationnumber":"593","plotno":"593","industrysector":"SECTOR-32","block":"GENERAL INDUSTRY","plotsize":"450 SQMT","plotsize_at_the_time_of_allotme":"450 SQMT","landuse_type":"INDUSTRIAL","landuse_subcategory":"INDUSTRIAL","scheme_cod":"IND06","investment":4,"employment":13,"plotstatus":"Allotted","landallotementstatus":"SOLD","landallotementtype":"ALLOTTED","allotmentid":"YIND061246","allotment_date":1574361000000,"rate_of_allotment":6670,"lease_deed":"Y","possession":"Y","possession_date":1720981800000,"village_name":"Muradgarhi,Chakbirampur","khasra_no":"90,137,563","longitude":77.60394860999999,"latitude":28.21911407,"authority":"YEIDA","category":"industrial","execution_stage":"possession-recorded"}},{"type":"Feature","geometry":{"type":"Polygon","coordinates":[[[77.602228,28.221075],[77.602229,28.221301],[77.602107,28.221301],[77.602106,28.221076],[77.602228,28.221075]]]},"properties":{"objectid":3166,"uniqueplotid":"PLNGINDUSTRIAL3166","plotmap_id":"SECTOR-32_377_GENERAL INDUSTRY_IND","plotidentificationnumber":"377","plotno":"377","industrysector":"SECTOR-32","block":"GENERAL INDUSTRY","plotsize":"300 SQMT","plotsize_at_the_time_of_allotme":"300 SQMT","plot_size_as_per_lease_plan":300,"landuse_type":"INDUSTRIAL","landuse_subcategory":"INDUSTRIAL","scheme_cod":"IND06","investment":3,"employment":9,"plotstatus":"Allotted","landallotementstatus":"SOLD","landallotementtype":"ALLOTTED","allotmentid":"YIND061041","allotment_date":1574361000000,"rate_of_allotment":6670,"lease_deed":"Y","possession":"Y","possession_date":1713810600000,"village_name":"Muradgarhi","khasra_no":"496","longitude":77.6021676,"latitude":28.22118819,"authority":"YEIDA","category":"industrial","execution_stage":"possession-recorded"}},{"type":"Feature","geometry":{"type":"Polygon","coordinates":[[[77.60333,28.22174],[77.603331,28.221966],[77.603209,28.221966],[77.603208,28.22174],[77.60333,28.22174]]]},"properties":{"objectid":3176,"uniqueplotid":"PLNGINDUSTRIAL3176","plotmap_id":"SECTOR-32_232_GENERAL INDUSTRY_IND","plotidentificationnumber":"232","plotno":"232","industrysector":"SECTOR-32","block":"GENERAL INDUSTRY","plotsize":"300 SQMT","plotsize_at_the_time_of_allotme":"300 SQMT","landuse_type":"INDUSTRIAL","landuse_subcategory":"INDUSTRIAL","scheme_cod":"IND06","investment":3,"employment":9,"plotstatus":"Allotted","landallotementstatus":"SOLD","landallotementtype":"ALLOTTED","allotmentid":"YIND061059","allotment_date":1574361000000,"rate_of_allotment":6670,"lease_deed":"N","possession":"N","village_name":"Muradgarhi","khasra_no":"492,494","longitude":77.60326945,"latitude":28.22185302,"authority":"YEIDA","category":"industrial","execution_stage":"allotted"}},{"type":"Feature","geometry":{"type":"Polygon","coordinates":[[[77.605092,28.218218],[77.605092,28.218489],[77.60494,28.218489],[77.604939,28.218219],[77.605092,28.218218]]]},"properties":{"objectid":3179,"uniqueplotid":"PLNGINDUSTRIAL3179","plotmap_id":"SECTOR-32_708_GENERAL INDUSTRY_IND","plotidentificationnumber":"708","plotno":"708","industrysector":"SECTOR-32","block":"GENERAL INDUSTRY","plotsize":"450 SQMT","plotsize_at_the_time_of_allotme":"450 SQMT","plot_size_as_per_lease_plan":450,"landuse_type":"INDUSTRIAL","landuse_subcategory":"INDUSTRIAL","scheme_cod":"IND07","investment":3,"employment":10,"plotstatus":"Allotted","landallotementstatus":"SOLD","landallotementtype":"ALLOTTED","allotmentid":"YIND071250","allotment_date":1625077800000,"rate_of_allotment":7010,"lease_deed":"Y","possession":"N","village_name":"Chakbirampur","khasra_no":"90,90/388,135","longitude":77.60501562,"latitude":28.21835394,"authority":"YEIDA","category":"industrial","execution_stage":"lease-recorded"}},{"type":"Feature","geometry":{"type":"Polygon","coordinates":[[[77.603575,28.22174],[77.603575,28.221965],[77.603453,28.221965],[77.603452,28.22174],[77.603575,28.22174]]]},"properties":{"objectid":3184,"uniqueplotid":"PLNGINDUSTRIAL3184","plotmap_id":"SECTOR-32_230_GENERAL INDUSTRY_IND","plotidentificationnumber":"230","plotno":"230","industrysector":"SECTOR-32","block":"GENERAL INDUSTRY","plotsize":"300 SQMT","plotsize_at_the_time_of_allotme":"300 SQMT","plot_size_as_per_lease_plan":300,"landuse_type":"INDUSTRIAL","landuse_subcategory":"INDUSTRIAL","scheme_cod":"IND06","investment":3,"employment":9,"plotstatus":"Allotted","landallotementstatus":"SOLD","landallotementtype":"ALLOTTED","allotmentid":"YIND061114","allotment_date":1574361000000,"rate_of_allotment":6670,"lease_deed":"Y","possession":"N","village_name":"Muradgarhi","khasra_no":"492","longitude":77.60351385999999,"latitude":28.22185245,"authority":"YEIDA","category":"industrial","execution_stage":"lease-recorded"}},{"type":"Feature","geometry":{"type":"Polygon","coordinates":[[[77.603071,28.216843],[77.603072,28.217069],[77.60295,28.217069],[77.602949,28.216844],[77.603071,28.216843]]]},"properties":{"objectid":3185,"uniqueplotid":"PLNGINDUSTRIAL3185","plotmap_id":"SECTOR-32_941_GENERAL INDUSTRY_IND","plotidentificationnumber":"941","plotno":"941","industrysector":"SECTOR-32","block":"GENERAL INDUSTRY","plotsize":"300 SQMT","plotsize_at_the_time_of_allotme":"300 SQMT","landuse_type":"INDUSTRIAL","landuse_subcategory":"INDUSTRIAL","scheme_cod":"IND02","investment":5,"employment":18,"plotstatus":"Allotted","landallotementstatus":"SOLD","landallotementtype":"ALLOTTED","allotmentid":"YIND021381","allotment_date":1442255400000,"rate_of_allotment":6100,"lease_deed":"N","possession":"N","village_name":"Muradgarhi","khasra_no":"568,567","longitude":77.6030103,"latitude":28.216956109999998,"authority":"YEIDA","category":"industrial","execution_stage":"allotted"}},{"type":"Feature","geometry":{"type":"Polygon","coordinates":[[[77.602496,28.218712],[77.602497,28.218982],[77.602344,28.218983],[77.602343,28.218712],[77.602496,28.218712]]]},"properties":{"objectid":3193,"uniqueplotid":"PLNGINDUSTRIAL3193","plotmap_id":"SECTOR-32_682_GENERAL INDUSTRY_IND","plotidentificationnumber":"682","plotno":"682","industrysector":"SECTOR-32","block":"GENERAL INDUSTRY","plotsize":"450 SQMT","plotsize_at_the_time_of_allotme":"450 SQMT","plot_size_as_per_lease_plan":450,"landuse_type":"INDUSTRIAL","landuse_subcategory":"INDUSTRIAL","scheme_cod":"IND07","investment":3,"employment":10,"plotstatus":"Allotted","landallotementstatus":"SOLD","landallotementtype":"ALLOTTED","allotmentid":"YIND071128","allotment_date":1625077800000,"rate_of_allotment":7010,"lease_deed":"Y","possession":"Y","possession_date":1684175400000,"units_under_construction":"Y","village_name":"Muradgarhi","khasra_no":"549,501","longitude":77.60242024,"latitude":28.218847080000003,"authority":"YEIDA","category":"industrial","execution_stage":"construction-or-map-approval"}},{"type":"Feature","geometry":{"type":"Polygon","coordinates":[[[77.603332,28.222191],[77.603209,28.222191],[77.603209,28.221966],[77.603331,28.221966],[77.603332,28.222191]]]},"properties":{"objectid":3198,"uniqueplotid":"PLNGINDUSTRIAL3198","plotmap_id":"SECTOR-32_121_GENERAL INDUSTRY_IND","plotidentificationnumber":"121","plotno":"121","industrysector":"SECTOR-32","block":"GENERAL INDUSTRY","plotsize":"300 SQMT","plotsize_at_the_time_of_allotme":"300 SQMT","landuse_type":"INDUSTRIAL","landuse_subcategory":"INDUSTRIAL","scheme_cod":"IND06","investment":3,"employment":9,"plotstatus":"Allotted","landallotementstatus":"SOLD","landallotementtype":"ALLOTTED","allotmentid":"YIND061070","allotment_date":1574361000000,"rate_of_allotment":6670,"lease_deed":"Y","possession":"Y","possession_date":1661279400000,"village_name":"Muradgarhi","khasra_no":"492","longitude":77.60327013,"latitude":28.222078500000002,"authority":"YEIDA","category":"industrial","execution_stage":"possession-recorded"}},{"type":"Feature","geometry":{"type":"Polygon","coordinates":[[[77.603682,28.216842],[77.603683,28.217067],[77.603561,28.217068],[77.60356,28.216842],[77.603682,28.216842]]]},"properties":{"objectid":3199,"uniqueplotid":"PLNGINDUSTRIAL3199","plotmap_id":"SECTOR-32_946_GENERAL INDUSTRY_IND","plotidentificationnumber":"946","plotno":"946","industrysector":"SECTOR-32","block":"GENERAL INDUSTRY","plotsize":"300 SQMT","plotsize_at_the_time_of_allotme":"300 SQMT","plot_size_as_per_lease_plan":300,"landuse_type":"INDUSTRIAL","landuse_subcategory":"INDUSTRIAL","scheme_cod":"IND06","investment":3,"employment":9,"plotstatus":"Allotted","landallotementstatus":"SOLD","landallotementtype":"ALLOTTED","allotmentid":"YIND061118","allotment_date":1574361000000,"rate_of_allotment":6670,"lease_deed":"Y","possession":"Y","possession_date":1677090600000,"village_name":"Muradgarhi","khasra_no":"570,569","longitude":77.60362132,"latitude":28.21695467,"authority":"YEIDA","category":"industrial","execution_stage":"possession-recorded"}},{"type":"Feature","geometry":{"type":"Polygon","coordinates":[[[77.602803,28.218981],[77.602803,28.219252],[77.602651,28.219252],[77.60265,28.218982],[77.602803,28.218981]]]},"properties":{"objectid":3202,"uniqueplotid":"PLNGINDUSTRIAL3202","plotmap_id":"SECTOR-32_585_GENERAL INDUSTRY_IND","plotidentificationnumber":"585","plotno":"585","industrysector":"SECTOR-32","block":"GENERAL INDUSTRY","plotsize":"450 SQMT","plotsize_at_the_time_of_allotme":"450 SQMT","plot_size_as_per_lease_plan":450,"landuse_type":"INDUSTRIAL","landuse_subcategory":"INDUSTRIAL","scheme_cod":"IND06","investment":4,"employment":13,"plotstatus":"Allotted","landallotementstatus":"SOLD","landallotementtype":"ALLOTTED","allotmentid":"YIND061263","allotment_date":1574361000000,"rate_of_allotment":6670,"lease_deed":"Y","possession":"N","village_name":"Muradgarhi","khasra_no":"500,501","longitude":77.60272657,"latitude":28.21911694,"authority":"YEIDA","category":"industrial","execution_stage":"lease-recorded"}},{"type":"Feature","geometry":{"type":"Polygon","coordinates":[[[77.603695,28.221297],[77.603696,28.221523],[77.603574,28.221523],[77.603573,28.221298],[77.603695,28.221297]]]},"properties":{"objectid":3213,"uniqueplotid":"PLNGINDUSTRIAL3213","plotmap_id":"SECTOR-32_260_GENERAL INDUSTRY_IND","plotidentificationnumber":"260","plotno":"260","industrysector":"SECTOR-32","block":"GENERAL INDUSTRY","plotsize":"300 SQMT","plotsize_at_the_time_of_allotme":"300 SQMT","plot_size_as_per_lease_plan":300,"landuse_type":"INDUSTRIAL","landuse_subcategory":"INDUSTRIAL","scheme_cod":"IND02","investment":5,"employment":18,"plotstatus":"Allotted","landallotementstatus":"SOLD","landallotementtype":"ALLOTTED","allotmentid":"YIND021091","allotment_date":1442255400000,"rate_of_allotment":6100,"lease_deed":"Y","possession":"Y","possession_date":1726511400000,"village_name":"Muradgarhi","khasra_no":"494","longitude":77.60363473,"latitude":28.22141022,"authority":"YEIDA","category":"industrial","execution_stage":"possession-recorded"}},{"type":"Feature","geometry":{"type":"Polygon","coordinates":[[[77.600646,28.221656],[77.600648,28.222197],[77.600342,28.222198],[77.600341,28.221657],[77.600646,28.221656]]]},"properties":{"objectid":3218,"uniqueplotid":"PLNGINDUSTRIAL3218","plotmap_id":"SECTOR-32_60_GENERAL INDUSTRY_IND","plotidentificationnumber":"60","plotno":"60","industrysector":"SECTOR-32","block":"GENERAL INDUSTRY","plotsize":"1800 SQMT","plotsize_at_the_time_of_allotme":"1800 SQMT","landuse_type":"INDUSTRIAL","landuse_subcategory":"INDUSTRIAL","scheme_cod":"IND02","investment":14,"employment":48,"plotstatus":"Allotted","landallotementstatus":"SOLD","landallotementtype":"ALLOTTED","allotmentid":"YIND021500","allotment_date":1442255400000,"rate_of_allotment":6100,"lease_deed":"Y","possession":"Y","possession_date":1655058600000,"map_sanctioned_from_planning":"Y","units_under_production":"Y","village_name":"Muradgarhi","khasra_no":"506","longitude":77.60049423999999,"latitude":28.22192718,"authority":"YEIDA","category":"industrial","execution_stage":"functional-evidence"}},{"type":"Feature","geometry":{"type":"Polygon","coordinates":[[[77.605026,28.220221],[77.605027,28.220537],[77.604854,28.220537],[77.604853,28.220221],[77.605026,28.220221]]]},"properties":{"objectid":3219,"uniqueplotid":"PLNGINDUSTRIAL3219","plotmap_id":"SECTOR-32_452_GENERAL INDUSTRY_IND","plotidentificationnumber":"452","plotno":"452","industrysector":"SECTOR-32","block":"GENERAL INDUSTRY","plotsize":"595 SQMT","plotsize_at_the_time_of_allotme":"595 SQMT","plot_size_as_per_lease_plan":595,"landuse_type":"INDUSTRIAL","landuse_subcategory":"INDUSTRIAL","scheme_cod":"IND02","investment":5,"employment":16,"plotstatus":"Allotted","landallotementstatus":"SOLD","landallotementtype":"ALLOTTED","allotmentid":"YIND021432","allotment_date":1442255400000,"rate_of_allotment":6100,"lease_deed":"Y","possession":"Y","possession_date":1689791400000,"village_name":"Chakbirampur","khasra_no":"89,87,86","longitude":77.60494024,"latitude":28.220378970000002,"authority":"YEIDA","category":"industrial","execution_stage":"possession-recorded"}},{"type":"Feature","geometry":{"type":"Polygon","coordinates":[[[77.602598,28.221967],[77.602598,28.222193],[77.602476,28.222193],[77.602475,28.221968],[77.602598,28.221967]]]},"properties":{"objectid":3221,"uniqueplotid":"PLNGINDUSTRIAL3221","plotmap_id":"SECTOR-32_115_GENERAL INDUSTRY_IND","plotidentificationnumber":"115","plotno":"115","industrysector":"SECTOR-32","block":"GENERAL INDUSTRY","plotsize":"300 SQMT","plotsize_at_the_time_of_allotme":"300 SQMT","plot_size_as_per_lease_plan":300,"landuse_type":"INDUSTRIAL","landuse_subcategory":"INDUSTRIAL","scheme_cod":"IND06","investment":3,"employment":9,"plotstatus":"Allotted","landallotementstatus":"SOLD","landallotementtype":"ALLOTTED","allotmentid":"YIND061126","allotment_date":1574361000000,"rate_of_allotment":6670,"lease_deed":"Y","possession":"N","village_name":"Muradgarhi","khasra_no":"493,492,494","longitude":77.6025369,"latitude":28.222080220000002,"authority":"YEIDA","category":"industrial","execution_stage":"lease-recorded"}},{"type":"Feature","geometry":{"type":"Polygon","coordinates":[[[77.605271,28.216838],[77.605271,28.217064],[77.605149,28.217064],[77.605149,28.216838],[77.605271,28.216838]]]},"properties":{"objectid":3223,"uniqueplotid":"PLNGINDUSTRIAL3223","plotmap_id":"SECTOR-32_959_GENERAL INDUSTRY_IND","plotidentificationnumber":"959","plotno":"959","industrysector":"SECTOR-32","block":"GENERAL INDUSTRY","plotsize":"300 SQMT","plotsize_at_the_time_of_allotme":"300 SQMT","plot_size_as_per_lease_plan":300,"landuse_type":"INDUSTRIAL","landuse_subcategory":"INDUSTRIAL","scheme_cod":"IND02","investment":5,"employment":18,"plotstatus":"Allotted","landallotementstatus":"SOLD","landallotementtype":"ALLOTTED","allotmentid":"YIND021090","allotment_date":1442255400000,"rate_of_allotment":6100,"lease_deed":"Y","possession":"Y","possession_date":1690482600000,"village_name":"Chakbirampur","khasra_no":"145,142","longitude":77.60520998,"latitude":28.21695094,"authority":"YEIDA","category":"industrial","execution_stage":"possession-recorded"}},{"type":"Feature","geometry":{"type":"Polygon","coordinates":[[[77.604482,28.218707],[77.604483,28.218978],[77.60433,28.218978],[77.604329,28.218707],[77.604482,28.218707]]]},"properties":{"objectid":3225,"uniqueplotid":"PLNGINDUSTRIAL3225","plotmap_id":"SECTOR-32_669_GENERAL INDUSTRY_IND","plotidentificationnumber":"669","plotno":"669","industrysector":"SECTOR-32","block":"GENERAL INDUSTRY","plotsize":"450 SQMT","plotsize_at_the_time_of_allotme":"450 SQMT","plot_size_as_per_lease_plan":450,"landuse_type":"INDUSTRIAL","landuse_subcategory":"INDUSTRIAL","scheme_cod":"IND04","investment":4,"employment":13,"plotstatus":"Allotted","landallotementstatus":"SOLD","landallotementtype":"ALLOTTED","allotmentid":"YIND041050","allotment_date":1546972200000,"rate_of_allotment":6405,"lease_deed":"Y","possession":"Y","possession_date":1698777000000,"village_name":"Chakbirampur","khasra_no":"90","longitude":77.60440606,"latitude":28.21884242,"authority":"YEIDA","category":"industrial","execution_stage":"possession-recorded"}},{"type":"Feature","geometry":{"type":"Polygon","coordinates":[[[77.603806,28.217283],[77.603806,28.217509],[77.603684,28.217509],[77.603683,28.217284],[77.603806,28.217283]]]},"properties":{"objectid":3231,"uniqueplotid":"PLNGINDUSTRIAL3231","plotmap_id":"SECTOR-32_914_GENERAL INDUSTRY_IND","plotidentificationnumber":"914","plotno":"914","industrysector":"SECTOR-32","block":"GENERAL INDUSTRY","plotsize":"300 SQMT","plotsize_at_the_time_of_allotme":"300 SQMT","plot_size_as_per_lease_plan":300,"landuse_type":"INDUSTRIAL","landuse_subcategory":"INDUSTRIAL","scheme_cod":"IND06","investment":3,"employment":9,"plotstatus":"Allotted","landallotementstatus":"SOLD","landallotementtype":"ALLOTTED","allotmentid":"YIND061130","allotment_date":1574361000000,"rate_of_allotment":6670,"lease_deed":"Y","possession":"Y","possession_date":1723314600000,"village_name":"Muradgarhi","khasra_no":"563,569","longitude":77.60374486,"latitude":28.21739634,"authority":"YEIDA","category":"industrial","execution_stage":"possession-recorded"}},{"type":"Feature","geometry":{"type":"Polygon","coordinates":[[[77.604539,28.217282],[77.60454,28.217507],[77.604417,28.217508],[77.604417,28.217282],[77.604539,28.217282]]]},"properties":{"objectid":3232,"uniqueplotid":"PLNGINDUSTRIAL3232","plotmap_id":"SECTOR-32_908_GENERAL INDUSTRY_IND","plotidentificationnumber":"908","plotno":"908","industrysector":"SECTOR-32","block":"GENERAL INDUSTRY","plotsize":"300 SQMT","plotsize_at_the_time_of_allotme":"300 SQMT","landuse_type":"INDUSTRIAL","landuse_subcategory":"INDUSTRIAL","scheme_cod":"IND02","investment":5,"employment":18,"plotstatus":"Allotted","landallotementstatus":"SOLD","landallotementtype":"ALLOTTED","allotmentid":"YIND021333","allotment_date":1442255400000,"rate_of_allotment":6100,"lease_deed":"Y","possession":"Y","possession_date":1710181800000,"village_name":"Chakbirampur","khasra_no":"142,137","longitude":77.60447807999999,"latitude":28.21739462,"authority":"YEIDA","category":"industrial","execution_stage":"possession-recorded"}},{"type":"Feature","geometry":{"type":"Polygon","coordinates":[[[77.603315,28.216843],[77.603316,28.217068],[77.603194,28.217068],[77.603193,28.216843],[77.603315,28.216843]]]},"properties":{"objectid":3242,"uniqueplotid":"PLNGINDUSTRIAL3242","plotmap_id":"SECTOR-32_943_GENERAL INDUSTRY_IND","plotidentificationnumber":"943","plotno":"943","industrysector":"SECTOR-32","block":"GENERAL INDUSTRY","plotsize":"300 SQMT","plotsize_at_the_time_of_allotme":"300 SQMT","plot_size_as_per_lease_plan":300,"landuse_type":"INDUSTRIAL","landuse_subcategory":"INDUSTRIAL","scheme_cod":"IND06","investment":3,"employment":9,"plotstatus":"Allotted","landallotementstatus":"SOLD","landallotementtype":"ALLOTTED","allotmentid":"YIND061104","allotment_date":1574361000000,"rate_of_allotment":6670,"lease_deed":"Y","possession":"N","village_name":"Muradgarhi","khasra_no":"568,570,569","longitude":77.60325471,"latitude":28.21695554,"authority":"YEIDA","category":"industrial","execution_stage":"lease-recorded"}},{"type":"Feature","geometry":{"type":"Polygon","coordinates":[[[77.604552,28.221521],[77.604429,28.221521],[77.604429,28.221296],[77.604551,28.221295],[77.604552,28.221521]]]},"properties":{"objectid":3246,"uniqueplotid":"PLNGINDUSTRIAL3246","plotmap_id":"SECTOR-32_267_GENERAL INDUSTRY_IND","plotidentificationnumber":"267","plotno":"267","industrysector":"SECTOR-32","block":"GENERAL INDUSTRY","plotsize":"300 SQMT","plotsize_at_the_time_of_allotme":"300 SQMT","plot_size_as_per_lease_plan":300,"landuse_type":"INDUSTRIAL","landuse_subcategory":"INDUSTRIAL","scheme_cod":"IND02","investment":5,"employment":18,"plotstatus":"Allotted","landallotementstatus":"SOLD","landallotementtype":"ALLOTTED","allotmentid":"YIND021267","allotment_date":1442255400000,"rate_of_allotment":6100,"lease_deed":"Y","possession":"N","village_name":"Muradgarhi","khasra_no":"492","longitude":77.60449016,"latitude":28.22140822,"authority":"YEIDA","category":"industrial","execution_stage":"lease-recorded"}},{"type":"Feature","geometry":{"type":"Polygon","coordinates":[[[77.602805,28.219739],[77.602806,28.22001],[77.602653,28.22001],[77.602652,28.219739],[77.602805,28.219739]]]},"properties":{"objectid":3248,"uniqueplotid":"PLNGINDUSTRIAL3248","plotmap_id":"SECTOR-32_477_GENERAL INDUSTRY_IND","plotidentificationnumber":"477","plotno":"477","industrysector":"SECTOR-32","block":"GENERAL INDUSTRY","plotsize":"450 SQMT","plotsize_at_the_time_of_allotme":"450 SQMT","plot_size_as_per_lease_plan":450,"landuse_type":"INDUSTRIAL","landuse_subcategory":"INDUSTRIAL","scheme_cod":"IND06","investment":4,"employment":13,"plotstatus":"Allotted","landallotementstatus":"SOLD","landallotementtype":"ALLOTTED","allotmentid":"YIND061272","allotment_date":1574361000000,"rate_of_allotment":6670,"lease_deed":"Y","possession":"Y","possession_date":1686767400000,"village_name":"Muradgarhi","khasra_no":"499,500","longitude":77.60272885,"latitude":28.21987456,"authority":"YEIDA","category":"industrial","execution_stage":"possession-recorded"}},{"type":"Feature","geometry":{"type":"Polygon","coordinates":[[[77.605247,28.218976],[77.605247,28.219246],[77.605095,28.219247],[77.605094,28.218976],[77.605247,28.218976]]]},"properties":{"objectid":3249,"uniqueplotid":"PLNGINDUSTRIAL3249","plotmap_id":"SECTOR-32_601_GENERAL INDUSTRY_IND","plotidentificationnumber":"601","plotno":"601","industrysector":"SECTOR-32","block":"GENERAL INDUSTRY","plotsize":"450 SQMT","plotsize_at_the_time_of_allotme":"450 SQMT","landuse_type":"INDUSTRIAL","landuse_subcategory":"INDUSTRIAL","scheme_cod":"IND06","investment":4,"employment":13,"plotstatus":"Allotted","landallotementstatus":"SOLD","landallotementtype":"ALLOTTED","allotmentid":"YIND061277","allotment_date":1574361000000,"rate_of_allotment":6670,"lease_deed":"Y","possession":"N","village_name":"Chakbirampur","khasra_no":"90","longitude":77.60517064999999,"latitude":28.2191112,"authority":"YEIDA","category":"industrial","execution_stage":"lease-recorded"}},{"type":"Feature","geometry":{"type":"Polygon","coordinates":[[[77.602353,28.221968],[77.602354,28.222193],[77.602232,28.222194],[77.602231,28.221968],[77.602353,28.221968]]]},"properties":{"objectid":3251,"uniqueplotid":"PLNGINDUSTRIAL3251","plotmap_id":"SECTOR-32_113_GENERAL INDUSTRY_IND","plotidentificationnumber":"113","plotno":"113","industrysector":"SECTOR-32","block":"GENERAL INDUSTRY","plotsize":"300 SQMT","plotsize_at_the_time_of_allotme":"300 SQMT","landuse_type":"INDUSTRIAL","landuse_subcategory":"INDUSTRIAL","scheme_cod":"IND02","investment":5,"employment":18,"plotstatus":"Allotted","landallotementstatus":"SOLD","landallotementtype":"ALLOTTED","allotmentid":"YIND021288","allotment_date":1442255400000,"rate_of_allotment":6100,"lease_deed":"Y","possession":"Y","possession_date":1656009000000,"village_name":"Muradgarhi","khasra_no":"493,494","longitude":77.60229249,"latitude":28.22208079,"authority":"YEIDA","category":"industrial","execution_stage":"possession-recorded"}},{"type":"Feature","geometry":{"type":"Polygon","coordinates":[[[77.603072,28.217285],[77.603073,28.217511],[77.602951,28.217511],[77.60295,28.217285],[77.603072,28.217285]]]},"properties":{"objectid":3253,"uniqueplotid":"PLNGINDUSTRIAL3253","plotmap_id":"SECTOR-32_920_GENERAL INDUSTRY_IND","plotidentificationnumber":"920","plotno":"920","industrysector":"SECTOR-32","block":"GENERAL INDUSTRY","plotsize":"300 SQMT","plotsize_at_the_time_of_allotme":"300 SQMT","plot_size_as_per_lease_plan":300,"landuse_type":"INDUSTRIAL","landuse_subcategory":"INDUSTRIAL","scheme_cod":"IND02","investment":5,"employment":18,"plotstatus":"Allotted","landallotementstatus":"SOLD","landallotementtype":"ALLOTTED","allotmentid":"YIND021326","allotment_date":1442255400000,"rate_of_allotment":6100,"lease_deed":"Y","possession":"N","village_name":"Muradgarhi","khasra_no":"565,567","longitude":77.60301163,"latitude":28.21739806,"authority":"YEIDA","category":"industrial","execution_stage":"lease-recorded"}},{"type":"Feature","geometry":{"type":"Polygon","coordinates":[[[77.604789,28.219247],[77.604636,28.219248],[77.604636,28.218977],[77.604788,28.218977],[77.604789,28.219247]]]},"properties":{"objectid":3257,"uniqueplotid":"PLNGINDUSTRIAL3257","plotmap_id":"SECTOR-32_598_GENERAL INDUSTRY_IND","plotidentificationnumber":"598","plotno":"598","industrysector":"SECTOR-32","block":"GENERAL INDUSTRY","plotsize":"450 SQMT","plotsize_at_the_time_of_allotme":"450 SQMT","landuse_type":"INDUSTRIAL","landuse_subcategory":"INDUSTRIAL","scheme_cod":"IND01","investment":3,"employment":12,"plotstatus":"Allotted","landallotementstatus":"SOLD","landallotementtype":"ALLOTTED","allotmentid":"YIND010503","allotment_date":1442255400000,"rate_of_allotment":6100,"lease_deed":"Y","possession":"N","village_name":"Chakbirampur","khasra_no":"90","longitude":77.60471238,"latitude":28.21911228,"authority":"YEIDA","category":"industrial","execution_stage":"lease-recorded"}},{"type":"Feature","geometry":{"type":"Polygon","coordinates":[[[77.604788,28.218706],[77.604788,28.218977],[77.604636,28.218977],[77.604635,28.218707],[77.604788,28.218706]]]},"properties":{"objectid":3261,"uniqueplotid":"PLNGINDUSTRIAL3261","plotmap_id":"SECTOR-32_667_GENERAL INDUSTRY_IND","plotidentificationnumber":"667","plotno":"667","industrysector":"SECTOR-32","block":"GENERAL INDUSTRY","plotsize":"450 SQMT","plotsize_at_the_time_of_allotme":"450 SQMT","plot_size_as_per_lease_plan":595,"landuse_type":"INDUSTRIAL","landuse_subcategory":"INDUSTRIAL","scheme_cod":"IND07","investment":3,"employment":10,"plotstatus":"Allotted","landallotementstatus":"SOLD","landallotementtype":"ALLOTTED","allotmentid":"YIND071154","allotment_date":1625077800000,"rate_of_allotment":7010,"lease_deed":"Y","possession":"N","village_name":"Chakbirampur","khasra_no":"90","longitude":77.60471156999999,"latitude":28.218841700000002,"authority":"YEIDA","category":"industrial","execution_stage":"lease-recorded"}},{"type":"Feature","geometry":{"type":"Polygon","coordinates":[[[77.601182,28.21857],[77.598797,28.218575],[77.598793,28.217805],[77.60118,28.217799],[77.601182,28.21857]]]},"properties":{"objectid":3263,"uniqueplotid":"PLNGINDUSTRIAL3263","plotmap_id":"SECTOR-32_68_GENERAL INDUSTRY_IND","plotidentificationnumber":"68","plotno":"68","industrysector":"SECTOR-32","block":"GENERAL INDUSTRY","plotsize":"20000 SQMT","plotsize_at_the_time_of_allotme":"20000 SQMT","plot_size_as_per_lease_plan":20000,"landuse_type":"INDUSTRIAL","landuse_subcategory":"INDUSTRIAL","scheme_cod":"INDOPEN","investment":134,"employment":469,"plotstatus":"Allotted","landallotementstatus":"SOLD","landallotementtype":"ALLOTTED","allotmentid":"INDOPEN00021","allotment_date":1565289000000,"rate_of_allotment":5356,"lease_deed":"Y","possession":"Y","possession_date":1660588200000,"map_sanctioned_from_planning":"Y","village_name":"Muradgarhi","khasra_no":"549,553,548,551,545,555,554,550,552","longitude":77.59976934,"latitude":28.21810344,"authority":"YEIDA","category":"industrial","execution_stage":"construction-or-map-approval"}},{"type":"Feature","geometry":{"type":"Polygon","coordinates":[[[77.604307,28.221296],[77.604307,28.221521],[77.604185,28.221522],[77.604184,28.221296],[77.604307,28.221296]]]},"properties":{"objectid":3267,"uniqueplotid":"PLNGINDUSTRIAL3267","plotmap_id":"SECTOR-32_265_GENERAL INDUSTRY_IND","plotidentificationnumber":"265","plotno":"265","industrysector":"SECTOR-32","block":"GENERAL INDUSTRY","plotsize":"300 SQMT","plotsize_at_the_time_of_allotme":"300 SQMT","plot_size_as_per_lease_plan":300,"landuse_type":"INDUSTRIAL","landuse_subcategory":"INDUSTRIAL","scheme_cod":"IND02","investment":5,"employment":18,"plotstatus":"Allotted","landallotementstatus":"SOLD","landallotementtype":"ALLOTTED","allotmentid":"YIND021040","allotment_date":1442255400000,"rate_of_allotment":6100,"lease_deed":"Y","possession":"Y","possession_date":1690482600000,"village_name":"Muradgarhi","khasra_no":"492,494","longitude":77.60424575,"latitude":28.221408789999998,"authority":"YEIDA","category":"industrial","execution_stage":"possession-recorded"}},{"type":"Feature","geometry":{"type":"Polygon","coordinates":[[[77.602095,28.217287],[77.602095,28.217513],[77.601973,28.217513],[77.601973,28.217288],[77.602095,28.217287]]]},"properties":{"objectid":3270,"uniqueplotid":"PLNGINDUSTRIAL3270","plotmap_id":"SECTOR-32_928_GENERAL INDUSTRY_IND","plotidentificationnumber":"928","plotno":"928","industrysector":"SECTOR-32","block":"GENERAL INDUSTRY","plotsize":"300 SQMT","plotsize_at_the_time_of_allotme":"300 SQMT","plot_size_as_per_lease_plan":300,"landuse_type":"INDUSTRIAL","landuse_subcategory":"INDUSTRIAL","scheme_cod":"IND02","investment":5,"employment":18,"plotstatus":"Allotted","landallotementstatus":"SOLD","landallotementtype":"ALLOTTED","allotmentid":"YIND021142","allotment_date":1442255400000,"rate_of_allotment":6100,"lease_deed":"Y","possession":"Y","possession_date":1672684200000,"village_name":"Muradgarhi","khasra_no":"565","longitude":77.602034,"latitude":28.217400360000003,"authority":"YEIDA","category":"industrial","execution_stage":"possession-recorded"}},{"type":"Feature","geometry":{"type":"Polygon","coordinates":[[[77.604797,28.221737],[77.604797,28.221962],[77.604675,28.221962],[77.604674,28.221737],[77.604797,28.221737]]]},"properties":{"objectid":3276,"uniqueplotid":"PLNGINDUSTRIAL3276","plotmap_id":"SECTOR-32_220_GENERAL INDUSTRY_IND","plotidentificationnumber":"220","plotno":"220","industrysector":"SECTOR-32","block":"GENERAL INDUSTRY","plotsize":"300 SQMT","plotsize_at_the_time_of_allotme":"300 SQMT","plot_size_as_per_lease_plan":300,"landuse_type":"INDUSTRIAL","landuse_subcategory":"INDUSTRIAL","scheme_cod":"IND02","investment":5,"employment":18,"plotstatus":"Allotted","landallotementstatus":"SOLD","landallotementtype":"ALLOTTED","allotmentid":"YIND021093","allotment_date":1442255400000,"rate_of_allotment":6100,"lease_deed":"Y","possession":"Y","possession_date":1699381800000,"village_name":"Muradgarhi","khasra_no":"490,491","longitude":77.6047359,"latitude":28.22184958,"authority":"YEIDA","category":"industrial","execution_stage":"possession-recorded"}},{"type":"Feature","geometry":{"type":"Polygon","coordinates":[[[77.603258,28.217952],[77.603259,28.218223],[77.603106,28.218223],[77.603105,28.217953],[77.603258,28.217952]]]},"properties":{"objectid":3277,"uniqueplotid":"PLNGINDUSTRIAL3277","plotmap_id":"SECTOR-32_785_GENERAL INDUSTRY_IND","plotidentificationnumber":"785","plotno":"785","industrysector":"SECTOR-32","block":"GENERAL INDUSTRY","plotsize":"450 SQMT","plotsize_at_the_time_of_allotme":"450 SQMT","landuse_type":"INDUSTRIAL","landuse_subcategory":"INDUSTRIAL","scheme_cod":"IND04","investment":4,"employment":13,"plotstatus":"Allotted","landallotementstatus":"SOLD","landallotementtype":"ALLOTTED","allotmentid":"YIND041059","allotment_date":1546972200000,"rate_of_allotment":6405,"lease_deed":"N","possession":"N","village_name":"Muradgarhi","khasra_no":"566,565","longitude":77.60318174,"latitude":28.21808766,"authority":"YEIDA","category":"industrial","execution_stage":"allotted"}},{"type":"Feature","geometry":{"type":"Polygon","coordinates":[[[77.601191,28.221655],[77.601257,28.221655],[77.601259,28.222196],[77.600953,28.222197],[77.600952,28.221656],[77.601191,28.221655]]]},"properties":{"objectid":3283,"uniqueplotid":"PLNGINDUSTRIAL3283","plotmap_id":"SECTOR-32_62_GENERAL INDUSTRY_IND","plotidentificationnumber":"62","plotno":"62","industrysector":"SECTOR-32","block":"GENERAL INDUSTRY","plotsize":"1800 SQMT","plotsize_at_the_time_of_allotme":"1800 SQMT","landuse_type":"INDUSTRIAL","landuse_subcategory":"INDUSTRIAL","scheme_cod":"IND01","investment":14,"employment":48,"plotstatus":"Allotted","landallotementstatus":"SOLD","landallotementtype":"ALLOTTED","allotmentid":"YIND010414","allotment_date":1388601000000,"rate_of_allotment":6050,"lease_deed":"N","possession":"N","village_name":"Muradgarhi","khasra_no":"506","longitude":77.60110526,"latitude":28.221925740000003,"authority":"YEIDA","category":"industrial","execution_stage":"allotted"}},{"type":"Feature","geometry":{"type":"Polygon","coordinates":[[[77.601487,28.218813],[77.601488,28.218948],[77.601183,28.218949],[77.601183,28.218814],[77.601487,28.218813]]]},"properties":{"objectid":3288,"uniqueplotid":"PLNGINDUSTRIAL3288","plotmap_id":"SECTOR-32_88_GENERAL INDUSTRY_IND","plotidentificationnumber":"88","plotno":"88","industrysector":"SECTOR-32","block":"GENERAL INDUSTRY","plotsize":"450 SQMT","plotsize_at_the_time_of_allotme":"450 SQMT","landuse_type":"INDUSTRIAL","landuse_subcategory":"INDUSTRIAL","scheme_cod":"IND01","investment":3,"employment":12,"plotstatus":"Allotted","landallotementstatus":"SOLD","landallotementtype":"ALLOTTED","allotmentid":"YIND010589","allotment_date":1442255400000,"rate_of_allotment":6100,"lease_deed":"N","possession":"N","village_name":"Muradgarhi","khasra_no":"549","longitude":77.60133533,"latitude":28.21888119,"authority":"YEIDA","category":"industrial","execution_stage":"allotted"}},{"type":"Feature","geometry":{"type":"Polygon","coordinates":[[[77.602718,28.2213],[77.602719,28.221525],[77.602596,28.221525],[77.602596,28.2213],[77.602718,28.2213]]]},"properties":{"objectid":3294,"uniqueplotid":"PLNGINDUSTRIAL3294","plotmap_id":"SECTOR-32_252_GENERAL INDUSTRY_IND","plotidentificationnumber":"252","plotno":"252","industrysector":"SECTOR-32","block":"GENERAL INDUSTRY","plotsize":"300 SQMT","plotsize_at_the_time_of_allotme":"300 SQMT","plot_size_as_per_lease_plan":300,"landuse_type":"INDUSTRIAL","landuse_subcategory":"INDUSTRIAL","scheme_cod":"IND06","investment":3,"employment":9,"plotstatus":"Allotted","landallotementstatus":"SOLD","landallotementtype":"ALLOTTED","allotmentid":"YIND061053","allotment_date":1574361000000,"rate_of_allotment":6670,"lease_deed":"Y","possession":"Y","possession_date":-55745904600000,"village_name":"Muradgarhi","khasra_no":"496,497,495","longitude":77.6026571,"latitude":28.221412519999998,"authority":"YEIDA","category":"industrial","execution_stage":"possession-recorded"}},{"type":"Feature","geometry":{"type":"Polygon","coordinates":[[[77.605091,28.217948],[77.605092,28.218218],[77.604939,28.218219],[77.604938,28.217948],[77.605091,28.217948]]]},"properties":{"objectid":3296,"uniqueplotid":"PLNGINDUSTRIAL3296","plotmap_id":"SECTOR-32_773_GENERAL INDUSTRY_IND","plotidentificationnumber":"773","plotno":"773","industrysector":"SECTOR-32","block":"GENERAL INDUSTRY","plotsize":"450 SQMT","plotsize_at_the_time_of_allotme":"450 SQMT","plot_size_as_per_lease_plan":450,"landuse_type":"INDUSTRIAL","landuse_subcategory":"INDUSTRIAL","scheme_cod":"YEA/IND-LOP(2021)-10","investment":3,"employment":10,"projects_cost_in_lacs":133,"plotstatus":"Allotted","landallotementstatus":"SOLD","landallotementtype":"ALLOTTED","allotmentid":"YIND100022","allotment_date":1650565800000,"rate_of_allotment":7010,"lease_deed":"Y","possession":"N","village_name":"Chakbirampur","khasra_no":"90,90/388,135","longitude":77.6050148,"latitude":28.21808335,"authority":"YEIDA","category":"industrial","execution_stage":"lease-recorded"}},{"type":"Feature","geometry":{"type":"Polygon","coordinates":[[[77.602475,28.221742],[77.602475,28.221968],[77.602353,28.221968],[77.602353,28.221742],[77.602475,28.221742]]]},"properties":{"objectid":3299,"uniqueplotid":"PLNGINDUSTRIAL3299","plotmap_id":"SECTOR-32_239_GENERAL INDUSTRY_IND","plotidentificationnumber":"239","plotno":"239","industrysector":"SECTOR-32","block":"GENERAL INDUSTRY","plotsize":"300 SQMT","plotsize_at_the_time_of_allotme":"300 SQMT","landuse_type":"INDUSTRIAL","landuse_subcategory":"INDUSTRIAL","scheme_cod":"IND02","investment":5,"employment":18,"plotstatus":"Allotted","landallotementstatus":"SOLD","landallotementtype":"ALLOTTED","allotmentid":"YIND021109","allotment_date":1442255400000,"rate_of_allotment":6100,"lease_deed":"N","possession":"N","village_name":"Muradgarhi","khasra_no":"494,495","longitude":77.60241402,"latitude":28.22185503,"authority":"YEIDA","category":"industrial","execution_stage":"allotted"}},{"type":"Feature","geometry":{"type":"Polygon","coordinates":[[[77.601261,28.222412],[77.601263,28.222954],[77.600957,28.222954],[77.600956,28.222413],[77.601261,28.222412]]]},"properties":{"objectid":3301,"uniqueplotid":"PLNGINDUSTRIAL3301","plotmap_id":"SECTOR-32_13_GENERAL INDUSTRY_IND","plotidentificationnumber":"13","plotno":"13","industrysector":"SECTOR-32","block":"GENERAL INDUSTRY","plotsize":"1800 SQMT","plotsize_at_the_time_of_allotme":"1800 SQMT","plot_size_as_per_lease_plan":1800,"landuse_type":"INDUSTRIAL","landuse_subcategory":"INDUSTRIAL","scheme_cod":"IND01","investment":14,"employment":48,"plotstatus":"Allotted","landallotementstatus":"SOLD","landallotementtype":"ALLOTTED","allotmentid":"YIND010446","allotment_date":1388601000000,"rate_of_allotment":6050,"lease_deed":"Y","possession":"Y","possession_date":1677177000000,"village_name":"Muradgarhi","khasra_no":"479,510,506","longitude":77.60110913,"latitude":28.22268334,"authority":"YEIDA","category":"industrial","execution_stage":"possession-recorded"}},{"type":"Feature","geometry":{"type":"Polygon","coordinates":[[[77.60265,28.218982],[77.602651,28.219252],[77.602498,28.219253],[77.602497,28.218982],[77.60265,28.218982]]]},"properties":{"objectid":3303,"uniqueplotid":"PLNGINDUSTRIAL3303","plotmap_id":"SECTOR-32_584_GENERAL INDUSTRY_IND","plotidentificationnumber":"584","plotno":"584","industrysector":"SECTOR-32","block":"GENERAL INDUSTRY","plotsize":"450 SQMT","plotsize_at_the_time_of_allotme":"450 SQMT","plot_size_as_per_lease_plan":450,"landuse_type":"INDUSTRIAL","landuse_subcategory":"INDUSTRIAL","scheme_cod":"IND06","investment":4,"employment":13,"plotstatus":"Allotted","landallotementstatus":"SOLD","landallotementtype":"ALLOTTED","allotmentid":"YIND061282","allotment_date":1574361000000,"rate_of_allotment":6670,"lease_deed":"Y","lease_deed_date":1675103400000,"possession":"Y","possession_date":1694111400000,"map_sanctioned_from_planning":"Y","units_under_construction":"WORK COMPLETED","units_under_production":"Y","completion":"Y","completion_issue_date":1736879400000,"village_name":"Muradgarhi","khasra_no":"501","longitude":77.60257381000001,"latitude":28.2191173,"authority":"YEIDA","category":"industrial","execution_stage":"functional-evidence"}},{"type":"Feature","geometry":{"type":"Polygon","coordinates":[[[77.604184,28.221296],[77.604185,28.221522],[77.604063,28.221522],[77.604062,28.221296],[77.604184,28.221296]]]},"properties":{"objectid":3304,"uniqueplotid":"PLNGINDUSTRIAL3304","plotmap_id":"SECTOR-32_264_GENERAL INDUSTRY_IND","plotidentificationnumber":"264","plotno":"264","industrysector":"SECTOR-32","block":"GENERAL INDUSTRY","plotsize":"300 SQMT","plotsize_at_the_time_of_allotme":"300 SQMT","plot_size_as_per_lease_plan":300,"landuse_type":"INDUSTRIAL","landuse_subcategory":"INDUSTRIAL","scheme_cod":"IND02","investment":5,"employment":18,"plotstatus":"Allotted","landallotementstatus":"SOLD","landallotementtype":"ALLOTTED","allotmentid":"YIND021122","allotment_date":1442255400000,"rate_of_allotment":6100,"lease_deed":"Y","possession":"Y","possession_date":1698949800000,"village_name":"Muradgarhi","khasra_no":"492,494","longitude":77.60412355,"latitude":28.22140908,"authority":"YEIDA","category":"industrial","execution_stage":"possession-recorded"}},{"type":"Feature","geometry":{"type":"Polygon","coordinates":[[[77.603874,28.219737],[77.603875,28.220007],[77.603722,28.220008],[77.603721,28.219737],[77.603874,28.219737]]]},"properties":{"objectid":3305,"uniqueplotid":"PLNGINDUSTRIAL3305","plotmap_id":"SECTOR-32_484_GENERAL INDUSTRY_IND","plotidentificationnumber":"484","plotno":"484","industrysector":"SECTOR-32","block":"GENERAL INDUSTRY","plotsize":"450 SQMT","plotsize_at_the_time_of_allotme":"450 SQMT","plot_size_as_per_lease_plan":450,"landuse_type":"INDUSTRIAL","landuse_subcategory":"INDUSTRIAL","scheme_cod":"IND06","investment":4,"employment":13,"plotstatus":"Allotted","landallotementstatus":"SOLD","landallotementtype":"ALLOTTED","allotmentid":"YIND061194","allotment_date":1574361000000,"rate_of_allotment":6670,"lease_deed":"Y","possession":"N","village_name":"Muradgarhi","khasra_no":"499,498,497,560","longitude":77.60379813,"latitude":28.21987205,"authority":"YEIDA","category":"industrial","execution_stage":"lease-recorded"}},{"type":"Feature","geometry":{"type":"Polygon","coordinates":[[[77.601886,28.218984],[77.601887,28.219254],[77.601734,28.219255],[77.601733,28.218984],[77.601886,28.218984]]]},"properties":{"objectid":3306,"uniqueplotid":"PLNGINDUSTRIAL3306","plotmap_id":"SECTOR-32_579_GENERAL INDUSTRY_IND","plotidentificationnumber":"579","plotno":"579","industrysector":"SECTOR-32","block":"GENERAL INDUSTRY","plotsize":"450 SQMT","plotsize_at_the_time_of_allotme":"450 SQMT","plot_size_as_per_lease_plan":450,"landuse_type":"INDUSTRIAL","landuse_subcategory":"INDUSTRIAL","scheme_cod":"IND06","investment":4,"employment":13,"plotstatus":"Allotted","landallotementstatus":"SOLD","landallotementtype":"ALLOTTED","allotmentid":"YIND061184","allotment_date":1574361000000,"rate_of_allotment":6670,"lease_deed":"Y","possession":"N","village_name":"Muradgarhi","khasra_no":"549,501","longitude":77.60181217,"latitude":28.21912284,"authority":"YEIDA","category":"industrial","execution_stage":"lease-recorded"}},{"type":"Feature","geometry":{"type":"Polygon","coordinates":[[[77.603196,28.217736],[77.603074,28.217736],[77.603073,28.217511],[77.603195,28.21751],[77.603196,28.217736]]]},"properties":{"objectid":3308,"uniqueplotid":"PLNGINDUSTRIAL3308","plotmap_id":"SECTOR-32_806_GENERAL INDUSTRY_IND","plotidentificationnumber":"806","plotno":"806","industrysector":"SECTOR-32","block":"GENERAL INDUSTRY","plotsize":"300 SQMT","plotsize_at_the_time_of_allotme":"300 SQMT","landuse_type":"INDUSTRIAL","landuse_subcategory":"INDUSTRIAL","scheme_cod":"IND06","investment":3,"employment":9,"plotstatus":"Allotted","landallotementstatus":"SOLD","landallotementtype":"ALLOTTED","allotmentid":"YIND061111","allotment_date":1574361000000,"rate_of_allotment":6670,"lease_deed":"N","possession":"N","village_name":"Muradgarhi","khasra_no":"566,565,567","longitude":77.60313452,"latitude":28.21762326,"authority":"YEIDA","category":"industrial","execution_stage":"allotted"}},{"type":"Feature","geometry":{"type":"Polygon","coordinates":[[[77.603822,28.222406],[77.604011,28.222406],[77.604012,28.222947],[77.603707,28.222948],[77.603705,28.222407],[77.603822,28.222406]]]},"properties":{"objectid":3311,"uniqueplotid":"PLNGINDUSTRIAL3311","plotmap_id":"SECTOR-32_22_GENERAL INDUSTRY_IND","plotidentificationnumber":"22","plotno":"22","industrysector":"SECTOR-32","block":"GENERAL INDUSTRY","plotsize":"1800 SQMT","plotsize_at_the_time_of_allotme":"1800 SQMT","landuse_type":"INDUSTRIAL","landuse_subcategory":"INDUSTRIAL","scheme_cod":"IND06","investment":15,"employment":53,"plotstatus":"Allotted","landallotementstatus":"SOLD","landallotementtype":"ALLOTTED","allotmentid":"YIND061460","allotment_date":1574361000000,"rate_of_allotment":6670,"lease_deed":"N","possession":"N","village_name":"Muradgarhi","khasra_no":"490,491,486","longitude":77.60385872,"latitude":28.22267689,"authority":"YEIDA","category":"industrial","execution_stage":"allotted"}},{"type":"Feature","geometry":{"type":"Polygon","coordinates":[[[77.605284,28.221294],[77.605285,28.221519],[77.605163,28.221519],[77.605162,28.221294],[77.605284,28.221294]]]},"properties":{"objectid":3314,"uniqueplotid":"PLNGINDUSTRIAL3314","plotmap_id":"SECTOR-32_273_GENERAL INDUSTRY_IND","plotidentificationnumber":"273","plotno":"273","industrysector":"SECTOR-32","block":"GENERAL INDUSTRY","plotsize":"300 SQMT","plotsize_at_the_time_of_allotme":"300 SQMT","landuse_type":"INDUSTRIAL","landuse_subcategory":"INDUSTRIAL","scheme_cod":"IND02","investment":5,"employment":18,"plotstatus":"Allotted","landallotementstatus":"SOLD","landallotementtype":"ALLOTTED","allotmentid":"YIND021055","allotment_date":1442255400000,"rate_of_allotment":6100,"lease_deed":"N","possession":"N","village_name":"Chakbirampur","khasra_no":"85","longitude":77.60522338,"latitude":28.2214065,"authority":"YEIDA","category":"industrial","execution_stage":"allotted"}},{"type":"Feature","geometry":{"type":"Polygon","coordinates":[[[77.604785,28.217732],[77.604662,28.217732],[77.604662,28.217507],[77.604784,28.217507],[77.604785,28.217732]]]},"properties":{"objectid":3315,"uniqueplotid":"PLNGINDUSTRIAL3315","plotmap_id":"SECTOR-32_819_GENERAL INDUSTRY_IND","plotidentificationnumber":"819","plotno":"819","industrysector":"SECTOR-32","block":"GENERAL INDUSTRY","plotsize":"300 SQMT","plotsize_at_the_time_of_allotme":"300 SQMT","plot_size_as_per_lease_plan":301.8,"landuse_type":"INDUSTRIAL","landuse_subcategory":"INDUSTRIAL","scheme_cod":"IND02","investment":5,"employment":18,"plotstatus":"Allotted","landallotementstatus":"SOLD","landallotementtype":"ALLOTTED","allotmentid":"YIND021244","allotment_date":1442255400000,"rate_of_allotment":6100,"lease_deed":"Y","possession":"Y","possession_date":1715625000000,"village_name":"Chakbirampur","khasra_no":"136,137","longitude":77.60472317,"latitude":28.21761953,"authority":"YEIDA","category":"industrial","execution_stage":"possession-recorded"}},{"type":"Feature","geometry":{"type":"Polygon","coordinates":[[[77.602499,28.21974],[77.6025,28.22001],[77.602347,28.220011],[77.602347,28.21974],[77.602499,28.21974]]]},"properties":{"objectid":3320,"uniqueplotid":"PLNGINDUSTRIAL3320","plotmap_id":"SECTOR-32_475_GENERAL INDUSTRY_IND","plotidentificationnumber":"475","plotno":"475","industrysector":"SECTOR-32","block":"GENERAL INDUSTRY","plotsize":"450 SQMT","plotsize_at_the_time_of_allotme":"450 SQMT","plot_size_as_per_lease_plan":450,"landuse_type":"INDUSTRIAL","landuse_subcategory":"INDUSTRIAL","scheme_cod":"IND06","investment":4,"employment":13,"plotstatus":"Allotted","landallotementstatus":"SOLD","landallotementtype":"ALLOTTED","allotmentid":"YIND061201","allotment_date":1574361000000,"rate_of_allotment":6670,"lease_deed":"Y","possession":"Y","possession_date":1687113000000,"village_name":"Muradgarhi","khasra_no":"499,500","longitude":77.60242334,"latitude":28.21987528,"authority":"YEIDA","category":"industrial","execution_stage":"possession-recorded"}},{"type":"Feature","geometry":{"type":"Polygon","coordinates":[[[77.602345,28.219253],[77.602192,28.219253],[77.602192,28.218983],[77.602344,28.218983],[77.602345,28.219253]]]},"properties":{"objectid":3331,"uniqueplotid":"PLNGINDUSTRIAL3331","plotmap_id":"SECTOR-32_582_GENERAL INDUSTRY_IND","plotidentificationnumber":"582","plotno":"582","industrysector":"SECTOR-32","block":"GENERAL INDUSTRY","plotsize":"450 SQMT","plotsize_at_the_time_of_allotme":"450 SQMT","landuse_type":"INDUSTRIAL","landuse_subcategory":"INDUSTRIAL","scheme_cod":"IND06","investment":4,"employment":13,"plotstatus":"Allotted","landallotementstatus":"SOLD","landallotementtype":"ALLOTTED","allotmentid":"YIND061250","allotment_date":1574361000000,"rate_of_allotment":6670,"lease_deed":"Y","possession":"Y","possession_date":1650825000000,"village_name":"Muradgarhi","khasra_no":"549,501","longitude":77.60226829999999,"latitude":28.21911802,"authority":"YEIDA","category":"industrial","execution_stage":"possession-recorded"}},{"type":"Feature","geometry":{"type":"Polygon","coordinates":[[[77.601885,28.218497],[77.601732,28.218497],[77.601731,28.218226],[77.601884,28.218226],[77.601885,28.218497]]]},"properties":{"objectid":3340,"uniqueplotid":"PLNGINDUSTRIAL3340","plotmap_id":"SECTOR-32_687_GENERAL INDUSTRY_IND","plotidentificationnumber":"687","plotno":"687","industrysector":"SECTOR-32","block":"GENERAL INDUSTRY","plotsize":"450 SQMT","plotsize_at_the_time_of_allotme":"450 SQMT","plot_size_as_per_lease_plan":545,"landuse_type":"INDUSTRIAL","landuse_subcategory":"INDUSTRIAL","scheme_cod":"IND03","investment":4,"employment":13,"plotstatus":"Allotted","landallotementstatus":"SOLD","landallotementtype":"ALLOTTED","allotmentid":"YIND031020","allotment_date":1483381800000,"rate_of_allotment":6405,"lease_deed":"Y","possession":"Y","possession_date":1685903400000,"village_name":"Muradgarhi","khasra_no":"549","longitude":77.60180989,"latitude":28.2183652,"authority":"YEIDA","category":"industrial","execution_stage":"possession-recorded"}},{"type":"Feature","geometry":{"type":"Polygon","coordinates":[[[77.602476,28.222193],[77.602354,28.222193],[77.602353,28.221968],[77.602475,28.221968],[77.602476,28.222193]]]},"properties":{"objectid":3352,"uniqueplotid":"PLNGINDUSTRIAL3352","plotmap_id":"SECTOR-32_114_GENERAL INDUSTRY_IND","plotidentificationnumber":"114","plotno":"114","industrysector":"SECTOR-32","block":"GENERAL INDUSTRY","plotsize":"300 SQMT","plotsize_at_the_time_of_allotme":"300 SQMT","landuse_type":"INDUSTRIAL","landuse_subcategory":"INDUSTRIAL","scheme_cod":"IND06","investment":3,"employment":9,"plotstatus":"Allotted","landallotementstatus":"SOLD","landallotementtype":"ALLOTTED","allotmentid":"YIND061166","allotment_date":1574361000000,"rate_of_allotment":6670,"lease_deed":"Y","possession":"N","village_name":"Muradgarhi","khasra_no":"493,494","longitude":77.6024147,"latitude":28.22208051,"authority":"YEIDA","category":"industrial","execution_stage":"lease-recorded"}},{"type":"Feature","geometry":{"type":"Polygon","coordinates":[[[77.604797,28.221962],[77.604798,28.222188],[77.604676,28.222188],[77.604675,28.221962],[77.604797,28.221962]]]},"properties":{"objectid":3361,"uniqueplotid":"PLNGINDUSTRIAL3361","plotmap_id":"SECTOR-32_133_GENERAL INDUSTRY_IND","plotidentificationnumber":"133","plotno":"133","industrysector":"SECTOR-32","block":"GENERAL INDUSTRY","plotsize":"300 SQMT","plotsize_at_the_time_of_allotme":"300 SQMT","landuse_type":"INDUSTRIAL","landuse_subcategory":"INDUSTRIAL","scheme_cod":"IND06","investment":3,"employment":9,"plotstatus":"Allotted","landallotementstatus":"SOLD","landallotementtype":"ALLOTTED","allotmentid":"YIND061076","allotment_date":1574361000000,"rate_of_allotment":6670,"lease_deed":"Y","possession":"N","village_name":"Muradgarhi","khasra_no":"490","longitude":77.60473658,"latitude":28.22207506,"authority":"YEIDA","category":"industrial","execution_stage":"lease-recorded"}},{"type":"Feature","geometry":{"type":"Polygon","coordinates":[[[77.60149,28.219625],[77.60149,28.21976],[77.601186,28.219761],[77.601185,28.219626],[77.60149,28.219625]]]},"properties":{"objectid":3363,"uniqueplotid":"PLNGINDUSTRIAL3363","plotmap_id":"SECTOR-32_94_GENERAL INDUSTRY_IND","plotidentificationnumber":"94","plotno":"94","industrysector":"SECTOR-32","block":"GENERAL INDUSTRY","plotsize":"450 SQMT","plotsize_at_the_time_of_allotme":"450 SQMT","landuse_type":"INDUSTRIAL","landuse_subcategory":"INDUSTRIAL","scheme_cod":"IND07","investment":3,"employment":10,"plotstatus":"Allotted","landallotementstatus":"SOLD","landallotementtype":"ALLOTTED","allotmentid":"YIND071229","allotment_date":1625077800000,"rate_of_allotment":7010,"lease_deed":"N","possession":"N","village_name":"Muradgarhi","khasra_no":"501","longitude":77.60133757,"latitude":28.21969293,"authority":"YEIDA","category":"industrial","execution_stage":"allotted"}},{"type":"Feature","geometry":{"type":"Polygon","coordinates":[[[77.602584,28.217286],[77.602584,28.217512],[77.602462,28.217512],[77.602461,28.217287],[77.602584,28.217286]]]},"properties":{"objectid":3364,"uniqueplotid":"PLNGINDUSTRIAL3364","plotmap_id":"SECTOR-32_924_GENERAL INDUSTRY_IND","plotidentificationnumber":"924","plotno":"924","industrysector":"SECTOR-32","block":"GENERAL INDUSTRY","plotsize":"300 SQMT","plotsize_at_the_time_of_allotme":"300 SQMT","plot_size_as_per_lease_plan":300,"landuse_type":"INDUSTRIAL","landuse_subcategory":"INDUSTRIAL","scheme_cod":"IND02","investment":5,"employment":18,"plotstatus":"Allotted","landallotementstatus":"SOLD","landallotementtype":"ALLOTTED","allotmentid":"YIND021115","allotment_date":1442255400000,"rate_of_allotment":6100,"lease_deed":"Y","possession":"Y","possession_date":1685903400000,"village_name":"Muradgarhi","khasra_no":"565","longitude":77.60252282,"latitude":28.21739921,"authority":"YEIDA","category":"industrial","execution_stage":"possession-recorded"}},{"type":"Feature","geometry":{"type":"Polygon","coordinates":[[[77.60443,28.221738],[77.604431,28.221963],[77.604309,28.221963],[77.604308,28.221738],[77.60443,28.221738]]]},"properties":{"objectid":3366,"uniqueplotid":"PLNGINDUSTRIAL3366","plotmap_id":"SECTOR-32_223_GENERAL INDUSTRY_IND","plotidentificationnumber":"223","plotno":"223","industrysector":"SECTOR-32","block":"GENERAL INDUSTRY","plotsize":"300 SQMT","plotsize_at_the_time_of_allotme":"300 SQMT","plot_size_as_per_lease_plan":300,"landuse_type":"INDUSTRIAL","landuse_subcategory":"INDUSTRIAL","scheme_cod":"IND04","investment":5,"employment":18,"plotstatus":"Allotted","landallotementstatus":"SOLD","landallotementtype":"ALLOTTED","allotmentid":"YIND041008","allotment_date":1546972200000,"rate_of_allotment":6405,"lease_deed":"Y","possession":"Y","possession_date":1696876200000,"village_name":"Muradgarhi","khasra_no":"492,491","longitude":77.60436929,"latitude":28.22185044,"authority":"YEIDA","category":"industrial","execution_stage":"possession-recorded"}},{"type":"Feature","geometry":{"type":"Polygon","coordinates":[[[77.602776,28.220226],[77.602777,28.220542],[77.602604,28.220542],[77.602603,28.220227],[77.602776,28.220226]]]},"properties":{"objectid":3369,"uniqueplotid":"PLNGINDUSTRIAL3369","plotmap_id":"SECTOR-32_465_GENERAL INDUSTRY_IND","plotidentificationnumber":"465","plotno":"465","industrysector":"SECTOR-32","block":"GENERAL INDUSTRY","plotsize":"595 SQMT","plotsize_at_the_time_of_allotme":"595 SQMT","landuse_type":"INDUSTRIAL","landuse_subcategory":"INDUSTRIAL","scheme_cod":"IND06","investment":5,"employment":17,"plotstatus":"Allotted","landallotementstatus":"SOLD","landallotementtype":"ALLOTTED","allotmentid":"YIND061355","allotment_date":1574361000000,"rate_of_allotment":6670,"lease_deed":"Y","possession":"N","village_name":"Muradgarhi","khasra_no":"499,498,497","longitude":77.60268965,"latitude":28.220384250000002,"authority":"YEIDA","category":"industrial","execution_stage":"lease-recorded"}},{"type":"Feature","geometry":{"type":"Polygon","coordinates":[[[77.603563,28.217735],[77.60344,28.217735],[77.60344,28.21751],[77.603562,28.21751],[77.603563,28.217735]]]},"properties":{"objectid":3375,"uniqueplotid":"PLNGINDUSTRIAL3375","plotmap_id":"SECTOR-32_809_GENERAL INDUSTRY_IND","plotidentificationnumber":"809","plotno":"809","industrysector":"SECTOR-32","block":"GENERAL INDUSTRY","plotsize":"300 SQMT","plotsize_at_the_time_of_allotme":"300 SQMT","plot_size_as_per_lease_plan":299.02,"landuse_type":"INDUSTRIAL","landuse_subcategory":"INDUSTRIAL","scheme_cod":"IND02","investment":5,"employment":18,"plotstatus":"Allotted","landallotementstatus":"SOLD","landallotementtype":"ALLOTTED","allotmentid":"YIND021272","allotment_date":1442255400000,"rate_of_allotment":6100,"lease_deed":"Y","possession":"N","village_name":"Muradgarhi","khasra_no":"568,563","longitude":77.60350113,"latitude":28.2176224,"authority":"YEIDA","category":"industrial","execution_stage":"lease-recorded"}},{"type":"Feature","geometry":{"type":"Polygon","coordinates":[[[77.604415,28.21684],[77.604416,28.217066],[77.604294,28.217066],[77.604293,28.21684],[77.604415,28.21684]]]},"properties":{"objectid":3376,"uniqueplotid":"PLNGINDUSTRIAL3376","plotmap_id":"SECTOR-32_952_GENERAL INDUSTRY_IND","plotidentificationnumber":"952","plotno":"952","industrysector":"SECTOR-32","block":"GENERAL INDUSTRY","plotsize":"300 SQMT","plotsize_at_the_time_of_allotme":"300 SQMT","plot_size_as_per_lease_plan":300,"landuse_type":"INDUSTRIAL","landuse_subcategory":"INDUSTRIAL","scheme_cod":"IND02","investment":5,"employment":18,"plotstatus":"Allotted","landallotementstatus":"SOLD","landallotementtype":"ALLOTTED","allotmentid":"YIND021014","allotment_date":1442255400000,"rate_of_allotment":6100,"lease_deed":"Y","possession":"Y","possession_date":1681237800000,"map_sanctioned_from_planning":"Y","units_under_construction":"Y","village_name":"Chakbirampur","khasra_no":"142","longitude":77.60435455,"latitude":28.21695295,"authority":"YEIDA","category":"industrial","execution_stage":"construction-or-map-approval"}},{"type":"Feature","geometry":{"type":"Polygon","coordinates":[[[77.602962,28.221074],[77.602962,28.221299],[77.60284,28.221299],[77.602839,28.221074],[77.602962,28.221074]]]},"properties":{"objectid":3378,"uniqueplotid":"PLNGINDUSTRIAL3378","plotmap_id":"SECTOR-32_371_GENERAL INDUSTRY_IND","plotidentificationnumber":"371","plotno":"371","industrysector":"SECTOR-32","block":"GENERAL INDUSTRY","plotsize":"300 SQMT","plotsize_at_the_time_of_allotme":"300 SQMT","plot_size_as_per_lease_plan":300,"landuse_type":"INDUSTRIAL","landuse_subcategory":"INDUSTRIAL","scheme_cod":"IND06","investment":3,"employment":9,"plotstatus":"Allotted","landallotementstatus":"SOLD","landallotementtype":"ALLOTTED","allotmentid":"YIND061013","allotment_date":1574361000000,"rate_of_allotment":6670,"lease_deed":"Y","possession":"N","village_name":"Muradgarhi","khasra_no":"497","longitude":77.60290083000001,"latitude":28.22118647,"authority":"YEIDA","category":"industrial","execution_stage":"lease-recorded"}},{"type":"Feature","geometry":{"type":"Polygon","coordinates":[[[77.601484,28.21746],[77.601484,28.217596],[77.601179,28.217596],[77.601179,28.217461],[77.601484,28.21746]]]},"properties":{"objectid":3383,"uniqueplotid":"PLNGINDUSTRIAL3383","plotmap_id":"SECTOR-32_78_GENERAL INDUSTRY_IND","plotidentificationnumber":"78","plotno":"78","industrysector":"SECTOR-32","block":"GENERAL INDUSTRY","plotsize":"450 SQMT","plotsize_at_the_time_of_allotme":"450 SQMT","plot_size_as_per_lease_plan":450.22,"landuse_type":"INDUSTRIAL","landuse_subcategory":"INDUSTRIAL","scheme_cod":"IND07","investment":3,"employment":10,"plotstatus":"Allotted","landallotementstatus":"SOLD","landallotementtype":"ALLOTTED","allotmentid":"YIND071207","allotment_date":1625077800000,"rate_of_allotment":7010,"lease_deed":"Y","possession":"Y","possession_date":1724697000000,"village_name":"Muradgarhi","khasra_no":"553,560,565","longitude":77.60133160999999,"latitude":28.217528270000003,"authority":"YEIDA","category":"industrial","execution_stage":"possession-recorded"}},{"type":"Feature","geometry":{"type":"Polygon","coordinates":[[[77.603295,28.220225],[77.603296,28.220541],[77.603123,28.220541],[77.603122,28.220225],[77.603295,28.220225]]]},"properties":{"objectid":3388,"uniqueplotid":"PLNGINDUSTRIAL3388","plotmap_id":"SECTOR-32_462_GENERAL INDUSTRY_IND","plotidentificationnumber":"462","plotno":"462","industrysector":"SECTOR-32","block":"GENERAL INDUSTRY","plotsize":"595 SQMT","plotsize_at_the_time_of_allotme":"595 SQMT","plot_size_as_per_lease_plan":595,"landuse_type":"INDUSTRIAL","landuse_subcategory":"INDUSTRIAL","scheme_cod":"IND04","investment":5,"employment":17,"plotstatus":"Allotted","landallotementstatus":"SOLD","landallotementtype":"ALLOTTED","allotmentid":"YIND041086","allotment_date":1546972200000,"rate_of_allotment":6405,"lease_deed":"Y","possession":"Y","possession_date":1690309800000,"village_name":"Muradgarhi","khasra_no":"499,498,497","longitude":77.60320902,"latitude":28.22038303,"authority":"YEIDA","category":"industrial","execution_stage":"possession-recorded"}},{"type":"Feature","geometry":{"type":"Polygon","coordinates":[[[77.604786,28.218219],[77.604787,28.21849],[77.604634,28.21849],[77.604633,28.21822],[77.604786,28.218219]]]},"properties":{"objectid":3390,"uniqueplotid":"PLNGINDUSTRIAL3390","plotmap_id":"SECTOR-32_706_GENERAL INDUSTRY_IND","plotidentificationnumber":"706","plotno":"706","industrysector":"SECTOR-32","block":"GENERAL INDUSTRY","plotsize":"450 SQMT","plotsize_at_the_time_of_allotme":"450 SQMT","plot_size_as_per_lease_plan":450,"landuse_type":"INDUSTRIAL","landuse_subcategory":"INDUSTRIAL","scheme_cod":"IND07","investment":3,"employment":10,"plotstatus":"Allotted","landallotementstatus":"SOLD","landallotementtype":"ALLOTTED","allotmentid":"YIND071238","allotment_date":1625077800000,"rate_of_allotment":7010,"lease_deed":"Y","possession":"Y","possession_date":1701801000000,"map_sanctioned_from_planning":"Y","village_name":"Chakbirampur","khasra_no":"90","longitude":77.60471011,"latitude":28.21835465,"authority":"YEIDA","category":"industrial","execution_stage":"construction-or-map-approval"}},{"type":"Feature","geometry":{"type":"Polygon","coordinates":[[[77.604672,28.22107],[77.604673,28.221295],[77.604551,28.221295],[77.60455,28.22107],[77.604672,28.22107]]]},"properties":{"objectid":3393,"uniqueplotid":"PLNGINDUSTRIAL3393","plotmap_id":"SECTOR-32_357_GENERAL INDUSTRY_IND","plotidentificationnumber":"357","plotno":"357","industrysector":"SECTOR-32","block":"GENERAL INDUSTRY","plotsize":"300 SQMT","plotsize_at_the_time_of_allotme":"300 SQMT","landuse_type":"INDUSTRIAL","landuse_subcategory":"INDUSTRIAL","scheme_cod":"IND02","investment":5,"employment":18,"plotstatus":"Allotted","landallotementstatus":"SOLD","landallotementtype":"ALLOTTED","allotmentid":"YIND021010","allotment_date":1442255400000,"rate_of_allotment":6100,"lease_deed":"N","possession":"N","village_name":"Muradgarhi","khasra_no":"492,494","longitude":77.60461169,"latitude":28.22118245,"authority":"YEIDA","category":"industrial","execution_stage":"allotted"}},{"type":"Feature","geometry":{"type":"Polygon","coordinates":[[[77.603568,28.219467],[77.603569,28.219737],[77.603416,28.219738],[77.603415,28.219467],[77.603568,28.219467]]]},"properties":{"objectid":3395,"uniqueplotid":"PLNGINDUSTRIAL3395","plotmap_id":"SECTOR-32_567_GENERAL INDUSTRY_IND","plotidentificationnumber":"567","plotno":"567","industrysector":"SECTOR-32","block":"GENERAL INDUSTRY","plotsize":"450 SQMT","plotsize_at_the_time_of_allotme":"450 SQMT","landuse_type":"INDUSTRIAL","landuse_subcategory":"INDUSTRIAL","scheme_cod":"IND06","investment":4,"employment":13,"plotstatus":"Allotted","landallotementstatus":"SOLD","landallotementtype":"ALLOTTED","allotmentid":"YIND061283","allotment_date":1574361000000,"rate_of_allotment":6670,"lease_deed":"Y","possession":"Y","possession_date":1718217000000,"village_name":"Muradgarhi","khasra_no":"499,561,560","longitude":77.60349181,"latitude":28.21960219,"authority":"YEIDA","category":"industrial","execution_stage":"possession-recorded"}},{"type":"Feature","geometry":{"type":"Polygon","coordinates":[[[77.604316,28.222405],[77.604318,28.222946],[77.604012,28.222947],[77.604011,28.222406],[77.604316,28.222405]]]},"properties":{"objectid":3405,"uniqueplotid":"PLNGINDUSTRIAL3405","plotmap_id":"SECTOR-32_23_GENERAL INDUSTRY_IND","plotidentificationnumber":"23","plotno":"23","industrysector":"SECTOR-32","block":"GENERAL INDUSTRY","plotsize":"1800 SQMT","plotsize_at_the_time_of_allotme":"1800 SQMT","landuse_type":"INDUSTRIAL","landuse_subcategory":"INDUSTRIAL","scheme_cod":"IND06","investment":15,"employment":53,"plotstatus":"Allotted","landallotementstatus":"SOLD","landallotementtype":"ALLOTTED","allotmentid":"YIND061449","allotment_date":1574361000000,"rate_of_allotment":6670,"lease_deed":"N","possession":"N","village_name":"Muradgarhi","khasra_no":"490,486","longitude":77.60416423000001,"latitude":28.22267618,"authority":"YEIDA","category":"industrial","execution_stage":"allotted"}},{"type":"Feature","geometry":{"type":"Polygon","coordinates":[[[77.603439,28.217284],[77.60344,28.21751],[77.603317,28.21751],[77.603317,28.217285],[77.603439,28.217284]]]},"properties":{"objectid":3414,"uniqueplotid":"PLNGINDUSTRIAL3414","plotmap_id":"SECTOR-32_917_GENERAL INDUSTRY_IND","plotidentificationnumber":"917","plotno":"917","industrysector":"SECTOR-32","block":"GENERAL INDUSTRY","plotsize":"300 SQMT","plotsize_at_the_time_of_allotme":"300 SQMT","plot_size_as_per_lease_plan":300,"landuse_type":"INDUSTRIAL","landuse_subcategory":"INDUSTRIAL","scheme_cod":"IND02","investment":5,"employment":18,"plotstatus":"Allotted","landallotementstatus":"SOLD","landallotementtype":"ALLOTTED","allotmentid":"YIND021148","allotment_date":1442255400000,"rate_of_allotment":6100,"lease_deed":"Y","possession":"Y","possession_date":1699036200000,"village_name":"Muradgarhi","khasra_no":"568,567","longitude":77.60337825,"latitude":28.2173972,"authority":"YEIDA","category":"industrial","execution_stage":"possession-recorded"}},{"type":"Feature","geometry":{"type":"Polygon","coordinates":[[[77.603122,28.220225],[77.603123,28.220541],[77.60295,28.220541],[77.602949,28.220226],[77.603122,28.220225]]]},"properties":{"objectid":3417,"uniqueplotid":"PLNGINDUSTRIAL3417","plotmap_id":"SECTOR-32_463_GENERAL INDUSTRY_IND","plotidentificationnumber":"463","plotno":"463","industrysector":"SECTOR-32","block":"GENERAL INDUSTRY","plotsize":"595 SQMT","plotsize_at_the_time_of_allotme":"595 SQMT","landuse_type":"INDUSTRIAL","landuse_subcategory":"INDUSTRIAL","scheme_cod":"IND06","investment":5,"employment":17,"plotstatus":"Allotted","landallotementstatus":"SOLD","landallotementtype":"ALLOTTED","allotmentid":"YIND061345","allotment_date":1574361000000,"rate_of_allotment":6670,"lease_deed":"Y","possession":"Y","possession_date":1698604200000,"village_name":"Muradgarhi","khasra_no":"499,498,497","longitude":77.60303589,"latitude":28.220383430000002,"authority":"YEIDA","category":"industrial","execution_stage":"possession-recorded"}},{"type":"Feature","geometry":{"type":"Polygon","coordinates":[[[77.602083,28.220228],[77.602084,28.220544],[77.601911,28.220544],[77.60191,28.220228],[77.602083,28.220228]]]},"properties":{"objectid":3418,"uniqueplotid":"PLNGINDUSTRIAL3418","plotmap_id":"SECTOR-32_469_GENERAL INDUSTRY_IND","plotidentificationnumber":"469","plotno":"469","industrysector":"SECTOR-32","block":"GENERAL INDUSTRY","plotsize":"595 SQMT","plotsize_at_the_time_of_allotme":"595 SQMT","plot_size_as_per_lease_plan":595,"landuse_type":"INDUSTRIAL","landuse_subcategory":"INDUSTRIAL","scheme_cod":"IND06","investment":5,"employment":17,"plotstatus":"Allotted","landallotementstatus":"SOLD","landallotementtype":"ALLOTTED","allotmentid":"YIND061308","allotment_date":1574361000000,"rate_of_allotment":6670,"lease_deed":"Y","possession":"N","village_name":"Muradgarhi","khasra_no":"499","longitude":77.60199716,"latitude":28.22038587,"authority":"YEIDA","category":"industrial","execution_stage":"lease-recorded"}},{"type":"Feature","geometry":{"type":"Polygon","coordinates":[[[77.601851,28.217514],[77.601852,28.217739],[77.60173,28.217739],[77.601729,28.217514],[77.601851,28.217514]]]},"properties":{"objectid":3420,"uniqueplotid":"PLNGINDUSTRIAL3420","plotmap_id":"SECTOR-32_795_GENERAL INDUSTRY_IND","plotidentificationnumber":"795","plotno":"795","industrysector":"SECTOR-32","block":"GENERAL INDUSTRY","plotsize":"300 SQMT","plotsize_at_the_time_of_allotme":"300 SQMT","landuse_type":"INDUSTRIAL","landuse_subcategory":"INDUSTRIAL","scheme_cod":"IND02","investment":5,"employment":18,"plotstatus":"Allotted","landallotementstatus":"SOLD","landallotementtype":"ALLOTTED","allotmentid":"YIND021029","allotment_date":1442255400000,"rate_of_allotment":6100,"lease_deed":"N","possession":"N","village_name":"Muradgarhi","khasra_no":"565","longitude":77.60179205,"latitude":28.217629690000003,"authority":"YEIDA","category":"industrial","execution_stage":"allotted"}},{"type":"Feature","geometry":{"type":"Polygon","coordinates":[[[77.604674,28.221737],[77.604675,28.221962],[77.604553,28.221963],[77.604552,28.221737],[77.604674,28.221737]]]},"properties":{"objectid":3422,"uniqueplotid":"PLNGINDUSTRIAL3422","plotmap_id":"SECTOR-32_221_GENERAL INDUSTRY_IND","plotidentificationnumber":"221","plotno":"221","industrysector":"SECTOR-32","block":"GENERAL INDUSTRY","plotsize":"300 SQMT","plotsize_at_the_time_of_allotme":"300 SQMT","plot_size_as_per_lease_plan":300,"landuse_type":"INDUSTRIAL","landuse_subcategory":"INDUSTRIAL","scheme_cod":"IND02","investment":5,"employment":18,"plotstatus":"Allotted","landallotementstatus":"SOLD","landallotementtype":"ALLOTTED","allotmentid":"YIND021104","allotment_date":1442255400000,"rate_of_allotment":6100,"lease_deed":"Y","possession":"N","units_under_construction":"Y","village_name":"Muradgarhi","khasra_no":"490,491","longitude":77.60461369000001,"latitude":28.221849870000003,"authority":"YEIDA","category":"industrial","execution_stage":"construction-or-map-approval"}},{"type":"Feature","geometry":{"type":"Polygon","coordinates":[[[77.604175,28.218221],[77.604176,28.218491],[77.604023,28.218492],[77.604022,28.218221],[77.604175,28.218221]]]},"properties":{"objectid":3424,"uniqueplotid":"PLNGINDUSTRIAL3424","plotmap_id":"SECTOR-32_702_GENERAL INDUSTRY_IND","plotidentificationnumber":"702","plotno":"702","industrysector":"SECTOR-32","block":"GENERAL INDUSTRY","plotsize":"450 SQMT","plotsize_at_the_time_of_allotme":"450 SQMT","plot_size_as_per_lease_plan":450,"landuse_type":"INDUSTRIAL","landuse_subcategory":"INDUSTRIAL","scheme_cod":"IND07","investment":3,"employment":10,"plotstatus":"Allotted","landallotementstatus":"SOLD","landallotementtype":"ALLOTTED","allotmentid":"YIND071130","allotment_date":1625077800000,"rate_of_allotment":7010,"lease_deed":"Y","possession":"Y","possession_date":1707330600000,"village_name":"Chakbirampur","khasra_no":"137","longitude":77.60409908,"latitude":28.21835609,"authority":"YEIDA","category":"industrial","execution_stage":"possession-recorded"}},{"type":"Feature","geometry":{"type":"Polygon","coordinates":[[[77.602429,28.220227],[77.60243,28.220543],[77.602257,28.220543],[77.602256,28.220227],[77.602429,28.220227]]]},"properties":{"objectid":3429,"uniqueplotid":"PLNGINDUSTRIAL3429","plotmap_id":"SECTOR-32_467_GENERAL INDUSTRY_IND","plotidentificationnumber":"467","plotno":"467","industrysector":"SECTOR-32","block":"GENERAL INDUSTRY","plotsize":"595 SQMT","plotsize_at_the_time_of_allotme":"595 SQMT","plot_size_as_per_lease_plan":595,"landuse_type":"INDUSTRIAL","landuse_subcategory":"INDUSTRIAL","scheme_cod":"IND06","investment":5,"employment":17,"plotstatus":"Allotted","landallotementstatus":"SOLD","landallotementtype":"ALLOTTED","allotmentid":"YIND061361","allotment_date":1574361000000,"rate_of_allotment":6670,"lease_deed":"Y","possession":"Y","possession_date":1703183400000,"map_sanctioned_from_planning":"Y","village_name":"Muradgarhi","khasra_no":"499","longitude":77.6023434,"latitude":28.22038506,"authority":"YEIDA","category":"industrial","execution_stage":"construction-or-map-approval"}},{"type":"Feature","geometry":{"type":"Polygon","coordinates":[[[77.602595,28.221074],[77.602596,28.2213],[77.602473,28.2213],[77.602473,28.221075],[77.602595,28.221074]]]},"properties":{"objectid":3436,"uniqueplotid":"PLNGINDUSTRIAL3436","plotmap_id":"SECTOR-32_374_GENERAL INDUSTRY_IND","plotidentificationnumber":"374","plotno":"374","industrysector":"SECTOR-32","block":"GENERAL INDUSTRY","plotsize":"300 SQMT","plotsize_at_the_time_of_allotme":"300 SQMT","plot_size_as_per_lease_plan":300,"landuse_type":"INDUSTRIAL","landuse_subcategory":"INDUSTRIAL","scheme_cod":"IND06","investment":3,"employment":9,"plotstatus":"Allotted","landallotementstatus":"SOLD","landallotementtype":"ALLOTTED","allotmentid":"YIND061025","allotment_date":1574361000000,"rate_of_allotment":6670,"lease_deed":"Y","possession":"Y","possession_date":1717007400000,"map_sanctioned_from_planning":"Y","units_under_construction":"Y","village_name":"Muradgarhi","khasra_no":"496,497","longitude":77.60253422000001,"latitude":28.22118733,"authority":"YEIDA","category":"industrial","execution_stage":"construction-or-map-approval"}},{"type":"Feature","geometry":{"type":"Polygon","coordinates":[[[77.60149,28.219896],[77.601491,28.220031],[77.601186,28.220032],[77.601186,28.219896],[77.60149,28.219896]]]},"properties":{"objectid":3440,"uniqueplotid":"PLNGINDUSTRIAL3440","plotmap_id":"SECTOR-32_96_GENERAL INDUSTRY_IND","plotidentificationnumber":"96","plotno":"96","industrysector":"SECTOR-32","block":"GENERAL INDUSTRY","plotsize":"450 SQMT","plotsize_at_the_time_of_allotme":"450 SQMT","plot_size_as_per_lease_plan":450.25,"landuse_type":"INDUSTRIAL","landuse_subcategory":"INDUSTRIAL","scheme_cod":"IND07","investment":3,"employment":10,"plotstatus":"Allotted","landallotementstatus":"SOLD","landallotementtype":"ALLOTTED","allotmentid":"YIND071169","allotment_date":1625164200000,"rate_of_allotment":7010,"lease_deed":"Y","possession":"N","village_name":"Muradgarhi","khasra_no":"500,501","longitude":77.60133830999999,"latitude":28.21996351,"authority":"YEIDA","category":"industrial","execution_stage":"lease-recorded"}},{"type":"Feature","geometry":{"type":"Polygon","coordinates":[[[77.603641,28.220224],[77.603642,28.22054],[77.603469,28.22054],[77.603468,28.220225],[77.603641,28.220224]]]},"properties":{"objectid":3446,"uniqueplotid":"PLNGINDUSTRIAL3446","plotmap_id":"SECTOR-32_460_GENERAL INDUSTRY_IND","plotidentificationnumber":"460","plotno":"460","industrysector":"SECTOR-32","block":"GENERAL INDUSTRY","plotsize":"595 SQMT","plotsize_at_the_time_of_allotme":"595 SQMT","landuse_type":"INDUSTRIAL","landuse_subcategory":"INDUSTRIAL","scheme_cod":"IND02","investment":5,"employment":16,"plotstatus":"Allotted","landallotementstatus":"SOLD","landallotementtype":"ALLOTTED","allotmentid":"YIND021425","allotment_date":1442255400000,"rate_of_allotment":6100,"lease_deed":"N","possession":"N","village_name":"Muradgarhi","khasra_no":"497","longitude":77.60355526,"latitude":28.22038221,"authority":"YEIDA","category":"industrial","execution_stage":"allotted"}},{"type":"Feature","geometry":{"type":"Polygon","coordinates":[[[77.603195,28.217285],[77.603195,28.21751],[77.603073,28.217511],[77.603072,28.217285],[77.603195,28.217285]]]},"properties":{"objectid":3447,"uniqueplotid":"PLNGINDUSTRIAL3447","plotmap_id":"SECTOR-32_919_GENERAL INDUSTRY_IND","plotidentificationnumber":"919","plotno":"919","industrysector":"SECTOR-32","block":"GENERAL INDUSTRY","plotsize":"300 SQMT","plotsize_at_the_time_of_allotme":"300 SQMT","plot_size_as_per_lease_plan":300,"landuse_type":"INDUSTRIAL","landuse_subcategory":"INDUSTRIAL","scheme_cod":"IND02","investment":5,"employment":18,"plotstatus":"Allotted","landallotementstatus":"SOLD","landallotementtype":"ALLOTTED","allotmentid":"YIND021373","allotment_date":1442255400000,"rate_of_allotment":6100,"lease_deed":"Y","possession":"Y","possession_date":1715884200000,"village_name":"Muradgarhi","khasra_no":"568,567","longitude":77.60313384,"latitude":28.217397780000002,"authority":"YEIDA","category":"industrial","execution_stage":"possession-recorded"}},{"type":"Feature","geometry":{"type":"Polygon","coordinates":[[[77.603105,28.217953],[77.603106,28.218223],[77.602953,28.218223],[77.602952,28.217953],[77.603105,28.217953]]]},"properties":{"objectid":3458,"uniqueplotid":"PLNGINDUSTRIAL3458","plotmap_id":"SECTOR-32_786_GENERAL INDUSTRY_IND","plotidentificationnumber":"786","plotno":"786","industrysector":"SECTOR-32","block":"GENERAL INDUSTRY","plotsize":"450 SQMT","plotsize_at_the_time_of_allotme":"450 SQMT","landuse_type":"INDUSTRIAL","landuse_subcategory":"INDUSTRIAL","scheme_cod":"IND01","investment":3,"employment":12,"plotstatus":"Allotted","landallotementstatus":"SOLD","landallotementtype":"ALLOTTED","allotmentid":"YIND010654","allotment_date":1442255400000,"rate_of_allotment":6100,"lease_deed":"Y","possession":"N","village_name":"Muradgarhi","khasra_no":"565","longitude":77.60302899,"latitude":28.21808801,"authority":"YEIDA","category":"industrial","execution_stage":"lease-recorded"}},{"type":"Feature","geometry":{"type":"Polygon","coordinates":[[[77.603928,28.217283],[77.603929,28.217509],[77.603806,28.217509],[77.603806,28.217283],[77.603928,28.217283]]]},"properties":{"objectid":3460,"uniqueplotid":"PLNGINDUSTRIAL3460","plotmap_id":"SECTOR-32_913_GENERAL INDUSTRY_IND","plotidentificationnumber":"913","plotno":"913","industrysector":"SECTOR-32","block":"GENERAL INDUSTRY","plotsize":"300 SQMT","plotsize_at_the_time_of_allotme":"300 SQMT","landuse_type":"INDUSTRIAL","landuse_subcategory":"INDUSTRIAL","scheme_cod":"IND02","investment":5,"employment":18,"plotstatus":"Allotted","landallotementstatus":"SOLD","landallotementtype":"ALLOTTED","allotmentid":"YIND021227","allotment_date":1442255400000,"rate_of_allotment":6100,"lease_deed":"N","possession":"N","village_name":"Muradgarhi,Chakbirampur","khasra_no":"137,563,569","longitude":77.60386706000001,"latitude":28.217396060000002,"authority":"YEIDA","category":"industrial","execution_stage":"allotted"}},{"type":"Feature","geometry":{"type":"Polygon","coordinates":[[[77.601488,28.219084],[77.601489,28.219219],[77.601184,28.21922],[77.601184,28.219084],[77.601488,28.219084]]]},"properties":{"objectid":3462,"uniqueplotid":"PLNGINDUSTRIAL3462","plotmap_id":"SECTOR-32_90_GENERAL INDUSTRY_IND","plotidentificationnumber":"90","plotno":"90","industrysector":"SECTOR-32","block":"GENERAL INDUSTRY","plotsize":"450 SQMT","plotsize_at_the_time_of_allotme":"450 SQMT","landuse_type":"INDUSTRIAL","landuse_subcategory":"INDUSTRIAL","scheme_cod":"IND04","investment":4,"employment":13,"plotstatus":"Allotted","landallotementstatus":"SOLD","landallotementtype":"ALLOTTED","allotmentid":"YIND041058","allotment_date":1546972200000,"rate_of_allotment":6405,"lease_deed":"N","possession":"N","village_name":"Muradgarhi","khasra_no":"549,548","longitude":77.60133608,"latitude":28.21915177,"authority":"YEIDA","category":"industrial","execution_stage":"allotted"}},{"type":"Feature","geometry":{"type":"Polygon","coordinates":[[[77.602706,28.217286],[77.602706,28.217512],[77.602584,28.217512],[77.602584,28.217286],[77.602706,28.217286]]]},"properties":{"objectid":3463,"uniqueplotid":"PLNGINDUSTRIAL3463","plotmap_id":"SECTOR-32_923_GENERAL INDUSTRY_IND","plotidentificationnumber":"923","plotno":"923","industrysector":"SECTOR-32","block":"GENERAL INDUSTRY","plotsize":"300 SQMT","plotsize_at_the_time_of_allotme":"300 SQMT","plot_size_as_per_lease_plan":300,"landuse_type":"INDUSTRIAL","landuse_subcategory":"INDUSTRIAL","scheme_cod":"IND02","investment":5,"employment":18,"plotstatus":"Allotted","landallotementstatus":"SOLD","landallotementtype":"ALLOTTED","allotmentid":"YIND021049","allotment_date":1442255400000,"rate_of_allotment":6100,"lease_deed":"Y","possession":"N","village_name":"Muradgarhi","khasra_no":"565","longitude":77.60264502,"latitude":28.21739892,"authority":"YEIDA","category":"industrial","execution_stage":"lease-recorded"}},{"type":"Feature","geometry":{"type":"Polygon","coordinates":[[[77.604428,28.22107],[77.604429,28.221296],[77.604307,28.221296],[77.604306,28.22107],[77.604428,28.22107]]]},"properties":{"objectid":3464,"uniqueplotid":"PLNGINDUSTRIAL3464","plotmap_id":"SECTOR-32_359_GENERAL INDUSTRY_IND","plotidentificationnumber":"359","plotno":"359","industrysector":"SECTOR-32","block":"GENERAL INDUSTRY","plotsize":"300 SQMT","plotsize_at_the_time_of_allotme":"300 SQMT","landuse_type":"INDUSTRIAL","landuse_subcategory":"INDUSTRIAL","scheme_cod":"IND02","investment":5,"employment":18,"plotstatus":"Allotted","landallotementstatus":"SOLD","landallotementtype":"ALLOTTED","allotmentid":"YIND021402","allotment_date":1442255400000,"rate_of_allotment":6100,"lease_deed":"Y","possession":"N","village_name":"Muradgarhi","khasra_no":"492,494","longitude":77.60436727999999,"latitude":28.22118303,"authority":"YEIDA","category":"industrial","execution_stage":"lease-recorded"}},{"type":"Feature","geometry":{"type":"Polygon","coordinates":[[[77.602706,28.217512],[77.602707,28.217737],[77.602585,28.217737],[77.602584,28.217512],[77.602706,28.217512]]]},"properties":{"objectid":3468,"uniqueplotid":"PLNGINDUSTRIAL3468","plotmap_id":"SECTOR-32_802_GENERAL INDUSTRY_IND","plotidentificationnumber":"802","plotno":"802","industrysector":"SECTOR-32","block":"GENERAL INDUSTRY","plotsize":"300 SQMT","plotsize_at_the_time_of_allotme":"300 SQMT","plot_size_as_per_lease_plan":300,"landuse_type":"INDUSTRIAL","landuse_subcategory":"INDUSTRIAL","scheme_cod":"IND02","investment":5,"employment":18,"plotstatus":"Allotted","landallotementstatus":"SOLD","landallotementtype":"ALLOTTED","allotmentid":"YIND021346","allotment_date":1442255400000,"rate_of_allotment":6100,"lease_deed":"Y","possession":"Y","possession_date":1689013800000,"village_name":"Muradgarhi","khasra_no":"565","longitude":77.6026457,"latitude":28.217624410000003,"authority":"YEIDA","category":"industrial","execution_stage":"possession-recorded"}},{"type":"Feature","geometry":{"type":"Polygon","coordinates":[[[77.603721,28.219737],[77.603722,28.220008],[77.603569,28.220008],[77.603569,28.219737],[77.603721,28.219737]]]},"properties":{"objectid":3470,"uniqueplotid":"PLNGINDUSTRIAL3470","plotmap_id":"SECTOR-32_483_GENERAL INDUSTRY_IND","plotidentificationnumber":"483","plotno":"483","industrysector":"SECTOR-32","block":"GENERAL INDUSTRY","plotsize":"450 SQMT","plotsize_at_the_time_of_allotme":"450 SQMT","landuse_type":"INDUSTRIAL","landuse_subcategory":"INDUSTRIAL","scheme_cod":"IND06","investment":4,"employment":13,"plotstatus":"Allotted","landallotementstatus":"SOLD","landallotementtype":"ALLOTTED","allotmentid":"YIND061275","allotment_date":1574361000000,"rate_of_allotment":6670,"lease_deed":"Y","possession":"Y","possession_date":1715193000000,"village_name":"Muradgarhi","khasra_no":"499,498,497","longitude":77.60364538,"latitude":28.21987241,"authority":"YEIDA","category":"industrial","execution_stage":"possession-recorded"}},{"type":"Feature","geometry":{"type":"Polygon","coordinates":[[[77.604783,28.217281],[77.604784,28.217507],[77.604662,28.217507],[77.604661,28.217281],[77.604783,28.217281]]]},"properties":{"objectid":3476,"uniqueplotid":"PLNGINDUSTRIAL3476","plotmap_id":"SECTOR-32_906_GENERAL INDUSTRY_IND","plotidentificationnumber":"906","plotno":"906","industrysector":"SECTOR-32","block":"GENERAL INDUSTRY","plotsize":"300 SQMT","plotsize_at_the_time_of_allotme":"300 SQMT","landuse_type":"INDUSTRIAL","landuse_subcategory":"INDUSTRIAL","scheme_cod":"IND02","investment":5,"employment":18,"plotstatus":"Allotted","landallotementstatus":"SOLD","landallotementtype":"ALLOTTED","allotmentid":"YIND021066","allotment_date":1442255400000,"rate_of_allotment":6100,"lease_deed":"Y","possession":"Y","possession_date":1690482600000,"village_name":"Chakbirampur","khasra_no":"136,142,137","longitude":77.60472249,"latitude":28.217394050000003,"authority":"YEIDA","category":"industrial","execution_stage":"possession-recorded"}},{"type":"Feature","geometry":{"type":"Polygon","coordinates":[[[77.600652,28.222955],[77.599837,28.222957],[77.599835,28.222416],[77.60065,28.222414],[77.600652,28.222955]]]},"properties":{"objectid":3496,"uniqueplotid":"PLNGINDUSTRIAL3496","plotmap_id":"SECTOR-32_9/2,10,11_GENERAL INDUSTRY_IND","plotidentificationnumber":"9/2,10,11","plotno":"9/2,10,11","industrysector":"SECTOR-32","block":"GENERAL INDUSTRY","plotsize":"4800 SQMT","plotsize_at_the_time_of_allotme":"4800 SQMT","plot_size_as_per_lease_plan":4800,"landuse_type":"INDUSTRIAL","landuse_subcategory":"INDUSTRIAL","scheme_cod":"INDOPEN","investment":37,"employment":131,"plotstatus":"Allotted","landallotementstatus":"SOLD","landallotementtype":"ALLOTTED","allotmentid":"INDOPEN00010","allotment_date":1539714600000,"rate_of_allotment":6247.5,"lease_deed":"Y","possession":"Y","possession_date":1716229800000,"village_name":"Muradgarhi","khasra_no":"475,474,473,510,509,507,506","longitude":77.60024352,"latitude":28.22268537,"authority":"YEIDA","category":"industrial","execution_stage":"possession-recorded"}},{"type":"Feature","geometry":{"type":"Polygon","coordinates":[[[77.603693,28.222948],[77.604351,28.222946],[77.604355,28.224312],[77.603671,28.224314],[77.603667,28.222948],[77.603693,28.222948]]]},"properties":{"objectid":3497,"uniqueplotid":"PLNGINDUSTRIAL3497","plotmap_id":"SECTOR-32_4A_GENERAL INDUSTRY_IND","plotidentificationnumber":"4A","plotno":"4A","industrysector":"SECTOR-32","block":"GENERAL INDUSTRY","plotsize":"10128 SQMT","plotsize_at_the_time_of_allotme":"10128 SQMT","plot_size_as_per_lease_plan":10128,"landuse_type":"INDUSTRIAL","landuse_subcategory":"INDUSTRIAL","scheme_cod":"INDOPEN","investment":71,"employment":248,"plotstatus":"Allotted","landallotementstatus":"SOLD","landallotementtype":"ALLOTTED","allotmentid":"INDOPEN0007","allotment_date":1535481000000,"rate_of_allotment":5670,"lease_deed":"Y","possession":"Y","possession_date":1704825000000,"village_name":"Muradgarhi","khasra_no":"486,481,485","longitude":77.60401044,"latitude":28.223623980000003,"authority":"YEIDA","category":"industrial","execution_stage":"possession-recorded"}},{"type":"Feature","geometry":{"type":"Polygon","coordinates":[[[77.604623,28.222946],[77.605031,28.222945],[77.605038,28.224311],[77.604355,28.224312],[77.604351,28.222946],[77.604623,28.222946]]]},"properties":{"objectid":3498,"uniqueplotid":"PLNGINDUSTRIAL3498","plotmap_id":"SECTOR-32_4B_GENERAL INDUSTRY_IND","plotidentificationnumber":"4B","plotno":"4B","industrysector":"SECTOR-32","block":"GENERAL INDUSTRY","plotsize":"10128 SQMT","plotsize_at_the_time_of_allotme":"10128 SQMT","plot_size_as_per_lease_plan":10128,"landuse_type":"INDUSTRIAL","landuse_subcategory":"INDUSTRIAL","scheme_cod":"INDOPEN","investment":71,"employment":248,"plotstatus":"Allotted","landallotementstatus":"SOLD","landallotementtype":"ALLOTTED","allotmentid":"INDOPEN0006","allotment_date":1535481000000,"rate_of_allotment":5670,"lease_deed":"Y","possession":"Y","possession_date":1630002600000,"village_name":"Muradgarhi","khasra_no":"486,489,488,485","longitude":77.60470115999999,"latitude":28.22355226,"authority":"YEIDA","category":"industrial","execution_stage":"possession-recorded"}},{"type":"Feature","geometry":{"type":"Polygon","coordinates":[[[77.60118,28.217799],[77.598793,28.217805],[77.598789,28.217151],[77.601178,28.217145],[77.60118,28.217799]]]},"properties":{"objectid":3502,"uniqueplotid":"PLNGINDUSTRIAL3502","plotmap_id":"SECTOR-32_68 A_GENERAL INDUSTRY_IND","plotidentificationnumber":"68 A","plotno":"68 A","industrysector":"SECTOR-32","block":"GENERAL INDUSTRY","plotsize":"17020 SQMT","landuse_type":"INDUSTRIAL","landuse_subcategory":"INDUSTRIAL","investment":0,"employment":0,"landallotementstatus":"VACANT","landallotementtype":"VACANT","village_name":"Muradgarhi","khasra_no":"553,573,555,560,554,552,565","longitude":77.59977785,"latitude":28.21736835,"authority":"YEIDA","category":"industrial","execution_stage":"vacant"}}]}
